"draw","beta_0","alpha","tau2"
1,0.0775953103751575,0.434845123771305,0.0201065534786269
2,0.0760980413172567,0.423460407068035,0.0427687231989574
3,0.103204542524543,0.424922282537404,0.0337339853545497
4,0.120566457821403,0.422706117516959,0.0371192166508346
5,0.0897900273359277,0.440986435445752,0.0281870490462362
6,0.100698051893174,0.43818416964789,0.0187838053008752
7,0.0802674658416427,0.394166910848703,0.0329390876662112
8,0.11199583372575,0.387197744422969,0.046007860680568
9,0.0926114506178302,0.312695607249338,0.0486540122635811
10,0.0856818296004689,0.340774314854982,0.0392792829269296
11,0.108116353781971,0.445504922644544,0.0400977730774827
12,0.0954696870229243,0.435252114258117,0.035999122386282
13,0.0942846706742781,0.43924218705447,0.0325059551951967
14,0.0935760169126239,0.443832576030409,0.0337319758047711
15,0.107042309209323,0.431798128938972,0.0368995111983054
16,0.090686507513723,0.443519395806482,0.03987406111852
17,0.0908304952574257,0.425858413346503,0.0397373926747976
18,0.0894424967592591,0.431800324472306,0.0361379638926797
19,0.0968896010624975,0.436527444252378,0.0227943116252627
20,0.0845166100533978,0.483145001355301,0.0280940720256802
21,0.0845252645114636,0.434373569821865,0.0306834317946809
22,0.108392691584945,0.438335277007109,0.0373700106707575
23,0.0949920339627783,0.42234212556147,0.0288539412417546
24,0.103697643328239,0.443973358056004,0.0308528335319892
25,0.093230370984703,0.424542917298635,0.0831268162914887
26,0.098111073957013,0.43779840077785,0.0308677520767585
27,0.067076535900339,0.44642319019195,0.0373951455634115
28,0.128506330538595,0.43409437463689,0.0384013464478452
29,0.100325912663303,0.430517383921577,0.0339443366687623
30,0.104265848666855,0.42674035001931,0.0282502414095785
31,0.0966385179455707,0.407224760611992,0.0384827661081722
32,0.0944800254860682,0.424351809324906,0.034021193778752
33,0.090683423700587,0.423646824575666,0.0456785676005749
34,0.0801128913663958,0.427931459566027,0.0339576294497645
35,0.0826821660937862,0.43461897948455,0.0342660321346701
36,0.108286349158301,0.42827133903675,0.0381223510627593
37,0.0875919169229832,0.441734992737026,0.0341987255217756
38,0.0971307310987707,0.439527606034179,0.0495610064096794
39,0.115340530218339,0.431194921399563,0.0460343224115149
40,0.0898183981940271,0.431652493844567,0.0334805407908952
41,0.105640925672895,0.423578836323182,0.0311300593538317
42,0.0846518332904787,0.423154725935224,0.0383359070935322
43,0.0862831387031564,0.451440933785293,0.0389495792645069
44,0.0932812846196908,0.445638020768721,0.0315132939462539
45,0.10183363692916,0.440810402464109,0.038186934146864
46,0.0730435222592844,0.452095929771363,0.034087133626194
47,0.0974354189448069,0.43634970427805,0.0442362576117248
48,0.0899212949135416,0.452787524626719,0.051739255509334
49,0.0982381742795528,0.433993616594521,0.0386944168877338
50,0.119548959761854,0.426627558026326,0.0324702854528522
51,0.110443573967002,0.304624076610969,0.058405178531673
52,0.0761644829135206,0.282576498362002,0.0533249080357994
53,0.0808730943740376,0.331897232051038,0.0502346873848383
54,0.0964281466490254,0.323718692737492,0.0439631398110479
55,0.12250212374321,0.394554660878297,0.0568747010957014
56,0.112026015561506,0.441015155551176,0.0611710465984018
57,0.0848613828613686,0.434667869695482,0.0293937922987997
58,0.079547083328005,0.437417516403168,0.0452882541986004
59,0.0922658461461208,0.42374624142472,0.0389538081574481
60,0.0965538050091174,0.422602413160551,0.03028159561975
61,0.0887972023554157,0.424317780783937,0.0482780033001052
62,0.0990492592412714,0.43281354768058,0.0290154396300996
63,0.103527964657657,0.43768251545263,0.0298141969778776
64,0.10065808189805,0.446641048073426,0.039494537706655
65,0.108448123960314,0.453910488343885,0.0294502702134275
66,0.0849845327362471,0.447268664748617,0.0376602385790718
67,0.107529197651407,0.437301914023235,0.0512862277737063
68,0.0756706583350925,0.4248054607314,0.0340847449088366
69,0.088577818798309,0.446013898550892,0.0432454545528932
70,0.103519082946992,0.443341090650798,0.0255062426585719
71,0.110863939255369,0.443310235005661,0.0301204502541806
72,0.0921668159375833,0.436080049198219,0.0399914254131752
73,0.0990678871350198,0.434055296149659,0.038527554898021
74,0.109084140331079,0.433274218995199,0.0310501301158403
75,0.0975083654941817,0.443782600939636,0.0389219610553127
76,0.102334550805581,0.422891540258056,0.039771247852118
77,0.0986119278279473,0.449177224946513,0.0193903099624495
78,0.0837529325418742,0.425270069359296,0.0257294037927646
79,0.0928531251025392,0.453800446128207,0.0279268290165482
80,0.0833759222185545,0.435546781235842,0.0359637270164373
81,0.100754608379088,0.458520515920495,0.0432273754881024
82,0.0931893849490706,0.431731932621305,0.0533186963533289
83,0.0926183809549114,0.434059802706439,0.0399683877410344
84,0.101838330139115,0.439268681664949,0.0593474688020275
85,0.0913710706892372,0.440618621698474,0.0277480719618947
86,0.108819320018198,0.447377484068014,0.0487407296687281
87,0.0954205135999156,0.440323735089907,0.034580327918133
88,0.111691798341637,0.430262965716668,0.0318045406071371
89,0.0913613010026504,0.424512531727474,0.0298024101034199
90,0.0860873090121642,0.437982356678306,0.0560620774946348
91,0.0914201682155886,0.43079924148273,0.0501000254998333
92,0.0965953693530349,0.423687310180271,0.0246811782924828
93,0.108427809647971,0.439098485553014,0.0290460996200309
94,0.0989003387757749,0.44698253486794,0.0259574245181175
95,0.0899537915099738,0.441872820885684,0.0303086161664522
96,0.0918703067479628,0.442031552886053,0.0507817898773251
97,0.123910903537401,0.444411710958665,0.0529010260842676
98,0.077517218658115,0.451824239605771,0.0243744467930336
99,0.0958728318807818,0.447284966238932,0.0273995223889374
100,0.0969195923908983,0.424730890330658,0.027715377123789
101,0.10572748010104,0.460958005049089,0.0277361581362888
102,0.0957936632693464,0.424521716423023,0.0565071165641902
103,0.0822934886095009,0.413330108212,0.0425121537413639
104,0.0905944854516337,0.42861310855074,0.025595922303704
105,0.0593049706929162,0.428035254585014,0.0423300651730804
106,0.090885822664267,0.428402810437988,0.0387600908183035
107,0.102433227555557,0.422394516404208,0.036435606364649
108,0.100514338755878,0.331604375346533,0.04169438624345
109,0.122785595711779,0.270257101287606,0.0631316074576223
110,0.122785595711779,0.244658456619636,0.0642272499503152
111,0.114476340270377,0.312959659109024,0.0693095879145962
112,0.0975473203065756,0.295250094593599,0.0704627587402585
113,0.0969619089445019,0.344664637548388,0.0395166093850422
114,0.0881098211553779,0.423817395871325,0.0268450295174459
115,0.0881098211553779,0.429682757512817,0.049334437842428
116,0.0949362235447722,0.44688596365663,0.0557300558456641
117,0.0914113912568831,0.460416021242528,0.04645347177919
118,0.0847197705422138,0.44450428249336,0.0414480067151595
119,0.0903373714187247,0.45057292578653,0.0230862009410904
120,0.0981241406715519,0.446281374997765,0.0325485906932852
121,0.094161013425957,0.437762044643096,0.0443685060200253
122,0.102410288493865,0.432979636150458,0.0271259717744965
123,0.101471788442244,0.408719835373609,0.0397184847193042
124,0.0917333786998328,0.40355393462293,0.0466579413269722
125,0.0894180783670695,0.44427197684513,0.0230668463137563
126,0.0984627418115545,0.423016172641976,0.0290106458450393
127,0.0918657313440654,0.472897490787565,0.0298884288836164
128,0.131999089232039,0.428463143867627,0.0318294014639839
129,0.131999089232039,0.434503725873541,0.0318868316330951
130,0.0890188970584713,0.402571456256455,0.0260346699989956
131,0.0946882810674172,0.489612200413526,0.0432907352038937
132,0.10452640567792,0.453057988713274,0.025574604283607
133,0.110608539920171,0.441277336716822,0.0268223159109946
134,0.118872452875548,0.330310001529676,0.0390083497417691
135,0.0940929369457167,0.312197739398483,0.0520848208386337
136,0.0919144852152442,0.343974192296463,0.040639089111859
137,0.0902551653373909,0.245762694170625,0.0358463666781235
138,0.0729742552308162,0.350158793251731,0.0524743928512322
139,0.0993016824269084,0.437477576181219,0.0373922926484654
140,0.104529505065568,0.450439060275644,0.023065132091361
141,0.086385742667916,0.439034554287221,0.0474498776228522
142,0.0892277182404704,0.39526928381749,0.0577598362374776
143,0.0817105782051123,0.443304860150532,0.0489750385379635
144,0.0978773433178947,0.425662604030103,0.0573799266965408
145,0.0899765827843124,0.440655487948863,0.0452544742298874
146,0.100979940686109,0.446143326777194,0.027648942375387
147,0.095373740725515,0.427071835800414,0.0424063834636001
148,0.0928981261532814,0.438760264930574,0.0398693998358008
149,0.107464176318731,0.445606997023861,0.0366152043890394
150,0.0873452864711087,0.441831399321855,0.0361124218038526
151,0.114513291258984,0.438358107582394,0.0477411697423796
152,0.0687836475405353,0.443213381947967,0.0431646299663504
153,0.0975109807848722,0.445405239464062,0.0262744376966315
154,0.0915584454338254,0.451649661092386,0.0288883292153173
155,0.0736448369040546,0.480619142119424,0.0804593524824177
156,0.0759048357836403,0.440388575463131,0.0299510188273837
157,0.102400792863521,0.43148786986369,0.0387996193322931
158,0.0952321215918535,0.44642664757488,0.0216350252763431
159,0.098553813526102,0.429523034074035,0.0271642292526633
160,0.104039895996124,0.443980387736313,0.0458418625096095
161,0.0923785647683118,0.439030748798395,0.0471188588031567
162,0.102995299892198,0.45010281785338,0.0286506029355704
163,0.0915726988049974,0.443837028753896,0.0330130728844013
164,0.0856466484643253,0.45671436631348,0.0272739852243448
165,0.0881428467907435,0.43336908507204,0.0340750512808228
166,0.0828127781894275,0.439096323902436,0.0305141758777174
167,0.0902065159921741,0.433068375480721,0.0415761199131042
168,0.0956237475105976,0.45774733353364,0.0312383032188884
169,0.120237870999431,0.441469014787926,0.0346387768377446
170,0.0978022382347031,0.443150805350174,0.0318269546062412
171,0.0754382542137921,0.437000802873876,0.0315305051563496
172,0.090780117710648,0.445775874335786,0.0357948648700743
173,0.0999482010746653,0.438315496026955,0.0306529035021075
174,0.0876907867085899,0.405020480725551,0.0456577465530248
175,0.121456719055379,0.445147421246633,0.0263330906368243
176,0.0889362461501199,0.461041532007717,0.0304318302928368
177,0.068997686556445,0.44264223375817,0.0477530764227885
178,0.126609043819245,0.436831505317003,0.0437530480127586
179,0.0880291691523264,0.444295463493217,0.0373276215400626
180,0.105463853768712,0.400771440896499,0.0244597948394453
181,0.110709947308413,0.427122686387987,0.0403396064214439
182,0.109525647348736,0.437907421667258,0.028264933212136
183,0.0967972376627985,0.447235403324631,0.0465746208154595
184,0.106193281759225,0.440066600085905,0.0405465980186066
185,0.108630269444252,0.445030535361769,0.0229502848213272
186,0.0875768163208374,0.433903353126813,0.0401476691118874
187,0.0808554142485858,0.450636011489658,0.0312355631859587
188,0.100606236677499,0.448645186362868,0.0279371676192556
189,0.104313158821715,0.422156504737102,0.0409955732103798
190,0.0981767822093308,0.418028684988901,0.0445463955881757
191,0.0846221641952075,0.436452132842506,0.0484518796683644
192,0.0834882235674577,0.443693941327749,0.0426478557041723
193,0.0715537864820435,0.449547603014492,0.0504839907939764
194,0.0897691392365974,0.440448296659176,0.0521460181412435
195,0.109677408740871,0.436429138489214,0.0410696952784795
196,0.101757205738687,0.401394135596769,0.0568332936547081
197,0.106606128844525,0.410935201755681,0.038145369292742
198,0.0817360146141321,0.427682981660017,0.0401825756687564
199,0.106156555213912,0.44474395543029,0.0293990505219518
200,0.0885532511367159,0.435636910530731,0.0325749411722932
201,0.0997599352270362,0.452917981538855,0.0341924874256236
202,0.10678008513835,0.444848517610555,0.0342956516938303
203,0.0993466387142823,0.457687978365312,0.0334251827107542
204,0.0924136675992658,0.444693052991667,0.0281873251654534
205,0.100972686328671,0.461570185646995,0.0488766672968456
206,0.113954341163916,0.42410768669605,0.0340274716030751
207,0.0981433667576098,0.461003534376031,0.0317668496268086
208,0.0983673192905215,0.444364625401558,0.0403501274378467
209,0.102158906668038,0.42836678946226,0.024861948735484
210,0.0870055490501379,0.445972003641818,0.0361323282521817
211,0.0948565244716187,0.428545476554089,0.0253076202371606
212,0.0972569485428117,0.33178055595812,0.0599803609517086
213,0.0791929884720923,0.441949105354383,0.0419099511458637
214,0.111761964509498,0.446075149189787,0.0263913205981932
215,0.084864752136262,0.425494640437632,0.0321789192540115
216,0.120094282408383,0.426495974171135,0.0359429186508369
217,0.0861800822574936,0.450760359910013,0.0284132709213307
218,0.0892319625791299,0.441570586736235,0.0306306355522715
219,0.0861080536734427,0.423851802052882,0.0473390036457873
220,0.103126142137851,0.422914295729323,0.0356255748130125
221,0.108500226126465,0.424177052934142,0.0318611673984479
222,0.0894297721236882,0.438828115833889,0.0326901048538515
223,0.108336072280463,0.428065553402172,0.030295563767645
224,0.114010468985517,0.422472932277471,0.0306273901663071
225,0.106812522183952,0.437650964895941,0.0585994721865955
226,0.0839682525213642,0.443296641640897,0.0343103871915456
227,0.0777896238985451,0.461159181381601,0.0251542827299039
228,0.108397261834514,0.44544025872931,0.048482293521066
229,0.108425948144502,0.429138476971907,0.0288556897174885
230,0.0892922954834556,0.422835993095098,0.037096991297162
231,0.107249224663076,0.441601215792396,0.0230281570133949
232,0.0806373170279399,0.434602655597585,0.0319630160125987
233,0.0946640207216639,0.425286677302991,0.0276223027458535
234,0.0800119611198744,0.443269733368525,0.0224966919552421
235,0.0934655183232439,0.43451465126925,0.0341347052735025
236,0.0910811148189213,0.460271814599081,0.0355563462436527
237,0.0807805589083857,0.437695644342182,0.0430949606120763
238,0.1031120497431,0.449610018505195,0.019440491112373
239,0.103561847420345,0.425064244523519,0.0460631288203213
240,0.108111088079286,0.427352687085109,0.0559280343088481
241,0.0922972256240666,0.437304517407791,0.0342747547864509
242,0.08225349059967,0.431413335074952,0.0522723472263433
243,0.112316695709996,0.458361350235356,0.0401175214760216
244,0.0936499561176091,0.434790870863685,0.0295239445670643
245,0.11141510674293,0.406775479985486,0.0379459726231926
246,0.094083657617324,0.445522851491764,0.0358711135391103
247,0.100292884530274,0.442088198466441,0.021390045355074
248,0.0821067991368246,0.450816868969894,0.0472957779093237
249,0.0979969225644324,0.438414173663129,0.0175409813568616
250,0.105290382582462,0.429522055261145,0.0360027828459659
251,0.114388171593737,0.425802845208374,0.0234795422367473
252,0.0908830793698043,0.438098630929292,0.0342932285365559
253,0.0761898578649506,0.423191668054683,0.041619821166103
254,0.085268783851302,0.44264281163281,0.033783869884496
255,0.0984603799895283,0.424792510303386,0.025318862058191
256,0.112488723856246,0.426236825737587,0.0474917288872289
257,0.0912826491937061,0.432218185374628,0.038985162522922
258,0.102510993350361,0.446028834935114,0.0286291452122503
259,0.0974433449834761,0.397818479391194,0.0395726199084209
260,0.109486083060097,0.433476281592606,0.0346767741230272
261,0.0973290983534428,0.44440768180297,0.0384483208463388
262,0.0736861526898302,0.437117570117769,0.0396592971332284
263,0.1056422612824,0.446334172460967,0.0398167133628749
264,0.094373928543066,0.444545578077695,0.032955518369515
265,0.105007124358449,0.426719465804834,0.0416146739609721
266,0.0948236296982066,0.444325104482169,0.0271486096113011
267,0.0741471684109423,0.461193891538997,0.0397128982702972
268,0.0908871228091142,0.44538367280709,0.0604780373507769
269,0.102673630789072,0.457163254897224,0.0282140833082436
270,0.107976666066417,0.454779680632189,0.0249233038537251
271,0.0905977051387344,0.430927284859767,0.0374606206471385
272,0.0791763324712161,0.460919827101837,0.0367724968301988
273,0.0943637465376549,0.426211425594796,0.0302662826541776
274,0.0933327164453111,0.4697702483762,0.0231960428121145
275,0.102947401589205,0.428323144653475,0.0280470625339615
276,0.101482299405106,0.427135039748377,0.0310746130157312
277,0.100346104081476,0.437557035165555,0.0410951753110122
278,0.0997969899621263,0.443956204964472,0.0379147922248112
279,0.112818051604156,0.444754703747016,0.0298449936015006
280,0.0929907630376772,0.373175748395076,0.0530982564075039
281,0.104594285925551,0.423399089722255,0.0231973470032711
282,0.0972736518333451,0.438371764953546,0.0349862941485589
283,0.106629957489277,0.438705422267221,0.0461029879801542
284,0.0913536152073593,0.44160063941362,0.0499952350329366
285,0.102650786079155,0.428135273176394,0.0241201726220457
286,0.0822643705348847,0.426739574617202,0.0434268352586092
287,0.0857351709481136,0.427981847077002,0.0387979506543767
288,0.0840951281098681,0.422565112807759,0.0312030194887652
289,0.11332541873484,0.444718677730608,0.0428344287893499
290,0.0867594150282868,0.43314479369201,0.0419556621684775
291,0.0896467120015308,0.426961606790753,0.0430807030937493
292,0.0762543917022827,0.460471001185603,0.0244434269985279
293,0.0958812093188258,0.432661542745958,0.0345265998983038
294,0.112690842702387,0.438230692756297,0.0331566581322429
295,0.089159733700837,0.441155463987797,0.0271851736516459
296,0.0952278781721777,0.440048884698506,0.0358815640179758
297,0.10009826299066,0.426320757651887,0.0390636261448694
298,0.0981048481732962,0.434306824109667,0.0305554519514209
299,0.111958210673817,0.457685766502529,0.0198224681173818
300,0.124400842531778,0.412731819670011,0.0390734860561885
301,0.1134493700545,0.445343802467526,0.0366198219113286
302,0.0868373967683155,0.441258979952553,0.047038161827509
303,0.0976612448730501,0.393634088378397,0.0367330547474537
304,0.10294354656803,0.425624362305132,0.0307468701155723
305,0.0906648479488024,0.446786393239652,0.0355157398898249
306,0.0921557457479872,0.450816159629846,0.0313837402049379
307,0.0971353829779049,0.41834207383947,0.0457214579680933
308,0.0974108239304906,0.428409648241701,0.0278557917173086
309,0.0901689316875419,0.4341553885831,0.0312016060471388
310,0.105970132618561,0.440221624126418,0.0309953534538644
311,0.096967222149294,0.438392232732789,0.023874504521052
312,0.0922539907895352,0.438862585412939,0.0451578770031723
313,0.107916889735013,0.416840721865643,0.0406228863192683
314,0.0864851324939041,0.444696081354985,0.0438693692600968
315,0.0977729777983919,0.434653829790965,0.0436965784116355
316,0.0697964322718858,0.42878664719238,0.0285666334502123
317,0.0734278054426457,0.386097713343135,0.0664332532288486
318,0.0804936063838081,0.430044902246541,0.0321252952573475
319,0.0895002346300986,0.45151858950859,0.0243186341477617
320,0.0705064534567977,0.411965671462756,0.0336063337917873
321,0.106987796140825,0.42670601355455,0.0507751192141261
322,0.0916759059971619,0.426759034002687,0.0368262530192664
323,0.118302752712357,0.448493682992454,0.0253589325293633
324,0.0788543964217552,0.460363829718286,0.0339587521889781
325,0.102548390085425,0.431783587737464,0.0398335921338863
326,0.0798910817815881,0.433848342585703,0.0349693260064221
327,0.0913260025304579,0.423241854085348,0.0441628385581854
328,0.0918296836871014,0.432806394781364,0.0211572284380427
329,0.0915237797127454,0.458764586608573,0.0197711459528975
330,0.0939378504912913,0.435883047870809,0.0418250310191149
331,0.0721001563069327,0.431446668410451,0.0813387289773117
332,0.09958018961415,0.431651684236468,0.0275182784123567
333,0.0904410760577439,0.437173077301314,0.0426681799057816
334,0.0974154407383057,0.434034852660576,0.0389607926721543
335,0.0993600609163406,0.435956565841163,0.0444722728089481
336,0.113614935290313,0.453353294346655,0.0340692288006934
337,0.106603373624298,0.450658303176351,0.0315576936422566
338,0.111513518653167,0.424666080784618,0.0313265488849302
339,0.0774861350315799,0.459985093069947,0.0296633414112274
340,0.104847635321191,0.446757568833216,0.0331888364447886
341,0.11424468736299,0.429238846900022,0.0350872826254064
342,0.100923575093689,0.425017166350308,0.0328874272215058
343,0.0984851680785492,0.404559601251437,0.0427330112124468
344,0.0994414997322125,0.430233044381484,0.0428136812232504
345,0.100160165211474,0.423553662792893,0.0595542356424027
346,0.0558383678388939,0.427523723562002,0.0477638470245664
347,0.0558383678388939,0.429633844696718,0.0296698284893004
348,0.10971686922925,0.430626249858233,0.0261434485326363
349,0.0944996982212622,0.423140742858977,0.0316930983051292
350,0.116067908294314,0.415994445697957,0.0378247988210469
351,0.131615020686086,0.435928376641865,0.0481658525440893
352,0.107939446536425,0.460984359201586,0.0422750958619998
353,0.0842149016105996,0.473096161402666,0.0341393756572997
354,0.0973176681131262,0.431232411821349,0.0296091523129469
355,0.115198979467873,0.446751134456165,0.045326963395277
356,0.103020465291154,0.457635695122279,0.0358903292004725
357,0.0866604724453338,0.426655558175329,0.026229400755256
358,0.07661328859514,0.460890272767692,0.0465260920472895
359,0.0760715267685019,0.435908594503721,0.0295624570528171
360,0.0975052128104684,0.460099418407603,0.031675427377721
361,0.0974732398536859,0.442786552162511,0.0425042213082707
362,0.104835473705281,0.462780075361713,0.0350055150150733
363,0.0862045834956879,0.392090274703227,0.0403752317553024
364,0.121420496459366,0.259513566432899,0.0461718934517418
365,0.0878988060873381,0.28103623971102,0.0644596312663912
366,0.0927522914954198,0.317758556004382,0.0598727581071131
367,0.0912947866376251,0.321618008265073,0.0516921421898238
368,0.0894412614622923,0.238462315912528,0.0845215939002142
369,0.090184419223069,0.263128967918717,0.0537879020333212
370,0.110545497440451,0.281753072907513,0.051438905919508
371,0.0863182649401732,0.164093224546495,0.0885012773442727
372,0.0835091248160615,0.303177307314195,0.0553446994212414
373,0.0954955437898605,0.390351724508629,0.040480701953602
374,0.10185043160567,0.432506698026296,0.0395091111841539
375,0.10362982246274,0.422039870760783,0.038924304213554
376,0.0885810630244428,0.480619001983415,0.0306810232481734
377,0.0871104734820948,0.423664457481776,0.030142464242112
378,0.0784112139511991,0.42359294032062,0.0379749597888449
379,0.110341608567053,0.444205311786596,0.0355854173586806
380,0.107612152337071,0.440876124170076,0.0309561535458485
381,0.0867961672331324,0.427497896041911,0.044980903530259
382,0.0986426331667393,0.436915175458118,0.022491943345648
383,0.104483817337705,0.444449333594649,0.0369194154010023
384,0.106100486721449,0.438383535900335,0.0269865916679524
385,0.0950153985001406,0.422484069323048,0.0488951907903692
386,0.0734351320992246,0.43397077123704,0.0279005503382662
387,0.091233047900292,0.441593193922418,0.0289968011783539
388,0.07585356751617,0.425357587473808,0.0398627444146207
389,0.108765638098498,0.427258754947972,0.0351274537157003
390,0.114225268888008,0.441044244473103,0.0405862168492275
391,0.068444080974979,0.439901345522465,0.0405857755096959
392,0.068444080974979,0.425455446522584,0.037665955580726
393,0.105975986305848,0.431758054111584,0.0230904015452927
394,0.107151350116377,0.428401376721678,0.0316467304976147
395,0.096474604377624,0.424576330494267,0.0285487626923988
396,0.0908990023758456,0.445803336175426,0.028203528926561
397,0.0904397100634675,0.430561881327333,0.049984509665805
398,0.105826030568451,0.410891294188125,0.0385349126469407
399,0.102472272427019,0.451999185425257,0.0302483400827036
400,0.0835817938625627,0.452259030346167,0.0241621424999731
401,0.102449722990265,0.446175401976216,0.0261469220295528
402,0.0811635032676395,0.459477804265698,0.0269848303703169
403,0.0840289723623088,0.455279037571026,0.0435241403983766
404,0.0785118874467549,0.429115261733532,0.0347479739572432
405,0.0839871311770256,0.445812674490247,0.0455380872264239
406,0.0937843341525322,0.432389684658099,0.0293383911560321
407,0.0931994964047519,0.424441275501997,0.0368649613251976
408,0.106475173724695,0.454233097185695,0.0271539065803355
409,0.100301471219167,0.426738893666128,0.0336940746011477
410,0.0901252265505751,0.423949345254644,0.0379777579277248
411,0.0984684915003867,0.433469682202013,0.0809381757329066
412,0.094439445146699,0.432893461236472,0.0283750690841377
413,0.082169279376191,0.461215634761939,0.0530363531356657
414,0.112857336663092,0.442186994854035,0.0319108014856996
415,0.0818675880448151,0.430495295849265,0.0341786472798368
416,0.0926363572175368,0.430916085305554,0.0276365948046355
417,0.100943527529246,0.42477325681028,0.0323981749648481
418,0.102479858492968,0.423495136731206,0.0381863566013396
419,0.093627910623781,0.454477642821346,0.0248188885076202
420,0.103371824111432,0.446637784439778,0.0257510451687259
421,0.12281884785428,0.436146322824613,0.035509694463075
422,0.115525004179298,0.42657765376482,0.047838615318132
423,0.10951959298832,0.445948194470289,0.0239676573266434
424,0.0938256165230928,0.425307212146494,0.0312790262364293
425,0.0850238250953352,0.442111176340145,0.0331651765251485
426,0.081330039693409,0.442132675316226,0.03325346758534
427,0.0756601096373858,0.445380272816449,0.0326318196589107
428,0.08372340009043,0.431687169601793,0.0330911027051893
429,0.0926811658739978,0.438044282489246,0.0180036432185989
430,0.114965422472864,0.302442277855638,0.0449193638313856
431,0.117623160419582,0.269807831617161,0.0599835538814898
432,0.114338404610505,0.238398629217418,0.0828936976626885
433,0.122991332696664,0.247406366926628,0.0480802569092822
434,0.100890973235127,0.24732553084781,0.0729102322059702
435,0.0623753866643852,0.370448594960427,0.0450331749500475
436,0.0743908113974689,0.427001671884091,0.0239409762105402
437,0.092971896254408,0.430098210153615,0.0339428588746515
438,0.0876822529570938,0.435433935010505,0.0554274305931562
439,0.104014083791886,0.44552427795166,0.0298815789169933
440,0.0850927042240834,0.429160399526579,0.0294319321431644
441,0.0887601618070268,0.447157088399775,0.0451084342056036
442,0.118507917430124,0.446024224257558,0.0280160709403014
443,0.0848737812765387,0.454761691353034,0.0303893159019841
444,0.110207441177775,0.432680329996604,0.0463305428553005
445,0.119051890001093,0.42277133767686,0.0432939526796135
446,0.0900923716466954,0.442080504735652,0.0313128562293781
447,0.0814601415053722,0.430894487102204,0.0440260570909355
448,0.089991306307644,0.435162872456212,0.0465727708926606
449,0.0925967231986108,0.310851403965371,0.0688539708835516
450,0.105243520629244,0.37420411829045,0.0563019249608308
451,0.111423317431876,0.444843134770678,0.0311801810780191
452,0.0999117344008107,0.422182460353746,0.0383082062131986
453,0.0927362650361277,0.424465330317704,0.0328583190685016
454,0.0975639326061327,0.431832246458909,0.0278104516356314
455,0.0682210668812112,0.446704534900025,0.046168849390905
456,0.0885694627152922,0.423065721052259,0.0351452279366212
457,0.0679855539690878,0.440750457029048,0.0387628167166408
458,0.107307061609198,0.425389998445193,0.0434727735059025
459,0.0756556773361712,0.436313606467512,0.0409329363459891
460,0.109971872621834,0.388759276118222,0.0437083071533316
461,0.105985083115418,0.445989645355284,0.0384962232208711
462,0.0865147282985635,0.432759876536223,0.0427255664089451
463,0.0885218880668815,0.435921590749858,0.0267252873065508
464,0.08891501260228,0.43451136945751,0.0294330349650807
465,0.10114005835274,0.378951432792962,0.0357312410296756
466,0.0882367283037238,0.449044017707474,0.0217323544651654
467,0.0840827622379519,0.445199151906216,0.0463329791694707
468,0.103009384143132,0.439856048180308,0.045016415399279
469,0.0783743551910881,0.45798559475316,0.0252850194078136
470,0.063233337415913,0.573855149721314,0.0370471705660695
471,0.063233337415913,0.699792761985747,0.0372902614156603
472,0.0709430242398571,0.657272510368643,0.0170375750635867
473,0.0921919608718553,0.584792606986566,0.0181903241455618
474,0.0827353574685402,0.710537133800725,0.0167827624420955
475,0.0853360614695362,0.594072329537144,0.0322752200875697
476,0.100069949085983,0.654637221256639,0.0332595960939685
477,0.0872987153650375,0.667447945429867,0.025422642421011
478,0.0922904219072809,0.591499891309813,0.0218815774710972
479,0.116481248069111,0.686925478742181,0.0197774807205311
480,0.104649754309611,0.665121807074265,0.0170210880320566
481,0.0949466287696272,0.688283853944209,0.016994327929318
482,0.0863321579098953,0.691123224304258,0.0214021238067751
483,0.0988986374400238,0.688334326517686,0.0179610253930321
484,0.0747086147648617,0.62349365798207,0.0211566370446305
485,0.0914590437221307,0.604908950382888,0.0145336500996507
486,0.117045743070501,0.685343440880857,0.0346826629249533
487,0.0920655153597056,0.708665363317475,0.0276651251536227
488,0.0961207332674846,0.685104335185094,0.0220269306552511
489,0.103899036253902,0.68251907183872,0.021044427852463
490,0.0879000855193991,0.712435771797622,0.0307227465975053
491,0.0979596337907418,0.680340218224794,0.0185039295975269
492,0.0996400696475766,0.692260408552197,0.0205685565070909
493,0.084288661621868,0.634950331445315,0.023455407415201
494,0.09755628491856,0.623153934725332,0.0143182251579619
495,0.102029331103147,0.624069751691778,0.0200456887367104
496,0.0794682750295078,0.646167977757287,0.0299216591520202
497,0.077762074863328,0.651330256808882,0.0160962366916709
498,0.0808149210845379,0.60678939720336,0.0246140278468663
499,0.0899246394918434,0.669115899661183,0.0264081977377588
500,0.105650903654625,0.696967656570182,0.0217481332357595
501,0.097159977557986,0.723907797444701,0.0195780019650895
502,0.0852104131349582,0.696580403662329,0.0328909602880315
503,0.0909428340850939,0.713738295172025,0.0258831787041697
504,0.0818888111514532,0.684138029943367,0.023594676458091
505,0.0902712383939655,0.570702773100601,0.0388037766209501
506,0.0923970977657687,0.712902915245955,0.0194844167865673
507,0.0824135273756062,0.659917315094805,0.0178991528804249
508,0.082234789726779,0.597306929450597,0.0198852718594629
509,0.0849330310723078,0.692007098870746,0.029027137826844
510,0.0872621171347204,0.589932859030985,0.0187304337053454
511,0.0968756912161627,0.683059017605732,0.0194263489899266
512,0.107701057522636,0.71361972262362,0.0149686281235151
513,0.102913019670281,0.608882151245123,0.0195338819412439
514,0.0921934286757393,0.596524024323004,0.0289085714555669
515,0.103553804252787,0.585192041090212,0.0291368922174546
516,0.0880126033232851,0.656594417351617,0.020169724777111
517,0.104164005372281,0.701044758792437,0.0199705860769698
518,0.0896283328233964,0.56188022094665,0.0295131050530017
519,0.118651826474567,0.571734140392059,0.0341374507672329
520,0.0755440848484829,0.673801253261809,0.0240885872520851
521,0.0749780739467988,0.628029272590536,0.0276260162078644
522,0.0726076460538143,0.564969398878307,0.0252463994041877
523,0.0889150576711261,0.587190079444729,0.0257742676066694
524,0.0885444637582434,0.632246997740405,0.024593019484067
525,0.0769298172061308,0.715440834169543,0.0189823746801494
526,0.0751327746757728,0.688107775301024,0.0224309769531155
527,0.109204406310818,0.687792704120349,0.0182651342808357
528,0.0792208228673058,0.719896200328609,0.0157895305050832
529,0.0985207904584406,0.557404199390245,0.0250943977099219
530,0.0877574391818354,0.63671684059449,0.0220123401761742
531,0.0642227586119149,0.605873195711933,0.0250704574321202
532,0.0878590843140409,0.708203043720383,0.025811492692422
533,0.0969394234453187,0.717768618005205,0.0188465533287826
534,0.0959898246015206,0.68964456610641,0.0124548320772894
535,0.09973506122573,0.594859505462588,0.0225442027601302
536,0.0709036762091391,0.69194198830994,0.0220594939531391
537,0.0933079125332041,0.668288786809005,0.0230296709220808
538,0.102821795140577,0.702272389027824,0.0147337535816269
539,0.100418097110158,0.64823969747344,0.0227936256011714
540,0.0957818140251366,0.66138177583538,0.0151175782198343
541,0.105199883632795,0.577371024333736,0.0179802568737339
542,0.0908058833198838,0.674359079572096,0.017356991433927
543,0.0957440733310939,0.621538090003356,0.0275909338237041
544,0.0888780468041325,0.683434782124147,0.030995084941339
545,0.0747252046240074,0.70773270614678,0.0248355301426186
546,0.107069120329569,0.625152521844495,0.0232098297407571
547,0.0943035252152631,0.593451570629884,0.0259623499969988
548,0.0787438893231846,0.70956697181361,0.0253718774570114
549,0.0795634409498365,0.669742957961458,0.0232692836414171
550,0.10347845142951,0.684324422032058,0.0202833956716518
551,0.0898898559755461,0.605433480066137,0.0197865345831133
552,0.0916513466494827,0.659944646799138,0.019192467711403
553,0.0708139688628778,0.686155224271409,0.0140944182575539
554,0.0967717970089075,0.718681622108383,0.0399448626443033
555,0.07212178556292,0.559184361178163,0.0320047207047017
556,0.07996781699891,0.499528567327713,0.0223953709897441
557,0.0760829532384263,0.422655071605129,0.0662192992689131
558,0.0700387134734147,0.42513425281993,0.0367126177400352
559,0.0979881856455114,0.339111060613944,0.0417997391927227
560,0.0896666610924381,0.299794129876625,0.0449941955743891
561,0.0941945922559614,0.314317097078175,0.0306002527639398
562,0.0958097828196414,0.449708542621189,0.0332254272487083
563,0.0850860341084999,0.43497572055283,0.047693718432424
564,0.0921611873096289,0.432641374946178,0.0312764074283192
565,0.0949783202650812,0.458657239594566,0.032789634532027
566,0.0871891199373682,0.436354415054577,0.0246570765004051
567,0.0994283804108245,0.442099491443908,0.0260446199032214
568,0.0849145140320565,0.425376288084849,0.0305933878198837
569,0.0939295577274332,0.452090834823519,0.0461836848471827
570,0.102457674422206,0.435150137659151,0.028816842719956
571,0.112571377070191,0.438255112628324,0.0712656401785304
572,0.0978165308145987,0.427987811484662,0.0492554626990912
573,0.0927474900621841,0.437009955577496,0.0400301973671862
574,0.0947154535186668,0.422620448537003,0.038697895116875
575,0.0959848250915755,0.44963743738511,0.0492662075911511
576,0.0865822595949112,0.445089780408874,0.0360133612926966
577,0.0780873279492309,0.432341217123967,0.0325206570980533
578,0.11906598837816,0.422982129658299,0.0580535625279281
579,0.104022228110682,0.426599612238675,0.0400936601968681
580,0.0956155113659885,0.413048717267986,0.0369446883930862
581,0.0994558479800259,0.335865248744783,0.0387360253184557
582,0.0845669451561004,0.320012443696002,0.0346600811836947
583,0.11376298250411,0.348477603989118,0.048382369698294
584,0.108398818431105,0.427944621568922,0.0360822538773034
585,0.0858675680746659,0.423108069749293,0.0294573693746008
586,0.117319502783677,0.434119613863618,0.0336233765767222
587,0.117319502783677,0.425120377711625,0.0438238946996468
588,0.0786253410704322,0.445645480872608,0.0387587784120387
589,0.0860928212969679,0.444748768498643,0.035982133151372
590,0.0875440868237243,0.434300499279601,0.0346478989519607
591,0.0984252566185709,0.447433286064208,0.0329476627059949
592,0.096342581087089,0.445440763137285,0.0280705550377082
593,0.0950889698973011,0.423991957400151,0.0283722836408328
594,0.105051213042339,0.423531859759378,0.0316822603278823
595,0.0908515114655924,0.425162297019423,0.0362275342181719
596,0.11217237698853,0.424683739621707,0.0341300632295894
597,0.109449239596914,0.426106222601116,0.0488816050191683
598,0.105710777218799,0.423910916746334,0.0340266987063166
599,0.0632765801124149,0.452988910990779,0.0257692498126398
600,0.104015412709049,0.452551902932768,0.0297254129665334
601,0.103313307569875,0.435072734550987,0.0309475472251436
602,0.0904180983248141,0.458043188854833,0.0352914566480311
603,0.0795384371316095,0.454576408120296,0.0269240726575005
604,0.107685720392648,0.439915343211129,0.0417021133396157
605,0.104454887260566,0.423797007880622,0.0351666235052595
606,0.104710103065928,0.442995902407685,0.0337399202041757
607,0.0980784489833616,0.453757718861315,0.0320143892190581
608,0.0993505103121103,0.424152410545617,0.0295763919328083
609,0.106185065386335,0.437335185469282,0.0301015797537398
610,0.0990486930490374,0.445969973624981,0.0352439820847265
611,0.0948820938865899,0.434117830891185,0.0459615565774282
612,0.0984333054054551,0.356786497911329,0.0396415897801151
613,0.103159056772916,0.338055234056456,0.0343413078989479
614,0.0920609079788648,0.273092133400254,0.040118839312988
615,0.104617180026278,0.272315270730421,0.0289015250176179
616,0.0894476095260776,0.336910425627852,0.0623584664106084
617,0.0822673508203566,0.427240041207609,0.0388790882015727
618,0.0799796529628842,0.439372158153599,0.0430711499197472
619,0.0959289805309899,0.473017005738378,0.0196428913849472
620,0.122075616193442,0.447413824104752,0.0303472430879403
621,0.0945364040260739,0.444971049859333,0.0288086969010264
622,0.0980985591118901,0.424394328081314,0.0378251251575477
623,0.0971170057111778,0.427526426990177,0.0465188495342677
624,0.095170258261802,0.423021376101218,0.0441183480021893
625,0.104704934727286,0.426585659175456,0.0421930224391931
626,0.126575062862296,0.445766145104111,0.0294683865463453
627,0.124323006467365,0.430747839981937,0.0527356510148981
628,0.113503869594043,0.429971599436264,0.0331027640492805
629,0.113503869594043,0.439143474386035,0.0326116235040155
630,0.0869244469612373,0.440257820114722,0.0215248989435865
631,0.0937127951229883,0.438733336687011,0.0445030164953905
632,0.0889667373478601,0.447382070107036,0.0343799053749845
633,0.0882954940342281,0.440846043432482,0.02918320352399
634,0.0862651379567306,0.434109627309613,0.0348597197078612
635,0.0941463716822901,0.429411335647783,0.0336707325903324
636,0.10176432632431,0.44069802642392,0.0283575219482499
637,0.0988592081495836,0.445133908679959,0.0394721766449073
638,0.113302666740504,0.458028489698155,0.0342299454300634
639,0.091606190897731,0.42212856144108,0.0229617668749652
640,0.100282896733667,0.437446527383898,0.0360806025654654
641,0.108425725321758,0.42653397115352,0.0325997786337668
642,0.108908717550237,0.424727957216417,0.0333143140754909
643,0.0957702598646272,0.42222809271631,0.0579108740862359
644,0.10148132944881,0.424135726831647,0.0437829275221033
645,0.0918951251908309,0.431400414968479,0.0371056916171435
646,0.106801321837344,0.42589299440212,0.0220055446399072
647,0.10503775477206,0.457177716785309,0.0329155947649041
648,0.103150911427478,0.428830244548675,0.0246809846414669
649,0.0986438196076531,0.446851328124003,0.0464300294615694
650,0.102043511195866,0.42320294327259,0.0309226160160521
651,0.0958472266947981,0.425867009584556,0.0407531100230759
652,0.0863180805127553,0.423305031504396,0.0417631949907949
653,0.0925417149006326,0.432429455411465,0.0374430644811986
654,0.0939254789104916,0.425758713789196,0.0342057944383181
655,0.092596377136251,0.440580711530143,0.0420356211918486
656,0.0957789394208347,0.425463109343211,0.050949258681378
657,0.0911196993661573,0.425496896278105,0.0369473730022146
658,0.106826895239798,0.434475941232124,0.0292460704335816
659,0.0814920970741237,0.428221491180341,0.0405343050251758
660,0.0979613356523935,0.445926333653434,0.0337068248686478
661,0.090660427863798,0.444259256813177,0.0317111530311695
662,0.0849322827061085,0.442304230770189,0.0327636657658034
663,0.123308886468934,0.428044455965758,0.0351158025858576
664,0.123308886468934,0.406541162611731,0.0545127322253434
665,0.123308886468934,0.441015878712321,0.0358568650935908
666,0.118303730463427,0.453215533245827,0.0211667275550056
667,0.113302413883281,0.445904951653299,0.0349502137266261
668,0.100407551763602,0.432101174663839,0.041802541829169
669,0.113584494971715,0.432383967787226,0.0346934551235173
670,0.0867149775695883,0.444911291000799,0.0316117978062549
671,0.106068985193195,0.495246404850815,0.0297368124747689
672,0.10392548559176,0.450652686715324,0.0274399142196736
673,0.0847990101261575,0.430802094760274,0.0297674922483814
674,0.10024006749581,0.449518213931084,0.0346693848073219
675,0.0931805251992362,0.433385269895363,0.030549932309256
676,0.0856868661800963,0.432599951120692,0.0350464494052387
677,0.0929521609531393,0.426162289949699,0.0519244337933605
678,0.0897332555356094,0.441990869178525,0.0414668087070637
679,0.0939290621777102,0.430074286408428,0.0438632240748745
680,0.0880229769510821,0.428347791372474,0.0398144073136561
681,0.0998198228332914,0.452740317571128,0.0308119594313974
682,0.0917351292959508,0.44713646619587,0.0366856706361668
683,0.116171247138188,0.446978778546754,0.0461832923356073
684,0.115263872325265,0.425729943585699,0.0489335797753694
685,0.109558214816386,0.430352920239716,0.045499662693933
686,0.0903971936606029,0.445359456367648,0.0390042773921165
687,0.117664136934469,0.542353487718744,0.0260060156621466
688,0.0947341151544028,0.469240005449231,0.0296641936253873
689,0.069239050146387,0.426628983576037,0.029016321832845
690,0.0935661704277292,0.444262118420179,0.0299600775406576
691,0.0841366571309089,0.445699042308792,0.0413271261084146
692,0.108745346051566,0.440052272645684,0.0401099607882786
693,0.110339714378172,0.423426305215295,0.0357711582127765
694,0.0988270852351567,0.423339191981286,0.0316013811993806
695,0.0958282617318982,0.459351155773857,0.0290350147258749
696,0.0991295389788277,0.447788273134276,0.0502226264732328
697,0.0925154753378987,0.432587317534808,0.0539694314018317
698,0.0958568151614594,0.445457690741476,0.035140360346559
699,0.0868999747928924,0.441265424410307,0.0247186906425571
700,0.0816233297117189,0.442598298564873,0.0407207943521371
701,0.100565595256575,0.432465346019189,0.0399849446281767
702,0.0762099572413516,0.425463191766191,0.0275948199843859
703,0.108265585696373,0.428098381101845,0.0355397249183974
704,0.0921618775552322,0.446957130637763,0.0539439384326255
705,0.0842684898750528,0.452960491919933,0.026083442483764
706,0.0881725092180387,0.440606137511692,0.0366092927070331
707,0.0939489610825736,0.43678842064662,0.0520411810412834
708,0.0813860029199228,0.437942354989559,0.0731876507243952
709,0.0843466123671282,0.42635192224339,0.0499770482114672
710,0.0735244051088874,0.444354675602422,0.0574295780736355
711,0.0865814796646268,0.452483468615539,0.0297852529740537
712,0.100060209823709,0.428464919640906,0.0393329241337169
713,0.097421605012624,0.426134093603553,0.0396726320953271
714,0.102524556574439,0.44267628900342,0.0462269304297461
715,0.0836700602243424,0.436333418249344,0.0389182674066703
716,0.0951184973584263,0.425792333193745,0.0342008355734375
717,0.118948469338671,0.439067748545853,0.041639738313749
718,0.0964923497145927,0.433724912632067,0.0385043268311695
719,0.0869197807064233,0.437973151774696,0.0340327385948991
720,0.115954380492864,0.425665320383551,0.0429990723272148
721,0.115954380492864,0.430918593147443,0.02974458571677
722,0.0644998363472822,0.427971725528427,0.057087052088457
723,0.0853004504151396,0.429401478121975,0.0611822550238768
724,0.102180293218531,0.422444149414834,0.0318225694944515
725,0.106652275943924,0.435529930436439,0.0425095722217168
726,0.0860554911299928,0.439554484466591,0.0288302562462949
727,0.0916173107734762,0.44560600763969,0.0257366355986676
728,0.100545116474235,0.430103856508606,0.0249621138661644
729,0.113508126373187,0.428476244649264,0.0216751122826271
730,0.0984237752208112,0.428280084196374,0.0448099446480159
731,0.0887933830944281,0.442560712078189,0.0272033618259415
732,0.0850694384124948,0.440274503175279,0.0403843237546169
733,0.101796189752503,0.448309253986196,0.0298434817410609
734,0.0703439245173886,0.437419642339241,0.0342461642086035
735,0.113178601219389,0.431780305990359,0.0290906838585822
736,0.099282757870767,0.424230962680504,0.0326441345963644
737,0.0795660368888374,0.357049912184638,0.0505738760359075
738,0.100430536112415,0.283611865812451,0.0561163142282693
739,0.105260025355092,0.285662121393569,0.0481402810436942
740,0.0946599653459181,0.368988568214211,0.0348954565079452
741,0.0692481224262155,0.42982996637789,0.0403022131443136
742,0.100443756063399,0.432997370231993,0.0309648514844611
743,0.0960277148384976,0.422676794796313,0.0528680444531527
744,0.0848765630009269,0.432375033035482,0.0364346883738288
745,0.0903689207696785,0.435800667003687,0.0367595246163234
746,0.0850437816044104,0.430264630355083,0.0305529555411531
747,0.0983265005586865,0.437754540405218,0.029645672947258
748,0.0856242780197048,0.457131728540701,0.0268578798955456
749,0.0889886053563418,0.316843129932496,0.0375178275759631
750,0.0916285681775485,0.455930824927625,0.0381220087307682
751,0.101727336436713,0.436028323745494,0.0323109342131661
752,0.101439234970116,0.437296868173965,0.0436305136819287
753,0.115770007479106,0.446556184523897,0.0201305894880659
754,0.109810876989841,0.433926359648498,0.0337888993652336
755,0.101379677272699,0.404926430381649,0.0302976179564878
756,0.0937821590719045,0.430798496018418,0.036984589946535
757,0.108049602441023,0.443986826239112,0.0235872869585369
758,0.111158832757726,0.440798381010656,0.0368289342414493
759,0.0718281237770748,0.42323838259344,0.0283662909553421
760,0.0718281237770748,0.425943942611734,0.0335414394850851
761,0.0905477630788644,0.430589145198768,0.0373236322920706
762,0.0811712499093952,0.436428850394593,0.03263116402905
763,0.0948502551960753,0.45496647481694,0.0356862184741739
764,0.0797542141754818,0.443097104138542,0.0248091953027477
765,0.0975330797275695,0.444992796164865,0.0363295773368214
766,0.0997785529763092,0.425326617136814,0.0352284470258677
767,0.0791536247702015,0.422432509868058,0.0516102689520182
768,0.0755329958685933,0.428645375662419,0.0305729512471901
769,0.101710656304857,0.464841489475529,0.0362318466540427
770,0.086413109456159,0.422900630933054,0.0288117362857063
771,0.0790003341390108,0.447578786031223,0.0397424311396052
772,0.0938662117670622,0.426146363445899,0.0566944242357272
773,0.112356427279564,0.443089098561408,0.0342073754366269
774,0.0948827555815976,0.440463591810021,0.0417515891316288
775,0.117984690304981,0.441364152285685,0.0258623638138087
776,0.12448029458604,0.433746985740739,0.0293035765144941
777,0.10776769853305,0.44505128203359,0.0399168758560901
778,0.0918217031742732,0.436809583575936,0.0355185472992956
779,0.09435439629004,0.42548810958454,0.0298203738057209
780,0.0872085536859635,0.436415513283321,0.0414568246360274
781,0.0755981862384262,0.427195017918036,0.0562269381478843
782,0.0966171957749716,0.43645966769935,0.0534849099759103
783,0.101614665697471,0.46133803483651,0.0253492956906897
784,0.0932084960191618,0.429398794561401,0.0541523079932223
785,0.0912419195895293,0.456494331253202,0.0462549583464511
786,0.0682082643019584,0.437027841041505,0.0377171680374494
787,0.116839654763208,0.433627991143172,0.0448184461091083
788,0.0908468139241815,0.43842075167364,0.0307944867783791
789,0.106781074004765,0.439599964645239,0.0495879414347631
790,0.102632962126754,0.424093343471909,0.0249796520490642
791,0.0975257983605666,0.444055218570039,0.0194656294870052
792,0.102785831198491,0.439906516611826,0.0473442013206489
793,0.0927754236949851,0.443509009635527,0.046392054458168
794,0.0871068636524696,0.446360574844232,0.0301568081688862
795,0.0877197790408477,0.449685674596734,0.0219070769580458
796,0.0995782683144828,0.431199315208293,0.0379446786712107
797,0.112780817733969,0.441258989778945,0.0363321372288928
798,0.093455252010771,0.451155753958194,0.0372915999410773
799,0.103323290794775,0.439204089837741,0.0289718751506468
800,0.10695963822405,0.458373308470142,0.0346660235644122
801,0.0968006110692956,0.429394471143867,0.0442191902609217
802,0.0867605930059704,0.456091836809762,0.0410230063796632
803,0.1044354467836,0.439490625468875,0.028523770749462
804,0.0909957641037279,0.445047773448038,0.0360924299930137
805,0.0882147940094129,0.44024888424362,0.0488675993857554
806,0.100508503244364,0.422780803308343,0.0396895654185178
807,0.0599734308009189,0.445110993120588,0.0371643030801816
808,0.0599734308009189,0.435460676775033,0.041521646830419
809,0.0831013842306415,0.427263094179145,0.0631798468154936
810,0.0921307003419984,0.440585976130934,0.0369974851433896
811,0.0913123018581452,0.458012384470764,0.0345554752699075
812,0.0943474691831647,0.436604069819426,0.0348912686088476
813,0.103137204046333,0.412423542151645,0.0300878372323998
814,0.094070724770858,0.425349059197323,0.0530432824437753
815,0.101865885014429,0.435741258548661,0.0272997567882952
816,0.0841789524609954,0.428944079231194,0.0245827797746439
817,0.0931339062618458,0.446272449818981,0.0435032169014187
818,0.104336430657644,0.441118649087369,0.0314753701578583
819,0.0834214494706561,0.429379462620703,0.0313690255810782
820,0.125984867336789,0.426880058889387,0.0376306577192175
821,0.107024887703613,0.426727020454409,0.0383012864889188
822,0.101233163635553,0.44759626583479,0.0312195262328423
823,0.0839836983955272,0.423775040375509,0.0298434221487967
824,0.108537181960484,0.436401718833911,0.0458314416344451
825,0.0801331466633202,0.412260224051891,0.034874350155991
826,0.0961260736607173,0.428052910025016,0.0435684372822961
827,0.0822367005791025,0.433734255462739,0.0484587046410422
828,0.105804603164013,0.453894551448339,0.0261469238057271
829,0.0796293081341069,0.425025382724991,0.0474887087212005
830,0.0972402981924694,0.440030324680446,0.0386797207268363
831,0.0788829135268752,0.429838465379454,0.0496311399996258
832,0.0923474033221487,0.426731017103854,0.0319814663419787
833,0.0896483343797478,0.441621920206612,0.0286222019215061
834,0.10440804210976,0.425463734438278,0.046187234457677
835,0.100653465591243,0.434463178175146,0.0552973117579622
836,0.127401069951656,0.422407720703725,0.0591651552000308
837,0.105433878289479,0.424462562231054,0.0353624857833594
838,0.112747328130034,0.423065358412656,0.0315719934492127
839,0.0896935670757115,0.459775321366057,0.0300330193125119
840,0.0828638944843686,0.442932206958736,0.0384183894494225
841,0.110148922492817,0.4238693502168,0.0425673254628046
842,0.0907039855714872,0.438653476571656,0.0570146642347013
843,0.0938324311233606,0.441721741303204,0.0397061374583374
844,0.100533200225031,0.44865710849646,0.0299293664564059
845,0.0892101398869566,0.326764742512181,0.052187006573807
846,0.0867996075919297,0.432539897234501,0.0408926372939224
847,0.0848343274516321,0.450283197925344,0.0409914080961398
848,0.0880201775077408,0.443943593665074,0.0385368886443199
849,0.0895571477198896,0.439549414438709,0.0261608610082298
850,0.0970833629243666,0.460460944163566,0.0370272548453568
851,0.0806703563026506,0.438159480070483,0.0257480183184986
852,0.0813422670439267,0.422053608683215,0.0488020964417221
853,0.085056591532983,0.460542699129551,0.0283172557245329
854,0.0880160516479859,0.422280112233834,0.0317896573566572
855,0.106020733471992,0.460438149395067,0.0291361674674721
856,0.101548578616437,0.42630567578332,0.0415505998829659
857,0.0936132235423178,0.440550819535266,0.0441912827436018
858,0.0812497696668321,0.433487131835464,0.0350731665731387
859,0.0878501204437297,0.446256072808262,0.0312161196638317
860,0.0882821113000955,0.429408793796241,0.0241762692320326
861,0.100725170118615,0.440702003627788,0.0326142088277059
862,0.100722782967653,0.429487071344249,0.031024040466194
863,0.0993834243172404,0.403803223934907,0.0459640815199272
864,0.120231988013806,0.40807325012883,0.0404554002377284
865,0.0930012197571241,0.4375112820544,0.0545976288674866
866,0.0804600766691601,0.427848737837582,0.0260264480116968
867,0.106192529189101,0.444297136148164,0.0302439378028072
868,0.102786638859738,0.444482334852811,0.0367366691809555
869,0.0935841736577997,0.425298545673363,0.0302428581507358
870,0.0772483299171019,0.424930356138465,0.0344090428252711
871,0.0790434442535594,0.423247196838511,0.0368477551992214
872,0.117382847721664,0.428601982186017,0.0254539711070027
873,0.113260858817033,0.422823959935237,0.0327453919846227
874,0.108395565899882,0.425079074383723,0.0263127701014006
875,0.129725404367639,0.460393045504347,0.0391505232134555
876,0.091414533837247,0.45152085628324,0.0241109036982824
877,0.10075938696607,0.442639420942029,0.039230329324183
878,0.0890711813263323,0.439003299187632,0.0308138481529508
879,0.0804589611542307,0.445488097101884,0.0389964538657342
880,0.089707030988862,0.430878192361956,0.0171978364395014
881,0.0812004286755134,0.469069429097062,0.0316000181165643
882,0.11212413827211,0.423200288867078,0.0370758057403961
883,0.0873786108829711,0.436517900397057,0.0498515656997322
884,0.101805155604432,0.429730755150354,0.0299258134186571
885,0.0805904911913578,0.430284825747372,0.03411151067064
886,0.087234540727632,0.433280776517818,0.0314832330369826
887,0.0949111282534629,0.435594431817411,0.0448662765768115
888,0.0864717996538764,0.434632310181555,0.025236938473479
889,0.100051849199941,0.424691153343107,0.0254884261388574
890,0.100437903938537,0.418673161393115,0.0308072286517946
891,0.104105213307544,0.438361018979655,0.0343229525614576
892,0.0972549341890131,0.444922621537989,0.0493015924170405
893,0.0873872754850949,0.435783953720163,0.042064446843077
894,0.0936130219760284,0.443895595176062,0.0362700283522126
895,0.117390608563791,0.436450394412527,0.0448366430605579
896,0.117987256578366,0.422767897008358,0.0376880311661693
897,0.097154204531564,0.427884426944416,0.0210316059059142
898,0.0929618133942894,0.457376050548897,0.0276546852893421
899,0.0846419627088577,0.447137606806145,0.0326972418621205
900,0.0943232810225894,0.396609034907009,0.030335068585109
901,0.0972432916469292,0.384143319031883,0.0558617376434
902,0.101390927395227,0.433600694070243,0.0575022770653262
903,0.114138949569776,0.455086585598108,0.0250630902350165
904,0.0945010461607889,0.44736910199306,0.0685780590201704
905,0.0798641743389571,0.443259001502164,0.0287637410451116
906,0.0951001520242237,0.491728774912079,0.0227019959365304
907,0.106118795157891,0.422698871159894,0.0430051133412459
908,0.0782275417534919,0.432322753037164,0.0507113859454355
909,0.0912204530785603,0.446490758327483,0.0335462680975527
910,0.098655581325047,0.443012855096672,0.0300326704183572
911,0.0819534433967413,0.451835634691735,0.026252747549177
912,0.0975282700339475,0.457679426447198,0.0196067762524217
913,0.10183592493542,0.431849179566682,0.0346544638811224
914,0.0845902004656782,0.440262972505609,0.0380540799356568
915,0.0961665852040799,0.423626341276765,0.0292606745592923
916,0.0979118994676473,0.426280440094547,0.0266407654546866
917,0.0846206878635577,0.427411584131397,0.0271289467999042
918,0.111032184576659,0.423547171799468,0.0336774018538554
919,0.0894546690191256,0.573979442928946,0.0266918123378371
920,0.0838465433167977,0.661906820467563,0.0258149221677511
921,0.103116992739762,0.71499874842346,0.030104810672191
922,0.0859319443386644,0.714749953504509,0.0172065704418582
923,0.0928584100698474,0.657400094549775,0.0182228259889052
924,0.0972581941989914,0.60763932407651,0.0224537828047115
925,0.0786666167902195,0.703803716492691,0.0222859575270047
926,0.103122002526245,0.654944281057517,0.0355584988130997
927,0.0834620171555916,0.578666944246548,0.0291630619749058
928,0.109339230619328,0.676998805332214,0.0207100853559226
929,0.091299810368447,0.701601273255281,0.0186891020824875
930,0.0923414248198735,0.649294352127406,0.0405075906800532
931,0.109308577714411,0.673453871395708,0.0183015904081876
932,0.0859443237568462,0.718376460632846,0.0203145903643614
933,0.0907561803434862,0.69449770681863,0.0262305763397953
934,0.0910074993723613,0.592772760131664,0.0163883522719987
935,0.0857518094724947,0.660814711784518,0.0275237713825684
936,0.0634195930066881,0.697495767425876,0.0148740025558447
937,0.0869229446630676,0.650615711304478,0.019352152702379
938,0.0890274320932625,0.624576961650125,0.0208646756548383
939,0.104824657511297,0.605104008980042,0.0317027354975623
940,0.110520298352589,0.654450058038764,0.0228304830659319
941,0.100657314294122,0.694226047195783,0.0211487591519734
942,0.099957411935318,0.73624598924128,0.028384304259258
943,0.0957510892279018,0.605499215531129,0.0201775453814185
944,0.0900770732303307,0.625083653827523,0.0234771597102833
945,0.0832904663171707,0.610332827409275,0.0241658764429477
946,0.0985640252297621,0.633888909034503,0.0184627946808167
947,0.0923762568873045,0.709691734593999,0.025617154245666
948,0.0889668382653961,0.676122418012608,0.0235879527124467
949,0.0984282482306899,0.677710780023048,0.0280233627041467
950,0.0953253514291301,0.708561342236347,0.0156296171986298
951,0.120428589728056,0.623986001120946,0.0359423901771267
952,0.109977658288231,0.69819464714197,0.0193304379047857
953,0.107220462539218,0.582322255496796,0.0304539549149981
954,0.0857357741034652,0.645222655511765,0.0172480658657233
955,0.0878274033551337,0.640312098115602,0.0180236637383316
956,0.0661221014932074,0.593675973920155,0.04835687028698
957,0.0874410836030507,0.677302753935989,0.023494202011385
958,0.0977552313033333,0.622325857171225,0.0215577531549762
959,0.104333179154522,0.635982339787814,0.0193924730793786
960,0.100695271232652,0.655839070866184,0.0295388891762997
961,0.0967545792643601,0.685170717796856,0.0253117448128841
962,0.0908883779890461,0.696043646212449,0.0159549750273224
963,0.0807015396910515,0.673190352507909,0.0160655396265826
964,0.0933358647637632,0.679624525914547,0.0391709604444653
965,0.103561576810772,0.720220726109828,0.0234320730137992
966,0.0877164188042248,0.706053060575869,0.0126596484013088
967,0.119540855761058,0.713012088942584,0.0159677078686573
968,0.122095251164945,0.594843404539811,0.0301360355267018
969,0.0949341940487638,0.690753795681441,0.0184413001522691
970,0.0898689344334883,0.578375248144764,0.0190204735986867
971,0.09686394514515,0.704286680556671,0.0206507456089257
972,0.095918839346915,0.693549620821105,0.0250737601499671
973,0.0792797736283258,0.684979481998725,0.0133903115722757
974,0.0810727814718501,0.688656885413465,0.0291517123263528
975,0.0965259505132293,0.713340658726975,0.0181588145320867
976,0.0980784109976361,0.699762451004802,0.0310974665389639
977,0.0764324819791751,0.601947538169963,0.0272370528956559
978,0.0419324249283744,0.621078327615713,0.0317571647891575
979,0.0830955582302666,0.585177075223747,0.0202732200144959
980,0.0706771776872486,0.64522778759828,0.0269144168657909
981,0.0713351831232035,0.673924027761644,0.0254255960422509
982,0.0881052230202948,0.630177662200022,0.0197256683274198
983,0.0909673415193443,0.687061612807311,0.0249180466575471
984,0.12256159328767,0.67920204435855,0.0262489984130327
985,0.12256159328767,0.61665758641853,0.0227826674846398
986,0.109444335440626,0.712016080694005,0.0242277795320718
987,0.0973932517473181,0.672891587101356,0.0244376459522698
988,0.0889251050493899,0.699011420203924,0.0188823587562766
989,0.119514897184553,0.707646633058714,0.0186877472674602
990,0.0889862061424904,0.614249131313119,0.0234295856914523
991,0.0866145315762641,0.580571756794619,0.0270600839588094
992,0.106007547361542,0.562899667801975,0.0275663001763871
993,0.105135517332838,0.713737970205576,0.0177161834585939
994,0.0975108210794685,0.733970596587709,0.0150848256562444
995,0.100848653300856,0.708721401218147,0.0194151734197354
996,0.115377389468134,0.695199555327627,0.0241691310503102
997,0.0854332073330217,0.569815731946386,0.0194404343523798
998,0.0832011957952385,0.617287715556809,0.0171661609741462
999,0.0835090332922683,0.440018429950015,0.0345804741834859
1000,0.075430564036617,0.442960085671028,0.0422418271296966
1001,0.112373222080307,0.435396468280735,0.0452118727850395
1002,0.0829567262474214,0.439166344623137,0.0386586177837359
1003,0.0945278801001503,0.422651875732243,0.0290085846266426
1004,0.0948545041822553,0.428747412603695,0.038365766924005
1005,0.103797429519575,0.430154462018793,0.0380859701901819
1006,0.0998798531429251,0.431733835921798,0.0305909894882183
1007,0.109898177246172,0.436945850414774,0.036484638731115
1008,0.105131154692475,0.425563065658673,0.0333003567022186
1009,0.0906979777396904,0.423251889824439,0.0252892401115697
1010,0.116673970002174,0.420448668477042,0.0398280633924416
1011,0.0998584357897039,0.425641655304664,0.0459146172555728
1012,0.0802577811441642,0.459241547472565,0.0245739543292217
1013,0.0874547655086248,0.45316957319922,0.0375962118372083
1014,0.0888730606417927,0.445156321418808,0.0476015710436922
1015,0.0959435581907572,0.438326622373689,0.0798731365701212
1016,0.0738995219652708,0.436879884876516,0.0430821858302247
1017,0.100437928009395,0.445640545079154,0.0273816082073438
1018,0.0863719149409874,0.429096941965651,0.032150355035861
1019,0.098806424550934,0.43259882114206,0.0427713024562145
1020,0.0780832832482619,0.424620262292582,0.0304996054817226
1021,0.0930498151297906,0.447050051163584,0.0388283881571949
1022,0.094376914714715,0.428567633510997,0.0332319949278917
1023,0.0931651019154348,0.42242206499353,0.0377873189396255
1024,0.095042390373767,0.437424186942721,0.0270365079338251
1025,0.0979912740921051,0.443478098531139,0.0478474816804624
1026,0.0720002535545652,0.437596916494094,0.0469500831091295
1027,0.123410693889631,0.444928102902392,0.0487111890555285
1028,0.123410693889631,0.492075387055451,0.0331925966585664
1029,0.101475769027817,0.429034434529216,0.0247185781652454
1030,0.114950750389427,0.43657084384916,0.0382261987493086
1031,0.0612761572601968,0.448491505509778,0.0258457494413763
1032,0.094093570634437,0.428459659277518,0.0296898288081911
1033,0.101065157776888,0.441854551350856,0.0462791417034968
1034,0.111737179747718,0.429583849955371,0.0277441521103232
1035,0.12523721133887,0.446153350784653,0.0352704122116623
1036,0.103381673941581,0.440189746575348,0.0339230873226589
1037,0.0778110387787771,0.435665632009193,0.035121358073067
1038,0.0810694657783559,0.430111928859789,0.0340087924908505
1039,0.100042841087307,0.437426215511715,0.0296483116169704
1040,0.103968450975352,0.435751016206932,0.0347217099252216
1041,0.101968339642936,0.433370370146193,0.0350577020669621
1042,0.109296036102922,0.433705880973682,0.0248496459783853
1043,0.115976466323728,0.436992933311985,0.0396143529384696
1044,0.105563518825605,0.428110923989445,0.024809547754431
1045,0.0836817550743453,0.425476789049594,0.0442919836867625
1046,0.10346028374666,0.42865937791511,0.0287575384311938
1047,0.0658841578655519,0.449262385151576,0.0275582894573529
1048,0.0944342079910618,0.450882000136755,0.0271292858142658
1049,0.101502023642185,0.440449771006556,0.0340828664205583
1050,0.105271387521514,0.443555103952678,0.0340895808243169
1051,0.0810292269618916,0.432266376616775,0.040109509573245
1052,0.103656035070657,0.432655445529274,0.0380208456799667
1053,0.105480604701242,0.432485527896744,0.0280395541910652
1054,0.0947562235787549,0.434655016235752,0.0371537617651682
1055,0.0957639553121092,0.429755619358058,0.0371768052888903
1056,0.154986457203133,0.4472282509845,0.057282844918227
1057,0.154986457203133,0.424987167732992,0.0312043580774621
1058,0.154986457203133,0.441475224925022,0.0371561681234902
1059,0.154986457203133,0.42876157199873,0.0499547338895953
1060,0.154986457203133,0.432315941207668,0.0458164141114965
1061,0.154986457203133,0.440095601592588,0.0354407084439872
1062,0.154986457203133,0.443352077802436,0.0313246709923444
1063,0.154986457203133,0.351301588090089,0.043096444734933
1064,0.154986457203133,0.284987627678064,0.0642451171546765
1065,0.154986457203133,0.374542230896464,0.0580000031853879
1066,0.154986457203133,0.417957213934387,0.0433123512960621
1067,0.154986457203133,0.441369583879535,0.040723497845944
1068,0.154986457203133,0.43689774866763,0.035898976338568
1069,0.154986457203133,0.436193869644415,0.0356211676406052
1070,0.154986457203133,0.45448830097394,0.0341403909811343
1071,0.154986457203133,0.429679889107446,0.0331581857001788
1072,0.154986457203133,0.435202597043934,0.0548094614727356
1073,0.103397165394728,0.427983829233104,0.0310073187459051
1074,0.0957113551450962,0.444657074168135,0.0281905361535378
1075,0.109878613542115,0.436744744288915,0.0295972303675006
1076,0.100060846306051,0.432709405573166,0.0268447416531315
1077,0.0871554135961195,0.447206225802221,0.0319723380694042
1078,0.0921458738427143,0.45180736422353,0.0326642524402895
1079,0.0818883941687182,0.441563839852019,0.0343808764094398
1080,0.0780841608834844,0.422278890396604,0.0382013174822554
1081,0.115515801528834,0.451180518118322,0.0257148150478962
1082,0.092138633269869,0.425477568157605,0.0264591418957343
1083,0.113972517945832,0.422803653606842,0.039405552235861
1084,0.128077647685515,0.423414067393523,0.0347495201565623
1085,0.128077647685515,0.44665828913017,0.0370152977777638
1086,0.128077647685515,0.465818596196074,0.0383732626438372
1087,0.128077647685515,0.398993313582716,0.0393902938269158
1088,0.0913915276267256,0.418873548743264,0.0398012167696969
1089,0.106652802609404,0.441869946112941,0.0224472914867216
1090,0.0823926020430631,0.425079976224658,0.0276935909756817
1091,0.0997404887052651,0.435920604691032,0.0438258455970238
1092,0.0676766106413286,0.433060602849124,0.0192551765214622
1093,0.0676766106413286,0.399653784041496,0.0385094720282161
1094,0.106615476303636,0.450540795262717,0.0467112455848194
1095,0.097421734642175,0.435958364051937,0.0335496880112927
1096,0.0700013363041148,0.42946084290547,0.0415226105233586
1097,0.092068198216286,0.452951510764427,0.0306054230225085
1098,0.0847374292702134,0.446569851676023,0.0305367581814908
1099,0.0910247115021182,0.443250619812324,0.0203240250998403
1100,0.0809543276230656,0.435906794156479,0.0685272547355236
1101,0.0830128445957634,0.445845243492781,0.0453052137488779
1102,0.0664446877360382,0.44240815655728,0.0343633503980056
1103,0.0910903919009106,0.425211972627662,0.0537911055033387
1104,0.093215326903258,0.421762338297515,0.0439906132824155
1105,0.096615370026935,0.382618902660065,0.043218003956317
1106,0.0953610893253846,0.424508639444245,0.0573629740028057
1107,0.0825332271556736,0.429678414692461,0.0316790039897948
1108,0.101552890307471,0.425743715762751,0.0364129041399955
1109,0.100726648893289,0.434668504212093,0.0304232721490312
1110,0.109455495044043,0.450283150999302,0.0348112834285016
1111,0.0887506856447898,0.445559176524253,0.0330735061589359
1112,0.0980074271129525,0.43804094348134,0.055721358982299
1113,0.0814741263899098,0.444077165703344,0.0280082147637052
1114,0.0796978824193674,0.428010640276267,0.031486046355899
1115,0.101059890958583,0.430236397146268,0.037121847083175
1116,0.0977886743146989,0.426622640512484,0.0345012071719553
1117,0.113209536000792,0.439838564082136,0.0322189920007645
1118,0.0940175459481354,0.463446385755737,0.0219201514591404
1119,0.0700126876509967,0.442071250454659,0.0502735567046447
1120,0.0852039928268596,0.446815447070255,0.0365799526279236
1121,0.103298860172106,0.450050003640054,0.0296752458386258
1122,0.096251335255269,0.423266449454146,0.0433117885967362
1123,0.115262342649005,0.437517073442471,0.0372702270138032
1124,0.0978338169606377,0.46381671451766,0.0300197142576424
1125,0.0941121561154399,0.427413721332043,0.0270213556050524
1126,0.123169852113062,0.436250894106899,0.0334902940879758
1127,0.0901819603760975,0.425071828288951,0.0320324996428248
1128,0.0799871144434121,0.442072581470877,0.0433437543808766
1129,0.110038085736419,0.433116070519995,0.0286616629317179
1130,0.0997409361797442,0.358642135819852,0.0270910283481658
1131,0.106267207369708,0.433292172738416,0.0294514307154509
1132,0.113416027260212,0.440802498496719,0.0319940267744922
1133,0.101291029635299,0.438795290616322,0.0370408536350381
1134,0.107627956796251,0.426359951969228,0.0225405796778722
1135,0.0805345223854342,0.447587277589454,0.03785750243586
1136,0.101010061421163,0.500908961121659,0.027490136986821
1137,0.102679770830048,0.391899742274031,0.0345020935449876
1138,0.0735583616198355,0.435973386699749,0.0276074591402219
1139,0.104564960701044,0.428134219345316,0.0384466601537513
1140,0.122694241425479,0.322359921823732,0.0383486856256093
1141,0.102018857506842,0.234756990390794,0.0379784350235253
1142,0.0992095308126031,0.305688435536005,0.0604237290985241
1143,0.0843583620010156,0.428391109063493,0.0378380285738446
1144,0.110643725792087,0.457212599885292,0.0300530193215588
1145,0.0997703438402229,0.463647730885733,0.0338913111120208
1146,0.0986550677255393,0.436195611616989,0.0383008207199102
1147,0.100319633286593,0.429161522012478,0.0288113895400811
1148,0.0968246941788386,0.436899135401518,0.0358574001475515
1149,0.102482736385551,0.446095825155782,0.0248488345659
1150,0.0957335210567078,0.426462667427154,0.0344357407332143
1151,0.114808942014395,0.44943744336385,0.050215410526952
1152,0.0852769948536448,0.465980993945921,0.0203137975837473
1153,0.0882997818441709,0.449765327587685,0.0281401813558153
1154,0.105680754301181,0.407888103158735,0.048593998105281
1155,0.0922688476044038,0.434209032575875,0.0424640720539593
1156,0.104072761273648,0.431884822893079,0.0300195968302212
1157,0.124989898159341,0.424115503946633,0.0342400638655765
1158,0.104565901509871,0.423263222198652,0.0215798788199484
1159,0.0817018109595753,0.445700559956872,0.0490212135656225
1160,0.0918737850897007,0.424171959282089,0.0330605457703669
1161,0.102339322631996,0.433329406109966,0.0433102701529342
1162,0.0980295402168977,0.429222983478308,0.0227593810284135
1163,0.0919943431379895,0.429400378696669,0.027575544710896
1164,0.0945699161882274,0.444903246958113,0.039378591031629
1165,0.0900115562132553,0.435220246220212,0.0208926496852624
1166,0.101549949474885,0.462725735541134,0.0286702913872748
1167,0.0857099480083142,0.429813570944385,0.0297940682427943
1168,0.104883765681018,0.476024718340674,0.028612397167059
1169,0.0910075054442915,0.459210990446885,0.0442525229652507
1170,0.0921735677699196,0.437826604762203,0.0301046219336066
1171,0.116908630851783,0.405387779689239,0.0395456060960471
1172,0.104238712716711,0.43348139622777,0.0499326854098233
1173,0.0861561425910374,0.445789910993199,0.040471043250787
1174,0.0898769823678286,0.43412641199526,0.0459708534783269
1175,0.103962764193964,0.455316209008962,0.0225995638490996
1176,0.105994695753084,0.495379391306688,0.0307759164229027
1177,0.0993047016714224,0.424973581506011,0.035742461648475
1178,0.103735633214519,0.445461960610069,0.0420838245154471
1179,0.0717096871359621,0.4305323785933,0.0270878608710987
1180,0.0996285013910563,0.439246093964506,0.0287426060872601
1181,0.0976278749991617,0.43678370465098,0.0345033166458546
1182,0.095898996227564,0.432115651563733,0.0368597108856962
1183,0.0796840657146519,0.45491658605526,0.0328190813080668
1184,0.0907621473672476,0.426021706846751,0.0422593798401734
1185,0.0952712155083784,0.457890832769956,0.0349715441695579
1186,0.0887302541878547,0.445064194847372,0.0474794108786747
1187,0.113268106322097,0.458687631169198,0.0240523991829954
1188,0.100732087529178,0.453346212515184,0.0308072510215827
1189,0.101832172072098,0.439137360656036,0.0380321827715392
1190,0.0971373781291868,0.437037169044801,0.0447827258673785
1191,0.0860787812881944,0.461441409964043,0.0270736473017627
1192,0.128692243570042,0.426166661024799,0.029483048744465
1193,0.10228265307144,0.432236182485915,0.0275829339167903
1194,0.0920469062095956,0.437944387218176,0.0415380141473917
1195,0.100182161233562,0.432960637012907,0.029496091414924
1196,0.100777554166453,0.444081748105066,0.0370571358451742
1197,0.114883478488806,0.447225061733483,0.0238376076604657
1198,0.100925113783516,0.457143809166829,0.0231916788349098
1199,0.0830198625707494,0.405388451472579,0.0549338182545651
1200,0.0948846064340013,0.448799755618353,0.0241996103623649
1201,0.0864261862667917,0.446783799464789,0.0463264151341873
1202,0.104832593587377,0.424478753091445,0.0344603320975363
1203,0.0868661762848882,0.428370514686723,0.0416038821951774
1204,0.0994277724182343,0.437475332292244,0.0274463735323899
1205,0.0906480039146599,0.493690125459321,0.0411579317123022
1206,0.104264501498455,0.451097024909723,0.0334306378725045
1207,0.0949155016275655,0.426703208240085,0.037867119643113
1208,0.10439907574255,0.436744708290314,0.0566072344496527
1209,0.11403670042164,0.449015092741504,0.0270588297586528
1210,0.0759291838008113,0.447136983848813,0.0319361710576127
1211,0.0759291838008113,0.422388923843538,0.0227716747169085
1212,0.0555730041897012,0.426958795782808,0.0511846680462244
1213,0.0797197868862175,0.432662472307334,0.0356027472444234
1214,0.0698392242266089,0.439928988534796,0.0517480339619031
1215,0.101116406761884,0.449612467706958,0.0236899559429808
1216,0.110828242795449,0.424442459453721,0.0382649273879275
1217,0.0980718188702153,0.43382164928738,0.0448946614044504
1218,0.117952981044132,0.424700098747998,0.0643146502372488
1219,0.09144781083744,0.430425369831111,0.0354050082459166
1220,0.0830077695583556,0.425996987005511,0.0295736847133724
1221,0.0998740494487769,0.436111581890653,0.0592427652485571
1222,0.0935505568044379,0.432095452557866,0.0253164661485042
1223,0.107596145900444,0.432150873333928,0.0463445159928452
1224,0.100857515407393,0.442107760609327,0.0617003115071436
1225,0.0795307316985713,0.427913937142398,0.0325100354271076
1226,0.0870940824301548,0.428311815227787,0.0360590914520569
1227,0.0711031308502984,0.432450349786944,0.0400490548063186
1228,0.0955535204265137,0.444724500970665,0.037781550394125
1229,0.0858342161899701,0.435398306820904,0.0342131480250189
1230,0.10570378446564,0.438196037827026,0.0403973644099396
1231,0.0866988813268055,0.433103246597461,0.0385047440406385
1232,0.104282575170795,0.449872312266521,0.0306283468367344
1233,0.110124194078189,0.436216752616803,0.0341452086524425
1234,0.0985342288044549,0.428945352404057,0.0280419081332576
1235,0.0948209095815589,0.440945124061425,0.0218943991917144
1236,0.0854357811345497,0.437910611151439,0.0275601799033808
1237,0.0991034713730177,0.423039913885948,0.0429894834659334
1238,0.11793095981731,0.433539116245972,0.0249142317844802
1239,0.07612528301855,0.435491027516152,0.0578718253266309
1240,0.0841066009529857,0.425588827139304,0.0593821874132201
1241,0.0905193709688003,0.433270592823278,0.0336607836819824
1242,0.0630818677210887,0.432331637549651,0.0456473041190035
1243,0.0630818677210887,0.428847500273688,0.0610517535680144
1244,0.103543056528332,0.451388411039561,0.0230268346813342
1245,0.0740868397334684,0.424442552021898,0.0263388820937781
1246,0.0920896133011782,0.447071556367001,0.0321609564248762
1247,0.110625762153484,0.439259471433407,0.0364428226108621
1248,0.0972933431871796,0.431414542275589,0.0414902601523449
1249,0.0842021777339131,0.431504542146922,0.0441083358506951
1250,0.113149520907863,0.445983981026183,0.0265298001537651
1251,0.115863891581246,0.43082115849655,0.0382447944358391
1252,0.0769085549694307,0.42224105819668,0.0344789410771038
1253,0.0648314244908017,0.423485565927525,0.0418647760032706
1254,0.0864618594228759,0.452368845979542,0.0271228240875064
1255,0.110472608300039,0.442447081933104,0.0344216334989643
1256,0.0915259754532881,0.437358952876788,0.0302680619015399
1257,0.0834716317005603,0.486550694879656,0.0493565746162025
1258,0.0965210861195547,0.440408105839285,0.032511338249083
1259,0.108191355056073,0.42592125554183,0.039717758608998
1260,0.118868686880664,0.436806474176856,0.0435302827139749
1261,0.0650679735216596,0.460036139367348,0.0435509598950749
1262,0.0971257677463218,0.447026520065037,0.0317240939692014
1263,0.0898517010979907,0.439610840715874,0.0365782432802715
1264,0.114871415243672,0.437101231225529,0.0514641524231166
1265,0.107180912951364,0.430231607628944,0.0349464291901499
1266,0.0993618555535127,0.44728126405345,0.0595241573850801
1267,0.0830580642837466,0.417373593788092,0.0407566679287736
1268,0.102270440787686,0.428969654008189,0.0380161220244712
1269,0.0955189412633336,0.446323689496047,0.0487717308199554
1270,0.0885133287318764,0.433332995126998,0.039614081877859
1271,0.0983801714738469,0.434196683442343,0.029002057316306
1272,0.0985104605807664,0.445714380534164,0.0275328380074614
1273,0.096937067841554,0.441086895981896,0.0281426775192221
1274,0.0778253070671159,0.431728726148708,0.0300892390626504
1275,0.0916941885512965,0.432696248762428,0.0544553097819872
1276,0.0874836847884151,0.444532970316348,0.0401958352586237
1277,0.087026545982877,0.443891589832,0.0361277661063618
1278,0.107310235541702,0.446597929863228,0.0446356640424367
1279,0.102582587778485,0.429506929736554,0.0339956365644672
1280,0.0723930721854256,0.446326933123747,0.0346049284165693
1281,0.0863151844765896,0.462338641837796,0.0244432753695727
1282,0.0831896122084584,0.43538011640504,0.0336799697535752
1283,0.103239560612911,0.441308537268035,0.0507350350514674
1284,0.0806536508822557,0.42642770406422,0.0364602532484499
1285,0.122768166205039,0.447346275171817,0.0324306613583314
1286,0.116937761213295,0.442741787339937,0.0327156695095203
1287,0.121823269824905,0.430711428872841,0.0355438778196552
1288,0.123400791284536,0.423589103229792,0.0383019889886865
1289,0.123400791284536,0.42789382421231,0.0303968125342103
1290,0.107011579745244,0.425919239767603,0.0459149681820587
1291,0.0907855343524657,0.431955044474365,0.0468913846717868
1292,0.0919719258166359,0.433897186967166,0.04569783956357
1293,0.0874393794951816,0.435579988619467,0.0439704822643419
1294,0.104266600847577,0.447580512373408,0.0297416652627489
1295,0.0794044279584396,0.44463109661203,0.0471296064968547
1296,0.0937615482277917,0.433903080211538,0.0355479366053583
1297,0.0723074372813847,0.426784300030653,0.0449683497681364
1298,0.0867708101253149,0.422515265419113,0.0256038144407119
1299,0.124093491514069,0.423704408602207,0.0319026378387016
1300,0.0985601688558507,0.432091222571501,0.0377922695078479
1301,0.0944918990364641,0.443288163878619,0.0506754896507992
1302,0.0951488845959285,0.441975182334835,0.0658775031422943
1303,0.100116134885303,0.43059710729925,0.0499479898418319
1304,0.107129824267323,0.426011485437855,0.0340671013770199
1305,0.105173637288356,0.424586378437258,0.0344102263576164
1306,0.0800882204108886,0.442518241185504,0.0411230263201731
1307,0.0964963673457354,0.447431630763942,0.0423212004233156
1308,0.0930429281262993,0.442292188765571,0.0288897044306027
1309,0.109287120449259,0.428147451811253,0.0472628640439384
1310,0.103706215172201,0.433948745165185,0.0389895180425342
1311,0.0766390916038762,0.403310307257893,0.036501730650822
1312,0.0936507840868037,0.378115789886547,0.0327294555982939
1313,0.0986947137412398,0.340204490348703,0.0325381934889525
1314,0.101111105394098,0.35676655332002,0.0410267749311263
1315,0.0952874134992348,0.346119043318119,0.0391062218143109
1316,0.0769143201657499,0.301275369918583,0.0408660504970929
1317,0.0958932698545885,0.327427324211249,0.0453471337174286
1318,0.087956014537965,0.379458581980852,0.049917253155616
1319,0.0945373272898679,0.44195121240272,0.0391689276629259
1320,0.103253215783609,0.451311068619009,0.0360926738777736
1321,0.104640280191765,0.42591760431985,0.0318411804480752
1322,0.106633529652115,0.435917971451401,0.0427579705428439
1323,0.0803452376443655,0.44576626728543,0.0335135885375617
1324,0.0973954660660608,0.47019000325334,0.0324336879562917
1325,0.0920159367369123,0.439374442497519,0.0529811707568614
1326,0.0990333232065678,0.436306506010069,0.0290086208982475
1327,0.0932870471200774,0.457847926138747,0.0219361737761833
1328,0.085192809961028,0.427242307581494,0.0313253062898521
1329,0.109303735138907,0.436889144054223,0.0404370968166069
1330,0.115465432336689,0.428159327344556,0.0388196348139402
1331,0.111231600041684,0.44419061459583,0.0353797029124271
1332,0.101967865855507,0.450428685119839,0.0391339330537347
1333,0.102240890804526,0.443976523093786,0.022489144609883
1334,0.103890489611152,0.443674890623448,0.0405590741824973
1335,0.0802774333956836,0.459277837890327,0.0280470452505975
1336,0.0759055494102881,0.430714031154616,0.0528578911677786
1337,0.0889495730901696,0.42241047365052,0.0475916742864675
1338,0.0879866502151262,0.422574400073451,0.0330807891773653
1339,0.085705231301026,0.445862305859902,0.0322571384750877
1340,0.0986372366795243,0.441060390610992,0.0333235293805819
1341,0.103805069001454,0.435912977858964,0.0301341127275215
1342,0.0784551456412637,0.440228087636666,0.0439367581361468
1343,0.101108061461083,0.432105407306838,0.02778936955623
1344,0.089689042553383,0.451505129941631,0.0298077859946309
1345,0.0916568230685354,0.446420546112747,0.0396610887310106
1346,0.103074617424382,0.446236495171286,0.0345300445648255
1347,0.0964555571029839,0.450047682658711,0.0176441261726035
1348,0.11043332036394,0.443218946992286,0.0336275490591348
1349,0.0839785634231323,0.449551285068215,0.031732248508075
1350,0.0812628260445565,0.422024386004039,0.0256775586318205
1351,0.126261870411261,0.441776326482814,0.0332974434643838
1352,0.111812324995171,0.445872458369548,0.0374312289529753
1353,0.0865842331229965,0.479084599395154,0.0336389529177932
1354,0.0653535169716147,0.445434648408579,0.0350200402574571
1355,0.114757881612469,0.431593449154991,0.0383387191282107
1356,0.110974673756543,0.452339341494501,0.0540495793941341
1357,0.110961066599795,0.385277850456824,0.0406842496726122
1358,0.100885711324096,0.441014839100584,0.0309471691720606
1359,0.108377983536956,0.441376410251449,0.0231208697480607
1360,0.105051111460195,0.431994563811152,0.0299726873514994
1361,0.117389943034196,0.430890229696254,0.027519975859569
1362,0.105394133621452,0.436292626269349,0.025151107098676
1363,0.10936092072953,0.44369149843235,0.0280832999920929
1364,0.0995684519400362,0.440153377073456,0.0482547291803249
1365,0.107127987953101,0.4446770087586,0.0442497390630841
1366,0.105252921368425,0.433874976547858,0.0445178810852904
1367,0.07935923061266,0.374253610900378,0.086124396506148
1368,0.0911425524607396,0.434443159795782,0.0581594125780462
1369,0.0764842048423898,0.422564408119661,0.0418467374739952
1370,0.111734744997076,0.433548138291843,0.0324717867964083
1371,0.114313310605682,0.310210604163408,0.0479222383684794
1372,0.100936821858649,0.267379176730798,0.0684520994848074
1373,0.0878051464748634,0.334279108673538,0.0415314170125514
1374,0.0995251595885393,0.327931905430655,0.0637096345524053
1375,0.0647481098474117,0.354940252741815,0.0534368457443797
1376,0.0647481098474117,0.351487121114442,0.0416052076080076
1377,0.10045825966707,0.435880242598107,0.0323500716736372
1378,0.0944857059793143,0.44164168696037,0.0365527242531417
1379,0.0990525640131041,0.423596040637415,0.0340383940469857
1380,0.088928293440317,0.4434941497178,0.0459925329529343
1381,0.0954318140465197,0.393106206524025,0.0297510963730174
1382,0.102415534375531,0.450637322430108,0.0245994844227844
1383,0.0921445063195819,0.42589569618452,0.0292503151484982
1384,0.100904194526982,0.443385532091698,0.0324037786911508
1385,0.0870948407939254,0.317051706414112,0.052931568138286
1386,0.0882125735127695,0.354724802618534,0.0468763503864061
1387,0.124369971883164,0.444067467263492,0.0210752574777621
1388,0.120961289436432,0.434486445511086,0.0533050085451148
1389,0.110108309644879,0.440461640398046,0.0265008436633979
1390,0.0942713607717221,0.452163983630531,0.0285625865435116
1391,0.110034131475862,0.446576034743354,0.0220221524295913
1392,0.105314134633124,0.441287478357061,0.0392993906230921
1393,0.0718488302935298,0.430467880540251,0.0457681910427414
1394,0.0680019981230932,0.441321891998125,0.0415973843013241
1395,0.105440580459627,0.435418713261355,0.0418917452815742
1396,0.0932825538855958,0.435690969309377,0.034330204328149
1397,0.0793606276765209,0.436307934197509,0.0388356850355198
1398,0.0772427698934183,0.447023789446586,0.033911385204211
1399,0.0811860085241675,0.441945890465739,0.0409495390788648
1400,0.102484721139839,0.456796583673618,0.0338087488105573
1401,0.10371699883441,0.423470735699651,0.0306554671529334
1402,0.0976285167014192,0.454029090485429,0.0259837669074236
1403,0.0846516372924392,0.446744860334275,0.0258607565377374
1404,0.104179083271934,0.429660703214228,0.0306757491709588
1405,0.0836811761484504,0.445019160298978,0.0494093272372349
1406,0.0883419992646245,0.42566823873434,0.0401604797566822
1407,0.0950145865660011,0.454546158712427,0.030248426999878
1408,0.0936386570953077,0.446486029051728,0.0443765950947494
1409,0.0861446755178569,0.428859455742348,0.0393416229896239
1410,0.091546425072238,0.43718792829448,0.0323380795008614
1411,0.0957016350413629,0.442345952092892,0.0309009932070712
1412,0.0990186811063716,0.450528968741393,0.0418613728616762
1413,0.0865425360811274,0.447085904115154,0.0292289837526139
1414,0.0913772445110744,0.37328213942462,0.0435502137233074
1415,0.0786466060673407,0.432289344658453,0.0325178460425966
1416,0.0965436202872438,0.42743320388197,0.0252039589644881
1417,0.0729911526898395,0.42870145765018,0.0612762666939086
1418,0.0985397065340433,0.410200803788259,0.0255791552111476
1419,0.0849988107266349,0.422967955544684,0.0435523165683752
1420,0.0862340100668454,0.432891186400517,0.0358164903475596
1421,0.106940765052412,0.433376122595531,0.0406368371600042
1422,0.102263327668919,0.434200709611201,0.0217179168911364
1423,0.106084251324435,0.427840763238814,0.0366716879793545
1424,0.0940315730804459,0.430778230806697,0.027006520453697
1425,0.105198010499206,0.441747181126395,0.0489353610337305
1426,0.0968560188155074,0.441404539865581,0.0307300859458111
1427,0.0890301725636171,0.426968177715171,0.0366714569351501
1428,0.116447263612182,0.424566425107529,0.0310497613965902
1429,0.0993138425954049,0.442210109227912,0.0549450981198683
1430,0.0981659407647448,0.434052960063654,0.0456778863858847
1431,0.12341177420408,0.423913365291299,0.0380294100656169
1432,0.103298049896676,0.4196698880854,0.0515370147530375
1433,0.0807714172481863,0.316095084691386,0.0308070565661095
1434,0.0689975928806688,0.265941542581474,0.0663664467928639
1435,0.0931894249166825,0.241962223755356,0.0701299283831292
1436,0.0910894202127153,0.34745437199247,0.0393048998996756
1437,0.117026197941148,0.431792023193566,0.0409981564854473
1438,0.0969604588565073,0.451890188791067,0.0300930468239473
1439,0.07988216561544,0.455629291389941,0.0330269836544499
1440,0.0684393513805766,0.434662026770571,0.0449055662728339
1441,0.0750669957651797,0.57050063136718,0.0448941953715862
1442,0.0782930936278014,0.597491187190342,0.0241340136549814
1443,0.0973639233374104,0.678998446091621,0.0264325429262553
1444,0.0860872676087643,0.691919383531616,0.0195250968944036
1445,0.0765121114920805,0.703456861074635,0.034025533583123
1446,0.0788853273881766,0.699136325688887,0.0266894640128211
1447,0.0953988527709305,0.610269610221478,0.0272347388039718
1448,0.085184862705931,0.732701541846408,0.0391521432637394
1449,0.0808461611559315,0.673032305892256,0.018879342208835
1450,0.108943676464972,0.705159908818352,0.0232842348673188
1451,0.0971339193235117,0.713256489650237,0.0188867501489431
1452,0.0860527138369175,0.714831445207783,0.016139746267011
1453,0.0769198699068221,0.705775912797857,0.0531620398033824
1454,0.0901595841849559,0.621096028615582,0.021856782793972
1455,0.0768566431186281,0.583288530548369,0.0280733553909832
1456,0.0939352180471651,0.648796642016259,0.0242997728821959
1457,0.0838625754646796,0.627661772421021,0.0161080671388715
1458,0.106334255468862,0.679713304814356,0.0172499342256357
1459,0.0901609667439483,0.630751324215285,0.0213403806569607
1460,0.0865677677706383,0.688059158367095,0.0167189945024156
1461,0.0846395451107495,0.631660293818548,0.0221967808866359
1462,0.0972139266484576,0.653144463954617,0.0194135326575459
1463,0.0899800255444178,0.691867434293358,0.0208736888072784
1464,0.0878945109108822,0.679760573062969,0.0135870913251535
1465,0.102259531300882,0.710305226087326,0.0143880824851414
1466,0.0889384459816867,0.618164903894186,0.023519141857492
1467,0.0952482106093634,0.707763712573595,0.0215967385087278
1468,0.0884961629880847,0.697778946334552,0.0254335498468797
1469,0.0960883253685591,0.6915382050619,0.0231406593322943
1470,0.0910860416679803,0.703179577091383,0.0217411962171742
1471,0.0959839137561751,0.66700271406424,0.023497345424254
1472,0.0948039267950566,0.633697179711134,0.0271477364593414
1473,0.0783655555173894,0.677050015184352,0.0301648306185059
1474,0.0961417709220955,0.683132699319473,0.0200579790803485
1475,0.093516322379193,0.668192169483747,0.0214898891788827
1476,0.112559169886295,0.71586882370708,0.0306922422373588
1477,0.0832860587614663,0.644054709002701,0.022897870156087
1478,0.0906662578873036,0.61387109045731,0.020871929819837
1479,0.074769258293172,0.61465246056674,0.021953992931566
1480,0.0807270006886349,0.57658525034638,0.0343043120443482
1481,0.0821562944165805,0.621515782146848,0.0218672046417908
1482,0.106204300613382,0.592315783892895,0.0289237392133504
1483,0.0965358142326979,0.582508140688952,0.018594976293114
1484,0.101739465672798,0.656323755703145,0.0204697396216011
1485,0.082561103525981,0.480849793234322,0.0238941550283584
1486,0.0867779311505886,0.437344641829743,0.0235773738189285
1487,0.108625902072771,0.432467899630929,0.0267535405367105
1488,0.118414981749116,0.49803617297131,0.044015929251736
1489,0.105237260255295,0.433471867214684,0.020019394446681
1490,0.106149837760605,0.454653217239796,0.0284000588510728
1491,0.10694124522727,0.450020815007358,0.0387141442794331
1492,0.109456644309756,0.429544975543314,0.0413105542607761
1493,0.0706324522759185,0.380246457388013,0.0469095880003703
1494,0.0787822554039114,0.433225382343792,0.0285031639560184
1495,0.135669879528752,0.44146195719071,0.0280592022956255
1496,0.100175502223732,0.434668434457843,0.0361605177544507
1497,0.090131198542161,0.43070379463247,0.031514861747806
1498,0.0952808368787394,0.441689133295536,0.0402403083543322
1499,0.084934595224243,0.423545303484272,0.0368108579080405
1500,0.0914774658076936,0.430718855551558,0.0229223585542108
1501,0.0896928515015297,0.446070735293838,0.0213626133101556
1502,0.116262724708576,0.438299488003993,0.030814704241914
1503,0.0960656837308276,0.438695546860963,0.0321357673635068
1504,0.108776856211651,0.432144149641516,0.0318945163725705
1505,0.0983865340101888,0.434592997954356,0.0410481313939519
1506,0.0847067582977069,0.447214347728401,0.047183671712098
1507,0.10841498306617,0.457094927581348,0.0222250106405003
1508,0.0969966624138475,0.423872619629405,0.0364963954783941
1509,0.0888584081157877,0.452804173263224,0.0251606086146904
1510,0.0887832368274249,0.447133120993864,0.0275562932996482
1511,0.1016155797791,0.450274880110491,0.0383432081174993
1512,0.0778267314474364,0.447933018318246,0.0340780585979872
1513,0.0897048386255348,0.45605026525497,0.0228868593583922
1514,0.0780788101800813,0.458803499901262,0.0327735714665738
1515,0.0746804494311139,0.424645344742356,0.0368194237678224
1516,0.093661902923013,0.43352406952643,0.0333696323677906
1517,0.103556596549495,0.440710780591242,0.0240437908589476
1518,0.0659573697003892,0.443002960097725,0.0591755160598468
1519,0.102468235511128,0.430573048638172,0.0303890215168025
1520,0.093043046697664,0.425963466786369,0.0320565725752297
1521,0.106679868489057,0.452350519675949,0.0244053778118412
1522,0.0965412032111496,0.282950331161562,0.0518110967627649
1523,0.0797035740553195,0.375231153783388,0.0508129399800329
1524,0.0915652844865614,0.374538403095445,0.0337237092906897
1525,0.115952834256567,0.445570794010436,0.0491313782783492
1526,0.102511872355934,0.437054893606302,0.0371640923676089
1527,0.0752940722774532,0.425196063208826,0.0434448737560405
1528,0.107807474641095,0.420845636221449,0.0296618608176432
1529,0.0853958695024634,0.444980735787524,0.0371900607339655
1530,0.0905015279564928,0.446321903597676,0.0423913299018539
1531,0.0936790600113024,0.435524454070348,0.0445580562226057
1532,0.103357215650329,0.457401947940521,0.0267654602486043
1533,0.0932393884849024,0.46880326381969,0.0276045652311456
1534,0.1100515531705,0.455416881326886,0.0309679449658031
1535,0.120438961555323,0.454180533062311,0.0453896098478861
1536,0.106509636279763,0.427719500763347,0.0533638131712839
1537,0.106509636279763,0.425589333660495,0.0368118811021476
1538,0.0998136865051772,0.430813035709892,0.0421901605532223
1539,0.0944029305420416,0.440535567687661,0.0289149291099195
1540,0.0900660868802138,0.433857983968346,0.0265519647033617
1541,0.0883165631797146,0.42347767834026,0.0384710001655266
1542,0.110031398289449,0.438318045112966,0.0332837466017611
1543,0.0988949980279537,0.439831858891383,0.0347247256547757
1544,0.119583544999215,0.447122845901271,0.0417276015483175
1545,0.117923710752303,0.438605187546,0.040427513308352
1546,0.109328836503712,0.426578127067168,0.0322491897045716
1547,0.083573100503307,0.42834050086645,0.0296108312459235
1548,0.0881419089835762,0.445290796306709,0.0294386471971033
1549,0.107053855886506,0.428007889639579,0.0378779924293987
1550,0.104149054851524,0.430640028244035,0.0304843182697965
1551,0.102766094401209,0.4434320202088,0.0400074891579872
1552,0.105498037744177,0.434466629546392,0.045550329764296
1553,0.0855953659888889,0.432678229046958,0.0374768603537115
1554,0.0905345691463891,0.45348455117862,0.0288063740650305
1555,0.0990107833002575,0.452133856789021,0.035667468972089
1556,0.0986776182705869,0.437078488260359,0.0344489450929366
1557,0.0788574948753666,0.442470613383006,0.0627435998861214
1558,0.0753015134012769,0.422933523750685,0.0294005106910536
1559,0.131854901032807,0.424179439500104,0.0337072893398195
1560,0.0866281406042236,0.443670466286838,0.0475589185853716
1561,0.110413606733875,0.452250087581876,0.0422168143707515
1562,0.094397724228218,0.439387479412343,0.0281466268578477
1563,0.116570441179698,0.425950817077097,0.0390902830097481
1564,0.0630530165500196,0.443120441107787,0.0362322937471971
1565,0.127712184430405,0.423995252639388,0.0257980467516262
1566,0.0995172256159825,0.450625302647701,0.0239544628223761
1567,0.104594673571593,0.445944047715095,0.0311837512608598
1568,0.116155454963034,0.393537522850582,0.0282914342695793
1569,0.105566864557716,0.442985798770117,0.0269091415072934
1570,0.107809260706738,0.437876205658989,0.029390172652621
1571,0.0923793617885606,0.445982000809802,0.0461665802122383
1572,0.0894245419737128,0.426057803041352,0.0380382729769525
1573,0.0902504072579002,0.445628052216794,0.0246759496099822
1574,0.0990889787682395,0.445026851278223,0.0397428558347842
1575,0.130241216390661,0.428113048362994,0.0411087716023208
1576,0.111653808574773,0.429340760620348,0.0339252762899865
1577,0.117634592960246,0.426929658868648,0.0226737627972619
1578,0.117634592960246,0.428632864015487,0.0384218928937165
1579,0.0917540511995111,0.429930706093451,0.0315912966770562
1580,0.0980903794158798,0.431660758909092,0.0466593825361596
1581,0.0830375900955757,0.432193761503971,0.0449595255383
1582,0.0832386780191748,0.422873814890245,0.049797095318432
1583,0.0768413359708658,0.433825927904496,0.0472896874621242
1584,0.102049282910215,0.444131691938329,0.0248148518070067
1585,0.0831761556339282,0.436231302288988,0.0313455187498966
1586,0.0925037392306179,0.483603779922496,0.0363596526337761
1587,0.0763692865138413,0.430144279158418,0.0332262874426591
1588,0.0931922050811898,0.434852169243846,0.0376895277852108
1589,0.103318619890906,0.429483248242368,0.0516581017284251
1590,0.0943111271935758,0.440878437907542,0.0307512819426533
1591,0.0854201469534788,0.444394890411093,0.0465774349934764
1592,0.0988956780483185,0.428608053587764,0.0371409794334442
1593,0.0909572885392899,0.425699377690689,0.0424402157765924
1594,0.0984019222110091,0.450530179213712,0.0380530646582688
1595,0.0934397828450858,0.448192654346261,0.0294809315670422
1596,0.0998614409210658,0.422766181280209,0.019521223684755
1597,0.0971994318529333,0.403169814923107,0.0298251281486832
1598,0.118381733567208,0.440121026541567,0.0383025985121149
1599,0.10289831767175,0.445072339504308,0.027392555654376
1600,0.125933300323828,0.444863108997819,0.0292098298107802
1601,0.0900313212284878,0.429181057405788,0.0273788123120134
1602,0.107909713966543,0.431477050163797,0.0229176155492085
1603,0.0867574451465592,0.430909059301563,0.0306910115158621
1604,0.0988623154191242,0.433991874213112,0.0404226900712832
1605,0.0855138439200224,0.430306678390977,0.0390368848100725
1606,0.104367720167113,0.429766203060492,0.022744419989673
1607,0.100080316201265,0.425734967719388,0.0392624889177352
1608,0.0899791178711588,0.441125507889647,0.0309874742128953
1609,0.107677999159528,0.446950035130581,0.0509681948656431
1610,0.0848664404022517,0.457447611359374,0.0350172320182842
1611,0.107418467289736,0.443332016245998,0.0202824715088982
1612,0.101786115282538,0.443113783550228,0.0350037065467737
1613,0.0787391024223725,0.42307990263503,0.0311516164191352
1614,0.0937894208386391,0.431893420968845,0.0314209215040468
1615,0.0863608237174749,0.442061678567659,0.0315469116212811
1616,0.091994815828841,0.441608564121654,0.0295354380907488
1617,0.0961167093670813,0.433943897984813,0.0391250995366864
1618,0.102480842703666,0.430308942393264,0.0358614063007572
1619,0.0825395629228907,0.440544128112793,0.0283050635660423
1620,0.0945590263082338,0.425844943901095,0.0288415627649061
1621,0.0930320409292638,0.43787624387019,0.0264683486685443
1622,0.103740910352375,0.438508397922606,0.0434848677995406
1623,0.0981232719031397,0.431925215365526,0.0377593095654693
1624,0.103258010612915,0.425652075107282,0.040933912558294
1625,0.0910632753024932,0.422857838994822,0.0344299157974039
1626,0.0984450969959404,0.424879705267353,0.0265409087359437
1627,0.100931458682559,0.436050121520078,0.0198281459598177
1628,0.0840658553192253,0.415334341366559,0.0387839761402239
1629,0.0806029138287496,0.433484729541467,0.0401251381292219
1630,0.111967593024861,0.439703123617601,0.0475619694719901
1631,0.0854038007300983,0.451366244876418,0.0306954443468435
1632,0.0810741282297356,0.456650919148577,0.0316166645769673
1633,0.0955922195670231,0.441909630567367,0.0437395429864879
1634,0.100761729491471,0.426522307440743,0.0286962793067293
1635,0.0791293982141589,0.402747190633292,0.0405057135249892
1636,0.0926002049156983,0.432224317860424,0.0384446069728322
1637,0.0995697357402834,0.423867657269088,0.035975341476521
1638,0.102464030848763,0.423971783436424,0.0406164221462661
1639,0.0981722821730806,0.455835075439797,0.0400429503006517
1640,0.0975140645517767,0.444821776643601,0.0283616239948846
1641,0.105019516859743,0.451926451479957,0.0356342322698478
1642,0.0982491011866578,0.429009473324898,0.0278902910946516
1643,0.105483237041229,0.44027043812355,0.0218488184614236
1644,0.0858710824472346,0.432178487711209,0.052260846650692
1645,0.0996552346138757,0.428433662837816,0.039178401859293
1646,0.0963849817230331,0.422791830919356,0.0394360446469859
1647,0.0825101531783853,0.428804225500166,0.0328925387253645
1648,0.0987522928998798,0.434204855628062,0.0353898427079484
1649,0.12182368789524,0.439048116160838,0.0425509992171691
1650,0.095104916978074,0.433755865045634,0.0361055329472413
1651,0.0912132113435803,0.458297582294614,0.035574614541718
1652,0.0903611117418748,0.445673624795024,0.038611464601031
1653,0.0915704903082132,0.444044132586582,0.0405663288546869
1654,0.0915972687000708,0.440141234961556,0.036098265526089
1655,0.0860272920930864,0.430929395954978,0.0292335336068569
1656,0.0943929087938374,0.410091219313678,0.0734574757806452
1657,0.0893685956959074,0.446437726883307,0.0235084173060316
1658,0.0889341679779622,0.434900237426591,0.0491761921803521
1659,0.08608574351535,0.431765674808683,0.0353715438819385
1660,0.0871090875026632,0.423126878906827,0.0290588574249082
1661,0.0936240964931091,0.359790665755028,0.0424827765171336
1662,0.0956177017674024,0.351609449599297,0.0398694978242546
1663,0.101502309424655,0.460773425945247,0.0321370524015694
1664,0.102598923336369,0.422698701232664,0.0280395804143072
1665,0.106602570478616,0.428090233241784,0.0397893365480403
1666,0.0855579046853278,0.434306348876087,0.0395630584680111
1667,0.10624180417565,0.428372714779916,0.026445953369858
1668,0.107565858165722,0.430284484110674,0.0342917034654355
1669,0.105037692538245,0.450558855035283,0.0240820984662619
1670,0.102678795214836,0.448184305848562,0.0347207044517408
1671,0.0923860102366943,0.454032168745531,0.0441674018035941
1672,0.0935390463227811,0.433183050910991,0.038258469980975
1673,0.115319604017952,0.426607295090226,0.0385168836573321
1674,0.0998040749932856,0.423379887574153,0.0301957299264321
1675,0.107254670221711,0.447256469977093,0.0256152057934673
1676,0.113686788996543,0.435935901156934,0.0366326084938052
1677,0.106426992454163,0.454890856826565,0.0183677932802161
1678,0.0838666899781953,0.431240197101224,0.0309128651926831
1679,0.0954555998205069,0.480874398640287,0.0276187667859753
1680,0.107999520250385,0.429603994738554,0.0215190523563116
1681,0.10753779046704,0.431011860555108,0.0204840199925061
1682,0.0830246860173415,0.431297339963192,0.0196420911338693
1683,0.102671061156991,0.426012749343604,0.045951327158498
1684,0.0977714725719602,0.439821060913597,0.0371620940796579
1685,0.103315223196994,0.657528316626005,0.0161640543556403
1686,0.086716476711706,0.709925955691559,0.0262480541941026
1687,0.10716416661276,0.66757769645123,0.0284716303142728
1688,0.0740433590460031,0.565158767125915,0.0395877248367221
1689,0.0961490731803267,0.691368659918819,0.0172784433816808
1690,0.0946766406109418,0.638242563857568,0.0312570845732998
1691,0.103709426519667,0.712457556007663,0.0163455771011569
1692,0.081722429132053,0.645483497612089,0.0286907962259798
1693,0.0969353171906166,0.601933175989746,0.0197926830132732
1694,0.0957334849912641,0.654046711716241,0.0223491296793227
1695,0.0852133352007773,0.693779671226838,0.0139030967121011
1696,0.0903211308109164,0.671555170995393,0.0238018271866424
1697,0.0896501282450757,0.585036331869911,0.0185171805455589
1698,0.119384849282109,0.631777480126902,0.0388881883181447
1699,0.0848331733731325,0.69615163859067,0.0254899741957267
1700,0.0880521376336271,0.617392745117068,0.0171450286663763
1701,0.101198599067291,0.600740651963245,0.0231582506913366
1702,0.0768719486503955,0.658019771867423,0.0257268588320981
1703,0.0868607778904236,0.697406361208816,0.0277688767239037
1704,0.0974349949346053,0.705052910291215,0.0211905081021329
1705,0.102478042985497,0.641613846678262,0.0230596199977746
1706,0.0916463095020535,0.707417214579137,0.0202966850198612
1707,0.0787579728910753,0.624071990128174,0.0239743310668786
1708,0.0855269389078972,0.663763821369211,0.0226637592150293
1709,0.0927101134245109,0.571574442370082,0.0256896005289012
1710,0.0772793704530246,0.614085527954483,0.034795252367449
1711,0.10287353171631,0.622183809763293,0.0217142126077666
1712,0.0754098656915619,0.673317645439233,0.0164774682594048
1713,0.0789671760047907,0.599756485716067,0.0229972930270104
1714,0.0954431828694908,0.585321390527295,0.0208033450467906
1715,0.0904816132733767,0.424101723678413,0.0279967227492474
1716,0.079913665074544,0.437263895765201,0.0346009384121616
1717,0.088133749711696,0.4418661215837,0.0364954610377842
1718,0.104194699998546,0.434315318337267,0.0415028212734669
1719,0.0940098487214009,0.450643856173007,0.035671366742424
1720,0.113183905241971,0.448228555431026,0.0216720861219367
1721,0.0764884898966285,0.440735652470346,0.0433377105895263
1722,0.100234790564382,0.446580241327264,0.0416722592354994
1723,0.0923342006075053,0.444156136450249,0.0196691712943604
1724,0.102974734397567,0.426123551848934,0.0380164928233086
1725,0.0846816592129716,0.458113615184618,0.0356205311004587
1726,0.119998189615485,0.444175428236684,0.0345132207321426
1727,0.0890618879290549,0.427043366336408,0.0290312140465919
1728,0.097322539823512,0.428778810705556,0.0342719476108522
1729,0.0941279259182226,0.44637370407895,0.0234495076676952
1730,0.111882179901681,0.432979108197543,0.0396308546895284
1731,0.0955251589430465,0.427886126905741,0.0355868642921434
1732,0.103412340366622,0.442680716756903,0.028000746209269
1733,0.0766465991081939,0.422916009429543,0.0275382759149659
1734,0.097060985691834,0.431315236298575,0.0480360620841897
1735,0.105039228960844,0.42214422468289,0.0375611105984658
1736,0.0832852396779263,0.44501017669814,0.0371166851700735
1737,0.0991268499927538,0.42466379724949,0.0293065694077619
1738,0.068771823869781,0.445668017066668,0.025808826104622
1739,0.0859048325672003,0.397757070853246,0.0396420239128428
1740,0.0621764482677947,0.444950681401969,0.0383653162372178
1741,0.103148760048642,0.427809919348927,0.0380990418370106
1742,0.0949919685985187,0.443286830309901,0.0360513568162257
1743,0.0807816601265537,0.402570485713406,0.0564760327564242
1744,0.102381411369794,0.427702134589736,0.0404185007436597
1745,0.114122821250243,0.423286209547761,0.036281329358097
1746,0.100489454490066,0.450490632647786,0.0285135186220668
1747,0.0995851804420782,0.429520635813993,0.0283674030013039
1748,0.0945033703134726,0.460585866327715,0.018847717162035
1749,0.0800299804253969,0.355949404268546,0.0527394256648438
1750,0.0914346487442403,0.438134489189231,0.0394908185130568
1751,0.112829150435929,0.443123720035645,0.0434728088453134
1752,0.099111059943785,0.447512228588543,0.0382576790445914
1753,0.107304311480063,0.459811194851789,0.0271083401493278
1754,0.113433427608433,0.422867072081318,0.0331525783962109
1755,0.0871143041526255,0.424315716971794,0.0313192923543537
1756,0.103876252774064,0.424086396089934,0.0443687812850926
1757,0.107673387999779,0.422539409480964,0.0305138744409098
1758,0.0599210237438242,0.446651384048535,0.0526009862704735
1759,0.110209586068156,0.422873796820176,0.0432087254070505
1760,0.0975445428981705,0.422449201886973,0.0371352118613667
1761,0.10400577318199,0.31000558913779,0.0475566637637102
1762,0.0989984482600596,0.414280744294286,0.0348906781162445
1763,0.104265590406675,0.49973302108439,0.0280435611169956
1764,0.101632398440889,0.595022735432018,0.019965057221993
1765,0.102869898484993,0.631620174202127,0.0291897126594713
1766,0.0841396954087547,0.677304256452561,0.0269527683290051
1767,0.0955356819002007,0.634453145151137,0.0169164467492141
1768,0.091904604613663,0.718628721405918,0.0341864269569793
1769,0.090247847344999,0.632648335068539,0.016871867789486
1770,0.0878547895150943,0.614059794356237,0.0227529218290151
1771,0.08221798759157,0.648640071906924,0.0235030719582996
1772,0.0988767162941869,0.709119400131525,0.0241208495939402
1773,0.083338626430671,0.605647963764681,0.0232081210457525
1774,0.0962083148855297,0.605844939083249,0.0311382470473453
1775,0.0747133842353001,0.615901778522399,0.032362621900418
1776,0.091913089169946,0.703633103240876,0.0168417704888185
1777,0.121862628338769,0.704035767812615,0.01987749293082
1778,0.0982815492554368,0.707524568800133,0.0218184338385556
1779,0.101028504646606,0.715774339177296,0.018934603561131
1780,0.0827191864942965,0.658474166849095,0.0279603448783569
1781,0.0971326256935009,0.578574104142226,0.0250287627234908
1782,0.0908694608321694,0.698571023469772,0.0176856058091728
1783,0.0848215299646088,0.66918051477676,0.0195865586653689
1784,0.07339899866312,0.698605708940121,0.0155264076149744
1785,0.0879828745375579,0.700039573008316,0.0166280777354406
1786,0.0929863198438879,0.704086655655232,0.0195348949600161
1787,0.104779539504479,0.631213340463107,0.0155972370765088
1788,0.0937784131755809,0.651999899990143,0.0302789232817527
1789,0.0745128656617916,0.629510880794688,0.00984849032104993
1790,0.100256651007748,0.621384493461779,0.0213328435896244
1791,0.0877429754736606,0.670690149210619,0.0231455996553657
1792,0.0912092531805881,0.696609809399002,0.0225525419393489
1793,0.104991312582964,0.668927766926387,0.0238705384545642
1794,0.0663408500734405,0.607627567367319,0.020463974936324
1795,0.0663408500734405,0.563294849125097,0.0245931439801582
1796,0.102285961145702,0.696899060475398,0.0186551902391875
1797,0.103151738126298,0.698278674806058,0.0334092791812972
1798,0.0922416974122994,0.690491301361635,0.015031580723538
1799,0.108094378153615,0.645019429296676,0.0150851650046048
1800,0.0856859960643498,0.633929153517426,0.0304722872114952
1801,0.103914948984179,0.463873161538196,0.0398148848121506
1802,0.109982873199959,0.443516053940418,0.0719619735869078
1803,0.0996313545569412,0.439731897755117,0.0292339098578444
1804,0.101883970536617,0.441399983192277,0.0389899054469613
1805,0.128004216970387,0.426011176458869,0.0320186418551931
1806,0.104449323337081,0.44418833331044,0.027542840284781
1807,0.0713746554992389,0.40440699694646,0.0244740935371106
1808,0.0801832248386061,0.444622244492601,0.0314930286636559
1809,0.100860674971415,0.443179862722706,0.0324262175585684
1810,0.103634724918714,0.431734645487927,0.0323085736158255
1811,0.0936882497486643,0.436904389142161,0.0237820731201524
1812,0.0986319378746962,0.441170239110024,0.0457057927363197
1813,0.0901547472326264,0.428663825570808,0.0396761697979767
1814,0.117740537205381,0.478610179294678,0.0255133760864502
1815,0.081887764470873,0.435592372466097,0.0358886436225899
1816,0.108042548943133,0.422495175216209,0.0264401107081402
1817,0.0923541726053128,0.455947028016824,0.0415214104981454
1818,0.0958255415282922,0.439361640568717,0.0426190026910052
1819,0.0722811710686388,0.432854205343347,0.0239887737343641
1820,0.102113585579752,0.437139955490219,0.0352905410210006
1821,0.0962568821208972,0.434092213225689,0.0301892811587742
1822,0.1038364216119,0.431551775079519,0.0223162531051486
1823,0.0956353183888225,0.41805754688514,0.0368049896100055
1824,0.0972796195321708,0.426294529346446,0.0344831125997407
1825,0.103163947530544,0.434699470755976,0.0403419175639195
1826,0.0935862838526571,0.439016628373696,0.032054571633151
1827,0.0964653215671523,0.437214742866966,0.0330252944513997
1828,0.105744516372747,0.422836121704378,0.0299946036491264
1829,0.083109161612696,0.436141017836402,0.0329979497082867
1830,0.0889228660135117,0.442860626801466,0.0334701078874686
1831,0.108417949400463,0.426061123985301,0.0301289459371749
1832,0.0912308534103209,0.422027237446139,0.03618328998725
1833,0.0656477949957224,0.432050229294409,0.0484274858337479
1834,0.0656477949957224,0.384203017072857,0.076098659611307
1835,0.0940477826457264,0.443482290783412,0.0262415380914465
1836,0.0996434694167488,0.449681937699648,0.0321525183692125
1837,0.104510375234787,0.444484412547254,0.0224292347030547
1838,0.0953475343581005,0.444508989474218,0.035128413256273
1839,0.0710041415603068,0.435979673630133,0.0406579177982713
1840,0.101673390436961,0.426190241923735,0.0225113324845192
1841,0.079483039081406,0.428521608469438,0.0459960821986023
1842,0.0717456589858947,0.447199604590402,0.0369027403354436
1843,0.114093798778845,0.430262488344847,0.0364890965865927
1844,0.118007360088547,0.439574392685763,0.0423751402767714
1845,0.0942350804439776,0.496446389918503,0.0415651524834231
1846,0.0954991977701106,0.4429831865805,0.0432827419601451
1847,0.0914561624676688,0.440290757283088,0.0304959639598365
1848,0.0961813934077713,0.468445924111126,0.029030588395397
1849,0.0784387973498656,0.424827033328385,0.0546919438048073
1850,0.0823738949434865,0.424795384701436,0.0341737573616553
1851,0.102256046854126,0.449059622580306,0.0387978066719287
1852,0.118936106755917,0.439302029505031,0.029959685500955
1853,0.098510383230072,0.427427461060147,0.0362954167531182
1854,0.10682605844518,0.428481880399176,0.0466011724599306
1855,0.107945128866813,0.432581422659897,0.0303930123347531
1856,0.0862977441319873,0.439572848783108,0.0306307709793775
1857,0.0965444228900066,0.451736756764025,0.0213935684111765
1858,0.0943294491919211,0.431973203517253,0.0464839342870125
1859,0.0965232950521156,0.427994403344451,0.0445770328922358
1860,0.0871590136763048,0.438288950193902,0.0281208380579799
1861,0.0903655856594194,0.443486058359881,0.0427376288983426
1862,0.120012678287104,0.433959895939777,0.0399593584343494
1863,0.102773360613083,0.430242467582148,0.0389927896007271
1864,0.0768283191127627,0.433553861526498,0.0469177846359789
1865,0.130151503383239,0.424415649833787,0.0371959939015348
1866,0.108208775571786,0.431364614157829,0.0374026818589131
1867,0.0958813572359273,0.450737365714476,0.0296189792757949
1868,0.110800281630223,0.428767374127783,0.0420236293150876
1869,0.0854468186066911,0.430201326110235,0.0270858500765038
1870,0.0887372031586601,0.411901873950105,0.0301296912890591
1871,0.0953961887757143,0.443642997582488,0.0356165045541413
1872,0.0752931545542154,0.449340855793988,0.0243252673927828
1873,0.0945410449966184,0.436544465204717,0.0356335175200259
1874,0.104544578176579,0.433136678562628,0.0400607551181558
1875,0.0961135127684954,0.443658624649844,0.0427125139585041
1876,0.105676518606946,0.423167347880668,0.021553953363782
1877,0.0862886244448787,0.431278316277956,0.0332047093341143
1878,0.10068561802733,0.459931890229483,0.0214850728948281
1879,0.10064805388171,0.426284932713698,0.0479467351392704
1880,0.101161391948545,0.436080588348437,0.0291204488779771
1881,0.110570080583397,0.431443886092335,0.0400618841234535
1882,0.102772740230789,0.438985736617313,0.0361691600233525
1883,0.0909358440100815,0.449758624705092,0.0324508097226967
1884,0.117062242658372,0.428579122412669,0.0270711269005336
1885,0.117062242658372,0.436050810535465,0.0338683165751497
1886,0.10434378052827,0.454650055118893,0.0390200144443026
1887,0.0915764220714434,0.441689267763321,0.0288460477430074
1888,0.0995109732504986,0.439313639289913,0.040969530073182
1889,0.109222179631728,0.431440411687386,0.0337213894448521
1890,0.0809808018808816,0.434358944517327,0.037611288699607
1891,0.0731133261745094,0.445794517511489,0.0274877952869379
1892,0.0757222267627191,0.437972373586346,0.0390949429986967
1893,0.107581784037153,0.432068912262259,0.0309452413858381
1894,0.0925610907516096,0.440137038105437,0.0410433421825145
1895,0.110912751134714,0.437926630228454,0.031094760730675
1896,0.0955014629156159,0.483097648083299,0.0324584318450595
1897,0.0926580033682019,0.448869154994442,0.0396112550746206
1898,0.0912621870676944,0.42490169839629,0.0358608594256698
1899,0.0696740616893619,0.431508082343853,0.0478638142798455
1900,0.100193634612223,0.437588073350613,0.0461096326520395
1901,0.0978136299595227,0.453309667320811,0.0292533278792362
1902,0.0807352992522729,0.435596659282702,0.0343353352898271
1903,0.0902844376622542,0.435382692113315,0.0257075627698787
1904,0.0837154399941078,0.423168882206531,0.0376184090621998
1905,0.0785918342456667,0.425311496592712,0.0490653521241651
1906,0.0888348191158286,0.428456841845484,0.023685676929964
1907,0.100262981067351,0.445553741855052,0.0350499532839398
1908,0.0876599926580404,0.433775956650803,0.0300280091936075
1909,0.0970971882502062,0.443848646831233,0.0426375320352826
1910,0.0899872800158904,0.458077595601187,0.0234848856686728
1911,0.093334414900946,0.443608548666508,0.0342520279671505
1912,0.104246367347262,0.432819938796864,0.028047989697123
1913,0.090506135539417,0.473234813632004,0.0328173316835608
1914,0.0804735533291718,0.431977993204559,0.046950121521097
1915,0.104078815178393,0.444161374645578,0.0253487355810645
1916,0.0946113458308787,0.445545410630734,0.0424554742143122
1917,0.115208172300553,0.341437131209734,0.0390219288072462
1918,0.101289687249002,0.422910167124142,0.0440450954589944
1919,0.0995721769282919,0.434233291706111,0.0546266994722034
1920,0.0916504293820401,0.426345564278663,0.0323471982709523
1921,0.101884164332636,0.42692456369769,0.0296013044111207
1922,0.10187591070662,0.442323733504473,0.0277082693289687
1923,0.104930530146624,0.423325664610163,0.0393236557450876
1924,0.0991468943080021,0.43815481166158,0.0567448100826529
1925,0.0862859009797001,0.445448644329932,0.0313496960051837
1926,0.086640898902248,0.431204126117517,0.0478438556674164
1927,0.0941534852591105,0.450291825720212,0.03020348165533
1928,0.0896450374708729,0.441748869431614,0.0301155535387138
1929,0.0780505194625157,0.440234553300396,0.0344209633867514
1930,0.0872078840933549,0.499825418420755,0.0280605159659809
1931,0.085384398295932,0.441406643417606,0.029029101390656
1932,0.104337102505732,0.452074463566333,0.0400011656262986
1933,0.119369025029047,0.43134492021324,0.0395886896923143
1934,0.0924288401288625,0.435618874192735,0.0338396453722103
1935,0.0995561421477271,0.422171163894984,0.0306924372419104
1936,0.0976933494702652,0.442576357307801,0.0292815579355625
1937,0.103780594537442,0.44176443805142,0.0305777775379496
1938,0.0953362335157736,0.437916301559299,0.0318872446924298
1939,0.103468456388137,0.433367907129572,0.0397741895603584
1940,0.110432621694393,0.422222986052226,0.0320186874368416
1941,0.100499787152268,0.444711501045285,0.0263604454528457
1942,0.0917572749916107,0.42415855255676,0.0479249780328357
1943,0.0874219357915271,0.437532090260053,0.0362346415930535
1944,0.0862214891512534,0.446769383983438,0.062344204759148
1945,0.0941210641250781,0.429141878521233,0.025804274773412
1946,0.0962284448888891,0.438392053494167,0.0340419911907235
1947,0.0657492699107685,0.43163201901939,0.0370546395940649
1948,0.116821642875675,0.435705087243369,0.0329650943732559
1949,0.104495306261214,0.4502845509251,0.0241757879671512
1950,0.0888341017841625,0.435251238745558,0.0289647151784
1951,0.0934838127385017,0.422086829122409,0.0485010971584375
1952,0.0876767404342082,0.439062364811601,0.0402355062969106
1953,0.0718963099429985,0.435687315432533,0.0475044388556058
1954,0.0952155853304261,0.446434678976307,0.0378983083090144
1955,0.103118237535206,0.451328230448954,0.0352856012732143
1956,0.087832210280058,0.429414683968445,0.0390800908928546
1957,0.0964802866218554,0.445465163360545,0.0331420615503486
1958,0.0973663771745892,0.436181598424256,0.0491518255136832
1959,0.0890885138070612,0.426791055094872,0.0529778233678117
1960,0.098981687784873,0.439456975031452,0.0331297369758337
1961,0.0964233026145036,0.431991031782428,0.0370936878304478
1962,0.0899508119863797,0.422581870587968,0.0336191651212716
1963,0.0826799421485219,0.439601269897638,0.0318637825089259
1964,0.102728349849515,0.438866596752899,0.0393630010500474
1965,0.077386334697482,0.431653791269028,0.0375245675209172
1966,0.095878231401254,0.432999534785121,0.0270962919850158
1967,0.0578880324858571,0.43028626728425,0.0264279376712754
1968,0.0578880324858571,0.425934176320346,0.0354734884727269
1969,0.10395265147315,0.446922614609718,0.0265608420433814
1970,0.113005726964358,0.4441894245331,0.0279328882538863
1971,0.0850577090779643,0.436386971757903,0.030010084761698
1972,0.099064455260859,0.425070596527827,0.0352074256639453
1973,0.0866552004286494,0.439315864701992,0.0440592270933769
1974,0.0721773031285527,0.44062422076636,0.0385824571015858
1975,0.120046141073835,0.459886206408834,0.0256149944499871
1976,0.120046141073835,0.436882224038116,0.0442464874957536
1977,0.0943923225744294,0.438814323757178,0.0227466728412922
1978,0.100419487383722,0.432436915395281,0.0236149253227639
1979,0.0825571492526541,0.448706531656468,0.0351346065897392
1980,0.0874143293226773,0.445836959503168,0.0244675861298125
1981,0.10188486881425,0.429262815359458,0.0406183164590143
1982,0.109975373014327,0.461129102122932,0.0308277366210102
1983,0.0958500082235917,0.423854777686616,0.0218093775772575
1984,0.0949662703268866,0.428770365251369,0.0437156445188995
1985,0.0972304008164455,0.4358550920616,0.0415813102631365
1986,0.093227848663527,0.426827173807993,0.0339911401751912
1987,0.123730167329306,0.357397225817325,0.0293085253371854
1988,0.107421831884189,0.424809016242374,0.0424997488712892
1989,0.103789292080619,0.442623502720147,0.0262792823413815
1990,0.0806293768265906,0.452813970892234,0.0312040263161108
1991,0.11619804169226,0.445498961048854,0.0418384297675676
1992,0.0927391642968744,0.428916400809009,0.0415508833689371
1993,0.110253110815222,0.433726530702814,0.0327606124252912
1994,0.0884908166392882,0.440702642271273,0.0352919255056918
1995,0.110480623282924,0.43367662538553,0.0657816680070905
1996,0.104026733923811,0.423251364004654,0.0265366107189077
1997,0.114801740817548,0.437412680538968,0.04833486251798
1998,0.0767218561113873,0.499215177764912,0.0251658050029301
1999,0.093079675079861,0.427815937939217,0.031119289445432
2000,0.0843486148712843,0.43845516937085,0.0581300981739132
2001,0.0848324816137184,0.427306466416595,0.0349686595746071
2002,0.0923332406526797,0.383574402542974,0.0482823300147065
2003,0.0945063091234899,0.433643113700859,0.0255359841979412
2004,0.0983247774079774,0.452110234225705,0.030401103019003
2005,0.105955245158197,0.433380603852938,0.0414571011729315
2006,0.0902130610509135,0.432365645446637,0.0358974676196835
2007,0.0849322773481231,0.454299902785176,0.0234165725661616
2008,0.0531089056679021,0.442709450978791,0.0405034575132432
2009,0.0531089056679021,0.45217326405478,0.0440763648708256
2010,0.083129121262357,0.455913518384228,0.0279906272624785
2011,0.0656290601340201,0.440045828040744,0.0293133944851955
2012,0.101685442441866,0.432126944792975,0.0430494316843946
2013,0.100843620123878,0.436951618684176,0.0329867022429691
2014,0.0742827672194572,0.440849094567767,0.0556501151401252
2015,0.107413122668373,0.427730087606073,0.029806632423587
2016,0.111477546564137,0.500415278642153,0.0427899995504603
2017,0.0876382510914964,0.445461694085309,0.0460084327240817
2018,0.0955761773392142,0.432774834011015,0.0436136758739116
2019,0.135743203480293,0.474317549610626,0.0282536447906384
2020,0.106438394960706,0.436845338285282,0.0561399671765397
2021,0.0839756598546492,0.447468028672457,0.041037026719147
2022,0.0935353901234734,0.436490669485846,0.0403936213558813
2023,0.0893286896949179,0.442551881842961,0.0410448168862239
2024,0.0741668885288055,0.429950709103732,0.038661032701087
2025,0.101112763499504,0.452779758264177,0.0268640823177561
2026,0.101302333064633,0.35582647380821,0.0396713582724131
2027,0.0921552502354523,0.430220748516606,0.0336556747333403
2028,0.102529628606796,0.425420094238336,0.0307175794751007
2029,0.110226927997812,0.441456188888142,0.0298833557965502
2030,0.0806884590263129,0.438986267992309,0.0393036993519753
2031,0.0946320481353436,0.439071073899314,0.0388680271119824
2032,0.0906830007739934,0.427128655192379,0.0478285501576107
2033,0.109468324940253,0.438194442243833,0.0324875612056384
2034,0.0843872674653335,0.423093014878343,0.0444874972370433
2035,0.103716195898959,0.425680296399104,0.0432037782918884
2036,0.110003765412961,0.446731944901602,0.0311791238225039
2037,0.0771319115283095,0.433413937975984,0.0320142244874148
2038,0.0943619490830851,0.438807034265631,0.0321474857174843
2039,0.0821915021761712,0.439630018393033,0.0322841425513776
2040,0.0957757457121304,0.433289152375251,0.0440638992994776
2041,0.0635827441296686,0.422544215320153,0.0353286788955865
2042,0.0987835775037957,0.426584801540937,0.0364432893749571
2043,0.0947369225165212,0.433724918793116,0.0312323987791018
2044,0.0946717572113211,0.438520061968648,0.0339430829616153
2045,0.0921496658706153,0.431511211069865,0.028907352718886
2046,0.107250302800956,0.433550228540748,0.0351247071776438
2047,0.105412271947298,0.422882001247814,0.024197538158165
2048,0.0956554993906803,0.42509736704183,0.0441176888747613
2049,0.101167804168058,0.442538303378359,0.0422868422472839
2050,0.0773881660127783,0.525763931523249,0.0394881252485765
2051,0.0739691281653029,0.427949251120273,0.0660147918797029
2052,0.0826087272111202,0.455246114675709,0.0437567724382591
2053,0.0835670497305551,0.437278650068882,0.0710027116893294
2054,0.0876041688579592,0.426640003631096,0.0244421757526025
2055,0.1108406679844,0.437735442031742,0.0283774946304976
2056,0.101980768347902,0.445923556871654,0.0307298729418885
2057,0.0936733949766429,0.437065222643659,0.0226801908358941
2058,0.0697742259325875,0.44119775546279,0.0336504032535246
2059,0.0560628205987426,0.437783547319458,0.0551311710820714
2060,0.0560628205987426,0.380273092725927,0.0475083277468449
2061,0.0693777080602185,0.257915431982764,0.0452173225891113
2062,0.0882668609731768,0.458514241804684,0.0276556979779432
2063,0.0911849549981726,0.422135189613524,0.0377414315101041
2064,0.105055177501839,0.434640515562949,0.0432957312182189
2065,0.111854383691802,0.453465403727082,0.0277094588740792
2066,0.101307296100265,0.44091652291056,0.0299325888689182
2067,0.0996802830360336,0.436327672193524,0.0361236010267051
2068,0.0991121292185287,0.446388232957099,0.038468621120002
2069,0.0787486235201347,0.443077180459282,0.0442000476456675
2070,0.0794563638278719,0.445173695033296,0.028038045679591
2071,0.0953356654894626,0.428086584738104,0.0395726054760393
2072,0.0850369826001856,0.444127758509818,0.0321959596919245
2073,0.102823871861835,0.458333742445659,0.0326414061761119
2074,0.0998488633231344,0.432613839171483,0.0246587672633522
2075,0.0961063511997085,0.448719427004905,0.0246176897117459
2076,0.0907315950921431,0.444954855142385,0.0245070081582959
2077,0.0749448129584945,0.4256076831015,0.0465451177744334
2078,0.0815812710329334,0.432764234107133,0.0462730594559024
2079,0.0963209492204645,0.42256209242485,0.0503681228888525
2080,0.0930300731556025,0.439020923598103,0.0303430262878131
2081,0.0847136269843022,0.422161731493075,0.0387061482248856
2082,0.0882035663800698,0.45709317453867,0.039472306925134
2083,0.0955502618136262,0.438205440880269,0.0367503286443969
2084,0.0932914630290934,0.405559557054173,0.0433164149839418
2085,0.116512681300764,0.309730774132595,0.0516033082049915
2086,0.116512681300764,0.444331106821659,0.0278142556116909
2087,0.102044430907333,0.44243572494875,0.0427568301138635
2088,0.0613425220921829,0.446848130391729,0.0395052972327213
2089,0.0613425220921829,0.436523783147139,0.0290275657886631
2090,0.0613425220921829,0.491221297387552,0.0263027280507499
2091,0.0965508375202879,0.395819391175713,0.05543686058063
2092,0.0771143759052972,0.455385097404229,0.0589025477449622
2093,0.102483390853481,0.424492574697124,0.0413872160349925
2094,0.0780339738751109,0.43773930275161,0.0345008923781433
2095,0.0972780104563149,0.444112060210268,0.0405484179375235
2096,0.0904416589992077,0.46671225030545,0.0371593782212073
2097,0.0973510198711226,0.444826607706688,0.0411342541489031
2098,0.0961118703249605,0.448179863499428,0.0206940632393406
2099,0.106344326275069,0.422096845566787,0.0488048950875107
2100,0.0869160966486575,0.454885691456308,0.0419446469501362
2101,0.0809833775382901,0.43305998021697,0.0451872734318086
2102,0.111514672551561,0.441565498869457,0.0245652063905645
2103,0.0938439041788488,0.422357249739736,0.0319847877930326
2104,0.117256073742797,0.325532679015697,0.0291963669588247
2105,0.0711084625606048,0.438723296275077,0.0546247011937257
2106,0.104771373201364,0.437274644316421,0.0570953851128767
2107,0.0979672632934536,0.427230879672364,0.040361008003612
2108,0.122597603081589,0.434253755426975,0.0240135471806991
2109,0.0998446509764314,0.433476471084082,0.0421183648682367
2110,0.0968565892629067,0.469759943918641,0.0482415655454309
2111,0.104743411625236,0.440847994928174,0.0311764729124488
2112,0.10026246000222,0.432187326637125,0.0291360002630168
2113,0.10008399215657,0.445018992584053,0.0347527252382503
2114,0.109948608864649,0.440299759908525,0.0531571822224428
2115,0.115724890908449,0.426390591830732,0.0368278158003906
2116,0.103597745576137,0.443203147494638,0.0379975879918263
2117,0.094790410028145,0.438980486606918,0.0352311408179467
2118,0.0960621246073344,0.466275109600165,0.0336416414058424
2119,0.0830073285331009,0.423211899297127,0.0421013945716397
2120,0.0985262785186494,0.440524164787424,0.0348031167673025
2121,0.0956664378247669,0.429638441887324,0.0442281195528213
2122,0.111242829440778,0.442022583791866,0.0338240203536751
2123,0.0966382795866463,0.434669646812068,0.025840009329587
2124,0.109847744041799,0.426888157226383,0.0284909714011759
2125,0.0931983990789987,0.424025277999169,0.0307114798466664
2126,0.0883321777169602,0.433967116867292,0.0469939670236242
2127,0.0845477302503536,0.433316249498876,0.066079201543272
2128,0.105999353839434,0.432365553283916,0.0423941190460677
2129,0.0737157710249855,0.44485042140883,0.0289764274536662
2130,0.104720169768862,0.447203221130272,0.0349841957043555
2131,0.109177215582901,0.423359400010664,0.033640188516545
2132,0.088492223767224,0.438393171428118,0.0423090013662432
2133,0.0885513570400975,0.428885415689102,0.0342705815732654
2134,0.101437831640239,0.430429196568448,0.0374676987634573
2135,0.0937630054037477,0.434077205561799,0.0244114445997177
2136,0.126722467665916,0.445359597623672,0.0264002241594045
2137,0.0838940301750161,0.434309532569818,0.0368128288717177
2138,0.0973153307653406,0.422214218060247,0.0420085466407687
2139,0.103628966216415,0.43659419834465,0.0448509929690915
2140,0.107016446049199,0.335011141638869,0.0614382987713446
2141,0.0915182070933409,0.305111958669416,0.0375907821726895
2142,0.113435664663747,0.432867030831098,0.0256894462662598
2143,0.0943787777878315,0.437907933881394,0.0399932673321833
2144,0.100623619959698,0.428695131329538,0.0373844984929533
2145,0.0903054290867349,0.426730169884842,0.0321798162918552
2146,0.0967841079673627,0.424343002021602,0.0336384425003321
2147,0.0910571118803037,0.428910589902655,0.0266253524763293
2148,0.0976849135472657,0.438198780102104,0.0386405927170203
2149,0.0863444563011979,0.439016264831844,0.0379654201526865
2150,0.110569624515199,0.435448562684643,0.0302841086169958
2151,0.0994366875770051,0.458828321330021,0.0309518767742481
2152,0.0993261532221864,0.434084029689142,0.028134323420719
2153,0.0953751761427196,0.457841662331855,0.0340896470971062
2154,0.0944320838446793,0.437199115698654,0.0328099633551816
2155,0.0774599843740289,0.440249447332237,0.0408493378411597
2156,0.0945488483828705,0.44702487939352,0.0406077325992554
2157,0.0781039955766088,0.442181471982395,0.0270622953448026
2158,0.101177734230816,0.42592011392405,0.0249709616874519
2159,0.0998395217984189,0.423426798359736,0.0345782931482113
2160,0.0591389341660675,0.429820471636665,0.0257921278223874
2161,0.0765757749009142,0.444159974744805,0.0294821780144898
2162,0.088579414111551,0.442112565169365,0.0326259270738769
2163,0.0892966477968088,0.455703953480787,0.0417055335784212
2164,0.0898496514415449,0.444360061939823,0.036478792457803
2165,0.0902954800662502,0.43681510267736,0.0327486072537252
2166,0.0909622223709693,0.437070015933193,0.0446640477389571
2167,0.0916815357801189,0.438857630307363,0.0437971436753105
2168,0.106541656188627,0.43179493513101,0.0490806183958389
2169,0.10088948487348,0.324247282401726,0.0403530757930282
2170,0.0882797474864564,0.243745337119841,0.0515959072841906
2171,0.0989676941611907,0.257154362735194,0.0540013677314095
2172,0.0684312851674203,0.268806808869266,0.0528922795741575
2173,0.074442926706409,0.278970152150291,0.0676449788665912
2174,0.0864232136843723,0.429519344703846,0.0320545659385727
2175,0.106403170762558,0.451125906683295,0.0269324139564947
2176,0.0796727793957079,0.439177384293218,0.0439203369010677
2177,0.0986193118081619,0.435692239047085,0.0340573913942561
2178,0.104794613559707,0.425400924272437,0.0340283292709917
2179,0.08481179241811,0.448459329230329,0.0393116270240009
2180,0.107534505713359,0.445856111375539,0.036539064774551
2181,0.102758856508031,0.438296419065122,0.0863044805489383
2182,0.090419567376659,0.458545554140456,0.0375267220854948
2183,0.116609362243241,0.441475263042101,0.0364900593737141
2184,0.0791510441909363,0.438652895678006,0.0284440578412196
2185,0.0918246314640087,0.439744823613245,0.0355752584937431
2186,0.0955909420763441,0.430234213850592,0.028227205896947
2187,0.102119445970157,0.4377198589419,0.0301512479382508
2188,0.0724131867941158,0.441872555931156,0.047906074971313
2189,0.0618850974113415,0.423798424312652,0.0341737800757742
2190,0.0982366224228921,0.434776167748698,0.0405623630213453
2191,0.0842835480863068,0.439366338466356,0.0346947999405763
2192,0.0939570911192032,0.432233602090284,0.0522025200365761
2193,0.107344188662931,0.438909616246763,0.0279605275053185
2194,0.0716251058073979,0.457343034518516,0.0271844600290986
2195,0.082950657660933,0.435671313513926,0.0326290896758679
2196,0.112104355500065,0.443328175328364,0.0276221158643955
2197,0.105856063951275,0.431061089040844,0.0350161100578646
2198,0.094053867128477,0.432210111356701,0.0271035009473721
2199,0.09172458675154,0.435668868545793,0.0255127244370664
2200,0.102295516947749,0.454872274640832,0.0235429286154538
2201,0.102857432680519,0.453145566185527,0.0299364356579344
2202,0.0951282467068623,0.433155242192718,0.0634661637883796
2203,0.117044973938535,0.454742643675581,0.028765773243481
2204,0.07442791870532,0.442697999199992,0.0345336658361001
2205,0.07442791870532,0.445591050428366,0.0464362796248977
2206,0.0957688026369617,0.42946137607953,0.0406131049235645
2207,0.0982127505388346,0.446386587116118,0.0246406568220799
2208,0.0895486165403102,0.424044473436377,0.0296353634539913
2209,0.0937138549027197,0.426308391211227,0.0340488025927837
2210,0.0982888392415442,0.438057357899137,0.0368202125375921
2211,0.0914371562547551,0.443482599665728,0.0334771032906622
2212,0.0923254288529146,0.428543531143075,0.034467441508609
2213,0.104044211613156,0.444324018753542,0.0358528975737463
2214,0.109963048807071,0.440134893105698,0.0337636083600513
2215,0.0974314925523091,0.423249428466515,0.0298693308050337
2216,0.118583111058397,0.431951573187663,0.0305122954676965
2217,0.0911907186884729,0.451994308928311,0.0308663246566639
2218,0.110871285538632,0.446848996251313,0.0415220736475808
2219,0.0847398449365056,0.423191684233979,0.0463391626037741
2220,0.102912580338228,0.460557290281251,0.0302418874217231
2221,0.105875451520667,0.4288770600259,0.0420223881093497
2222,0.0914491167403618,0.423567061709213,0.0624802769122736
2223,0.114258789371081,0.423007823164359,0.0423697522547408
2224,0.114258789371081,0.429321236997544,0.0239333126830558
2225,0.0723291548730299,0.43223391533997,0.0366161367490504
2226,0.107844196458709,0.411847457379558,0.034721291309021
2227,0.0887035450011634,0.381705455588208,0.0472501102277789
2228,0.0985445193765782,0.394499275501722,0.0585910996063825
2229,0.102996905073608,0.435682857524465,0.0259372942332623
2230,0.113879759279477,0.433534227003047,0.030782495271507
2231,0.063376672256137,0.446678661384827,0.0263947084602616
2232,0.0831604218754865,0.446728761186955,0.0409836928008234
2233,0.101659392349894,0.448812616800322,0.0237849408301925
2234,0.0796476345585806,0.445333016541662,0.0490454605936953
2235,0.0814048998016724,0.42285099457869,0.0295909986432732
2236,0.0853533845969394,0.449089442432605,0.0253016033986094
2237,0.0974523643487518,0.455792926173703,0.0276652497525517
2238,0.0979381403989959,0.460453890627859,0.0189290480984302
2239,0.0932874713761069,0.445171272120564,0.028651229423829
2240,0.0792433557081796,0.428352132759661,0.0367536722461741
2241,0.0902049242851261,0.447809894974506,0.0455565123182425
2242,0.101076387728789,0.445997628919843,0.0331886341639847
2243,0.0964541258701415,0.454208335745237,0.0302038649509802
2244,0.085686371728235,0.43826472292553,0.0330046631540441
2245,0.0909946097192632,0.44023967687705,0.0313741903614027
2246,0.119994797683556,0.367301063562062,0.041784302909906
2247,0.0598383136860957,0.357410182172092,0.0547786896191986
2248,0.0972259911673449,0.346933906009958,0.0382327466574689
2249,0.130133125986511,0.274727830465956,0.0556464170741756
2250,0.130133125986511,0.258347682154447,0.0482522235325762
2251,0.130133125986511,0.4306155422954,0.0325778525552799
2252,0.130133125986511,0.434264844824484,0.0447916700733764
2253,0.130133125986511,0.441113819172076,0.029989184082745
2254,0.125365475777583,0.445366541687738,0.0261728979109875
2255,0.085971110846295,0.422392672673039,0.036978073752311
2256,0.10175516642489,0.440846573665085,0.0255588948169125
2257,0.0740140893667185,0.432040879307989,0.0361675192407259
2258,0.0822566632573622,0.433163395234971,0.0352856589460899
2259,0.116031399005476,0.434044574510474,0.0510720255667734
2260,0.0992424581645638,0.436335139183857,0.0229628013331575
2261,0.0966135010758234,0.438584680643412,0.0248351931780124
2262,0.10117990645032,0.446953866326421,0.0290224032968449
2263,0.105743204568798,0.431909642136305,0.0278397279397537
2264,0.0956359735487248,0.439825537521804,0.0298712810098536
2265,0.0782778766616229,0.395213854351793,0.0597883629252784
2266,0.131937817390603,0.454230840368452,0.0292887956691859
2267,0.0991762492343782,0.42242966665529,0.028089079499488
2268,0.0966417432120039,0.428883554252104,0.025016428841376
2269,0.123383742867988,0.430159147779231,0.0336304530204479
2270,0.0983045576171695,0.423595729716474,0.0420662099403354
2271,0.0674859319438135,0.430172812191944,0.0390656339098854
2272,0.0627659032067357,0.434994588110259,0.0576196907523013
2273,0.0929875301305488,0.471601308933963,0.0278233271872761
2274,0.0890962376595705,0.442411465365064,0.0461839644336676
2275,0.0996260649825965,0.336474935071012,0.073952316094555
2276,0.0911994647302349,0.279038063804109,0.055152720584453
2277,0.115135230075491,0.451632674108004,0.0372970034025308
2278,0.0925475293947402,0.407755071654766,0.0553493285987988
2279,0.100448783783215,0.36647773025843,0.0319524270245241
2280,0.0868254638620685,0.266267138186412,0.0542473802623245
2281,0.0940022852543943,0.352957679474318,0.0437043410445284
2282,0.102653399602509,0.429102002498026,0.0298570962585617
2283,0.0921136882636753,0.423497541774031,0.0303967479579869
2284,0.111090054630673,0.432345264522996,0.0388419103770229
2285,0.085162187067468,0.451177944972327,0.032221790461645
2286,0.0920736835837429,0.447028115132522,0.0448267000161737
2287,0.12650887957276,0.443247655448984,0.0273594191483097
2288,0.12650887957276,0.44392463261264,0.0298370135067329
2289,0.0944659250348418,0.438399051413821,0.0283041333783487
2290,0.116597910279115,0.441380817180385,0.0300244338689609
2291,0.0809351517039991,0.444529898263529,0.0242473690329158
2292,0.0910218549909503,0.43408114395365,0.0377682725178738
2293,0.0875386890829435,0.426284788859171,0.0328116528680889
2294,0.0941773549640711,0.434633063844946,0.0369628196837429
2295,0.114780685181235,0.378704390508725,0.0520620827309951
2296,0.0976838222244262,0.429002758316638,0.0470393877522448
2297,0.143889531065613,0.44699412264205,0.0284567271825195
2298,0.143889531065613,0.447534581065243,0.0369221974540619
2299,0.143889531065613,0.417592242509455,0.0451639891904624
2300,0.143889531065613,0.426373593769786,0.0404846219730103
2301,0.143889531065613,0.431760971434119,0.0257714993692978
2302,0.143889531065613,0.402630354676979,0.0488970648714224
2303,0.0967221197741354,0.443705255016626,0.0335823353153109
2304,0.0909464608450428,0.434766575282243,0.035662965088926
2305,0.119382781367073,0.423419430400939,0.0375654449184003
2306,0.104244888295208,0.43550163454899,0.0376530890978574
2307,0.0954765554268079,0.427359180016589,0.0429970856143957
2308,0.102076016010687,0.424656187795672,0.0304254472985839
2309,0.0978357994318965,0.440500888058505,0.0358479175922406
2310,0.0952208012714246,0.430183105357126,0.0477353934433451
2311,0.0957304703228671,0.425042439133463,0.0382716784975832
2312,0.111320399946144,0.440947125125569,0.0286949382783424
2313,0.0991326517957734,0.436597966296838,0.0400312044894177
2314,0.0949018760839039,0.434824265117228,0.0374360559158491
2315,0.104667065216057,0.43699529203037,0.024422519205749
2316,0.112735385645929,0.431732590128376,0.0395908863383885
2317,0.0871441007730922,0.441154631625536,0.0395297614303704
2318,0.110316852314139,0.440589716630773,0.0448733079880353
2319,0.107272549291931,0.428689275685116,0.0569920118862686
2320,0.0874742426957058,0.423725744241794,0.0366652649844448
2321,0.101028799459891,0.434839375224543,0.05370912807785
2322,0.100330152948783,0.460315801912887,0.0221846829271166
2323,0.0987312444362823,0.466707098355931,0.0357615015590359
2324,0.0941656039114239,0.441032314636509,0.0403762246029961
2325,0.0941270700485351,0.435072704823465,0.0300544114138452
2326,0.111387888190801,0.428975380888076,0.0408019854654876
2327,0.100083658076118,0.443320658550372,0.0380207550960759
2328,0.0664113412088172,0.444291955924874,0.0485424784895647
2329,0.0664113412088172,0.423413320593886,0.0471712316484344
2330,0.110428020016857,0.429422794801429,0.0256897088525965
2331,0.0937661920847721,0.437610401689392,0.0430194299691637
2332,0.0932847759004766,0.432777780193412,0.0378211010614455
2333,0.0976946058197268,0.458598216005633,0.0341170037311084
2334,0.119087463726544,0.373879346336217,0.0434081409597938
2335,0.0783241433233915,0.43648578169234,0.041910922372905
2336,0.0832348219820639,0.459643005315855,0.034194839512602
2337,0.0846047721112163,0.437662043617005,0.0419512006804085
2338,0.0912540493402196,0.425674840555097,0.028245031865261
2339,0.0955716371997934,0.419326711878584,0.0395697086812275
2340,0.105697590691209,0.45980520509838,0.0487503585971235
2341,0.10124624138309,0.444851796325378,0.036949745786907
2342,0.0944795193884703,0.461466967872755,0.0410953319011452
2343,0.0795027591187957,0.428597456744943,0.030081329957146
2344,0.0839520902336182,0.449328883999339,0.0366707774062679
2345,0.10024751533756,0.435167879857883,0.0268852779777621
2346,0.0882549944680546,0.442786647147422,0.0427900410062323
2347,0.0764792779844584,0.44175460672552,0.0466781220330697
2348,0.117161907310823,0.426891212430775,0.0426829594771575
2349,0.0689265231248066,0.432422987029255,0.055247582722545
2350,0.086934640190125,0.425934533068342,0.0370466890708739
2351,0.100210898155968,0.425707763674011,0.0287273951600643
2352,0.095224685103563,0.43404748080323,0.0421005937045483
2353,0.100366025419205,0.437817351253482,0.0259117965052889
2354,0.0922160778989907,0.444848273272973,0.0295862273918206
2355,0.0770216937023057,0.440307239700145,0.0337746328363271
2356,0.0950692922698789,0.423587044612506,0.0216983423917423
2357,0.103491838615226,0.459116102294842,0.0398802754845616
2358,0.101151703748615,0.43119532705263,0.0358953865564956
2359,0.103024950451815,0.423919293735666,0.0423291761673736
2360,0.105118599630419,0.422534115542594,0.0288790483581852
2361,0.100140727851373,0.425547800933282,0.0401653559323691
2362,0.0765757196689797,0.310776729050573,0.0821834799408606
2363,0.100241321296878,0.426363520017072,0.0266251932682267
2364,0.0850917044134261,0.464065074793578,0.0259763343065538
2365,0.0751001199621277,0.431636118772143,0.0356140579315932
2366,0.0984771439495164,0.440533350265395,0.0263915394198325
2367,0.116238605906841,0.444437882105789,0.0418308078835862
2368,0.0926597685538462,0.423801867195268,0.0398154254680191
2369,0.0920566303871001,0.43495654152758,0.0323567496831603
2370,0.12145093644554,0.423485093630654,0.0267889461302349
2371,0.110520551675352,0.427213184499772,0.0287748589107256
2372,0.115525345364744,0.400374101510474,0.0554622020712012
2373,0.112927235382454,0.440192035462463,0.0302592170588697
2374,0.0634951684228288,0.434880068460988,0.0362088520172925
2375,0.0634951684228288,0.448854248472356,0.0403704757735118
2376,0.102689689923644,0.435473732140408,0.0372182532486249
2377,0.0952822338227219,0.440049411557347,0.0327231625250494
2378,0.0707894360116435,0.443111199485542,0.0358017185574708
2379,0.0838996068461186,0.444625149289452,0.0283389559199781
2380,0.0984182807924656,0.424479899071332,0.0421553732064623
2381,0.0721042426110483,0.440676574361576,0.050471495475375
2382,0.083517335987516,0.4340622688275,0.0451643900167148
2383,0.104423560190965,0.426336777976862,0.0303146058497186
2384,0.0745330440118548,0.432517156021718,0.0462154386457562
2385,0.0835637976203089,0.444821798069987,0.0190851091827763
2386,0.108979349498737,0.444842587076913,0.0387022273171969
2387,0.11599797435379,0.484194822861593,0.0430920886723845
2388,0.0930766332222201,0.422347377842402,0.0346601572683396
2389,0.100858162837789,0.429069974545619,0.029586191413805
2390,0.0970380449133875,0.42669953968439,0.028319015991776
2391,0.0897866221477579,0.439525164611542,0.0348100277896813
2392,0.0945803346628399,0.44240351216001,0.0463399417854781
2393,0.0875487832679514,0.436566808900962,0.0319867431330776
2394,0.0906943269047989,0.444711363077279,0.0488071047188396
2395,0.0992604339789918,0.437988273971185,0.0339704574991012
2396,0.091619376049759,0.442229769254102,0.0265844527942243
2397,0.0751969021677887,0.445736636576422,0.0324128736931053
2398,0.0867789691218527,0.441284412195106,0.0382474077599353
2399,0.0885504746206333,0.452827627872183,0.0288817997127589
2400,0.0898043971704761,0.43002819693087,0.0347543616493983
2401,0.0731545622326754,0.444331503732238,0.0275819367418253
2402,0.0846116987131948,0.44300288188767,0.0419303079607685
2403,0.114315446802842,0.458423320667514,0.0233274809440142
2404,0.103462329250201,0.441394773824629,0.0369734979843377
2405,0.109027037469476,0.43478986100443,0.0216614740370382
2406,0.0959420175785124,0.438569042012852,0.0417843168502276
2407,0.106410539348853,0.43095290333315,0.0269664695089806
2408,0.0873440082263787,0.443869328978219,0.0398749857205674
2409,0.101381608904229,0.425289969371864,0.0369899931198698
2410,0.0845686654258569,0.436577983797267,0.0354080725317214
2411,0.108258356006287,0.44546759224425,0.0418634480093108
2412,0.116562817057599,0.435613198001751,0.0295995688036358
2413,0.0810274207726549,0.433742993282084,0.035461812095947
2414,0.091795800163919,0.423659668079748,0.0337324860434214
2415,0.0965078321523321,0.446622743233677,0.0302731105124199
2416,0.122062196951033,0.438421722517857,0.0217102608350582
2417,0.122062196951033,0.446839509854074,0.041013984398129
2418,0.122062196951033,0.432203885909016,0.031818785386591
2419,0.0963805511124534,0.438287653144098,0.042802409650005
2420,0.0970331417756623,0.425601781108291,0.0291786439620357
2421,0.0844356946315626,0.304931797248755,0.0346139140411684
2422,0.093657762208586,0.300319573838561,0.0523240654242375
2423,0.103106001190904,0.348564269075401,0.0471942891765973
2424,0.0849724999716069,0.39398474448802,0.0371348498461535
2425,0.110310905104866,0.431055468919935,0.0255378164322319
2426,0.123983021953371,0.430216006260002,0.0352823630796077
2427,0.123983021953371,0.443604258028023,0.0179873544346654
2428,0.060986567639625,0.395412997107746,0.0496074458689439
2429,0.121214291945574,0.407289215003774,0.0577121630584334
2430,0.121214291945574,0.445511800323604,0.0385580955746726
2431,0.0956140339867728,0.429110451926317,0.0491153586414212
2432,0.102341730839913,0.427761033264218,0.0333979462694725
2433,0.0899267764836064,0.450925402444396,0.0374429101948923
2434,0.0871198807019369,0.438918535224029,0.0441166847502514
2435,0.0911449586014905,0.426549075301667,0.0411377285435913
2436,0.096541411489643,0.429586208645389,0.0386417668842497
2437,0.0922767481943797,0.425880205674789,0.0365792496961409
2438,0.108161194408428,0.428076517257393,0.0264466045702428
2439,0.118276887927313,0.426902921155172,0.0490719036368072
2440,0.10591361345357,0.435241940784725,0.0354998724525383
2441,0.1123023107097,0.350772692506962,0.0413492982255242
2442,0.0901602343103624,0.344539717380918,0.0406862826663799
2443,0.0962986768100715,0.276374622001534,0.0588326993299543
2444,0.0924714259884889,0.444120444888016,0.0295966584640482
2445,0.0957154601851998,0.423427106565264,0.0379615413013119
2446,0.105740647068741,0.427505851477857,0.0295152015284145
2447,0.105239655729437,0.431796849142341,0.0499313083869172
2448,0.101436475432588,0.426507699185866,0.0250933000171946
2449,0.0853417249418089,0.434534110169546,0.0242566091428213
2450,0.0984828270371787,0.433688465562803,0.0376409252749277
2451,0.0963954688204454,0.438345479672675,0.0355932085493112
2452,0.0869632896066588,0.455346408012804,0.034095188372521
2453,0.07972348050511,0.455508867007648,0.0377949571296719
2454,0.0908458036462332,0.460035935707816,0.0280150981849932
2455,0.0790139090767604,0.450983283836372,0.0294494884132743
2456,0.0935806990067418,0.441776842856577,0.0362876835934569
2457,0.103223625876069,0.396620091552543,0.0517327486927448
2458,0.080901345318429,0.423099732080596,0.0423396300511948
2459,0.0987774798076992,0.429205227768,0.0465826941672691
2460,0.0945403313724241,0.45554716834509,0.041601608151514
2461,0.0843382450671838,0.440144996300309,0.0368293817052023
2462,0.0955498786372909,0.446049500522813,0.0341496651349413
2463,0.0895193396010305,0.442339727563875,0.0313122503968515
2464,0.101199015367568,0.458559162785005,0.0464610420510752
2465,0.0960884539929064,0.425980030758734,0.0370327668594883
2466,0.0935702187660094,0.445824653217298,0.0436713244988851
2467,0.0877108932121196,0.429674490383562,0.0326127802838103
2468,0.107272906524414,0.444688627504568,0.035878432440817
2469,0.111384368802785,0.444948491462121,0.0252531900929895
2470,0.0811599071423827,0.442859057287085,0.0229209816766901
2471,0.0865364404894623,0.439947889788058,0.0410159369503851
2472,0.0854285420050713,0.429605768669421,0.0605618533882567
2473,0.0985690653985215,0.424668703357244,0.0300359709206995
2474,0.109209888197733,0.432483539597019,0.0278850838460957
2475,0.108076118907098,0.445573686661638,0.0352452441952702
2476,0.113941117312824,0.429911673955686,0.0228008120250084
2477,0.0878471684072542,0.441788232462586,0.0332354836435056
2478,0.0945913761242156,0.441713711540552,0.0450079801405803
2479,0.0864179543949303,0.430658197286261,0.0349693979561247
2480,0.0756472687560118,0.459342115143455,0.0203897635286061
2481,0.104538807412614,0.460042824013818,0.0385498742285435
2482,0.0944077839309186,0.419053740723602,0.0384039629187086
2483,0.0989821713331471,0.441028669270399,0.0378055723189401
2484,0.0909748999537477,0.427756781102736,0.0434355167355405
2485,0.0953203264954669,0.411685429713556,0.0442725637608305
2486,0.108167480920287,0.428249559975562,0.0400615359369046
2487,0.0951971355278736,0.436661352016635,0.0390326600249493
2488,0.081056755240758,0.428403555419396,0.029379146489314
2489,0.111676178638084,0.432614708414322,0.0204477275588905
2490,0.101319085589246,0.442483440365178,0.0399981556215591
2491,0.0840724691057289,0.425193296066992,0.0530756109208801
2492,0.0972571568655379,0.426075983016657,0.0276592926053591
2493,0.104124438265382,0.434514767480069,0.0300528971818773
2494,0.0739719949458001,0.438974061675571,0.0506995115254031
2495,0.0843823248940547,0.425310079013422,0.0299471496999933
2496,0.091942133613087,0.429778588193762,0.0264138067727546
2497,0.0800647021907381,0.435154833438657,0.0476109257130306
2498,0.0836249765124963,0.431728681670474,0.0383510442995906
2499,0.0811886493229934,0.444152767058938,0.024094508258578
2500,0.109520129101552,0.436299753090673,0.0358775360713417
2501,0.111586122617044,0.459676712642949,0.0381559856190345
2502,0.103597469241397,0.44549133266143,0.0261142193660972
2503,0.0964942268118542,0.424059445981482,0.0418001196861501
2504,0.0990133945039076,0.432991137554899,0.035198982586717
2505,0.0894955020133529,0.423908768060321,0.0422046591689289
2506,0.0906432141542085,0.422911826804933,0.039322161792138
2507,0.100744629788053,0.449523257999735,0.0284236387183448
2508,0.0778294716102581,0.336108633378215,0.0501776488433486
2509,0.0963352259817772,0.313517237960728,0.0366402171808498
2510,0.0937607258771319,0.402201540707505,0.048324033792893
2511,0.0946679682631896,0.447377527735785,0.0425224323631692
2512,0.0896948392073374,0.433222795631309,0.0400220840651344
2513,0.0887675333904087,0.445160342672195,0.0369295863061517
2514,0.0777533624508687,0.433892953188731,0.0456964558505074
2515,0.0746700451432282,0.432269954621718,0.0260584959907727
2516,0.093019332502687,0.430116146798792,0.0429126945783281
2517,0.110097094910672,0.424805325957643,0.042533185388995
2518,0.108121233972722,0.427257045199598,0.0347477724701394
2519,0.0788187597112941,0.431532688512967,0.0354717485182605
2520,0.123050507558982,0.422968320068311,0.0314811536134266
2521,0.096245909101089,0.429067184837387,0.0287881169355338
2522,0.0674954623675309,0.442365164245392,0.0450225122665259
2523,0.103403465764802,0.423386132114217,0.0360430221826591
2524,0.123364090496762,0.433620884112681,0.0266072422310293
2525,0.0903198347875269,0.431501979780888,0.0324001914602184
2526,0.0989979658623749,0.431679394049946,0.046214848738766
2527,0.0792455532232197,0.431128153965779,0.0305228209763983
2528,0.0782552814746682,0.464949136537814,0.0358403584241164
2529,0.0858173135078036,0.430048018175579,0.0227522008173011
2530,0.0890474226120484,0.426389386279517,0.0364494162482624
2531,0.103326681204353,0.440747487131782,0.0465541341847224
2532,0.105211053456745,0.42680261570787,0.0305595946939512
2533,0.0947024292728662,0.441080436887266,0.0495027705851226
2534,0.0998489084228331,0.422443144739553,0.0356348117537685
2535,0.0955817354146557,0.385908096641054,0.0327148947819903
2536,0.0939992423284458,0.285975358726891,0.061996976108713
2537,0.0946970028389409,0.261897693792503,0.0401268892735587
2538,0.096903608878825,0.253106186305968,0.0465085368957422
2539,0.096038313845018,0.271449342701158,0.03534682002437
2540,0.132673298269633,0.337094192516924,0.0513945224303626
2541,0.132673298269633,0.401443666441184,0.0439284652606973
2542,0.132673298269633,0.448499874531863,0.0307237834920344
2543,0.10906012073032,0.443208418052293,0.0484255530904116
2544,0.123106651438603,0.298935646275038,0.050971386379163
2545,0.0892477391558179,0.436602830368199,0.0245737172523901
2546,0.0970178169113684,0.427741328289122,0.0234874311874014
2547,0.0910375315860827,0.428840482760397,0.0267686554000329
2548,0.112941425551519,0.42525179468815,0.0252591510252524
2549,0.107160634467137,0.432170220052284,0.0302754201025597
2550,0.0849171028641428,0.433235917363208,0.02993747928521
2551,0.1032029596119,0.423275895735919,0.0528559888039268
2552,0.0858797617532432,0.429499543051422,0.0360283311508437
2553,0.105874450770116,0.446496013623473,0.0325515487482322
2554,0.0877941048935886,0.435717110408476,0.0432371694720765
2555,0.0851963890355826,0.468261335736728,0.0277117309459103
2556,0.0961574975996268,0.423236501161373,0.0429249617375632
2557,0.103560461978699,0.433367991277919,0.0230712405484382
2558,0.0933133370040034,0.445273667067139,0.0290020139557376
2559,0.0972598554032005,0.42871258064587,0.022988197417856
2560,0.0855002957862891,0.425393471497539,0.0524432144853571
2561,0.102959830544952,0.447440822772664,0.0349380645721811
2562,0.0957593262005826,0.393393407689014,0.0412679579812066
2563,0.103101044348935,0.428854801208481,0.0255939688280726
2564,0.10202479734963,0.426893916344934,0.0279445317027524
2565,0.109762970537671,0.436902468482803,0.0351204723145883
2566,0.0898675016410994,0.453863557380802,0.0251880192036963
2567,0.100671141282904,0.443761274501242,0.0395831537372857
2568,0.0974614708017011,0.441627131647684,0.028555007099599
2569,0.100449025184927,0.426544577541933,0.0218552927096302
2570,0.123119772940693,0.441760352679263,0.0390496606877143
2571,0.0989775969017737,0.43625647961764,0.0405402324371255
2572,0.0998901064348479,0.436073501425946,0.0298461121796602
2573,0.124217592243852,0.43439501356869,0.0311553094283749
2574,0.102319811181931,0.452249473202128,0.0348327768682089
2575,0.0887968368155588,0.450427803184764,0.0290746394207509
2576,0.0939948563134246,0.423625219977182,0.0213613729825428
2577,0.10789893007228,0.433343845141066,0.0406040929137166
2578,0.094727951594624,0.439890676241346,0.0609191625563337
2579,0.0800089561141529,0.433238523181471,0.0299048802325056
2580,0.106987979129289,0.439868550255665,0.0252779343528196
2581,0.105363986905477,0.441921525393359,0.0410416158304854
2582,0.095934559185675,0.399529727819166,0.0605010399794475
2583,0.0931777034348476,0.43148870648204,0.0346050509616964
2584,0.0844836555328606,0.425128179715596,0.0423534180550218
2585,0.0738209006305546,0.435637656457425,0.0302022087523591
2586,0.0656882830914111,0.423403085198743,0.0414448619972826
2587,0.106814808692426,0.445002808458367,0.0445691277798802
2588,0.102182102742996,0.429433495794696,0.0237319875961415
2589,0.0900550747069634,0.318365190254169,0.0685267884918944
2590,0.0898747792981421,0.365187015894097,0.0419362117591461
2591,0.0980757211415085,0.349550168639539,0.0568825656838868
2592,0.0893802534102587,0.301663396701231,0.0601285293869804
2593,0.102755117187613,0.241274206414943,0.0740234115423702
2594,0.0960292967520529,0.22624182619472,0.0407211406604414
2595,0.0857502808274698,0.191683296760309,0.067209670101024
2596,0.0725745203706603,0.293366419025458,0.0623549497303463
2597,0.087487556868691,0.435143668602115,0.0398149690855417
2598,0.0806497565407183,0.432889797276863,0.0398579935368109
2599,0.0553852475141722,0.45989131426753,0.0468887367495716
2600,0.0553852475141722,0.443301214230996,0.0426623206274688
2601,0.0553852475141722,0.438177159072897,0.0255328340683199
2602,0.0553852475141722,0.423661584466459,0.0345587765125308
2603,0.0553852475141722,0.429785952471216,0.0554432160694805
2604,0.0913161837409537,0.423680242336876,0.0337756244372197
2605,0.0947495552169867,0.427626238033975,0.0439506828184201
2606,0.085340368164622,0.423161379805441,0.0337085609169783
2607,0.0809860159091767,0.432801712752526,0.0326514398715233
2608,0.0890645335885539,0.443231386555999,0.0211348500274565
2609,0.0909640449850702,0.432943019201624,0.0326057648927097
2610,0.107724510678924,0.422597741041088,0.0321296525813435
2611,0.0792867731637867,0.433968725153446,0.0317781513631187
2612,0.0896400019646415,0.435070462445528,0.0423172383382935
2613,0.0746454871049449,0.446317715648298,0.044042028524417
2614,0.103322517857531,0.422072961574902,0.0500561094999977
2615,0.0953396732800756,0.426193303836675,0.0271857199602303
2616,0.0789360378679615,0.442465156366948,0.0283260949814103
2617,0.0842299156298612,0.422362893506435,0.0331884043106374
2618,0.0950139782337749,0.424098646508708,0.0380475537523706
2619,0.105034697119714,0.432879158833258,0.0318623278231447
2620,0.100258902812002,0.44030393471437,0.0379585458507843
2621,0.111766728940616,0.445660106863683,0.0258681376041895
2622,0.0829215153391053,0.456325325442511,0.0355232225130016
2623,0.0908640966748653,0.438946954795979,0.0306390168249894
2624,0.12951846460464,0.443540360036629,0.0341703907162924
2625,0.125676347153719,0.432906236663619,0.0355947720819924
2626,0.105896581132667,0.437079854547848,0.0446400050635918
2627,0.0981845436860773,0.430294111243352,0.0413748578405327
2628,0.0926033414614667,0.446214039693147,0.0266375576015518
2629,0.0846031721056666,0.434307516948173,0.0292396124832167
2630,0.108983320279763,0.423725632731043,0.0253928600153165
2631,0.10236233097358,0.422043298583298,0.0438366747627121
2632,0.0951400326849118,0.425107168744435,0.0385302925050674
2633,0.0933365603971983,0.381515250529373,0.0487725648562421
2634,0.0807055136793084,0.422664962542012,0.0295368627205381
2635,0.101963446693544,0.4372094409895,0.0341394942198373
2636,0.0967774524191048,0.430285420342232,0.0480467983177861
2637,0.0991896347414123,0.444508595005616,0.0562086767426454
2638,0.0938203453726091,0.439709413014117,0.0294007507697176
2639,0.102581320370666,0.43027133806764,0.0375142184509729
2640,0.0946471889691294,0.423998872371566,0.0437545177274962
2641,0.0924879609847336,0.441929847580191,0.0337860601571446
2642,0.0869547609102944,0.417185403200408,0.0482164721475028
2643,0.0991533873855412,0.433690898283091,0.0451459205918143
2644,0.0842619884167454,0.438932157492682,0.0335306636381051
2645,0.0856777601281001,0.269543457976824,0.0424631346922657
2646,0.0915179466024477,0.354495837180306,0.0426364080177727
2647,0.096937730835978,0.425881606437628,0.0317280374603032
2648,0.102677171203035,0.425391762268922,0.0387721926119688
2649,0.111257314003212,0.434960709922441,0.0504187105844197
2650,0.0718640264254915,0.439218042856603,0.0305448675649705
2651,0.0912629329880023,0.426785359995186,0.0261466205434626
2652,0.112162565427234,0.33039519587552,0.043845105337049
2653,0.109638623599623,0.43245965448099,0.0337724086997986
2654,0.109638623599623,0.435271154205684,0.040817330066298
2655,0.0927012161297739,0.442969692173135,0.0487139497944501
2656,0.10826735068708,0.429006049115754,0.037644443109439
2657,0.0949041089507486,0.448813382347467,0.0225621251808638
2658,0.114725472315967,0.48113310148782,0.0240821164950634
2659,0.107171835230336,0.439915633468205,0.0414732966462374
2660,0.098002702119859,0.44090410665184,0.0501956081427771
2661,0.0930603469690319,0.474434109243512,0.0278983051178702
2662,0.0952406106423155,0.422765547225914,0.0266437589255073
2663,0.0769630861711521,0.44045426419702,0.027821748591473
2664,0.0905042118633979,0.442657177122924,0.0462408130832235
2665,0.0977554917395502,0.458793165357786,0.0268288592086999
2666,0.0937719563998933,0.445236407489341,0.0318413502434929
2667,0.122914053909538,0.423249061904397,0.0337117368303022
2668,0.122914053909538,0.432569154082542,0.0380865900088645
2669,0.0851069563830747,0.43835955142429,0.0436075554249045
2670,0.0971245793372136,0.439988374750118,0.0422016502516075
2671,0.0984986722768631,0.443590400019463,0.0228387556187751
2672,0.0904613252906264,0.426291450365806,0.0286194360361992
2673,0.0947397288241369,0.437840482439334,0.0226607537300752
2674,0.0715006971728368,0.442824537251775,0.0340602430198811
2675,0.079296906650917,0.454906121353852,0.0522020644438085
2676,0.0704903904474604,0.427515799092241,0.0345657644848776
2677,0.10466271385292,0.455567177105353,0.0329838026491011
2678,0.0947687079156007,0.451307420758857,0.0335710285534961
2679,0.103633326957624,0.45945195458324,0.0235845129838183
2680,0.0850408871675329,0.437034329744477,0.0381573174879154
2681,0.099892471668539,0.423412834676093,0.0348759718444322
2682,0.111474040474348,0.329222136203167,0.0439199601530156
2683,0.100308206523382,0.336592430949009,0.0590878211118262
2684,0.0883817569735667,0.358800260185505,0.0288174119164714
2685,0.100189248691971,0.434206456858815,0.0331668391616932
2686,0.0919551740978632,0.423051851845779,0.0361976874595694
2687,0.0996554287411329,0.445419583432891,0.0323138887968431
2688,0.0954014889852054,0.426447753843272,0.0285901704797267
2689,0.117707420289191,0.457423616444631,0.0311466307340657
2690,0.117291517496204,0.427399088025683,0.0271210719619416
2691,0.101352552398959,0.435794452721523,0.0305673953815026
2692,0.112927360849042,0.389284292532618,0.0365799155313943
2693,0.0976649594077225,0.448146194474208,0.0263572506741529
2694,0.0863811618134942,0.425656614026795,0.039826355814873
2695,0.0992831408472117,0.45870988801369,0.0393362644693639
2696,0.0796184095586731,0.430940246226447,0.0341789667140341
2697,0.0884059249031993,0.430234042924957,0.036452190202955
2698,0.0978909178263563,0.415583163482936,0.0350577472217835
2699,0.0911976214667585,0.432423408967728,0.0373981966107313
2700,0.103225648496568,0.456551997274578,0.0259174215293138
2701,0.0936724876684952,0.426638231070544,0.0352278187216101
2702,0.0794996475068119,0.434696651984799,0.0207959768578059
2703,0.0770856263767394,0.442777239273133,0.038617279633241
2704,0.0763328134593207,0.377617605620167,0.0362020280376606
2705,0.0964603446190613,0.424254880446869,0.0329077607294375
2706,0.0843938483229619,0.424728196477301,0.0402499055294923
2707,0.100980497131224,0.445334413640399,0.0349514252335999
2708,0.0872084838876193,0.432284323151533,0.0444086795065381
2709,0.112967911591196,0.43808304870881,0.0392713988792625
2710,0.0897269257282888,0.422841020749643,0.0401565255615628
2711,0.0815115471743171,0.442607604032513,0.0279466321907147
2712,0.103721631090871,0.444488507280719,0.0207209677093176
2713,0.0887997250098184,0.435495753506944,0.0251430723823599
2714,0.0936970687884607,0.457502524342087,0.0291178395810936
2715,0.107641856548251,0.458231922306436,0.0323382967748177
2716,0.0806473242661489,0.423156729406,0.0565717135121275
2717,0.0931285251459379,0.422652348918378,0.0321594904005317
2718,0.0877804323103326,0.450173508347228,0.0267290304406067
2719,0.103176626429146,0.430997752422857,0.0264066380389985
2720,0.0794930700297394,0.445075461697316,0.0328725445298547
2721,0.110085965964412,0.42733494266039,0.0318832198729964
2722,0.0936099919043561,0.426579391898148,0.0238172089514573
2723,0.0964280513984425,0.452079564926876,0.0221190702919525
2724,0.1098426650302,0.425499582413932,0.0406981656463584
2725,0.0824706006938837,0.435742063581897,0.0449081014774204
2726,0.092636161136102,0.444364543870403,0.0438458561463132
2727,0.115688765315134,0.432489526479555,0.0325622358836352
2728,0.112437246282392,0.42850780479688,0.0373471628888098
2729,0.0972593558462436,0.437988262758268,0.0367586869797375
2730,0.0951394998488257,0.434530750370569,0.0378883896984133
2731,0.0955476570538853,0.427181898479602,0.0388529702767576
2732,0.0654826814418766,0.456149371862303,0.0426351127853042
2733,0.126940406384224,0.488091967576149,0.0494112421297064
2734,0.126940406384224,0.42203849916036,0.0291140971573115
2735,0.085178606237639,0.427646688118793,0.051903411382296
2736,0.0848101321949937,0.437794211126169,0.0374192010943049
2737,0.0905184749375981,0.401732100957758,0.0324146115945006
2738,0.0719851142675865,0.455454369717685,0.0312854232092347
2739,0.0971492421279212,0.443770038726273,0.0207441143931188
2740,0.0852191627989242,0.445877023431177,0.0209849569704917
2741,0.123526207137275,0.444667013719386,0.0281202732333547
2742,0.123526207137275,0.424426576192111,0.026359479362912
2743,0.123526207137275,0.329613237572569,0.0387784748401581
2744,0.123526207137275,0.429223391883535,0.0238378944793717
2745,0.0811549659938334,0.426802987444409,0.046296116395101
2746,0.0733354167642346,0.435133918935261,0.0306280465159201
2747,0.108573324417295,0.428152202964514,0.0320208081785633
2748,0.114361214231859,0.437159546440885,0.0363954902552718
2749,0.0830947816544108,0.432344128894224,0.0550001040731624
2750,0.0771067561122793,0.405653372003064,0.0401259036275759
2751,0.0771067561122793,0.419340993790994,0.0441789862926601
2752,0.111056359821299,0.440603559305121,0.0310594176694467
2753,0.106229951105323,0.423606928014428,0.0548845537574183
2754,0.0858825843765415,0.440480950663959,0.0447716433749634
2755,0.098908310713136,0.443765759162228,0.0355803232128953
2756,0.110254142460408,0.436897053080442,0.0303014886468734
2757,0.101411685816757,0.436202304532239,0.0334276354082606
2758,0.0669672987916607,0.429851164728575,0.0302701229209792
2759,0.122098160544412,0.432407704006423,0.0340098177131357
2760,0.104556543852311,0.427347329332413,0.0373875894856066
2761,0.0849531622526902,0.424421987592838,0.0325831928015268
2762,0.0789855144647697,0.437475638484611,0.0284598918015327
2763,0.0706688263512689,0.425756668163705,0.0460298900245674
2764,0.119710681816843,0.442396145352034,0.0420772183471439
2765,0.0853920095532523,0.440131829514508,0.0473053292175309
2766,0.0962178164974235,0.43841354400885,0.033985063569579
2767,0.0936187132873991,0.423582064081289,0.0453697293457794
2768,0.118921860916911,0.436446396587146,0.0390952981885292
2769,0.0774662218720681,0.439854717146585,0.0306097732081763
2770,0.0995763520938703,0.433545709411439,0.0236853124690345
2771,0.0936674740554137,0.456708923154709,0.0363407417616686
2772,0.0991857522685326,0.428744280232916,0.0244820907737345
2773,0.102235598577895,0.424560514809363,0.0300699878400536
2774,0.106687871935467,0.428724584203103,0.0337083655301717
2775,0.103229818492268,0.389486308306578,0.0526821158167972
2776,0.0877646091782802,0.307800586380969,0.0698902275791481
2777,0.0778427090971502,0.331574191792101,0.0597799149318212
2778,0.0917091381271179,0.436319248746203,0.0385820798293833
2779,0.0765402794371269,0.44585383530857,0.0576800919629942
2780,0.115226605695772,0.423718066757433,0.0372804251261498
2781,0.104002453784732,0.422402018188843,0.0407635533698992
2782,0.0920178452446579,0.443067935975648,0.0459708191743244
2783,0.0752304365295919,0.435860295496086,0.0308528114050579
2784,0.094710651776169,0.431016156897396,0.0537640579594219
2785,0.116416863271646,0.394408948224326,0.0399342854031438
2786,0.114111954582534,0.452798670172209,0.0269315463645078
2787,0.0877435021047418,0.437395920910618,0.0458858364264948
2788,0.100036665293058,0.445855758138135,0.0271399906729235
2789,0.0995034395619147,0.441601598895527,0.0413645521252134
2790,0.0889074650394885,0.444413045402692,0.035527564851349
2791,0.0881874782365671,0.441003962937018,0.0381063171349517
2792,0.0987817681875191,0.427881112603797,0.0325796803487557
2793,0.101488159302411,0.424737226643755,0.0332417415262335
2794,0.0771989635250796,0.425113919508855,0.0413518659153103
2795,0.0980503327145664,0.430865346743454,0.0276399498851236
2796,0.091858268311474,0.445377955380578,0.0417078217648772
2797,0.0999898354695266,0.444875099549956,0.0297126720930353
2798,0.0942578750151616,0.438817048760582,0.0317925039330887
2799,0.0975290887816,0.43125336538587,0.0276523751779092
2800,0.0993285001661113,0.440515066943942,0.049644246490424
2801,0.0926708814920573,0.431554170811241,0.037069242836469
2802,0.0795320350038318,0.42607479512736,0.0378600580425158
2803,0.0962559600999087,0.440311498535162,0.0392345642560396
2804,0.10626559798728,0.443217126171297,0.0296203177867603
2805,0.109252917582396,0.382067003339163,0.0328739208597307
2806,0.0741790616807718,0.33575609295644,0.0627538942775086
2807,0.104734823543587,0.325848900286916,0.0356403789141658
2808,0.0815910460631446,0.377190086300108,0.0491985611457304
2809,0.0628593786665175,0.383100624714298,0.0367706246520677
2810,0.0882831982915513,0.437599774442901,0.043761706770764
2811,0.0985409708408289,0.423712723320093,0.0333097130698756
2812,0.0830230551723351,0.431716252167201,0.0232883097317273
2813,0.0933932976901057,0.427781351765109,0.0231222343912204
2814,0.0825586895138369,0.434692788346927,0.0425656594926014
2815,0.123809440573127,0.445325204949291,0.0369507597056741
2816,0.0927718922170853,0.431663473863982,0.0281298201285092
2817,0.0843768569791618,0.423007889096924,0.022120462125279
2818,0.0934060053112757,0.433088888664024,0.0328294663005502
2819,0.100584741911026,0.430965967668601,0.0492967665266746
2820,0.0973992890678147,0.425413222976156,0.0324830048810518
2821,0.103735852776885,0.440519546193683,0.0346920545636816
2822,0.0693628858900323,0.436851269165837,0.0315632135804418
2823,0.08865742944649,0.444240903240015,0.0308242916768949
2824,0.0764231456438469,0.443395673489377,0.0363049032783326
2825,0.103014243348598,0.43964389358585,0.0276967463499336
2826,0.0870170838102718,0.422158385441505,0.0345865813506689
2827,0.0769574134233755,0.431814751123275,0.0398041252902639
2828,0.0955750514659423,0.440922597774412,0.031671339187296
2829,0.101329148940504,0.444474756592356,0.0451848361865198
2830,0.116853455986826,0.424970277556907,0.0340112328028037
2831,0.0777225095178467,0.428081906428749,0.0402929548176335
2832,0.098306727367771,0.43531077686894,0.0319084595881743
2833,0.101300845729831,0.437067852620878,0.0447380536224147
2834,0.113139889320661,0.441562771340538,0.0363692966790807
2835,0.101592746042761,0.44431640462461,0.0354147760852793
2836,0.116705650004963,0.402932943873797,0.0592838403634408
2837,0.0910592621180426,0.446891281976117,0.0539181765139791
2838,0.0909648655392705,0.444622221472557,0.0278563973178908
2839,0.0751110617611334,0.424858588195108,0.0327277305953497
2840,0.121767221418553,0.435088289157352,0.0316528979529909
2841,0.0791533043819079,0.387816382227177,0.0442291134057491
2842,0.100501938060303,0.422150113107407,0.0339184771318967
2843,0.109025264290693,0.440491398213513,0.0312372874305296
2844,0.0915513127442518,0.423243045450778,0.031620866229229
2845,0.0907234844028663,0.436187575349602,0.0299756718781932
2846,0.0972743649612211,0.442801410060564,0.0287984721246514
2847,0.0932162504387924,0.459042993721611,0.0252464764401799
2848,0.0875766289668131,0.446765826911462,0.03928202256068
2849,0.0957774818992308,0.423825082902838,0.0399662388172873
2850,0.0912014338850832,0.438797948961225,0.0318153295735241
2851,0.0878832409923435,0.448554226153275,0.0260413215729395
2852,0.102608087977683,0.423680098540209,0.0410869313773542
2853,0.112418220653724,0.457922716861731,0.0265948992925676
2854,0.0888645298268228,0.44257970950202,0.0356226230848167
2855,0.0821879535270862,0.427130228112925,0.031367524378696
2856,0.087810315724193,0.428296733297088,0.0321070091916212
2857,0.100071195817146,0.423157555198843,0.050426929974144
2858,0.0901477283253224,0.423760462686335,0.0388231540323672
2859,0.103806408723319,0.426797542316079,0.0353502262646626
2860,0.0912757231961568,0.441716541347312,0.0266136869453266
2861,0.0793331114938102,0.435294012408212,0.0360112436983885
2862,0.0907600268030199,0.422428532448755,0.0481363734627011
2863,0.0967761994798147,0.42810635322749,0.0365802594008229
2864,0.098978160151304,0.437237889950234,0.060460282051954
2865,0.0950595831363471,0.434385992152383,0.0401272387017513
2866,0.0999411194748818,0.412380269119248,0.0309864380245827
2867,0.0908320562128661,0.430695797197739,0.0335056464976525
2868,0.11752411625825,0.437285882511244,0.039616129021198
2869,0.0985337328443914,0.448039538755894,0.0252343478538235
2870,0.0889549026428294,0.440405968584181,0.0509916070355183
2871,0.0906819569877326,0.430714711126747,0.0425712447053889
2872,0.103113672726912,0.43496432281579,0.0364181537289895
2873,0.089060132784225,0.428240666605241,0.0330043228414125
2874,0.103021397695724,0.434345964682765,0.035013110415818
2875,0.094199231700179,0.426864232981996,0.0349426897680921
2876,0.10653946384337,0.482299443900772,0.0490361359787106
2877,0.113742744017111,0.422906386856592,0.0515560087056246
2878,0.104388080264676,0.437743455813993,0.0353258163437823
2879,0.122486555366124,0.429456587528313,0.0251020428467289
2880,0.114051914016101,0.424148486979053,0.0382602787457048
2881,0.0955811450559781,0.425169462208656,0.0257414602417258
2882,0.0945813977489042,0.396070536223064,0.0280763091400971
2883,0.127786928216637,0.444799105319851,0.0380700645038137
2884,0.132956916413986,0.428169711176745,0.0348051296197289
2885,0.101017509870088,0.446878366461222,0.034512417970533
2886,0.11987363475476,0.427529439726528,0.0461408752518417
2887,0.0886366362442533,0.4241106785841,0.0317902481852465
2888,0.0942995196676019,0.443086468302826,0.038703696965938
2889,0.099561365491586,0.309385032520773,0.0469973266807822
2890,0.0928554680589081,0.350166871411364,0.0370587351779388
2891,0.0855505438555764,0.243711120545976,0.0582198113133755
2892,0.100181477801971,0.308865687858902,0.0387223543893529
2893,0.126320764052716,0.31040118953209,0.0420774701206541
2894,0.0782720904853942,0.34438416754004,0.0522450644213564
2895,0.106567216074502,0.43612045397401,0.0569427076304487
2896,0.101230911471013,0.427337617229053,0.0454712666225419
2897,0.0828313447063781,0.450027697646412,0.0339756844688581
2898,0.0996308115272197,0.446014848280539,0.0396632621193112
2899,0.0953782116737572,0.442589599381371,0.0475640155798694
2900,0.0839812480912717,0.444649548591679,0.0403208877245956
2901,0.0778782746987844,0.431626808753548,0.0280411162798794
2902,0.0846039688799049,0.438449354684901,0.0334096204032645
2903,0.0936070702250542,0.427629345454895,0.0271555618656666
2904,0.100338648365918,0.459035733768374,0.0323490882970506
2905,0.0885763092058854,0.423613256517391,0.0302176859841184
2906,0.0945653917023265,0.332305753750357,0.0418420332890317
2907,0.0857922511163058,0.427467057131975,0.0375058830975268
2908,0.0923094745759557,0.437143287829506,0.0395752052711388
2909,0.109144714534621,0.445243929833004,0.0229694840177671
2910,0.08621653310608,0.428069177529754,0.0532767911873607
2911,0.0975848033257661,0.429690206055256,0.0300403664201056
2912,0.0856370115621772,0.433723141195114,0.0558973092776711
2913,0.0957424858252597,0.443055123437232,0.0359459357885565
2914,0.0933920998936923,0.431291825641785,0.0344676098292002
2915,0.0791478171120479,0.480607089164135,0.0243021238243312
2916,0.110187296150661,0.43713744953621,0.0411936011669619
2917,0.101977168579292,0.431270442789134,0.0362300047388417
2918,0.0684532355848676,0.422529471337203,0.0324581336472493
2919,0.11316490082163,0.444341099483571,0.0643697277716701
2920,0.107320547901875,0.446467742814442,0.0431555532516673
2921,0.0982865496431139,0.426099689216608,0.0432264938974022
2922,0.0768894030876805,0.434639137290392,0.0545496706803383
2923,0.135978983989186,0.439677393013739,0.0301827143727928
2924,0.109499262682647,0.423943133005939,0.042388987381902
2925,0.100642639366422,0.447807460263587,0.0316250776647995
2926,0.0789959999611137,0.429117170674322,0.0405895241879697
2927,0.109768500269323,0.425891599461531,0.0414796153343639
2928,0.0871430024263811,0.432785999177475,0.024457482189316
2929,0.0886967663133503,0.430176548303118,0.0233371372915687
2930,0.098494740771813,0.431743952642622,0.0427099423412856
2931,0.0986835011517914,0.433251994578043,0.0310494717907092
2932,0.0892652699992307,0.437274678248602,0.0372306408978541
2933,0.0981670402634873,0.422510915143942,0.0286627245105277
2934,0.084236760790752,0.426798258903665,0.0395403963672626
2935,0.0807221670438337,0.443976785023599,0.0265727630249536
2936,0.095613241463477,0.432513243280959,0.0226641223563589
2937,0.0756800078570713,0.422116557281495,0.031549428987723
2938,0.0930383959628027,0.422058768375862,0.0295296480542634
2939,0.0971541046305404,0.453366839473358,0.0262092301819214
2940,0.114354141035322,0.432341936157785,0.0413251077727989
2941,0.0913843397529163,0.44354560286193,0.0396446780759878
2942,0.109281879059335,0.4419276852974,0.0350026620545851
2943,0.110242619508252,0.434073091474765,0.0394386143733082
2944,0.0964238229284826,0.426972209852224,0.0335993269309907
2945,0.097238470975629,0.446917390987412,0.0318352731406449
2946,0.0996193804956361,0.422618291312339,0.0349140124332165
2947,0.0732841816891568,0.417936435145224,0.0432801386956381
2948,0.104971251576918,0.439303367083127,0.0444092323405265
2949,0.0828679230434258,0.442531136926953,0.0343730489140769
2950,0.0874968388078312,0.43997713664751,0.0273019186901662
2951,0.0956715095326978,0.441027666109343,0.0339502960159613
2952,0.0732356546521229,0.458366290356295,0.0519516895399722
2953,0.102900647709835,0.43407121080536,0.0530693900679163
2954,0.107452885021716,0.42787487091244,0.0244085931217007
2955,0.0732145146860052,0.443194578681294,0.0366368630475035
2956,0.0867864820720075,0.447495666515082,0.0330059078419542
2957,0.0833665513821439,0.433397754293908,0.0329693176715117
2958,0.104333704440513,0.435345195167365,0.0289638049775452
2959,0.080253038356171,0.422080167264878,0.0524272475406566
2960,0.0913219876420781,0.430523016496468,0.0371815114663546
2961,0.0804676079299673,0.439617539394298,0.0348889582604121
2962,0.091128722642348,0.43843071120772,0.0312745712252102
2963,0.105876825641787,0.433683916694391,0.0263893988262428
2964,0.100225814837666,0.44621577874807,0.0308164430576558
2965,0.10218783083435,0.429455462515695,0.0315386813651834
2966,0.0853876514729411,0.429440250165309,0.0344650953559049
2967,0.119613860323766,0.425158015318511,0.034420284845346
2968,0.0968275720684324,0.393391916624312,0.0490054900007551
2969,0.10648229524614,0.308057903835899,0.0602472191732343
2970,0.0913753267295535,0.239707971788355,0.0404808494607564
2971,0.0894953783738855,0.232621276383006,0.053422299418603
2972,0.0905933561505829,0.365240201308052,0.0312478329286015
2973,0.099331325889528,0.337543925510996,0.041822293548367
2974,0.0766862021604885,0.444068175524949,0.0430560409078451
2975,0.104028885046003,0.42843495536061,0.0375237722575424
2976,0.0833643034977047,0.424192399950155,0.0370454150137481
2977,0.0819555122200591,0.469417157021903,0.0333810686921967
2978,0.127505452946282,0.436849452562064,0.0237418878451887
2979,0.0923316423535517,0.430029507731569,0.0323404055831796
2980,0.0909829842818813,0.430382225110732,0.0289022838871925
2981,0.110398885037664,0.458282372549734,0.0211400875161488
2982,0.100141459069278,0.445289748039432,0.0233998917607719
2983,0.119413534130643,0.423384131146196,0.0242206960053256
2984,0.0921391466649281,0.429445299855157,0.0696686803453645
2985,0.0716152687619271,0.447463386074949,0.0379983340907178
2986,0.0663459303880861,0.439442839881733,0.0573931951553062
2987,0.0738457869680689,0.428760242840702,0.0426839466591908
2988,0.077655104232994,0.44867413753228,0.0508408425502248
2989,0.0967718705016959,0.431040568542047,0.0415320945168527
2990,0.0788315941822346,0.469203898861419,0.0504143451098165
2991,0.0755273372397206,0.445248602556036,0.0471916679165654
2992,0.0669524023230561,0.426803473064013,0.0408043074305237
2993,0.0669524023230561,0.427906841485335,0.0438894091512183
2994,0.123361200822703,0.424368518944227,0.029962627229106
2995,0.0921965839841951,0.424261944506768,0.0414793957462601
2996,0.0933344166187827,0.363000600020933,0.0344996210687785
2997,0.0816438609431706,0.361964967492204,0.0542433923931721
2998,0.0663517793592442,0.414219859404788,0.0282288146576526
2999,0.077051872659407,0.447069006558849,0.0410121693233294
3000,0.111837644124682,0.433506552167594,0.0309086349810608
3001,0.095388997416877,0.427207586095721,0.0269183018392138
3002,0.0850440866398794,0.424623241311803,0.0379902227204713
3003,0.104121622944106,0.409885058526408,0.043658115403958
3004,0.0847939437493341,0.442178862334523,0.0318411827060282
3005,0.0974460779154811,0.438058454237614,0.045808181399994
3006,0.0758049706957794,0.279295579238557,0.0569762225800204
3007,0.122537416361646,0.352994524380283,0.0595317933119191
3008,0.0980246111305309,0.438138370096668,0.0307616338868676
3009,0.0761192218718373,0.440235289853462,0.0252790171878178
3010,0.0901614079235547,0.441711873353798,0.0319525971824016
3011,0.106871134996041,0.431794220749049,0.0225738253636155
3012,0.092504195064494,0.483444400907954,0.0297819048765475
3013,0.0901477729922647,0.449295055104887,0.0420481017958248
3014,0.102323499870876,0.427614905203654,0.034263787682507
3015,0.106381984426929,0.424570149459182,0.0389727800541011
3016,0.0910899567596612,0.425033722303235,0.0196431624503818
3017,0.0962016959593854,0.431069689534207,0.0340512086440051
3018,0.0969568166531536,0.427127979105868,0.0296468791294744
3019,0.119305043223986,0.423860094715294,0.0302028767757715
3020,0.119305043223986,0.425762877873954,0.0220592370430319
3021,0.10768852667425,0.440646124559934,0.0235518940164598
3022,0.0843554934948696,0.427182984924394,0.0266239320211389
3023,0.108671563417778,0.430988238380153,0.0157324871549899
3024,0.102685688824843,0.457028160040584,0.0288272630899268
3025,0.0928399579954065,0.426355221050186,0.0302022199460961
3026,0.0855856558230303,0.445784255171477,0.0573145840335938
3027,0.0855403011698842,0.429924062445535,0.0423040222270973
3028,0.100789185916177,0.447270935094747,0.0282147029699824
3029,0.0977705724581416,0.435521932147276,0.0428132219546213
3030,0.0709900330034654,0.494979612759063,0.0306301099031892
3031,0.0994399562584657,0.569273448776319,0.0265475779550785
3032,0.0780000237302501,0.703499973498112,0.0232910288884328
3033,0.0866581040628804,0.576460687905677,0.0273839302111661
3034,0.0886137197006826,0.637815339564518,0.0239310702731855
3035,0.0924492930929401,0.611704086295343,0.0237853044821908
3036,0.0855437846365878,0.662782121078611,0.0221876200572349
3037,0.0951529230678761,0.712439993897219,0.0210255547641256
3038,0.0781563732663936,0.699986711118354,0.0174303763970715
3039,0.0999567988803038,0.710127081234979,0.018790936555041
3040,0.0930979768394154,0.714947564512714,0.0169262452819827
3041,0.0958964238968992,0.646606334257139,0.0359536276206181
3042,0.0865655337990461,0.645756662090848,0.036434320326606
3043,0.0842265752875896,0.570154208324469,0.0219229517691909
3044,0.103643112132744,0.647844981044301,0.0187614147160822
3045,0.0714063326478635,0.716515867017271,0.0217754529619649
3046,0.0986118899047179,0.69112490100192,0.0277000641015655
3047,0.0821475977581534,0.718196132166517,0.0265375639996314
3048,0.0789724895116709,0.638338060757045,0.0189559696950133
3049,0.0951598143920138,0.591913642344873,0.0309722998372336
3050,0.0837889930641655,0.671541253004254,0.0248414142713221
3051,0.0872723390763688,0.691843642332082,0.0256829482970538
3052,0.0802958385437169,0.696414296178948,0.0267797710754223
3053,0.0914708008191501,0.656874682385097,0.012736333718199
3054,0.0639681269919183,0.709189249550686,0.0238610295927487
3055,0.0750973961413534,0.682580378164044,0.0338171424512044
3056,0.102485639771321,0.709767194326831,0.027320954791039
3057,0.0983768716927012,0.60017056629596,0.0251211574512262
3058,0.112800774660726,0.570510392778575,0.0190293763521793
3059,0.0873992096562609,0.424438880558939,0.0343593796539799
3060,0.103265099345303,0.422863765435395,0.048716939083742
3061,0.0919157421876099,0.424700494981413,0.0373001207241528
3062,0.123033749819368,0.443276470396045,0.0258227865638849
3063,0.0850156542847991,0.347836927171089,0.039117519712797
3064,0.10362920848262,0.427470711035225,0.0341396819776015
3065,0.0902647161576613,0.430911553867565,0.0319991300795024
3066,0.0884615387099024,0.434963882405926,0.0446665071655878
3067,0.113273253637611,0.426650961505284,0.0366768481935239
3068,0.0774537927941367,0.416069376189037,0.0608130981985219
3069,0.110515676242384,0.42913888594609,0.0284037118955111
3070,0.123045764563695,0.433637695936256,0.0518237343520089
3071,0.090021077530234,0.46027261939602,0.0249076692268445
3072,0.113948932859271,0.447321854905697,0.0335257266800543
3073,0.09594829276835,0.428834023507047,0.0321422816565302
3074,0.0961690818657084,0.422489254286987,0.0276870810492367
3075,0.078072072488426,0.428556882636761,0.0544487914864672
3076,0.109318348800257,0.424882724952014,0.0348659838409573
3077,0.098136778104048,0.451549481274081,0.033879972089778
3078,0.0887435655973423,0.432594779970855,0.0376742958178677
3079,0.0841656068548795,0.43033798841368,0.0320625542271122
3080,0.0759833172115998,0.433763323398831,0.0434390433244606
3081,0.0986021512216059,0.425496228772114,0.038215079624051
3082,0.0933615602765616,0.453680868420577,0.0268708330766555
3083,0.0846297447290984,0.433793880294906,0.0294365695409645
3084,0.0826356769228483,0.445352313532157,0.0654094749187697
3085,0.11358393365281,0.438222763859494,0.0382475373799641
3086,0.0792141979106971,0.384933967855405,0.0438719039665523
3087,0.075628396872176,0.431212321072435,0.0384464908169585
3088,0.0964220903456177,0.434329664003651,0.0334063742498484
3089,0.0901512686755632,0.455345578480777,0.037796326300412
3090,0.0769801806815595,0.422466464321994,0.0287333700887706
3091,0.0841206147940937,0.443380257752227,0.0349985518835432
3092,0.0932141495467732,0.428050748393112,0.0244040303488494
3093,0.116981559771923,0.429840980746302,0.0404892417668978
3094,0.0927841654750411,0.42617321821323,0.0335410949367589
3095,0.108382711224378,0.432798027462895,0.0490528023798698
3096,0.116125330196958,0.43388796268632,0.0304173795697419
3097,0.0976096269037025,0.452375616136485,0.0371091713114951
3098,0.0933629325388848,0.44639710025848,0.0235594960576116
3099,0.101518122043935,0.450529126690547,0.0313302393656171
3100,0.106750197804249,0.440250859913871,0.0264315676827251
3101,0.107903861286954,0.42788297796758,0.0442198052245281
3102,0.097842544107999,0.434719398132284,0.0532899842123206
3103,0.0966194705502896,0.447136558386754,0.0517218778821564
3104,0.102822328665805,0.43222755780635,0.0315508384666642
3105,0.119016038382391,0.442371879165011,0.0386924523242085
3106,0.0888493957012306,0.45262955590233,0.0470541142336783
3107,0.0971655175908279,0.440302625568976,0.0392629036478563
3108,0.116734973859761,0.447328319221391,0.0346347091380246
3109,0.0742344350792637,0.425826991006729,0.0395695697151568
3110,0.100923782016031,0.422059874711842,0.0338583070567696
3111,0.0866531692074869,0.433730845210457,0.0320909167290632
3112,0.0968426390189901,0.430935395587731,0.0362797729375683
3113,0.104895901992993,0.426996912266331,0.0512958389006042
3114,0.0883852531576131,0.436028306213246,0.030776525611927
3115,0.117409445679255,0.432512811359275,0.0277850180009667
3116,0.0546172367388779,0.46068550815975,0.0362585847621107
3117,0.09994436353803,0.430219432573132,0.0388177340872265
3118,0.0963809001996705,0.425897481219016,0.0248039850504559
3119,0.0903061363119011,0.353393368553962,0.0392001658954482
3120,0.093463045434419,0.395777887173287,0.0598704831943269
3121,0.095612595823701,0.447934459872448,0.0243498621985453
3122,0.105035033344711,0.432912857377945,0.032649882749036
3123,0.105922458517197,0.42224834134653,0.024980714602898
3124,0.0846411649622208,0.450116205127628,0.0275043946301745
3125,0.106618973537493,0.436974783739946,0.0288331402148239
3126,0.0985273064150197,0.425057260490629,0.0311897149061969
3127,0.121535751376415,0.426285241366456,0.0349835244088574
3128,0.121535751376415,0.442805927045458,0.0417619760881029
3129,0.120195520219395,0.424836219996556,0.0307304901656774
3130,0.104545910498336,0.44577202185568,0.0306240520659859
3131,0.103094453479938,0.430883335112684,0.0303440057539453
3132,0.0751352860638847,0.442307427014646,0.03101685347258
3133,0.0935607664105444,0.426880251670224,0.0312447866691191
3134,0.103233164171187,0.429806827052849,0.027155280106204
3135,0.0839366846113294,0.439186136197338,0.0415946121808332
3136,0.0938400459107687,0.441964247713151,0.0349568492234134
3137,0.0859532364983856,0.436491623824126,0.0201071059589237
3138,0.118520023941415,0.443075645036001,0.042797122609829
3139,0.121154106363757,0.4343629987598,0.0474535975372654
3140,0.0929668212928505,0.432412153231217,0.0358084973074576
3141,0.0971639133469504,0.441599252861271,0.0267411547760858
3142,0.0601286341015486,0.426683579132727,0.0417369196440485
3143,0.105994240986686,0.443583360278324,0.0307876142282789
3144,0.0758001664265813,0.459308719941714,0.0346774476165415
3145,0.1074625475156,0.430713432275587,0.0314899210287926
3146,0.0978592318632735,0.428634183005591,0.0538380618880822
3147,0.0814536230130018,0.424283835772427,0.0609773591279865
3148,0.0660339732219073,0.426312432608572,0.029718812065802
3149,0.096552315374327,0.427151982270678,0.0293031547094903
3150,0.0962585142643874,0.424122489050167,0.0420777920673975
3151,0.108002981728084,0.425434967304219,0.052182972283225
3152,0.0866895612954289,0.451869629014032,0.031663551169286
3153,0.0988092413569314,0.439105751635679,0.037556715844107
3154,0.0970793010021505,0.445701661371638,0.0366224981237285
3155,0.105220717188814,0.447467575334235,0.0284400364763401
3156,0.0902407535286675,0.432647348215284,0.0282966587885346
3157,0.099790716296898,0.432905130602697,0.0401157168392057
3158,0.0762479186238743,0.444716124946747,0.0235750934830433
3159,0.112291139931876,0.401800437972115,0.0338058947531863
3160,0.113833515959218,0.442619025753175,0.0237757523442605
3161,0.087906915545308,0.394669922210574,0.0343787547712195
3162,0.113619295746595,0.333125471878285,0.0338224846232652
3163,0.104157629673189,0.31724049598269,0.0427204483999267
3164,0.100712782575398,0.437500599318614,0.0325823057816809
3165,0.0928825171797775,0.446099971316713,0.0419486718834765
3166,0.0941049680670337,0.449815538878981,0.0264464899572916
3167,0.106288591542694,0.449037922868053,0.0254923816296453
3168,0.103174265870235,0.426446862786486,0.0254999365669371
3169,0.0954851164990467,0.426549959607356,0.0432490793077538
3170,0.0860788021585035,0.426742679607998,0.0376411491324762
3171,0.0991792012865453,0.429744647178194,0.0279381407762808
3172,0.0880008062283185,0.431618967001285,0.0389649171613448
3173,0.104881351567852,0.373047269658047,0.0493247112568617
3174,0.0889184304848328,0.426492885672725,0.0535108718494669
3175,0.0895501862991234,0.444427559587442,0.0381404908383424
3176,0.077486815696472,0.424361911554275,0.0491269552580238
3177,0.0992594818835789,0.440211691823476,0.0229219292319447
3178,0.0986233166705431,0.447175768771759,0.0271419298077811
3179,0.071300677650367,0.435060589940642,0.0321452354393623
3180,0.110697787162579,0.445712194784108,0.0297761832927411
3181,0.122728332864147,0.44030458082116,0.0539668493408372
3182,0.1013340005576,0.43307400569509,0.038889926561717
3183,0.0928436762390712,0.45040836298955,0.0378300008368027
3184,0.112171493225682,0.435135829495669,0.0400728678067832
3185,0.0775375219260117,0.459259909838904,0.0186891320205963
3186,0.0901658358562529,0.455009362756668,0.0341150695964791
3187,0.0873250544171944,0.426690891314338,0.0262138461094964
3188,0.0901625058466544,0.439718461223149,0.0366457675558723
3189,0.0777182547159948,0.451774680471069,0.0280745141086954
3190,0.086648932550523,0.436400216540491,0.0308195192109174
3191,0.0886048500250801,0.426414372946092,0.034159116096037
3192,0.112079449494197,0.439075696628811,0.0635383400883627
3193,0.0741287638934597,0.42869292136897,0.0294950969321991
3194,0.102845648044812,0.430617630069503,0.0379063227834608
3195,0.0947054510176285,0.439968326688319,0.0393958196530691
3196,0.0645825572743884,0.476439137956256,0.0540719081714889
3197,0.0961900798603954,0.381854404891766,0.0342276654989362
3198,0.0979870432137009,0.427089354287361,0.0385166585540327
3199,0.0724276857593014,0.423497465082413,0.0381624099320633
3200,0.0937959476042169,0.429768122866455,0.029319554954283
3201,0.116765412018133,0.445858245486638,0.0298637677367404
3202,0.109336299018635,0.437001065564268,0.0310454172428933
3203,0.0886887750512425,0.436655749735696,0.0313938851039294
3204,0.113878024935603,0.321047428674513,0.0698394004174678
3205,0.104942810431761,0.430701572706418,0.0489254496196555
3206,0.108776562296891,0.433126662841048,0.0335278688981855
3207,0.108776562296891,0.428635291689576,0.0264556236656593
3208,0.114499844718078,0.429040672398256,0.0336681563617327
3209,0.116942058975325,0.450805916134464,0.0206488611439339
3210,0.0817882338639823,0.442714751715094,0.0494371862293493
3211,0.0954752510224147,0.440443845007598,0.0396472063243121
3212,0.0954218294154471,0.425224977307864,0.033410753691279
3213,0.0800721314267054,0.4296244707589,0.0427951640229073
3214,0.0922740360374891,0.437853052268426,0.0412275742117156
3215,0.087331905484276,0.456552234017479,0.0295016816240467
3216,0.114730180256711,0.430353885367356,0.0288219916150221
3217,0.108899410258094,0.426118687924055,0.0482890096614989
3218,0.0989748482517428,0.440937865283245,0.0415486712827007
3219,0.112465477914016,0.427980301907581,0.0308645641287787
3220,0.117085536905657,0.35686592580529,0.0402032064613612
3221,0.12168578510048,0.445662154707477,0.0271320231341545
3222,0.0761595315324521,0.44249987946709,0.0376339176446274
3223,0.0726908002193878,0.444477328074761,0.0449037792297017
3224,0.0889234226870857,0.482811332489045,0.0252158205585871
3225,0.110466365831261,0.435016115995913,0.0390545780068646
3226,0.0965329890356107,0.434491958439061,0.0335313250108609
3227,0.0673890323739632,0.457404620475662,0.0516158923836513
3228,0.129657553205739,0.424729949146088,0.0435554140051597
3229,0.129657553205739,0.461015832704329,0.0307577155061281
3230,0.106159989963742,0.428733684362251,0.0458618662179171
3231,0.0965303254279523,0.491730518671556,0.033654129068524
3232,0.0991618772356914,0.436499136060028,0.0313982433726443
3233,0.0994160997717248,0.437580128088841,0.0308826027205817
3234,0.107132011135913,0.437633244362284,0.0300907309151442
3235,0.084261710600188,0.429188896946164,0.0274412292372227
3236,0.0984873633991091,0.357053430787144,0.040596270543626
3237,0.0926572673872386,0.281633522992117,0.059307862390469
3238,0.106550095347612,0.310991062279877,0.056599408319944
3239,0.0931822609254296,0.314441371022837,0.0485590333081556
3240,0.0862674646772672,0.286757093153385,0.0532607549612587
3241,0.0995691892238978,0.329368846671954,0.0433764226617653
3242,0.103128322635207,0.286097155294114,0.0408154570850487
3243,0.105170282579956,0.308510323235963,0.0404059248537086
3244,0.0871684506120305,0.363653789835101,0.0430462329823668
3245,0.0887619890863006,0.453048060481931,0.0287707382837529
3246,0.102516001164704,0.432749842786924,0.030647050143661
3247,0.110937390504097,0.445431291477522,0.0476995283562341
3248,0.0998481368111308,0.447120865790876,0.0533880505153226
3249,0.100145433229428,0.446948422883283,0.0321232648216463
3250,0.0941008666901872,0.441588044730244,0.0225665126210793
3251,0.105721996140379,0.442036476434937,0.0321116580744149
3252,0.0952149479787065,0.460175470819816,0.0205682943363812
3253,0.0939038707942145,0.446347737307654,0.0320316961006431
3254,0.10792801604334,0.431671220625407,0.0270555314331657
3255,0.0836131979962589,0.422094602450222,0.0262535927259396
3256,0.0739845788380252,0.443954414291576,0.045776154337631
3257,0.0968286707462085,0.433633036259574,0.0534801722315458
3258,0.105102462903993,0.464365464597398,0.0357311346436822
3259,0.087525793770682,0.429755450599593,0.0429640960392963
3260,0.0894734729484032,0.429554247705518,0.034345724683303
3261,0.08871536729311,0.446753245903036,0.0385357053324397
3262,0.0707764048782485,0.443152968910725,0.0446666219976124
3263,0.0802360805396445,0.437642591205008,0.028583917551916
3264,0.0949645783360221,0.442847092154402,0.0298614755748749
3265,0.108428357632641,0.417945802796281,0.0339472973134764
3266,0.0896331874025391,0.429457282702122,0.0307957042754298
3267,0.101669096206749,0.427658357178327,0.027428355737854
3268,0.122854478718713,0.431400402712292,0.0332184137061231
3269,0.103777618933816,0.439349847895452,0.0492322306939558
3270,0.068422976695315,0.439488169835147,0.0430448355747989
3271,0.0977530973537577,0.424069374546431,0.027346588569901
3272,0.0854383803794215,0.431994522830726,0.0321886118303667
3273,0.0880622631140106,0.436471854724452,0.0364608988736344
3274,0.0918125313358897,0.450400734910484,0.0411624267757106
3275,0.0920136966320067,0.436368747965451,0.0327357734763462
3276,0.09237927211467,0.424173938321089,0.0424743575457786
3277,0.0947357730555806,0.44597213674943,0.0389835769492093
3278,0.0913111107953506,0.434274616957778,0.0372322938471855
3279,0.0877540417594781,0.430092349631322,0.0401959812215643
3280,0.0992909689957902,0.449139356380997,0.0293265951090114
3281,0.0790899411767819,0.422614992170241,0.0385792141011526
3282,0.0819719716240717,0.437125932649322,0.0396583611597133
3283,0.0905512524202513,0.414968946587476,0.0411044725970816
3284,0.0872626484756566,0.427047769478972,0.0333642866355058
3285,0.0982584891435944,0.426214475990657,0.0424883926014817
3286,0.118954589450396,0.425890452088383,0.0290522591187271
3287,0.101519376436552,0.426854651405854,0.0228414263924851
3288,0.084067887197737,0.436335870914214,0.035031138345325
3289,0.0955587747948923,0.412992169423804,0.0456295670060628
3290,0.101104810626366,0.446006942700213,0.0224238972655692
3291,0.111437778366265,0.446284994042476,0.0357539720345237
3292,0.0924492212886066,0.425820397297585,0.0515137590024811
3293,0.0961167037157986,0.44504123457773,0.036804292353163
3294,0.0991739028611494,0.441855864016808,0.0378653782586244
3295,0.117497612733688,0.428658279436588,0.0354377661811334
3296,0.10003365810773,0.42740187125635,0.0368530274581382
3297,0.0904663823076958,0.442449878130554,0.0264234999378426
3298,0.109867626061605,0.425150323342977,0.0316935133659575
3299,0.0977655590405788,0.438383302480964,0.0409202994030359
3300,0.0999864646854303,0.4452696318767,0.0332625991955406
3301,0.0805914187462003,0.444601016294933,0.0415154264240027
3302,0.0866864271277097,0.422303762327431,0.024340024554739
3303,0.0815725000857457,0.442762495135143,0.0443121645712763
3304,0.0975146597571162,0.443037588521212,0.0279836661806503
3305,0.0901581366450638,0.434070156071361,0.0531246789195597
3306,0.0938232236913843,0.443544159122721,0.0294869399712705
3307,0.13571125238467,0.395394628306231,0.0457412939830371
3308,0.114439922676419,0.354534924419217,0.0520378769177542
3309,0.118673149196492,0.325469630038281,0.0453051699471584
3310,0.090992854145646,0.333315799550984,0.0417082091070977
3311,0.085247721345969,0.307954339248955,0.0338159072687629
3312,0.0998619015881254,0.363810996499351,0.0489135766352555
3313,0.105647418969798,0.446350831132933,0.0469090035666016
3314,0.0963837593404767,0.432790762317478,0.0301584442265525
3315,0.0834631793320914,0.474168828942709,0.0278294361373586
3316,0.110087755801631,0.620261014770258,0.0213436922151309
3317,0.06838771831954,0.577511943542488,0.0364475281447472
3318,0.0795164541460602,0.607345777042264,0.0170893738749095
3319,0.0931442070494832,0.59773306692689,0.0153048341841229
3320,0.0869764098787435,0.687094592794199,0.0223135453986114
3321,0.0858527102380617,0.719894811950601,0.0169160441036122
3322,0.0670709292862218,0.691244768019386,0.0299200418714888
3323,0.100665879839891,0.686145998144007,0.0338335043432446
3324,0.0914082240986654,0.709041654771899,0.0357150949266943
3325,0.0933361262881448,0.704548122271456,0.0249205876309747
3326,0.1134219523799,0.694311474259416,0.0304714764263976
3327,0.088127257133242,0.663526083156988,0.0222728143053337
3328,0.0974902654882686,0.670734687330719,0.0163445843795542
3329,0.0893875225030463,0.704562109618009,0.0357819462146473
3330,0.109750327912867,0.718111452993777,0.0195736622926534
3331,0.0928803466887047,0.587161420565422,0.0429217334994524
3332,0.101674056295222,0.591585524357847,0.0225983972065915
3333,0.0908297215890091,0.593758987209955,0.0203655336213775
3334,0.0903996232046687,0.704817252209797,0.0268404221197131
3335,0.105015939874867,0.597579453761483,0.0243101119005934
3336,0.0806777438159639,0.576193412303083,0.0193434802607087
3337,0.0969072488569232,0.57163167471306,0.0256336110684753
3338,0.103845432891032,0.635109673558377,0.0283621885921916
3339,0.0976134293767811,0.640330960822362,0.0288771862026239
3340,0.106557495717829,0.665708003280702,0.0222800372262663
3341,0.0872145748786776,0.661581443609479,0.0175520241607623
3342,0.0994584651606418,0.57250842646071,0.0206198323981862
3343,0.0944519906669308,0.654621672952844,0.0299100176876558
3344,0.068608073046259,0.684160905029007,0.0332722783964582
3345,0.0884693896006421,0.588789799160034,0.033087784379546
3346,0.0922428090689751,0.567838286791962,0.0199933250312902
3347,0.0779919849481848,0.665607657849613,0.0292438774901909
3348,0.0906617998539057,0.579082023033577,0.0243504924018549
3349,0.0971156194148147,0.617512009780463,0.0210746437997297
3350,0.107306695441262,0.710561214796184,0.0249074664865729
3351,0.0910508227366005,0.604605958029882,0.0242561088188043
3352,0.0914371944195724,0.616512075068004,0.0184688501233027
3353,0.0775667578393473,0.703054571922309,0.0276980678092346
3354,0.101256465352772,0.705682568380318,0.0147619371898173
3355,0.103832146883298,0.610081969919508,0.0176640252937487
3356,0.0857506876363188,0.65961270320184,0.0224102565079077
3357,0.0934106336131615,0.642259396042665,0.0272159302009007
3358,0.0713615812834009,0.717630713203519,0.0231050382655378
3359,0.0925678813741324,0.698116555711759,0.019184798012769
3360,0.123468859066512,0.657332358311194,0.0186233020707669
3361,0.102976458740546,0.598701422508748,0.0225854395639467
3362,0.0924660129557436,0.721013716895741,0.0266348810585841
3363,0.0904124721434757,0.715370648082899,0.0237312794217339
3364,0.089480457884431,0.715443128517707,0.0158981794724561
3365,0.0975131365562028,0.676661726311055,0.023625360015729
3366,0.102256929998139,0.68194456052209,0.0269180143637423
3367,0.0960786555756357,0.676877673787413,0.0290817783153728
3368,0.0813586021526119,0.697627989021243,0.0265051322141366
3369,0.103623722546354,0.680788321465727,0.0172552404842279
3370,0.0969664611287377,0.588240689980643,0.02569543674957
3371,0.103703647005882,0.659436814117484,0.0215304405984088
3372,0.0675946111810086,0.6943600661006,0.0253715832550235
3373,0.0963475297170153,0.640606721757138,0.0224241571763608
3374,0.106744354070565,0.596436013742378,0.0169163434018534
3375,0.086057918272729,0.609086827506172,0.0301138781998658
3376,0.0923460474284692,0.605641268120942,0.0432338615298824
3377,0.0855282170034299,0.60294215632644,0.0237998104368627
3378,0.104136664870042,0.584348051159808,0.0228986363856362
3379,0.0828244364815504,0.681668226660612,0.0183423907145306
3380,0.0982331197368722,0.662809452925821,0.0381050368118732
3381,0.0827173935338283,0.698398433569816,0.0148174330496612
3382,0.0980051124293665,0.670434461322415,0.0214661822800031
3383,0.103861836887402,0.646014811589214,0.0146893266410795
3384,0.114308788600536,0.609103643858454,0.0231898662687946
3385,0.0827992460394181,0.6410863985283,0.0203467276403199
3386,0.0741688084011577,0.696499856786886,0.0187391400533923
3387,0.0923331307563217,0.682643675077667,0.0310784122085944
3388,0.0839254052343568,0.607181149817029,0.0208916872882846
3389,0.0863599463347262,0.57121357596168,0.0250145866266881
3390,0.081041521002928,0.570495047667954,0.0289283441166271
3391,0.0823549278602944,0.671188017100626,0.0209323152321156
3392,0.0827437829860645,0.686041089161838,0.0378960580946779
3393,0.0899951283705469,0.70512351450594,0.0185020174649805
3394,0.0901056252587827,0.6569196390102,0.0194067147076921
3395,0.0936433094725405,0.663320862430922,0.0211270931916927
3396,0.0862344521328352,0.659377041937183,0.028165225189157
3397,0.0856431360765173,0.709961141361636,0.0203581407609145
3398,0.103106796034186,0.698043784144215,0.0165576540318759
3399,0.0910110229104353,0.661132947668342,0.0161615780658462
3400,0.101451365085023,0.624902177136505,0.0369133428206092
3401,0.109299381012577,0.560385407461554,0.0431528207220008
3402,0.101058506212286,0.57339188145336,0.0190978031675755
3403,0.0942105735886665,0.63384366124845,0.0280963145170354
3404,0.0771777829175824,0.691798467566497,0.0187539763504149
3405,0.0853572985088866,0.692060957565111,0.0204967703938753
3406,0.0831964682233541,0.711854252874016,0.0242734671660746
3407,0.0804831198573075,0.707326245032079,0.0176328977095177
3408,0.106587135102629,0.701052356428596,0.0268529016741478
3409,0.079831319842088,0.68003420217168,0.0327486716675479
3410,0.112282796165067,0.623425202560294,0.0278797370853895
3411,0.0885273323458653,0.579332658281721,0.0239093709351024
3412,0.0837063675611722,0.607560160258326,0.0166129159499532
3413,0.103321653467418,0.583556700376811,0.0170879480641088
3414,0.112002834132677,0.685103862901381,0.0204295490850815
3415,0.10341901796651,0.703152030919224,0.0299242387701732
3416,0.0980905840455168,0.685555974035039,0.0460038801963714
3417,0.101246828487343,0.644504660373746,0.0299493526368064
3418,0.0791548540269818,0.578881858307946,0.0180325466394628
3419,0.0934196693636652,0.602430743245336,0.0311461209311713
3420,0.0890342164448391,0.59962130822953,0.022987849828528
3421,0.0996080967441634,0.692607681220127,0.0295244779388322
3422,0.100383807190984,0.682920217256792,0.0183448110026849
3423,0.0954712862061634,0.700041020698947,0.0260619810446602
3424,0.090767702415793,0.656805170690999,0.0228939620545472
3425,0.0929383290253579,0.65326713729142,0.0351764588790166
3426,0.0831440347101683,0.67209047234762,0.0243583744009616
3427,0.0905951084456306,0.677272355119864,0.0229570768124732
3428,0.100646728308308,0.680753985447292,0.0159689423679242
3429,0.0810687020177081,0.710869472952565,0.0185154034044726
3430,0.0854180143632518,0.663921789593142,0.0191079529010719
3431,0.0986382291601964,0.658942920660779,0.0221858676032811
3432,0.107618197142396,0.69180988251608,0.0214331871785868
3433,0.0819663098916322,0.652357006995436,0.0375817361061582
3434,0.0941836529197759,0.572824787066765,0.0250916827425062
3435,0.0855641257503025,0.591820570715742,0.0433734869382395
3436,0.105756898647248,0.710056196766113,0.0176713215061787
3437,0.107977253390046,0.693348627690557,0.0225847319892428
3438,0.0762909732501591,0.703122081449831,0.024820538275848
3439,0.0650923881558783,0.545875359400521,0.0310312420623393
3440,0.0778046217179298,0.439331800697225,0.0524130259879955
3441,0.0696916273275347,0.448991587192048,0.0417422122807969
3442,0.0942237097267251,0.439820702369061,0.0339018186168141
3443,0.0948261575814363,0.434459921734004,0.0402858549266085
3444,0.10377987790367,0.440749046334796,0.0400941985223959
3445,0.0740809398830446,0.459343399045916,0.0414590847512821
3446,0.0864927349359637,0.436561728576184,0.0444087365854514
3447,0.0711451663602749,0.445838561873447,0.033550870147325
3448,0.0866581143164653,0.457841761402971,0.0382615514016592
3449,0.112435738085738,0.424262280679913,0.0449133268038058
3450,0.0926253203527625,0.441870814502346,0.0389858496601517
3451,0.105617612196129,0.443665142076939,0.04588442817614
3452,0.1064126695883,0.433746938117199,0.0479785397550469
3453,0.0910975352906748,0.432447780432493,0.0436762538488102
3454,0.0806147525754929,0.445197652310542,0.0420641162805092
3455,0.0818998294020493,0.458730828918044,0.0304646217938463
3456,0.0866147002870337,0.436151481414091,0.0298045882190661
3457,0.0930275091013585,0.424376063955309,0.0280152204970148
3458,0.0864982420498965,0.427055133856668,0.0298439621143602
3459,0.0636370287517376,0.448691776820973,0.0578201098554449
3460,0.0864650492370207,0.374850091577645,0.0530290666381001
3461,0.089216021834477,0.449846319142269,0.0306953113664578
3462,0.106160418736351,0.4482477425861,0.0298778288857707
3463,0.10833711522542,0.445293900283224,0.0363883353784475
3464,0.0937385769880563,0.422147391733824,0.0333379899785952
3465,0.117765124497391,0.434981247347259,0.0331320088259806
3466,0.087800313555178,0.432617976803763,0.0355545160317211
3467,0.104522752314636,0.446436610305656,0.029283563579321
3468,0.0773110509341976,0.428840534474865,0.0261621105685176
3469,0.0965731169589407,0.440094440456179,0.0272238841377229
3470,0.101724113946637,0.426379841305701,0.0270362789610657
3471,0.074796701908832,0.424459839724644,0.0315114095046621
3472,0.0860628176395823,0.441927147462621,0.0656419728619262
3473,0.116738753027279,0.450328554487726,0.0175704229854188
3474,0.094120522528906,0.432688770459901,0.020563624499823
3475,0.0842669397854893,0.431971705199002,0.0317733972686994
3476,0.100603191715777,0.447593923939162,0.0433836160080275
3477,0.0920552266487223,0.426851973171033,0.0323250157457461
3478,0.0818210584944859,0.453242588093778,0.0340191845225119
3479,0.0993674141083023,0.423423946098785,0.0443471592743313
3480,0.103192124812523,0.425845076883409,0.0336518368046775
3481,0.0928087080608017,0.444043084916696,0.04506678223983
3482,0.103223682585741,0.429098646795699,0.0414295439215646
3483,0.100763990161372,0.444714110175334,0.0307039582679374
3484,0.0836211201411254,0.443856232271237,0.0375685852795229
3485,0.110279906996921,0.428469086617606,0.0252986511831246
3486,0.10369541698699,0.457872701678946,0.0225492331101738
3487,0.0972321319576185,0.458759079748451,0.0199930369679585
3488,0.087897377932901,0.46124588017115,0.0551646201549197
3489,0.0988814889314637,0.442806631157001,0.0292868614188635
3490,0.1020098431685,0.427070641190414,0.0576089733904404
3491,0.0908278797906046,0.42918885381345,0.0348828615415806
3492,0.102858598969865,0.487002230729997,0.0284103544855736
3493,0.0955375782427486,0.423905788040921,0.034668368002257
3494,0.0978720246037776,0.446767808163145,0.0323286251480316
3495,0.0727896781265796,0.435500292154342,0.0362614869362471
3496,0.0914875352265521,0.440610146706928,0.0243606623104564
3497,0.10577016558446,0.442631395139002,0.0300512448709161
3498,0.105852141773622,0.424349583207826,0.0303904961887793
3499,0.0842104476964022,0.438366099614207,0.0268228984527273
3500,0.0939286891275758,0.455973531454874,0.0300654816416367
3501,0.0877804910051914,0.439399624605936,0.0355320423636307
3502,0.0616131879784337,0.446525130969334,0.0431146145655671
3503,0.0616131879784337,0.422400389183288,0.0350116002721632
3504,0.0918951568742566,0.427006162954082,0.0409667738371982
3505,0.0801790005848615,0.433472125909405,0.0274351117854601
3506,0.099870997476854,0.44743054501271,0.0332276757429912
3507,0.102232798159447,0.454999114714236,0.0261500703008754
3508,0.0970303514370675,0.430351314970223,0.0221370731104153
3509,0.121349862587532,0.433112147133205,0.0306790920193852
3510,0.101435866479563,0.424374205342481,0.0347053895942359
3511,0.0992253809869615,0.425868324442256,0.0481472569445129
3512,0.0895298488262301,0.436426916206056,0.0283887309870571
3513,0.0914595028211266,0.404643764656314,0.0344907937739148
3514,0.093466062322596,0.394671457617375,0.0377391818840315
3515,0.0732225051708815,0.340424944837162,0.0348409029219424
3516,0.0739217010367757,0.328340873073059,0.0620671918834923
3517,0.11040247620506,0.449990707580364,0.038196936194878
3518,0.0952763442469924,0.465835196559162,0.0346296345185512
3519,0.0755717257358119,0.43290954322415,0.0390693503404979
3520,0.0855724742473228,0.444825131117262,0.0254301062718856
3521,0.102501793469327,0.32026981209138,0.0512471382642397
3522,0.112289838672255,0.367417870275061,0.0713255647869138
3523,0.0747705024167017,0.427094702104644,0.0498472656024666
3524,0.0817169190986304,0.44684240993733,0.0470894770088267
3525,0.0603528498868515,0.425194988068442,0.0465750773567001
3526,0.0603528498868515,0.429675067922233,0.0419193470638263
3527,0.0603528498868515,0.43518953643734,0.0327117777369572
3528,0.0911496102407137,0.442530109817155,0.0243816916717315
3529,0.0936741018364474,0.445561466153208,0.043427663115948
3530,0.0967166230530778,0.446169008663232,0.0461957949755099
3531,0.0990781741381616,0.441864681399109,0.0352963106087739
3532,0.0975409310497272,0.429358211601833,0.0506173255257168
3533,0.109597923268699,0.423521516244272,0.0536519297686148
3534,0.0895553207895234,0.432915816406281,0.0271587713467638
3535,0.101434854052736,0.438894568626553,0.0394844564521333
3536,0.102949761622016,0.447075341304424,0.0259738679189202
3537,0.0928641504202345,0.437855877718173,0.0315466033126862
3538,0.105617269689406,0.422458967500413,0.0435093607783442
3539,0.107574366215374,0.448990051694831,0.0275373634350232
3540,0.0907247100558971,0.434358850122915,0.0414817784290969
3541,0.0926064840329069,0.428072463750262,0.041956056716516
3542,0.0804269435518869,0.445088268301656,0.0557346141509614
3543,0.0960838286301791,0.437577532603376,0.0266259253039193
3544,0.106451119240093,0.438819923623022,0.0577296906725369
3545,0.0879452626092244,0.442310959550627,0.0616125972008238
3546,0.050750153595985,0.429188482356102,0.037018716485021
3547,0.090582843876015,0.386541935509031,0.0611918869533435
3548,0.116812214640209,0.434829857106874,0.0328033004470668
3549,0.0942929712672365,0.42679079212421,0.0498119116955643
3550,0.0782179828893817,0.424326539051044,0.0358495433552717
3551,0.100476096978085,0.423885696864267,0.0521802732240695
3552,0.0929565439144933,0.455550472407974,0.0295658760515436
3553,0.0896156652920835,0.44700603169868,0.0331070887176298
3554,0.106235588204054,0.450185332064063,0.0325536168625294
3555,0.0982124807105196,0.429420669316871,0.0261526807362843
3556,0.0768122782558363,0.444780181810011,0.0394746093375513
3557,0.0902974330781947,0.436682940662573,0.0296255643278795
3558,0.103232691804196,0.43758252074382,0.0343668746341905
3559,0.0851613839828325,0.44163515861668,0.0391227328579205
3560,0.116983343536914,0.435658174536823,0.0314993802838265
3561,0.0912739729947488,0.435792572043276,0.0249862672898672
3562,0.119329112256176,0.43783291828012,0.0322492181717947
3563,0.0973804862302387,0.435990039898542,0.0233900246785787
3564,0.0986483817434202,0.45695107345758,0.0293805981144116
3565,0.110002340164743,0.444644975898518,0.0512976020208681
3566,0.121756000421545,0.444619398408527,0.0267961395651466
3567,0.0891231676854717,0.423179245050248,0.0352036108054744
3568,0.102186386771959,0.439357011797146,0.0409222481239051
3569,0.0843790056959325,0.476791270646854,0.03849113386158
3570,0.103748945491359,0.440212332177548,0.0274900920737811
3571,0.09452223075754,0.44378213195943,0.0318892009119254
3572,0.0850750374777328,0.42440983791517,0.0408673780365002
3573,0.0934417622778683,0.426526227931525,0.0483912402946189
3574,0.0933605053743785,0.453016778443688,0.0240224100893085
3575,0.0644318829421734,0.441292897831519,0.0352693649882571
3576,0.116013322593958,0.429793450890471,0.0254316267562693
3577,0.120499472399112,0.431991502168864,0.0352131945109446
3578,0.109329797318448,0.445720771748464,0.0379720777481057
3579,0.104873641230726,0.426415595249907,0.0347540960506726
3580,0.108664677274024,0.43256382606708,0.0375368365239797
3581,0.0917012171439254,0.429771114767526,0.0375192863344318
3582,0.0951170707009196,0.433953517397538,0.0326771378236333
3583,0.0886370731220746,0.451180488616952,0.0356088041280363
3584,0.0496849442698023,0.401581433902445,0.0480293532677771
3585,0.0496849442698023,0.418240828261479,0.071425264441046
3586,0.124300238808615,0.435977725097507,0.0451674251748805
3587,0.0721592525086175,0.432549164017932,0.0444926055314172
3588,0.0884738391825034,0.426075925442841,0.0421414363012136
3589,0.0997510632196134,0.448914845561773,0.0311756242969158
3590,0.105380600134099,0.426591532871833,0.0645483377172087
3591,0.0757730507051858,0.444459101093944,0.042644727000653
3592,0.11780067321307,0.44033568004171,0.0305986851539982
3593,0.0888901761428743,0.423866517461084,0.061030246379155
3594,0.10760154681683,0.445003701681315,0.0246949917495
3595,0.10072505339761,0.435322765424483,0.0476358619551935
3596,0.0772940647698583,0.430941994815995,0.0217913510890691
3597,0.0805128043909297,0.445512490155876,0.0306315359640694
3598,0.0963166358456573,0.426856891692725,0.0316610880264018
3599,0.0899811925743432,0.433226342451698,0.0261276158142966
3600,0.0818309726989591,0.454275948159072,0.0238816714004696
3601,0.0819729394236365,0.432499021928652,0.0537651807314158
3602,0.079518370518964,0.422632509418957,0.0357015007014478
3603,0.0982288630457067,0.42301204144787,0.029523575250125
3604,0.115583221043269,0.445430191734097,0.0371719645128441
3605,0.09950096322497,0.426989379348833,0.0198990517123299
3606,0.0830783003436564,0.425617415283703,0.0364467161570132
3607,0.109630757080846,0.447294145450985,0.0319947834337324
3608,0.116691231345254,0.456618133690758,0.0387951150621116
3609,0.11403628969299,0.425462884960952,0.0473378312539099
3610,0.102101295473737,0.440383130726832,0.0373225775550802
3611,0.0905366183603037,0.422246041903913,0.0346961060473489
3612,0.108234387714828,0.425206432235211,0.0355221669447993
3613,0.114400398665292,0.433358041295508,0.0430795422717485
3614,0.0980579615608815,0.439609350845278,0.0308475194747643
3615,0.0941018467308454,0.431938337318105,0.0307893919652408
3616,0.0841124578710521,0.434581255938728,0.0311306456840704
3617,0.0905461451172339,0.425406798349091,0.0391984007010078
3618,0.099465150054711,0.443058349299134,0.0343728009758792
3619,0.0901465825176088,0.437543145683983,0.0226385357036801
3620,0.0928355653340291,0.427591138447529,0.0589160295993518
3621,0.0819887647373215,0.440704628177853,0.0404378514873582
3622,0.0958262835304764,0.45242189023816,0.0476141167101792
3623,0.0883649551907034,0.422951902131972,0.0683514448669783
3624,0.122442945924941,0.441186039808123,0.0221767792700924
3625,0.0917616028758214,0.441432733639519,0.0447440904981351
3626,0.103501437076351,0.437265515361176,0.0301599641724734
3627,0.0881046183966943,0.422484277078744,0.0502608453149692
3628,0.106714202151075,0.504114078102457,0.0315442058061197
3629,0.0821414550676839,0.453154625871831,0.0261719874897852
3630,0.0861187535243899,0.452197789066589,0.0282805572887637
3631,0.0891869208033466,0.422119960791424,0.038042015384018
3632,0.0993924805668932,0.42585114780488,0.0348793280923724
3633,0.0764424795580306,0.446577006615383,0.0422772399746609
3634,0.0923207149179414,0.436896689017902,0.019218892372516
3635,0.0773243113520362,0.422221098112776,0.0512633442674353
3636,0.1169448737755,0.436004471596708,0.0233065609931085
3637,0.103437416479182,0.428027693062693,0.0321311396470344
3638,0.111568319945232,0.438163475897899,0.0218065369827365
3639,0.114412189041259,0.443239531950401,0.0348763173277979
3640,0.0907819148382884,0.450622332962937,0.036901164593633
3641,0.0970100599506117,0.445182644323921,0.0274537405647111
3642,0.0784525791917177,0.429105785098189,0.0284291759509252
3643,0.0868885769430703,0.42559071949509,0.0401904511097153
3644,0.0989397511923848,0.448672256686764,0.0310955273185151
3645,0.11109390086843,0.453248356834287,0.0314315588286717
3646,0.0924445842550189,0.45959492988799,0.037437377663543
3647,0.0737935825783581,0.423251517509972,0.0483118756803203
3648,0.105465613603433,0.431717118181146,0.0455118502059004
3649,0.0915433745235188,0.432231320166662,0.0306763335949139
3650,0.0818890252381817,0.430559848984965,0.0447482050899982
3651,0.0828408768539496,0.442122378230527,0.0365233808029474
3652,0.0840804525730078,0.461330896856992,0.0497844758119224
3653,0.120260379541662,0.459103960506611,0.0297368950380464
3654,0.120260379541662,0.448422257491621,0.0219776027291714
3655,0.0990671994111763,0.4333878524226,0.0417883214870027
3656,0.0965965369129184,0.386966961414317,0.0508795247821121
3657,0.0856572805299615,0.423840491652337,0.0363637287777357
3658,0.106077153720466,0.423001683088553,0.0427105051485235
3659,0.0804559873421326,0.435824484272414,0.0364100914089971
3660,0.10067496287966,0.427943739585953,0.0294846836436901
3661,0.135418771032141,0.407690968002465,0.0863303707303405
3662,0.0793648632590051,0.437511773822556,0.0314463977353656
3663,0.0900501307972933,0.44688864172728,0.0304440515937653
3664,0.104812376131696,0.446388729788932,0.0159541759193048
3665,0.106929611922855,0.374655420066313,0.035005344905867
3666,0.0878513934147851,0.447276437672616,0.0329442382253609
3667,0.0888955197849341,0.423716485814975,0.034726233296403
3668,0.113415737930248,0.427858783694382,0.0457941115387425
3669,0.105065798138677,0.416138974071442,0.0482529484614346
3670,0.080867892321788,0.442964793735582,0.0471554731009727
3671,0.109229626972736,0.427422210154186,0.0201223354407555
3672,0.0921970117414271,0.460214261193706,0.0313709766287309
3673,0.0909822438379926,0.441265245378585,0.0391830137639865
3674,0.0977699886050842,0.45230675657462,0.0350900718133994
3675,0.0943868271261493,0.378750375562106,0.0361247897301011
3676,0.0953712093039855,0.44434278863779,0.0374280063266776
3677,0.0999471224924948,0.438431400896231,0.0357147228286539
3678,0.0924265860617656,0.440761543304898,0.0267863301095322
3679,0.0847784450901828,0.437540941254424,0.0374319776592737
3680,0.0959405506586316,0.439592455517662,0.0374808798025406
3681,0.118510948279167,0.427077620294586,0.0327894762573051
3682,0.118510948279167,0.437041959404445,0.0362208625306675
3683,0.0850271043035105,0.446397158322554,0.041935993381426
3684,0.0935773306856342,0.427521435870826,0.0487528618439926
3685,0.0875316669520993,0.394076504017319,0.0473711595097776
3686,0.0821663757932336,0.437847356453119,0.0384895600067264
3687,0.0951854019612279,0.44523217445893,0.0482313410475519
3688,0.103312948361649,0.428188332835374,0.0259234689670507
3689,0.0905426623919716,0.440043228963197,0.0237905166725819
3690,0.0920121320189806,0.423380206678213,0.0387493377346087
3691,0.0976969759492013,0.427192482156942,0.0549890143621103
3692,0.0732483176348712,0.425449373223077,0.0438184112162071
3693,0.0999089524620888,0.43374168522057,0.032661040010377
3694,0.114003898317559,0.436297458535323,0.0333837406122594
3695,0.105907176740514,0.440888707507629,0.0391080372084429
3696,0.0452020152766415,0.437536805163586,0.0443044439139945
3697,0.0452020152766415,0.42843780460756,0.0512931502209304
3698,0.0939602802665794,0.422621524687974,0.0331231589384941
3699,0.100125139119209,0.431086967479094,0.0326345442094557
3700,0.100109542365449,0.445256746186314,0.0286744660362977
3701,0.0888086827489869,0.447265530149904,0.0400149855692944
3702,0.0890282164680617,0.442789631962054,0.0359253536078972
3703,0.0964360623133233,0.432547537725577,0.0359705445099686
3704,0.110408623929653,0.425506393544765,0.0368989065086312
3705,0.109760789911701,0.442560602248771,0.0360710809054944
3706,0.0923320765159051,0.348351263962137,0.0230009412481085
3707,0.107169954193758,0.44655215865331,0.0338850714189158
3708,0.0987997480136416,0.432104966055614,0.0297233150072739
3709,0.0876392411854193,0.422738936190767,0.0394711316728992
3710,0.101859860283836,0.423924432321756,0.0531654826271972
3711,0.0740993476783316,0.44944857538576,0.0313564056305317
3712,0.0916522332613464,0.44479508367541,0.0245124801166456
3713,0.120777587157196,0.464077694877477,0.0231509499172677
3714,0.103677133132586,0.422909959228692,0.039989352746291
3715,0.112698995099217,0.448680291790684,0.0388864537219279
3716,0.0946059854729038,0.479574793055656,0.0228638601326538
3717,0.118760630253195,0.443738840239933,0.0260329542600636
3718,0.0754730907802588,0.444052978898426,0.0491087627538688
3719,0.0768632770117423,0.459967444717119,0.0279571499650837
3720,0.111251166231246,0.426328120321613,0.0288078439187214
3721,0.10704440755763,0.425191377612564,0.0225333717839947
3722,0.121833335188531,0.424519905467112,0.0275844017454784
3723,0.101666071912632,0.452243919432302,0.0364354603575834
3724,0.11914394504152,0.423796332570475,0.0346091948980292
3725,0.104331887485914,0.427728584555382,0.042616479003788
3726,0.0936133600302799,0.43857756620813,0.0420697632082862
3727,0.0828921125067823,0.458793522609632,0.0351636307823143
3728,0.127022033916984,0.43146472197623,0.0294090992247866
3729,0.127022033916984,0.42895401019376,0.0343538160786246
3730,0.112205376382504,0.441742006485047,0.0498687631278542
3731,0.0749404721700098,0.425969734443347,0.034438193543622
3732,0.105021593935271,0.351602716650205,0.0386873092124311
3733,0.108142574610381,0.427853631710386,0.0317832169869933
3734,0.090610708417458,0.447268927015207,0.0390996739640537
3735,0.111563020902826,0.441271127866211,0.0330137767176694
3736,0.0927435571201833,0.453215033803468,0.0301471184624238
3737,0.0903537301751671,0.43414831380845,0.0256419822264104
3738,0.0998316642101232,0.439292895688817,0.0390306883776231
3739,0.0898488309263413,0.439092032426468,0.0261598285860746
3740,0.105526885049599,0.429810950292826,0.028540740779013
3741,0.0983943588294142,0.434398103654766,0.049813688112528
3742,0.0896693884934019,0.432934026086436,0.034132588850294
3743,0.100845667319544,0.431616168344948,0.0407896071735844
3744,0.105760883165261,0.440839174083681,0.0240570962562953
3745,0.104329820837775,0.440049745180304,0.0291999558444205
3746,0.0861433224685266,0.443766430687297,0.0259439881537942
3747,0.0917112640565365,0.406850083290336,0.0403841819463437
3748,0.0926380506975029,0.449847355440757,0.032462847089563
3749,0.0980710781731328,0.456777576847771,0.046958776775095
3750,0.123424840211288,0.447384085997629,0.0398275303449282
3751,0.106620516229436,0.436708968083572,0.0314757489534852
3752,0.0873260576071422,0.433078928906687,0.0419034915960321
3753,0.10477138404351,0.427705324948912,0.0274345694373277
3754,0.0979764959858571,0.428387062387679,0.0274013932780727
3755,0.0883862649686131,0.425077750795946,0.0402572585191254
3756,0.0917165258311641,0.444305824077963,0.0242303548068992
3757,0.0999896724455957,0.422496348330789,0.042592545207347
3758,0.0969419226588378,0.32643671811151,0.0383469285055162
3759,0.0658895135643323,0.444361586243466,0.0420617233486142
3760,0.0919438840273093,0.446467003717996,0.0365251013925578
3761,0.0976961479061534,0.427250223927248,0.0258390444608742
3762,0.0526586046495311,0.411381684501323,0.0536849738357583
3763,0.0915699188968237,0.426440554619313,0.032766489730095
3764,0.0770857993301582,0.422852664957762,0.0494042621335224
3765,0.117324318470131,0.434511870325897,0.0376455433059911
3766,0.0952761526839756,0.426903781369274,0.0508126854926832
3767,0.0951571639383244,0.42716660509116,0.037546311436974
3768,0.0830990465998099,0.455409233136491,0.0272908720214891
3769,0.100722352987286,0.455169059678936,0.0459336712916222
3770,0.0861806538304774,0.438957940695249,0.052697460062843
3771,0.0809736920902557,0.439366271172005,0.0410568985057896
3772,0.118036211942056,0.441548444879848,0.0456200172871188
3773,0.11149397323024,0.446702162157409,0.0275196565116307
3774,0.0975890204103889,0.449617687406801,0.0284302725556556
3775,0.0851979538216184,0.426604818294102,0.0318162100372003
3776,0.0864303509693381,0.47751247178282,0.0256205316458774
3777,0.0915634496552347,0.442283014670595,0.0298060477973669
3778,0.0969919494868345,0.432528135524019,0.0267715714846128
3779,0.100980292866691,0.446136223566718,0.0454638469645573
3780,0.0977533719626022,0.427383042615281,0.0243772288338599
3781,0.111160572038481,0.446010286793399,0.0247679126096433
3782,0.113815087309417,0.441475362550442,0.0296706567431544
3783,0.0766088653215994,0.425030841864695,0.0421108378549506
3784,0.0937450072532946,0.442691649943694,0.030287459677702
3785,0.0821235557305255,0.453905829913476,0.0507508463799759
3786,0.11558011967485,0.44267557389202,0.042093755497334
3787,0.0852025377995021,0.438846641120518,0.0313379404681806
3788,0.111497155056093,0.427555115722865,0.0325250448838895
3789,0.0896680063654818,0.429607716980958,0.0370986536524492
3790,0.101457572258104,0.381126219507081,0.0398239372440444
3791,0.0888469527473358,0.424063934612688,0.0539849399222214
3792,0.0657706359488909,0.442700503892876,0.0444028958731233
3793,0.0717269366885686,0.436694312271559,0.0386678174198099
3794,0.103361433525877,0.443828006036085,0.0350674669884439
3795,0.0963503948763464,0.43803236682022,0.0426086158372601
3796,0.0803577091008557,0.431844128472921,0.0318515408196502
3797,0.0966141517711111,0.434256405231084,0.0364494898554112
3798,0.100534362533607,0.447273831558104,0.0294166641925796
3799,0.0551172992903833,0.439218596341611,0.0378306017283087
3800,0.0605513893444972,0.438685783642076,0.0289650896471353
3801,0.10318269669533,0.444352587027749,0.0233906207929301
3802,0.102092365127512,0.452196714407396,0.0294849678770551
3803,0.0874621138933256,0.427556817102113,0.0548261928419049
3804,0.0920954124868053,0.448411960903136,0.0227503025732732
3805,0.0970914054687296,0.423058616283235,0.0335123272242669
3806,0.1036605746611,0.448750801431828,0.0212244820502496
3807,0.0884360474757412,0.441836389498753,0.0376465712167707
3808,0.0963641418021246,0.431580250972126,0.0257342240620288
3809,0.0880117098721223,0.430470003111973,0.0409196672547888
3810,0.0822027959451571,0.442964804782787,0.0251485571910155
3811,0.0869261801326994,0.443023776682521,0.0354258732825243
3812,0.120096646917745,0.441665756732605,0.038284557120261
3813,0.0724890501533224,0.428637509957182,0.041124362890594
3814,0.0645857541046949,0.447491230062498,0.0438600448538778
3815,0.100417013676943,0.443192672291173,0.0222553129830925
3816,0.105297508763861,0.439850244272642,0.0427886905641069
3817,0.122856926681121,0.430773658496212,0.0282405439547385
3818,0.12498389584488,0.44968983820455,0.0395068188646108
3819,0.12498389584488,0.422620059691692,0.0615457554641469
3820,0.10399132333003,0.444990400766948,0.0427095022743017
3821,0.103731905723396,0.436764414190416,0.0339369890028069
3822,0.103594814857713,0.42494174261876,0.0342262222650214
3823,0.0942877064071189,0.437434787087476,0.0394648446976701
3824,0.105288640894975,0.386244596840218,0.037779958104383
3825,0.0851263949132225,0.448943421466973,0.0432676230988418
3826,0.0988489183436059,0.45146305011694,0.0382187429215873
3827,0.117854828601455,0.442846053877889,0.0381241367793131
3828,0.117854828601455,0.42701982888375,0.0318296748383391
3829,0.0878040091989425,0.444257925355872,0.0304858247936791
3830,0.10465772447353,0.443878818431541,0.0202460996224267
3831,0.108744899265229,0.439784206810568,0.0209825098322257
3832,0.0922881753515907,0.41929123167322,0.0320463580756944
3833,0.108014182052677,0.316247422248726,0.0552776120704868
3834,0.0776104942033004,0.377785577128969,0.0384515334703684
3835,0.0973755578275362,0.338652527789193,0.0439888178806832
3836,0.100020531185059,0.232145422826256,0.0471372018798002
3837,0.0821839249239914,0.267274441773078,0.0585345685764347
3838,0.0731826170581235,0.302888004780518,0.0642983061233457
3839,0.113534131976735,0.438857004829948,0.0307496287914642
3840,0.0907912839479863,0.487531472580025,0.0318520262718701
3841,0.0973648871121201,0.442332660135795,0.0253066449426802
3842,0.0740529231676193,0.424920649128433,0.0289640683903753
3843,0.118430509031003,0.433982047605732,0.0295506040166223
3844,0.106262499412149,0.467129036523161,0.0305497931544108
3845,0.0860202068349469,0.423782490633023,0.0410303397829549
3846,0.087988190578617,0.441714805643812,0.0397266795347034
3847,0.0852415410353386,0.431353248411017,0.0526527382245006
3848,0.0956069683164411,0.42451162759267,0.0464125004055918
3849,0.0896920034850926,0.438896848970971,0.0412854834132807
3850,0.0938961085233875,0.427292483214343,0.0379831982889243
3851,0.113482285816287,0.430617537954371,0.0206322038879178
3852,0.105309962678199,0.49835384338304,0.0318383543401106
3853,0.0996606592612074,0.431698944149225,0.0330228757035471
3854,0.0956482104861926,0.434562499154071,0.0407946886939616
3855,0.106249515854026,0.445615534097446,0.0415344091580645
3856,0.103997385087082,0.437970873846208,0.0341557462931088
3857,0.0900374439338297,0.428118584648771,0.0306145757038731
3858,0.0990153948356483,0.451503595121587,0.0295806831453885
3859,0.075112932632032,0.47646957993256,0.024777236330631
3860,0.110800154358978,0.432122705362783,0.04298229877425
3861,0.0793051346901217,0.44009361393475,0.0394149036130632
3862,0.0879111454496186,0.437534404084168,0.0383509699662973
3863,0.103844090857491,0.309178338615059,0.0588102677859348
3864,0.106071697012505,0.425057357692465,0.0338143541984861
3865,0.102275571765608,0.446102708786901,0.0352691956732584
3866,0.0972334006811628,0.456706645886303,0.0298799053209453
3867,0.119932590361671,0.422554065616155,0.0277752815518702
3868,0.103035895257291,0.445112496865994,0.0378479779846932
3869,0.0918548465190448,0.442095254275931,0.0259954226085659
3870,0.0894701324784948,0.436367329557072,0.0495035234116542
3871,0.0988565781439278,0.423454943918096,0.0594923672197377
3872,0.102791285604097,0.426453519060493,0.0395886889814671
3873,0.0833301284244759,0.441148420337561,0.0492917472541558
3874,0.101138171987411,0.460865946862607,0.0256771875121845
3875,0.0944853825379706,0.431137130318558,0.0347975995010496
3876,0.0801496129906251,0.40904776849068,0.0480168378958301
3877,0.0969932220887673,0.442976117181401,0.0449620311776512
3878,0.0836013953970378,0.422669441873235,0.0368293046934579
3879,0.096605426263427,0.445179543058323,0.0527603233242596
3880,0.072114754275237,0.459787836345484,0.0298087764131311
3881,0.081341843629739,0.456627905335942,0.0269050042553711
3882,0.0836194431480448,0.43538706323642,0.0233591744816728
3883,0.103906517493153,0.438960840695109,0.0324246326237396
3884,0.0892831542226283,0.428361655409699,0.0336368725624283
3885,0.0913734752235322,0.438476049985082,0.0337779431741158
3886,0.0972602271956574,0.465765312179824,0.0501305524352599
3887,0.104749678679949,0.437929985953739,0.0308914272739113
3888,0.0930232980972134,0.428365871462902,0.0310484131584223
3889,0.0982199096529034,0.425298632650809,0.0408119600579313
3890,0.0860426738127424,0.43685952420671,0.0490170512119122
3891,0.0599359709677158,0.43835023801652,0.0489203245532146
3892,0.0977605870383978,0.442314486936193,0.0321597992634881
3893,0.103311986814506,0.441514790610039,0.0273717634709351
3894,0.0931988008993009,0.433240786918851,0.0267626740828651
3895,0.105944832849615,0.452488129618547,0.0187788862691647
3896,0.112356493085567,0.446549010945765,0.0304704634650971
3897,0.0956298753756748,0.444094451495977,0.0364236831909798
3898,0.0933598567519014,0.440806964173282,0.0263514491148537
3899,0.0970141750473569,0.447801101162355,0.0206766943916204
3900,0.099126508090684,0.424802168580535,0.0422488121314456
3901,0.0925020225346164,0.431335552414703,0.0332273937539345
3902,0.0980015824089085,0.424915029183883,0.0304740838050276
3903,0.102538065174229,0.431423246022685,0.0402663900910693
3904,0.102210627515311,0.426646691569925,0.0409125476165034
3905,0.0919812365131437,0.423047982225754,0.0215025782077434
3906,0.0896440207459305,0.438321683672331,0.045435686621656
3907,0.124897101929926,0.429204715937829,0.0470262453803406
3908,0.10484321812921,0.422694671650082,0.0378311158646889
3909,0.0862208124877329,0.430935199294525,0.0219896635573589
3910,0.105545591358123,0.44749515357834,0.0282488652739102
3911,0.0935984001585923,0.422563418666091,0.0329021211620122
3912,0.0921096198120797,0.425028689688172,0.0330756714524218
3913,0.0882747179396382,0.425890417650833,0.0416919275807122
3914,0.0727474646401014,0.456069849652979,0.0521313058775941
3915,0.0879502169046069,0.44039468281669,0.0267042926992415
3916,0.0860303129710887,0.435612283529132,0.0484964900333395
3917,0.0865601465481448,0.448736454558818,0.043367641668291
3918,0.0681273840152415,0.438475266138786,0.0254522390843259
3919,0.098593918491247,0.430986527956112,0.0453943772345135
3920,0.0814443534699667,0.432758441475234,0.0245344394208492
3921,0.0988256034013585,0.432440506100509,0.0443127717716243
3922,0.0956045293844676,0.439135402972847,0.0259925466094281
3923,0.0978709215574549,0.424907367426133,0.029866130219719
3924,0.102313119856026,0.446758031503155,0.0367689456785282
3925,0.103083180586063,0.443071543831004,0.0329604509146194
3926,0.092402442593403,0.437933577887834,0.0267643142735268
3927,0.0746109499871528,0.422078179275076,0.0452015241614556
3928,0.105902299111554,0.432436609824938,0.0310968185871739
3929,0.0786833535287047,0.41220822113456,0.04093302074613
3930,0.0795960655951246,0.424394768235591,0.0370233236716977
3931,0.0909090115215782,0.431124066894946,0.0340110465309237
3932,0.106092397403014,0.432390523073614,0.0349939848016058
3933,0.100603271116693,0.438270800020088,0.0339835474024907
3934,0.112138111220112,0.42562609269122,0.0419197503027314
3935,0.0870871202400332,0.404106847676818,0.0352534774215923
3936,0.0945733693153515,0.439363886521633,0.0298296437500218
3937,0.0976962790398744,0.446789344450247,0.0472603136727121
3938,0.0573369346537946,0.42540406654307,0.0624319649052282
3939,0.0945896059390754,0.426676376904726,0.0238525851901935
3940,0.0883789123442943,0.436281146319264,0.0433658376326304
3941,0.0886619151824047,0.437448841769288,0.0467626798428654
3942,0.0984196497875511,0.414951638413042,0.0377936347870091
3943,0.102197351813461,0.265794128907672,0.0335685922291537
3944,0.109401313142418,0.394891956164202,0.0279885389059028
3945,0.0864495584425478,0.392664516373497,0.033816645428902
3946,0.0975319866641705,0.454832006290669,0.0330291263998004
3947,0.0672667020200987,0.338626906013483,0.0399162761536347
3948,0.11197825962385,0.329784286597752,0.0316990354957003
3949,0.112000083410527,0.343107824786113,0.0519120556722205
3950,0.103353684196832,0.446098734787114,0.0242267755000831
3951,0.0577445114976516,0.429052419787375,0.0365756539519158
3952,0.0577445114976516,0.440333974995182,0.0600651243179593
3953,0.0577445114976516,0.43823400975354,0.0423324596902367
3954,0.053909102204589,0.42990002541315,0.0460868682166947
3955,0.100147820009023,0.451050980773993,0.0272599148437152
3956,0.0973643688287749,0.431041937287646,0.040797594299243
3957,0.110245673522062,0.4386110495227,0.0478819504099167
3958,0.096147860318727,0.429030840709796,0.0287835412926063
3959,0.0795852955789707,0.443872215211333,0.0242114012625479
3960,0.0907691215304625,0.319255542801127,0.0390914365558765
3961,0.0862270649850491,0.0969559671607476,0.050354675035439
3962,0.0759409010207692,0.0799335339771007,0.0941902679631422
3963,0.0766103412829544,0.081803892009354,0.0856422377119104
3964,0.0864082524911401,0.0162547491171964,0.0432303336738754
3965,0.110204746094458,0.236956095315088,0.0275602266307613
3966,0.0880383967745519,0.322252608057639,0.0521257629958167
3967,0.0960019011869546,0.431969225882612,0.0352470945198447
3968,0.0873965320880861,0.458421538305122,0.0315167281189395
3969,0.0947828854961168,0.451874181278143,0.0225523449256603
3970,0.0978308514317528,0.426478581896882,0.0296399020119919
3971,0.0873851972301219,0.440150471808575,0.0408970054219395
3972,0.0941465912717449,0.42832636652825,0.0266975919797735
3973,0.0757876187675368,0.423438617064012,0.046198069874686
3974,0.0821309401021797,0.440240525782365,0.0266137557748298
3975,0.102528084747103,0.428172933342663,0.0276860103946379
3976,0.119869928456966,0.444065889724062,0.0618725989656629
3977,0.0924443825225268,0.423509398588523,0.0376598979173693
3978,0.110519189942825,0.424816932622769,0.0250709010642862
3979,0.0965443760186555,0.437267333279537,0.0267265581792334
3980,0.0822041876968891,0.435683319464609,0.047877544404998
3981,0.117483378964884,0.442151584721258,0.0318151934493625
3982,0.100499952443233,0.43216145792512,0.0240760720565566
3983,0.0956356261551523,0.422554960997549,0.0290523163850427
3984,0.0961956230768263,0.427062794399377,0.0431351485564465
3985,0.101419577327637,0.415010548409153,0.0436433801700111
3986,0.0827128657110303,0.427933762377874,0.0338074279067689
3987,0.0919088402365166,0.42929587525604,0.0275912411124966
3988,0.100851924595174,0.429305468510966,0.0350052532080363
3989,0.102110914995914,0.450878931151154,0.0273288157531614
3990,0.0798943988005908,0.451408298323766,0.03075076665901
3991,0.0860468616953128,0.437807626532375,0.0408983802886693
3992,0.0965260756354121,0.451785650222329,0.0278774512115527
3993,0.116045652742407,0.442305966268959,0.0357667675339614
3994,0.115391984311892,0.429526441844258,0.0247547585313338
3995,0.0755234395906312,0.439584653893483,0.0500533260607564
3996,0.0588693570927995,0.437337215881523,0.0284530623634131
3997,0.0754204976711121,0.430583286007453,0.0646342870778712
3998,0.120440996703468,0.448505477277593,0.0216276641835759
3999,0.0915689169207025,0.460060959070067,0.0338402765038948
4000,0.0961401437193752,0.447153931298771,0.0333383369328001
4001,0.0807693909795258,0.426668351025087,0.0288708758617546
4002,0.116636257127766,0.444594315680539,0.0410494859511433
4003,0.104508623571294,0.479771446761246,0.0229463871565133
4004,0.0833171380003443,0.450334275498652,0.0322372604118512
4005,0.0961231102972408,0.444952989920904,0.0471009090118437
4006,0.0860351224724735,0.431519394592543,0.0267039801801266
4007,0.0874488855321556,0.433161869343371,0.0331206752037943
4008,0.0795458451693064,0.4262581296504,0.0591032701697624
4009,0.0907528094951429,0.455151193996079,0.0258363173807038
4010,0.0799518299936144,0.423812714461576,0.0411307828198244
4011,0.115126751709143,0.439719895435687,0.0237390915099541
4012,0.112772523752751,0.426102624756949,0.0276680858672957
4013,0.0688595491850915,0.42376264459476,0.0466964605843915
4014,0.0963802287282742,0.431902261744581,0.0331280828490849
4015,0.104920875603103,0.434070643680569,0.0291793244300925
4016,0.110857539011847,0.425212489549562,0.0504755539269812
4017,0.10728203572646,0.435481295283201,0.0296802742866174
4018,0.0945132884458665,0.391177285216424,0.0476583449652105
4019,0.0975794578107536,0.442595710278712,0.02921930912609
4020,0.116256273152391,0.441451344152068,0.0492415728317962
4021,0.0949127181434792,0.444783413841699,0.0353808248779265
4022,0.11343154560189,0.437700176434551,0.0255265052997604
4023,0.103978741266525,0.445978612444409,0.0418981467104956
4024,0.0699049964371525,0.422614527129968,0.0493081184880569
4025,0.113887489372354,0.423442359139864,0.0316039334112978
4026,0.106061453245387,0.427556088998319,0.0325076481922176
4027,0.0991882241964211,0.424560313696742,0.0506562405173397
4028,0.0904633672048367,0.425299260447758,0.0445307814982125
4029,0.0983257050807481,0.432440663162703,0.0324728587122101
4030,0.0908844099919064,0.445016885634763,0.0364197956111461
4031,0.0767760688629745,0.439466827723288,0.0561064860606434
4032,0.103608001189953,0.440552641853842,0.0256464752034785
4033,0.0922415337650097,0.495753791966279,0.0249401172790201
4034,0.0830098265537729,0.457440419787721,0.0243324913054258
4035,0.104298973618417,0.427564094484048,0.0343803227873167
4036,0.108463480815384,0.42817270805121,0.0348042028188037
4037,0.0785056436572978,0.427259001968126,0.0398639377557113
4038,0.0818052181915629,0.428259518890164,0.0491817758323583
4039,0.0885306401959106,0.405437442839075,0.0416536307136746
4040,0.09401040091682,0.300107921402729,0.0433766328960157
4041,0.0948491238384095,0.348158939632064,0.0530371870589671
4042,0.101717920520792,0.300507143316175,0.049846952599209
4043,0.0744630153941317,0.272915075014069,0.0443156066604958
4044,0.0907755513026827,0.238409936154749,0.0411241111383212
4045,0.0849327345888906,0.294638444579007,0.0467471256698935
4046,0.097313807130555,0.317370821679433,0.0645274290249248
4047,0.0830656051507122,0.394958239063258,0.0374984244095089
4048,0.118058009709992,0.26547603274604,0.0569006430513773
4049,0.137712292964719,0.396735248760997,0.0461554171287024
4050,0.0908625747778465,0.437834294735853,0.0286155484822914
4051,0.0959284580088872,0.425641193013764,0.0272706327190881
4052,0.0805872697202017,0.416937506168714,0.062354811454223
4053,0.0996726192944354,0.427741325614668,0.0397214119555379
4054,0.0832223201627032,0.452474765055683,0.0424030831875121
4055,0.115207292800188,0.4276798887737,0.0247980224432681
4056,0.10390720646542,0.424882317538408,0.0430446568299902
4057,0.110031217610417,0.445657645914908,0.0256874314549012
4058,0.0898612720231432,0.449873701553303,0.0313403798595138
4059,0.104643191107214,0.426255500902552,0.0299693293727376
4060,0.0949964979159802,0.425098666274816,0.0377936819183778
4061,0.111983551240491,0.42395593621408,0.0322893501266305
4062,0.0751851387646113,0.446523267111846,0.0324872009757291
4063,0.114958059325943,0.437139650573975,0.0444610016243833
4064,0.100901161000902,0.453066090252996,0.0244009345227169
4065,0.0958909110766097,0.45698482264333,0.0488586194134335
4066,0.0991909533635178,0.4560055916243,0.0217735974051577
4067,0.112099828327911,0.448938416913031,0.0261566639690573
4068,0.10062204839422,0.441678667851469,0.0273500526719072
4069,0.0901143662856248,0.430802037685061,0.0461255365144879
4070,0.0873270992890177,0.446500895079076,0.031868225864757
4071,0.092875751466461,0.429289967528699,0.0439984798946127
4072,0.0793158842280905,0.43927325331306,0.0413640498815324
4073,0.0736763011583297,0.438111564840249,0.0319604934586115
4074,0.105422374308166,0.444867026309241,0.0348694812983764
4075,0.0966422681331477,0.446651875961822,0.0272201489937414
4076,0.112428593167672,0.429333753360348,0.0321869363111878
4077,0.0941644555491641,0.445958957058149,0.0240048024640437
4078,0.119530983481911,0.498570242791566,0.0301881908367898
4079,0.0886129554203445,0.448260950185381,0.0436587233429168
4080,0.0962651267965663,0.425359611177317,0.0303260630182617
4081,0.0802767429956356,0.42514356420234,0.0392332216194543
4082,0.0879063751168508,0.440300196829313,0.0399263378096327
4083,0.0976723067302641,0.446117813709266,0.0435700487962581
4084,0.0939215567474676,0.427321848341659,0.0403026121094348
4085,0.0985230455674947,0.451627975333743,0.0285254755078308
4086,0.125467781997575,0.423525732287207,0.0451559903451602
4087,0.112086628594211,0.428998400637717,0.0321055042643454
4088,0.0805190947241765,0.444362455085538,0.0288620319499522
4089,0.0875605572350543,0.422766875505931,0.0232360262458032
4090,0.089484122992493,0.429078186203887,0.0398863710852126
4091,0.0754029057078194,0.427953046645825,0.038773664207736
4092,0.0883057084725653,0.458422217597251,0.0297286436755365
4093,0.0883140086897727,0.436146447296729,0.0561122371368845
4094,0.109801396185709,0.429868987305443,0.0374506246248503
4095,0.108236570809539,0.426681516111108,0.0524038750411857
4096,0.108236570809539,0.434818221118231,0.0253740388070027
4097,0.0976891433342294,0.441164208961664,0.0380282884176549
4098,0.108203520101727,0.446882213051973,0.0283212697471636
4099,0.100710716525535,0.422410872466641,0.0376198321742629
4100,0.0806363731834463,0.433161354781312,0.0280784594766112
4101,0.127750325889941,0.434335284929606,0.0323106017479187
4102,0.100142251785796,0.425298801955598,0.0339613959923801
4103,0.111521133601995,0.426169405045375,0.0331598967294973
4104,0.112977481385968,0.432582574667177,0.0463424696961317
4105,0.0775442784379576,0.442027182885601,0.0415878649660509
4106,0.0996877160213844,0.430120291160807,0.0271287182169384
4107,0.0931255127583566,0.452157964542943,0.0368142760498073
4108,0.103553104010157,0.439924775216308,0.0330420374195485
4109,0.113434051346841,0.444185642311755,0.0237603069715261
4110,0.0869720957780905,0.429054149091508,0.0373135374620418
4111,0.106896566882865,0.427612798776904,0.0479609838238596
4112,0.0954417474193051,0.408125627842244,0.0343639485232584
4113,0.100852201857782,0.436388008946208,0.0229351734705609
4114,0.10014562111879,0.427471067169811,0.0468445474147811
4115,0.0839572186677326,0.436945723471845,0.0324299768462074
4116,0.0706638718017712,0.427520970266753,0.0473733036978945
4117,0.0706638718017712,0.455262978706378,0.033119691841392
4118,0.0706638718017712,0.42844007556331,0.0505333632372757
4119,0.106301425015627,0.432764550619117,0.0371481875982093
4120,0.102182830001419,0.447063901423905,0.0367883850059181
4121,0.0801481366853268,0.433519935074488,0.0469841443305282
4122,0.0772494360811805,0.428700719579794,0.0461180930048542
4123,0.0968104623338906,0.422241414473326,0.0261291962802515
4124,0.120523017683765,0.43387642481716,0.0461081481862762
4125,0.0901025754520566,0.434126295729116,0.0497159748166313
4126,0.113617043448644,0.427075698773301,0.0401244858522186
4127,0.111697934822806,0.423314148240078,0.0335720214969931
4128,0.0831075400161072,0.438338321572003,0.0293804566392172
4129,0.107647474971329,0.42607695946417,0.0261640695176466
4130,0.129203056777337,0.447981264623567,0.0408464982234076
4131,0.129203056777337,0.424774715888385,0.037968271242535
4132,0.10003513856935,0.458731010656951,0.0420578722174638
4133,0.0978878633311673,0.444004224569315,0.0393158013174868
4134,0.0988440880160225,0.427535957791413,0.0469146965624697
4135,0.0901234836198596,0.455503108032538,0.0275755141671198
4136,0.107369841061856,0.424346862369822,0.0475888754447818
4137,0.0936508806392296,0.442149595216353,0.0395710290421107
4138,0.128960727480902,0.429922483770657,0.0325649879856471
4139,0.101205077744669,0.42253718355797,0.0466446168534266
4140,0.0590714456044028,0.431484428563759,0.0332861534923611
4141,0.0732598498506614,0.425787965407728,0.0525696626654486
4142,0.122077674050158,0.431674918168669,0.0339593655949761
4143,0.106765646541739,0.442293288835652,0.0425913182134634
4144,0.109791805420114,0.489851979795556,0.0231032325570612
4145,0.0918951701782242,0.445793275359869,0.0393707058883887
4146,0.0848363762275501,0.4388149953695,0.0369994912169317
4147,0.087820694199597,0.439194443850279,0.0527555344898828
4148,0.0904242322822379,0.428714444698344,0.030163552591797
4149,0.103796776002664,0.440710840535883,0.0314889140988327
4150,0.0719642998868432,0.430851391584682,0.027304909655775
4151,0.075560660651135,0.431319410626643,0.0308995994748055
4152,0.0938631266924334,0.43493313818574,0.0402200825301379
4153,0.109460868350164,0.442102979631687,0.044704097919509
4154,0.109460868350164,0.427655096941041,0.0298112399176385
4155,0.103533448461449,0.446177015350158,0.0459101540986068
4156,0.0824739024178371,0.352993531563997,0.0334962267168353
4157,0.117385135161882,0.457906106252058,0.0307203420212359
4158,0.114515139415278,0.440176824717143,0.024797996818869
4159,0.080505851740997,0.43107308054948,0.0367234866137841
4160,0.0781937779894208,0.436204583901886,0.0288022357235405
4161,0.0774235195689094,0.442532998783874,0.0416831155221852
4162,0.106454503436313,0.451462276492423,0.0321285154450065
4163,0.0954392942302511,0.438325826397845,0.0286207359799028
4164,0.107838505069217,0.427379757123242,0.0326113595610869
4165,0.0992509838015039,0.426108270408177,0.0305066645222314
4166,0.0815203139332017,0.420790195421251,0.0327399382138257
4167,0.104706891437348,0.450852367407592,0.0302452249542531
4168,0.0801886580982133,0.433686863249812,0.031112708365474
4169,0.0875663218634315,0.440998095624579,0.0274831828483981
4170,0.0848502841384096,0.437378235109664,0.0307263610228584
4171,0.0922863240161542,0.463290460250311,0.0302961189490988
4172,0.0840940810256489,0.444397733177762,0.0268253648888713
4173,0.0868079122924796,0.459328937999492,0.0288914194973444
4174,0.0995144965339359,0.463849096954801,0.0218576581054423
4175,0.0659058404319698,0.430449682165315,0.046514210378615
4176,0.0982038527922285,0.452304700746784,0.0224264101481331
4177,0.0765569886000124,0.471907814738061,0.0219038499921318
4178,0.108749398232871,0.444420337674318,0.037464392103679
4179,0.104320237677015,0.437140852831627,0.0289329284929691
4180,0.0809607268601731,0.373308117131787,0.0456741910977313
4181,0.0777049627091892,0.470911748553559,0.0342379989597976
4182,0.0926479322023645,0.4298164925799,0.0432769626505815
4183,0.0914707537047722,0.427869007468925,0.0239022248494908
4184,0.0711732513453936,0.434504680587041,0.0338877052159166
4185,0.113871414758309,0.438979526377391,0.0335960876831537
4186,0.0878298822372749,0.426036889040566,0.0305089341396005
4187,0.0801104958121291,0.429613931566183,0.050829539765489
4188,0.085284476139691,0.45740260495463,0.0350436674309998
4189,0.0888498486663919,0.441985968170793,0.0239537061544649
4190,0.0946216933545789,0.446951298960295,0.0274039701488214
4191,0.10747541132635,0.430585316378658,0.0314938959742644
4192,0.115704212609446,0.429244082636462,0.0279651026642007
4193,0.0989023188596169,0.423760596890364,0.0275760740902476
4194,0.113027818068075,0.437673754578093,0.0406472224941794
4195,0.0982914834747655,0.430301768694966,0.0257521289226989
4196,0.102603466963111,0.42955922576568,0.0290624853686047
4197,0.0947273281035818,0.445433689785934,0.0360908784305028
4198,0.0760386757277386,0.429063184355396,0.0298897843514506
4199,0.135248069256098,0.423259048541454,0.026631886058903
4200,0.135248069256098,0.423474860608272,0.0359000349100785
4201,0.104814109088759,0.408543314502207,0.0310368248111258
4202,0.0984623172244976,0.365294171373907,0.0477820928784462
4203,0.107502541469809,0.439044354067298,0.0327381676462518
4204,0.104863017786188,0.446365480285307,0.043671575687603
4205,0.102604992552325,0.437908867441974,0.0287715893240332
4206,0.0983057969968996,0.426285983289676,0.0555041206888872
4207,0.0936076903996828,0.449783900237419,0.0358394215430543
4208,0.0933827099559474,0.426912282875609,0.0394895607459858
4209,0.0969265127170316,0.442283022393681,0.0424452860613496
4210,0.0932882845944346,0.43750046614026,0.0324782503191758
4211,0.0961212695508151,0.429760946868136,0.0389798901936279
4212,0.0932228895184338,0.438577484536126,0.0256353875646795
4213,0.0775183949458181,0.430551448724573,0.051682991172885
4214,0.0819586996172662,0.445478024249173,0.0382118943931966
4215,0.108958855271116,0.443881093503677,0.0347154948448134
4216,0.107102039366189,0.441393882125802,0.0415580090507415
4217,0.0831102930951155,0.422999460847002,0.0292487386060939
4218,0.0984932485252807,0.446396974213543,0.0359491176146145
4219,0.0934152303424726,0.441726800470598,0.0267601444996745
4220,0.0928086650382022,0.435846976881047,0.0434893295643098
4221,0.105228245187767,0.431231636066015,0.0359197167145965
4222,0.109468556691082,0.424921593930398,0.0423777353893389
4223,0.102335650686105,0.426957938860055,0.0323011491720286
4224,0.0883059388129294,0.452238813817082,0.0347943119026439
4225,0.0556952922890017,0.428640493527598,0.0395058236633607
4226,0.0949544861093855,0.42879459588489,0.0380095907094514
4227,0.101745260927641,0.432997086855956,0.0351455401461642
4228,0.0909107926109706,0.435684721514924,0.0436182685046199
4229,0.0825969433168091,0.456070298080914,0.0232596470242386
4230,0.0975432091722956,0.438000160835835,0.0256489232022269
4231,0.0694609619864379,0.44098117410819,0.0366837299478245
4232,0.0846350436910668,0.445313987084339,0.0470200163784891
4233,0.0980469576422771,0.445876636402841,0.035496150064612
4234,0.0964133633805607,0.435472247219816,0.0296912163717671
4235,0.0953476019384693,0.425719397630771,0.0288611125218822
4236,0.0927903740501003,0.427164276263395,0.0304654187014363
4237,0.0880930206039006,0.446392478411581,0.0606595580406023
4238,0.102316243807149,0.423266601581659,0.0365588739085892
4239,0.0961688493067989,0.442805672486122,0.0258117133936589
4240,0.10683030528612,0.42547075333663,0.0481378779600166
4241,0.102448008927162,0.447072834549646,0.0292188612752835
4242,0.101990488372359,0.433904220290535,0.0676117646895804
4243,0.109081746780163,0.449296022352081,0.0248816208936313
4244,0.0802304998951774,0.470316334070387,0.0484319506233632
4245,0.102591703612161,0.441887298028543,0.0388334284414035
4246,0.111924886661956,0.423784834308408,0.0495679233978899
4247,0.115448031965735,0.443877000686966,0.0468349320685964
4248,0.0770312919097472,0.426546491699234,0.0307398340791409
4249,0.112629021472184,0.425041094321513,0.0404211842073506
4250,0.0952248216122485,0.441306286537441,0.0318585782007279
4251,0.0941069925126542,0.416341894923838,0.0338343000982852
4252,0.0908518223543043,0.433342855728073,0.0261058986563047
4253,0.10291088028057,0.426170202440837,0.024445157244826
4254,0.109926082967547,0.424849942279217,0.0350157592455176
4255,0.100499586458702,0.425655416779613,0.0455414412870905
4256,0.108255127165803,0.43082623994764,0.0416151005828867
4257,0.092200831630528,0.43277945762905,0.0445009481807221
4258,0.0977882710734503,0.450258530073824,0.0303787397145821
4259,0.104544766334687,0.428858194638951,0.0304395250550816
4260,0.111384478728634,0.454426610614887,0.0288432010523815
4261,0.11950305481629,0.434316304727363,0.0318358851414033
4262,0.0966697699506039,0.453410917486532,0.036624954589467
4263,0.086255422786858,0.426811913284551,0.0584164039197416
4264,0.0943867634311649,0.440380660121412,0.0243510879212734
4265,0.11833487821567,0.442010669597755,0.0610751604731746
4266,0.0600493594729399,0.414806946310435,0.074899725243874
4267,0.097499088083109,0.422600207995406,0.0277886085177485
4268,0.104109287592094,0.447589757315977,0.0281938036189483
4269,0.111837633320365,0.44405041074245,0.0316890242061627
4270,0.0979374455597437,0.42580539133227,0.0309216834520744
4271,0.0912851643768469,0.429881731258157,0.02875304248258
4272,0.0871559057127611,0.424554437652251,0.0404108577654269
4273,0.0821845728466082,0.429061037367202,0.0340462216204854
4274,0.0978558748959206,0.442898823353531,0.0292987649580106
4275,0.0951081901027599,0.428892087857446,0.0336894042968201
4276,0.0921880273275287,0.444174653924824,0.0644381713983497
4277,0.129704520434925,0.424864303558678,0.0351680784215296
4278,0.105399942272426,0.431055251966917,0.0414787033245034
4279,0.0860646938764411,0.454864358192077,0.0293581300015216
4280,0.0759627825668198,0.428724973046691,0.0490225769626867
4281,0.106742278720398,0.436424407906187,0.0249744406001887
4282,0.096470305439997,0.460386410380891,0.0296284365029263
4283,0.110638844064428,0.467157662565486,0.0269751777360149
4284,0.0900750489169348,0.447851954459157,0.0467834483805366
4285,0.0838593938479102,0.405576394209599,0.0541365461832119
4286,0.120340075547285,0.437480643501396,0.03727759827382
4287,0.120340075547285,0.439822870759486,0.0413721155413503
4288,0.0516516409775571,0.438736765281183,0.0343819685369375
4289,0.0516516409775571,0.396848812923453,0.0285413531110077
4290,0.078883271672559,0.42544012225717,0.0192478617358224
4291,0.0856788528448851,0.438122516332359,0.0324925646861284
4292,0.0964583240905612,0.429422163896773,0.0301755863760477
4293,0.0921425405086373,0.454695628394424,0.0262921579581716
4294,0.0933577290841515,0.401549492846078,0.0512891779207587
4295,0.115316650223279,0.449412490808754,0.0299723805148183
4296,0.0821232006450461,0.440647438249296,0.0263837237910078
4297,0.0812366236152247,0.430525155903284,0.0291161307173596
4298,0.0653868872211541,0.453868236031052,0.0229363495809591
4299,0.0862403288640122,0.424472544415296,0.0535637525112729
4300,0.102107019942414,0.446956187563082,0.0234062915213576
4301,0.0883664064076184,0.444487457240153,0.0423479232490752
4302,0.0904641915896668,0.441868095308574,0.0382039252702799
4303,0.0974741916827822,0.443656141389556,0.0515695150625863
4304,0.115555670218842,0.435835484634425,0.0337850836784826
4305,0.0909634121450384,0.444159349740059,0.0177006249662209
4306,0.0885031416648331,0.425645577818704,0.0361844929748426
4307,0.0978270239504699,0.426340285753413,0.0342978839021819
4308,0.101842973658484,0.424392464021299,0.0316790580750599
4309,0.0989866997421074,0.426234485564005,0.0337007822102734
4310,0.0891003347290162,0.440785834591844,0.0408910422690924
4311,0.0802247825851367,0.43480695650174,0.0505530800624523
4312,0.113437125117808,0.439939043398884,0.0276959845226814
4313,0.113437125117808,0.441274166916889,0.0335922359560137
4314,0.101493345195477,0.431152014363941,0.0304669056629978
4315,0.0910358753518098,0.442694574662163,0.0290037919666243
4316,0.0852462199790071,0.427316510896973,0.0359696878199502
4317,0.110469942559668,0.3874364711116,0.0450376788281093
4318,0.110469942559668,0.455266716573106,0.0279590457035096
4319,0.0914896240801177,0.442257712612423,0.0169486828151593
4320,0.112830445591978,0.439494827591791,0.0308117759506712
4321,0.0924654071466322,0.448694043300664,0.0286497549570667
4322,0.0997545838716108,0.425310165686622,0.0434227415081556
4323,0.0910493649042594,0.431211014409173,0.0312295920679198
4324,0.0932182915578541,0.454533066759245,0.0407520992615092
4325,0.113875549220141,0.445580617830294,0.0323058784311901
4326,0.102257735503244,0.426409478610915,0.0402633126400367
4327,0.114051029246384,0.460252065464934,0.0351561529683574
4328,0.107153135526467,0.423910606347768,0.0290447422247874
4329,0.0883042968231626,0.450120782921761,0.0188734695796274
4330,0.0869737227508938,0.442608496064673,0.0415497585929592
4331,0.0883653953164497,0.430427254248357,0.02574014484648
4332,0.110181636557705,0.442215845249953,0.0370615322376448
4333,0.117643676527497,0.442266411943214,0.0259463317534006
4334,0.0496224590724394,0.447113505652227,0.0279213993898707
4335,0.061723608989025,0.434149800855519,0.0376711706121217
4336,0.0735290620561031,0.444084387881988,0.0364304877058819
4337,0.0750703623319448,0.425277302457605,0.042546841558347
4338,0.090984664944545,0.452781585393342,0.032944720388488
4339,0.077461838598909,0.460818956370984,0.0265693191502122
4340,0.084088673578721,0.3712132897949,0.0381053952702438
4341,0.111849150005825,0.422046318243515,0.042696968919052
4342,0.0638908113434946,0.442087146579838,0.0536961004832025
4343,0.0968003000956183,0.433272393188312,0.0365390998510223
4344,0.0983443782255004,0.429044150741697,0.0266862987511653
4345,0.104762517311269,0.438217536055691,0.0234114809649838
4346,0.0984993211674034,0.440958514888075,0.0482019753574408
4347,0.0885399449980547,0.425693621404312,0.0421824787550167
4348,0.0841351827532027,0.42318363696579,0.0427631840065233
4349,0.100618230355988,0.435843512707129,0.0305948969696779
4350,0.099667113626417,0.424107678735968,0.0334395876107033
4351,0.107675080872382,0.422359035924769,0.0176947817884713
4352,0.0801722336788926,0.331085324929616,0.0325372785261304
4353,0.10258291863909,0.440868655020437,0.0262397342093156
4354,0.0894108100973611,0.427094412247461,0.0232659487718003
4355,0.0723775056124969,0.440717621825906,0.0320745475236834
4356,0.0807936096895049,0.429113212173449,0.0328174687251862
4357,0.107246650474796,0.450849076097625,0.0342197958024093
4358,0.101850593259771,0.430595474083091,0.0326722748605312
4359,0.102359906475659,0.423543520269401,0.0299529436440867
4360,0.0843614007473128,0.438103530545139,0.0321957775630151
4361,0.0917334428337494,0.424347368372539,0.027963917441745
4362,0.0852857802008602,0.425804558957453,0.0280653952938807
4363,0.0848171941742837,0.445153632482083,0.0312311851681481
4364,0.0890785025307345,0.446918222163398,0.0309648637452037
4365,0.0944530046718512,0.443606411280366,0.0506138168748629
4366,0.0935333881854234,0.425934093303996,0.0436875210605229
4367,0.0993098709211934,0.446009978766584,0.046727571488787
4368,0.08262087635366,0.42457563983917,0.0400658354112051
4369,0.0935438414594605,0.441576755226743,0.0491092835648791
4370,0.100058695383837,0.43039848945632,0.0366983143800019
4371,0.0849489109208902,0.429342786067604,0.0265772975913692
4372,0.109923225300252,0.442234956735119,0.0483673760507769
4373,0.104790935976452,0.429300183044775,0.0250876692794403
4374,0.115697484892249,0.429875610784953,0.0353689347846697
4375,0.101907602580831,0.43392392371273,0.0268086300809998
4376,0.104574354862062,0.329865314868613,0.0508506770377167
4377,0.0955532951811431,0.423892606439269,0.027213020079045
4378,0.103317966061975,0.437421442177666,0.0374360389283861
4379,0.0884873411980169,0.494358958435414,0.0277872461403432
4380,0.0866985458514545,0.401597391068604,0.0460158017222538
4381,0.0968167632946361,0.42771986017145,0.0316951673035673
4382,0.116186019066808,0.448965966532391,0.0298386063992465
4383,0.0960511759286888,0.429427838745527,0.0283494561037115
4384,0.0844563420552431,0.450722898935075,0.0244514307740187
4385,0.0913659021326617,0.32927269676693,0.0422071217642628
4386,0.0896562347503101,0.286238236943577,0.0585060168138018
4387,0.100526018591571,0.232125832408639,0.0354718624125578
4388,0.113110387195708,0.319682001655149,0.0580170117419266
4389,0.0715149711481066,0.376510534235097,0.0548185659750189
4390,0.113011273284472,0.37879398548918,0.0483963061288359
4391,0.109607742424485,0.37670654041054,0.03517782016007
4392,0.108231206836605,0.355337161344957,0.0509216175097935
4393,0.0870028448091937,0.430745437087783,0.0278415490390336
4394,0.100858290440274,0.444399237289253,0.0375827073995933
4395,0.0918462671267129,0.426387963619011,0.0346372164942477
4396,0.0860164472585023,0.456729113654504,0.0337983972783536
4397,0.0956669054809863,0.649190718097321,0.0246117715232401
4398,0.0946479619636606,0.625839566587685,0.0260276294819969
4399,0.0960895019802593,0.596531112522653,0.031315688355246
4400,0.0875510281613999,0.650871213798784,0.0305222495718337
4401,0.0842494722669025,0.707431391478199,0.0167472616883819
4402,0.0797887052568453,0.603843612592364,0.0286411194719598
4403,0.0917816644325231,0.671612249926776,0.0476043404518778
4404,0.0977787805830564,0.662150971150252,0.0278811652850508
4405,0.0853251284441875,0.694615516124999,0.0187998133041882
4406,0.0754616849292406,0.640058659472543,0.0236375120854205
4407,0.0772829489999782,0.581907122977289,0.0270371764476149
4408,0.103755166547749,0.634399172097139,0.0271777517030437
4409,0.0865687558528629,0.613660935923469,0.0183401992504991
4410,0.0885621678529719,0.660332971151496,0.0195239321420396
4411,0.0864280701874822,0.623016363725196,0.0231941689006062
4412,0.0688012889534331,0.628410669931495,0.0231459418105584
4413,0.0938897444427083,0.673588487950409,0.0233717966197147
4414,0.118879543279911,0.464907291816776,0.0162928810212392
4415,0.102409516490431,0.488790154427464,0.0229517931799096
4416,0.0997451805100556,0.594103616841455,0.0265729982178314
4417,0.0919049163899974,0.598836672332641,0.0246922392834776
4418,0.0965699533653943,0.670740534059298,0.0220417928303823
4419,0.081968932457914,0.617719815434541,0.0208739540734608
4420,0.0810418597018007,0.704807000488573,0.0206406339328629
4421,0.0801419388151079,0.630882949452998,0.0244660317343001
4422,0.0990213572335171,0.70464981555428,0.0232436902650095
4423,0.0958079057817078,0.626163201699135,0.023477142609153
4424,0.105376794935031,0.527352288184154,0.0218244099611609
4425,0.120782927455305,0.435385386374315,0.0239385457018758
4426,0.0972394745243719,0.443453416780466,0.02687597963141
4427,0.120146899950268,0.43006979451035,0.0320001640529695
4428,0.100305626589876,0.431713627234523,0.0451113896171297
4429,0.106409707958002,0.426771590008253,0.0295922353212336
4430,0.102482734927077,0.434300210655631,0.0261482704592637
4431,0.0941810142261669,0.424400531538537,0.0383519742106857
4432,0.0969201269351447,0.437295367694321,0.0270552440008506
4433,0.101603530214136,0.437117687799797,0.0318882812190366
4434,0.0759354649274014,0.454792444779277,0.0269886769881533
4435,0.107566233654119,0.458197215049268,0.0326224687332011
4436,0.111160878983086,0.427747571301962,0.0289656564085182
4437,0.0924320395837228,0.453464034459161,0.0277965034933754
4438,0.114188516849428,0.447396322106352,0.0364802946844888
4439,0.102712829456331,0.425312241847196,0.0414625166882017
4440,0.0869383744437239,0.444293772655981,0.0310073020942354
4441,0.119027414789357,0.399682608383857,0.0407233572643191
4442,0.0946637349493978,0.454262232560966,0.0217290837345393
4443,0.104443986393941,0.442210696784748,0.0263523840825819
4444,0.0854372803146865,0.422416394034532,0.052318899431769
4445,0.0880462339786123,0.458026215223843,0.0299595164399426
4446,0.090349685191498,0.424727373651388,0.0319586895009437
4447,0.100415413840728,0.440010797508293,0.0339697512822296
4448,0.077627507884501,0.476065740489851,0.0190396194945649
4449,0.0791685168013521,0.426603581157276,0.0240272799069659
4450,0.0959846293779659,0.441380061471088,0.0240799632497543
4451,0.0987418432703652,0.431017816562053,0.0344514192094576
4452,0.0832498279106316,0.434607762046002,0.0402804235334007
4453,0.130848811167634,0.422919405559501,0.0402623553159269
4454,0.130848811167634,0.434889289169266,0.0271694149863357
4455,0.130848811167634,0.441201245459259,0.0371564267034331
4456,0.0466214843559215,0.423090291919337,0.0610602108160025
4457,0.0949306542115311,0.423518063278245,0.0446587154315422
4458,0.0876165110604905,0.444814594962131,0.0313830241020664
4459,0.103895778174426,0.448241825002857,0.0219716315255775
4460,0.0804574983230418,0.453030909721485,0.0397282742600203
4461,0.104809895896971,0.433455177337895,0.0452384869604141
4462,0.0981916203497983,0.443443848376616,0.0407272762038694
4463,0.101005825792603,0.315833019292381,0.0312384302312345
4464,0.115859972642304,0.30017762478952,0.0551493852056862
4465,0.0934648476879512,0.45974739771318,0.0251735995157503
4466,0.113812963551104,0.430514728725781,0.0495016491149937
4467,0.105873081148316,0.453195009011661,0.0485719793414439
4468,0.0881783829221436,0.541157131463825,0.0254050320685531
4469,0.0783510321163937,0.645265241954968,0.0205566476637053
4470,0.089243819585712,0.57179689623308,0.0207630556066795
4471,0.106727169535957,0.674473652581071,0.0249143880391773
4472,0.0865600568541524,0.677855730432021,0.0352744125230458
4473,0.0839158631539658,0.715734384298098,0.0202769040446937
4474,0.11099627460082,0.695948892918126,0.0266465777763943
4475,0.103297025548398,0.713432265955569,0.0192047871748664
4476,0.0929799663914199,0.732107547977515,0.0162149722349047
4477,0.0969073042560115,0.610124062553316,0.0244714091856272
4478,0.0753758092802775,0.623123480816912,0.0278527693519738
4479,0.0714458098320457,0.658868957370563,0.0168491483447124
4480,0.0937824081761823,0.651758221811005,0.0222993203304866
4481,0.078775410919068,0.659713573366739,0.0180597684582752
4482,0.110372094209956,0.694721489532719,0.0363735480518528
4483,0.0938555595707106,0.624423694456239,0.0260293908530866
4484,0.119406669443676,0.497109963958724,0.019975767901095
4485,0.122350298258788,0.429472264503579,0.039931888361578
4486,0.0983493007130948,0.444220715424731,0.0416514021452537
4487,0.0890711353866242,0.3099734070462,0.0430705638846452
4488,0.114224438101279,0.311825378309434,0.0664889672360519
4489,0.0993571799530549,0.348125068238343,0.0471059673213747
4490,0.0983134208223291,0.429425349075211,0.0433655090376993
4491,0.102231678396591,0.444784516215023,0.0273471519294154
4492,0.114657541938673,0.443963606547129,0.0381474167403379
4493,0.0910417988155344,0.441279964603734,0.0366310035628642
4494,0.108805665997269,0.439784414060479,0.0306509497985118
4495,0.0872594214065789,0.438713064612617,0.0388808074285227
4496,0.0716451708681055,0.43040423812279,0.0296095544352874
4497,0.0793669718197997,0.430690997809728,0.031726281201389
4498,0.130004331889145,0.424331991423587,0.0356175476286557
4499,0.130004331889145,0.437806074413885,0.0521781215738533
4500,0.092648001635336,0.426334167728219,0.0206413819454851
4501,0.103701941072168,0.427524928393615,0.0319047535825587
4502,0.0791797188053171,0.441909524473739,0.0294691855746815
4503,0.0917796786721568,0.433566799250333,0.0375075519757796
4504,0.104062485139758,0.435817396916498,0.0315847758315007
4505,0.0936009345911239,0.426332342853323,0.0248810494403927
4506,0.102883890698324,0.433508104611121,0.0401751749176235
4507,0.0943945526422573,0.437740726223324,0.0320525669870117
4508,0.094700804481002,0.446598544843684,0.0296202006858229
4509,0.0913413546724894,0.494565160603516,0.0351038787809029
4510,0.0833484463631569,0.445968214266641,0.0326319630967813
4511,0.0899043639464498,0.436222983636561,0.0238761055561218
4512,0.0854200030743718,0.430482903526221,0.0206839451739539
4513,0.10349846225417,0.443862801176865,0.0391624067133934
4514,0.0969344680627093,0.440083606900914,0.0270667753077098
4515,0.0756425376176227,0.428539018976476,0.0559682711190289
4516,0.0842530931808121,0.435944756620828,0.044423145373169
4517,0.125099570545234,0.433644057548819,0.0389071247063754
4518,0.125099570545234,0.444762778347558,0.0345689691807121
4519,0.0958957882667872,0.440444237708994,0.0204029524144021
4520,0.092738541647291,0.440588920750642,0.0386413556219994
4521,0.0760222352733075,0.430358761002586,0.0360506259786635
4522,0.0936486291011401,0.436098234952002,0.028697753210113
4523,0.102646867121456,0.432403047070728,0.0343869473948871
4524,0.103593733392796,0.425321211806964,0.0278666327439918
4525,0.0941265439912133,0.446368315682785,0.0418305245276537
4526,0.0934197357117128,0.426224407559351,0.0384779797272587
4527,0.0923403940723478,0.450945680947147,0.0291464103889991
4528,0.0842145422403877,0.429710612304331,0.0365977101976788
4529,0.0795502778306455,0.432092607043508,0.0237020736833269
4530,0.0851982617280508,0.438167492594686,0.0408202745473257
4531,0.080701124004528,0.298647772180178,0.0783797639220592
4532,0.115455076201517,0.322388180280581,0.0294839689417419
4533,0.112596480465582,0.301357169094156,0.0435650918028082
4534,0.0905232560820641,0.423322870864803,0.0398221198765816
4535,0.111575085300193,0.428100210921136,0.0320806137651742
4536,0.111404257562243,0.308072710118242,0.0397610743127928
4537,0.0973021077140919,0.282845605462664,0.0815419630061941
4538,0.0947566865519801,0.381607141474014,0.035928973352954
4539,0.0881536484577917,0.422253410070415,0.0340731536058203
4540,0.0980696251293226,0.445039684018327,0.0436700174391887
4541,0.0986126799914843,0.435371188444413,0.0303691474468353
4542,0.0861537333341358,0.426027909893253,0.0356303013198287
4543,0.0872365063355993,0.460185122706724,0.029312845182618
4544,0.0813537427630411,0.443031782587229,0.0281342518446929
4545,0.106071420991674,0.43503001955759,0.0367026636554443
4546,0.111822133707756,0.338633084111489,0.0348947095340848
4547,0.102866306423494,0.42340562663104,0.0440478489789565
4548,0.104919069924184,0.461565024488254,0.0265377001995356
4549,0.0702362137789167,0.441772931611838,0.0511200613412225
4550,0.0849063891592256,0.43488009974866,0.0266725593619424
4551,0.116262292307662,0.426588500310138,0.0328513751324036
4552,0.112560241878488,0.446495209578965,0.0387910676239426
4553,0.0947643136693588,0.434456453711458,0.0238678005374435
4554,0.0950695745865768,0.431851708292317,0.0408732150767762
4555,0.0948187253054102,0.430628597265438,0.0359284732672988
4556,0.0927909414543963,0.42521742413049,0.0357213326575453
4557,0.12342953154691,0.437532348600047,0.0449099230019167
4558,0.097422244628209,0.462013603664234,0.034416070354668
4559,0.0975880547647468,0.45248715569412,0.0325719630401525
4560,0.1099132948907,0.433265946245371,0.0389195663799517
4561,0.0923100775444455,0.403036648035927,0.0318440061955943
4562,0.115205102790178,0.430814601186461,0.0337889902805697
4563,0.10769601072345,0.437958005400905,0.0310750993462039
4564,0.0942447347310655,0.437710605257363,0.020661586847415
4565,0.107321866195971,0.440025962335497,0.0234047061715225
4566,0.100013431219365,0.442952985781605,0.0321816398257064
4567,0.0918152555647995,0.440646661022127,0.0388809169569105
4568,0.0786230174403272,0.432090929626131,0.0272092746084881
4569,0.0864566162162602,0.446927165737059,0.0271864911218598
4570,0.0948662438727845,0.425674566812946,0.0321488326443868
4571,0.0935575577398734,0.44451149786862,0.02756689035574
4572,0.0973838316886987,0.438888884252872,0.025205648371768
4573,0.0934117964232334,0.443962031214939,0.0282979563413142
4574,0.108124736565742,0.43274501175896,0.0333493766974448
4575,0.0995082752716123,0.426353110219815,0.0423261746898913
4576,0.086686357894713,0.432845972559857,0.0307496863329132
4577,0.0778296959653192,0.430509933361271,0.0311436149787703
4578,0.0877041802332538,0.430342507084606,0.0420394074228608
4579,0.137798706875392,0.439139112837695,0.0429264219318654
4580,0.137798706875392,0.426651345635346,0.0272059217368722
4581,0.137798706875392,0.44532551013791,0.0330341764080747
4582,0.100155791074897,0.60663077767111,0.0175460556624649
4583,0.0945107277022113,0.702269921106283,0.0201762967571066
4584,0.0823061013776804,0.696095893670418,0.0281792537458209
4585,0.0918546480218061,0.648772681895146,0.0264883904168963
4586,0.0893519314170771,0.662843631851755,0.0298213688378069
4587,0.0743006809778412,0.704248872966663,0.0167826087559261
4588,0.0920119888779974,0.704957327194238,0.0199804787093464
4589,0.0880183961995907,0.706934603604385,0.0241872848608257
4590,0.0771919086261987,0.617624940831182,0.0284290701008267
4591,0.0893034383393566,0.595553996552475,0.0252412184025397
4592,0.100324975180907,0.636056974421488,0.0185680462731399
4593,0.104847243055867,0.690770095960698,0.0273620386957627
4594,0.118002137520599,0.657556796350282,0.0188799551320667
4595,0.093090654425722,0.639423219901343,0.0249201601013435
4596,0.0849289301320622,0.575589746810859,0.0251953601030251
4597,0.0878576306548061,0.598312722020683,0.0294391964253141
4598,0.0809403699699176,0.57081329183249,0.0250796802837783
4599,0.0971001293483442,0.59888362616381,0.025798258025506
4600,0.0840061620144623,0.69825163467838,0.0237332838016843
4601,0.100547484046282,0.644240549033565,0.019498073988103
4602,0.0981693902032493,0.695548292240609,0.0181267684624917
4603,0.0988683396480672,0.61877689334845,0.0239804007811565
4604,0.0975817897944351,0.690108463500372,0.0230147595709103
4605,0.0865669758299451,0.625521462570971,0.022429557273687
4606,0.0813967013483417,0.622115209184707,0.0214116777047581
4607,0.108550067196533,0.688311336862786,0.0194511857811155
4608,0.0961479714547787,0.717485103462434,0.0192146196209442
4609,0.0862829968689204,0.609106167426471,0.0357885918628934
4610,0.0861313091529057,0.565150167238503,0.0241112895312034
4611,0.0978839423148923,0.596498421302035,0.0250445527447458
4612,0.0832151327016489,0.576511530332237,0.0170230847542443
4613,0.0902063056622686,0.569356311143795,0.0188667563515517
4614,0.110292417528193,0.660131016940744,0.0243626059589295
4615,0.0957542319542307,0.631673552548697,0.0293692661246305
4616,0.100096020827845,0.707510599677407,0.0163841073688213
4617,0.0921600043330576,0.654259706444263,0.0278985431818034
4618,0.0833274293263346,0.713588167679208,0.0162904077982843
4619,0.10552618126412,0.695135074817505,0.0159799253303157
4620,0.0863399380442795,0.634947993296153,0.0210613048348694
4621,0.0964147130510528,0.713398018828571,0.017609991086417
4622,0.0891771338118023,0.652506145431995,0.0380814273856406
4623,0.0728942766506248,0.693729953157429,0.026335668708876
4624,0.085444763231716,0.702762344044583,0.0107833787990167
4625,0.0873158679646495,0.692426177542033,0.021391755165139
4626,0.0635213240069486,0.717715460832883,0.0219904082146201
4627,0.081024802399509,0.716094769053121,0.0177973383668662
4628,0.069763956156342,0.600469946624659,0.0193644823849794
4629,0.0987002625976918,0.679140484701551,0.0203369190248537
4630,0.0879826634470612,0.715716010907224,0.0296734632310071
4631,0.0850542420382271,0.614531431236709,0.0386338505736284
4632,0.117487894132889,0.714317678706681,0.0342702334761454
4633,0.0912320275240434,0.653045828314474,0.0285364787818814
4634,0.0639720523035047,0.604923560065839,0.0347660338247797
4635,0.0922912495200336,0.696847648714773,0.0254733652852892
4636,0.0828340976508902,0.69797413509652,0.0183963143080418
4637,0.108209713598214,0.708085597879437,0.0187718779583475
4638,0.0891013986402338,0.603152202355488,0.0189674877494591
4639,0.101710802963683,0.593386342320773,0.0300979065595045
4640,0.0962819098496236,0.7100871665399,0.0198623242837926
4641,0.101840067621466,0.693036432925569,0.022106670801118
4642,0.104653180498093,0.666137122013033,0.0239998724169265
4643,0.0822412096965966,0.587325259553548,0.0122480153508214
4644,0.0990161498658022,0.592758709135303,0.0174276772153241
4645,0.0839679282793859,0.637898643350782,0.019922891140247
4646,0.103023443247073,0.61336584376733,0.0161516410879976
4647,0.105873832458953,0.680269623334383,0.0258319254266866
4648,0.0792993996775201,0.655858560647622,0.0249815915021255
4649,0.0937208274195546,0.698999358089618,0.0291943740237004
4650,0.0889872920798324,0.644669782345909,0.0230753450858172
4651,0.0864017464740793,0.686081909966457,0.0401347529900119
4652,0.0870978688162259,0.619927430069046,0.0221121947284861
4653,0.0877633309787768,0.578099093919016,0.0250460453929141
4654,0.111516995464052,0.660326885408217,0.0272470343947759
4655,0.0931173588912436,0.575902220332217,0.0253995422949244
4656,0.0870805934121635,0.634358438260129,0.0271971057995512
4657,0.0782867529774382,0.685132053988045,0.0342951148205804
4658,0.0964618260790039,0.713885269889683,0.0235861409439005
4659,0.108794956151574,0.710941405713315,0.0268817654842154
4660,0.102661567414178,0.590745448355891,0.0332467327464606
4661,0.11007595497677,0.622002438613624,0.0296861872740441
4662,0.070441561139833,0.615497364860843,0.0185901706894617
4663,0.0746551502429229,0.641844649300275,0.017681771718636
4664,0.0838847919096252,0.647498273478202,0.0265389566940193
4665,0.0722905059276103,0.590387829408827,0.0224887372490015
4666,0.092136620712265,0.605875528197787,0.0194450479869386
4667,0.0944061896527249,0.632694339506732,0.0201459793187607
4668,0.0887562029109951,0.643088956892041,0.0246711022214366
4669,0.0883683956340946,0.61956804591426,0.0281093236714872
4670,0.0930596640086828,0.674209319689895,0.0200050526368072
4671,0.090604665852749,0.592745982956688,0.0298196989472179
4672,0.0949650196241966,0.71723143239945,0.0159989015356094
4673,0.0864678476572266,0.719458537430843,0.0241067606628472
4674,0.0912896596948461,0.701466616382928,0.0211867644264932
4675,0.085321297244371,0.686569669475733,0.0249688797436569
4676,0.0974109532452098,0.585055583100056,0.0127818009386446
4677,0.0848074274692395,0.636639284483796,0.0298830390303088
4678,0.0789392860636711,0.680023653078531,0.0182205428432793
4679,0.0891499985658646,0.637934869094458,0.020334231840848
4680,0.0807851411392454,0.62698072110746,0.0233139174867479
4681,0.0645742139705632,0.661542985907454,0.0161526824934539
4682,0.0624061360750313,0.679602092414804,0.0220979828331165
4683,0.0940940453169618,0.590560954001638,0.0177090006913896
4684,0.111026966412996,0.636344842027394,0.0378389957126357
4685,0.101232468587891,0.682304050082058,0.0207509990131786
4686,0.104613475274377,0.709730619928219,0.0208901001995139
4687,0.0816724218491132,0.684690506926897,0.0197272078900148
4688,0.0927037213847823,0.71815513833717,0.0175342359811298
4689,0.0970214049781627,0.70418320250199,0.0196398762179702
4690,0.104101603529978,0.575090632756359,0.0271731539814563
4691,0.084635402045194,0.750399893232281,0.0148648124071269
4692,0.112341693903793,0.710859587829588,0.0173456740173668
4693,0.101872291812051,0.598634842355889,0.0283340205997679
4694,0.0948260780412829,0.592836850615545,0.0199389841380933
4695,0.111238701485923,0.564873184125424,0.0206941635481245
4696,0.111238701485923,0.678001899530966,0.0277401790882253
4697,0.0645810197277649,0.665651972420045,0.0260054596926972
4698,0.103771198061161,0.706505129394699,0.0275633140406581
4699,0.0861507419678696,0.682914062322614,0.021963875775006
4700,0.0837620015617169,0.700839100045007,0.0281566916129992
4701,0.0784656234651695,0.67667168275426,0.0199152393793476
4702,0.0905417925355445,0.692762967753085,0.0212347991955191
4703,0.0914597909722321,0.704151496006241,0.0253946845605435
4704,0.0901783275816771,0.5876282325048,0.027446758195711
4705,0.0962343070869985,0.703579359718105,0.0222811134512699
4706,0.095050966734569,0.668345786532143,0.0257801506512714
4707,0.0867581737358887,0.629462907366625,0.0237836854814092
4708,0.0785954587672685,0.664371151489746,0.0193799476224449
4709,0.0781281025246828,0.571393781128299,0.0300951292898501
4710,0.0999234010188173,0.68757871250077,0.0153446561296733
4711,0.114322666317289,0.7135692207804,0.0270665081286837
4712,0.109811841289006,0.705781620088722,0.015753369639123
4713,0.102465191398662,0.699523417560841,0.0178897936316401
4714,0.103561750072536,0.645324066864625,0.0156311186993257
4715,0.106055147715875,0.603156144602632,0.0183592011827372
4716,0.111547732350093,0.62383356128923,0.0308342742451585
4717,0.104961828137432,0.645316240290929,0.0277854364674537
4718,0.089420632167332,0.584172320833353,0.0463896960518216
4719,0.07353964893876,0.714812567197432,0.0425715709298239
4720,0.0957574812251713,0.681248241354235,0.0279949724310948
4721,0.0882803180148471,0.704015737584484,0.0242808768356241
4722,0.0863997614475314,0.694110876835188,0.029090980008124
4723,0.084850899084824,0.70617716406109,0.0260025845005808
4724,0.0940612875998436,0.670797018628227,0.0240576361914343
4725,0.0794173333121355,0.663390736770903,0.0335147355279679
4726,0.0923588803741366,0.668470686359919,0.0207530650283391
4727,0.096419747289095,0.627944492882748,0.0236262689353265
4728,0.0955362110665408,0.677382134615544,0.0266897517219993
4729,0.0903645571855036,0.602500244087408,0.0207355310193967
4730,0.0961673573600092,0.635754726256148,0.0277473568703379
4731,0.0941292540284007,0.594882652000226,0.0261299169232748
4732,0.0956479728131363,0.627224337611599,0.0240440672129047
4733,0.0857845460127227,0.612196562391116,0.0229165348170329
4734,0.0942548529501683,0.698765497186808,0.0171538439288323
4735,0.077481197020032,0.689969718795515,0.0352310277556415
4736,0.0948565982534735,0.695774518502718,0.0145114977977172
4737,0.0940097736553046,0.70312459924902,0.0269617955213405
4738,0.077755757672808,0.673968158559624,0.0230297789161027
4739,0.0851030744249951,0.624968470339584,0.0189679590025603
4740,0.0932545331000464,0.673187284226087,0.0169783806036179
4741,0.0939092757675218,0.690607710124191,0.0177526360487494
4742,0.0788725684264255,0.571022690756063,0.0280392663293282
4743,0.0943682608862816,0.629267418345233,0.0225499428111188
4744,0.09630104880843,0.69074445896445,0.0305319904094447
4745,0.0625279555781664,0.681945928117326,0.0251361392163838
4746,0.0713446521335101,0.707867085161161,0.0189702048206095
4747,0.102847184697246,0.602799127825525,0.0449381945929064
4748,0.0738514841180149,0.584998874065614,0.0250842861815514
4749,0.094702170571404,0.64559961808444,0.0230099516763515
4750,0.0806262389867492,0.714405039999357,0.0193133201039334
4751,0.074131374475606,0.702998932868447,0.0229871872433594
4752,0.0808985967422147,0.652471416391517,0.0213758228410218
4753,0.0822156548733644,0.585739216182016,0.0158911151900428
4754,0.0782360437094105,0.650294483493951,0.0367502926398863
4755,0.100269454344946,0.633456605871124,0.0183346548727038
4756,0.0999984879380934,0.677118104850055,0.0227762300971374
4757,0.0922527437432308,0.713021700875573,0.0184146340814357
4758,0.100069616797634,0.713276471918452,0.0287915958617547
4759,0.08894500179992,0.608528903980044,0.0254407011245943
4760,0.0902805373962116,0.587664471503373,0.020388013172884
4761,0.0885188424925614,0.717690324767831,0.0162353792722232
4762,0.102522484061061,0.704902503162227,0.0175049546142891
4763,0.0897853727951974,0.715801154159886,0.0149922018909349
4764,0.101913775437009,0.702401705074106,0.018113248182403
4765,0.085206471397107,0.634226927161793,0.0437705572473488
4766,0.0793474708132665,0.735205942281407,0.0206942262716788
4767,0.103557900440008,0.695429041361463,0.0346810748598378
4768,0.0874420414616161,0.710574785057449,0.0160921690430918
4769,0.0887227506523466,0.67364722955194,0.0234788668673836
4770,0.0919747507984731,0.598118541134069,0.013507086161053
4771,0.0905149383736011,0.713870594851155,0.0150339851467307
4772,0.107933164517038,0.646569706238018,0.0250159663446084
4773,0.0885857236142305,0.700070600128346,0.0266022473802811
4774,0.0974600458445407,0.720477566750577,0.0237762289435666
4775,0.0977644160540333,0.689677715587927,0.0259438892086214
4776,0.0960619828946994,0.674213016887108,0.0209676914770446
4777,0.0866933773577964,0.69531338609767,0.0205601421732584
4778,0.1124880268314,0.708455990189153,0.0232405940045005
4779,0.0933503862933532,0.678325791741298,0.0496113988271035
4780,0.0932568675759069,0.644938115280641,0.02661561245872
4781,0.101193249805237,0.577428821108152,0.0202154382070634
4782,0.0929116218080537,0.442377382886077,0.0351341883067091
4783,0.0824691073457477,0.456352449626727,0.0477674000175968
4784,0.0992604901073169,0.431406131127094,0.0290374373464222
4785,0.106935488267251,0.430998584682537,0.031734181226202
4786,0.0984671510958203,0.461380682640178,0.0277402081008177
4787,0.10157777509581,0.431305492745898,0.0421255247022323
4788,0.0841868633281006,0.424493912871813,0.0282059353427929
4789,0.0787453485902696,0.485292857221411,0.0239056049041285
4790,0.10759344613994,0.446689825084918,0.0344875983495449
4791,0.106664393046963,0.43762928607259,0.0431264210472708
4792,0.104751386992845,0.4326152576414,0.0277832158966574
4793,0.121639485658939,0.42532005976764,0.0263776029741765
4794,0.110803187506453,0.429191412217146,0.0336503381572678
4795,0.103044822919815,0.444191277657289,0.0319789888270944
4796,0.0868193103087294,0.42612675934921,0.0441674675257048
4797,0.108701025131639,0.497207404746548,0.0305625404730671
4798,0.0960213227785543,0.441311148315745,0.0281857169492653
4799,0.0982935837778919,0.386776185554811,0.0374730401013276
4800,0.10860178014371,0.268642126687624,0.0393246299169373
4801,0.101457048933776,0.31322501941667,0.0338146757467355
4802,0.0852792542138961,0.306544431168459,0.0363081290733527
4803,0.0756393737033326,0.430581066164307,0.0381477613518763
4804,0.0879654805737957,0.426000679073195,0.0299354612436198
4805,0.1022798171753,0.423534508587229,0.03871100522285
4806,0.101328633882821,0.436109678418397,0.0241049164482394
4807,0.0999455259988972,0.446685116065121,0.0254089159633043
4808,0.0670692816530886,0.428516120968507,0.0263714696809279
4809,0.0948258774533769,0.443285447930673,0.0398272296716021
4810,0.101707597712931,0.429372053572528,0.0284164839202348
4811,0.0858393603211365,0.439496408568062,0.0361232062507464
4812,0.0936501223114513,0.425764491852563,0.0416588802245095
4813,0.0886090254519781,0.426427826042267,0.03411060105588
4814,0.106087487208506,0.425532850198992,0.027817822741096
4815,0.106575826574191,0.439618412666772,0.0185288554151599
4816,0.0942815760398631,0.422752064724818,0.0365406806321609
4817,0.104539483733134,0.435378334211597,0.03210514375252
4818,0.080850309522825,0.4309511439189,0.0314153831559636
4819,0.10910842107438,0.441031945113955,0.0512850588620812
4820,0.104081451131029,0.440021962342664,0.0793821668324219
4821,0.0953493495503092,0.440208007004093,0.0462320567052694
4822,0.0951153964167302,0.425655079573816,0.0475210504451537
4823,0.089445954743052,0.429045386653998,0.0284041321463077
4824,0.0963262116516058,0.492495882202013,0.0304139165107297
4825,0.0954008025761511,0.446320014249509,0.0362275296020292
4826,0.104995173921265,0.446019765617919,0.0270799302016654
4827,0.113710435532343,0.495417588256916,0.0313824422116572
4828,0.100656513421761,0.444220193790976,0.0270645372678518
4829,0.101959244182206,0.445301851350081,0.0318997782420216
4830,0.100747994559439,0.453085874252931,0.048632496207768
4831,0.0923999502128253,0.425948589487507,0.0350195426774255
4832,0.0944059233725411,0.430006473278948,0.0306493806790311
4833,0.0934144466051677,0.446837803140487,0.0448871813570268
4834,0.111181225481945,0.424265764034049,0.0308635947040459
4835,0.106659047519078,0.374096453564309,0.0267565679055342
4836,0.0770939209162711,0.33209411858067,0.0380926485716015
4837,0.077725764079416,0.316577048033453,0.0491028083313026
4838,0.0861742406012177,0.335330085343984,0.0637100561253663
4839,0.0763205015428911,0.315075084529465,0.0443855231227739
4840,0.0911713889493025,0.437897154045574,0.0470298360398522
4841,0.083970487806835,0.437603908123407,0.0466429654953864
4842,0.0791277467992031,0.439312060770588,0.0355100831363956
4843,0.0955864399883262,0.382713207494814,0.0399490561393647
4844,0.101399741643768,0.329403543179241,0.0480003578407468
4845,0.108517520395976,0.330368943197759,0.0600253841247997
4846,0.100664878366325,0.303812922133417,0.0393339377794805
4847,0.0787839971421996,0.271060349660918,0.064002081842848
4848,0.12102118103851,0.265053317741162,0.0508756655376186
4849,0.0977230180329059,0.424711295413444,0.0544841419961773
4850,0.10230545000804,0.407305824313546,0.034147777059095
4851,0.0963025312114856,0.425610967240903,0.0647690390981531
4852,0.084683862959191,0.395887938104815,0.0341478548915988
4853,0.0950861218692969,0.424738152518309,0.0323028600006701
4854,0.111044647889388,0.483674676981377,0.0237415603268699
4855,0.0722400342741085,0.443035372051758,0.0537626730586377
4856,0.0800649211480363,0.441871051473283,0.0304291202164091
4857,0.0843754780911251,0.439691943728508,0.026481506330342
4858,0.0999991719811205,0.440707057155587,0.0359450976484621
4859,0.119976960625042,0.434289979925865,0.0374206037637298
4860,0.102652257807663,0.422316011023082,0.0302918223930965
4861,0.0721019919762688,0.447132019365739,0.0360171447624881
4862,0.0743263660680371,0.432458842549614,0.0423505937589515
4863,0.101938204897333,0.441712775037966,0.0466036467437115
4864,0.106480189605953,0.428502849179728,0.0405299586387673
4865,0.0925915586869693,0.415993921770337,0.0331320876666061
4866,0.0980338082290509,0.445481300613278,0.0311487244184975
4867,0.0998743547124728,0.442119954229496,0.0213278908189636
4868,0.0985449733277773,0.419956175317301,0.0637961419394292
4869,0.0852172931806808,0.512442431916601,0.0201969953582057
4870,0.102002540328989,0.404115920186066,0.0640802846352409
4871,0.0850953161384178,0.400399197403136,0.047134547041108
4872,0.105295156741682,0.429305958606169,0.0248863736380529
4873,0.110986171836686,0.43697316126693,0.0480334486883917
4874,0.094260496940856,0.43577588194749,0.0333422276224076
4875,0.0863497548938672,0.4404978785898,0.0377636152512239
4876,0.108779244996291,0.441276110386141,0.0402530078379737
4877,0.088641695095154,0.448523048127714,0.0370913945538723
4878,0.0988250999040165,0.435716735373709,0.0269589658679846
4879,0.0858896308925813,0.411800755791241,0.0372881658647453
4880,0.0888695187700869,0.424323363633489,0.0483881276293961
4881,0.100309451982686,0.429269915085336,0.0304387205408448
4882,0.0759828189547811,0.434009315051524,0.0360540027557087
4883,0.118330932043718,0.459153129375836,0.026813678078945
4884,0.119137372906649,0.433275088934699,0.0448426351289571
4885,0.115280710851593,0.442939829857991,0.0414856078334386
4886,0.0968267466994102,0.436916791600554,0.0282374467687717
4887,0.101863831606863,0.437977633534266,0.0345244459014347
4888,0.0812839438834437,0.427567575993979,0.0265213157942142
4889,0.0717792033706814,0.427567675553043,0.0498107137730112
4890,0.0860382356551716,0.438560136859461,0.0351212450724996
4891,0.0670451486990736,0.43540027752179,0.0425281939126828
4892,0.0909080002590479,0.42907673704326,0.0355838831692268
4893,0.120065649461459,0.429934311011881,0.0235571072275416
4894,0.0826094166009455,0.424484784410324,0.0344489947250115
4895,0.0884592161812948,0.44914018723101,0.0302081917326239
4896,0.0909243516592891,0.422376441256339,0.0304493683389504
4897,0.0937675439050234,0.434761368154665,0.0380274026600386
4898,0.0794408226075231,0.444877949295136,0.0283724963645209
4899,0.0912630194923792,0.431959385166401,0.0423209799707779
4900,0.0781897079060568,0.434344608429731,0.035308303820903
4901,0.0986325707841541,0.465312030601712,0.0286090068954905
4902,0.0844727221126028,0.439081524905212,0.0447320454330038
4903,0.0884994004691712,0.428331235697893,0.0290212897341905
4904,0.103565669794445,0.432279000547963,0.0376325831779163
4905,0.102423209638389,0.424125810484689,0.0372120478714599
4906,0.103151050401833,0.437135732716193,0.0381685352828063
4907,0.102036389831008,0.43239746021391,0.0414280661891848
4908,0.0971787128748608,0.443084200674432,0.0317430292923568
4909,0.0872492260470263,0.435115260712204,0.0302536810084664
4910,0.0894875239409566,0.433106308439966,0.0451536746519282
4911,0.107457613353404,0.426151978535348,0.0340094170645346
4912,0.0804439414957691,0.445829203913047,0.0375718223250858
4913,0.089988355029905,0.423562942212079,0.0302891239869054
4914,0.0923554346937252,0.429712408750225,0.0386032812691165
4915,0.0944242516361809,0.442837916985172,0.0446212803995537
4916,0.100253091954427,0.444389474499971,0.0476194653456299
4917,0.0963948595395595,0.446094674777347,0.0298465080117286
4918,0.0919977499092647,0.456591044296109,0.0236787140586824
4919,0.0878017776117437,0.351435699815193,0.0312134422098074
4920,0.101346412974342,0.59448316515084,0.0223408582711295
4921,0.087414516517006,0.698507755439341,0.0191200626140097
4922,0.086571918772343,0.581585311122462,0.0219277795885274
4923,0.13170291049163,0.716334550639219,0.0149455208622116
4924,0.0846205211860684,0.648771117697667,0.0226802459806032
4925,0.0933320939298033,0.661857868595706,0.0288448115837391
4926,0.0892987372078703,0.639937943073145,0.0214292821458768
4927,0.0838456507841401,0.587061403131356,0.0174977375325563
4928,0.0784568980653572,0.562551144413232,0.0219965924812556
4929,0.0934713358413487,0.564700523012266,0.0302769977337228
4930,0.0805732741859954,0.661644429926362,0.0256787510396152
4931,0.0873507155377608,0.719780806609131,0.0212559859551367
4932,0.092617105847719,0.677266211959266,0.0143279556650576
4933,0.0833835577852633,0.668942746131305,0.0265835684343823
4934,0.0714584319707234,0.617155350125165,0.031051045153806
4935,0.0836401680421489,0.687140365010915,0.0254738178092216
4936,0.0827583641962874,0.700775513912328,0.0215662028368504
4937,0.0860029000134524,0.702176894891267,0.0178262043945144
4938,0.10444009707204,0.624244312274612,0.0222785056858212
4939,0.104132749593695,0.594409498604683,0.021347183843434
4940,0.096604774093802,0.593524069060984,0.034444804874252
4941,0.0882783901787039,0.692293765945352,0.0277994994476928
4942,0.0829264966683518,0.712021734638615,0.0218970059710784
4943,0.097976098844708,0.694441074879855,0.0226056911139461
4944,0.104718119723813,0.584367474469709,0.025532890291961
4945,0.0903790911527745,0.698096250979895,0.0186464258529091
4946,0.0913636063690696,0.63738303278359,0.0265249256310947
4947,0.0668176356412898,0.718615381169933,0.0413191574998915
4948,0.0961269207034225,0.681535795924937,0.0200071825775857
4949,0.0924289038177063,0.597826186488216,0.0236080348970439
4950,0.0928487782906857,0.571506387898388,0.0244008326137175
4951,0.118778929500395,0.659924802923518,0.0194663941878837
4952,0.105862736101099,0.685476231934978,0.0266059301507143
4953,0.101636265225375,0.700367495311415,0.016834846973323
4954,0.0988208427641305,0.652785679977315,0.0242697594429411
4955,0.0775909127321253,0.685295309619315,0.0204845955901717
4956,0.0957785547221215,0.680134639541743,0.0276145104088819
4957,0.0931914696808876,0.577180042217923,0.0156825817279212
4958,0.0881075779846904,0.690547877811644,0.0252729482647052
4959,0.0824452757608465,0.717709177846846,0.0157311970347329
4960,0.0768616121399397,0.719658890152743,0.0201369433000451
4961,0.0707032753245242,0.687388481846685,0.024349930196333
4962,0.0904355303782501,0.691136631125429,0.0214897455786662
4963,0.108473202589354,0.687952402122129,0.0295219743825234
4964,0.107668249502789,0.685532783500853,0.018540858152724
4965,0.0899423308627642,0.682069814864182,0.0132282292060718
4966,0.0747427700062102,0.66735255910149,0.0338937600264398
4967,0.0778029751914334,0.702861752170138,0.0159069932416674
4968,0.103631850892585,0.694491216648124,0.0174500787382613
4969,0.103589347836406,0.704878693394929,0.0168764168375227
4970,0.0705674653011022,0.716113450398015,0.0232345151485725
4971,0.0994238841971086,0.713428931947944,0.0272551992316135
4972,0.0739975723732816,0.709612375388218,0.0195257295096638
4973,0.104319710114303,0.670798958997123,0.0278806728076884
4974,0.0782486803269636,0.599945778512932,0.0352443807264952
4975,0.0804728499114518,0.68939196255802,0.0211950621049374
4976,0.103773886020587,0.70606831244373,0.015970767801611
4977,0.0902073522513156,0.64060809220794,0.0372848019384691
4978,0.102936988610738,0.602007161181032,0.0215992334363012
4979,0.0901690318149295,0.658943682748514,0.0246786682812262
4980,0.100406976072242,0.571903250821645,0.0223263912949919
4981,0.103778676050492,0.453959285911118,0.0305487322736797
4982,0.105460995129983,0.442588901244886,0.0258349917111459
4983,0.0956113276480049,0.431567151607327,0.0265379254416901
4984,0.117272243120983,0.431118109027945,0.0388040668767746
4985,0.114330442633629,0.44899192745743,0.0337731166709121
4986,0.0967014140335222,0.430389525778293,0.0334194384506947
4987,0.100865589943018,0.444453484825021,0.0265196697657295
4988,0.104010577134345,0.448989773223184,0.0273429152685908
4989,0.110773014497243,0.422675724056433,0.0329486208568588
4990,0.101345252542839,0.441739963479959,0.0339336320308811
4991,0.0711410057474543,0.434935857488172,0.0307812907198143
4992,0.100117512382229,0.403021563896324,0.0318624564749507
4993,0.0799712111065363,0.324435136904079,0.0457067408038201
4994,0.105314033785857,0.312866553417811,0.0445347413524212
4995,0.0916352584119556,0.416239246044874,0.0579259907317824
4996,0.0878382357946278,0.447320708122025,0.0288030730785846
4997,0.0938162386059716,0.424031386151906,0.0274617708101858
4998,0.0794894205862753,0.425225382842819,0.0360280535433126
4999,0.0712945601227424,0.42441938106084,0.0344853445919241
5000,0.0803040794783058,0.4290524404056,0.0403809215436021
5001,0.0909147165062503,0.433782680105012,0.0302218277588635
5002,0.102823883130442,0.424172907915006,0.0430942076787393
5003,0.119183923793909,0.397508313817304,0.07070405731214
5004,0.104167483240171,0.439735169481221,0.0262236650483838
5005,0.0885440159565813,0.441846398546111,0.0369285038300792
5006,0.0727374224316834,0.440572763419065,0.0438062151698
5007,0.0778535721077889,0.447917485333276,0.0212889304634213
5008,0.0839672517484878,0.43164477245054,0.0561505373269761
5009,0.083164314432996,0.425069447937091,0.0567201642974925
5010,0.109704090618285,0.444169171347549,0.043943179304803
5011,0.0895279937987491,0.422722923841283,0.0347779112459344
5012,0.0829452248281087,0.454014001365446,0.0456006494060895
5013,0.13514784370483,0.425094705687431,0.0254840543490888
5014,0.101559615235838,0.445283454526131,0.0465910833433932
5015,0.0866264001846581,0.409943173160081,0.0521825098058859
5016,0.0901301073524615,0.443798148073906,0.02865307668622
5017,0.0869386019605682,0.432787509605018,0.0324390638752335
5018,0.0910341275609052,0.439264840380631,0.0528323426346726
5019,0.0931438173578547,0.428476276282065,0.0434843239588695
5020,0.102205130982354,0.430992341453136,0.0309109026417856
5021,0.078595193339967,0.42216468539013,0.0389957451883034
5022,0.0854129486664306,0.449425471989217,0.0439801837080772
5023,0.0912719516822201,0.445160808833015,0.0425573928554855
5024,0.105179353363245,0.435672735734555,0.022078941472619
5025,0.0897348466172676,0.466508732203854,0.0328441569620374
5026,0.122533840525603,0.426022327952616,0.0388654124088592
5027,0.0775737113735358,0.435672885847158,0.0461152882857483
5028,0.119484943296263,0.444532550717431,0.0583610862201955
5029,0.0894992448207349,0.450253546160163,0.0297343340103913
5030,0.105854916170307,0.447545365785142,0.0324988651116784
5031,0.0736433971886011,0.435150460896899,0.0286406458753347
5032,0.0835122516258462,0.435314769239839,0.0364455897544717
5033,0.102813148368878,0.434383682353026,0.0433318835105763
5034,0.104431458310332,0.448600621948569,0.0373138708587048
5035,0.0840773753003267,0.424888890967901,0.0396048463739172
5036,0.100862375983614,0.429120598252129,0.0480001328546442
5037,0.0974145922136454,0.447387969679613,0.0433752715557941
5038,0.0908265763797761,0.440859258001455,0.0453689978544967
5039,0.0870970611028284,0.445406623701811,0.0304157155776862
5040,0.0948062693276541,0.423063855917659,0.0359035483175753
5041,0.0859235619720512,0.444160966931725,0.0332782915000642
5042,0.0995420061713478,0.424964089143078,0.0361358234466053
5043,0.101227590308379,0.43598412945566,0.0350299529629138
5044,0.0888551022363317,0.443966077248182,0.0292793644182466
5045,0.0943603198353409,0.423830108937329,0.0350919343485202
5046,0.117013547934693,0.445110502107017,0.0326482519256457
5047,0.107743859580988,0.438299103655628,0.032044260708527
5048,0.110119015239444,0.448686230257066,0.0333768387728048
5049,0.106630559942966,0.428798861642698,0.0313262580579379
5050,0.0990667945754746,0.441991116315225,0.0244887203955191
5051,0.0999804897080192,0.426972298161081,0.0322634326500983
5052,0.0979536119832386,0.444014352897352,0.0351074284187337
5053,0.105347403359969,0.436021538642704,0.030832206149033
5054,0.102115422909852,0.434609480125095,0.0244293234709634
5055,0.0751483810277028,0.457786898493799,0.0290805363342831
5056,0.0841408354749611,0.439787793120572,0.0394156281373818
5057,0.0877968492180725,0.286083208346513,0.0435924254483205
5058,0.0756273263626575,0.292679476007228,0.0601822456386147
5059,0.0756273263626575,0.361466544302648,0.0482363036600672
5060,0.100188417944649,0.394060206676836,0.0337928078911324
5061,0.114752646246326,0.295578765799714,0.0486865141521463
5062,0.095461576360449,0.418607750267536,0.0661494798836359
5063,0.078413957438413,0.427081498344203,0.0254942325149061
5064,0.0925571043915691,0.444597350893549,0.042161797068567
5065,0.0582440887176603,0.430890549243667,0.0699298256299791
5066,0.10038179170746,0.431496950000239,0.0289178810005289
5067,0.105251964545966,0.438146356986142,0.040952184742595
5068,0.10409014859201,0.426286022728607,0.039020760233188
5069,0.0716744058828225,0.443280446815466,0.0276237123880398
5070,0.0716744058828225,0.430160026490495,0.0340075710453403
5071,0.0986813970837278,0.436063423941158,0.0469263196903125
5072,0.0911365313637302,0.426715417137394,0.0442337575744541
5073,0.109161396086837,0.424293368515302,0.0361606222683731
5074,0.0901312349014902,0.434158333788361,0.0303106430332801
5075,0.118212665773237,0.433910424283849,0.0404766041600374
5076,0.0824896254322587,0.451306967824132,0.0273105435636129
5077,0.0928639003075931,0.439327268633599,0.0313744266817173
5078,0.0919880059015911,0.427837836444665,0.0371728577305147
5079,0.0934285384775678,0.433971986337296,0.0295309451669321
5080,0.109869207841903,0.434761704322404,0.0376816385601783
5081,0.0980855147836255,0.425872508408584,0.0181382449954943
5082,0.0747192716002092,0.435629083066204,0.0509614976459662
5083,0.101663403699461,0.423172081565951,0.0423239471718589
5084,0.102215676439668,0.442054728014217,0.0381351751356593
5085,0.100309157254198,0.432033695215081,0.032629973957351
5086,0.115348862342665,0.401330085954385,0.0456949255900283
5087,0.0972632958259229,0.44042992665159,0.0356221522085871
5088,0.0933888014215496,0.446515659581246,0.0420748288398888
5089,0.0933210487157688,0.482676623601493,0.0352890201925958
5090,0.0914776106066861,0.43290793379574,0.0414236299656971
5091,0.100857485447899,0.423080185910224,0.0225618967878167
5092,0.0847444569139855,0.42775633440331,0.0364745224141727
5093,0.064707655003323,0.44526140810833,0.0481265729783177
5094,0.0724808546313555,0.433830737197621,0.0362541533613792
5095,0.0873706178651291,0.435924429699144,0.0334293230850804
5096,0.0833908164965615,0.429752293904279,0.048543029699513
5097,0.106003841723042,0.42937110721152,0.0280317914971732
5098,0.103308778484507,0.434266009903359,0.0284444600815454
5099,0.0901652044899065,0.423678090039405,0.0337118867541344
5100,0.079022904530138,0.438085505822761,0.0262809150544246
5101,0.0766470597696974,0.479290855867025,0.0407371195563802
5102,0.102391210059818,0.438964934212109,0.0325608051760022
5103,0.0947732706002771,0.436867404362863,0.0283640296853305
5104,0.0904011265229038,0.434050227013113,0.0291499347784384
5105,0.104677972841203,0.443241649526327,0.0282579140837701
5106,0.101524701313795,0.43262288245122,0.0472555356289217
5107,0.0841984277134111,0.653577226543501,0.0259658069087183
5108,0.0927338647066255,0.659382953535875,0.0309902336285547
5109,0.0850683148385206,0.729575104196254,0.0137379237258057
5110,0.0608040438715699,0.709760974813818,0.0427892010064813
5111,0.0830273858301155,0.70466379235965,0.0228280346577487
5112,0.0939070930635021,0.689099547740651,0.0301774622989344
5113,0.0942878157215473,0.5856580231405,0.0154632356954191
5114,0.103353974494262,0.59745899315521,0.0276145690871384
5115,0.112350393601308,0.582121361133312,0.0232581535724056
5116,0.0846825271470243,0.596937700964194,0.0227215871203563
5117,0.0989668564863856,0.647149442843286,0.0289099905006376
5118,0.0873888081019121,0.674597873148271,0.0200924329835352
5119,0.0663082887993668,0.676912234162388,0.0311733392821709
5120,0.0869247576050582,0.691688005120765,0.021983250655233
5121,0.0889417884652129,0.710901629012225,0.0300018297852517
5122,0.095517047650255,0.682404826832829,0.018769547168634
5123,0.099801011930432,0.71751248215809,0.0284052944329536
5124,0.0906649159967749,0.69877638595383,0.0277151035795846
5125,0.0938811088890741,0.706785289704277,0.0191666401417646
5126,0.0769563090502289,0.709004384800899,0.0280541789292864
5127,0.0657417574793885,0.626996808846729,0.0344328330473833
5128,0.0531459590357038,0.598885468702851,0.0418476876681145
5129,0.0774718965205859,0.57424791959533,0.0195764918823991
5130,0.0782034719040265,0.669082593810547,0.0322667577215044
5131,0.0925882137249879,0.708572632062787,0.0164370348419948
5132,0.0741585297549097,0.685578253848054,0.0244795310333365
5133,0.0713862306290783,0.716944934547914,0.0250445799742703
5134,0.0919997396645193,0.666886800828791,0.0287446178782362
5135,0.0925132574993374,0.578936062955481,0.0344363371280289
5136,0.0949085723424077,0.716281271050142,0.0200567222843761
5137,0.0871964229490135,0.717937734665508,0.0178942165406902
5138,0.0933719713869408,0.62620761975556,0.0206432686296913
5139,0.0812743358603809,0.708719752455147,0.0315305526037612
5140,0.0916752629049331,0.599522948699694,0.0191422865725328
5141,0.112460660148959,0.602176389170406,0.024205417968445
5142,0.0885324236712525,0.60823671650435,0.0168182626408947
5143,0.0855562166888426,0.652422095285206,0.0273968191277104
5144,0.0816099436878851,0.705482341819608,0.0259382488662503
5145,0.0866389794687116,0.735224060995101,0.0181997678816037
5146,0.0734602918146958,0.619638776452729,0.0266584539677696
5147,0.0958608588405851,0.594307532896687,0.0332841817311108
5148,0.094172873466528,0.695580781130313,0.0170314670258786
5149,0.0843272748319551,0.597952166976461,0.0220758726007025
5150,0.0686855984885936,0.604338512514189,0.0299628617664841
5151,0.101564899973649,0.696389485163916,0.0261191722395459
5152,0.106714786755322,0.699008413278739,0.0298655985489464
5153,0.0940494147373236,0.716053199884962,0.0178435303908935
5154,0.0927559039455643,0.677683945387682,0.0216608186776687
5155,0.105508761567766,0.693054435314355,0.0201251650789613
5156,0.0877676101274972,0.614456407685578,0.0234232029562357
5157,0.0770816869724493,0.711820275184394,0.0203978570205166
5158,0.0945728415550954,0.608950078852109,0.0266881829528185
5159,0.103319926299286,0.587261822043903,0.0258719359885077
5160,0.10732119904618,0.656113930697787,0.0221083750281048
5161,0.0988342296020759,0.560374004633447,0.0239238924012476
5162,0.0940204798212666,0.626579192389355,0.0194838560787287
5163,0.0860461039490504,0.718760940705854,0.0274352838284806
5164,0.0942809595938306,0.695977720522795,0.0270706463310499
5165,0.102350647418743,0.68592835036535,0.0237496741832495
5166,0.0920309688293422,0.717028200777104,0.0274667349016346
5167,0.0851661871285796,0.663169653053047,0.0183005861329277
5168,0.0938890428312841,0.685169984596231,0.0240904317017685
5169,0.113562859859562,0.606898908104132,0.0315391529131245
5170,0.0824005475189106,0.579838923797664,0.0147436403902012
5171,0.0761941479466662,0.674333768823985,0.0215769240136349
5172,0.0975298092973116,0.701158569426707,0.0270887976288815
5173,0.0987445462012107,0.700064713262882,0.0210390201122188
5174,0.076313229868604,0.706572243047127,0.0187018287138852
5175,0.0716219303759472,0.685063579360243,0.027054350359134
5176,0.0835220815652192,0.65450643415069,0.0243817041690915
5177,0.0777363446493808,0.715049889338858,0.0221477541609084
5178,0.091432288202525,0.695052299271315,0.0185116248899977
5179,0.090401158318758,0.66002831673997,0.0149657065068953
5180,0.0777514659362972,0.587687732469191,0.0266778461724757
5181,0.101478500706272,0.695448599873586,0.0294455361206141
5182,0.0842072992133924,0.59419835882399,0.0147678530420258
5183,0.100863620119372,0.637088209226086,0.0280949262431
5184,0.107110855100815,0.604464326093705,0.0202019047746033
5185,0.0980499450929793,0.568335419612713,0.0275645304350393
5186,0.073109801945996,0.648695558962258,0.032112876334325
5187,0.0869558827839694,0.677324060447261,0.0230946048999734
5188,0.0945896892379715,0.683620685349256,0.0253104416515787
5189,0.102424733489739,0.707506658650162,0.0256252293834605
5190,0.0898661529371771,0.687559894426419,0.0335876857735583
5191,0.0938077386633128,0.698837540157382,0.0194486825145223
5192,0.103878095881605,0.571744288436283,0.0348223154932984
5193,0.106784212306191,0.706263689523152,0.0204797914126767
5194,0.0852651432733852,0.704994200013051,0.0224158682301247
5195,0.102759212474279,0.608563943494921,0.0201393517960666
5196,0.0810198529595879,0.709705755165473,0.0342149229840228
5197,0.087564198777768,0.626267193694854,0.0313536096728383
5198,0.0953403101064819,0.597048865725718,0.0319815289701429
5199,0.0989365068787649,0.594821465110456,0.023032584884538
5200,0.108605453419806,0.590309354077503,0.0387611782259763
5201,0.111300250808121,0.658496535147892,0.0212358189232706
5202,0.0905979440511094,0.688759167018746,0.0217062096979482
5203,0.0913221873073393,0.590570534344047,0.0221468867017617
5204,0.055519123249388,0.576459261942662,0.0294806542474153
5205,0.0714475623529622,0.603389344555398,0.0285481076071385
5206,0.105575928251703,0.711375351044489,0.0164242478491655
5207,0.115062110043133,0.704022530112826,0.0188272444610922
5208,0.0949144445361132,0.69424656630039,0.0219125144292996
5209,0.0904107778301851,0.664990967723624,0.0282796292973555
5210,0.0936937630592005,0.584231718976744,0.0173795647046159
5211,0.0572804221362656,0.635116312569612,0.0447443605012507
5212,0.0986214962794145,0.615779430196947,0.0256615673530196
5213,0.0894281466038033,0.600597444374999,0.0269670518180762
5214,0.0722064633732089,0.698073931074883,0.02620308205368
5215,0.0875973731738038,0.71766747597385,0.0161829549276436
5216,0.0983434612153585,0.663668604079168,0.0264822971714923
5217,0.0871843932076002,0.617988721793629,0.0191694091326453
5218,0.0897753638955364,0.678761797052403,0.0227778738397642
5219,0.0948919004618372,0.676038027333094,0.0176477350247656
5220,0.0909386747416452,0.71351507537925,0.0360148363839351
5221,0.100848769260677,0.699442452107222,0.0192609623742689
5222,0.102753019214434,0.687586878546838,0.0202237672553783
5223,0.0932469901585957,0.653312825259083,0.0199912727158379
5224,0.1059572158902,0.681620115557816,0.0121628247543472
5225,0.0929570475441629,0.633100763627179,0.0236323727392407
5226,0.0908191782657594,0.693430487794846,0.0238512698302369
5227,0.095538394828633,0.696968529274517,0.0188888524182018
5228,0.0961528584285902,0.680677064048713,0.0177118840048227
5229,0.0919664945632474,0.640555115526336,0.0215385317902121
5230,0.0895767164545204,0.711784575916255,0.0153432153209246
5231,0.0893081856245775,0.679529837613768,0.0251284085655199
5232,0.108857513144369,0.570674656845793,0.0196318921427027
5233,0.0749694198311399,0.655265355986515,0.0347614641272811
5234,0.0950653800492913,0.704808930314886,0.016815057492851
5235,0.0933167633425934,0.651130212601481,0.0389628912264315
5236,0.108540708865922,0.485518436294976,0.0391668043200716
5237,0.108309089085301,0.430272844221372,0.0322847534308986
5238,0.101835865163966,0.35455465724234,0.0321117736403889
5239,0.0959908675573796,0.451420041135975,0.0273657910872842
5240,0.100885802620384,0.422409957405834,0.0277357717362978
5241,0.0730013574759408,0.434371159894554,0.0358887944357654
5242,0.10531502633521,0.445046177241903,0.0423374590559338
5243,0.0949604126321052,0.422586731081238,0.0376926025744929
5244,0.101509757000518,0.43050959709998,0.0418423043581511
5245,0.122882100248443,0.446510760440943,0.0218361140041846
5246,0.0837038629412038,0.444292327260012,0.0360657309060969
5247,0.103832657855668,0.439510867175836,0.0316883647520422
5248,0.086720022558204,0.43207099979002,0.0405709273520762
5249,0.0928666508248865,0.424486699515433,0.0315092605003675
5250,0.091477993529116,0.425146351536381,0.0438352956462972
5251,0.0867119920033144,0.425635668678742,0.0584415597611945
5252,0.103734265434431,0.452906201068122,0.0276851446423848
5253,0.100748442387167,0.42588932958183,0.0297237471431417
5254,0.100188200890857,0.432361965172531,0.0284307903532194
5255,0.0683323360056574,0.432589503871322,0.039578469305941
5256,0.105891213362944,0.423171544098662,0.0521549118099354
5257,0.0849331351003704,0.454490627150102,0.023250632958035
5258,0.100511302896702,0.434974918550243,0.0558545660780737
5259,0.0967969543510209,0.445640272340526,0.0322115455359524
5260,0.109199205562588,0.43171613882676,0.0401841537062636
5261,0.121660526319557,0.457557165968661,0.0317455910682091
5262,0.0871432833375951,0.454899930667099,0.0315264043266007
5263,0.0968889907721629,0.427948510145196,0.0431015427763115
5264,0.0940881814368454,0.438523763518032,0.0437486585244519
5265,0.0961653662307444,0.441188661425867,0.0267176846146522
5266,0.100426760409376,0.424962271569548,0.026621464702309
5267,0.110488974525087,0.428119491031615,0.0332777967916046
5268,0.101291681504559,0.445960523634674,0.0417124252914394
5269,0.0951585325658329,0.459689895248609,0.051948890076926
5270,0.0881360301031372,0.427885674494144,0.0472661985921303
5271,0.099115848515075,0.443665501101592,0.0269401436265115
5272,0.102004906075215,0.432658065125674,0.0466367212667396
5273,0.0854680903346345,0.424682366534631,0.0375675240631975
5274,0.0966001369237917,0.42217084364649,0.0415901068048238
5275,0.100056668389902,0.444569452240266,0.0325211399842099
5276,0.084536282067917,0.431071088362161,0.0463911740806672
5277,0.0935782673735816,0.426061832838381,0.0388057465046794
5278,0.122507269368703,0.424760377445044,0.0286899072258291
5279,0.0928872959836925,0.444730702962963,0.036620727116624
5280,0.0954627247729443,0.426365230385215,0.0334526098644375
5281,0.0859225314778383,0.433180182900719,0.0495912760209599
5282,0.0670105136345227,0.440413282442248,0.035691468886374
5283,0.0991450920047624,0.438766922591845,0.0372231574901077
5284,0.115716994512234,0.435524646960317,0.0414862166454161
5285,0.105961629701482,0.441193671864571,0.034274934700138
5286,0.0864109326810221,0.427267949688506,0.0325306062392221
5287,0.100541834405333,0.431577893486039,0.036004044577038
5288,0.0869173398328365,0.4249822358121,0.0381876570369014
5289,0.101286425471341,0.425702870945049,0.0285494449453374
5290,0.0928983277588036,0.427743096375815,0.0469653552777731
5291,0.085419615574599,0.449873199468826,0.0341238412159073
5292,0.098397280229671,0.431252354928751,0.0528242340324358
5293,0.0992519011444136,0.322136943212973,0.0497016752233086
5294,0.0895883305819501,0.355470063791259,0.0435140725326807
5295,0.0931337340332435,0.458112283158268,0.0222259295242015
5296,0.105849112101817,0.461385443803534,0.0286280256588623
5297,0.0994566307918773,0.433971888070476,0.0529499119036511
5298,0.101521621377833,0.429063152428147,0.0289905237753838
5299,0.0938826866842609,0.439124320628374,0.0229289066507997
5300,0.115021150473981,0.444505009458114,0.0300775524195236
5301,0.105128742515021,0.450562340296594,0.0283307052069392
5302,0.0970316487929364,0.442748226755529,0.0405114420774326
5303,0.0860567469948075,0.436074560222479,0.0426921585161941
5304,0.0806172542380072,0.425164631223938,0.0532104654841772
5305,0.0900187462808312,0.427487570913296,0.0377805095981052
5306,0.0936736750466954,0.443905618652958,0.0326558560219615
5307,0.105864890276097,0.44722027756387,0.0310704098396607
5308,0.0937701301410623,0.439250938982957,0.0341663521918607
5309,0.0985146033308136,0.42802495395023,0.0286762365450156
5310,0.102611322376463,0.441636803427682,0.0488807928792338
5311,0.0852610953520788,0.435020861512685,0.037121845504519
5312,0.0984379736898981,0.42599255250066,0.0313063934563802
5313,0.11182758302471,0.442314525089614,0.040669709175935
5314,0.108635103507936,0.441746593965324,0.0526980512970783
5315,0.0886821669702366,0.423160125058392,0.0322807223929943
5316,0.0880210312636085,0.425471456616278,0.0462787657055344
5317,0.0989167532405231,0.427398516149612,0.0345821179478955
5318,0.101480690897338,0.422822057338775,0.0289043740627195
5319,0.101064148919732,0.434767719275054,0.0235639671490452
5320,0.104012059877602,0.444416923069922,0.0385810958517192
5321,0.101714915824033,0.379696129375991,0.0325220404473962
5322,0.0881478499198904,0.421437513006872,0.0299021926675701
5323,0.0905108817229006,0.431481689128053,0.0330510269611496
5324,0.09764019003784,0.426950145927743,0.0528697151417289
5325,0.0894473798111963,0.477537497773677,0.0308065742535396
5326,0.104648770565551,0.441885497804607,0.0253605054288152
5327,0.0975907565413274,0.440262761495074,0.0258688274510969
5328,0.0809708126218697,0.42522819601711,0.0520205651671525
5329,0.089917761842,0.437920043609124,0.0292667450637508
5330,0.103397185073258,0.450438380707805,0.0309350015136653
5331,0.084552244653053,0.430536150955325,0.0406677054979944
5332,0.107092624166817,0.440179338492558,0.025363470748332
5333,0.0961446280089472,0.437231532152993,0.0528460104237603
5334,0.0986418653939305,0.429394394491361,0.0405717587196382
5335,0.127132348792657,0.450798241609735,0.0300242519223457
5336,0.127132348792657,0.44733115198142,0.0367648577319001
5337,0.0990677304408088,0.408635836989819,0.0489846556541158
5338,0.0776831461812368,0.446380468898794,0.0317716579799953
5339,0.0843592912081808,0.446235079984226,0.0535614610741656
5340,0.113645102581436,0.435554880161825,0.0327036050718166
5341,0.0863407471684921,0.430866770079719,0.0326220829336703
5342,0.0994040382859877,0.453026459146506,0.039576089486299
5343,0.110057156490298,0.427682977347399,0.0498224465457716
5344,0.0880859646618888,0.459637429181483,0.0521403419705966
5345,0.0895424364420495,0.425136110204322,0.0517942501022985
5346,0.0947466321733119,0.422164438508784,0.0255466510354602
5347,0.104756570355315,0.452475780455369,0.0343328971235613
5348,0.113200751116985,0.450785300458065,0.044402475910958
5349,0.101473239880391,0.42699831014674,0.035132621829202
5350,0.0895728753346171,0.445296602066191,0.0461317504691755
5351,0.0689332581752545,0.394178314760114,0.0635667778607729
5352,0.0689332581752545,0.387233636093022,0.0538987373589019
5353,0.106194306181581,0.444176256817489,0.0310884766560122
5354,0.111056750987974,0.430940751509913,0.0294367913075631
5355,0.104143981044701,0.443284135978033,0.0258980101060701
5356,0.0825424723850842,0.445752586682349,0.0357946553565629
5357,0.102759536936181,0.509783048267477,0.0324066659765681
5358,0.0983483546393793,0.604514848606985,0.0238471405816146
5359,0.0904814908422929,0.69612971053655,0.0223781500313134
5360,0.102267404528638,0.662141397162565,0.0272251252645701
5361,0.0962985751001415,0.632212810219234,0.0323551470087221
5362,0.123414416413518,0.716644128232798,0.0298616932873627
5363,0.110676877006137,0.676175516090626,0.0264086558578407
5364,0.0963001081238042,0.704708723220698,0.0168674787443592
5365,0.0743031695933646,0.720151992010858,0.0247706823899611
5366,0.0834087524610812,0.598021323110453,0.0271444894533269
5367,0.080187522518717,0.579252280574906,0.0267964342369537
5368,0.086785994129958,0.659313217013418,0.0145050826873332
5369,0.103323718986239,0.606852411329692,0.0201597326023684
5370,0.0932451488050811,0.566491822574045,0.0301320688428134
5371,0.107037002237648,0.604318724602828,0.0407132132738572
5372,0.0775783912164819,0.558111864731423,0.0244282743365969
5373,0.0921400085193713,0.61880066835603,0.0290527737882316
5374,0.0884268719167886,0.6654376293285,0.0203662392037219
5375,0.0880973274457608,0.655020102689709,0.0234497428560829
5376,0.105688028369978,0.707324581417776,0.0237369604528609
5377,0.105973759865996,0.71669565665909,0.0206627420125926
5378,0.0904514297316204,0.581524136436946,0.0256727597492094
5379,0.0882352914925973,0.64020416359735,0.0200436332589572
5380,0.0888383971616252,0.676966870395146,0.0212962460221675
5381,0.0934460731161339,0.70447523447292,0.0213575480694886
5382,0.0943328458556955,0.591389667624428,0.0197526121069706
5383,0.115212718262648,0.685576060132031,0.0179162889714234
5384,0.0821008689696333,0.66568093996223,0.0349333619882743
5385,0.0779067314345855,0.706097186989056,0.0171417194359859
5386,0.0984617084567843,0.628605457859285,0.0260206331433175
5387,0.0945637917413399,0.578635097189698,0.0160257930065732
5388,0.100710877827753,0.585115831741852,0.0240926356137149
5389,0.0887959468299424,0.689381316744347,0.0174373544386021
5390,0.0968621473544035,0.646847132718067,0.0183931297393361
5391,0.0824145935682541,0.702471096548189,0.0233666842252254
5392,0.104100546531774,0.614392441479779,0.0180597037259083
5393,0.0967456462543502,0.711729207171479,0.0167567215864583
5394,0.0811645846837042,0.706008685279778,0.018866401924834
5395,0.103091734456563,0.693287432823076,0.0238447584452967
5396,0.0963967103286189,0.756633538449082,0.0185943843098467
5397,0.0794193988822104,0.70832730507985,0.0226305196076174
5398,0.0938207318205675,0.711132296422574,0.0276431044699848
5399,0.0888230847473478,0.619587369917889,0.0502635594383064
5400,0.0917123473652394,0.588170338600256,0.0354869614554199
5401,0.0944481560803479,0.630414415981597,0.0241828854414912
5402,0.0977318396196932,0.572816791503846,0.0237362423078398
5403,0.0919830927411927,0.621662007500404,0.0174632582722703
5404,0.102778740918312,0.631037480093254,0.0171323083524761
5405,0.084499155656373,0.644025808519159,0.0215382297364192
5406,0.0697635768402266,0.564483554123063,0.0329291988454895
5407,0.103751796704028,0.600757569469188,0.0262321885915155
5408,0.0877042930777992,0.577600404046023,0.0244128712118642
5409,0.088244267976428,0.562489091972018,0.0334385734793397
5410,0.0855435293212822,0.629339994036366,0.0216870135919637
5411,0.0871952304865304,0.710907350045238,0.0232174625906387
5412,0.0975388438511165,0.633951280365402,0.0190459179901029
5413,0.0834072614592309,0.71547013586004,0.0276592800952387
5414,0.0763813382592755,0.688907096996529,0.023071940474269
5415,0.0718504532061692,0.667801072127856,0.0213131043414834
5416,0.0976996333050012,0.659670447636665,0.0177591975564523
5417,0.104137169428245,0.672093539725418,0.0326779963903354
5418,0.10590931312858,0.647120918894435,0.015924478723698
5419,0.0865970707434354,0.688889143861766,0.0301902985712585
5420,0.100038345424767,0.659113389664297,0.0192343205003989
5421,0.0988208348520422,0.690092687568322,0.0214302586485746
5422,0.0889657529143509,0.694466291663739,0.0151067056090776
5423,0.0907278286401142,0.666912068551274,0.0196967139457427
5424,0.0858295514735211,0.609078487203374,0.0215779902983813
5425,0.0903052961806309,0.663073578143451,0.0279209460705048
5426,0.0879300343915882,0.646257581531354,0.0189952535002185
5427,0.101661413954875,0.604821759634611,0.0211912224178186
5428,0.0888687420786495,0.568572944975642,0.0199116729385792
5429,0.0880447653078969,0.712490583818552,0.0251887428954355
5430,0.115510394597415,0.68693389591193,0.0259361735297803
5431,0.094905885411666,0.679490082999939,0.0173668021508464
5432,0.090894592065725,0.580485205197281,0.0182901570836881
5433,0.0901383867171553,0.711495738039996,0.0156982198539231
5434,0.0785137730776257,0.685450052955429,0.0159117543577818
5435,0.0908394505649869,0.690238645074913,0.0157389244617896
5436,0.0692460940922822,0.572888154778536,0.0342603483578068
5437,0.0756166939257489,0.614515055222917,0.0281825406004758
5438,0.0801423029738951,0.664076174295119,0.0259707047822255
5439,0.0879681730104073,0.625409934412602,0.0273104897608717
5440,0.10310252340287,0.715480567143834,0.0192816878898723
5441,0.0756017142521099,0.676396537150793,0.0250912805122361
5442,0.0885406336602772,0.691474242299546,0.0264047620093137
5443,0.0973367935130053,0.65501714320199,0.0287278392310389
5444,0.11068601998277,0.625921364947952,0.0231076441665739
5445,0.0822423767343918,0.7560621216186,0.0290293444196108
5446,0.107416215424858,0.62881249101982,0.0307039352307092
5447,0.092288667381901,0.618550468688262,0.0280923851775044
5448,0.10006929515734,0.681844772336014,0.019084281134655
5449,0.0801727227831986,0.645594658252531,0.024220833333566
5450,0.0801359598242343,0.613680456070353,0.0348130382540699
5451,0.090622795655737,0.697172943875538,0.0193695695693472
5452,0.0931694875556684,0.684476516063895,0.0175327386736173
5453,0.0980688703425846,0.71820036302442,0.0157667168514607
5454,0.0916980970206724,0.642297166040229,0.0395762299290788
5455,0.0788006651483934,0.599066596588206,0.0194549874582744
5456,0.0910031020271424,0.584790487223386,0.024090268893669
5457,0.112765729993199,0.647711897003702,0.0218953628439203
5458,0.10166627274685,0.690860170842738,0.0174771210047027
5459,0.0940177261909654,0.687552864438454,0.0208609154232159
5460,0.0915218051913385,0.569760961066777,0.0300415144501011
5461,0.0996327267895343,0.692318928751703,0.0202794493304768
5462,0.0971351757498195,0.66722203143886,0.0234193654497475
5463,0.0703815551659553,0.631212021316794,0.0313505051030782
5464,0.0933417378066893,0.704955441389361,0.0298052476533019
5465,0.0929820385506584,0.674347066218277,0.0192428859399731
5466,0.105354362369298,0.685537753430642,0.0186163376710443
5467,0.105307499796056,0.713488538908315,0.0255001030446896
5468,0.0854083421082933,0.65774501384063,0.0288098069912995
5469,0.0830070928277561,0.678982320665183,0.0240004214508224
5470,0.0788766664809586,0.651189945500359,0.0125668928300077
5471,0.118142485217922,0.579031275870591,0.027897840551694
5472,0.108911481107205,0.595622363933887,0.0241595581848812
5473,0.104729169996566,0.752500200674894,0.0240270386143488
5474,0.0920546599305534,0.718408665006691,0.0223591152933971
5475,0.0920144649653155,0.718310668557179,0.0239057251427162
5476,0.0826796707008793,0.67154846467095,0.0219932232475485
5477,0.0889083672584148,0.565946594813555,0.0210401060317581
5478,0.10306858079105,0.734443488887071,0.0231111350253647
5479,0.08388042506203,0.697240997143869,0.017340710371059
5480,0.0899527694299864,0.678868771284611,0.0182500349939489
5481,0.0857594684509628,0.692597373076409,0.0220913501576061
5482,0.0831594651124261,0.672334341950819,0.028406258625189
5483,0.089951576282174,0.69114194534922,0.0199185175892757
5484,0.0658148231644574,0.718128258228619,0.0250708820436509
5485,0.101528609863742,0.70272910676688,0.0238386747249441
5486,0.0867354669567921,0.660112944299026,0.0285739309394015
5487,0.0895341891527597,0.701804090477639,0.0152056898556885
5488,0.105486142442742,0.628177671083957,0.0158416476193855
5489,0.0868859569402876,0.61873465566341,0.022115689033148
5490,0.101830083452702,0.699656561910535,0.027419153409944
5491,0.107010393299313,0.646015323619663,0.024714519159291
5492,0.0893179417370008,0.603648444402707,0.0272194757898396
5493,0.0787216891429707,0.70620595487858,0.0213453445294912
5494,0.10482324385009,0.563097708791146,0.0178672315599976
5495,0.095107748944857,0.665435149376892,0.0215761001699053
5496,0.0893408219156374,0.667017674548459,0.0260407903721365
5497,0.094817283238882,0.58309714941537,0.0256331097480986
5498,0.0810972097609075,0.697240144887293,0.0263383994456242
5499,0.0902672194308888,0.719004125271271,0.0157486789878193
5500,0.104208056809991,0.610601496876478,0.0214360695768132
5501,0.0802898388972874,0.664826353317165,0.0302723737955617
5502,0.0883187722874741,0.742599663526729,0.0267633983165348
5503,0.0945937032806394,0.719275455895382,0.020395332895567
5504,0.0903050666073823,0.659390081288031,0.0223325305722481
5505,0.0913592308547917,0.586687762881918,0.0216965880826094
5506,0.0889612938354273,0.560516448707208,0.0309683827497185
5507,0.0872836771142093,0.548151050087968,0.0278502154210104
5508,0.0824522820654496,0.607152923483168,0.0504347494179107
5509,0.0762256613158133,0.710529431018796,0.0301501967340059
5510,0.0923979603262634,0.655417242433679,0.0186846564970063
5511,0.0890462770887566,0.59869464390722,0.023733206180378
5512,0.0988319011510032,0.622951991805503,0.0223569889299999
5513,0.0923238388972175,0.571806596931123,0.0213923353382746
5514,0.101424530478958,0.65777563163265,0.020233328011783
5515,0.080198145587076,0.718893902030542,0.031068698224506
5516,0.0910330998106668,0.587239034436545,0.0238756392754044
5517,0.0836442760711822,0.59780175426328,0.0203192777386056
5518,0.0822847715806734,0.562743643881757,0.0257044192937016
5519,0.08582530118569,0.589909810181232,0.0338551909595768
5520,0.0746549024044818,0.672346313120569,0.037015950710936
5521,0.111611943173977,0.678852884071494,0.0129097028780292
5522,0.0985959800183703,0.720302798301868,0.0221782703883795
5523,0.0906304835122642,0.641460010171158,0.0148346759101368
5524,0.0750744596817607,0.626153284574037,0.0195680145933259
5525,0.0901541818730063,0.677705911608995,0.0336164117897928
5526,0.116116096441368,0.717704301153036,0.0177772992976614
5527,0.103063109310444,0.618092415510559,0.0220107458343352
5528,0.0874664965003465,0.53021064132591,0.0361896711042339
5529,0.109152110008208,0.422389519860613,0.0283553775797154
5530,0.0796196833020223,0.447465631030202,0.0443762294961047
5531,0.104632191164228,0.437557501458883,0.051126450155069
5532,0.101614955087082,0.428839431613919,0.0415355772471033
5533,0.0993067788741855,0.456501786160966,0.029610224081707
5534,0.0912880397061167,0.425803192047565,0.0337849325211191
5535,0.0946424975433729,0.439772750974923,0.0252599786431297
5536,0.0936615943207647,0.432126371916195,0.0248212778639466
5537,0.124803309234164,0.430151830146885,0.033179825258338
5538,0.0960869170788039,0.434954664418987,0.0451000392598204
5539,0.110690834775906,0.426537702968869,0.0302132263364684
5540,0.0966616165262384,0.445886354527282,0.0284729133626968
5541,0.0843643443765516,0.423949534186465,0.029363084930327
5542,0.0931415219322397,0.442698489646518,0.0367640099400985
5543,0.0874169899177526,0.453340137858221,0.0296573837548845
5544,0.105561481583958,0.438888430113071,0.0468249018263872
5545,0.0921130431792911,0.428444108107504,0.0332054208794702
5546,0.0985348824087291,0.440553146406828,0.0376551848953416
5547,0.0880284127912432,0.424426562356974,0.0400567792973734
5548,0.0694850045803047,0.435597686083122,0.045098993558774
5549,0.103605935686407,0.424545479122239,0.0399695708874564
5550,0.0867254999101484,0.451489597369992,0.0363275675242582
5551,0.0736085628017967,0.445027183182569,0.0339851373417097
5552,0.0813426245607174,0.453330412762256,0.0236846669558178
5553,0.0980397807612565,0.443206783176652,0.0291239257772591
5554,0.0972951599117126,0.433258253008072,0.0365525775494945
5555,0.0858333882463615,0.432045678735298,0.0352432498356342
5556,0.0927740443871401,0.445723040656242,0.0311922619931185
5557,0.114316049062289,0.437219601736115,0.030213496753375
5558,0.0934951257837299,0.434927676005915,0.026298660089131
5559,0.0831826645277917,0.433714187900343,0.0343212109432797
5560,0.0822119747843239,0.427812554845361,0.0364547068735217
5561,0.0893440791180337,0.431159905107703,0.0507512329632467
5562,0.10073055602485,0.439919744716632,0.0316523936405874
5563,0.090848078458296,0.427540358976431,0.032249049657281
5564,0.11164002100223,0.429656289116568,0.0346090980211161
5565,0.0924710615725334,0.468227423180951,0.045628937659037
5566,0.0976559173320489,0.440663096171637,0.0297183113904772
5567,0.0978360546310273,0.440938706512702,0.0365903318910875
5568,0.113399616781136,0.433758026732788,0.0526313031839431
5569,0.0994623315690522,0.432760754771648,0.0645032616976383
5570,0.102176832052391,0.44297936140835,0.0344833994513984
5571,0.0900155335270364,0.44241866566387,0.0426306145955372
5572,0.134968355745599,0.45980002994307,0.0268192820296778
5573,0.117884713309789,0.445522206794387,0.0445863348064382
5574,0.0896960192572128,0.456360021721588,0.0238691809441695
5575,0.106735128075253,0.39979035640198,0.0434424677505085
5576,0.0817653098693447,0.438735841840935,0.0305221006272914
5577,0.071161737595588,0.429951212846659,0.0561155246599638
5578,0.109276587669835,0.445785053401965,0.030601699069789
5579,0.115872979526351,0.438706400881274,0.0398441550271044
5580,0.0877516940592753,0.44311825747699,0.0362663476311758
5581,0.104802662281999,0.431807003528899,0.034599783237269
5582,0.0744410471386979,0.425294549015095,0.0495170952886478
5583,0.0744410471386979,0.334098185665737,0.0514231287197597
5584,0.0886838393849822,0.319266968464268,0.0361522230815294
5585,0.103075361558604,0.26105096594953,0.0513312174862641
5586,0.0994617619185922,0.353062018642795,0.0341266286147823
5587,0.116769580948475,0.439403849611282,0.0297161863042208
5588,0.117995414047746,0.431369337354356,0.0212132942448319
5589,0.103588111031693,0.436381674527069,0.0354132428033223
5590,0.109947187422359,0.433678747097371,0.0240447015524015
5591,0.110021094443317,0.454984819564545,0.0290274389984953
5592,0.085102042283033,0.442735014230666,0.0378846877362281
5593,0.106630654619743,0.42270866915598,0.0504009598114151
5594,0.0952269623817679,0.426353946477906,0.034434504596578
5595,0.101052344596705,0.426915513500721,0.0527642097417029
5596,0.0917881742359655,0.444912911725663,0.0208478272551667
5597,0.0925797740957983,0.427259489215576,0.0295062519866317
5598,0.0753945946022248,0.434016045117426,0.0401604702863569
5599,0.0982376203641114,0.443501255537457,0.0399169803273028
5600,0.0971445678744074,0.436311524994932,0.0410913054365359
5601,0.094106340272775,0.444314777821711,0.0457511542201716
5602,0.0917030694945101,0.462111408218065,0.0299789641094459
5603,0.0980677316478464,0.436355216425756,0.0261054172305504
5604,0.0795969139256569,0.430047636840876,0.0437590058449459
5605,0.118295583960071,0.431866702729337,0.0398972567496857
5606,0.087892700097578,0.42688997462198,0.0552578035450848
5607,0.0770888136130276,0.415575214387476,0.0462140188053849
5608,0.0768675990580491,0.443077078173123,0.0346326271149675
5609,0.10928563106657,0.434821186255795,0.0354143602338296
5610,0.0914404251213376,0.446805862829998,0.0231649692181687
5611,0.107765550333935,0.441415710876703,0.0441603226499625
5612,0.0875265026487488,0.444875855590285,0.0382486925120681
5613,0.106099286885802,0.436970132524299,0.0221531480475821
5614,0.0854411772085903,0.443579571741386,0.0494966972187248
5615,0.0825447305598585,0.424152820253257,0.0436902624611806
5616,0.10072947399201,0.453350914111683,0.0277140719495127
5617,0.0888657878724644,0.425949918059937,0.0395754169554745
5618,0.108725229219711,0.422997613109957,0.0346414651287074
5619,0.0833477017682436,0.451238559459128,0.0243910311562404
5620,0.0863770135368386,0.443802730292994,0.028909795727108
5621,0.0895949320850841,0.4302195636191,0.0298504641600631
5622,0.106526562480199,0.483169576191546,0.0217122661899602
5623,0.112902252257347,0.424812635815715,0.0355297068097102
5624,0.0571456280943402,0.428012861653315,0.0314111221273782
5625,0.0839152007016475,0.438095472242212,0.0605847133003481
5626,0.0932153881429339,0.424711232906564,0.0441322446919335
5627,0.0981759835301177,0.447272172753816,0.0339501640546485
5628,0.0972762031530565,0.441031138709585,0.0354506136888961
5629,0.0932455419848214,0.430321220886184,0.0267817702701187
5630,0.124293734731635,0.430693621069595,0.0285005815987194
5631,0.0826826165110945,0.440682169793396,0.0506083741286255
5632,0.0994328685407501,0.432096193936406,0.027646971414767
5633,0.088886807957137,0.452248069491277,0.0325710367636948
5634,0.0794183295211222,0.341329027572646,0.0385512408575161
5635,0.084449827402643,0.311486590062289,0.0432959137845511
5636,0.0923601056739768,0.459156169845284,0.0287841153545586
5637,0.0797362957838379,0.434706421219511,0.0231901214068781
5638,0.0935771277193283,0.435618930668078,0.0391163155274916
5639,0.0988442629409518,0.444001541941977,0.0365203290621252
5640,0.102798299446874,0.442078333070986,0.0367060302158483
5641,0.0935160847141673,0.449226501995544,0.058429322533595
5642,0.102521201018125,0.443701559403189,0.0329264280618355
5643,0.0965283725866125,0.432165553310961,0.036691133655813
5644,0.0743923827442655,0.480884468206186,0.0424137139312897
5645,0.112881063972369,0.39649025320698,0.0660154485728043
5646,0.0841058809822296,0.429985274140113,0.0244539680052477
5647,0.101766718314587,0.423124047896204,0.0347546204463533
5648,0.0771846858308697,0.426655413806453,0.0382682467083622
5649,0.10817034352504,0.433721598108644,0.0312348198927465
5650,0.117691677748615,0.433147290092816,0.0497495685867298
5651,0.093992093562812,0.438694949792052,0.0487739902970643
5652,0.0819817873676466,0.370528401396761,0.0452992426771922
5653,0.0927729593203461,0.366059168489014,0.0539304380744497
5654,0.0952521560187842,0.354206492508678,0.0370832256521402
5655,0.114997704527161,0.408840592597682,0.0383341673657989
5656,0.0930919594579567,0.427497819488771,0.0279325870918774
5657,0.10375159867493,0.446006375969084,0.0346752804593842
5658,0.0795301259594728,0.445016339417572,0.0452296816883443
5659,0.0972767262930522,0.447437631162365,0.0361992449778879
5660,0.0937076594972066,0.446701991673431,0.0244764025776921
5661,0.088367760414191,0.448586738947218,0.0278819213441384
5662,0.0749671511077421,0.428437721370682,0.0395624278340305
5663,0.0832146672437349,0.429479359247633,0.0524049970689772
5664,0.117837555386112,0.454376418724047,0.0324583316400336
5665,0.0946981888241266,0.440180911741608,0.0425615926066311
5666,0.106857049651787,0.429995544398829,0.0325084100245457
5667,0.0949122058562371,0.425969854079519,0.0305753765956576
5668,0.0906376634466161,0.436056067824023,0.0499249884124847
5669,0.121329978880204,0.459306286571329,0.0247178967653115
5670,0.100289030534582,0.440555560887229,0.0247016863109537
5671,0.0983195600351713,0.425274685351646,0.0374538497740649
5672,0.111376087397737,0.431819023812683,0.0239467197351028
5673,0.0871085792521015,0.439305733863764,0.0616615753311983
5674,0.0932488616925953,0.444682806277829,0.0314127712220953
5675,0.0933452589226081,0.429362754799383,0.0409048186162472
5676,0.0774566147065211,0.422773626781804,0.0356075359314266
5677,0.101261004199332,0.424155404778638,0.0273920503852137
5678,0.108838464216815,0.405351886117621,0.0673257509257627
5679,0.108838464216815,0.321203568807528,0.0456221959390763
5680,0.103466806508688,0.422878627672808,0.0380994056982822
5681,0.106822244796882,0.442343501176348,0.0220402118765666
5682,0.0901011367490228,0.440972866503714,0.0293332905463521
5683,0.0828709073250079,0.449201634186889,0.0550576595459248
5684,0.0982330416701803,0.442397238856612,0.0255881992104241
5685,0.102871295750756,0.426845680913844,0.0413205926989051
5686,0.108444609679554,0.443874280523709,0.026878261055037
5687,0.0902146961672655,0.435177456134607,0.0518748957799406
5688,0.0852175918440669,0.434874613687354,0.0349769120660002
5689,0.11251038971986,0.432636726602102,0.0394299302757345
5690,0.10968223749247,0.441344516320848,0.0401758984133881
5691,0.0784619118969769,0.439379049046921,0.0405441094780836
5692,0.0974266729473207,0.440481465715421,0.0423179662914733
5693,0.0922451569924904,0.444222975956236,0.035704950693743
5694,0.0965709001959773,0.430607566162542,0.027168389000298
5695,0.096347292902134,0.439586598190676,0.0283489555502231
5696,0.0908721183321066,0.432297489412708,0.0550848118148383
5697,0.1137741920094,0.43708565620496,0.0395033704996073
5698,0.0937587353053851,0.423281956441348,0.0299133051369397
5699,0.0919526736953332,0.455748231511617,0.044132528542426
5700,0.09119083506921,0.442899930981885,0.0493462135643655
5701,0.090856736170827,0.452170960264685,0.0379972420921062
5702,0.101798569752299,0.44121917150115,0.0390245067012002
5703,0.0934641846465066,0.439003087137542,0.0441821100966833
5704,0.107836819600087,0.431393049121508,0.0320622230843815
5705,0.103608561019515,0.422809875933746,0.0414920952813137
5706,0.0903707727837739,0.425677376464445,0.0250273806671007
5707,0.106748715517299,0.498369500756209,0.0392820009928278
5708,0.0987746800317149,0.439498395856734,0.0323914967761066
5709,0.0874317113546253,0.440112415038132,0.0425733977072891
5710,0.085085263670804,0.443908282725219,0.0346188962838504
5711,0.106596188258613,0.431331117737922,0.04354764629
5712,0.0852326785876527,0.42310936020518,0.0267268787194209
5713,0.0938295469642306,0.422620474770051,0.0249739453071282
5714,0.109098820071067,0.42789210336696,0.0332944827714607
5715,0.101213129235898,0.437845970281188,0.037236617316986
5716,0.0879576579252115,0.427322880453192,0.0460090347454075
5717,0.0983453601712938,0.428175945272779,0.0557425187083014
5718,0.0829855740143482,0.431019880282745,0.0304755171266052
5719,0.106280206825849,0.459918898607744,0.0319022189530664
5720,0.0959666133739735,0.432807956181551,0.0227475046326652
5721,0.0844977599329494,0.431198419224649,0.0349233018771407
5722,0.0830732621869095,0.379917540646021,0.0453648470462265
5723,0.095168324022918,0.411295805519616,0.0437542055519482
5724,0.0980811308008926,0.445864962506165,0.0340625200036872
5725,0.106701081206428,0.447382544583694,0.0391926151339174
5726,0.0881713850489067,0.443579963209981,0.0251155918600885
5727,0.0960942495362223,0.440282521999696,0.0415159617381906
5728,0.0952714170360194,0.430872519695016,0.0304153537472842
5729,0.0890163817285501,0.437286055388265,0.0294368662230219
5730,0.0846414479116216,0.444966202297415,0.0351268079894217
5731,0.103295444320309,0.4313870941562,0.0567588351317392
5732,0.102610306616748,0.424238856694002,0.0386821666579324
5733,0.0931499797560392,0.426694577035658,0.0320534092575661
5734,0.120949154913972,0.445850225158672,0.0343157821175685
5735,0.095071706233576,0.428113823016548,0.0469924406600072
5736,0.0944852326583874,0.428509969340265,0.0206668357035821
5737,0.110548040380099,0.436390837018523,0.0424111215988995
5738,0.0856903749195872,0.433287223039794,0.0297883244687379
5739,0.114042223671966,0.430971257699662,0.0195899661896805
5740,0.0765743794644664,0.443858328185439,0.0332457757822756
5741,0.0904269715048608,0.423774549063072,0.0267188330736572
5742,0.099469280990869,0.426506028422231,0.0343197539452755
5743,0.113342162622911,0.4402560961168,0.0363348095371688
5744,0.113342162622911,0.425129474448169,0.035291378243753
5745,0.110491093384009,0.432494602089766,0.0526259926085582
5746,0.0749651071874786,0.432684268908623,0.0412365698044385
5747,0.111069830821551,0.471100855557862,0.0270082527444916
5748,0.0953404344248421,0.431748174742564,0.0343022706186024
5749,0.0700401484032685,0.437673849453456,0.0499196036571644
5750,0.0942301281506826,0.423988790514825,0.0395712208117317
5751,0.101000653229219,0.423111811910733,0.0393193525764765
5752,0.093036022121997,0.437959809232949,0.0392994801721943
5753,0.0976384905689922,0.425141766685155,0.0399260695115599
5754,0.0894798432385461,0.429658339199276,0.0446363068106258
5755,0.11551424354689,0.432937975168078,0.0281284265434695
5756,0.0832332651712137,0.435285066406411,0.0325137271602495
5757,0.111906209026149,0.437711092022133,0.0271482511676563
5758,0.117339047301355,0.429238106854686,0.0500977655637807
5759,0.0992819485897139,0.449501721609559,0.0266204009581433
5760,0.122423257929734,0.433186338715425,0.0274292954463138
5761,0.0879090422916069,0.439088433849575,0.0324258178083133
5762,0.111267488971405,0.423761118917524,0.0390120399492806
5763,0.0873768199344063,0.448165114070965,0.0289721022813046
5764,0.111445119849004,0.44607887419489,0.0514400593521784
5765,0.103296283947848,0.433675925981439,0.046380882294581
5766,0.098964462486168,0.445499431090667,0.0234630652820998
5767,0.0878650780549189,0.40122068454317,0.0482069443209448
5768,0.100602377363794,0.392597426332609,0.047785084087632
5769,0.0991803158104944,0.436240204787027,0.0269469941534417
5770,0.0748650416457445,0.439331717811674,0.0342052259604579
5771,0.0934700163198466,0.442888117513046,0.0370754973953743
5772,0.0894049457688328,0.429090691873614,0.035453771688184
5773,0.0954873178322564,0.454304230585299,0.0253884823397416
5774,0.103853886260075,0.446829258598541,0.0341867608833479
5775,0.105950467012261,0.414477721990622,0.0422171939607396
5776,0.0914977585929194,0.440273672242864,0.0347616282534672
5777,0.0893904910557295,0.431245573000761,0.0449427937597882
5778,0.0962932898265297,0.42530880539825,0.0311437864204191
5779,0.11328922493245,0.431131168332172,0.0316395877158922
5780,0.100575738396787,0.429913163378187,0.044381144629832
5781,0.0914090719743015,0.441243378139956,0.0570867928377402
5782,0.108065300982263,0.492888121569365,0.0356360830789048
5783,0.097740346531116,0.436597547606655,0.0393636668313325
5784,0.10106869307714,0.427849742484891,0.0597988468298486
5785,0.071057921674787,0.444013753271218,0.0262129454034791
5786,0.0849515199186718,0.45233121542308,0.0299489996311587
5787,0.0724888617455774,0.445072187623393,0.0376790661418714
5788,0.111805641563724,0.437038197748412,0.0521312576122381
5789,0.113237296739577,0.45986252329327,0.0256099516075214
5790,0.0849148576203115,0.42547160329436,0.0342001885496561
5791,0.0717324180046719,0.433153369094495,0.0414528396083657
5792,0.0694461415136029,0.435239123215565,0.0461346595251943
5793,0.0968254708457431,0.439292469557826,0.0321513140380927
5794,0.0941098353568885,0.443779085334324,0.043060497078157
5795,0.111143177069768,0.460800042952829,0.0261051161446948
5796,0.0995488932063596,0.429056859396456,0.0307248278671356
5797,0.100278119345865,0.441219524517028,0.040868598188173
5798,0.0889307380837525,0.452268169555211,0.0436816518624697
5799,0.104462800433575,0.43106272397077,0.0278519847030485
5800,0.0609189334960801,0.459534011398463,0.0316469605062143
5801,0.0609189334960801,0.430374666737456,0.0319513691610845
5802,0.0973690155890496,0.432309557492051,0.0273268300014304
5803,0.0934217189890216,0.451701178044214,0.0287752643664041
5804,0.0858493961911314,0.434397952006219,0.0226023514259598
5805,0.0900256850934737,0.445955484884735,0.0323226221636479
5806,0.106869949510322,0.446630404846415,0.0308435485882602
5807,0.103672479586982,0.431010288038195,0.0263581518185331
5808,0.0756028085786659,0.394686451835906,0.0704597092336001
5809,0.0939861493516184,0.312399869706663,0.0446306028402688
5810,0.0848277545023246,0.299579358834802,0.0496991904726849
5811,0.104332503909073,0.281282998627414,0.0772531341750855
5812,0.100724578317462,0.3368402394433,0.051201476702251
5813,0.0948671756631278,0.312973195923875,0.034854323282895
5814,0.119374687055002,0.312622855240994,0.0380214787361526
5815,0.119374687055002,0.330328839299377,0.0523273299063692
5816,0.0750793873435356,0.305036946010549,0.0444316280056651
5817,0.0842403323134082,0.283351634912933,0.0476057433672442
5818,0.107723125921093,0.327697881061985,0.0388197944382181
5819,0.0994250328812763,0.427830580504807,0.0434454356642099
5820,0.113687473294076,0.436750642099542,0.0437470440227719
5821,0.105138769763589,0.425542799043409,0.0293426781257832
5822,0.111231032996919,0.443664548959456,0.0259905991609902
5823,0.0922046139070565,0.427668777105788,0.0308974640679008
5824,0.0821476787662051,0.460512816282612,0.033901344783793
5825,0.0776896613380721,0.428306311306296,0.0391212415015346
5826,0.102938502134785,0.439695475128356,0.0281230033348572
5827,0.0974760073642062,0.428752777953988,0.0356002005853714
5828,0.0898458613177598,0.425422082029129,0.0499356904656778
5829,0.0863532699719555,0.442079115182116,0.0281450720297928
5830,0.0728900342634982,0.43138923172273,0.0402277279156532
5831,0.0890695618701053,0.442346814729486,0.0484642780353597
5832,0.0821401241143224,0.450102926283932,0.0490527118664707
5833,0.0922744814737667,0.388690075929039,0.0487397339819293
5834,0.0907090710346787,0.426726644148812,0.0380112688378956
5835,0.0881859748360183,0.428030987579991,0.0410703963603901
5836,0.1158498671546,0.430798909903649,0.0530534948551457
5837,0.0785592169504724,0.454800081666377,0.0377909892310901
5838,0.07834957622023,0.435586017491813,0.0337399094583986
5839,0.10224629481033,0.445852327874499,0.0318481751918686
5840,0.102428624837009,0.426478457739069,0.0303446176297928
5841,0.105728268620726,0.429761224812195,0.032120324641594
5842,0.0890686068956268,0.442753664138169,0.0505485164641713
5843,0.102604838787957,0.445889088541384,0.0349397390407813
5844,0.102668473861928,0.457104680156315,0.0288449905195167
5845,0.0864269090943865,0.424383226167601,0.0256489589762229
5846,0.0915063050517596,0.425776831369363,0.0504775717702485
5847,0.09764253764041,0.433003296128834,0.0255803409133427
5848,0.103455904534128,0.438494965711011,0.0293698019771598
5849,0.0832331806008968,0.457153585736503,0.0296304375128094
5850,0.088466286967568,0.429719716209159,0.0481054298793713
5851,0.114981181517694,0.429322307850226,0.0428331259380698
5852,0.0875160193492888,0.428439812549854,0.0324985107910624
5853,0.0901692197338919,0.42990101024651,0.0351124350703984
5854,0.100065060019439,0.445905563221802,0.0331569608481027
5855,0.0962374997901426,0.431194120772585,0.049977340482185
5856,0.0917318156280578,0.426422389166723,0.0341196189005326
5857,0.0799321038484241,0.440124023778091,0.0335720250243481
5858,0.0718282784260058,0.444147106703343,0.0399442278648104
5859,0.104351534740214,0.427723020133596,0.054769305677672
5860,0.0838934564351476,0.449848152442627,0.0289786587495565
5861,0.100428235014674,0.43508831576895,0.0313976928519362
5862,0.0918504858790392,0.441811234047322,0.0355373527390467
5863,0.0917070353045492,0.430284965406641,0.0258635909952711
5864,0.0997352466955343,0.425914569149193,0.0350526099149955
5865,0.0837935078971315,0.4222532958983,0.0366800535913776
5866,0.129037368687194,0.442060748998978,0.0463457407516186
5867,0.0919736696708576,0.426288227811258,0.0336408961175805
5868,0.0941122889699049,0.431685063704676,0.0321749155314985
5869,0.1117187010112,0.429486965265941,0.0344986262455404
5870,0.0895236208265089,0.432092847543623,0.033523324257037
5871,0.0947415119307697,0.422499301954772,0.0401832852436901
5872,0.0949486114525473,0.422256903600064,0.0406312115408756
5873,0.112161417481596,0.458802096263022,0.0223460369432167
5874,0.10869015428628,0.455511525943691,0.0280526677912814
5875,0.0789310306739943,0.423968906232611,0.0450643339677583
5876,0.114152112195804,0.444797024105832,0.0401908313323902
5877,0.0907674255239104,0.457414657465667,0.023623331830785
5878,0.0992793676250063,0.438232333992338,0.0420151411106587
5879,0.089820653460364,0.423191719890785,0.0234108883628034
5880,0.102154738029891,0.445138189656824,0.0438814871969416
5881,0.0875161798883254,0.428646422950832,0.0391188983235438
5882,0.0907303971213439,0.444621311711525,0.041992432653609
5883,0.117489382596625,0.447022392478697,0.0320167046675381
5884,0.0975152521262564,0.435952978722466,0.0350109059358544
5885,0.0900002755756988,0.43075703965465,0.045431717926403
5886,0.0745360058699708,0.425336667305352,0.036822899948658
5887,0.0745360058699708,0.422815008134539,0.051579790238819
5888,0.101588617302224,0.427095717926846,0.0326517248222763
5889,0.0750445847140201,0.436434687671526,0.0431302589160275
5890,0.0842045590334625,0.438626382300482,0.033722601631468
5891,0.0466406752201525,0.441446914120869,0.0642577675705672
5892,0.116737362751627,0.480454597941338,0.02940268631376
5893,0.0958110130187463,0.444386094120892,0.0223295665863713
5894,0.101662616556558,0.422042395015163,0.0250076746824172
5895,0.104552216094299,0.444551376402771,0.0513056523112287
5896,0.0944729351532785,0.454109606263305,0.0366140559335927
5897,0.110792570911625,0.426788985532358,0.0190858417451775
5898,0.105549095660209,0.43154968301068,0.0396821831402073
5899,0.102919374580118,0.442874923009685,0.0370274528725122
5900,0.114148672714054,0.395519542240176,0.0617106396947762
5901,0.121631017984673,0.445232751502166,0.0299769986098049
5902,0.0726838329982219,0.43848440579738,0.0265980912532723
5903,0.0925503338798163,0.424707817891568,0.0393787963792581
5904,0.0973464958635116,0.443530584885745,0.0476416425633674
5905,0.103958143844834,0.436715547031405,0.02888368480315
5906,0.0921964394810071,0.426361291219646,0.0276358406702694
5907,0.101104425562414,0.426063655071933,0.036109930460868
5908,0.106627518535038,0.429684843838044,0.043792761694754
5909,0.119920068153411,0.438059709630796,0.0269285743673824
5910,0.0898844716801787,0.441217171820018,0.0328785413176289
5911,0.110721460916078,0.432395231357075,0.0402169065437694
5912,0.0896497973807925,0.431793254398269,0.0546937131192344
5913,0.0553306204782057,0.439427351798466,0.0273891956138311
5914,0.0553306204782057,0.44164915503757,0.0257864546950693
5915,0.0553306204782057,0.428349100778392,0.0354380347157148
5916,0.0553306204782057,0.42461147316902,0.0511473437308728
5917,0.0678378460483623,0.42677613242527,0.0389356633204423
5918,0.0915512415081689,0.423365117601351,0.0283477252077135
5919,0.0844224407067207,0.426567677895136,0.0381853541473932
5920,0.087042095990684,0.440462371865501,0.0300636264168869
5921,0.0625604117950797,0.447220113009548,0.0378727405173181
5922,0.0931058245275048,0.423364852033549,0.0306956265871355
5923,0.094914371033601,0.425436947388021,0.0283965055773684
5924,0.117883446307267,0.440244329036551,0.0313021899030601
5925,0.118364850700596,0.498790712066519,0.0335595647482002
5926,0.107419717372118,0.447554688963394,0.0398431470287598
5927,0.0965855578029829,0.450231358859603,0.0349805393683946
5928,0.078239931248582,0.456872747202326,0.0286647885153942
5929,0.0942319737949738,0.442530387389933,0.030134234788652
5930,0.0796192926221186,0.438562143311971,0.0560719721629855
5931,0.0647112403714659,0.430649386765948,0.04998401631048
5932,0.0647112403714659,0.436814207483151,0.0304082610908929
5933,0.0731834564891478,0.428300533050659,0.0532819727518688
5934,0.0950044012758987,0.46220471564258,0.0226218748536161
5935,0.0866157069740073,0.441168584172195,0.0379070863576607
5936,0.0884771705891298,0.424382385998115,0.0470430415065667
5937,0.126911499787548,0.440314424622227,0.030021892891933
5938,0.103467180486472,0.445980901960829,0.0399789578143603
5939,0.109195130127724,0.438115488858246,0.0398458826840111
5940,0.0647981195879944,0.43059178215761,0.0453296495340129
5941,0.0748776366500655,0.432364643027047,0.0441168358753281
5942,0.121527582745059,0.433611627449469,0.0386054397110223
5943,0.0919131938879903,0.460389101602168,0.0224964976906826
5944,0.0903254462660422,0.446528114583509,0.0335216641728088
5945,0.0835859386184018,0.422217682999481,0.0368125351732997
5946,0.106729933014715,0.425519873336897,0.0206157795878089
5947,0.106299748769939,0.436754629897223,0.0267515284210053
5948,0.105484030685298,0.427169005209283,0.026743996801058
5949,0.113314903891602,0.443362835622668,0.0302153114679718
5950,0.0952732899055178,0.426550759494925,0.0318051242541967
5951,0.103274728138222,0.49449155615148,0.0260416296312206
5952,0.109303888270336,0.498380480293413,0.0322975508167122
5953,0.106464205968499,0.423453819100634,0.041401582751586
5954,0.0920359538713749,0.442357777852236,0.0440663555575476
5955,0.0887389058083977,0.502263909520362,0.0222377613885399
5956,0.135398602978903,0.443238918972129,0.0544499805283315
5957,0.135398602978903,0.443163706282599,0.0405920145379441
5958,0.135398602978903,0.444757328616443,0.0267741404803731
5959,0.0721445283330544,0.439549005178679,0.0468950068060427
5960,0.082917156296843,0.423074195418006,0.0277161995689692
5961,0.0963460429706185,0.426647737232335,0.0319798816049145
5962,0.0780000671523637,0.430618892976627,0.0337781004484136
5963,0.125206889408641,0.430559377867599,0.0181020922058846
5964,0.125206889408641,0.440665410985091,0.0342116331668463
5965,0.100132446699956,0.432179630711497,0.0366988348717158
5966,0.0903695934203358,0.449925140928754,0.0389353209760223
5967,0.0849061965481413,0.430433971965165,0.0388775464863187
5968,0.0975903945240383,0.428182123804049,0.0428862150086401
5969,0.113032116966843,0.428412429201331,0.0327736782398566
5970,0.101911919672058,0.446015655160558,0.0425339534519437
5971,0.076064115810093,0.437669635566527,0.0310211838998008
5972,0.100519289041858,0.433339161076139,0.0512323134404292
5973,0.091423703368201,0.447408773336139,0.0356103059613154
5974,0.0750950622960141,0.439912874100437,0.0348665848751691
5975,0.0977179633400386,0.443948772004279,0.0297004248348186
5976,0.101614198701064,0.446046182567211,0.0279350895913351
5977,0.108587287295304,0.428368379646457,0.0283699651489729
5978,0.0937369312885194,0.435970385856961,0.033269541548663
5979,0.0875935768875709,0.440139072091995,0.0368129453108843
5980,0.10038503206101,0.430056525496204,0.0447982776218996
5981,0.072348219736358,0.436552068437475,0.0407367201120458
5982,0.0780610995005569,0.455818622614011,0.0213599847659982
5983,0.0968339234271416,0.443518745656536,0.028927053536501
5984,0.095583781478934,0.431020500322834,0.0401463351771281
5985,0.0971070359240988,0.43117441609386,0.0303537602521573
5986,0.0905549788353304,0.443644161953157,0.0336404490723563
5987,0.113210966020118,0.422808619464972,0.0309488641950828
5988,0.0771104081129902,0.456369128579165,0.0340774995419992
5989,0.0910681497681698,0.442643782224795,0.0371473114827379
5990,0.0904656330988789,0.45060547022912,0.0296553663656992
5991,0.0961042465133449,0.444385240668683,0.0273114367251629
5992,0.11252923232697,0.426561575391882,0.0370371351523075
5993,0.101017620804272,0.45313935608102,0.0395127270419719
5994,0.09099585224195,0.435760188075395,0.0464549948355102
5995,0.118492590625505,0.429108163332526,0.0266127075143444
5996,0.101612207699444,0.458799904155037,0.0332550389022792
5997,0.0872392829636719,0.42288995541126,0.0436319116283562
5998,0.0972625095405247,0.44897224556328,0.0435967418744574
5999,0.114701437819994,0.426410307309031,0.0371934777924149
6000,0.103920220997139,0.428661347419792,0.0362601845029303
6001,0.0867573496604452,0.412229343241544,0.0389163960294815
6002,0.0992245469362669,0.423914352610821,0.0274168666394851
6003,0.0954230838960025,0.440013464457646,0.0292235966871095
6004,0.102333806942443,0.457168719904793,0.0475688399482679
6005,0.101547046738052,0.428396385030303,0.0268346899962494
6006,0.0972084757647644,0.465759213355259,0.0233765958853033
6007,0.108011256064517,0.442713194052723,0.037861078649247
6008,0.104847730290921,0.438376604141345,0.0386384534571875
6009,0.0931257281689739,0.359497139045099,0.0430537410606004
6010,0.095052311250116,0.267751795114187,0.0484563476742031
6011,0.105005953803626,0.420525706581568,0.0403930205801357
6012,0.0715287604312255,0.440234999071165,0.0603038927401605
6013,0.0688200365468956,0.434745453000286,0.0405084656992631
6014,0.0734852515752543,0.440825891317253,0.0372476049741613
6015,0.0931970434479331,0.311904868814217,0.0498125424590648
6016,0.107847302172186,0.323638537021311,0.0530549762479191
6017,0.102491770945746,0.424329302590877,0.0293633174331535
6018,0.0907450478813034,0.438120081888114,0.0386417475666212
6019,0.0984018104576984,0.425634259859289,0.0429280627155765
6020,0.0922383884744556,0.406110576467076,0.0372054076015248
6021,0.0970182247399752,0.422625418811941,0.0294122692180485
6022,0.0735704808841153,0.436639262777236,0.0372033446919208
6023,0.0981595930197826,0.440718031428671,0.0412442287553786
6024,0.0858727660078199,0.432499450714052,0.0263923175035169
6025,0.100234170420155,0.435674793009072,0.0206962261494629
6026,0.0865534649125344,0.456371708262951,0.0601329297157177
6027,0.113369277471449,0.420019905661445,0.0354774483088507
6028,0.126429042473077,0.423981257924081,0.0259358686538883
6029,0.100708323336317,0.42884384635592,0.0484289884935589
6030,0.0941052049984052,0.442511346470711,0.0377365928320459
6031,0.0870567973683706,0.437800796343115,0.0388181115265593
6032,0.111633968276498,0.422297416471011,0.0374673242356583
6033,0.104058554799592,0.440449577634044,0.0361968573246962
6034,0.0886025418150166,0.455791144501065,0.0262203745722882
6035,0.112050654507806,0.452297389380421,0.0280552215575552
6036,0.0830838139491063,0.479499219085905,0.0507542612641827
6037,0.110352888825893,0.490768592126211,0.0325604588324969
6038,0.0885723731383942,0.438208885790591,0.0332748779764228
6039,0.0851712791361098,0.422542019561061,0.0359882039310704
6040,0.0832407754950786,0.433296550789036,0.0314226929575453
6041,0.0976188012265947,0.424166209847721,0.0327154927549834
6042,0.0754176048379669,0.439307687589401,0.0378081648436329
6043,0.120493930157352,0.404205319287975,0.0680282548773856
6044,0.100418377132611,0.44601678602417,0.0290256327731166
6045,0.096072946378703,0.438617291615136,0.0405654849836733
6046,0.105737316788282,0.455001703018127,0.0266067532660964
6047,0.0938069603183786,0.460179145799791,0.0369429163446541
6048,0.0883428924858144,0.42214892031657,0.0568293824804925
6049,0.0921022479533261,0.422995419415748,0.0255989038272078
6050,0.092877678738595,0.434795848186512,0.0252198428580071
6051,0.0923570729384223,0.439947705594548,0.0463543507492246
6052,0.0871950894778669,0.446478117098453,0.0460340283503494
6053,0.0994532019959244,0.426179752906403,0.0626824306725733
6054,0.109761959128107,0.425590475075639,0.0320144419349164
6055,0.0872500026380465,0.426824117343938,0.0291639450052077
6056,0.0973419644931584,0.433728925605377,0.0357525898960892
6057,0.0944111294643145,0.382083953694204,0.02952600866185
6058,0.0920329962644789,0.268850854358733,0.0568297513248683
6059,0.10233683770184,0.304912124615875,0.0394119393399412
6060,0.134443187975467,0.336764378090117,0.040893537496667
6061,0.0924900692798831,0.266205219180706,0.0636853911045571
6062,0.111437106833093,0.349215283341442,0.0504450520162378
6063,0.111437106833093,0.439511494692391,0.0390503619853357
6064,0.111242007886649,0.429225954338775,0.0277959964108291
6065,0.0836564182727202,0.44251623347455,0.0301012547889654
6066,0.0794047850847355,0.427275854218444,0.0304970918202979
6067,0.0888420147888388,0.428896533079686,0.0443542484233252
6068,0.104554365548366,0.443731818642643,0.0266255011880794
6069,0.0555732020902552,0.428762961959015,0.0326844786875822
6070,0.0555732020902552,0.431725635996427,0.0278408401299636
6071,0.0900737228785209,0.455470509548672,0.042267872040064
6072,0.0913736572256684,0.436284266500065,0.0330798200138144
6073,0.0994075843017113,0.440676578586426,0.0283898636499849
6074,0.0896264599692459,0.443842856133522,0.040550242052306
6075,0.0898971678579782,0.444847877788306,0.0374558221052923
6076,0.0940659004831976,0.439876031167401,0.036751386219609
6077,0.102271950783265,0.44571466829897,0.0353458203386571
6078,0.112043323179387,0.439461724858288,0.0254947675078388
6079,0.0988637461360382,0.431493588767939,0.027816520259077
6080,0.0850866415673648,0.432279376276173,0.0383584158751956
6081,0.0756240581204632,0.426257193585762,0.0372338271675215
6082,0.0812333746733086,0.452151819031538,0.0371131828090162
6083,0.0931126593241823,0.451899798148013,0.0244974627553305
6084,0.0610410049929623,0.443137806052838,0.0527780933188801
6085,0.0804172456488764,0.428539360774888,0.0382034623312612
6086,0.104772539101172,0.434163609004123,0.0339848494399794
6087,0.0996453011833268,0.445192616598656,0.0464726409254929
6088,0.0862056838363534,0.43034300298584,0.0400995738857586
6089,0.086234068932637,0.431599153638512,0.0311193684172906
6090,0.104828986024957,0.425355136053473,0.0324239659492215
6091,0.090605096307874,0.4538604073691,0.0325468634316921
6092,0.08388266194842,0.440014599392061,0.0296804840895972
6093,0.0894505451477352,0.427474335077612,0.0440194191500017
6094,0.0880633474900649,0.429932658249737,0.0325253738898043
6095,0.106529233577334,0.435455636224495,0.0311344319872665
6096,0.0859835773891812,0.442678613520006,0.0446216635307537
6097,0.0847832390399082,0.453778839659654,0.0396714022929916
6098,0.0957476323844077,0.423626096077821,0.0397861172928752
6099,0.0968028055070866,0.423471462244574,0.0326279441490517
6100,0.112217450169859,0.427462923407015,0.0278134056206883
6101,0.0808563492103079,0.483976790568555,0.0332087875972229
6102,0.100629387764043,0.367783813573208,0.0420891187226597
6103,0.089591407230061,0.41927324416341,0.0537753554798522
6104,0.111331561608952,0.435260639622797,0.0299313391298863
6105,0.0923925680534214,0.441036976482497,0.038819215498717
6106,0.0933309310956497,0.434147930089963,0.0195394791240984
6107,0.0811926487494665,0.424926204195589,0.0427397927880388
6108,0.0900640245677082,0.434581943891491,0.0440374281722337
6109,0.104414264967151,0.422614189045579,0.0246402487838945
6110,0.0846590548383745,0.439377312753211,0.0339630707535526
6111,0.101667200346547,0.422420610402008,0.0346172657196476
6112,0.0988912061307014,0.347738594834468,0.0492087816141194
6113,0.0868006382060204,0.323853381498107,0.0479458420343167
6114,0.0694638233383382,0.254533961524429,0.0447123033578054
6115,0.104258739534916,0.321423647660599,0.0574016290526536
6116,0.0800579911017283,0.310439598109139,0.0371715467935722
6117,0.0967610314788889,0.308429455446233,0.0489576467702352
6118,0.103062055745369,0.327192061578194,0.0439120490921442
6119,0.0858243740506657,0.414111110876159,0.0467269211909122
6120,0.0968794661729185,0.433062121152723,0.036304033838011
6121,0.0876588953019064,0.435738523784994,0.0301000076800201
6122,0.0822344495366028,0.439733104755555,0.0300918956434385
6123,0.100191410242024,0.439155820564953,0.0205520040343048
6124,0.0756779036855335,0.474836622488172,0.0419220070274289
6125,0.0828628974124219,0.435051977577431,0.0388904176107818
6126,0.0795599682674155,0.427977815173918,0.0369446664032838
6127,0.089540027462407,0.431759822048449,0.0338180368689614
6128,0.0862866527517521,0.439437385777795,0.0474759268561004
6129,0.0995290908514708,0.386428569900905,0.0308713664485514
6130,0.0987335049463117,0.428293210147469,0.0392349404768529
6131,0.10249473880779,0.443949332799119,0.0273935962402538
6132,0.10960530796671,0.437835168834455,0.0327942033333008
6133,0.0832002682549005,0.441712339576006,0.039162330564097
6134,0.108423205887339,0.483744567841454,0.0303133036846717
6135,0.0955929869405116,0.431501350713213,0.0394163164835663
6136,0.0943146534725593,0.42432999432884,0.0314383329294434
6137,0.0941754075837544,0.429511781352653,0.0491235331816621
6138,0.0889395386994392,0.437751709608468,0.0324786195408638
6139,0.092373673477009,0.429257124325727,0.0319366651413996
6140,0.0825114703550566,0.428037775862553,0.0456947610910772
6141,0.0990801859605847,0.435360626220792,0.0440215508716957
6142,0.0832520783993863,0.444388533387892,0.028009044548785
6143,0.0884746210299674,0.416314785700774,0.038255468044309
6144,0.101734207027641,0.334172409931373,0.0503642889743458
6145,0.0902732036615974,0.279174017315799,0.0516887650563654
6146,0.113920726147763,0.287787250190324,0.0374438417185683
6147,0.0998186403146408,0.420972518077731,0.0537011152737312
6148,0.0927807641737206,0.540387105120009,0.0375919555072079
6149,0.102184248646885,0.598028415023638,0.0261349871012546
6150,0.0963502593299042,0.633579164599765,0.0222558506449512
6151,0.0786577246506602,0.700569697644441,0.0204774864116638
6152,0.090974084020691,0.692757935334628,0.0239935679621351
6153,0.107295741995139,0.702490404400225,0.0272488553960988
6154,0.0715012365367802,0.675751084320226,0.0169754406313435
6155,0.0941589720501505,0.713167991858272,0.0296505325026191
6156,0.121141961335963,0.564080031517643,0.0374122785630494
6157,0.0878615147913085,0.568382056709067,0.0271847169733058
6158,0.0857319843658994,0.68326675372426,0.0169696513967331
6159,0.0925357039653918,0.622721325810167,0.024136005868946
6160,0.0941227005626653,0.672349774601799,0.0201490436339149
6161,0.0716997949301193,0.716165687199315,0.0187034785642369
6162,0.095878907490124,0.630941654654025,0.0388417018669462
6163,0.0750381028926781,0.679195106532298,0.0217739958963103
6164,0.0890768499424556,0.589358621211726,0.0242861463294905
6165,0.0798872052669156,0.62172682995159,0.0230526390978551
6166,0.0995531966916009,0.639197450231078,0.0250858436715336
6167,0.106597622746576,0.688043307990682,0.0233899626155114
6168,0.0893770754367284,0.595754496451109,0.0252052666243191
6169,0.112861667764526,0.68302800893755,0.0278585127172371
6170,0.10864860284325,0.607825944615946,0.018601005649979
6171,0.0849316124841357,0.654274390754999,0.0198758850702576
6172,0.0927455624950006,0.668231351513989,0.0291343738163632
6173,0.0910146038277085,0.627807375171127,0.015644065912521
6174,0.0951145185261963,0.584641679889826,0.0247175154012849
6175,0.104361668304165,0.701309516765089,0.0272612842311763
6176,0.0799342326537356,0.71539918219718,0.0241720264573507
6177,0.0831985685882254,0.666526470509526,0.0186043740590117
6178,0.098636376488311,0.592506802818623,0.0213225477862841
6179,0.0772831799837043,0.618682805944218,0.0404719911970234
6180,0.112573363830626,0.687148896741727,0.0315717572273359
6181,0.100631253168691,0.700997756847534,0.0235007010663509
6182,0.0983499736095603,0.702857842716511,0.0269255426902145
6183,0.0720599817656922,0.63372378848887,0.0148095305699855
6184,0.0923194471498532,0.713381019505418,0.0268743212498614
6185,0.0926754397690294,0.710744256907674,0.0167090398007321
6186,0.0920746744628588,0.71685679148272,0.0202456217261531
6187,0.0891884132985601,0.693484584424715,0.026850437241393
6188,0.0947357332576252,0.64262953784553,0.0199696531736828
6189,0.101048840739802,0.690640460499641,0.0288543050597063
6190,0.102059608803169,0.602610063536476,0.0168509771687999
6191,0.096908495391113,0.629244687141531,0.0244880057796761
6192,0.0932303118515924,0.559286293626813,0.0238686852995229
6193,0.0935676438051947,0.601596629062959,0.0341227682350169
6194,0.0900797377611078,0.61453229196936,0.0283661309690409
6195,0.0848596659315578,0.654483370200007,0.0208574958119445
6196,0.110190704999114,0.698426741572402,0.0296304502472938
6197,0.0990132050384606,0.69051539332301,0.0145245501322296
6198,0.082506878865079,0.64236820135126,0.0275184441653957
6199,0.083290446321601,0.68943472469228,0.018986178050414
6200,0.0799149444400747,0.698201630433098,0.0272095263215025
6201,0.0846078166695367,0.612597980621508,0.0261874981934263
6202,0.0774096937294465,0.692666556019843,0.021317143814426
6203,0.102126350992135,0.662353506419177,0.0240284918182073
6204,0.0952663627287387,0.65395014885269,0.0263736945908625
6205,0.0924289971459872,0.586907227988862,0.0231958121630452
6206,0.0951059571399042,0.710773846714762,0.0223346056479742
6207,0.0847140530210167,0.692492652813352,0.0189757648121995
6208,0.0980471883972903,0.683516558031146,0.0195316621514787
6209,0.083239175572506,0.658112302337048,0.0262058820664725
6210,0.100792866754123,0.624067610115048,0.0287701357491345
6211,0.103210618838272,0.565014200711094,0.0316909892647064
6212,0.0969671962171726,0.581314520679728,0.0289119392584279
6213,0.0898303792861334,0.716999282391054,0.0148964085352591
6214,0.102309149697791,0.704855540129612,0.0224856898638022
6215,0.0969359738940256,0.69093844709882,0.0211111320637567
6216,0.0958541536996043,0.606497526762463,0.0186519153110773
6217,0.077113282958439,0.65099600270625,0.0291507204944926
6218,0.09877578044128,0.583347196785378,0.0200388969608703
6219,0.0961498001519673,0.664192552741476,0.0284886751933264
6220,0.0800769251289179,0.706296198018539,0.0175484166584654
6221,0.10084731690271,0.708431350880747,0.0190225064560001
6222,0.0933514908753368,0.6242187185824,0.0169566655382612
6223,0.0923036735423575,0.601353100118789,0.0244614982207079
6224,0.081633285592881,0.562922172275879,0.0257487931151114
6225,0.0796633768348787,0.684919395217465,0.01730809501449
6226,0.118635218907929,0.703890485933254,0.0232935475565657
6227,0.0959390925406076,0.673191840641503,0.0143089219784176
6228,0.0921556153692086,0.675906012465313,0.0206169709459068
6229,0.0882844405686679,0.598824005750164,0.0294739869205952
6230,0.096555703314357,0.660433412179638,0.0275823264558484
6231,0.0985402770240929,0.659186347946902,0.0318054936601755
6232,0.105033653989547,0.70647368626292,0.0161564679388229
6233,0.074175701786868,0.576792518002565,0.0196267416691457
6234,0.0870967895875481,0.711117887173022,0.0201855821829181
6235,0.0954385695078112,0.697839251878159,0.0196702599007739
6236,0.0936983502102612,0.690044888203424,0.0223359517317222
6237,0.0617245635346231,0.689976747454364,0.0298050146591709
6238,0.0623976194792632,0.708515214739532,0.0266926819039996
6239,0.103388939138723,0.650929589296491,0.0176012912238531
6240,0.0926158377619498,0.695336162891658,0.020799676929893
6241,0.0800973129454938,0.567951075402101,0.0352971478179249
6242,0.0981820174009301,0.707532322577757,0.0176255275488873
6243,0.098359673480367,0.617994987460195,0.0219684009836223
6244,0.0952304389718135,0.628753977906262,0.0246896634942978
6245,0.0975612426457704,0.648314938242183,0.0332093062307604
6246,0.0954665248020032,0.681575394889311,0.0175996864285356
6247,0.0718820121374768,0.579459881632146,0.0232939660009786
6248,0.0873056731017701,0.67215310064319,0.0187006707251409
6249,0.0794836735312148,0.680916801725963,0.0216765083586432
6250,0.0946065140635482,0.574618063893483,0.0224263103613728
6251,0.0909679809951734,0.583832904399113,0.0230368922747761
6252,0.0972574059490919,0.694707938187602,0.0178412747894461
6253,0.0946953936995626,0.695282523897966,0.0404489065751617
6254,0.0873751918210049,0.671151576522299,0.0313916004840159
6255,0.0771273225041904,0.584083124035508,0.0326035341493161
6256,0.0845264119949446,0.669287686270455,0.0221171812949621
6257,0.0817429777726117,0.684234159625102,0.0253577951664431
6258,0.112823511154695,0.597742721898858,0.0165786287195764
6259,0.0975822698853549,0.652173139121013,0.0277697635451827
6260,0.0887627831369575,0.717302861193244,0.0185404796862039
6261,0.0783927999938457,0.630866512272217,0.030231837282279
6262,0.0899958018276634,0.618771426466891,0.0219201515019699
6263,0.124343779718356,0.617156158233939,0.0248659537874302
6264,0.093061832280001,0.582569707236922,0.0218548860278151
6265,0.0745800158381278,0.445625748974408,0.0528639091283846
6266,0.0971180660388421,0.434240576883359,0.0446143735993605
6267,0.0566597436999269,0.420268146551448,0.0437509365474724
6268,0.0815993087014054,0.302177007927489,0.0331025009534144
6269,0.0899491987786791,0.332375795942322,0.0493728939863649
6270,0.101099128551574,0.356668023451788,0.0516385143553838
6271,0.112316781936814,0.435767933387448,0.0441465801750547
6272,0.0963396734127836,0.438888311181625,0.0440382385350328
6273,0.101944380335479,0.435578127329881,0.028885266426552
6274,0.121012219772678,0.431562319821093,0.0331049765747517
6275,0.0858205092768609,0.336225253905994,0.056447675859605
6276,0.105757893592606,0.452704521585542,0.0262685440286587
6277,0.0867574776463807,0.445389594480658,0.0479956161622679
6278,0.0876060370873289,0.445143826992155,0.0379099538719311
6279,0.0750392703691968,0.47342827531933,0.0345917091874626
6280,0.0940325753847616,0.436973348297459,0.038923563207662
6281,0.0933666432976898,0.440652085265411,0.0412594955690777
6282,0.104650177609027,0.428607091170354,0.0235553024070488
6283,0.0774015696282069,0.425063019901107,0.0283042286253222
6284,0.0975118969109531,0.456075333123514,0.0228876370408876
6285,0.0825122243090496,0.435225087519073,0.0363857824184156
6286,0.11069780653334,0.438675992957244,0.0475079470549361
6287,0.100344396427148,0.435102973056223,0.0513474905375619
6288,0.103415599894426,0.456437524848068,0.0404896515503657
6289,0.111146601455703,0.440585081935692,0.0371710105438983
6290,0.10573673697752,0.445983570179286,0.0284378420770339
6291,0.0923911528198257,0.439527318489821,0.0375893014734588
6292,0.12191263444872,0.429492503843703,0.0256031845667102
6293,0.12191263444872,0.440130065099858,0.0512814702638037
6294,0.125534458008427,0.438778143409197,0.0248453950150942
6295,0.10387246139257,0.456645020394544,0.0337581472151756
6296,0.0914658721296533,0.444676989983515,0.0412000667050756
6297,0.107861384724308,0.424307981188276,0.0454999052813127
6298,0.0786735265468836,0.428487912347148,0.0389450826727828
6299,0.0797065806530882,0.454966620465232,0.0305577736052866
6300,0.0833632110937551,0.445913293594729,0.031694196882982
6301,0.100285560277178,0.451869651414906,0.0262616791041603
6302,0.10286115225474,0.43258399825534,0.0311658068967892
6303,0.118203354417259,0.429193446757617,0.0226204035701583
6304,0.0927238219286701,0.432325683000623,0.0299154098217366
6305,0.10898126414514,0.427946539590603,0.0468546842043428
6306,0.0890444388319609,0.424933266748704,0.0549977062737288
6307,0.0944733663357526,0.443003463850381,0.054512275171102
6308,0.0948382711475898,0.419126658784935,0.0452199599546343
6309,0.0998512803519807,0.425092135316394,0.0466120518853811
6310,0.0936024516607222,0.436751712921142,0.0406594101969878
6311,0.0888963963118488,0.433402293450173,0.0259488856874693
6312,0.100939127989818,0.443057650515532,0.0417666083762525
6313,0.089073213578747,0.426179644989756,0.0688802512097471
6314,0.132558778209885,0.414822623211789,0.066792396927033
6315,0.100004254865479,0.42528909268612,0.0414503635785174
6316,0.0783325914685072,0.407835333534955,0.0386104093472751
6317,0.09866369083462,0.431952395706796,0.0362223811629852
6318,0.0690125782180478,0.431170931870803,0.0455179750283274
6319,0.0999873410081233,0.437962809319943,0.0419097879841795
6320,0.103751951956417,0.430705553548829,0.0459589726394505
6321,0.105545437536146,0.340400263917752,0.0539840654468668
6322,0.128106460549756,0.427521618934354,0.035725294465212
6323,0.12403920083614,0.424943133351652,0.0280981922241085
6324,0.104307057613309,0.43998030916434,0.02577271954882
6325,0.0964759893356628,0.436519784197082,0.0259685826402983
6326,0.109291875168056,0.43696313916315,0.0390099689113529
6327,0.0894022279484834,0.446803686904079,0.0229478154245455
6328,0.0949107134090339,0.444250825842193,0.0258781845433689
6329,0.0666168552567288,0.425532161329931,0.0408614000011023
6330,0.0842516483355884,0.457644227222315,0.0298247263431067
6331,0.0956205425093793,0.431299682154711,0.0500589376540779
6332,0.0639012700487246,0.426928096835673,0.0644684266397741
6333,0.0922667315543785,0.423208109207124,0.0220547908662808
6334,0.0989452999797757,0.429985392040939,0.0300656607477004
6335,0.088300050513633,0.441822830637655,0.0283596284340452
6336,0.0934418238955677,0.44365279395224,0.0304644257052264
6337,0.102232567429297,0.426970564388838,0.048194166100813
6338,0.104760122559332,0.389708042082744,0.0393860043425903
6339,0.101772711092868,0.435458050507219,0.0238879575159439
6340,0.0873918174465838,0.439949682978005,0.0284085931207415
6341,0.103827902364665,0.427082665811254,0.0578585551767114
6342,0.111850426108889,0.435978748379467,0.0342539369148413
6343,0.114384080798573,0.459643299175648,0.0231747582651298
6344,0.0874362970513298,0.432007949478152,0.0368609014802432
6345,0.0830295833599317,0.452856901421439,0.0297054265699597
6346,0.101739156813367,0.428227739837385,0.0373001751165523
6347,0.102810757192538,0.448751490975999,0.0331951685073336
6348,0.085456489133325,0.437392756628966,0.0348803456022176
6349,0.0853608773587103,0.425052146994862,0.0444893556917041
6350,0.0877040764183997,0.459037745529624,0.0329261644746165
6351,0.103761241128004,0.445079662725757,0.0290474087387551
6352,0.0800799085708013,0.426088100892749,0.0479694826794253
6353,0.0804194802588218,0.442615506790043,0.0337507466591717
6354,0.0860715396155967,0.431091856861848,0.038261953599251
6355,0.0885642771417311,0.458864588239796,0.0281953297866147
6356,0.10586333773569,0.447146605228388,0.0243260518164492
6357,0.105409715598408,0.443078537533992,0.019407817681982
6358,0.0900540043561022,0.450887052101168,0.0286225317441333
6359,0.0974759086479423,0.426116992304986,0.0272076487041208
6360,0.0772167587937035,0.43410248871528,0.0489191789852089
6361,0.089930843833768,0.443844429778863,0.0279713751014153
6362,0.11077263015262,0.449781638213515,0.0204836451027464
6363,0.0816674974158307,0.423084404991581,0.0344302393186572
6364,0.0848391736359644,0.430964135473698,0.0698472446478363
6365,0.100984886220241,0.441405580059217,0.0258710042704345
6366,0.111608360749848,0.431193436662043,0.0351070231915568
6367,0.0817303140491255,0.440968945566971,0.0288487723752829
6368,0.0761804461765,0.440505165600175,0.0594582172303115
6369,0.101014922619118,0.430345474652293,0.0358594542115508
6370,0.0949813305460324,0.434970957102994,0.0321748866057687
6371,0.0938185848644359,0.444997600968875,0.031168648252591
6372,0.0746651114699792,0.430294674387201,0.0360730237442066
6373,0.0931570626377597,0.447356125824588,0.0268492703003387
6374,0.106468256853349,0.447876574985945,0.0349497874513666
6375,0.0747061169063927,0.451924618757922,0.0367112029896703
6376,0.130954060808447,0.446980934016263,0.033741099960583
6377,0.0973441367758797,0.433369692873575,0.0296202126838899
6378,0.0888894952639116,0.43829175882052,0.0384002781548455
6379,0.0792207273865457,0.422223075607945,0.0314216099551869
6380,0.094574814023564,0.427397926945813,0.0308408069093767
6381,0.0864357462209058,0.443877765132346,0.0337757961085757
6382,0.0887694501053971,0.432758495920746,0.0407333697507301
6383,0.0916707314710826,0.430637221539193,0.0329956917497415
6384,0.0894018059944412,0.441424008320362,0.0398977426588329
6385,0.097852970913781,0.435778293747135,0.0401337793647661
6386,0.0931484319592152,0.444324564849725,0.0351802654840886
6387,0.0890769915954326,0.441109878375146,0.038999038679228
6388,0.0787259316206388,0.440763618069137,0.0500439290700215
6389,0.106710774742343,0.42760878219682,0.0523817788300957
6390,0.108924076453856,0.44252965318631,0.033416684525775
6391,0.0929148198408907,0.432012717913697,0.0283185438648875
6392,0.125171002729868,0.442738685141501,0.0463965230113645
6393,0.114365365431925,0.434474443225726,0.0388372679859072
6394,0.102784491390226,0.27253433656974,0.0510801667127805
6395,0.0987036541185334,0.238786566652289,0.0355339071597798
6396,0.0504048041785201,0.247955282233181,0.0748999986960594
6397,0.0504048041785201,0.269275913909291,0.0655252944613491
6398,0.0810381559029177,0.329025405159788,0.0663336680707848
6399,0.11335268865828,0.27260598988606,0.0387782988120555
6400,0.100783596871318,0.302843854389516,0.0322414654332273
6401,0.0711238911731009,0.272931358458785,0.0562984040486986
6402,0.113824014585999,0.380918108556306,0.0378458616437274
6403,0.0866779322256262,0.423646746324484,0.0328799880226491
6404,0.117353097398406,0.441353510994388,0.0354434538380758
6405,0.0854625587930092,0.425235070742649,0.0312696341070396
6406,0.114803591668347,0.445131094371561,0.0390349615443611
6407,0.113092601234528,0.424381018749928,0.0399710779109705
6408,0.0807775782045716,0.496646538537396,0.0282752640732811
6409,0.0946631774642688,0.44312286700878,0.0353717114058375
6410,0.0842728759330531,0.490105741646255,0.0372961898600507
6411,0.0882834976112384,0.444116940036799,0.0450290154758502
6412,0.091720020036646,0.457833910943555,0.0284277795574307
6413,0.102250075744276,0.428378357733941,0.0394371061217447
6414,0.102892086184306,0.380590916987776,0.0413240792559047
6415,0.0992540763243156,0.426870014539733,0.0335918521512446
6416,0.0838379090948738,0.353854151889375,0.0465304255898618
6417,0.108451239680443,0.425959646905267,0.0421498070918855
6418,0.0912485419094436,0.437797828410208,0.0253377121070727
6419,0.114151697551345,0.443065722624486,0.0297282056606305
6420,0.105644121201284,0.433407628654743,0.0304019588498565
6421,0.0796296319647141,0.433738425299909,0.0278798575721189
6422,0.085287957744112,0.439393487295031,0.0380524335848712
6423,0.0966280741605654,0.422562092677227,0.0439673912227704
6424,0.071912797662252,0.427958960737868,0.0386602830150172
6425,0.110236025404523,0.441164429376065,0.0521089830830421
6426,0.112249686259615,0.445452114842582,0.0241957570639926
6427,0.0987051578189125,0.422692048523337,0.0403690974030034
6428,0.0996705086855827,0.441990749803572,0.0300259021545063
6429,0.100375381988694,0.439484703498653,0.0370238876150383
6430,0.0673359581680982,0.444394754688539,0.0393740044042031
6431,0.0799995136620561,0.451344346341825,0.0396296221385081
6432,0.100697916134225,0.436840065506013,0.0365154816021308
6433,0.0918191711808233,0.439941061181633,0.0372146314622817
6434,0.101198542613552,0.440546462464866,0.041953114172172
6435,0.0944935349145979,0.423504233085669,0.0339535138286087
6436,0.0739377056877362,0.433826784671554,0.0377334473939553
6437,0.0962324894723943,0.396228809628134,0.0392861840649027
6438,0.109764966148774,0.44511361099494,0.0367849425980041
6439,0.0895264469522031,0.430382847243648,0.0344923757492795
6440,0.0916660033633322,0.464956174322156,0.0355248904940424
6441,0.0919415787303285,0.42231188935385,0.0234191778508623
6442,0.104351086019913,0.455384868585017,0.0222001917555032
6443,0.0928323938771993,0.451167588800848,0.0299769972540226
6444,0.0937021653487418,0.4322424059552,0.0593130448774657
6445,0.0883972029453587,0.432772913710965,0.0529158678413369
6446,0.0972391835179732,0.445792003204631,0.0268404747900654
6447,0.0912667682458497,0.428838895189803,0.0463956201054867
6448,0.0863033412242718,0.426074129235893,0.0384637246313768
6449,0.0758863594951099,0.446452209836025,0.0344143494900482
6450,0.081268553730279,0.422937859452832,0.0411811802802238
6451,0.110797297432502,0.444873733730689,0.0371631904014209
6452,0.091379550779036,0.426899350422886,0.0390242094891248
6453,0.0783657927627882,0.4483496479254,0.030224063447051
6454,0.106088020153197,0.423042513214197,0.0249351648282992
6455,0.0964177627430803,0.432949418104137,0.034161766935389
6456,0.0968340234648949,0.482945647754533,0.0272544000652703
6457,0.102519426923174,0.495371213106867,0.0373324576843244
6458,0.111311121620227,0.43117129284917,0.0293015977163938
6459,0.0940277750222507,0.439624755769965,0.0361320368154725
6460,0.108259835024284,0.430887559114654,0.0459358674967617
6461,0.090620602616024,0.446774836300458,0.0265298478193503
6462,0.078864911604681,0.428949284830222,0.0315012970812598
6463,0.0922588700305309,0.496436496069753,0.0337413477238781
6464,0.0868097555463396,0.429993465400392,0.0466851243502426
6465,0.116289065969404,0.455232197910388,0.0393673298872667
6466,0.0948101580762142,0.445524879593416,0.029479741216006
6467,0.0939605517565887,0.432029461120321,0.0324786524725917
6468,0.0929889632720501,0.441464044770053,0.0259459003859492
6469,0.0842363210001164,0.433837654891041,0.0266389234493622
6470,0.113055367277683,0.432337105533496,0.0478987596696122
6471,0.0908579900194184,0.440589375381108,0.0398874646051538
6472,0.112483415099873,0.441415163951784,0.0463190132425216
6473,0.0852719660089988,0.436910873056175,0.0547235891096608
6474,0.124105784644934,0.42215458668264,0.0453864099139097
6475,0.0723419134697076,0.450957536489001,0.024946465779291
6476,0.110221056434825,0.448672904774658,0.0370331002307226
6477,0.0809633397078724,0.427211408580162,0.0373976213173646
6478,0.0980027767545979,0.446505844483574,0.0288886462678551
6479,0.0881909845298409,0.460412979702981,0.031741352158103
6480,0.103506200127269,0.435543533983514,0.0254482556194782
6481,0.107878039750621,0.435285123796942,0.0285825114805131
6482,0.0989751795546933,0.420538004831896,0.0448348698319459
6483,0.0832017703280278,0.432590023169987,0.0373826959511512
6484,0.0921984618799726,0.422292160899731,0.0317823353918687
6485,0.0687558288739852,0.446505114226568,0.059422327641796
6486,0.0911891368294654,0.427013296755257,0.045197005231406
6487,0.0927887817711358,0.435931754776868,0.0325588476032687
6488,0.0782893801105044,0.426931367351778,0.0506707347531035
6489,0.0861482912944595,0.456922939649276,0.0258121818187176
6490,0.0951774186718109,0.401698191665541,0.0557455314315496
6491,0.0963541952523152,0.426603075725685,0.0315550750791269
6492,0.0996779667435679,0.442420338780139,0.0280648851327836
6493,0.0683062297499684,0.451438409524563,0.0251301215475366
6494,0.0885009493495325,0.447296416694212,0.0378299524100054
6495,0.0913058177557042,0.441299962134544,0.038393174347095
6496,0.104787483552512,0.429518200471884,0.0344208072918521
6497,0.0877598179846487,0.433438147329018,0.0441437378760587
6498,0.112828375519135,0.425433428552963,0.034188360346416
6499,0.0632965223555502,0.445595699651151,0.0383123724169778
6500,0.0632965223555502,0.425805080442439,0.0260363110712573
6501,0.117601100648745,0.442202648255283,0.0291899804612115
6502,0.103036128962393,0.423412765679967,0.025374877219916
6503,0.0943943831741597,0.429568004364613,0.0389978349238948
6504,0.108954580387979,0.448787558354981,0.031150519747496
6505,0.0969012792991264,0.442658712081976,0.029082317754447
6506,0.104317153249843,0.44442867034158,0.0313073344648123
6507,0.0964757085350765,0.447138368613877,0.0352643454539136
6508,0.116082187413648,0.459821147712067,0.0347973282017093
6509,0.0860025332521108,0.437425020720801,0.0321838205799465
6510,0.109652173830039,0.439438754859431,0.0486803826875307
6511,0.0929647504778058,0.424196638981998,0.0465330374693938
6512,0.112307485929677,0.427357624923684,0.0311125469957509
6513,0.0931151782706536,0.435101237595024,0.0284912131757461
6514,0.102266971981719,0.433388688015887,0.0331737786684609
6515,0.0947885537762672,0.423429137413799,0.0363145943359069
6516,0.109559086176282,0.426217112547151,0.0249006298294917
6517,0.101533425371253,0.452955511899086,0.0274743896652359
6518,0.0888415528435216,0.429644709098281,0.0310778348110387
6519,0.0885602257916395,0.445841201421543,0.0409306186935747
6520,0.11272298951695,0.434827917810229,0.0254302009216933
6521,0.0876013232596788,0.445550932659062,0.0277102668897597
6522,0.0998248295783003,0.446603953869988,0.0269948271460019
6523,0.102129290904246,0.439516817445395,0.0450472341746655
6524,0.101739743800581,0.423948931312148,0.0340437296487439
6525,0.10699555797914,0.429088948270794,0.0294771983115863
6526,0.089684049675292,0.431301484491958,0.0329136919528925
6527,0.095019169173718,0.426261611985817,0.0467528878812221
6528,0.0890296164975568,0.427120742644048,0.047431192898536
6529,0.0912827756648689,0.4473184412376,0.0338581920687712
6530,0.0742889692581734,0.433787900644963,0.045980473056211
6531,0.0979822437237247,0.427660999340917,0.0494645984048794
6532,0.0675502280814479,0.440850930854092,0.0292035915678176
6533,0.111069236231868,0.455350892098226,0.0448435512216396
6534,0.0864184539595442,0.426934435220555,0.0379443825659298
6535,0.115964737840495,0.442779854333678,0.0290051127378863
6536,0.0922021757710147,0.432290197142426,0.0472408175671632
6537,0.0879434164391045,0.43021535235673,0.0237560812354097
6538,0.090532090662626,0.447455764479289,0.0347244220261131
6539,0.0981515776737431,0.458345170459179,0.0284126902437354
6540,0.100448721300375,0.434993239324135,0.0360173785821479
6541,0.101423146857351,0.4337035433593,0.0304348085462579
6542,0.072083390841597,0.369975394309283,0.0603468239712445
6543,0.112077277210366,0.347337289113724,0.0487386546283535
6544,0.0940771406660316,0.426523566375932,0.0617204911863335
6545,0.101295235430452,0.433622990274419,0.0408764609628155
6546,0.117155138066373,0.437292957593821,0.0243148728757373
6547,0.105255098683838,0.401481615916153,0.028726898593736
6548,0.100033374331452,0.441791755720673,0.0313285065561265
6549,0.0984849587971926,0.433113984384298,0.0270795720458138
6550,0.0837498222115999,0.429430429056048,0.0456711315226389
6551,0.0966707190693715,0.443320439353296,0.0338107126903034
6552,0.105297728074541,0.430955197751107,0.0359028915995108
6553,0.0924282233657078,0.434425716433352,0.0476530821816755
6554,0.097854456711555,0.440258329234961,0.0359129700613967
6555,0.0866644286086266,0.422057054880719,0.0316148818691722
6556,0.0816510037532678,0.425118657125475,0.0270410477624166
6557,0.106727000655674,0.427815310833645,0.0427945987728096
6558,0.0556445917651558,0.43916725625016,0.0485245210503996
6559,0.0556445917651558,0.444518753613042,0.0331041612930119
6560,0.0643252979364503,0.42247878645081,0.0416259595814457
6561,0.0955724687272224,0.427224308153612,0.044992994627953
6562,0.0942461104029015,0.447404763265141,0.047989372017362
6563,0.103357655224906,0.427692800177126,0.0282475624277211
6564,0.0870781066981488,0.426188196032302,0.042727963196141
6565,0.109748525179883,0.429324434507815,0.0365227530570901
6566,0.101220771005489,0.446965467268645,0.0323767511386419
6567,0.0974257246916622,0.424021931140136,0.0367702213063845
6568,0.0967282827380896,0.439231857038413,0.0370441331036918
6569,0.113085220263214,0.330520637439635,0.0484990070592321
6570,0.0948119973451165,0.316764107024775,0.0472376667725296
6571,0.116983493138134,0.363030472670963,0.0432230391798587
6572,0.0998789165153673,0.263348664809267,0.05813642896331
6573,0.0960694630720077,0.279121410809416,0.039327720407086
6574,0.0988449779278372,0.37159663552336,0.0386367392961397
6575,0.0864377027464821,0.424101242986798,0.0261624283696098
6576,0.0958963866272997,0.433824740968444,0.0247244919365824
6577,0.076254804588255,0.432279174722143,0.034186182038356
6578,0.0831901762450397,0.445375821123032,0.0340228966741937
6579,0.0902628253810388,0.433078542071925,0.0422102820601144
6580,0.0814065949330933,0.432787174942696,0.0410538219828322
6581,0.0810659781863709,0.448700870438555,0.0392885823545731
6582,0.107477981580751,0.443601750347053,0.0307254765041492
6583,0.0927376371935666,0.428831805437717,0.0376898214096647
6584,0.107676504427053,0.42291488670867,0.0284821520805819
6585,0.116236090786253,0.473764113460777,0.0265398596677175
6586,0.10195378930918,0.439569478330548,0.0304010074332299
6587,0.0834564433810214,0.442615927545224,0.031237138386866
6588,0.0913433622626235,0.427732651853411,0.0377679751053785
6589,0.106251336974319,0.442634446202651,0.0290916389820178
6590,0.0982783522250101,0.443530936555593,0.0259931361185205
6591,0.102428990811715,0.442827780873265,0.0365145918614879
6592,0.121486042078584,0.425941316806419,0.0590545690230984
6593,0.0924527460808517,0.423112510068894,0.0491048185239691
6594,0.0965742422953397,0.446140123902712,0.0338441014124998
6595,0.101129545175558,0.439869177520189,0.0395978694350094
6596,0.0942927898418351,0.433942800337028,0.0481866529874301
6597,0.0833086188812426,0.442372839678625,0.0230899949114442
6598,0.0823362776620317,0.427888632294033,0.0486202779230968
6599,0.0898668995251944,0.439470485702113,0.0393844790829676
6600,0.101817203933233,0.426757071650525,0.0542161794271935
6601,0.0947768709414154,0.435313156611853,0.0465848039877687
6602,0.101620703160781,0.450599401477276,0.0363449319110662
6603,0.100886367483681,0.44500515642122,0.0526451873834532
6604,0.0927108247483898,0.424600245425141,0.0411305687165809
6605,0.0960920917670319,0.425477413819788,0.0478317541010225
6606,0.0968924243211925,0.424311260349025,0.0381907475416507
6607,0.103200275667115,0.454481944678582,0.043520963578518
6608,0.0973338577821634,0.428136151845483,0.0294219779027558
6609,0.0837924859723637,0.42451400512683,0.0320102961504103
6610,0.104036638788893,0.442508041208866,0.0290770750351166
6611,0.106673332852694,0.446134987202611,0.0369626218716025
6612,0.116378188455232,0.432138739960187,0.0303727729779501
6613,0.0899249763794539,0.424192698183435,0.0324849292154665
6614,0.0812225388984099,0.432245735480445,0.0447092846772308
6615,0.0621974891251587,0.441871359229221,0.0383283516048603
6616,0.109512970202808,0.427898958566259,0.0303074737933505
6617,0.082537766885687,0.446899744606693,0.0225313222860275
6618,0.0880749964905102,0.445962663326188,0.0473840565153539
6619,0.0957150234726792,0.422546658968076,0.0312224834737333
6620,0.106305527415895,0.42798055704667,0.0305422279959635
6621,0.0975981757899911,0.44665361536108,0.0411879199845257
6622,0.107466378280547,0.428952650616522,0.0435726293519159
6623,0.0868858270148601,0.435549230917879,0.0388485244084568
6624,0.0733576686623837,0.438109808641527,0.0497059861642757
6625,0.0797773151022991,0.424358571417796,0.0413786425857648
6626,0.0545561032735881,0.451590569363368,0.0507261016914359
6627,0.0693867246584264,0.442221522237297,0.0539278109960596
6628,0.0905727136159245,0.432378666628746,0.0295929094677297
6629,0.101485157198083,0.469518494936685,0.0228413054644909
6630,0.109465409028222,0.437383353710545,0.0234810784233967
6631,0.0846212058323421,0.440795210810963,0.0462419963832196
6632,0.0982126095817589,0.439539232693952,0.0306359765265978
6633,0.0985301028572315,0.451089110730036,0.0524979922065234
6634,0.0796262220386521,0.424510842014363,0.0316639164056626
6635,0.112890602976644,0.436978262930445,0.0368413520927998
6636,0.098844919958691,0.445132301902405,0.0342061167950926
6637,0.111748325096039,0.427395023369204,0.031538567431935
6638,0.101409029296089,0.443341991989219,0.0283010543202745
6639,0.102354090517461,0.411917026602166,0.0447984122514199
6640,0.0801684937802726,0.386932744672251,0.0346300703434346
6641,0.0877005952505654,0.422598149218779,0.0329188697286572
6642,0.102512607918547,0.457687911131161,0.0338708788063243
6643,0.0987757593283431,0.444695526152955,0.0281720010368351
6644,0.0959303433181066,0.435645303966716,0.0299223595453641
6645,0.100491345862047,0.425468025410951,0.0469739675013405
6646,0.0852073887812137,0.437014050383833,0.0279784839614905
6647,0.10118339776337,0.426273722797573,0.0266848968558842
6648,0.0919269735185509,0.431411377985218,0.0351875367539553
6649,0.0779666978267503,0.459912459861622,0.040908962052314
6650,0.0947263541705979,0.431860412074125,0.0582845532688116
6651,0.0821222157941759,0.437588359945833,0.0336789127026672
6652,0.0950386196238605,0.434459434440276,0.0494764634287272
6653,0.113834390657846,0.437696736357188,0.0330112049048551
6654,0.10278795447099,0.443013214724491,0.0402901751095439
6655,0.102020462782799,0.420525237705805,0.0437568540729541
6656,0.107870895735179,0.439041911381153,0.0362983293809951
6657,0.07175435503307,0.426886590655977,0.0299509256640383
6658,0.0866858631194263,0.457907966159563,0.0263392061310773
6659,0.0948296508423985,0.450738723575079,0.032363746860216
6660,0.0990800491336314,0.422239065340096,0.0534521878563683
6661,0.0996521973241155,0.415232927751657,0.038491616324125
6662,0.105975444777424,0.435606708048866,0.0283737172479388
6663,0.0953043748187735,0.460240497318961,0.0215729192754477
6664,0.0870352805569123,0.433026802903127,0.0290839811176827
6665,0.1006153251056,0.447056028822376,0.0319326282120737
6666,0.0809744666846027,0.43266541738707,0.031317362640567
6667,0.11474023244208,0.434750830614546,0.0277577757676269
6668,0.0936226559606147,0.497826327757919,0.0214706282849263
6669,0.104871548290969,0.252874578497605,0.0503223212581875
6670,0.0919537057931307,0.31417274911133,0.0342678426505543
6671,0.108056826394325,0.291323686527208,0.0544879948631296
6672,0.103941436790326,0.301439162138329,0.0475664519498196
6673,0.112017736231909,0.417581719497339,0.0548652117618172
6674,0.0801422157198795,0.436471613487039,0.04541578972165
6675,0.112500623181708,0.43867235262436,0.0378021103195757
6676,0.107798592431036,0.422082364286502,0.0388025341876209
6677,0.104313102777406,0.451221207472918,0.0273005491320227
6678,0.0990897128213023,0.423276090337551,0.0534595230315882
6679,0.100734711417131,0.435194871755712,0.0283046599677122
6680,0.0991676005160113,0.427339874567288,0.034519332562761
6681,0.0959663286236945,0.444437115896568,0.0412291566859291
6682,0.103836575063239,0.434034450696737,0.0323947887213224
6683,0.0936910936304486,0.443362428636911,0.0384837474461893
6684,0.0953226278126637,0.440646429136843,0.0383727372804899
6685,0.0843411602890134,0.451367039599946,0.058031497102529
6686,0.0771141882001584,0.434336252118843,0.0310465162709535
6687,0.0977996235133276,0.435103769799548,0.0341915086346476
6688,0.0994786812078458,0.437995747355079,0.033770307183189
6689,0.101057219580909,0.433921006803846,0.034672565584702
6690,0.104176073968491,0.439230654104375,0.0354485644420795
6691,0.0896703832433619,0.422596380767481,0.0329714328662548
6692,0.0942295651299804,0.423074037525825,0.0490001193307919
6693,0.0922619473000921,0.425528515360807,0.0315038187220615
6694,0.10736812277779,0.454614368939941,0.0514095822877551
6695,0.125712451858725,0.423442056680785,0.0316321978818922
6696,0.101924775658431,0.437935357101637,0.0386235865617131
6697,0.0955865310301964,0.433450290753262,0.0446286126450204
6698,0.086008821156948,0.42538320971731,0.039406426335927
6699,0.113244921167079,0.422668549376697,0.0264083487759774
6700,0.0940467270110999,0.436705404029151,0.0278716696296976
6701,0.0963903383429463,0.424300283797969,0.0722120511268002
6702,0.0868850982456967,0.427651020957672,0.042102692793035
6703,0.0866140541199131,0.428196841880662,0.0367003388715768
6704,0.0883880207468802,0.439631868576829,0.0482721371878033
6705,0.0832116065170337,0.430091718045405,0.0466398784985236
6706,0.0936638892146298,0.442051672640746,0.0449037042794702
6707,0.111335054522024,0.428619643869686,0.0412786884685057
6708,0.0964807049271023,0.435373223572956,0.0234145907826255
6709,0.0944641800956213,0.434653508664294,0.027462367137564
6710,0.0940257675062466,0.423896575559875,0.0307676998798957
6711,0.0961947665886742,0.444427064147554,0.0277255889568385
6712,0.0876456845769885,0.453980555956991,0.0364690955091939
6713,0.0973008551879189,0.506278078785168,0.0381060524538846
6714,0.100008672293841,0.407537520909705,0.019975124113617
6715,0.091263728974383,0.441125189502904,0.0338182825994974
6716,0.0797199402067127,0.437258326886986,0.0356628328318595
6717,0.096602068048331,0.445001552947062,0.0336611443047646
6718,0.0912001714111612,0.451271699929663,0.0292856633871338
6719,0.0967226509078883,0.436209315123523,0.0391870013658929
6720,0.0931995525482485,0.446709298163671,0.0383437779191775
6721,0.0889167562524349,0.426734071611955,0.0376552962583856
6722,0.113786989785159,0.433207992549335,0.0297404166069193
6723,0.0779636483328232,0.423144690670166,0.0316838266421789
6724,0.103375693578541,0.423641475807526,0.0451032503598762
6725,0.0858810765546933,0.425800815893014,0.0268147713401452
6726,0.110494534861209,0.426336861143092,0.0332202946100897
6727,0.0996340982519922,0.44298455346309,0.0232336984311113
6728,0.0948951153455622,0.425397067142908,0.0315240897892388
6729,0.103484590346438,0.324703977792269,0.0411837982085075
6730,0.0887334475332997,0.428593885457975,0.0347033482027036
6731,0.0987270696701968,0.42634277664235,0.0270978791737291
6732,0.0819007123305922,0.433116753917008,0.0489071079766975
6733,0.110122422956624,0.442380779592462,0.0319313706972468
6734,0.0953521234331528,0.446690954419394,0.028079700276853
6735,0.0952939412954229,0.463746633050143,0.0267122890255725
6736,0.0881479694346331,0.447236152753754,0.024876696436434
6737,0.0922076373483067,0.453886956359336,0.0480189872476323
6738,0.112122931069721,0.440778167466204,0.0290057534840662
6739,0.0984992945401029,0.435985595168341,0.032470838659408
6740,0.0887845129910221,0.427919714323772,0.0311481679608104
6741,0.0803418749314954,0.425334693585495,0.0449401839834863
6742,0.114914577553841,0.457412244889397,0.0579796317557153
6743,0.0979568348509861,0.425479941487382,0.0414622995279832
6744,0.114003248572514,0.358563922742988,0.0459122004887116
6745,0.105641256088643,0.446459607869599,0.0298708785037467
6746,0.0866103901569125,0.447134011275889,0.0281128682832186
6747,0.0813245631660385,0.423158429516791,0.0409016100417863
6748,0.0925361135579849,0.441694955697419,0.0357161729657307
6749,0.0978940663267493,0.428576468168148,0.0238897604109482
6750,0.0777963682478976,0.433409970822245,0.0384248782779109
6751,0.0984144817604229,0.441269159183411,0.0380382638245397
6752,0.0894340766752507,0.441341808999338,0.0398621497988305
6753,0.0981986052404243,0.44720241908335,0.0389041635202607
6754,0.102213998321456,0.429840999993028,0.030638870983602
6755,0.076252742880936,0.428944514461722,0.039274629742061
6756,0.076252742880936,0.427569935561052,0.0399031345360748
6757,0.0860339556185252,0.437388203230844,0.0434480914765713
6758,0.100666365117138,0.434917555406284,0.0358675595271249
6759,0.0896002141727093,0.398341239196338,0.0522342274157024
6760,0.0860864879329868,0.436240879854101,0.0214981169488817
6761,0.0916753906791257,0.427457084944278,0.0436902422725709
6762,0.108521002427997,0.431546322934656,0.0420063641660341
6763,0.0929926461060022,0.425193038292432,0.0336224919687899
6764,0.0933883710975746,0.424694573978903,0.0259496689597971
6765,0.111928351272363,0.326804383453881,0.0619713942577095
6766,0.0946492549878683,0.301141753748545,0.05663420821147
6767,0.102886504046571,0.442368746583325,0.0225891862290354
6768,0.0977112931571506,0.461357692153713,0.0216744418099795
6769,0.101186180431008,0.429795884119735,0.0302404830385865
6770,0.0900810282440634,0.433449481501881,0.0349760255742983
6771,0.0895766676167539,0.446548542457091,0.0246959803473814
6772,0.0922753721044189,0.432207846252351,0.0341596714302484
6773,0.0793246282921401,0.433600666374285,0.0477490256850902
6774,0.131422463540494,0.432395795638531,0.0292090817911465
6775,0.131422463540494,0.429355115027249,0.0432334631679771
6776,0.097047538514669,0.42336985939165,0.0341867925856484
6777,0.0872503698094374,0.444468552839738,0.0391240767808212
6778,0.102684073531839,0.436803445974328,0.0558179464611645
6779,0.100890860371043,0.4469109912484,0.0296724196246777
6780,0.109293815487309,0.454829806071239,0.0349532966945418
6781,0.0986348093956967,0.429644359975607,0.0283444541769517
6782,0.101230320757692,0.424545552405966,0.0298564841002506
6783,0.100962023125405,0.438014240521703,0.0397821351307459
6784,0.0977624132562971,0.442059534981605,0.0251336656756651
6785,0.101574309022591,0.436955006518675,0.0305278889195382
6786,0.0939578510420965,0.396270910644873,0.0408168952694696
6787,0.0904989961667286,0.435118721920577,0.0284523447592141
6788,0.0793306370691653,0.452554763846865,0.040462174824116
6789,0.101496125763364,0.424443794804016,0.0350797898938719
6790,0.0992021714981348,0.446138747166194,0.0229579319608905
6791,0.0912749369930403,0.442055303963323,0.0350510158855556
6792,0.0983379502059728,0.439775646539793,0.0413963281511308
6793,0.0887000933086317,0.445551910816174,0.0309040258941689
6794,0.104132823273352,0.439431101944074,0.0249643497744876
6795,0.0941803699199722,0.439005131818494,0.0340883317225301
6796,0.102104718210782,0.423875852667906,0.0355115204371931
6797,0.098430104248211,0.460644280268723,0.0237820560580231
6798,0.0993875273838344,0.425249550021142,0.0391682316107882
6799,0.103357475850576,0.43251232524393,0.04725782888495
6800,0.0966639627767021,0.407154516750991,0.0291598712923133
6801,0.0974208453694408,0.432488530630878,0.0366053100903823
6802,0.120362312699835,0.436316255089702,0.0323850649454025
6803,0.0752578357894417,0.442387066388239,0.0485614380548946
6804,0.0728904523757413,0.445298615833827,0.0224979280282117
6805,0.0866522138714419,0.442595540048699,0.0277728688275559
6806,0.10306347801655,0.447968034473258,0.0309391914770705
6807,0.100202872594719,0.422286704367035,0.032834890647975
6808,0.0908810247062815,0.435319292924622,0.0314458831061097
6809,0.0944923420456793,0.434289099571832,0.0466838728484789
6810,0.0808636702180277,0.440372225089878,0.0317473388074304
6811,0.0930184516515747,0.486706567587369,0.0223956871186193
6812,0.0887673113246433,0.454293896846958,0.0457528970949695
6813,0.113108768813629,0.43097182743755,0.0310705963870739
6814,0.0931023774692873,0.433697545473978,0.0360478353220586
6815,0.0969053728627197,0.441987091426478,0.0249582972645379
6816,0.11029734541857,0.432818891461937,0.0442642968494724
6817,0.0531813257820421,0.445504157653513,0.0454822381471898
6818,0.080039282678347,0.424129068284847,0.0206152500486697
6819,0.0834816132332851,0.447280931634882,0.0393388742610527
6820,0.0860401427619744,0.431737758871946,0.0337523244820351
6821,0.0704674452099215,0.30107546911959,0.0428939890086803
6822,0.105222695142792,0.436562100120641,0.0312532655270383
6823,0.109813634626608,0.440995327399123,0.0494764995911464
6824,0.0979215013262013,0.430934581895634,0.0325807435483295
6825,0.120182317318894,0.429473012598569,0.0372740257919866
6826,0.0931432965832717,0.433254531202526,0.0411231639299721
6827,0.0909107376241994,0.43060150102179,0.0446403408773265
6828,0.0639153349149423,0.424193350723053,0.0207210605505936
6829,0.0656241460542625,0.427635153837544,0.0494156573489074
6830,0.108585320756403,0.400068569140005,0.0391932781528203
6831,0.0946153493558042,0.43050046290498,0.0310132870510755
6832,0.117657465176181,0.430848145813659,0.0379137517095721
6833,0.107126271130566,0.440901938996232,0.0364348237311192
6834,0.0927135672492287,0.438484383971582,0.038837584719932
6835,0.0919412912133309,0.424693027348174,0.0349992832224514
6836,0.107536538801222,0.446688093863642,0.0386969800747152
6837,0.107251517651754,0.423722459454416,0.0402329681153306
6838,0.0839689875437805,0.430347959124243,0.036575304593519
6839,0.0888005768338229,0.461186552268371,0.0328280100510424
6840,0.0730253031281301,0.438818092809516,0.0439270731397443
6841,0.0839649110202349,0.44590279159818,0.0384780382676872
6842,0.102873340343449,0.444859825544339,0.0273765508691681
6843,0.0919021585964312,0.426695544946944,0.0307611477287767
6844,0.0883568451579854,0.428314883829702,0.030276761821381
6845,0.0943085610506287,0.430086257662308,0.0252715443323473
6846,0.110245302945439,0.44040309823523,0.0434418214819534
6847,0.100802499298624,0.440166479882898,0.0376233717468323
6848,0.0980055401505242,0.376340200613464,0.0402046881435048
6849,0.0902052223712821,0.448254303866024,0.0536921628730925
6850,0.0908912410257389,0.383872926746995,0.0399355079204951
6851,0.0819893454217103,0.23384346141635,0.0567057614201523
6852,0.0866854660484223,0.232855192291384,0.0501249667283536
6853,0.0831101223667364,0.381080514908013,0.0499843781659814
6854,0.105994466611477,0.302717281912476,0.0395317222272104
6855,0.0961987168783479,0.298786412835838,0.0379768280555865
6856,0.0992561159918763,0.383870324140913,0.0504311931813138
6857,0.096557907786895,0.44145527430119,0.050771167073176
6858,0.0920506646293832,0.443278228387208,0.0251940406956615
6859,0.0904492424458361,0.427558699926015,0.0374951784491471
6860,0.0962087643968314,0.44093662084518,0.0387555242574344
6861,0.0991964421288107,0.425624523932488,0.0307374266837543
6862,0.102822841677419,0.426611056245831,0.032283477123996
6863,0.0868551543931677,0.447301143858008,0.0269605036263718
6864,0.0879942046413757,0.434555849439473,0.0300331261673769
6865,0.0827129250897085,0.431900893290438,0.0223954499159674
6866,0.0748305391115287,0.429056863439447,0.0449188769300509
6867,0.0771777911068402,0.433309498371583,0.0435357014508699
6868,0.0909670179099161,0.441977563664821,0.0464510734009856
6869,0.105696430461359,0.416229730984193,0.0334888579669581
6870,0.0927345795205157,0.355003138354316,0.050556473000394
6871,0.0802054164992001,0.223679309508618,0.0599413816641883
6872,0.0881984360115093,0.246614881259789,0.0413927940578749
6873,0.101567858223094,0.346042723042272,0.0362318436300486
6874,0.10268241306863,0.229740182779386,0.0401062454258413
6875,0.0735472805084964,0.280082196437503,0.0594561137771104
6876,0.111151414178631,0.3916215487402,0.0358319195308926
6877,0.0963480900429488,0.299573672830568,0.0276280163113345
6878,0.0962718914656927,0.268186270930908,0.0570366029627614
6879,0.108539712122634,0.312690359803833,0.0471313869529352
6880,0.101574695103384,0.363215956796602,0.0400387228001929
6881,0.0932030677232515,0.460345653122623,0.0363858496850232
6882,0.0849918037208879,0.459529857455258,0.0368260909884536
6883,0.107799946900896,0.422947636289801,0.0452218500418863
6884,0.0937895912709471,0.42753885110772,0.033673838982885
6885,0.0941625623686522,0.423425028679912,0.0310847300784528
6886,0.0849848769688549,0.427462181511177,0.040706899582121
6887,0.0817853570616561,0.434744581708376,0.0236706387446282
6888,0.101409111250252,0.438190263515736,0.0235085952869767
6889,0.0901240525755831,0.423406991532814,0.0459448712306023
6890,0.077875284277084,0.441602328005872,0.0387165453149767
6891,0.0963401981307401,0.43089795617066,0.0383398445869401
6892,0.09190059530236,0.459882129418344,0.0250320470445428
6893,0.0915671583274154,0.426958241861768,0.0332338483969354
6894,0.0694697761441316,0.427099603718361,0.0403272755754117
6895,0.0900793474972238,0.436169067206274,0.0311923031331923
6896,0.111944344171056,0.427703989922598,0.0284051450897623
6897,0.11670688764302,0.426560222818386,0.0437691425145623
6898,0.0747817969775557,0.427536915249544,0.0543429377667806
6899,0.0949578732849578,0.433557675377828,0.0472792188112956
6900,0.0857107930341515,0.435358065123995,0.0385891611768853
6901,0.0902114552660229,0.448807902348689,0.0418023220703262
6902,0.0875400455152418,0.400146094404993,0.032563126657887
6903,0.0850745514874826,0.443584989108257,0.0278695376774154
6904,0.0841891059458824,0.427333086984895,0.0511313555732243
6905,0.0621084772051352,0.422812823556868,0.0285497920926624
6906,0.0621084772051352,0.435916511882271,0.043733385467407
6907,0.0864895410820654,0.422392576164587,0.0383154516134572
6908,0.0948033205163207,0.428592031894088,0.0421525589011846
6909,0.0916116007846869,0.442680318031427,0.0283412620783801
6910,0.0936023990224238,0.433507985512588,0.0365511929512814
6911,0.0859627805385431,0.426119467593743,0.0426828500889253
6912,0.0636564312165648,0.46056015470051,0.0344618612978236
6913,0.0990215773569681,0.446042358797396,0.0401287501169835
6914,0.0932552535402,0.427814681614215,0.043761085437243
6915,0.105513788484956,0.431394510366649,0.0218136085057794
6916,0.100907111510507,0.4269702416019,0.0251487072246833
6917,0.0643463326367248,0.447139634962111,0.0404938603081617
6918,0.0961128476140662,0.433996822412575,0.025074707083971
6919,0.0924302197987869,0.389063059361468,0.030510231938147
6920,0.0962187725973033,0.352970122068235,0.028477925302527
6921,0.0937800228842546,0.430596779977204,0.035336389483833
6922,0.0916027917792591,0.424945511240168,0.0307855855255018
6923,0.0965465393154956,0.4449483141149,0.0255837905189646
6924,0.108003196342167,0.435847101185639,0.0455092955483291
6925,0.0931667507028925,0.418797883542507,0.0275064458603199
6926,0.111726735211791,0.435092797970081,0.040676603261677
6927,0.0971646149867651,0.445029107061011,0.0223002242210009
6928,0.108014716059463,0.438915869164857,0.0415187087005219
6929,0.0719419939934269,0.424151453482158,0.0442188666632086
6930,0.0996761760377236,0.446413312763566,0.031087893098093
6931,0.112288162697613,0.445719110677741,0.0276859386774848
6932,0.0979086751377564,0.436008278693688,0.0394509882223712
6933,0.0915020924392401,0.437726324989814,0.048009507153184
6934,0.113337693413575,0.428300407436207,0.0244856341439934
6935,0.0955797492427908,0.432058593762605,0.0232940224958231
6936,0.0995685352987097,0.451811933107152,0.0268943955564125
6937,0.0879256805762524,0.43666601213915,0.0349303786912998
6938,0.0906557966980595,0.431936871059941,0.0459562471029692
6939,0.105626369026135,0.430904060508292,0.0353006464049023
6940,0.10553247631348,0.443395791444457,0.022650563876665
6941,0.097751411624659,0.442107955131323,0.0306712676669478
6942,0.0849641225718456,0.424707629688005,0.0377552160935266
6943,0.110785017517427,0.430857382146735,0.0365592119161422
6944,0.0931020407470954,0.433313391231857,0.024943712590151
6945,0.11018715221251,0.428407527469222,0.0365450394493536
6946,0.093585768099196,0.440671942612756,0.0276430498462218
6947,0.0985855810178686,0.454001319200301,0.0331279337452157
6948,0.101415236882955,0.429030383851104,0.0349610005568384
6949,0.0970603847797318,0.447596291780519,0.0379903647987778
6950,0.0997481985545926,0.442108979958784,0.0435269637938147
6951,0.103998529781612,0.460507570116672,0.0244542143388453
6952,0.0837453037467595,0.44721421566432,0.0262606049034826
6953,0.108141206096538,0.423274224958347,0.0668472312602719
6954,0.101976823358799,0.423202393254165,0.0329737995065963
6955,0.0965782134376338,0.425753908175125,0.0343502747870827
6956,0.0854670929554903,0.441538538468528,0.0281123684461779
6957,0.113806977931932,0.440277597904194,0.0636102589357225
6958,0.0867296133973747,0.432688511692656,0.0401333803793862
6959,0.0872584023531312,0.452818098080581,0.0413385520740394
6960,0.0899198117277024,0.449591764897863,0.0191529917727436
6961,0.109318005924878,0.434067406630581,0.0359563162656118
6962,0.10288811420609,0.447491268839631,0.0368753019497256
6963,0.105620261495025,0.422389786507236,0.0483049393287849
6964,0.0885571274348132,0.452385311246054,0.0283132118740623
6965,0.100044397619585,0.444330344153577,0.0486562380589828
6966,0.110464834383342,0.448511527350871,0.0267678888374345
6967,0.108068362728313,0.424974811260903,0.0285668524693978
6968,0.0984288733815489,0.454838998139769,0.0323988917879938
6969,0.0958448809777448,0.33352040208098,0.0653650366364237
6970,0.093155335155028,0.403606615137331,0.0258994103437789
6971,0.111270725308533,0.32622034604996,0.051757955412606
6972,0.083036999425841,0.423178971775805,0.0442509465873844
6973,0.103094317157031,0.426704837074222,0.0322820389807842
6974,0.115836454066349,0.437522791985948,0.0270220226014527
6975,0.101475604531226,0.454122890746842,0.035671143525939
6976,0.103008833533446,0.44660824310572,0.0447698785016758
6977,0.0869938706616181,0.422998293192562,0.0420423305465257
6978,0.0944829361439339,0.435512965167784,0.0379204676065024
6979,0.0922567330524209,0.446705525273922,0.0543824944771304
6980,0.0910538357356454,0.437959407290698,0.0276755019417759
6981,0.12985120998749,0.423772383738667,0.0351195294247618
6982,0.115101552354859,0.43941929793963,0.0390128788233874
6983,0.0797132443968709,0.425733204703413,0.0556501726473982
6984,0.0661680798856238,0.424950048188511,0.0330992330903918
6985,0.0933138568672953,0.446856822525915,0.0496510056875397
6986,0.11494635685965,0.428936018919928,0.0681913662042696
6987,0.0850306569542816,0.43532125470406,0.0330386925795611
6988,0.0880845816358873,0.424558098842107,0.0331821305892084
6989,0.0970050079092223,0.430354508068137,0.04846764250036
6990,0.0954259612397175,0.440030229251859,0.0292204906367963
6991,0.100994810729189,0.437237273829436,0.0348359013820724
6992,0.083243687857194,0.427615557830954,0.0398733754147458
6993,0.0944494872323849,0.434185559884787,0.0344969620066566
6994,0.0970018291315385,0.400956284510184,0.0388131610691486
6995,0.0976221734463969,0.443381548576788,0.0348648481002035
6996,0.0943696536478207,0.429014866270825,0.0340406783269011
6997,0.0870796470870306,0.429054160668998,0.0234322930031103
6998,0.113400073515957,0.437271532181482,0.0414922846296361
6999,0.10992616297096,0.444310696475414,0.0316153063052468
7000,0.0992265724112957,0.484490611488523,0.0359192651275636
7001,0.0493866072648791,0.447401319910456,0.0515003844175163
7002,0.0493866072648791,0.439853304614147,0.0652555578656283
7003,0.0493866072648791,0.453606250279603,0.0478902458735743
7004,0.0915782809774943,0.436453598800653,0.0443016606122016
7005,0.119836400449221,0.423681023615943,0.0466079771140688
7006,0.102643931614843,0.422549985791848,0.0285183972459271
7007,0.104439989381589,0.460363040009215,0.0280418526546766
7008,0.0815202726704372,0.406372452167656,0.035973344420371
7009,0.0940452491804184,0.264419373812777,0.0439928501131932
7010,0.117452626781411,0.234374964258108,0.0378853957748467
7011,0.0925705245984413,0.278967363109068,0.0798162494159074
7012,0.0926555798152962,0.334768934199558,0.0552893825724898
7013,0.0738673042162737,0.264897026369853,0.0432618642056384
7014,0.103155899246935,0.302916362546923,0.0569183539824056
7015,0.0984667620553471,0.235979042381497,0.0324445353874907
7016,0.100667495198867,0.241634539921622,0.0346441992120771
7017,0.0889244635060528,0.338043296409525,0.0502350182264237
7018,0.108712464788197,0.400871780940928,0.0339900363081068
7019,0.0892122626063232,0.436090080419065,0.0264651181847937
7020,0.108117476798051,0.422781505776647,0.0375962178680694
7021,0.0966707673788583,0.430130999571073,0.0291196655905154
7022,0.101571864235629,0.426282454958921,0.0391346667944611
7023,0.10593263964312,0.429103164406506,0.0331800240135919
7024,0.0979519410956189,0.431049764331572,0.040925086632211
7025,0.0994901185952881,0.441663514076264,0.0319597243512564
7026,0.108890130485341,0.444818043243154,0.0396507789214801
7027,0.0970606363184437,0.423895145412015,0.0618956782853142
7028,0.103334375580661,0.426140160163037,0.0283958329570531
7029,0.103228078231167,0.338184571941069,0.0329121848040204
7030,0.106938288515242,0.409567230569927,0.0356218490309309
7031,0.0815328404718925,0.433601875432501,0.0446957602881846
7032,0.118741705751373,0.437557927903624,0.0387393597444588
7033,0.118741705751373,0.456400642370214,0.0320253815801961
7034,0.107020978782697,0.423861418058264,0.0443851648405865
7035,0.112413691466448,0.437720515793208,0.0333099405400165
7036,0.100813399524981,0.355685656292168,0.0369828430868699
7037,0.0962256977428192,0.438718501466163,0.0422120229216439
7038,0.0560167126195803,0.429662718152632,0.0388222620753125
7039,0.0966982831037403,0.423292390110178,0.0293251735044316
7040,0.0935183461821968,0.445646575066093,0.0291631275686989
7041,0.103448957291748,0.444033773247279,0.0345600992484176
7042,0.0969215003715298,0.443561362365102,0.0345105885915356
7043,0.10235871328462,0.427023405095182,0.0274625634646852
7044,0.100005360884744,0.42866283693486,0.0373796518241753
7045,0.106638165886691,0.424243292735544,0.0264998200062954
7046,0.0947115647470009,0.437892867723933,0.0305737418940632
7047,0.0849044662144845,0.436661130327757,0.0356965998788867
7048,0.0823442490411314,0.442424815650267,0.0290730434162178
7049,0.0885471782278275,0.424291311951783,0.027169872764317
7050,0.0866686329146606,0.426578165371886,0.0416141431240087
7051,0.103313855345504,0.432357248242835,0.0254802203753475
7052,0.109939641903783,0.429233542198364,0.0349501482027769
7053,0.090848525643135,0.427562964407122,0.0344546484213943
7054,0.0993999026914139,0.423878360000012,0.0452874356683057
7055,0.0883810087216865,0.424803927145004,0.0253591827239253
7056,0.0957325512932242,0.425324951421067,0.0394595112306681
7057,0.0797678812157743,0.440729552728683,0.0405206756794114
7058,0.0999152104450033,0.444441483380466,0.0292655651571514
7059,0.0841832196958978,0.446719556069005,0.0376430016666857
7060,0.109071637665591,0.446102167381747,0.0316656346464786
7061,0.0932676805462871,0.36193105313214,0.0401447257288451
7062,0.0889856075658404,0.419634307961819,0.0506477930494104
7063,0.0896892546848887,0.428317727375342,0.0321223144263812
7064,0.0823624065413498,0.445451651485167,0.0398273646480644
7065,0.0905040480850452,0.427061695421711,0.0352227597494165
7066,0.0963489161917814,0.445207772944767,0.0374898465138456
7067,0.120778626529601,0.431145265303949,0.0309047274874702
7068,0.0938384983830463,0.42472429279228,0.0435843731294163
7069,0.0815886755639067,0.429806520149938,0.0424420084011494
7070,0.111341679030251,0.436924953515215,0.0278259396335981
7071,0.0755071941268525,0.424829459372837,0.0357476970418722
7072,0.0843259449116349,0.437907216183787,0.0512048450317072
7073,0.124057978968612,0.423401565012405,0.0388563241035444
7074,0.0949399655391029,0.447401719002511,0.0213067220438998
7075,0.100096072441653,0.453345815557537,0.0411943634370476
7076,0.100704900289224,0.43965832749807,0.0305142089079201
7077,0.0906935179640259,0.43966194671651,0.0270857267760032
7078,0.0934592106103634,0.440261433333078,0.0359423509130496
7079,0.0940503969264048,0.436252350197664,0.0509242960193436
7080,0.0948322059243677,0.429110083922096,0.0407273637739456
7081,0.100035976002249,0.430539537613186,0.0239437261247577
7082,0.110909248101887,0.458452796993129,0.0363584488185493
7083,0.0736280301044608,0.446010500901784,0.0463146551316792
7084,0.0881016620286517,0.436062094318248,0.0339227887785552
7085,0.103159448986683,0.422067179202916,0.038272809461889
7086,0.0901609430512662,0.433414083269582,0.0228792114035488
7087,0.0941520919445032,0.423588052014489,0.0387537082009932
7088,0.0900703253987453,0.444616967383979,0.0306177611409765
7089,0.0969625931304368,0.44462769602402,0.0479205389077603
7090,0.105825684010552,0.430693102790136,0.0358369810916082
7091,0.0986787496898072,0.455960502446909,0.0203686912015267
7092,0.102167274094772,0.457658574258026,0.0344072736650731
7093,0.0751426102611906,0.444609794017691,0.0288453881607591
7094,0.0831925541899387,0.453730371926734,0.0435777784769452
7095,0.0916196342582383,0.424337419526101,0.0369839182010556
7096,0.0914460204798599,0.453859752833136,0.0410500939704969
7097,0.0774232401850367,0.42859603328471,0.0417116597980152
7098,0.10103826696559,0.432141785584715,0.0412382055080942
7099,0.0888672158328627,0.45528572620554,0.0370008876454494
7100,0.105681039352544,0.445864910562762,0.0427076203165564
7101,0.0726246821729185,0.443927473304138,0.029959514185173
7102,0.0894196143717961,0.445645204029174,0.0411757624425176
7103,0.118019994896674,0.455348768178518,0.0469810876319064
7104,0.105890854620532,0.422129601901196,0.0439902510301125
7105,0.119099307329066,0.444503043967985,0.0305325449443185
7106,0.119099307329066,0.422164627359998,0.0261230320135936
7107,0.101763757003603,0.433363790116763,0.0420057346899432
7108,0.098790023977544,0.422958278261467,0.0358751924109461
7109,0.0981031763155285,0.437646755613913,0.0244137474732571
7110,0.103411944967539,0.422764633155492,0.0379435343133962
7111,0.096887285591413,0.433379688188792,0.0387613314104105
7112,0.099666690237025,0.442751764475819,0.0450375977587945
7113,0.116855604649101,0.451661920304877,0.04083766236449
7114,0.0679164592954212,0.425653596579873,0.054317937707852
7115,0.0924509803509811,0.460234569553378,0.0354043410402808
7116,0.130379276737221,0.454723516685418,0.0409914811727156
7117,0.130379276737221,0.435498034848504,0.0257575765489011
7118,0.0978804239682126,0.422285871521455,0.0309126902868055
7119,0.0973068539071088,0.458608293410848,0.029184714631321
7120,0.0918402585890628,0.431213763011808,0.036610772948288
7121,0.102697681115337,0.369255738181945,0.0414227850315698
7122,0.103111310781064,0.326574543927354,0.0338353757733723
7123,0.0995757580936126,0.443168842109074,0.0260198761138448
7124,0.112047991845893,0.459745905188121,0.0340962839317372
7125,0.0858274901626085,0.59701748405367,0.0233235002403891
7126,0.110766920303467,0.719213900677105,0.0191978039734992
7127,0.101101564218586,0.718362333146646,0.0262519543726855
7128,0.0975898273037352,0.633291669710842,0.0241948248253018
7129,0.0867798203183057,0.569938838506275,0.0393793943374513
7130,0.0878157224716233,0.598417374982456,0.0256160255114169
7131,0.0710464501661797,0.687263313687896,0.026423587388923
7132,0.0701722871599736,0.611026025510254,0.0208869238629023
7133,0.0933179603179599,0.665165974275693,0.0195109580270655
7134,0.0989812138536055,0.569193174678353,0.0165377826743936
7135,0.101752707097478,0.608697376526456,0.0205040869642832
7136,0.101807457771998,0.635601650361374,0.0256972858261611
7137,0.0768651223520515,0.703300476392784,0.0228691646403873
7138,0.0855772901685861,0.692395836967235,0.0176782780515861
7139,0.1001470264668,0.682192502694096,0.0243689912171405
7140,0.105619715829187,0.739564850808993,0.0137628085813885
7141,0.100552608199738,0.695179897872839,0.0270035641999929
7142,0.0900096857844312,0.699560145403689,0.0330247332313618
7143,0.0829341000557284,0.715484635309796,0.0215786021259589
7144,0.096214620103866,0.711475176344355,0.0341342102259981
7145,0.0967038396146772,0.669242403621309,0.0243013346920526
7146,0.0751048638079679,0.69143577318097,0.0331510587050271
7147,0.104568059678696,0.708135768287749,0.019306872175193
7148,0.0820220121867694,0.652591717119668,0.0294015024918765
7149,0.0950344434392137,0.604376691477334,0.022834553034724
7150,0.100174385071953,0.57755162410768,0.0360807060471912
7151,0.0752696433396634,0.605798693917362,0.0233832336247646
7152,0.0769576866334538,0.662314535922983,0.0355477815413811
7153,0.106495448808455,0.685758417658054,0.01407803863436
7154,0.100887817470415,0.65349788651479,0.0224116837220277
7155,0.112877469579856,0.646704992853787,0.0297282796366568
7156,0.0921770159263133,0.573058510264122,0.0268854480429265
7157,0.0978496892080192,0.668694780356202,0.0397866582105295
7158,0.0745042747691146,0.668582459948825,0.0206936667346848
7159,0.0810634714837805,0.623409362947193,0.0192959863096026
7160,0.0679620563866646,0.716041967363869,0.0193046608508145
7161,0.0679620563866646,0.697217979397767,0.0235958992685142
7162,0.0679620563866646,0.713051422293559,0.0155190400556122
7163,0.0955484894233816,0.693810591733439,0.0211180473205618
7164,0.0785420685929783,0.608623559434221,0.0246780467419097
7165,0.100569484555075,0.706186464335022,0.0293465889974343
7166,0.071629318547013,0.70011453392715,0.0194589138266109
7167,0.0809970306872747,0.697399625827734,0.0210762652900683
7168,0.0909136149917878,0.714626052298162,0.0150745109249934
7169,0.0853221601247876,0.719135555636677,0.0189883533804635
7170,0.0711136987152673,0.647037697146599,0.0248102880118125
7171,0.0949630445637593,0.566433143674532,0.0212288037839792
7172,0.084408451152653,0.650220971853946,0.030040372788307
7173,0.0863176622826751,0.593427833107573,0.0183697718959354
7174,0.0908387760854916,0.565870040160651,0.0256958079223702
7175,0.117456261876156,0.622470274713222,0.0233743976354182
7176,0.114339358162624,0.702487460481519,0.0232186618783155
7177,0.114339358162624,0.664998228137909,0.0314513288388774
7178,0.10709495730075,0.628264698136013,0.020791820530956
7179,0.0877865712098801,0.718012942547518,0.0359174207986879
7180,0.0860385226553967,0.714980512087342,0.0218147678197452
7181,0.0960624263046142,0.651114336734044,0.0276001576311333
7182,0.0538313552270314,0.701830745041125,0.032767620201969
7183,0.0948226349579155,0.670282143323558,0.0278441737112116
7184,0.090362718181221,0.717986460883583,0.0161655760117466
7185,0.0567636903381311,0.661879921001297,0.044225166262987
7186,0.100342590366595,0.696052579177374,0.034350311071611
7187,0.0475041762907144,0.662325850523957,0.0221457986091195
7188,0.0926139688875612,0.667955006084033,0.0203601088308353
7189,0.103739867677486,0.603844262160444,0.0240322378329481
7190,0.0870039344411764,0.692026112833265,0.0191761069415353
7191,0.0926922788736356,0.712353881462098,0.0227802948933627
7192,0.0938016963904971,0.673460897890529,0.0234031516760756
7193,0.104420313293424,0.598754956860208,0.0299664230206407
7194,0.0928865237510901,0.675160434029236,0.0250629432330259
7195,0.105559898266277,0.691548506938513,0.0203895294626739
7196,0.102723389446217,0.691302398588026,0.0218822638147767
7197,0.0934579564193931,0.703482867683665,0.0272897836703469
7198,0.0843196409795067,0.693990593406066,0.0168867949061616
7199,0.108396589999426,0.635949210450176,0.0186761178404111
7200,0.108396589999426,0.61127695955782,0.0305770615294584
7201,0.108396589999426,0.611255648792393,0.0282681061014626
7202,0.0787850503725571,0.624969036131989,0.0207742695866376
7203,0.0678688954586977,0.667504444532845,0.0294251521419846
7204,0.0678688954586977,0.652081026305735,0.0286030278859086
7205,0.102794953015334,0.594019025625248,0.0298678141646969
7206,0.111758164801654,0.718294276192211,0.0220197743639069
7207,0.111758164801654,0.633500627889863,0.0318077632371531
7208,0.0968721781081018,0.699433062223906,0.0181342671789118
7209,0.0952542468375423,0.67937867930613,0.0242183060555106
7210,0.0857817963101984,0.578524290081577,0.0164055589934675
7211,0.0874365009436869,0.718412068571209,0.0163650969016621
7212,0.0979473363036193,0.710248541472867,0.037322012510917
7213,0.0852080189927336,0.627154474356839,0.0234788378944094
7214,0.0901524932945091,0.581946418470271,0.0217223090327147
7215,0.0905542197279115,0.667583841252149,0.0345122127368723
7216,0.0906862595590608,0.673515481794186,0.0227636050852686
7217,0.0843283716566974,0.70970276005131,0.0260215845205942
7218,0.110495838832005,0.733289383685523,0.018315900638942
7219,0.101212955875294,0.708711593743238,0.0237316358475134
7220,0.11364848297318,0.679988978795573,0.0216035721876913
7221,0.0854296057788553,0.700545981935847,0.0239770230410501
7222,0.0816953477187702,0.639822805246171,0.0338745252749695
7223,0.081825529638004,0.648681581819424,0.0201485857546091
7224,0.0952630848410718,0.644919605206305,0.0218451584827008
7225,0.0988986636954017,0.699853539420762,0.0185595336561843
7226,0.0951012257956578,0.672825529062207,0.0234237477347185
7227,0.0805753388336348,0.733044856795701,0.0195821852342838
7228,0.09234796346743,0.644428891903249,0.0259018198546259
7229,0.101504153689452,0.690413528544474,0.0350017530851271
7230,0.113781813444765,0.698448132681317,0.0201227511426612
7231,0.0815543911850001,0.577791331053091,0.036366590453162
7232,0.0892856911795345,0.606165354573626,0.0277589917353373
7233,0.081990656489313,0.579430607739244,0.0204319273137665
7234,0.0812867205753577,0.606159727452358,0.026628126255891
7235,0.0878616267443844,0.679433296926094,0.0269440267297182
7236,0.087913545106352,0.67324512687387,0.0202784486042233
7237,0.0721234787661264,0.678571070544469,0.030091515616675
7238,0.10018229635718,0.698744217004652,0.0206506668025681
7239,0.0955341849948977,0.662774823755801,0.0228894784145711
7240,0.0742249727938291,0.68688773109891,0.0344154262491145
7241,0.0770389147630507,0.689729829958988,0.027360962091082
7242,0.0787551185059978,0.575476053012834,0.0232166996446824
7243,0.0843099357070092,0.693024402626301,0.0223344842277171
7244,0.0943338983425144,0.695257264892778,0.0216075236006388
7245,0.0913005367357959,0.600768878788706,0.0262873796102414
7246,0.113559010284857,0.694612563213886,0.0127888434000834
7247,0.110957529103136,0.583939399791683,0.0130561445731677
7248,0.095476049678501,0.717032251974985,0.0147006811056513
7249,0.103019020444308,0.716024443177686,0.0275723096197541
7250,0.092396082018664,0.688697535431258,0.0151846897779556
7251,0.0717952841976554,0.688763785178749,0.0203695285797292
7252,0.098040966032271,0.710450534078941,0.0194000724159432
7253,0.0941238334613565,0.704927271376441,0.0334328189175929
7254,0.091274615022614,0.651368429646434,0.0229547408878851
7255,0.0880478680944984,0.657981818563551,0.027035059820212
7256,0.0872490482311964,0.698873932061696,0.0187936615237923
7257,0.0859432917974902,0.645828178758444,0.0231718571486466
7258,0.0783339431889203,0.64354062688409,0.0215668320510026
7259,0.0918319797356133,0.642491102736426,0.0319930932132969
7260,0.0809059999654575,0.677633956085347,0.0277266508533892
7261,0.064238857011398,0.609595029551502,0.0419461799103164
7262,0.089496458105062,0.696576313463886,0.0249995078633151
7263,0.0857534919446692,0.602768387180515,0.0186884806232725
7264,0.0964000295533372,0.624222499047436,0.0152600042415616
7265,0.0829684067304676,0.717981662359762,0.0188219020079055
7266,0.095262576390806,0.615122122727733,0.0116569277005634
7267,0.0948611420921541,0.597104939710211,0.0275734881922068
7268,0.104219630415313,0.560836814921311,0.0330076012226091
7269,0.0822863275980165,0.455152742892736,0.0561334788020338
7270,0.11381306227664,0.422626448143777,0.0400594226954513
7271,0.102076750061309,0.375767813379596,0.043140433543998
7272,0.113981880943801,0.352921768653304,0.0538451738930739
7273,0.0866615542240458,0.442397515421748,0.0311248185537569
7274,0.0978228329059651,0.443019735872722,0.0283288907990957
7275,0.0852019076748809,0.42977578125018,0.0272373991501207
7276,0.0982673905345543,0.426696322737643,0.0412811030828044
7277,0.0856962651070427,0.429917376274374,0.0487919599175715
7278,0.0995321012370804,0.440021146682031,0.0410122600377981
7279,0.104077178863953,0.438617815377982,0.0396383272362954
7280,0.101717952511183,0.432218888148472,0.0279279310415769
7281,0.0976918497697381,0.391906737717787,0.0587889603785846
7282,0.0800007916915664,0.45592340540673,0.0382162959042493
7283,0.0893275960885898,0.429488564267248,0.0426792984645865
7284,0.108977516034558,0.444290258706471,0.028786958527473
7285,0.0981955806899522,0.436675858682075,0.0287092527360432
7286,0.0917508014472273,0.433730591642304,0.0323429286281585
7287,0.0886422042095979,0.449247619661489,0.030689967915032
7288,0.10105962291797,0.444660501109218,0.0242239464418632
7289,0.104265780447116,0.445860103660495,0.0324976025487801
7290,0.0972008211283111,0.430363307345303,0.0301958508578405
7291,0.0982236857561243,0.438421486047149,0.032967321233489
7292,0.100313301497143,0.43058690356474,0.0209494678658607
7293,0.0844846107381954,0.423279309069439,0.0227245421376162
7294,0.11598777904083,0.422877015350286,0.0467224355895414
7295,0.106912465558352,0.434124649396179,0.0195042649856938
7296,0.111785717587927,0.437875499254863,0.0304192256898641
7297,0.0934595079995861,0.440184861788111,0.0387339782432517
7298,0.0816210645079516,0.495140150717,0.0252585793457395
7299,0.101004786115824,0.430380613290027,0.0265780966863237
7300,0.087949321001013,0.426649531726127,0.0489797902134833
7301,0.0884690683018634,0.430088373704607,0.0468681192628156
7302,0.0970659123326457,0.440167494552323,0.0385463698647252
7303,0.088382745353066,0.430517597626649,0.0222967525401479
7304,0.0850557251572314,0.436901215943904,0.0395602429072446
7305,0.0771028267671574,0.432051950712615,0.0402695709583747
7306,0.0994716758287588,0.437543669978543,0.0264229317052105
7307,0.0954421511148606,0.438522754076791,0.0397719070830526
7308,0.0972218543175514,0.427270187352958,0.0243228390484392
7309,0.116801007232551,0.442595366677486,0.0467096338694293
7310,0.0841098920277477,0.423046065539177,0.042303439177042
7311,0.106210322145276,0.348251785491398,0.0417287064307214
7312,0.0983031566487712,0.345687828854269,0.038520974564742
7313,0.0765637433073946,0.329402792428494,0.0550602024120338
7314,0.0862601367103237,0.436902318758772,0.0467513059086667
7315,0.0983899846767913,0.451950417368433,0.0303249573367017
7316,0.0905110606027917,0.424177570493791,0.0446100196195391
7317,0.101248198647818,0.446186084639735,0.0399193369671858
7318,0.0946169040828994,0.459759128810501,0.0401610696220939
7319,0.0874463210090234,0.434985099137795,0.0299859566484635
7320,0.0939812025962719,0.455633552830558,0.0255186904910259
7321,0.0961975776560759,0.446001431694467,0.0437247973416109
7322,0.096263791766036,0.445461203957567,0.0388334889858713
7323,0.0897559571591413,0.445637491274499,0.0370908239080586
7324,0.101543188125666,0.423229468479058,0.0391247561370012
7325,0.0909219574555059,0.437045404223732,0.0339244418904764
7326,0.0870333796287702,0.448418773921017,0.0221847349508443
7327,0.0813581573677181,0.565469312204392,0.0265626862882143
7328,0.103740355456783,0.714695488586491,0.0197607402615833
7329,0.116103368805517,0.702772197546442,0.0121970048234016
7330,0.116103368805517,0.71551894035317,0.0197835269086018
7331,0.0754504556069671,0.602338176173498,0.0243620974474301
7332,0.10756996620608,0.627032642803539,0.0231805191887212
7333,0.094158893562816,0.670062748723104,0.0404005640990295
7334,0.0828740885986867,0.656248951337894,0.01843311878723
7335,0.0993922466193102,0.628169595487514,0.0341027862543237
7336,0.0961258946025533,0.62796247996202,0.0181228453635062
7337,0.0673693924888736,0.666154651696424,0.0179213048318681
7338,0.0718110697457543,0.699272469874332,0.02200608627908
7339,0.0895500085429563,0.628990950441483,0.0316498845075912
7340,0.0754611281751058,0.716719400321815,0.0166742555087246
7341,0.0831972908481302,0.659957894850323,0.0308646451136569
7342,0.099217972966237,0.62491593578087,0.020911253919125
7343,0.102445592760815,0.711369100162717,0.0166522496630311
7344,0.0966140329999325,0.712483284166294,0.0196541221456438
7345,0.0673246059152474,0.643967903480329,0.0242422473135228
7346,0.0923613110243594,0.560944879923647,0.0304962250399319
7347,0.0761309329310249,0.591664253409253,0.0260795389955586
7348,0.0889734569966122,0.605684167089885,0.0307983429378396
7349,0.0955137453918381,0.62568827747299,0.0276205221978448
7350,0.0816067368847561,0.682497349113241,0.015566545768778
7351,0.104499195976419,0.658966987188042,0.0166896096831161
7352,0.0962736993356613,0.679080478444435,0.0212886290011817
7353,0.09570246792712,0.700529080594647,0.0306524712895211
7354,0.0838768847810761,0.696059154878014,0.0143419414262204
7355,0.0848424161101783,0.624229507858709,0.0309589560154431
7356,0.0895241347113269,0.746859210073503,0.019719049814948
7357,0.0963911602001459,0.69900399023234,0.0156417469184959
7358,0.0834817419135961,0.687885734464861,0.0281783964619717
7359,0.112105935850646,0.669125502665324,0.0267322901642024
7360,0.0997673000478033,0.698593108226293,0.0258362882481279
7361,0.107645043220195,0.714014142500432,0.0237050970921758
7362,0.0879377262062777,0.686374124869041,0.0226712801352712
7363,0.115708614889976,0.674464334822312,0.0244429867534785
7364,0.0801710201618434,0.68490739267114,0.0186242447148305
7365,0.0885420386821675,0.631092000575914,0.0229791990470927
7366,0.0958249449667514,0.69305070797654,0.0196012993316023
7367,0.0787209863549909,0.70913391946682,0.0220383273069976
7368,0.0900498090855686,0.703121865973985,0.0134488138959705
7369,0.091431312572483,0.688122142239537,0.0210587879830951
7370,0.0803851860091577,0.688464967990518,0.0198276878073055
7371,0.0912943555698894,0.71021013409004,0.0259109929038566
7372,0.0904599207726864,0.680848779367285,0.0248455929925613
7373,0.0820154590084674,0.701901434011478,0.0230245260037379
7374,0.0906456883727388,0.613879258464514,0.023689906009768
7375,0.090447853628886,0.63733389562184,0.0241808179051872
7376,0.0967979461072847,0.571965971221958,0.0230200085205221
7377,0.0959692322688924,0.569450299521045,0.0135461829169353
7378,0.098862729527076,0.637411556941014,0.0181635251662196
7379,0.0816403300869249,0.600958909518186,0.0221438745245012
7380,0.128738909804776,0.631739792600801,0.0233375289624267
7381,0.128738909804776,0.608280053689038,0.0231598550319739
7382,0.128738909804776,0.679342962779778,0.0433495742429132
7383,0.128738909804776,0.667807908538751,0.0135883649854624
7384,0.0883160946266905,0.607868006184665,0.0243216417890002
7385,0.0718349061567484,0.644942298439798,0.0268630174659766
7386,0.08104062278191,0.581173533510007,0.0263727940694739
7387,0.110001888104429,0.583276446279094,0.019660234232513
7388,0.0689885835959258,0.676291486901695,0.0251461195196922
7389,0.0928714207815101,0.696551712006615,0.0298462767764911
7390,0.103388148363307,0.658618639574057,0.0248958765187068
7391,0.111382650091525,0.708575764321189,0.0227520125908851
7392,0.100575573954403,0.712234969846284,0.0258124648127808
7393,0.0954621372309551,0.609031158399843,0.0257987678266846
7394,0.0822072051020627,0.619665989098728,0.025912379648454
7395,0.105323375126784,0.714017621028785,0.0223779899351232
7396,0.0922717105066487,0.718136974280214,0.0229304119572557
7397,0.0796367760078362,0.688286232805434,0.0217566677580389
7398,0.0955712744544431,0.678939279281749,0.0289875215317548
7399,0.0833880191732063,0.707335734695162,0.0276776772195976
7400,0.102156775508421,0.69726823657349,0.0228996335364027
7401,0.0878502100385815,0.68722005122103,0.0156937269935202
7402,0.103750556120318,0.659517409740517,0.0274637532205187
7403,0.09287673564671,0.57348921578144,0.0194443256418896
7404,0.0841987814720981,0.715339853208398,0.0239380618872277
7405,0.114587853120396,0.697582488962833,0.0253854355264393
7406,0.0821957966252395,0.686096476170873,0.020200883813093
7407,0.0970619569069514,0.754038202509727,0.0118684065311835
7408,0.0932074036697391,0.693286852869045,0.0134406816743021
7409,0.108247432576241,0.668019099628445,0.0308371088521903
7410,0.0689739700256623,0.630513388017742,0.0250335158889935
7411,0.0583349156405081,0.657113496245435,0.0258447849518431
7412,0.097298896562878,0.712330079346237,0.0262429874010979
7413,0.0823320966277896,0.712696208103173,0.0238680160559694
7414,0.0824646414505688,0.687353151375328,0.0235271438879874
7415,0.0943708752637268,0.682023517603367,0.0264584125059585
7416,0.10470168342172,0.64934930199056,0.0215289540581078
7417,0.0949805212658155,0.620080924605599,0.0277567497498878
7418,0.0896431569804064,0.636930152925001,0.0203076360317476
7419,0.0924246433053323,0.578686480692073,0.0243931629291485
7420,0.0979508046621513,0.714096994849464,0.0350913113024202
7421,0.094631315526716,0.628652810782079,0.0188276222865861
7422,0.10021791296608,0.650399971071013,0.0257540822045669
7423,0.109092497802889,0.691096720570764,0.0144468492427324
7424,0.0731623572819771,0.615297615271267,0.0331593612240244
7425,0.0826006552779808,0.660764244500096,0.0306877594973467
7426,0.0909618438322688,0.621671796398219,0.0223915936885663
7427,0.0808003748816161,0.69031546242761,0.0205948203251871
7428,0.11355595995305,0.637532716088698,0.0232737444644273
7429,0.106827035746241,0.689529350734154,0.0176677936899626
7430,0.0794200246789697,0.703920922011783,0.0136143042271953
7431,0.106684580536785,0.611452076564245,0.0216157293018089
7432,0.106580288548417,0.581328894858295,0.0230224998003734
7433,0.0938488363212551,0.59502099927955,0.025016973360569
7434,0.0802122373493118,0.622500945388781,0.025761502360612
7435,0.0759072242481807,0.632169948666284,0.0214598440312887
7436,0.0852552513393193,0.696564722118904,0.0220218196005763
7437,0.100806935668522,0.643748868565496,0.0204281361485264
7438,0.0778350992404748,0.654978481299231,0.0236038512085581
7439,0.0924299978248735,0.577656364650812,0.0228583688218096
7440,0.0914787773577619,0.676207224466241,0.0249891830552281
7441,0.100328904808774,0.679167500747609,0.0232271596099854
7442,0.103886790814665,0.635152403012908,0.0199304203079359
7443,0.110244719700799,0.701608537013162,0.0213531675022468
7444,0.106362018430727,0.703041865050081,0.0202646296035122
7445,0.101095927519188,0.703508352187175,0.0261308189701003
7446,0.0937853568914409,0.719716298369115,0.0130537756021677
7447,0.0927561750380296,0.693211059669655,0.0169042303776042
7448,0.0886149536621085,0.620290683412083,0.0479718671788652
7449,0.0853820415273058,0.695821180370834,0.0215657580363271
7450,0.0963389404641963,0.69329409701208,0.0288675182113614
7451,0.0923828268264971,0.559811363351206,0.0217411607175063
7452,0.072543087456031,0.680675618295173,0.0221582635703056
7453,0.0752353042801767,0.66837142634856,0.0334657411721361
7454,0.071478267106294,0.671331184677585,0.0230120746556041
7455,0.0824254782922821,0.680116197666117,0.03188872189344
7456,0.0938583316440113,0.698750071029075,0.0206051668000993
7457,0.0965781319912162,0.647592247558222,0.0413877553668523
7458,0.0912886647785942,0.575431113733847,0.0322877582929318
7459,0.110543681431182,0.672164355222523,0.0233429686157533
7460,0.0979674360691039,0.696866437460611,0.023441834804782
7461,0.0927843146068344,0.686192237880066,0.0219026806271038
7462,0.077396260155146,0.489322897955982,0.0291816374527536
7463,0.126543279859602,0.445293069631277,0.0317443121484576
7464,0.104647901746939,0.437735175532576,0.0411581338689445
7465,0.0971336058084962,0.44844063840969,0.039354635917317
7466,0.0837655487474995,0.446935100632392,0.0302158815758697
7467,0.109965516635622,0.43639746551907,0.0474330841446429
7468,0.0765240702729476,0.433809663976977,0.0549374788894591
7469,0.0848149755492698,0.433448793283511,0.0318989209330214
7470,0.0938559692524374,0.432801588841888,0.0494907706932944
7471,0.104179747631039,0.439239937937227,0.0381139205623589
7472,0.116932546481056,0.454120043138866,0.0401362622776775
7473,0.093408043636984,0.458219764167747,0.0311865780669192
7474,0.0973550749439682,0.428997803996793,0.0283524903453214
7475,0.10450946249607,0.457120897788427,0.0308586719278131
7476,0.0837440224258784,0.451996365682709,0.037451207124533
7477,0.112277822126303,0.442552079241877,0.0586136919041484
7478,0.095411049154609,0.435432718957945,0.0392957895774706
7479,0.116717343973596,0.445960539772101,0.0327452113140989
7480,0.116225576306094,0.431230457896159,0.0407861884490458
7481,0.088097942199083,0.457151330802771,0.0211145815877692
7482,0.0995756565866334,0.441699995963169,0.0441114392541986
7483,0.104631817063333,0.423612699980094,0.0420125233311907
7484,0.0967351809011495,0.402633660014271,0.0394892292825934
7485,0.11026465608382,0.444545282548746,0.0384926523679587
7486,0.108430793475378,0.457171174435799,0.0246439712868647
7487,0.0882034120526044,0.422536655549306,0.0317350806163553
7488,0.0760755561691857,0.457207996545963,0.0550428588129767
7489,0.129827394353731,0.42574513646139,0.0490671680061944
7490,0.096387486396847,0.445056100626132,0.0549871801438435
7491,0.0757154323325814,0.436230200171785,0.054633684967587
7492,0.0967593822565204,0.430189945792513,0.0291903195697254
7493,0.0935397665598301,0.457989148606239,0.0259604749391661
7494,0.120821279381062,0.329962416781761,0.0571407724230046
7495,0.0990741189180433,0.433209712820023,0.0283057196885854
7496,0.0822395473323214,0.441685976990911,0.0424167547881007
7497,0.0763610232213878,0.439690590634048,0.0386514066769269
7498,0.089563428001246,0.451235218108198,0.0390676640607308
7499,0.0988121826493241,0.431271530304007,0.0399355091542814
7500,0.104463229214402,0.432444755299891,0.0268704326050549
7501,0.0684499246146598,0.42218649316465,0.0378510656003453
7502,0.0909825255158831,0.435000397456526,0.0385526269460174
7503,0.107130260610821,0.428718663942407,0.0374103765602416
7504,0.077181767953154,0.429349668921705,0.029246211740895
7505,0.0967091373294925,0.44515956792114,0.031973081321505
7506,0.0791091949593956,0.453208858569953,0.0383691178307576
7507,0.103932711952977,0.434376872590232,0.0466224557631433
7508,0.100895898838236,0.450776195001378,0.0400490301543172
7509,0.0873669298319292,0.427469116310136,0.0276419315893192
7510,0.102987951175157,0.432545064050074,0.0313240105194522
7511,0.117830041704311,0.452571477372453,0.0279603788539374
7512,0.0920119336571293,0.428258472520791,0.0510478021805367
7513,0.0923197011414167,0.422721400462382,0.0465298056953047
7514,0.0902853047519774,0.423329405524696,0.0477029348520934
7515,0.0679787232716458,0.447254808422653,0.0436725052385998
7516,0.0858686135801585,0.454166735678534,0.0339815661221605
7517,0.0936919115893024,0.442904154209463,0.0270895676090853
7518,0.105526151266956,0.445712552056746,0.0335822987237567
7519,0.103042469852737,0.46177457376925,0.0282545033430741
7520,0.0879977068226492,0.432251274017387,0.0251664527980479
7521,0.108467381361267,0.430848719359707,0.040902867403442
7522,0.0963947923607344,0.441866160768897,0.0475383048556591
7523,0.0923901486083145,0.432406944313483,0.0348910269415716
7524,0.0751576278730564,0.450693391270585,0.0426910023950023
7525,0.0827107494232164,0.424516793206176,0.0238621217549983
7526,0.0983615478737348,0.388007344320305,0.0375765065857717
7527,0.103572858752449,0.433346343352336,0.0416115536325971
7528,0.0982046989735489,0.427150414724037,0.0372214275555011
7529,0.0876427386409762,0.436398423029788,0.0470120018026054
7530,0.0988027483366725,0.480677999559631,0.026624210498988
7531,0.0991796487768268,0.68372233449181,0.0169720569704393
7532,0.0877013600764059,0.708953474606448,0.0273665635897164
7533,0.104708117112459,0.689033834347713,0.0235806136595999
7534,0.0752411616235183,0.597470520674666,0.0271627435266044
7535,0.0848591693847107,0.58692524290916,0.0243549600734177
7536,0.0872769221639053,0.669950137933922,0.021983466494695
7537,0.0804303433507766,0.569829380463063,0.0221431013322409
7538,0.0987306325774268,0.599483436698374,0.0262235452742853
7539,0.0924251166953528,0.597329353727555,0.0256944520441702
7540,0.104619932011942,0.572035260186,0.027302810429216
7541,0.0964178200653148,0.596101448874113,0.0424616371973093
7542,0.0774258380030305,0.607336227617655,0.0301006892494794
7543,0.0913483259870855,0.660825434805606,0.0230182186580131
7544,0.0945120910510744,0.594764178498152,0.0189648060052715
7545,0.115984916580385,0.644580187281384,0.0262313550122202
7546,0.094777077198274,0.639205619094396,0.0260354557682917
7547,0.0936949446018998,0.577488373908276,0.0162556710320072
7548,0.0977047461544746,0.706728837608927,0.0198764139301871
7549,0.0969958286911749,0.636276610784676,0.032635819163567
7550,0.104173336641721,0.689085020552379,0.0126764212181354
7551,0.09646281963846,0.670803334293554,0.0309614216758166
7552,0.085580108395897,0.692896974517457,0.0334845932487219
7553,0.0955753746005149,0.700984069320229,0.0227068067871275
7554,0.0859948204629338,0.720412106650349,0.0261139714514155
7555,0.0976633130054993,0.677010266841629,0.0161934412410172
7556,0.095666390945866,0.70538639006172,0.0126055411734691
7557,0.0796613935427244,0.719731477566793,0.021195877818072
7558,0.0829115978924921,0.62604244575061,0.0202147737110057
7559,0.0913225609131616,0.644164423961108,0.0244545310018463
7560,0.0938701438036519,0.568200395560409,0.016364389886955
7561,0.0904753762815892,0.660073226706698,0.0171456352175729
7562,0.106897241611419,0.670255356607056,0.0319620645022586
7563,0.111153192967976,0.610047784943991,0.0159954165017129
7564,0.0918641441436663,0.567266014274086,0.0317830692878666
7565,0.0936897096421161,0.576204438359501,0.0255541477209833
7566,0.0849898841371473,0.576569745637046,0.0241991363979463
7567,0.0853838953496156,0.653052341774083,0.0251222553850632
7568,0.072741825710792,0.712621840488873,0.0302698782420006
7569,0.0910444790261508,0.59321983293017,0.026112134875252
7570,0.0929769365308929,0.597333952679825,0.0238960511708538
7571,0.0944234073095146,0.589278567323492,0.024114806144789
7572,0.0739791060490209,0.622988871096571,0.0192359870731403
7573,0.093273873544965,0.607183263572791,0.0210915718483252
7574,0.0867165432241548,0.649343175943706,0.0315109445695772
7575,0.10808448177693,0.707880565062837,0.0270219856396067
7576,0.107463978220146,0.66411851066042,0.0236703622745718
7577,0.0938567214373109,0.686931289462793,0.0244261165588964
7578,0.0823972371697314,0.60742615763186,0.0242955313679003
7579,0.0867721276132423,0.674385247258478,0.0232991078291251
7580,0.0929628758632565,0.704344705329084,0.0238677080201345
7581,0.0838878744731626,0.571570629593777,0.0254971045113256
7582,0.0797890205796418,0.630816033907858,0.0196333546994786
7583,0.0909916783719452,0.67985706533924,0.019500454458348
7584,0.0914627595413199,0.732654073274338,0.0200908431436168
7585,0.0934418672250035,0.636432512116228,0.0340760067357872
7586,0.0949601169420467,0.674540448928471,0.0207872372243453
7587,0.0909643391631187,0.678449561803882,0.0320954186652587
7588,0.0978717078908508,0.697432266485699,0.0227737568247746
7589,0.110280755478935,0.712049271162419,0.0319645781273835
7590,0.0765929802386607,0.714601347514615,0.0193423106576744
7591,0.101960764863532,0.628590181542537,0.0160758734844627
7592,0.0851856914562613,0.71381857582074,0.0177569835182307
7593,0.106210176709123,0.661708541647823,0.0264849487900072
7594,0.0767919769218503,0.713989396649703,0.0165608303079626
7595,0.0910470354008026,0.599848246287571,0.0234711337923193
7596,0.101182174491121,0.696701708827939,0.020579834665261
7597,0.100078744161628,0.684140906267972,0.0164300652549589
7598,0.0909367912699589,0.695517057625488,0.0168518587426017
7599,0.0961811204327847,0.709476957962389,0.037922374983719
7600,0.0932763712519765,0.652306833992467,0.0209048015453307
7601,0.104397369626883,0.590880381995798,0.0312199657158393
7602,0.109612005160252,0.60594737927249,0.0197267310842827
7603,0.0869347201378315,0.589548534453167,0.0316962285866808
7604,0.091368892800338,0.696209559712518,0.0390171603606957
7605,0.0860357839383325,0.677409789237749,0.0168714685505005
7606,0.101021852935933,0.656933923383299,0.0188517742458195
7607,0.0848324903306975,0.589734121939282,0.022827423880801
7608,0.0845487329763174,0.667417537232806,0.0252706770452396
7609,0.0824608416730054,0.604096614037372,0.0194678089928521
7610,0.0828351989462727,0.60303045865707,0.0229498784435238
7611,0.0763821128627518,0.708564213139355,0.0213450097795881
7612,0.0955357321109471,0.592766746802931,0.0217845756288253
7613,0.0868545655610398,0.597049965248812,0.0220086216912999
7614,0.0857978300707598,0.601591627664743,0.0296219457298398
7615,0.109131004421952,0.602501584162438,0.0262470247173511
7616,0.0851534328413209,0.713318467549293,0.0270302344970006
7617,0.106240857106921,0.622805934371146,0.0294697654899963
7618,0.0780295300079891,0.62329026208073,0.022891783447834
7619,0.0871388425350768,0.659529761700305,0.0274271294084775
7620,0.0855759806895785,0.738771417297669,0.0223456691775263
7621,0.0943340105505948,0.645520113610064,0.0206428261226539
7622,0.0936328931552967,0.719123706764201,0.023514940754093
7623,0.0896430057688924,0.704745193340964,0.0302940576404207
7624,0.0849913491869666,0.712265115645569,0.0242601409886643
7625,0.0870879654246942,0.647527819669881,0.0433136999656493
7626,0.0999496234177967,0.63022507637887,0.0256938183832735
7627,0.110233239436624,0.574936716469798,0.019880570366124
7628,0.0887298829838882,0.653205432302216,0.0240370967495888
7629,0.09891407002752,0.680462984209893,0.0216832344792472
7630,0.077042751649406,0.629565857771198,0.0252603223611103
7631,0.0840661813335631,0.727216069548623,0.0199045819103934
7632,0.0826042970775756,0.719669046925537,0.0221160145198657
7633,0.101730024619031,0.702667682327073,0.0161746685909159
7634,0.0881317151994621,0.689857956654738,0.0207702967371047
7635,0.0716644126476879,0.694806224943302,0.0286468878599076
7636,0.0916190771941078,0.716453010016646,0.0291437207131469
7637,0.0936474073124982,0.713906992353608,0.0178547142473012
7638,0.087941138253472,0.601606436328631,0.0262797435450406
7639,0.0730145121393377,0.667008593113264,0.0158187663840322
7640,0.0898905340666901,0.677223842904506,0.0178909741068403
7641,0.0785014478347275,0.593134229745856,0.0237382808361035
7642,0.103058835589912,0.589656358995911,0.0148485013403834
7643,0.113057799830677,0.67698187974281,0.0469005849865274
7644,0.125988971160388,0.718678830169232,0.0254121477046471
7645,0.125988971160388,0.719180529673352,0.0178135838572481
7646,0.0876796754855351,0.672352382686018,0.0230243138293076
7647,0.069929839899224,0.594267020154524,0.0215295438989947
7648,0.0977871928084402,0.468824939186261,0.0305572019381271
7649,0.126942272381915,0.458686270756018,0.0348664053733406
7650,0.0904658056918024,0.424114600572906,0.0301981005727502
7651,0.0846186295297698,0.42344527820709,0.0311930206003634
7652,0.102980211971985,0.444790743393753,0.0382861203049282
7653,0.123122162091159,0.424961997838484,0.0363272272125785
7654,0.102786275966762,0.442840954154545,0.0286548986481673
7655,0.0949669023007535,0.436580220893229,0.0273150892681788
7656,0.094120387432612,0.428479130207982,0.0488690244481317
7657,0.107323375587,0.437712266793375,0.0424671421180987
7658,0.099728275593002,0.405028648034853,0.0641470970504253
7659,0.0904694802266731,0.439240555180947,0.0464774193230276
7660,0.0912636644113647,0.445442559817219,0.0306267221633018
7661,0.0945226111411168,0.439319388260687,0.0348086897113185
7662,0.0939695121679162,0.433807321128808,0.0271350222024986
7663,0.113826477999104,0.453502535146602,0.0337584408806682
7664,0.0985179986552452,0.389732656077413,0.0370905321217345
7665,0.102619011784948,0.23879936017961,0.0410820927603894
7666,0.0817486975220321,0.299149740192544,0.045391730166295
7667,0.103985884201874,0.442824365448836,0.0269517816230168
7668,0.0940456132720657,0.453745971600817,0.0276864887817681
7669,0.10795113249552,0.440495084329765,0.0346000374586652
7670,0.0877853981144673,0.423519095801704,0.0326156336584209
7671,0.0953128425217288,0.424265776356309,0.0253220452703092
7672,0.0836196434958491,0.423125081630558,0.0320890571824355
7673,0.12462886187286,0.456696931258202,0.0307257688301742
7674,0.10058631998457,0.448822154168535,0.0435687940020613
7675,0.0989742560933083,0.437122909924327,0.0368933802496126
7676,0.0889570340227757,0.425246464932771,0.0286478572771591
7677,0.115542119019793,0.44938330309788,0.0356788464772613
7678,0.104619042914752,0.391222630949699,0.0422020489735223
7679,0.0965961974311139,0.27645809231661,0.0579650967027258
7680,0.0947202216048113,0.440667013482718,0.0553928859985595
7681,0.0892916425049845,0.440034139815304,0.0349892101624234
7682,0.0968499174228639,0.440143445706868,0.041432801387147
7683,0.0999421429296835,0.438155346620121,0.0378978617955271
7684,0.08332764168196,0.432370410447279,0.0399773552559331
7685,0.0779763379846291,0.452400413144866,0.0311965539968724
7686,0.106944775672177,0.422308596152753,0.0588379592245341
7687,0.106944775672177,0.44400958420144,0.0299179465822101
7688,0.0789128889640955,0.441639046986853,0.0468964546833515
7689,0.11420197513453,0.426017035809798,0.0396922100385519
7690,0.0974119184810387,0.42862352577099,0.0327003570403684
7691,0.106382902445176,0.431101982929504,0.0268508691621534
7692,0.104967010750065,0.441418015593319,0.0317662059613327
7693,0.105227816528975,0.427002075486965,0.032095735275715
7694,0.0917133046755914,0.42648746166019,0.0393955229574435
7695,0.0849261358276501,0.428754705306658,0.036119774767623
7696,0.10957404245524,0.455043169565302,0.0273980101814794
7697,0.110865530521403,0.445345359532455,0.0350143545141271
7698,0.0993484271804556,0.494221175467811,0.0297688181659928
7699,0.0836748147686461,0.427584419590687,0.0441524151888974
7700,0.0985060066336061,0.44230789646724,0.0376654888185634
7701,0.118840123114296,0.440621392661853,0.0477667215119058
7702,0.105809651989748,0.447473257267093,0.0288084796944847
7703,0.0912102015641625,0.442082422503227,0.0352801847299322
7704,0.0949151222386296,0.441981161836758,0.0530427258981862
7705,0.0903515939303247,0.430713162399603,0.0349314645318333
7706,0.0852868731389063,0.447604505379502,0.0252080354844521
7707,0.0741716161366097,0.443409793557001,0.0365558131151332
7708,0.0955986479513183,0.434540948621575,0.0261917796695857
7709,0.10187273611866,0.429977140610444,0.0534321250406457
7710,0.0687078347275267,0.423932528327043,0.0470716751570407
7711,0.0936427179601055,0.437665085745241,0.0277442909593655
7712,0.106293970990698,0.436705894109722,0.0425523498840723
7713,0.0919153297007204,0.425664343098416,0.0433055865374898
7714,0.10100015145865,0.434895473444113,0.0233494457242279
7715,0.103879084096061,0.431708982924201,0.0240623612846034
7716,0.107455288817996,0.429242201879186,0.0248001664683312
7717,0.112880099132989,0.423618493282003,0.0428614351332812
7718,0.10295341258576,0.446767900158376,0.0267356203777098
7719,0.0848833590843959,0.432273117999755,0.0317506839931736
7720,0.0994625848998535,0.425493901746016,0.0316781717672357
7721,0.08204364755553,0.425610070226257,0.0344985448771607
7722,0.0882631342187228,0.447477215466515,0.030897116601223
7723,0.0934711539803389,0.463111994465316,0.0254665334521174
7724,0.0973833774868156,0.441237410424033,0.0315056231727135
7725,0.090457953233177,0.443708432058936,0.0273111598319969
7726,0.100570186316302,0.461300778581848,0.0420165410811625
7727,0.102322701361757,0.432309859438151,0.0306966392034076
7728,0.0779775924474018,0.45934340392767,0.0419873631652456
7729,0.0741373666137899,0.46005097143715,0.0313892561300791
7730,0.0733555450719639,0.399597490318988,0.0465844638116945
7731,0.0900078442679118,0.358983648152895,0.0463582273619186
7732,0.0911659079792825,0.247205250183086,0.0376166972567422
7733,0.0904512163983612,0.374921913564899,0.0487698773755306
7734,0.0974401529798027,0.403108321237057,0.0533856359021752
7735,0.101931036729079,0.424385233191259,0.0410448435380634
7736,0.0915085422997848,0.427296291003944,0.0325241216441188
7737,0.104001030162662,0.443751075735705,0.0204703788133949
7738,0.0853035669337744,0.431862569237177,0.0300894078068406
7739,0.0982750250154943,0.430219103417931,0.0380633837379904
7740,0.116873280836286,0.433582749288107,0.02551028118498
7741,0.11020747172948,0.445006703316688,0.0557475083979988
7742,0.11020747172948,0.435726946456724,0.0326009385112438
7743,0.0986684927155765,0.436206937846204,0.0225112349595322
7744,0.097584413685897,0.431953250993447,0.0286156613320416
7745,0.10542535833948,0.444295898201669,0.036298364058388
7746,0.104910230176674,0.454362829559636,0.0215614931600294
7747,0.0903606155526005,0.450662947988679,0.050038784866013
7748,0.0896871487058437,0.447469576681383,0.0284623432760263
7749,0.106224467705747,0.422212392887424,0.032416747588322
7750,0.0873299177238614,0.437192484799556,0.0293276301945031
7751,0.0925002922513531,0.438330068195509,0.0402796693033986
7752,0.105096845494487,0.42603012350016,0.0298578052035342
7753,0.0947710069243802,0.426146094892434,0.0329238613281587
7754,0.0844450356519479,0.433943016258951,0.0409706830651748
7755,0.0969282872742292,0.430111490288073,0.0250355402496392
7756,0.085547010881415,0.423694695064452,0.0749825770228341
7757,0.0912142649572919,0.450625151529268,0.029431020917568
7758,0.0994094335544263,0.441163203370338,0.0211994416209773
7759,0.08441487819768,0.426914452592157,0.0330089618305865
7760,0.0976024107990478,0.443174562003894,0.0301380763557306
7761,0.089359164741854,0.452675914221759,0.0298909332420208
7762,0.116455449948657,0.447719241479468,0.0418764656522885
7763,0.0964909092411808,0.441912073274881,0.025671779012451
7764,0.107006732005374,0.424987973105945,0.0291248389967739
7765,0.0948754392513179,0.450833628059372,0.0264759316361499
7766,0.0843629129082379,0.427985502509072,0.0493191065116707
7767,0.102134015537765,0.454317156117255,0.0230890977285908
7768,0.107962415547394,0.423879045884434,0.03796850100094
7769,0.090845261423865,0.450954285754267,0.0253365956091969
7770,0.102303209880896,0.439788836452733,0.0326841346915249
7771,0.117444880717994,0.424702196864754,0.0361319273152234
7772,0.108700374880847,0.454509599911283,0.0424192541030179
7773,0.0919308485156549,0.432827779227926,0.0338418427780639
7774,0.0937113883859805,0.444986428973387,0.0527191191985205
7775,0.0977361771392392,0.422913889108593,0.0487077663648478
7776,0.0952692270945436,0.441249928324439,0.0372286953441977
7777,0.105447867167592,0.432057527412218,0.0516840039118977
7778,0.116932231082441,0.431138125204533,0.0425130272835627
7779,0.0925577333307797,0.432071683258983,0.0413378702459395
7780,0.112940068807243,0.437393595449046,0.0304599840681633
7781,0.118426918977411,0.424111761987321,0.0280835743518544
7782,0.101390047372275,0.452747750581414,0.025468295379206
7783,0.0931566131892218,0.447310623974612,0.0297250159424402
7784,0.0952125471004558,0.423239535474442,0.0388245705815811
7785,0.0849353056995399,0.429470956503838,0.029808142944986
7786,0.0971294804430878,0.44235062178738,0.0285544802236706
7787,0.0975559884747295,0.439254005816199,0.0408631525628318
7788,0.100400493600191,0.4493808471764,0.0224062696707929
7789,0.0707008712577889,0.307302142583337,0.0762574202030336
7790,0.105208905723062,0.405167259301814,0.033052643521355
7791,0.0785995020625461,0.443108896409677,0.0482662608331869
7792,0.108895380595102,0.427227947744998,0.0441627157245083
7793,0.0864995014887214,0.437961702028416,0.0452017001462514
7794,0.0892336231741529,0.43713559990148,0.0346142343334142
7795,0.125128690307974,0.422043372799566,0.0321830490323351
7796,0.0856096043130607,0.439016230814627,0.0218391311724095
7797,0.117417022216016,0.442584774975708,0.0260358338373414
7798,0.0906513787002602,0.427841708880112,0.0377111034267845
7799,0.105853925668751,0.436356064714176,0.043862170152709
7800,0.10489274902809,0.440967048601982,0.0347331797892566
7801,0.0871596854138834,0.422590699139539,0.0346485693573092
7802,0.103310432704543,0.436977333097112,0.0296983351804113
7803,0.0980071368820003,0.443864207953412,0.0184671781626114
7804,0.0730356619671969,0.453092038243053,0.0371646462555202
7805,0.0869576611882255,0.434492440608312,0.0492306690765243
7806,0.0850907650060636,0.433706772800688,0.0564131797899318
7807,0.0891998854459961,0.443061433198469,0.0320845909508834
7808,0.0993839412463679,0.458257834494208,0.0394434613530208
7809,0.0814428811480046,0.43786202340614,0.0355025077977932
7810,0.0887972578239287,0.425963405649946,0.0337397714338578
7811,0.113396852660867,0.441555748301339,0.0361268733578192
7812,0.105577807720948,0.447077304139517,0.0227435359849392
7813,0.0913714209224718,0.444079576310395,0.0361463201623477
7814,0.0892085431869753,0.433481758592143,0.0258174975220005
7815,0.0887361818266652,0.426695448388148,0.029321470585954
7816,0.10012326982487,0.447321400979042,0.0317853466262052
7817,0.109006406603436,0.446231669139713,0.0202847967651574
7818,0.111737279891025,0.429137292947944,0.0421300030516206
7819,0.0981907839915674,0.441476715175746,0.041837816037287
7820,0.0912365554889294,0.42549568506829,0.039373975524861
7821,0.0697895022266282,0.424759390870591,0.0402324096846102
7822,0.106031018005208,0.445215607538381,0.0267993466953677
7823,0.0942260571570377,0.425556634685863,0.0358498745319075
7824,0.111121400501097,0.438470667524575,0.0316816869085589
7825,0.0674981304483032,0.30773983851347,0.0537942972523771
7826,0.092105410583275,0.289735609324697,0.0455233243678486
7827,0.127288369015302,0.29702201310128,0.0340870224656249
7828,0.127288369015302,0.261977878998342,0.0474763976895688
7829,0.105847146360878,0.239944243736775,0.0551798811306103
7830,0.115170665900056,0.311155357176224,0.0441815997249044
7831,0.0995062740499191,0.21918164793982,0.0575970356985048
7832,0.0684397555815823,0.283662434286326,0.0474529210885904
7833,0.109908042889762,0.323565910392866,0.0506672240384344
7834,0.0771860448560194,0.422827007310258,0.0521116752166683
7835,0.0912503195425381,0.422191193472218,0.0315614584841153
7836,0.0947751889297079,0.446820954667522,0.0345324833254589
7837,0.0936948312569606,0.445183084036931,0.0391994919413267
7838,0.108286168085405,0.444235743550624,0.0399741233420662
7839,0.103674125748761,0.43890078215783,0.0422886282104093
7840,0.0817343771904512,0.43286987873332,0.0407210666226398
7841,0.0564022527268299,0.447368162604868,0.0397434739404568
7842,0.0975442844265187,0.425459208602758,0.0400216707469322
7843,0.0825429202820908,0.426444492539638,0.0442215341262024
7844,0.0984241244977367,0.426832338871225,0.0483539284237076
7845,0.0966080924846504,0.444779478575169,0.0396643424639538
7846,0.0967240282021691,0.426428360125879,0.0286288004677239
7847,0.113917830172809,0.42674322682834,0.0485475243922472
7848,0.0763625273492323,0.44298111497323,0.027321797191781
7849,0.0888360092915105,0.438431721474207,0.0379179693111159
7850,0.104418125189029,0.429104003373823,0.0392810195296191
7851,0.108186206922307,0.422144241154903,0.0332292942731633
7852,0.115143212432256,0.433135384612962,0.034919946376719
7853,0.102170177928943,0.436529148212696,0.027284067110656
7854,0.105696319122422,0.445561988615996,0.0336762657262821
7855,0.12155509401754,0.428140398685723,0.0270616022820842
7856,0.0944700923887853,0.423536668792052,0.028203890580964
7857,0.0742045708877233,0.437084940264545,0.0319815206735649
7858,0.0798784170500685,0.440816738125132,0.0401508777336032
7859,0.0930940917664644,0.444127806701979,0.0375364694064684
7860,0.0968360951543129,0.430520352375773,0.0403829725562951
7861,0.111708653039073,0.485756788274751,0.0258477115806899
7862,0.0789146158950623,0.473193902911234,0.0208919413273961
7863,0.0934924663426288,0.423527054354139,0.0390565831031576
7864,0.0812883110025702,0.445120056281925,0.0227140916892497
7865,0.0910084615060065,0.441858888059979,0.0334375064822793
7866,0.103240082837729,0.438604592811429,0.0223447182950965
7867,0.108886721863955,0.43039399626078,0.0241664577368579
7868,0.0873373515032608,0.438791984996832,0.03165215559111
7869,0.114246760378544,0.445947671167107,0.0309020590589457
7870,0.0862161041374366,0.430365540947158,0.037032955332098
7871,0.10043401647295,0.440084324305087,0.0403858406912485
7872,0.0939131345273482,0.433544202794338,0.0558065594857166
7873,0.105629724232494,0.424108573662521,0.0428416369998858
7874,0.0845734481259676,0.429722622172296,0.0334443897371662
7875,0.0987101511383244,0.434811427088269,0.0291312714475262
7876,0.0802193350850423,0.436144446312596,0.0387531797113267
7877,0.0880105261612464,0.428269404595906,0.0359390577381786
7878,0.0740288336843734,0.444984024869359,0.0547824622713736
7879,0.0940861520156306,0.439185730399106,0.0627946123691409
7880,0.0891206379526393,0.453893449537046,0.0300939431039801
7881,0.0977933294488519,0.393035452549676,0.0322379768673618
7882,0.0795693590981866,0.441517923519222,0.0276897852334927
7883,0.099665198426634,0.431810998007978,0.0286357085275866
7884,0.0945690383001516,0.441187466025121,0.0454014136124134
7885,0.0988494283276245,0.431343764014615,0.0346096378360929
7886,0.0960031251075372,0.434636401563144,0.0476098454996336
7887,0.0970930093993254,0.444763632572353,0.0348330463739359
7888,0.116836605403313,0.334575233592499,0.0429519730389008
7889,0.100546934163667,0.363246589245779,0.0354717656900543
7890,0.112241977348234,0.429308073396277,0.0336290986053651
7891,0.0834306722920062,0.408990743906816,0.0278702633471222
7892,0.109163113080103,0.43577881279425,0.0316583851584623
7893,0.0867051790916357,0.426140080706027,0.0332312939231915
7894,0.0958107750301394,0.43884593531528,0.0328442392510239
7895,0.0985459512557275,0.435652838434872,0.0280376232902653
7896,0.0933548836832916,0.459937191636895,0.0638306810819383
7897,0.0862803029568415,0.493160647304125,0.0261853300127553
7898,0.0897923242342359,0.418905538384079,0.044743641912351
7899,0.0964132864322844,0.441775989474306,0.0402548690276026
7900,0.0879056057290419,0.486923843213028,0.031689021565801
7901,0.088822792266926,0.425671946400158,0.0307275882748038
7902,0.0974209700858087,0.437649650888547,0.061431712203063
7903,0.0727899488517286,0.426604521674045,0.0391068087410123
7904,0.0838211761893414,0.439063155641628,0.0327163320199443
7905,0.0959948810740732,0.446739603152999,0.03899000682461
7906,0.0725596409996916,0.438102622335343,0.0356670533636078
7907,0.0725596409996916,0.460653095042416,0.0223511334993156
7908,0.0725596409996916,0.461316794275401,0.0298346930304904
7909,0.0918521758973117,0.432246741208224,0.035189075570609
7910,0.0975440548956222,0.430065845147176,0.0481183763563561
7911,0.0791981292013473,0.439790581132673,0.058201689154905
7912,0.0863754267432164,0.28340738757621,0.041899778882917
7913,0.0998245544579963,0.435789356591039,0.0254876552207002
7914,0.0886038694459581,0.414178409098803,0.0341496098569471
7915,0.125379387753109,0.452823435317291,0.0283195113830156
7916,0.106476040781515,0.444004901706863,0.0255808810236664
7917,0.106898704963664,0.371828896723382,0.0513377956817602
7918,0.0944409325270212,0.409115209153116,0.0515627697841004
7919,0.0939842183525404,0.430919261144545,0.0626379797380076
7920,0.0728449643880966,0.50783763957016,0.0308607050026848
7921,0.0895236583931395,0.426765493770274,0.0474819285570813
7922,0.0918471578206393,0.3875083286115,0.0483379907272626
7923,0.0867860938157544,0.435015012454015,0.0436246085485392
7924,0.0896078003544384,0.426627153757844,0.0337810221120579
7925,0.0948535504396671,0.442537933965103,0.0339036620158094
7926,0.104469213082796,0.44328291694914,0.0504910174945482
7927,0.0890793402246286,0.439500265477904,0.0379863622729657
7928,0.0760429809814036,0.471282481054819,0.0476643849454527
7929,0.0866738541364542,0.436996200711213,0.0322814619347141
7930,0.0905788351262551,0.445473260464709,0.0379238287005712
7931,0.0954919427214854,0.455976746902606,0.0340304587230799
7932,0.102468827867037,0.448010707905405,0.0331441248921927
7933,0.126021502885189,0.421308835508359,0.0387194215171831
7934,0.126021502885189,0.423226024176645,0.0298409594001666
7935,0.0850914525678249,0.452592958889444,0.027564582934826
7936,0.113593423279633,0.431556343454827,0.0599766893196029
7937,0.1114147985171,0.430738581810703,0.054929172630913
7938,0.104912142529395,0.422502377970551,0.0422089445999117
7939,0.0997858106608111,0.437430664082797,0.0245993241969609
7940,0.104345595357098,0.431407853871226,0.0566806781815105
7941,0.0872396677029748,0.45123132981012,0.0310269093175943
7942,0.0861808978278586,0.425814416451217,0.028079461990525
7943,0.0932827787788753,0.422360723236847,0.0347447258712936
7944,0.0959473053796205,0.425584120345992,0.0414195079926406
7945,0.0938098412205135,0.500436543079439,0.0264639268010897
7946,0.0931739639552688,0.350624771856299,0.0373284272551367
7947,0.107580957692825,0.430907716065695,0.0399971741683537
7948,0.103587295453414,0.42234278302369,0.0440967280341141
7949,0.113853447565334,0.435799888884947,0.0270782309631356
7950,0.0796721484934824,0.422459717755423,0.0315713484308061
7951,0.108924451141489,0.431198741427241,0.0338997315585952
7952,0.0874366469472437,0.426840398125271,0.0591306860150617
7953,0.110093355789742,0.444367507196343,0.0338727503302646
7954,0.0809091684975438,0.422897023224194,0.0555618102560999
7955,0.0649074310004164,0.427625729637702,0.0550379777147131
7956,0.0903316121004664,0.4391865798327,0.0264225982124915
7957,0.0958877310524783,0.392305315105712,0.0445525465138591
7958,0.0932121373961098,0.436942446913723,0.0287103719258557
7959,0.0692832993441744,0.430702170326988,0.0590331636332422
7960,0.090523018774075,0.44077843119678,0.0642556663772663
7961,0.0915654602319319,0.422745027566136,0.0311604887120131
7962,0.105487936967768,0.388281118440922,0.0259374826608396
7963,0.0941733485568375,0.286285812308698,0.0409485793961024
7964,0.0987224598039197,0.235630306752423,0.0430272764937365
7965,0.104386043884995,0.279039396707804,0.0444300391184679
7966,0.102663958861955,0.286504516537321,0.0542182354336808
7967,0.0903556942505632,0.314286891447304,0.0385660667702506
7968,0.0922314185122718,0.28065887355492,0.0560913832290235
7969,0.0789565204530871,0.32847799429746,0.056183642841624
7970,0.111370350600657,0.252712710230752,0.0393461289145403
7971,0.113786690003592,0.305523424862974,0.0679164779736843
7972,0.0727273678181953,0.435601351717068,0.0279899537512818
7973,0.0989582984190584,0.433119563989728,0.0367710033754977
7974,0.0885073326824395,0.460211125334421,0.0284084303060021
7975,0.100745539189273,0.446374332787872,0.0492697116524265
7976,0.0948909043323578,0.447150959487757,0.0338914176788164
7977,0.0878150717754036,0.425952206771427,0.0456535825310083
7978,0.0803043133058539,0.442042238675725,0.0328105504304573
7979,0.0905087182669682,0.432498354273483,0.0446303599995245
7980,0.0924335136485941,0.336959999148307,0.0541700407362124
7981,0.0740379290377816,0.303792155658706,0.0551634275472094
7982,0.103348553995869,0.278056002699086,0.041945960990828
7983,0.0822259741843964,0.330005410965106,0.0492537432926646
7984,0.106827056128718,0.432593824921995,0.048364928307245
7985,0.109326636436996,0.437026256691299,0.0522310623679534
7986,0.0860469714669347,0.428492468734721,0.0252694366778387
7987,0.0878791879300896,0.431675300239253,0.0418246234253967
7988,0.110053341156547,0.423846481151702,0.0335500515711013
7989,0.107059292732885,0.435424319448839,0.0279483368475206
7990,0.11590763296249,0.427718247385115,0.0319696447070745
7991,0.0925454862124171,0.437836534532575,0.0359759827951478
7992,0.0912478329754902,0.448690050499492,0.0206123579769967
7993,0.0815430592754,0.431879403588989,0.0384967414388127
7994,0.117919100283721,0.441537255717197,0.0474063241075177
7995,0.0987758614636468,0.454979499778617,0.0372005502464421
7996,0.105295455934567,0.429184033293296,0.0331718838887846
7997,0.0876929197987215,0.426411397233355,0.0275684855307234
7998,0.0906582714501332,0.435292277952439,0.016632778783979
7999,0.09334112976693,0.44003530698641,0.0351823314782785
8000,0.100581009001197,0.439973549880866,0.0383842528782096
8001,0.12022529774131,0.425817389153022,0.0382630043206241
8002,0.091420716522747,0.436536613255063,0.050477965797415
8003,0.124775068808193,0.45310128363401,0.0419080500737547
8004,0.0868816629108299,0.437554430971105,0.0352474772855955
8005,0.0803616093468665,0.44489287737393,0.0413460215797406
8006,0.0925707927728191,0.500079157466358,0.0365790587069133
8007,0.0955787784469079,0.427494650110097,0.0279881175992359
8008,0.0880984519841637,0.44233124852395,0.0361827711166184
8009,0.0866185540334597,0.435879144259689,0.0296211972692004
8010,0.102762519524105,0.429030642494817,0.058618765982305
8011,0.0784472628068985,0.425753350004364,0.0386005798923561
8012,0.109039710444066,0.446128510137617,0.0271905508622337
8013,0.102547748679168,0.43915232478436,0.0327355216837851
8014,0.08806134065473,0.443016227648273,0.0286910258043118
8015,0.108755319534256,0.428745935120012,0.0342979626445767
8016,0.113666758845683,0.446700520167773,0.0445912436464233
8017,0.0883335642716218,0.47716178500244,0.039895289729727
8018,0.104025208457833,0.440504064453021,0.0296900706436001
8019,0.0961623935673394,0.431195732125151,0.0271930294889006
8020,0.108742370051286,0.424295434982819,0.0334047966051342
8021,0.103944014487152,0.422628385180958,0.0431644423172758
8022,0.119369864437517,0.443667875393775,0.0477291678124884
8023,0.090746865861249,0.425045849327986,0.0414432965299329
8024,0.0894827529965193,0.439522973422445,0.046082024522077
8025,0.0708018146853051,0.433983152162552,0.0289761627836862
8026,0.0737027559084664,0.453841215008852,0.0306601825159208
8027,0.0630720980973401,0.436829109341592,0.0302823689300133
8028,0.0918412649208872,0.409073582141809,0.0516750192840365
8029,0.0768456156443904,0.4463804771491,0.0323095208074699
8030,0.0865586889079213,0.445334341528757,0.0229172789437216
8031,0.0857397486549983,0.431160809699423,0.0290069134059935
8032,0.103408787473668,0.432546442776196,0.0273761396888078
8033,0.108571541229264,0.445584845727043,0.0497565571092453
8034,0.0814081568402484,0.423857667997565,0.0396349362878598
8035,0.0972409012505102,0.423755782727427,0.040265902458893
8036,0.0988466711176256,0.313196928713398,0.036732620583719
8037,0.0919616926849523,0.434344222552688,0.0370366419692126
8038,0.120264534253551,0.432318198212665,0.0260854643844944
8039,0.0776015737710079,0.425310271112629,0.0334220084481171
8040,0.0791945624881585,0.442871244641453,0.04414136432083
8041,0.0917126299593412,0.453775884899019,0.0356674251361289
8042,0.098259027626324,0.43353589922749,0.0399607396783981
8043,0.113664365364021,0.434876711801727,0.0563131453666768
8044,0.0788966436693252,0.441029530641031,0.0355648678926323
8045,0.105735487355904,0.428149980817402,0.060425015272561
8046,0.0740729177615636,0.445004340917547,0.0329939518335131
8047,0.073030936086753,0.442135790095474,0.0427750254262493
8048,0.0860827499440577,0.449821997756241,0.032300882442631
8049,0.0963920052872883,0.444223943619133,0.0238118096479474
8050,0.112594295894025,0.431325646095926,0.0262649592905817
8051,0.108508102381522,0.423832290540548,0.0472886804440785
8052,0.118688883560756,0.413919122039617,0.0463367157839837
8053,0.10130881835542,0.424773630406565,0.031850635368095
8054,0.0860449306551113,0.454745999726347,0.0351134713352785
8055,0.0757298744180417,0.444936726357988,0.0132267359113006
8056,0.100977851815121,0.440412177507292,0.0434517665150052
8057,0.0997343597355285,0.459550767838253,0.025325267597458
8058,0.1058893696527,0.449975003449659,0.0279338114959331
8059,0.0952952332513037,0.424129569991113,0.0366006560391645
8060,0.0932410765494052,0.442923079083564,0.0427373044187884
8061,0.0952821951164196,0.4330550483656,0.0325489028417575
8062,0.111285749338202,0.437925739501506,0.0299130205121148
8063,0.109548496781636,0.431644070486891,0.0352900110330405
8064,0.097443152474744,0.426606923209616,0.0373015780979268
8065,0.0804347625881926,0.496850984704381,0.0275589242506938
8066,0.0928043382026974,0.441337897505136,0.0311921939908178
8067,0.103438752637546,0.43593712717349,0.0315699917553225
8068,0.10046622506607,0.438235037624339,0.0276336081989132
8069,0.105119367871805,0.388719450379715,0.0509096464880314
8070,0.0762042370108578,0.446816950750706,0.0348276223798764
8071,0.10048248750185,0.440695005976749,0.027988439665089
8072,0.108740363534935,0.461874874684305,0.0255123840418073
8073,0.0978089874076719,0.423671358744699,0.0325786888502821
8074,0.0824737255447526,0.447348347543486,0.0385823719307129
8075,0.0877075723190072,0.436120678893881,0.0355111896632511
8076,0.0983938537872145,0.424891727356417,0.0275144674772181
8077,0.0942202732816192,0.423021626680542,0.0320060948082785
8078,0.110339279777137,0.406457631869599,0.0291777000952825
8079,0.091823661526214,0.426343118504577,0.0309905925994911
8080,0.0887802194953826,0.424908453147468,0.0317903666767496
8081,0.0956134997619152,0.432719006948794,0.0317206852191285
8082,0.11163613609409,0.423240230702954,0.0354416120261885
8083,0.0973511753595593,0.438251289007837,0.0442442630531097
8084,0.0827585436441211,0.438674474485837,0.0295366896200251
8085,0.077294340423276,0.447324812751631,0.0488634107138387
8086,0.124814105559986,0.449550986065924,0.0374912096641374
8087,0.124814105559986,0.42926329096494,0.0272899475690674
8088,0.0843582901192091,0.425336024475044,0.0414668068501002
8089,0.0710192543634852,0.432437115519587,0.027659728316355
8090,0.0926915282345494,0.433338528608113,0.0428221525077511
8091,0.0521773933530149,0.438101843107277,0.0326638070151951
8092,0.0951929442426562,0.422777197150697,0.0241087532889393
8093,0.0912058771447367,0.423918552528105,0.0389455426086144
8094,0.0947150724260219,0.444707625167869,0.0567224411504597
8095,0.107831649914932,0.422327567596424,0.0296370974409569
8096,0.0963722246069525,0.430881684650007,0.0295409190119637
8097,0.116283441037309,0.433805213582955,0.0383101407430622
8098,0.120463741280621,0.430697911099042,0.0509896648604997
8099,0.0942774111795274,0.439538262801264,0.0318190771602398
8100,0.086131759412617,0.445608938223179,0.0423773669153874
8101,0.100368447580214,0.437930453583872,0.0400452258011836
8102,0.11006718491956,0.426975313190949,0.0391502856990867
8103,0.0968982942127179,0.42229256137747,0.0340284855860088
8104,0.102726600502188,0.443311695728368,0.0338205992000336
8105,0.0941729829009334,0.453802906862925,0.0291443753374492
8106,0.124281543733667,0.443032216718553,0.0242540008921778
8107,0.103795545990999,0.45792292171189,0.0435502418945853
8108,0.0773282659576429,0.423673742171523,0.038337110202421
8109,0.093097976152574,0.433249159053991,0.0271585502532634
8110,0.0777880208371945,0.435084454415012,0.0308994611650646
8111,0.114231299115173,0.4475136087098,0.028434879656965
8112,0.124473743128943,0.442537899032889,0.0364473718783132
8113,0.10368500908654,0.429991473723314,0.0312525786712481
8114,0.0959727470935512,0.429152588975209,0.0444143835598911
8115,0.0703216695424047,0.465272327302527,0.0303698400877092
8116,0.0918102687846275,0.432662259096522,0.0333186263843958
8117,0.0928833090520067,0.443007906994686,0.0320552669782307
8118,0.095382321980617,0.426123555500058,0.0377798075944193
8119,0.0697743999960789,0.445008269628707,0.0301043656889632
8120,0.0868501747449143,0.433277357638706,0.029730147966831
8121,0.104385505147389,0.431805763243826,0.0342365422928517
8122,0.0932136899412978,0.429973687519902,0.0410541494902159
8123,0.103902553063199,0.428831987685069,0.0533171367410617
8124,0.0959724882875511,0.439637967834579,0.0280096263961769
8125,0.0924971030737678,0.445622919564136,0.043078339292452
8126,0.103045507311944,0.401537421703531,0.0504112295224365
8127,0.102856019446857,0.438149095019273,0.0372154348396723
8128,0.0755032059398258,0.447037837682286,0.0353946195137988
8129,0.0944071672770409,0.432576487320727,0.0232671903802306
8130,0.100172102726681,0.426506992873878,0.0519291833591663
8131,0.104847115038003,0.429131153447224,0.029720502309236
8132,0.0981799602956965,0.426321173054841,0.0606792167758119
8133,0.0638216639438134,0.443224848702194,0.0584577923156242
8134,0.10513607914325,0.42722002649014,0.0354443057529325
8135,0.083172331071162,0.430217017957224,0.0454718913304703
8136,0.0972591068049694,0.377851007075208,0.0390000946193186
8137,0.0885843262611741,0.436712447638102,0.0387022900612611
8138,0.0778550828272094,0.412015209879596,0.0466753907225524
8139,0.123264898773766,0.467034929872326,0.0279053021248579
8140,0.0874923272596366,0.427361948012821,0.0365680543705017
8141,0.082549130512762,0.441289053704818,0.0465766189797314
8142,0.0936977060320224,0.446215197154923,0.0402526268407155
8143,0.105820973209508,0.423984191282073,0.0240802428799138
8144,0.112895562237411,0.441486135208839,0.0348576017211637
8145,0.092514823421808,0.44290738709146,0.0473251150175762
8146,0.103944479536319,0.441344560597796,0.0240545249464277
8147,0.0830254852654148,0.339018864699443,0.0526786690885759
8148,0.0694115119565648,0.440984438701621,0.0373018694217486
8149,0.0690151506754842,0.43459246515346,0.0575157134947328
8150,0.0593860114358298,0.390950415057328,0.0397018035875514
8151,0.0931710299447702,0.431803405975147,0.0333370502559197
8152,0.100845778340233,0.396597198122445,0.046131513303119
8153,0.0972253969034477,0.342884744350073,0.0451555500674601
8154,0.0938750577700479,0.314088707645303,0.0446709082620087
8155,0.0946496998612343,0.278246553267497,0.0487596414412616
8156,0.113808022233214,0.335622476476324,0.029443656206539
8157,0.121720964074883,0.408079378788978,0.0454931384884768
8158,0.102948859544237,0.41047544980853,0.0296444608720167
8159,0.11545055825624,0.308293646679653,0.0467696946276579
8160,0.0647302498483102,0.424677711306261,0.0359721402416956
8161,0.0796129626646567,0.447037157407789,0.0289988735549711
8162,0.0740610292520224,0.439784953403324,0.0314218385398986
8163,0.10828147592969,0.443822753520802,0.029666548814725
8164,0.0970569496916717,0.444299808100981,0.0367956914713443
8165,0.0831312040068661,0.390660005620218,0.0440812378791976
8166,0.104932365743876,0.460462940538996,0.0314879602922959
8167,0.106773910038015,0.439511625494188,0.029598399238369
8168,0.113291730847477,0.429859793001414,0.0285313691172687
8169,0.0852915805893812,0.407581106764933,0.0359140539630725
8170,0.117330500917126,0.431555489376583,0.0365223038985615
8171,0.0892368749500716,0.422909935068562,0.0407971747336223
8172,0.108418361508319,0.427054233079893,0.0319291631426779
8173,0.0982277892737837,0.454371196644203,0.0395005977100452
8174,0.102088916424861,0.445786119581915,0.0387838300518492
8175,0.0976070529080149,0.445351287203564,0.0312605759422494
8176,0.0922424962353588,0.440682884352455,0.0284402406450533
8177,0.0987238668816173,0.444194542705833,0.0277968223654555
8178,0.109298474157826,0.455221849190563,0.0279025953444086
8179,0.10470592556449,0.441014009554164,0.0328281586636903
8180,0.118504739844073,0.440566839510683,0.061350564996235
8181,0.112602424635604,0.427861111937944,0.0354828270940683
8182,0.108869915418356,0.458232391139078,0.0233261672454277
8183,0.10467295640757,0.432684848475459,0.0306607967379947
8184,0.102880509516137,0.436781867869436,0.0290764511856936
8185,0.0774083862529541,0.436174383173795,0.0360312595600985
8186,0.0864072482007296,0.439891353815636,0.053519732628625
8187,0.103348334112819,0.429497999705974,0.0376654207377104
8188,0.104710171281912,0.438313612982383,0.0443400112037872
8189,0.0799994118196431,0.42944733839804,0.0400070483676977
8190,0.0807793454341477,0.456649302416739,0.0300851784478086
8191,0.0998791254627106,0.444108906853881,0.0293065001082241
8192,0.0886866699103739,0.430483649009535,0.0294188557215693
8193,0.091724018281917,0.466831732822483,0.0436153403319484
8194,0.0917719672338925,0.554999105221393,0.0166685846181333
8195,0.0929767495993031,0.441315067939725,0.0283983720412332
8196,0.0771997405534163,0.426622353726578,0.0401961597484006
8197,0.113739409014096,0.431891564960054,0.028375042430535
8198,0.0901561150527043,0.423346725462986,0.0500138369347925
8199,0.0977209241481701,0.4349073848398,0.0279842692335528
8200,0.111705784235442,0.441987986768787,0.0384440177970129
8201,0.106577831184495,0.426573807803883,0.0341456206525544
8202,0.0917527429729567,0.440448278172103,0.0279815520614366
8203,0.0913187790929438,0.441187418272108,0.0386623576814716
8204,0.0975352271504195,0.425966811448613,0.0372745307255734
8205,0.0818674625263219,0.42871200280369,0.0262533175762228
8206,0.0904744083875547,0.449272208017301,0.034665068940883
8207,0.0987323776861924,0.453956362123676,0.0360877094255193
8208,0.0939426955529664,0.437100529933766,0.0257878045432463
8209,0.112156786753815,0.437031700798791,0.0266953015863312
8210,0.0948362273888089,0.476080361938128,0.0237022928895699
8211,0.0970694307499774,0.43257011507599,0.024418272017694
8212,0.0865750541965025,0.334172816661368,0.0301471931847755
8213,0.0963984707690683,0.442528712824971,0.0318149883488687
8214,0.0803808159666989,0.443582814335414,0.0283578005545186
8215,0.0930649246762211,0.423499789005048,0.0401187071423485
8216,0.111453750574745,0.424898983263044,0.0223352115541416
8217,0.104380533240185,0.424087369265086,0.0291100815426375
8218,0.113755115767646,0.498512851641441,0.0306884043996407
8219,0.116170729762793,0.437502349878938,0.045493776032824
8220,0.114442663701939,0.425232470639119,0.0398589036949762
8221,0.102468435057528,0.451128319498807,0.0244486049001902
8222,0.0916622566469557,0.426381372125388,0.0320475107022375
8223,0.104434909376674,0.321080557827819,0.0382492346504735
8224,0.0787468403274624,0.323267321065328,0.0642649412456359
8225,0.124054395156484,0.390822551262219,0.0431690398680545
8226,0.124054395156484,0.44827957491711,0.0384506023899162
8227,0.124054395156484,0.417117374531258,0.0511576874803043
8228,0.093309149916369,0.424717726082375,0.0416019325089347
8229,0.0898773680096047,0.422044918702696,0.0318277008873558
8230,0.0911035669360741,0.457727454132564,0.0328732570187196
8231,0.0711534408111729,0.437521975209583,0.0429821483592517
8232,0.0930715875443104,0.451224210069409,0.0303156024134287
8233,0.108716171708401,0.463937898967923,0.0335020544785425
8234,0.112117589259853,0.446388077651135,0.0377744833859134
8235,0.108237472160726,0.356693470766643,0.0698172282648567
8236,0.0782440127182936,0.4373875793839,0.032868592563762
8237,0.087247225877869,0.409487440573841,0.0547625654128636
8238,0.0941710793592916,0.411823577853894,0.0427246463436761
8239,0.10199736754141,0.297891763966119,0.0499422994071634
8240,0.0914588700808547,0.350770981527288,0.0338122440181797
8241,0.113656865352408,0.423668366064321,0.0412217698770219
8242,0.0819883685363744,0.422958919487774,0.039619094118128
8243,0.110540997110927,0.433814156533547,0.0227666983448754
8244,0.116125557946268,0.446390887997669,0.0517824901988354
8245,0.104514120092303,0.43551694971644,0.0322156579547424
8246,0.107696296144928,0.430103786209531,0.0273907964101469
8247,0.0917704505421048,0.426168071005862,0.0282388665208661
8248,0.0853448532111857,0.436424790826953,0.0307993608599938
8249,0.10198445902959,0.425626472119676,0.0384367637193065
8250,0.0864129607681407,0.444709027083019,0.0318126170409791
8251,0.118534297585511,0.429165323571668,0.0451385813346672
8252,0.106264331423303,0.466685766189265,0.0271119563633569
8253,0.102060329660556,0.439476997264473,0.0429388529905175
8254,0.0885587375933011,0.500013401121621,0.0421650761483927
8255,0.106944713505655,0.457270055352983,0.0529265828788777
8256,0.0907722425525894,0.423154702766085,0.0405419273210492
8257,0.0970275678496496,0.438389582599175,0.0330001309081268
8258,0.0759651209032408,0.425086777952032,0.0327254653587529
8259,0.108502741467614,0.43357983977608,0.0446570115410569
8260,0.100362021905178,0.424130441265865,0.0286072821792514
8261,0.0998395653590199,0.430797369780918,0.0318227130280777
8262,0.103147152661941,0.439620377381318,0.0321652696792309
8263,0.109539632116325,0.446669094340221,0.0316049468270202
8264,0.089579951699559,0.422365020217024,0.0537077669157233
8265,0.115865672987806,0.445403728309985,0.0251156036071936
8266,0.0983045543530522,0.427422092328256,0.0310382349591857
8267,0.121342236740942,0.432460985380296,0.0424018537558282
8268,0.116618624988756,0.429972258931291,0.0211737927653559
8269,0.104947491562671,0.432561328400161,0.0248426039866626
8270,0.07490172706305,0.429487374222988,0.0278445559331611
8271,0.0988634237964111,0.429543417909966,0.0338197264626486
8272,0.0890621004636694,0.456362406393552,0.0374329486042237
8273,0.0828787948321285,0.424881152709388,0.0596194350495679
8274,0.0979768928981107,0.427335710230911,0.0323379803429744
8275,0.101374174097068,0.439575432269295,0.0291920896144669
8276,0.0854017509787888,0.445726287927714,0.0379925714937328
8277,0.0883672975552061,0.431839376888238,0.0413549131675768
8278,0.0968227922723935,0.445879397485275,0.0413205360500021
8279,0.106130679540566,0.413086164022787,0.0455159499844421
8280,0.111591471562145,0.422866403669645,0.0291409054803997
8281,0.0826863516605323,0.433757018325923,0.0318893656708622
8282,0.0990480004523654,0.431765152716114,0.0418675678369378
8283,0.0799016398202689,0.441707523370675,0.0289681934906269
8284,0.0657529953442252,0.437954634570211,0.0312129317101847
8285,0.0843866486149273,0.427840106022083,0.0414078753805574
8286,0.0906656235999208,0.427161003428398,0.031147506401229
8287,0.102129249612128,0.435954371403,0.0250464510861788
8288,0.0940850708759747,0.444053958167439,0.0308110603685179
8289,0.101793299674842,0.444403225203751,0.039751215623839
8290,0.12590092903551,0.43961207117732,0.0336103680939654
8291,0.0748738344992986,0.441828290559492,0.0433781420264367
8292,0.0883163162173088,0.426872494044288,0.0417805662331593
8293,0.119152546859266,0.423580692553511,0.0322710813793303
8294,0.107085107795299,0.425732543375557,0.0421104006095771
8295,0.0944127594337376,0.429765385446395,0.0307398068837939
8296,0.0788051565162105,0.436162186148552,0.0231400410830396
8297,0.0923564408284639,0.427736005215299,0.0331412401746975
8298,0.0842655940677067,0.434259863016658,0.026393620005908
8299,0.0875156081572177,0.450285826006267,0.0228763843836827
8300,0.0924388519958527,0.442725326192497,0.0216983949770314
8301,0.102186208376358,0.442213444952692,0.0350265900127482
8302,0.0905227536780982,0.436087674863029,0.0304415322152678
8303,0.119190414477828,0.442329703042569,0.0282929480401637
8304,0.0713580130041345,0.444023749224425,0.0320579626828086
8305,0.0904820254290079,0.444175864158636,0.0356886814290374
8306,0.0906743977613488,0.444104875875529,0.0263304051938739
8307,0.0985195875699253,0.435589287576909,0.034477161455023
8308,0.124118484079092,0.409244563647281,0.0504047185188697
8309,0.0717815085520953,0.438451949373787,0.0356580573488147
8310,0.119383902736744,0.433766067867864,0.0350030622955185
8311,0.100087295960384,0.429790053913362,0.0441410472946504
8312,0.0834121726630713,0.444412719507614,0.0425471030363768
8313,0.109070648027155,0.436379547002936,0.0293662766044743
8314,0.0978485535612867,0.432909714049995,0.0469564748203965
8315,0.092487359116101,0.429317120807181,0.0403488401527623
8316,0.123651782318733,0.461269386125348,0.027534367983344
8317,0.109878455139431,0.416694050886149,0.0502509513122071
8318,0.086163493155343,0.436657608380438,0.0332753768830006
8319,0.107019127619331,0.426746182518984,0.0872497538580227
8320,0.0792782884879494,0.430169002299649,0.039871041378993
8321,0.093351957253237,0.427640008154151,0.0370979119196445
8322,0.104416454117018,0.458528139501002,0.0276723097807354
8323,0.107015559972306,0.429826341855666,0.0259043121196039
8324,0.10144585566775,0.436294868895164,0.0363232708242143
8325,0.075424082774858,0.459381030715306,0.0480930232965672
8326,0.106545697389327,0.439058378870144,0.0342736726187612
8327,0.100406438186581,0.433598722784583,0.0489380745550144
8328,0.096377755826029,0.436064589070784,0.0294473897703494
8329,0.100119476577816,0.42657626307384,0.0263425373397812
8330,0.0973798807660684,0.430023743394572,0.0368113168503918
8331,0.0933723331898276,0.423720610725925,0.0418280465061204
8332,0.0931526842554969,0.44658662386207,0.0329250695393744
8333,0.0934792940041566,0.452299479808373,0.0350142464123106
8334,0.10321616809603,0.438452200188304,0.043293362825444
8335,0.0948511732318291,0.423528964610763,0.0379880896658555
8336,0.108517138456455,0.443930597546738,0.0497647127251782
8337,0.0712048095851008,0.43014258425895,0.0320029603640033
8338,0.0762251519310299,0.440111224704689,0.0415786045790425
8339,0.087103147886732,0.435996626519375,0.0446290057918705
8340,0.103164196319795,0.448922109572141,0.0308731020487527
8341,0.0936612160623409,0.457064310586773,0.0499557733630919
8342,0.0871329913515852,0.42533032509144,0.0341012053121881
8343,0.0818238848683432,0.443964205310319,0.036550054289603
8344,0.0781173153804511,0.454760444113751,0.0293756869680863
8345,0.0826142425025717,0.450171423481916,0.022278670501787
8346,0.0951628033786866,0.438533254669036,0.0390161335860498
8347,0.0923313147448948,0.431587122421279,0.028858596899103
8348,0.0891244085497129,0.426862054452314,0.0298516758585311
8349,0.119483063074998,0.426357277485012,0.0328659016082978
8350,0.0733278642658561,0.425623148928875,0.0471340081491295
8351,0.100582172625328,0.443907895984014,0.0354216715907932
8352,0.0965183807834276,0.44023774162403,0.0395778733912652
8353,0.0994833422435757,0.432750255263995,0.0283614406566282
8354,0.104009771433868,0.454175336953164,0.019669610226489
8355,0.0933041336948074,0.444765034402106,0.0310361407204093
8356,0.0922038704357832,0.42655450333842,0.0346509039591264
8357,0.11121080798579,0.438769144241214,0.0222544715235641
8358,0.121343104475711,0.442322155570434,0.0441979305214641
8359,0.0959835256933433,0.434637623197533,0.0375091918839194
8360,0.10328606322039,0.435397082458051,0.0278115529917932
8361,0.0749243925814766,0.425504582220889,0.0422203836041688
8362,0.0976547401061702,0.442445340340555,0.0414681067343656
8363,0.0830796356849749,0.396610857830356,0.0402877574459148
8364,0.103331367554109,0.435381886299622,0.0303139256762709
8365,0.0787116302152792,0.441184428412535,0.0292364589202955
8366,0.0980282716489949,0.42498541471581,0.027071188305355
8367,0.098141521451344,0.443425792856193,0.0283058855554229
8368,0.0998726327246176,0.438524651851997,0.0329905074435755
8369,0.123820849768015,0.436184096809711,0.0427808258630323
8370,0.0881519368896857,0.422805563204929,0.032262011455391
8371,0.0825777351041289,0.428964045179238,0.0349267900565864
8372,0.0690809695078098,0.423021910138331,0.0531517323215974
8373,0.0873978768602345,0.409085181677127,0.037390575277846
8374,0.136669521308995,0.428042441557359,0.0305150931146974
8375,0.136669521308995,0.442967680093742,0.0361339546229127
8376,0.136669521308995,0.441471012226498,0.0386016718960069
8377,0.100154301422309,0.432226508914777,0.0697175905673313
8378,0.0847860830465965,0.444444092283697,0.036632069214936
8379,0.101604024141039,0.444066877971499,0.0439295167561391
8380,0.109233578200944,0.441703929226943,0.0222771054271357
8381,0.101611881298929,0.451550449203348,0.0510080321411907
8382,0.105698519674675,0.441504073398371,0.0304669818790128
8383,0.0888286695231575,0.447273867998766,0.0348421424051655
8384,0.0929165406889512,0.425764910720007,0.0393676086285612
8385,0.0715812250349334,0.426121075305026,0.0431403069307296
8386,0.127336336276334,0.448128130861254,0.0328493489126859
8387,0.127336336276334,0.426602937943912,0.0385547195149073
8388,0.0789959929575977,0.427638347780724,0.0306665606276685
8389,0.106407227563022,0.443062580530095,0.0426330567095368
8390,0.105376476936514,0.424810353214946,0.0309075045895795
8391,0.111458955479394,0.436264388458335,0.0285335608685117
8392,0.0956154747248853,0.423372319574767,0.0272073625331755
8393,0.0669549409738328,0.424346216523492,0.0353125273856537
8394,0.0887815761493174,0.317345423296882,0.0524348194519246
8395,0.0995351173933108,0.422968473969418,0.0399099747120713
8396,0.0833315319168263,0.488389885779179,0.0397023353952266
8397,0.0812657489247273,0.460950562526153,0.0295892713141922
8398,0.0949734992011595,0.444948241434358,0.0429886352324503
8399,0.0802226175702315,0.425867347079013,0.0249816371581187
8400,0.123033577613635,0.426025351093134,0.0326107777725472
8401,0.117017094915819,0.402009735816094,0.0488557600004633
8402,0.113468627791918,0.426595775551341,0.0373707025541492
8403,0.115273139945103,0.427948080994153,0.0472845027456946
8404,0.0927587109567068,0.43679421365914,0.0288714544270179
8405,0.0906981033848545,0.45701590407346,0.0322128478390788
8406,0.101162082289384,0.436917956088926,0.0358229851255221
8407,0.0964804624042383,0.429750076552258,0.0389946540197992
8408,0.10244941884666,0.440160595056557,0.0365776923934885
8409,0.117169851639825,0.407119748132034,0.0407053270253351
8410,0.107318089356449,0.424745406347575,0.0291583355829302
8411,0.094471423661239,0.424903475276011,0.024458560266296
8412,0.121157320172785,0.426884036620538,0.0329032084800735
8413,0.0975251640069012,0.440499545494934,0.0449609161753818
8414,0.0946391846613205,0.435888514159823,0.024458894213182
8415,0.0912156362847829,0.443683229214229,0.0429614717502617
8416,0.107207002820034,0.42743789109826,0.0289212746427876
8417,0.0884859495612614,0.449740291995911,0.0379470306042159
8418,0.0906515194431009,0.436443081668379,0.0518672652280367
8419,0.0905921187828505,0.440661833691036,0.0367606742680183
8420,0.0925690606755873,0.441485485088408,0.0341289762472272
8421,0.0786971338987159,0.434728608608383,0.0250199024986762
8422,0.0864203300441843,0.426310420893785,0.0313679746381169
8423,0.0912515758422225,0.442887526680151,0.0236546922946951
8424,0.0989689433172204,0.448578468361848,0.0318685537529094
8425,0.0983149509495301,0.443580172187568,0.0377406037657492
8426,0.0896438611070419,0.453406473354079,0.0288822163388942
8427,0.0867830047761848,0.444799456499714,0.036192796459166
8428,0.0999033346790241,0.446933541016195,0.0347367401186152
8429,0.0900304918863435,0.425107750392062,0.0408529087379053
8430,0.126470520538079,0.437638757890828,0.0262103193846477
8431,0.104496659087474,0.422709393461487,0.0216053632821796
8432,0.0711160232560749,0.452972180479328,0.0346870427043756
8433,0.0994194315524636,0.441113202493057,0.0419769085803982
8434,0.0924026839508204,0.425734000375614,0.0437617853242324
8435,0.109955080468472,0.431721977560582,0.0400867234132167
8436,0.0915746417578885,0.422111545344887,0.0358092305444573
8437,0.0935206090367163,0.4331360145908,0.0351585147324943
8438,0.0834423268959097,0.43154478659618,0.0230051341539954
8439,0.1004554918146,0.42771298755986,0.0314474815688588
8440,0.0961373037872874,0.424679801318981,0.0257645384348196
8441,0.0821037540936153,0.433412113579469,0.0513499846846705
8442,0.0923990114693411,0.444293470051381,0.0491636778865673
8443,0.0912568742974161,0.440922646447985,0.0390429889883573
8444,0.0871364053127882,0.438211948664986,0.0255894091703005
8445,0.0909179504240727,0.427835675603807,0.0461900033583712
8446,0.110092591635527,0.430727904237233,0.0448886061619165
8447,0.103702501394692,0.427376789873556,0.0365265271772742
8448,0.110229651462472,0.446151734526976,0.029704040523111
8449,0.106977620826301,0.426134531902551,0.0454370545837457
8450,0.111639508744032,0.425789853629009,0.0352795809579292
8451,0.0960159596181599,0.443392831036804,0.0380615669291611
8452,0.101211167331563,0.443311866446604,0.0280548239288822
8453,0.122602784215562,0.437546809428326,0.0310829865770745
8454,0.122602784215562,0.446107884776432,0.0395921331125635
8455,0.0728477828978582,0.442093329049368,0.0460246126797972
8456,0.0978710068105361,0.431234930029782,0.0264735464628215
8457,0.0902059190888939,0.449961090394123,0.0255117365511855
8458,0.0667192951111305,0.429378947899342,0.0268820671927676
8459,0.0957334387340001,0.441049653254848,0.0277555886429604
8460,0.0892509299371049,0.426814264254809,0.0436514393462908
8461,0.086307948998885,0.430344182246428,0.0224433431158878
8462,0.0957767258199547,0.458184587362297,0.0359936735193995
8463,0.0971083573685249,0.424441438048123,0.0296593219954698
8464,0.118937078751595,0.423932794962948,0.0356375827616347
8465,0.106402239215498,0.426173413070052,0.0355227717984071
8466,0.102138116691162,0.441825568874773,0.022045277088819
8467,0.0958012414176361,0.460443257097721,0.0404076775982426
8468,0.0587986114247862,0.453502830650421,0.0287260082954837
8469,0.103319586401251,0.428735074617788,0.0463055723112068
8470,0.106825859117217,0.428257846164848,0.0412433308763924
8471,0.0922086242807176,0.436893991541394,0.0453361979213216
8472,0.0996155207221801,0.444987605431409,0.0267115154492396
8473,0.0922810688729322,0.422585772385433,0.0401742762027447
8474,0.0823950625108433,0.445626046391089,0.0351921477092627
8475,0.103713866949685,0.438564175399851,0.0291698861641668
8476,0.0945365208498383,0.43416029464216,0.0388140457186215
8477,0.0972952580067169,0.434663085304954,0.042063659459116
8478,0.0996975008527861,0.447036363957692,0.0294804928066263
8479,0.0564216354727121,0.428465748068269,0.0467061364866342
8480,0.0564216354727121,0.454616877408892,0.0250755875059997
8481,0.0704027026683374,0.422824394723459,0.0377282249979923
8482,0.0816998471579181,0.424625919218065,0.0529783306213103
8483,0.0878985063696925,0.423499264346234,0.030187733195324
8484,0.107349001571493,0.335736187292625,0.0605450992868559
8485,0.10442198368613,0.352263860656513,0.0377718261472431
8486,0.092576569444988,0.305020225041992,0.0347057209650549
8487,0.0935635626860571,0.426872727626091,0.0313612980548696
8488,0.0794197482530731,0.432311404436199,0.0377464819129801
8489,0.109511533590291,0.438586609390658,0.0439002996930728
8490,0.0821055080459145,0.451735542058854,0.0434679220755672
8491,0.0962006775694364,0.430619282414652,0.0382301037713319
8492,0.086979493961921,0.428927947582374,0.032736035121993
8493,0.115491515263599,0.425709467855866,0.020140214643234
8494,0.101044603395668,0.424523220215799,0.0296167053577506
8495,0.0966134370377487,0.45623259249677,0.0343136709947664
8496,0.104804339072198,0.442796355663696,0.0361736101238962
8497,0.0882396209179211,0.441039704991659,0.0446782134298644
8498,0.089525740905733,0.439639587401029,0.0378762845909024
8499,0.0674578865244361,0.427314014919305,0.0413628679648277
8500,0.0899384692049664,0.42232165409076,0.0397795674824782
8501,0.109222096247799,0.42202921196412,0.0367991381658964
8502,0.0909622679693643,0.445295558878988,0.0226001264894771
8503,0.0934997240502664,0.422113258928074,0.0349704285838027
8504,0.0907452746696596,0.429903079733112,0.0412956480875914
8505,0.0965953350953646,0.445333748937809,0.0253754958173012
8506,0.0935489196606791,0.424749576184056,0.0368402421254314
8507,0.0913072150719169,0.434496608178755,0.028879593318624
8508,0.0924804357529545,0.438529267742641,0.0383126788121866
8509,0.0906463668368886,0.436345718157985,0.0485367757576921
8510,0.0951023196632985,0.430214821496243,0.040948895377939
8511,0.103945740939356,0.437007149826178,0.0281604955427203
8512,0.0990214282547695,0.445859260521702,0.0359515736772257
8513,0.0758310156476792,0.446661483517996,0.0343719821572828
8514,0.0974058289086432,0.459012474771901,0.0318477642810055
8515,0.0848388649745521,0.436177172008283,0.0440482213656655
8516,0.0919915129239075,0.442987634482751,0.0263614077460299
8517,0.114092945188072,0.430160437532308,0.0392330641644175
8518,0.103317302947679,0.441493673204592,0.0391794878443123
8519,0.110122099463442,0.431671880711537,0.0267589422890967
8520,0.0952007421409919,0.43382014175856,0.0330317215447858
8521,0.106040526494191,0.434879383669162,0.0323676162093569
8522,0.0885129124600096,0.445788475117315,0.0286426143619072
8523,0.0891312950472899,0.443273650495229,0.030490631523448
8524,0.0897513780930793,0.446326483417179,0.034095716769939
8525,0.101261718692075,0.422486332657564,0.0407908349463022
8526,0.099452549144608,0.44472826581828,0.0387292941842652
8527,0.0944134681825793,0.426521435580041,0.0407291675150134
8528,0.0939315391113448,0.439708865594188,0.0314754260719472
8529,0.0990292342902904,0.445655080832179,0.0476527813189207
8530,0.0785177201177169,0.428510868533887,0.0202306236516173
8531,0.0854039180554857,0.434171048055029,0.0388388312281452
8532,0.0940730316763013,0.445132979151757,0.0370039615117461
8533,0.101386794881261,0.447245551662951,0.0304019736053585
8534,0.123355266829521,0.425703457703979,0.0348953952098928
8535,0.110753366653433,0.42341169692883,0.0448847937595674
8536,0.115496270957704,0.436389274277606,0.024476043641638
8537,0.101552005063602,0.432637105458209,0.0491582724701023
8538,0.0975209772664108,0.439639560168811,0.0331162885310485
8539,0.111961733359794,0.438292361501093,0.0214778501675042
8540,0.111815873455736,0.443325842203279,0.053126989042675
8541,0.0746831740968923,0.423127428133616,0.0407188752447477
8542,0.102677413850199,0.44273921958517,0.0353943465459345
8543,0.0996110984572291,0.444273184220699,0.045570662052455
8544,0.100544595496324,0.432020401280498,0.0392980825805459
8545,0.0765348879448337,0.427695728661703,0.0292408981737571
8546,0.0858277011951084,0.443282553241443,0.0319849286027787
8547,0.0876810095975701,0.434739238322813,0.0279446760740981
8548,0.107203399824793,0.43579885238539,0.0370977545165722
8549,0.0882221582128531,0.42292118846492,0.0435797914520417
8550,0.0775527707664305,0.444613017669937,0.0449067179765475
8551,0.0778732875348538,0.453669845350067,0.0313503606439653
8552,0.0738045325726704,0.460711411250567,0.040276527462699
8553,0.0984462280139855,0.442536981189747,0.0303791392736697
8554,0.0657564918971942,0.443156209850053,0.0294915235867338
8555,0.0657564918971942,0.433533975528443,0.0404802092869855
8556,0.0979237828710831,0.445299991492247,0.0454762939993116
8557,0.0846726399059106,0.42902434045718,0.0298854565468811
8558,0.100443654020825,0.442875327450365,0.0344510633018067
8559,0.0836976671821971,0.427270641188678,0.0358423927315937
8560,0.107829658616332,0.432567180148241,0.037744354995719
8561,0.093518818517638,0.445540992671285,0.0267488850917747
8562,0.0967008327271519,0.440512386715975,0.0441477076282432
8563,0.0970132604206174,0.463827717217284,0.0307403455994335
8564,0.104715528103994,0.453627798175327,0.0323146993843755
8565,0.105071000185806,0.453026377834641,0.0321648964220341
8566,0.0868037619904624,0.428581350675737,0.0259093900432304
8567,0.0835111735268856,0.423909900920917,0.0524389204964488
8568,0.125226441437486,0.37430409182896,0.0460012763216655
8569,0.100846724883241,0.443280945530993,0.033795342927836
8570,0.104368961995921,0.431639578443921,0.0278375377340738
8571,0.0929211443410849,0.316623559245922,0.0440026647225753
8572,0.0716092711906853,0.339101296737221,0.0443083931385618
8573,0.110374607795269,0.407969476900177,0.0340143883852608
8574,0.0948061920309534,0.427687857203112,0.0597364917880924
8575,0.0995801483331501,0.459092757507598,0.0238728527812252
8576,0.0858286119708401,0.440873006933014,0.0346906049276314
8577,0.0906646735137302,0.425372370846828,0.0446934033811127
8578,0.0848289444207676,0.438094989886336,0.0307166292253203
8579,0.0999061370480627,0.427528726345219,0.0364193371345995
8580,0.102173137313034,0.438463323583414,0.0337431994701087
8581,0.0846841971469742,0.438375271654323,0.0304153903754188
8582,0.0817761549442834,0.443519053031236,0.0282844266397603
8583,0.128234563922067,0.445602039616849,0.0372607330055708
8584,0.128234563922067,0.448267113613693,0.0280052149917796
8585,0.0770931546696015,0.458905237222835,0.0306902574159462
8586,0.0770931546696015,0.43813939343629,0.0375147179140739
8587,0.113519709416646,0.424862533675846,0.0438186833332716
8588,0.0875599544239507,0.428772580577068,0.026243298228084
8589,0.09578024421638,0.445536110123334,0.0489174128993627
8590,0.0923293555624404,0.434133843922417,0.0384665426869796
8591,0.0887819542833663,0.438248594799725,0.0464487522191351
8592,0.091428361126371,0.429511333470554,0.035524442674485
8593,0.111869417491492,0.424613020270362,0.0413266001692664
8594,0.109810039004207,0.435659924664351,0.0249502615375574
8595,0.110536921988763,0.426205066319391,0.0398189601679924
8596,0.0706624974343878,0.435006885560429,0.031269129486885
8597,0.0818266663697584,0.445790792770106,0.0416678120296925
8598,0.0926167619770482,0.404086624168127,0.0476172926935881
8599,0.105333789207479,0.401832843225777,0.0313260993370607
8600,0.108513383131868,0.425589394350563,0.0411239525281264
8601,0.0927935741868014,0.425919455213991,0.0230101767682044
8602,0.0979116320293854,0.442515232084095,0.0311945101988954
8603,0.104443302770986,0.441681945592684,0.0416644547949186
8604,0.0817502061539962,0.430200333952045,0.0522853914548907
8605,0.0987064458122199,0.45214514081764,0.0547171370775628
8606,0.0880862109268112,0.439227030434499,0.0222094015877555
8607,0.084347002046559,0.440583236226009,0.0367510574890701
8608,0.0948177582002643,0.400803816239039,0.0425334412919534
8609,0.0918497901071294,0.439806631138003,0.034945720558995
8610,0.106598795940133,0.427141986916553,0.0609456206095787
8611,0.100462641405947,0.441979554576251,0.0298164438947923
8612,0.0968357427296712,0.426010343354857,0.0264001405023786
8613,0.0925551940551292,0.437414585844945,0.0277910274422602
8614,0.0979193696372003,0.455818722194817,0.0366163472817745
8615,0.0875664932478164,0.458589571325938,0.026829654757441
8616,0.0821447511800724,0.420590747156284,0.0428656440224485
8617,0.0816992685424663,0.443253664411732,0.0334889159521191
8618,0.0991878238929036,0.442268215472515,0.0200924328849438
8619,0.0686682257801602,0.428603057070894,0.0350825306932981
8620,0.0926788591123917,0.439319765452808,0.043068842021353
8621,0.0867915705075208,0.436200567026094,0.0358526089152875
8622,0.122552694781748,0.447264183452231,0.0289411132813038
8623,0.114624101237232,0.432086037924384,0.0454068944216222
8624,0.0599572569496185,0.437509581059225,0.057881084826006
8625,0.106355901352424,0.439198239687401,0.0497001389143887
8626,0.0729442092724153,0.433691758246299,0.0395248741247464
8627,0.0947502443844245,0.429312189061639,0.0388889039030824
8628,0.111836842929006,0.43524845648137,0.0352495848778045
8629,0.111836842929006,0.441258174765363,0.0302675807109889
8630,0.0866342047682307,0.445701595449211,0.0409875318407907
8631,0.0864197670775261,0.442530274826426,0.0247523635426554
8632,0.0861499592466722,0.436135644146789,0.0334573789132725
8633,0.0911731633447682,0.44276768406308,0.0418204859561338
8634,0.0879550124711841,0.426354457098565,0.038940847951912
8635,0.0821223471768566,0.454722147679122,0.0332922424391831
8636,0.115233934552411,0.429035864171449,0.0275328717736567
8637,0.0836521502127546,0.42382688626408,0.0333696199834711
8638,0.101488755321478,0.441203338989771,0.039931026700319
8639,0.121995444073393,0.43822675033292,0.0330788181274417
8640,0.107202180568435,0.43591873497757,0.0209652592496177
8641,0.0978091954522592,0.430510001753239,0.0311624134323413
8642,0.0952134264076083,0.425677275877995,0.0262190910327701
8643,0.0933567381103621,0.441088911713911,0.0271628680584741
8644,0.0997437786788732,0.442295855192209,0.0381689761012162
8645,0.113603587880467,0.43416643497332,0.0340760792202128
8646,0.103559853961083,0.434177054791931,0.0331586045990503
8647,0.100128313683662,0.429169164508404,0.0269396698478262
8648,0.0804836937859074,0.441571242774977,0.0408535682599373
8649,0.0858363884131636,0.423313279151366,0.0510518385938143
8650,0.072311871811048,0.425191735842832,0.035026368121368
8651,0.114219788301732,0.426435430600496,0.0375582969324213
8652,0.0810776870699348,0.440116548982555,0.0379213674046036
8653,0.0810080642571471,0.448617140005437,0.0340930660200373
8654,0.0871011062728806,0.438301329581098,0.0473677953392967
8655,0.0962444011493229,0.424381056748672,0.0328498197395464
8656,0.103109714565462,0.446768573275558,0.032380919277683
8657,0.0918607767439061,0.438261435639603,0.0287899444007831
8658,0.0927849065838891,0.460810777051392,0.0416889598804467
8659,0.112649989344011,0.441659940508426,0.033485652221931
8660,0.117026530911706,0.428322050711011,0.0362651799474904
8661,0.089225173467002,0.436818507358027,0.0231055926863423
8662,0.0811244972196232,0.451673795195663,0.0407834867570878
8663,0.10305786217991,0.445896923519637,0.0506603761270496
8664,0.0980214390463135,0.404969401653832,0.0570985003995229
8665,0.0896014759046271,0.443869068382236,0.0453440640693139
8666,0.110266375489805,0.443820577818834,0.0326190753977043
8667,0.100716090817747,0.435276660716081,0.040801452677959
8668,0.0970681161113162,0.44289323502941,0.0273406784982394
8669,0.124302422920433,0.446782275787009,0.0412743870056846
8670,0.110892043373234,0.442386706098123,0.0317563124183139
8671,0.100597445419301,0.435189567907821,0.028765162462385
8672,0.116632166284249,0.445891665768006,0.0263535992421371
8673,0.12081746835391,0.440876595446439,0.0298734962987757
8674,0.0897197289471128,0.431107604028406,0.0434312199688818
8675,0.0928161855444754,0.4344785527725,0.0425788587327553
8676,0.0952369718267702,0.429266281256366,0.0345091133334369
8677,0.0961477048703204,0.439300469582988,0.0314264612535374
8678,0.089949038421029,0.433282295447558,0.0545546702373664
8679,0.114707365130044,0.42981540083945,0.0252913303981341
8680,0.112433429382869,0.427934289783173,0.0442101844823172
8681,0.0914486040073287,0.424394249893546,0.0328661128336653
8682,0.0852476036095115,0.453984221371898,0.0310450103039501
8683,0.0871187209780182,0.439478694238855,0.0394113517169558
8684,0.106129736229463,0.445225529783665,0.0289426835166223
8685,0.0874066816934532,0.441727139206904,0.0337760315366891
8686,0.0970665214256317,0.423578843685989,0.0276147985355043
8687,0.116991212750007,0.446753205301835,0.0280365068330031
8688,0.116991212750007,0.436423993558276,0.0326727260433434
8689,0.116991212750007,0.42835293015924,0.0260247425767565
8690,0.0927191478608985,0.451044909105939,0.024602172516144
8691,0.108808875152466,0.431164267434845,0.0250373100993323
8692,0.0913278402261411,0.422499359485069,0.0328078564664425
8693,0.0865538190642256,0.429708015926235,0.0485054558832974
8694,0.0883466521104813,0.441095172544452,0.0359652659186565
8695,0.101062612462289,0.443654161213423,0.0302965519294161
8696,0.0955561214683463,0.423886380795294,0.02233970251097
8697,0.100231979442648,0.441488956115858,0.0467297311388094
8698,0.0933068428960468,0.452446519828486,0.0521254840122265
8699,0.0918564817026145,0.437624025954231,0.0324429844146317
8700,0.0892866581690488,0.450700032677955,0.0230659072279001
8701,0.110843014174232,0.433859037047206,0.0321573983876292
8702,0.0969213332601755,0.43783560715194,0.0506207776512737
8703,0.0780897662052855,0.426137680797339,0.0421326609224505
8704,0.0834843705567951,0.424229197088475,0.0321862956626068
8705,0.0795332326423953,0.44747211400698,0.0376889683043067
8706,0.0942390388917756,0.436350306948995,0.0320373484693425
8707,0.0808847189274956,0.436162303164651,0.0390975164326321
8708,0.0934179600945187,0.446107725700884,0.0315203181027811
8709,0.103702401347293,0.425625470505775,0.046692029245918
8710,0.0954999441912632,0.435853310422352,0.0413836150893384
8711,0.107003848179969,0.424947969589919,0.046857971657069
8712,0.0896237629932612,0.427088148808963,0.0292293431682756
8713,0.114716787610713,0.426125780146582,0.0513196157940322
8714,0.0878816799039863,0.444392971313456,0.0287282746848308
8715,0.0897192899393985,0.444210465708346,0.0308097927932507
8716,0.102135173511968,0.434543660933544,0.0405396923023528
8717,0.0916081201725349,0.448093767402137,0.0255120007100526
8718,0.0908390295200393,0.444175934633221,0.0373088382391078
8719,0.0796166472621339,0.454921676616199,0.0503939295258587
8720,0.108091492704741,0.443556222165458,0.048228478771605
8721,0.104297653288637,0.424819101469241,0.0496293678728414
8722,0.0920415586319045,0.422752565683029,0.0236229869286761
8723,0.113660807826465,0.488103481296426,0.0385435689942325
8724,0.0907354091695552,0.459972977332998,0.0265565201613821
8725,0.0783641796208979,0.442711278965432,0.0441186190183342
8726,0.0791281475672316,0.437389187198829,0.0503748215975267
8727,0.101753183183017,0.422574818783909,0.0540955169130919
8728,0.107751505730167,0.435126548521924,0.0314127551949804
8729,0.0986399194266303,0.436386499527677,0.0436269934288963
8730,0.0846098638321971,0.422443371286022,0.0384210758501013
8731,0.112241817128368,0.443601006739829,0.0309390308434606
8732,0.103090518677181,0.440641322968798,0.0544509779260544
8733,0.0531290990039709,0.422523545895366,0.0665914692525749
8734,0.0531290990039709,0.294382135201524,0.0756730477859644
8735,0.0944296720247516,0.352884265779051,0.0407774918033727
8736,0.0988277602633615,0.424916172852869,0.026804016566294
8737,0.0955227059454296,0.434258609382884,0.0297600238345433
8738,0.0722536602569496,0.498654487453713,0.0330468055754203
8739,0.101596016420805,0.447239862067664,0.0437936696148907
8740,0.100747115373068,0.39775094036867,0.0361066954572816
8741,0.100729808179128,0.443856457051965,0.0224637150090787
8742,0.069622497282553,0.43854083245321,0.0521206310329874
8743,0.127727630632043,0.432719008608653,0.0268207971160863
8744,0.0744067879462918,0.432546744846589,0.0513143276954158
8745,0.0973774737039955,0.427855692253637,0.0294748539013649
8746,0.0838709463243911,0.431824871923422,0.0440724504648436
8747,0.0991294973835347,0.457340678859761,0.0246188982235054
8748,0.0913921648988236,0.425559228151631,0.0573638973893533
8749,0.0834068093439077,0.425759494624227,0.0325902037577472
8750,0.0879822070887225,0.457643227325215,0.044158180120091
8751,0.093065175959961,0.442240883479903,0.0296159667873623
8752,0.0902545100786158,0.453374230667093,0.0325850200440962
8753,0.0837001474763786,0.44905957283721,0.0236417231726473
8754,0.0893071213951667,0.433061390429782,0.0324409418321944
8755,0.0926132188659688,0.446408201303272,0.0368030012553451
8756,0.0926768912419827,0.422269555441569,0.0598198026554276
8757,0.085063568686757,0.441361622330203,0.0438738193024982
8758,0.10690406427763,0.438069933920599,0.0272415549483913
8759,0.0898194428000504,0.444238847050448,0.032353838199187
8760,0.103982490010497,0.443048116677075,0.029475910713672
8761,0.0870602683135222,0.430929312002714,0.0289373448186722
8762,0.110751303503209,0.437812139671795,0.0304356107735861
8763,0.0944908453329372,0.426607860582457,0.0356029946860977
8764,0.10726449713557,0.393658863652539,0.0475961844126042
8765,0.111669131740787,0.453394111234802,0.0326886415469158
8766,0.0915153292811755,0.426343948455328,0.0388239304072211
8767,0.0943812125256724,0.425960610254498,0.0347908328847125
8768,0.0995419851653854,0.455909549580245,0.0371544461276897
8769,0.0856862814239997,0.537560500899699,0.0232516901777214
8770,0.0820230121575331,0.430042389454484,0.0279418080495781
8771,0.0825681571554635,0.423033491396277,0.027052385501964
8772,0.0937404555062486,0.36236417714342,0.0327195057889048
8773,0.0871882532921957,0.438201595412808,0.0281283328541255
8774,0.108557521172053,0.443574250302283,0.0228058319304479
8775,0.0622010458734528,0.426239114489481,0.029817252969913
8776,0.0853507962003476,0.448944784740747,0.0292272130263965
8777,0.0953955791339186,0.436832523527433,0.0381717596476386
8778,0.0924569284510104,0.443894057537282,0.0323093898324936
8779,0.111072168820599,0.436677350771892,0.0285521506915149
8780,0.0922224969480828,0.425147793578746,0.0434784583036923
8781,0.10899210716256,0.458780024136429,0.0271471417386917
8782,0.0917448549285847,0.445668100725509,0.0386509459840363
8783,0.0889932260916663,0.420782996413042,0.0675449932708746
8784,0.0843447575944103,0.447123250595421,0.0387070944871585
8785,0.0986352264409163,0.438680023901793,0.0470514061656476
8786,0.0996242594826628,0.432210758352564,0.0379552392680938
8787,0.0592107035310511,0.426578821186094,0.0543162749174061
8788,0.101173127626569,0.446284091652653,0.0401091809064004
8789,0.0973723438305789,0.447506259104454,0.055616926592565
8790,0.0597932492568868,0.44203953743896,0.0397249173054632
8791,0.0937166605289552,0.425183984148608,0.0307795144758198
8792,0.0870603966445926,0.428936035542633,0.0337679916276735
8793,0.0998362905785483,0.438118731244101,0.0267713808363094
8794,0.103053003041066,0.425156584298154,0.0423456252509055
8795,0.0769845505316014,0.436603432442116,0.031765062432146
8796,0.0803728339303809,0.432095451991891,0.0344865369206064
8797,0.10415317487156,0.444183910792177,0.0308267598404081
8798,0.0894319458399247,0.485951743094268,0.0331333819173959
8799,0.0960450727131106,0.642110230218404,0.0227271299817055
8800,0.100000193593734,0.647308942405657,0.0203837007526359
8801,0.0998539909649011,0.453854127441581,0.0307025685943992
8802,0.10788476991476,0.444626776516069,0.0317149880419516
8803,0.0997321120544274,0.440691921388012,0.0359353719415457
8804,0.100009193610067,0.449528842050046,0.0333344637932507
8805,0.103295698354039,0.460617351051732,0.031172731781077
8806,0.102513654411415,0.450139439049851,0.0277581779203228
8807,0.0855302632430079,0.44233995170375,0.0457909048793911
8808,0.13756032147325,0.431130941062842,0.0398467938827754
8809,0.108191058696486,0.426012785495038,0.028147329511647
8810,0.0756192908797847,0.425803802932671,0.027821413816172
8811,0.131113612934474,0.432497712165929,0.0433754070715483
8812,0.131113612934474,0.439364324952213,0.0465944788236382
8813,0.131113612934474,0.423685152183578,0.0404471069050574
8814,0.100111163960248,0.423374389575027,0.0258933206911063
8815,0.102646772647113,0.425466256715746,0.0446195425631368
8816,0.104170653444446,0.42398888398152,0.0474372346048182
8817,0.0973732503799284,0.44418226377693,0.0350147129130932
8818,0.108830811222537,0.446917188707633,0.035681081434622
8819,0.0973618310397977,0.424633840529684,0.0504271487134327
8820,0.0798964112051392,0.431823918391754,0.027676015179074
8821,0.0885531386974863,0.443456421561824,0.033922291292231
8822,0.0893954071790828,0.425836257279131,0.0369253304156375
8823,0.085297684539308,0.431500451376877,0.0302519307520507
8824,0.0859056029408125,0.438828707813498,0.0401492851430809
8825,0.0927073411766321,0.433124888294206,0.0330778899754174
8826,0.0965003083066418,0.42204414938279,0.0290939321647242
8827,0.0917591815396816,0.597072809908068,0.0273572948007893
8828,0.0949322739196556,0.600648705507553,0.0215808640780325
8829,0.0912548587846896,0.719348905665052,0.0290397564514241
8830,0.102770505298418,0.716519875970664,0.0238198804822327
8831,0.108496727706595,0.744165465962254,0.0198679674616877
8832,0.102861583805214,0.688017465342931,0.0220928354582118
8833,0.130913381578909,0.694402882474702,0.0238329336257547
8834,0.0992767684527885,0.623512150171312,0.0406247975424187
8835,0.0853737519166159,0.699357091245105,0.0133083333566318
8836,0.0980432211587993,0.687327113047218,0.0348941968742618
8837,0.0891644060649993,0.659966835685854,0.0170002065462328
8838,0.0916453402644367,0.56288815821743,0.0372674390254143
8839,0.0973832677378309,0.654711575694703,0.0146463754927324
8840,0.0915589447606272,0.586327253575018,0.0280705316228273
8841,0.0932298127810466,0.672401530589531,0.0250775807929934
8842,0.0808850904900426,0.709612340726658,0.0177944206577224
8843,0.106092881810155,0.709648591090969,0.0294960164271348
8844,0.0905543396006844,0.708036165815646,0.0380650856201711
8845,0.0799437108199599,0.717251897718958,0.0341253731840342
8846,0.0967524607475743,0.608665726113687,0.0185276416674765
8847,0.0934102720898797,0.688010149970935,0.0167650073761613
8848,0.0965196930413465,0.672230135533172,0.0136827848688329
8849,0.0737820869471972,0.588011131094306,0.0219738262763531
8850,0.0671492787746865,0.595914786622242,0.0213638533702994
8851,0.0868933091115379,0.576317992205465,0.0225971987334561
8852,0.0893297947977702,0.664425274171709,0.0181892988008689
8853,0.0752565434823278,0.655530787025257,0.0213410813065159
8854,0.0968881016182475,0.695733701641081,0.0182595448955028
8855,0.106374088606863,0.682355580332928,0.0190946161229241
8856,0.0854314318948991,0.621862815642348,0.0269079472209209
8857,0.0769465084253612,0.61061785765038,0.017795496909992
8858,0.111447486778319,0.5757249167015,0.0254969599657333
8859,0.0822894778429338,0.692779636861337,0.0254785661204693
8860,0.0881525360177401,0.656671149612977,0.0165013355705257
8861,0.0970642758281869,0.602280923516903,0.0275969801776114
8862,0.0990430966052365,0.612086732385416,0.0223269476411167
8863,0.0819230448242945,0.618908810821041,0.0275156694700453
8864,0.082171081494584,0.697821805424245,0.0243938941832742
8865,0.0749857501908707,0.687830911236926,0.026109362096028
8866,0.115476790429033,0.675281125809103,0.034757484904389
8867,0.115476790429033,0.703828026215957,0.0233014084797195
8868,0.106152348925522,0.567016153863562,0.0221728174444583
8869,0.0960790125133494,0.622641634661718,0.028006757192771
8870,0.10445417011053,0.592803611231099,0.0308373156360001
8871,0.114245486212829,0.708668148989229,0.0385777536932684
8872,0.0712741079232893,0.675788579717499,0.017777823076056
8873,0.0858650823668042,0.622608202237923,0.0284422152368421
8874,0.088081324958341,0.607170670009894,0.0298042085586874
8875,0.0757491260184532,0.693442182848141,0.0299407131199674
8876,0.0995649028976736,0.557217205378473,0.0280502622792124
8877,0.106055562189422,0.697099234654533,0.0469027309566605
8878,0.0774539743917745,0.668638426064039,0.0315244022327238
8879,0.0774539743917745,0.719800334202999,0.0208946383995954
8880,0.104833137562768,0.718311317855811,0.0212845976355986
8881,0.093942908867138,0.688852209603788,0.0198397565370486
8882,0.109435759946791,0.69746564412819,0.0217963504079907
8883,0.0907852240929868,0.681883045393207,0.0208876039055348
8884,0.102291460835735,0.716515887728695,0.0249626328484636
8885,0.0954333641185531,0.68708570139217,0.0289339216284386
8886,0.101473059083309,0.597978356167707,0.0290875447562205
8887,0.0828829682543205,0.572870320293124,0.0158439528942951
8888,0.0774445458550619,0.641289023391477,0.0187280412912101
8889,0.0960551426281263,0.609238799462841,0.0365469899973761
8890,0.095067004160276,0.587444758052579,0.0220611869523325
8891,0.0902765415031228,0.70801881820369,0.0193249006609604
8892,0.108758609861876,0.702745500277845,0.0290301783370937
8893,0.0836587496163734,0.68384189746205,0.0397118889959487
8894,0.0995647523229205,0.656271728193753,0.0337177061103447
8895,0.0575802084863033,0.66252398653284,0.0289437637699028
8896,0.101541397016526,0.63867726427787,0.0208279387920476
8897,0.0824217521274225,0.62329308687618,0.0347359671351956
8898,0.106091099577432,0.708686462684625,0.0235568878231522
8899,0.0982067744690994,0.574548677122518,0.0280216918085616
8900,0.120189245406628,0.676298687557611,0.0242448924026213
8901,0.120189245406628,0.714676295605676,0.025671907478042
8902,0.0738732205856747,0.652346494959688,0.0211396313819869
8903,0.0781881041660134,0.608342792438317,0.0149205174032306
8904,0.104641175362866,0.661953584415196,0.0226216108459062
8905,0.0923201742887556,0.707836855946428,0.0193685179007432
8906,0.0811777300887409,0.70802039746408,0.0183471132231592
8907,0.0915205081084097,0.714433114134571,0.0290150515554498
8908,0.074137928439169,0.67481300644745,0.0232856499800465
8909,0.0916331544520809,0.701622222040634,0.0223691710313521
8910,0.102075388618494,0.696828896357141,0.0220625768099519
8911,0.107686687245054,0.682452771603459,0.0168219944490039
8912,0.103102560804315,0.687097908242053,0.0155703791625479
8913,0.0994311035369328,0.681705956112213,0.0221889649582114
8914,0.0902211433028121,0.615334223451644,0.0374210616818301
8915,0.106058367549407,0.59570796536949,0.0253901625795805
8916,0.0963860310013134,0.638903536684058,0.0196982444020491
8917,0.101442593346334,0.596414661305012,0.027758369081474
8918,0.0831634794537068,0.714478840228385,0.0264887088825465
8919,0.112351121078963,0.641948022798866,0.0242290397784408
8920,0.0877764674746022,0.715603290984892,0.0220486621988568
8921,0.0957249960800549,0.709805370153182,0.0266922062299284
8922,0.107426548058767,0.704675039849211,0.0159902853085551
8923,0.0559032692524804,0.678123074058983,0.03919562389202
8924,0.0885465205643855,0.631436541107384,0.0264086275556562
8925,0.0859366379206756,0.637694213205134,0.0240608447730196
8926,0.101165457003367,0.699670112047015,0.0134442909041039
8927,0.0928209867950429,0.710174771118069,0.0163190016445415
8928,0.10804706643728,0.694967583080835,0.0184556630881852
8929,0.0902293218119483,0.689841765430721,0.0166611834006159
8930,0.103252976194446,0.588726680618101,0.0280317034004046
8931,0.09225137874058,0.460533152700673,0.0332395284921916
8932,0.0807160621436317,0.444179539484405,0.0375393883947809
8933,0.11882618900938,0.440274638699221,0.0289702056236235
8934,0.0834897682022171,0.442579097973886,0.0341990521572354
8935,0.091147833350728,0.442418625700862,0.0447566625208857
8936,0.0791960295190137,0.447538166233648,0.0338986818273442
8937,0.109978108866353,0.423969243021712,0.0399245478952526
8938,0.0861459845056691,0.40273137388814,0.0490406223522866
8939,0.0792845477783606,0.437177420501353,0.0394446881705311
8940,0.0934225922262691,0.433071524153116,0.0342892596762593
8941,0.119936829859808,0.438415673214906,0.0279365526350037
8942,0.100681771731075,0.457085565108926,0.0423767928211084
8943,0.0980019248598935,0.431750141936825,0.0448102019340232
8944,0.0897186153981476,0.436644236742275,0.0389577045144065
8945,0.0936950702009037,0.426222540826538,0.0352083302068904
8946,0.0930154902129543,0.440724041515899,0.025937584318745
8947,0.0857284745326126,0.43301729794648,0.0377949709701579
8948,0.098085262998744,0.430891604662063,0.0262338300330333
8949,0.0939748132817848,0.443913878943596,0.033624706846341
8950,0.110569752585047,0.439129628860741,0.0240055323738267
8951,0.0797567174905676,0.445036996159769,0.0476312625205303
8952,0.0922030908416096,0.438542679673962,0.0344762714423586
8953,0.109194141940461,0.445829308293002,0.0295473766051171
8954,0.095297231478246,0.444615155329829,0.0401606772022463
8955,0.100236125538009,0.424731584010137,0.0477437818178568
8956,0.121935066276952,0.442108469169871,0.0506924876430198
8957,0.0950553097295003,0.440607004290961,0.0332753456862486
8958,0.0927713421734566,0.383936730970748,0.0483569610942705
8959,0.0691252605992143,0.438659441273675,0.0538593719762868
8960,0.0936836984836385,0.44403793753564,0.023365868305884
8961,0.0978047864346797,0.450168882634171,0.0181770029261362
8962,0.116158409876076,0.424631452187585,0.0354488786642208
8963,0.101003825871427,0.436112365321758,0.0251544417639332
8964,0.0908567635111703,0.453765880843284,0.0281189020751918
8965,0.0927172424933801,0.324772152185782,0.0409083886031341
8966,0.0794324352765404,0.424082317974484,0.0521099503852804
8967,0.0637054489102173,0.449134206677395,0.0437936787299619
8968,0.100789193385949,0.42337095396518,0.042768745712173
8969,0.107217342959344,0.45846389894506,0.0317050285022197
8970,0.105000615138093,0.437377538439211,0.034035176641927
8971,0.0834048640038104,0.445923287023568,0.0255456522543619
8972,0.0954192120430375,0.441589546061771,0.0408261667632362
8973,0.0985583550400153,0.455128795815731,0.0273940178414444
8974,0.1053231284355,0.426009358972773,0.0329931404425892
8975,0.111999609301469,0.435119883753488,0.0369148412978037
8976,0.0870754866569343,0.442531088623758,0.0281018101728728
8977,0.0867208831355326,0.458673427368948,0.0307966184989812
8978,0.101619317680839,0.441493240262495,0.033815306949393
8979,0.0868762236184557,0.438522009602105,0.0279588927206978
8980,0.110255475055232,0.430427087746591,0.0334772865167076
8981,0.0853420912125259,0.422129877712667,0.0353494094849809
8982,0.0909449878844711,0.440643574911088,0.0350369335853003
8983,0.0976492734406225,0.438779917787397,0.0281076694463071
8984,0.100646939538066,0.461197479993103,0.0381695703467913
8985,0.0579617078383277,0.422471949463873,0.031379131273037
8986,0.0944327782174662,0.434101483841017,0.0325292787120434
8987,0.0945722386303295,0.440032402639403,0.0366978627002913
8988,0.107306651885383,0.423066419335249,0.0474163187277264
8989,0.112745372647083,0.435943627976251,0.0219132433756256
8990,0.0877188709128393,0.430016348171835,0.0338460251705803
8991,0.105403175342842,0.423729504300935,0.0168289539699268
8992,0.099128687489861,0.436803832618153,0.0293937307951737
8993,0.103174421255757,0.457175095136713,0.0274900014679561
8994,0.110339074648222,0.427921872205116,0.0301124288938727
8995,0.0899091439210586,0.44871865533516,0.0265356244044817
8996,0.115653256439339,0.432051168683084,0.0349645372137869
8997,0.102638627793653,0.360539124301051,0.0667958338949812
8998,0.101659333244765,0.302523037790737,0.0448805240707797
8999,0.0921322576341815,0.437504572193147,0.051648078604772
9000,0.108949915856782,0.44630066052411,0.0517163975192388
9001,0.0836674016150369,0.425778622643646,0.0362236424262786
9002,0.0856253753292168,0.376634965958126,0.0345144956317679
9003,0.0841707842865707,0.500225892929946,0.025116104610512
9004,0.0843737360666557,0.434105336552454,0.066868181502647
9005,0.0984417209703507,0.440205052514698,0.0320823164748366
9006,0.0808116096297231,0.423337049966256,0.0545878335469974
9007,0.0997038401418958,0.446352192028795,0.0325593188839479
9008,0.0907580033277599,0.429191085056781,0.0224514775890387
9009,0.115806818794499,0.427802097207721,0.0568681990395966
9010,0.115806818794499,0.436085750960384,0.0405166241954577
9011,0.0961818310385005,0.438548965779105,0.0307009726577325
9012,0.10213059365868,0.41677480928284,0.043065564112836
9013,0.0966829302481979,0.438318819842769,0.0317555939417717
9014,0.0893169043301774,0.452100089657413,0.0283528661237042
9015,0.0971375662847084,0.424133909465749,0.0330372348180635
9016,0.0892915862398041,0.446572282487415,0.0360465731456423
9017,0.0909635775307247,0.424166613773864,0.0287179590949456
9018,0.0890924929085946,0.448401796856512,0.026284159791516
9019,0.109449490593259,0.424254257413083,0.03397309123703
9020,0.0758697970900766,0.43888735381733,0.0527396269215302
9021,0.10859059720205,0.446067724987199,0.0247568833117446
9022,0.1024371949354,0.475201690129162,0.0219071813142097
9023,0.111459638509398,0.313141371104749,0.0502706297292401
9024,0.0941282241602097,0.40561404984427,0.0332453985555196
9025,0.0887312024232148,0.434744527402962,0.0364731231114889
9026,0.0892497323297213,0.425841430237612,0.0379458985791955
9027,0.0681951349552678,0.430107423351618,0.0432607887020422
9028,0.0856394640723218,0.433498372201994,0.0406199817244291
9029,0.101814060785036,0.466001059596598,0.0423799423290881
9030,0.0998066806298401,0.446824732176395,0.023752014514922
9031,0.0892481097707252,0.454124892259399,0.0517045288087281
9032,0.0844344871273044,0.438596068428073,0.0422478186106328
9033,0.0944822480038802,0.438318473552335,0.0350368808713297
9034,0.0953189133089428,0.432199162855689,0.0342646727003423
9035,0.112494382558498,0.448435592990424,0.0316961702874469
9036,0.089379876271829,0.429762956400165,0.0312027592720721
9037,0.0795507398128065,0.442513145173512,0.0440806355934814
9038,0.0852151861023084,0.44105180025415,0.0296022818225538
9039,0.0872962587286604,0.443797992088825,0.0267748742565076
9040,0.0892793760920768,0.439484208283162,0.0316360422843325
9041,0.105755408592186,0.450039793416881,0.0227429666897038
9042,0.102735542763411,0.435895407080395,0.0377237009233916
9043,0.102735542763411,0.430356849833048,0.0369911143133943
9044,0.0877009385682677,0.345504813749938,0.0419528335565935
9045,0.0970654195155451,0.477974491214645,0.0268148064103703
9046,0.0916358715959392,0.430878685426104,0.0349704624790641
9047,0.102008415556098,0.438659937162798,0.0303839590648987
9048,0.0992707502837095,0.439931598851141,0.0361422836205453
9049,0.108092536330454,0.427687485994473,0.0316829729792257
9050,0.119493363150126,0.44815416271294,0.0260690811350068
9051,0.0882240997447958,0.440557939782564,0.0586660471620227
9052,0.0980572615275198,0.441752248430085,0.0315690268204114
9053,0.084440811948393,0.455020813150763,0.034802438562975
9054,0.100435884880891,0.450857475943514,0.0298397610038729
9055,0.10241962138591,0.433862427512767,0.0292660113458392
9056,0.0944228558459588,0.435690128742578,0.0175874367964122
9057,0.093489817468682,0.457758414285597,0.0316864997684198
9058,0.0971739273156454,0.445843545721679,0.0329476200203528
9059,0.0862470099821012,0.445281818290956,0.0307422941179567
9060,0.0876932166848555,0.423761986019964,0.03503896270886
9061,0.0887309149881388,0.452745480455049,0.0326069870997389
9062,0.0951890360744624,0.451353014358396,0.0319141567658891
9063,0.103085318204002,0.441428258494446,0.0294738983844937
9064,0.0826160475481249,0.427451206275275,0.0398219501141094
9065,0.103749976883487,0.424073647544614,0.0398314683504046
9066,0.124060914607364,0.425458297515464,0.0373217700652591
9067,0.101453516965517,0.440587908188231,0.0247163623875355
9068,0.101678918134193,0.425011001280189,0.0339729259470508
9069,0.0895910214018103,0.446327444549125,0.0331943727207779
9070,0.107853137142767,0.424882650460026,0.0467189790834844
9071,0.112706398716936,0.450532873372744,0.0301240820078501
9072,0.091480512916394,0.446929353843937,0.0494728268860423
9073,0.102627500983611,0.44726783385051,0.0390297658820447
9074,0.109283391753586,0.436625738710885,0.0464557002322836
9075,0.113346252847709,0.427111814250301,0.0462382077336934
9076,0.0729114423176346,0.434322435359141,0.0643593201630414
9077,0.122164154924107,0.437167790101316,0.0363521750062381
9078,0.0806301085747846,0.254194774022953,0.0628013078271841
9079,0.0843847079751621,0.301932255697781,0.0512758857555889
9080,0.106558535753654,0.313259883398953,0.0396529759879124
9081,0.106522130095227,0.305624267383284,0.0334806478849191
9082,0.10197880501151,0.298446796238003,0.0395115899373716
9083,0.0994654940470319,0.456957341072986,0.0468360019151338
9084,0.0806653523075447,0.422535684502517,0.0367356028339548
9085,0.104928154140533,0.440694246842864,0.0364238414041205
9086,0.0959051257191074,0.45959235412277,0.0224792999376636
9087,0.10377566662933,0.424510647426636,0.0313191256508171
9088,0.10704956392113,0.309414175376026,0.0400059608652066
9089,0.08510968284996,0.28174721265432,0.0690394172340353
9090,0.0871080542368162,0.247594758606844,0.0449605129520441
9091,0.0758397660880367,0.305642515420844,0.0424137007163738
9092,0.102735283241304,0.264413837693346,0.0449802209082079
9093,0.080543218623374,0.429105761419921,0.0576314857360961
9094,0.119549306885228,0.429256466409152,0.0275075716595592
9095,0.0711334183815267,0.426297159596389,0.06315275856435
9096,0.082107454812972,0.444307520610701,0.0350143918459534
9097,0.108766833822482,0.438066071726901,0.0493890356271751
9098,0.108873631539477,0.422214922182347,0.0311963414956678
9099,0.08606169568337,0.441821129428029,0.033394265509555
9100,0.0917263426834534,0.42401634079533,0.0320648011261199
9101,0.103479216534507,0.407119227469708,0.0449470634838732
9102,0.0946294871186122,0.387927086711559,0.0344412698587933
9103,0.107289737312842,0.418225374722054,0.0341282104534406
9104,0.0984192197693045,0.435799942228364,0.0263451331645545
9105,0.0890331226217496,0.433501762115383,0.0282165426646013
9106,0.0936726472358095,0.444817424938412,0.0246541447665109
9107,0.0925975274617974,0.433747950678087,0.0393227332067796
9108,0.083882943602422,0.444055661059038,0.0419156026848971
9109,0.099213302653032,0.443072743935726,0.0196259221072613
9110,0.0979651655306433,0.443340261817012,0.0242418233491751
9111,0.110429923548267,0.442800636814132,0.0319467219098747
9112,0.10681215778753,0.429880860366116,0.0322296181936715
9113,0.102087045248345,0.427668002945945,0.0290777300466077
9114,0.0845568780455533,0.427845573172819,0.0316027976653155
9115,0.0973415964628514,0.434358172674567,0.0237885457506786
9116,0.0827222557091644,0.442845162041819,0.0270148250575078
9117,0.095793400521985,0.434326719580159,0.0331080530011289
9118,0.112646426446248,0.423879882358373,0.0323199083247932
9119,0.104592721627808,0.429448654720956,0.0421273207174211
9120,0.10127810210587,0.422189513272118,0.0319249012214737
9121,0.112354884229088,0.4313232112576,0.0346439611405734
9122,0.112185757676473,0.453587091246493,0.0262324023129181
9123,0.0800012797972718,0.461494819441387,0.0763829502639139
9124,0.0965855242771367,0.446564525569123,0.0235762305730465
9125,0.0927039660665622,0.442371754014237,0.0300080486371889
9126,0.113745787742521,0.441984408715198,0.0370410574310249
9127,0.0769119812776819,0.442947544308828,0.0436914860496226
9128,0.103801978197743,0.43378983052843,0.0498046730978638
9129,0.0774360518296377,0.436101370529209,0.0379937121165988
9130,0.112413532366603,0.39182775022417,0.0352739294796961
9131,0.0945974836168658,0.422228982389868,0.0392396907981933
9132,0.0946021330268258,0.42507965777993,0.0259793635467201
9133,0.114751739191905,0.434012171211324,0.0245109338885184
9134,0.0802803487637557,0.445496905017735,0.0386814255963884
9135,0.0925073320398283,0.436489502102055,0.0324354422726496
9136,0.113333259709588,0.425097005861021,0.0419418006414179
9137,0.084861145210495,0.445156483872985,0.0349164637909004
9138,0.0801405377594082,0.459719283976392,0.034699638257855
9139,0.0766699883721987,0.429106852829195,0.0265350202610591
9140,0.0845054725071199,0.458352755785889,0.0224871651361677
9141,0.0956486916881078,0.435992705670362,0.0312632446607164
9142,0.0979733731365641,0.423973703809787,0.0287377973004505
9143,0.100535604509959,0.457152062093042,0.0283414305203037
9144,0.0954437500128311,0.446640402492941,0.0263695706043305
9145,0.0922842965163732,0.444333080224726,0.0366628278004518
9146,0.0989142505898026,0.455721345991604,0.0257347353554308
9147,0.106448311886109,0.434164724543473,0.0474433317073682
9148,0.0901528225914231,0.428706591861855,0.0217163798203318
9149,0.0807554519917154,0.424715932547668,0.0474138513759542
9150,0.0817558504397085,0.429029503625309,0.0427905638438898
9151,0.0933461637679624,0.438385904447328,0.0339230254417379
9152,0.0948150205701866,0.4428517047408,0.027658180673221
9153,0.0847772926779832,0.4461009971986,0.0546610439948865
9154,0.0822840849676365,0.427477902649153,0.0455159161212063
9155,0.0954591245696391,0.430249071520753,0.0208659802757205
9156,0.111275034756489,0.427287113746635,0.0413547938707337
9157,0.0862998753410848,0.443098519686198,0.0378433820710685
9158,0.0964147149308558,0.43483112982428,0.0313292033498548
9159,0.0972133729614694,0.43288825754917,0.0338529930964269
9160,0.0909401064005799,0.430079596305426,0.042133059747266
9161,0.0825886383054049,0.478081981175015,0.0374448008052416
9162,0.0822791777407468,0.459590941531848,0.030577923154424
9163,0.0950226077617045,0.434652273163712,0.0322578501135778
9164,0.106941012133486,0.446960781862604,0.0427819482707153
9165,0.0939917755762181,0.428371691599492,0.0306730728315775
9166,0.106703996115348,0.446342815192706,0.0428008442098093
9167,0.0967830414963186,0.452417161811704,0.0269274057778548
9168,0.11242570405406,0.336490084984017,0.0344294960705906
9169,0.107445746513479,0.442023861506948,0.0394987509494129
9170,0.0807177063268406,0.436934784911193,0.0286045402077836
9171,0.0835469308352335,0.461503479175136,0.023775902953302
9172,0.0886886938885297,0.425276516135546,0.0374671170977645
9173,0.0890037882637311,0.423838973140852,0.0395520463332968
9174,0.108967384976816,0.446892394369338,0.0280091092835447
9175,0.0810803516294746,0.42425134464521,0.0412470585854981
9176,0.121222717752767,0.432987673639602,0.0330457325424759
9177,0.103496496757598,0.427699307173986,0.0334398256654261
9178,0.0823283953886208,0.440225742805321,0.0351955302657285
9179,0.0973065635478192,0.460346439849117,0.0324150222092113
9180,0.0952403903628011,0.442041152379657,0.0384545559433383
9181,0.109235518525253,0.442674851318914,0.0303804868770182
9182,0.0999223241676732,0.467859155595197,0.0343112467002192
9183,0.0982885504158306,0.445522051522522,0.0363884232092545
9184,0.111555973149909,0.425772375950669,0.0388191549692232
9185,0.115686544890319,0.426391416479185,0.0423322089803372
9186,0.0993768813114702,0.428586705220792,0.0446902790015599
9187,0.0930779277502545,0.443858392338404,0.0629825184341639
9188,0.0702363883378052,0.425123491009959,0.0478199656631621
9189,0.104571303558298,0.430673354312971,0.0453426187135156
9190,0.0801745288371571,0.457657520913587,0.0389343171850061
9191,0.0738550532743049,0.440652118368089,0.0284101537068922
9192,0.120163167584369,0.422447006954316,0.0330200546472104
9193,0.10529652649541,0.432995608846492,0.0254575693208048
9194,0.116767740976743,0.439309290435654,0.0373011586272369
9195,0.0627850829902121,0.438396362231069,0.0531116140195424
9196,0.0627850829902121,0.44679187523044,0.0281805715820306
9197,0.0627850829902121,0.43646237585147,0.0427032238872582
9198,0.104387489997104,0.426235732640091,0.0274206441453297
9199,0.10434811771777,0.439607878929327,0.0319190958057736
9200,0.105088364685699,0.426016016307586,0.0284182820212183
9201,0.11358732526499,0.423060332531026,0.0325254462851192
9202,0.0715336950158288,0.446826228287781,0.0369969512584459
9203,0.0936169238981106,0.434153995094567,0.0394206291767124
9204,0.0838857884822885,0.425122703458165,0.0307751512854124
9205,0.119128475990197,0.44203946867938,0.0288211842020639
9206,0.0993975135656144,0.443796705280176,0.0408591389662837
9207,0.0807360178399527,0.431815841448929,0.0297359461101042
9208,0.0929939753745743,0.433661681038247,0.0379856988443504
9209,0.0781721933585584,0.432497898911732,0.0485591648846989
9210,0.0979445032680041,0.433724386508513,0.0316611033640133
9211,0.092280501825089,0.451245144662624,0.0361934688963216
9212,0.0961839188452717,0.447441566108956,0.0246955896074941
9213,0.0779378513195264,0.427375052309379,0.0492025252189023
9214,0.0964211156775768,0.44388890562154,0.0369665827130361
9215,0.0937737742656027,0.431406097522465,0.0401445564028448
9216,0.0783182732350712,0.434267796791096,0.0258265960281027
9217,0.0990737661029801,0.43174794548007,0.0308623449941703
9218,0.100971549761795,0.452698189098243,0.0229385550894703
9219,0.0926142813315621,0.452724361898217,0.0340988746648649
9220,0.0993557472218733,0.42477528334603,0.0325538682704814
9221,0.102890442244664,0.434136158867912,0.0202043631122668
9222,0.0829467481557571,0.435661534264224,0.0373884418676551
9223,0.0923039549606384,0.424410014010071,0.0373908108319895
9224,0.10115423033832,0.424116013508588,0.0310718425340974
9225,0.108853825714683,0.427988947573104,0.0244706638461322
9226,0.10188516001147,0.438292210374123,0.0261561904240579
9227,0.0815474196651815,0.440648124636269,0.0269440168498203
9228,0.0754987448453073,0.427845046626462,0.0343741328394693
9229,0.107540393684362,0.438516727871505,0.0314529145857279
9230,0.0889032966007295,0.443042859803199,0.0373188275619605
9231,0.108759101946844,0.427122963664935,0.0255613469566811
9232,0.0931700266770465,0.424248396698867,0.0310892681881878
9233,0.0872477584349226,0.433257725707693,0.0259228147382552
9234,0.0684136502136671,0.433370469011634,0.0316144951460107
9235,0.0999797000148468,0.442859009079022,0.0288938407461982
9236,0.0954470751533692,0.43844324583234,0.0249341080767825
9237,0.10628620789853,0.424597005623246,0.0254971107815384
9238,0.0971360704956612,0.422069977606189,0.0393521969000116
9239,0.0998473059724569,0.426624265178618,0.0263066067397988
9240,0.0669395943662014,0.439219060419814,0.0353655073922403
9241,0.0920490349065757,0.446588187844305,0.0325216397163352
9242,0.102448428005313,0.439954725673873,0.0383333387714467
9243,0.0930024894350924,0.443749526791022,0.0363465921410583
9244,0.0768997727488408,0.427709283476869,0.0247503076647298
9245,0.0949197266983695,0.430538413126558,0.028931253730312
9246,0.0906852824640344,0.424502565311365,0.0293380083150969
9247,0.0920149272778348,0.445354976846549,0.0394591385157541
9248,0.0984655915991585,0.43814546018581,0.0323409911223087
9249,0.0729688394023162,0.437788305560009,0.0361249888813083
9250,0.092920240263653,0.437906466818423,0.0300863034205201
9251,0.0791235151889696,0.452700450917401,0.0237781234574136
9252,0.0925695049125346,0.451364728259039,0.0312722527497861
9253,0.0926938373332812,0.424818769226857,0.0357988695416457
9254,0.0981692922045776,0.44069540392929,0.0305527290437086
9255,0.0805462875726755,0.429247013337979,0.036686208350015
9256,0.113497683752097,0.42593891404396,0.042387620305697
9257,0.0885644465111835,0.427884506208121,0.0353148666543086
9258,0.0824623129967993,0.435511835656999,0.0300536695141072
9259,0.0949292795778092,0.44018489789005,0.0355645973612788
9260,0.0925923626095947,0.43079977084498,0.033997681821855
9261,0.095737000539372,0.424437219969902,0.0382081768619257
9262,0.0931237961807929,0.440243003829857,0.0315293051213097
9263,0.100382118767244,0.435765202786898,0.0253570827750051
9264,0.0865698697966103,0.428217873798537,0.0335138939564203
9265,0.0803295136111519,0.430447411648866,0.0342379759322069
9266,0.111290559538882,0.450761981743065,0.0214889728206495
9267,0.0974194166001758,0.435215916618699,0.0272183345898562
9268,0.0863198369810416,0.440688029450351,0.0348246383277281
9269,0.101583181720236,0.422096925585476,0.0325213386524265
9270,0.103915552285737,0.437134294369655,0.0354182369618714
9271,0.0970192000868498,0.426611738438309,0.0334136226527666
9272,0.103199863459698,0.425541035108768,0.0368035154178565
9273,0.0944973941003177,0.431203178130924,0.051814142963238
9274,0.0980532510506355,0.444698783696091,0.0388363399930008
9275,0.0828277127815976,0.434568027644247,0.0365403054850504
9276,0.100783195137761,0.445859273279423,0.0341534742570418
9277,0.103699163415307,0.434256170286005,0.0255995832555662
9278,0.070314510617609,0.446529967249929,0.040171749338003
9279,0.12531867842982,0.432500247846447,0.0389762030611295
9280,0.107025324218762,0.441042871734844,0.0269318609376699
9281,0.113131450004516,0.439719619859282,0.0216766635109228
9282,0.0922011756038368,0.443391372513261,0.0392706727009645
9283,0.0977808412629419,0.422668737144052,0.0225032689495339
9284,0.106611540558781,0.375393702177522,0.03890147560844
9285,0.090291375386833,0.4376192295413,0.0270478715664719
9286,0.0957828564956364,0.424940238417704,0.0235185447002231
9287,0.0934906643365563,0.426070435343788,0.0522286196269212
9288,0.108324051020555,0.425489159336694,0.0234506049953045
9289,0.104093675342296,0.44130175880162,0.0449186089765533
9290,0.0843356476610556,0.4467390364885,0.0302471489357875
9291,0.0959363954331033,0.428992681048151,0.0405032704682235
9292,0.110199126813918,0.425495148761863,0.0306931679887968
9293,0.0980661942815827,0.439755272139303,0.0301059396973341
9294,0.117869026143451,0.451536115684235,0.0284180278251272
9295,0.0923943923962925,0.426043659422983,0.0365121805807845
9296,0.107346830608506,0.460537126426353,0.0348037387764013
9297,0.102067886617684,0.436331839540399,0.0286091212609931
9298,0.0955391495672921,0.436667684921077,0.0381416891027668
9299,0.0934981297602704,0.454017338941838,0.0297230978001324
9300,0.106774827008215,0.43015849378254,0.0437787563429904
9301,0.0899189360518555,0.428895157749899,0.0379371177249022
9302,0.103740141391896,0.435192917288108,0.0481654223266472
9303,0.102813375270749,0.424847359228627,0.0467660544737176
9304,0.0721602510187956,0.443021431596293,0.0267733904286975
9305,0.0936602261333593,0.434380717152881,0.0217898379189799
9306,0.0921902739000635,0.440978515863023,0.0296078733280796
9307,0.0975093720540715,0.429209727718527,0.028058476613174
9308,0.0924597505874917,0.427672840580501,0.0419051599349317
9309,0.10603115849673,0.423324594173482,0.0404134100001381
9310,0.0935051696495476,0.45697070459873,0.022885592091594
9311,0.0849913790287287,0.446134600826407,0.0315303357333345
9312,0.0889627103939207,0.437620442079063,0.0300104225187199
9313,0.0970700997526453,0.440321279178353,0.0271258189405347
9314,0.0967219867565233,0.44570893299676,0.0331383030816411
9315,0.103193922948496,0.431990674088912,0.0416014954096763
9316,0.117696392292941,0.437879983941816,0.0433624152586374
9317,0.100687233831223,0.424690976779265,0.0346823174690878
9318,0.111133036208678,0.435365238699492,0.0367780663903743
9319,0.118611113559386,0.44555675504602,0.0371854895381591
9320,0.107234543887064,0.444446724005503,0.0275619919104567
9321,0.0935015931559932,0.444125337721127,0.0297343829718982
9322,0.0969474430357327,0.41088045950661,0.0325180176265102
9323,0.088670179247033,0.429546764749738,0.0407774512741462
9324,0.095122093732521,0.425970453746053,0.0391954828426163
9325,0.0950426310718902,0.44182904736861,0.0296698223396077
9326,0.109994710036097,0.445425908461394,0.0302617513628027
9327,0.0765426308529072,0.428541337793402,0.0273104569825538
9328,0.0986659195112573,0.443380835952811,0.0308531466503976
9329,0.0843648854335273,0.429514446394217,0.0434028288598841
9330,0.0736523737065552,0.4506611614184,0.0286240415225879
9331,0.0905596347678257,0.439719827064235,0.0276608279469898
9332,0.0855349531942251,0.422605289333345,0.0428296019797421
9333,0.0900752351998351,0.428448578879232,0.0363074046477191
9334,0.110792900824614,0.424020763152307,0.0384442801937337
9335,0.0891943031138987,0.433513020997498,0.035923077732346
9336,0.0900246301939718,0.43754602808284,0.0422040085789914
9337,0.0989541648580604,0.44721972501725,0.0336938533055325
9338,0.0875085605403036,0.429951567080046,0.0586170702209589
9339,0.0989602252523458,0.430523040594071,0.0509911751697304
9340,0.106263226899379,0.432305444138021,0.0250306509211483
9341,0.116339503835421,0.422631653325474,0.0595539301074177
9342,0.0986291313147037,0.4328839567663,0.019521473443817
9343,0.0888532042847485,0.316052791767848,0.0529141543782085
9344,0.106616338069304,0.337508604313149,0.0525359293043797
9345,0.0908534373278421,0.306868919099651,0.0393315012791049
9346,0.0972321519687409,0.425398180607752,0.0459593596359333
9347,0.0922934278750673,0.442836280889512,0.0255726207369824
9348,0.0674462631366048,0.459821632485863,0.0567982554928465
9349,0.0965885915507541,0.447427655873304,0.0382139607785864
9350,0.0964742995746188,0.454820720084442,0.0218789836429972
9351,0.102438122561505,0.423752140486919,0.0586973312570324
9352,0.108522211995827,0.43593252600491,0.0327684636841139
9353,0.102666153113336,0.446969409969822,0.0382424519567727
9354,0.104822790352245,0.428710735493154,0.0376410687295045
9355,0.101052402416467,0.446980586363245,0.0289194021160008
9356,0.077317482677478,0.429766317551858,0.0351394456732676
9357,0.117380898568297,0.455245701030967,0.0314506293348534
9358,0.111075941304121,0.437768175932207,0.0218097725091496
9359,0.0990506844333458,0.425522811045301,0.0391770797625322
9360,0.077581693230555,0.30892731259004,0.0508012398254897
9361,0.107559600900747,0.300291700701168,0.0423802886921225
9362,0.086674304210389,0.260875251491207,0.068189825773224
9363,0.0996528441874469,0.437731871982344,0.0445066744880922
9364,0.0981353443744506,0.444672252904258,0.0374488218377293
9365,0.0860434541657147,0.431016052798977,0.0242304365085771
9366,0.120576718930869,0.43401148609999,0.0250937381208441
9367,0.107823371369541,0.430736490973907,0.0239805131300618
9368,0.0975196982013081,0.42594752017112,0.0421297907699443
9369,0.100357797626846,0.431897181949525,0.0377645003640095
9370,0.124776013386953,0.439772820681264,0.0521726686286661
9371,0.0960571047675641,0.458338456526018,0.0191612641233107
9372,0.0888287453918437,0.457603960304669,0.0303470254415374
9373,0.102388021083202,0.438329220041964,0.034101524285041
9374,0.0913407864109635,0.432887947457278,0.0308507397844952
9375,0.0788040441381137,0.43335688866215,0.0408013365041656
9376,0.0825647054124815,0.429271716847767,0.0313405440147713
9377,0.102228955728825,0.447192997943179,0.0312909530775614
9378,0.115589582317546,0.426938587704527,0.0347201789232382
9379,0.086468876479582,0.422441041784589,0.0288249484195569
9380,0.0896293086575826,0.439055084721157,0.0384006226136856
9381,0.111283646374976,0.446354587441618,0.0473533053357384
9382,0.081578745019845,0.442765804228199,0.0452128013072647
9383,0.0974626713457227,0.43746680980817,0.0425556447766246
9384,0.0947249095708492,0.443628681429309,0.0408745173328286
9385,0.0794443659217445,0.491315341246026,0.0277547737785475
9386,0.0892686679458776,0.423491575608696,0.0507153094169059
9387,0.0934067290328223,0.434543238574016,0.0472612645048292
9388,0.086817542030687,0.442390679727693,0.0393551169085381
9389,0.0972229685985549,0.443685711097945,0.0486888494318975
9390,0.0938970472829758,0.454245931216233,0.0321678608255322
9391,0.123688319357757,0.422162635417424,0.0240555660506059
9392,0.114694031338105,0.4221129037348,0.0382019561779242
9393,0.0987321915212519,0.440366667670728,0.0360347659514006
9394,0.0913893940158649,0.423062046722473,0.0408103126307528
9395,0.0968508521268743,0.447546998782627,0.0574573673395551
9396,0.0952828349656188,0.4403514855852,0.0318437805643089
9397,0.0893017048354867,0.417729793560855,0.0379336253818557
9398,0.0971330926365498,0.303022596004012,0.0366452763139161
9399,0.0862132917967248,0.325275571319405,0.0489768451936575
9400,0.100892146396638,0.351297778584706,0.0477634011610264
9401,0.105844191863426,0.433026783637278,0.0355418875564135
9402,0.0948317441811517,0.427022923595466,0.0538734030912696
9403,0.0862272527558398,0.423184221817307,0.0402904555881904
9404,0.109861391067681,0.434003855360271,0.0316233275075759
9405,0.109861391067681,0.425046312325862,0.0528456760397337
9406,0.100417385211749,0.439994005863203,0.0472935191097356
9407,0.0884175108584914,0.439134876962119,0.0340894800937203
9408,0.103840753649059,0.447685292415546,0.0264920773601434
9409,0.0977111114628246,0.436432258874857,0.0298686302763002
9410,0.0852304989805718,0.440606616600304,0.0357683133556782
9411,0.105003466121729,0.538796412111984,0.0204803137226213
9412,0.101829585322566,0.617500726489464,0.0242183836165623
9413,0.0942386392784857,0.658487027936336,0.0280000720491121
9414,0.0970261895361107,0.709699719089884,0.0247060811864235
9415,0.0998834802773859,0.690702744754098,0.0300494396738648
9416,0.0766194257200439,0.720428427887245,0.02823292041278
9417,0.0802320644306281,0.607424442691505,0.0179485641306909
9418,0.091583463861183,0.59528921141747,0.0263032883591961
9419,0.0890650692326201,0.694421873657143,0.0344045359632534
9420,0.0804472262509424,0.68228816468647,0.0169617291863251
9421,0.100390506786734,0.619999533666749,0.0273026516916029
9422,0.0958279834062772,0.70597590346017,0.0205976401342895
9423,0.0985426099288153,0.671839775770275,0.0156274540988643
9424,0.0967677639400959,0.677516342950813,0.015683391379397
9425,0.0841175116765923,0.63771589915879,0.0317173245749711
9426,0.0881149307028263,0.672089866123731,0.0307707709215879
9427,0.0854072283000789,0.669536538482302,0.0270838167590109
9428,0.0952139966278422,0.635838727155617,0.0170844038651764
9429,0.0955656059593656,0.604770094911276,0.024229307028935
9430,0.113246387565691,0.586946344339479,0.0220756985817008
9431,0.0879972462718408,0.579947061202305,0.0208344192323135
9432,0.102514601817407,0.591572632013463,0.0166408741166289
9433,0.093090464860972,0.646699507790569,0.0325773422810185
9434,0.0839753947618764,0.729616244532298,0.0186219653385488
9435,0.101439798644306,0.615956960489612,0.0224936937540319
9436,0.101233683350397,0.654658900990307,0.037206066093264
9437,0.0749461989634972,0.566893253633916,0.0346707441741439
9438,0.0920210809931164,0.704395611776427,0.0333114497534854
9439,0.0872238852563243,0.693001302677565,0.0196414246261995
9440,0.0906155583267515,0.659906406005922,0.0279475732843777
9441,0.0969580605432607,0.68566407545396,0.0205515960039261
9442,0.0857239622091247,0.679279141844068,0.0203591339210981
9443,0.0747629778003016,0.632871750341378,0.0177497366256622
9444,0.081012878272233,0.643137551845703,0.030913369709443
9445,0.0743385451330362,0.620240564856983,0.0209499082580357
9446,0.0827575561023859,0.703438648295713,0.0217475006362987
9447,0.0697716333446516,0.658030119281029,0.025600390016298
9448,0.0877078849286446,0.707231983647428,0.0177647762805935
9449,0.0941670219245235,0.658028593229019,0.02583250353328
9450,0.0947549186169981,0.710557231282001,0.0234471817995932
9451,0.104265553269782,0.652941529983985,0.0166571710250328
9452,0.111936997029389,0.644889393091594,0.0174665536099057
9453,0.111936997029389,0.709077821858626,0.0246172822191133
9454,0.111936997029389,0.718739153043086,0.0177668600716305
9455,0.0819946625268836,0.678406795614848,0.0234300549523477
9456,0.0780291712045353,0.677620450863748,0.0270736925568472
9457,0.0686918135988075,0.589444170086808,0.0251772405799273
9458,0.10146237835751,0.594090617699901,0.0217351752605734
9459,0.103713403824457,0.56029930331972,0.0253560509220688
9460,0.0751045493997363,0.594912238571833,0.0331545570623708
9461,0.0920197081771658,0.619064432732173,0.0279293033501787
9462,0.0815362977234968,0.650920334951183,0.0299302736656677
9463,0.0968748184954362,0.704766653480568,0.0260221764358129
9464,0.115867630647885,0.641028517270714,0.0194574226321639
9465,0.118960439579859,0.708315931756244,0.0303048378610639
9466,0.0815635343037614,0.700719762979024,0.0267124189973748
9467,0.0905928153027626,0.531956285188664,0.0259207934431429
9468,0.0875688942108635,0.61709494557523,0.0223803183576992
9469,0.0773474348314825,0.672692419148948,0.0221594693445749
9470,0.103503491937019,0.670487270180865,0.0197293223872708
9471,0.0986433563874622,0.581279829308123,0.0294881866852949
9472,0.0738536147351882,0.589818277477029,0.0196635113522437
9473,0.088161528406147,0.605311871677124,0.0219093683382486
9474,0.0732132408458841,0.68853717143606,0.0305095294114983
9475,0.0970776679219331,0.740842533779719,0.0263559060646784
9476,0.101619882718822,0.678661918362163,0.0203548515405101
9477,0.0965750408106726,0.712152676768314,0.0177912404275936
9478,0.0931876583557722,0.582064150879725,0.0132917323279609
9479,0.102600964477299,0.637210806155186,0.0207122957765348
9480,0.124104012359916,0.70096144050826,0.0222027350475741
9481,0.0838445354391416,0.694089443643863,0.0153198157884682
9482,0.0931820056694183,0.601738915839858,0.0217986835988366
9483,0.0978059888723998,0.632111170338769,0.0218747787979668
9484,0.0994382122674522,0.672274557782444,0.0169331972005586
9485,0.0955798044529372,0.702416020339899,0.0234406736445608
9486,0.0937563793102292,0.667913223569878,0.0295865113824449
9487,0.0839999118697296,0.655257492234927,0.0222072692779386
9488,0.0875018842494233,0.61401973988566,0.0191468975846462
9489,0.0811878737058963,0.697639518096397,0.0308381882988799
9490,0.0809238005138243,0.713290641570792,0.0193403204410958
9491,0.093939982731254,0.685747577967643,0.0166575224121433
9492,0.0916880561594984,0.709268554921489,0.0201258919183584
9493,0.0949683782351972,0.655891419902842,0.0242453055171447
9494,0.071295174620774,0.696162586327774,0.0283167971241135
9495,0.0924916951946531,0.671413929431628,0.0298760440738378
9496,0.0854284358485068,0.683342142189613,0.0248633537358801
9497,0.0808684226548061,0.711009781967594,0.0159028084928638
9498,0.0954096592998881,0.611722755502841,0.0198700938040205
9499,0.109853527438483,0.66412980901592,0.0162691114818174
9500,0.0973855155437474,0.6002143421095,0.0185124232585559
9501,0.0883887965805074,0.685802060761299,0.0200195909649969
9502,0.0658789667021727,0.710801768377245,0.0275969429090973
9503,0.105050265002009,0.584996693074045,0.0446009413362232
9504,0.0916263108845953,0.654599823777279,0.0217121446513054
9505,0.0651622026031384,0.64094666753267,0.032771869200717
9506,0.0852936765597596,0.671998866419952,0.0206685939057951
9507,0.071942894080226,0.710344430689699,0.0287286911932642
9508,0.0827405807241135,0.692051177487329,0.0242974301250544
9509,0.0761164939274818,0.674805673230442,0.0165339668997355
9510,0.0782941025371351,0.582438643015514,0.0290576734194065
9511,0.100216236233329,0.656355457230762,0.0280968790045684
9512,0.0928964476146147,0.615205018653999,0.019558219071049
9513,0.0905336614961049,0.60022844094937,0.0162640822968269
9514,0.108678081164119,0.662819148629978,0.0276288663493912
9515,0.086470678862155,0.697480039756304,0.0162772402686457
9516,0.0829588155159273,0.710845579785309,0.040580181408583
9517,0.0974228846828072,0.633169062278801,0.0246213058813215
9518,0.0813344623754771,0.568279131657106,0.0334032635261511
9519,0.100286202150472,0.575929239991228,0.0244734841966595
9520,0.0872531873589884,0.591338511322041,0.0194613111774468
9521,0.112531423423438,0.672430651360925,0.0351301604831592
9522,0.088983041173856,0.703823543490413,0.0225559667038155
9523,0.115462807968454,0.659497238032359,0.0375587814895502
9524,0.0945344349189567,0.692307269920166,0.0164039791671424
9525,0.0850640271317521,0.613729521340821,0.0185886775439812
9526,0.0788226553759784,0.565034636456682,0.0292659117390699
9527,0.114726165408224,0.711747206397563,0.0221306416792748
9528,0.101817234972263,0.719486787356125,0.0206618425554354
9529,0.0707269728476559,0.68761452333654,0.0233848181571313
9530,0.119141161522232,0.650595928775315,0.0174985903840797
9531,0.109482221590694,0.702594012006239,0.020269056690967
9532,0.0923557740689404,0.647260261513823,0.0252762990660124
9533,0.105397099247382,0.679575705126211,0.0243610280116296
9534,0.0814876623027533,0.594915998982956,0.0208579819392733
9535,0.0808954488693574,0.595298397445139,0.0288634665736466
9536,0.0865697189047855,0.748752597536206,0.0178623372933173
9537,0.0956176958103879,0.717237483917373,0.018850309780817
9538,0.083255683780228,0.691400292589367,0.0241764504358984
9539,0.10827960254001,0.71881104697659,0.0206943647836665
9540,0.094858251958935,0.582930119331585,0.0209342507233612
9541,0.0890893021078041,0.569762442146759,0.0185278789220561
9542,0.0969538138651936,0.573450609280138,0.0223592359120135
9543,0.0873732107520315,0.7074025485129,0.0284947045964793
9544,0.082219078842291,0.683019264947325,0.0266165192887393
9545,0.0720024106683969,0.706470269086109,0.0151113276045559
9546,0.0954575196883757,0.686051959774363,0.0229344313701236
9547,0.0958715708787631,0.701242371701694,0.0196073392039039
9548,0.0945341680469838,0.715986047210588,0.0221396485863583
9549,0.0968611405976817,0.590001772052642,0.0263169278586551
9550,0.0940272773725342,0.702315186040436,0.0322975318259183
9551,0.114272753573801,0.686176274767002,0.0286119207499477
9552,0.0900188401247947,0.678699151359072,0.0216132321508477
9553,0.0821903663841453,0.655010139180992,0.0194395803904258
9554,0.09507587578289,0.712921747011811,0.0306799715344365
9555,0.0920664987813136,0.687533365955157,0.0372231288125379
9556,0.0585255291353057,0.680916017492327,0.0171224285397985
9557,0.103228308812181,0.677077130491905,0.0221963845589965
9558,0.0766424510426476,0.71412648148704,0.0231603112902367
9559,0.0853503742965168,0.622637450442223,0.0265581656021162
9560,0.0921699130651351,0.605920216509344,0.0254806023326822
9561,0.0811140328273598,0.67397664678192,0.0143544689371801
9562,0.0926075155855039,0.716790644485274,0.0170866094180568
9563,0.0885511676562779,0.575161918667961,0.0244606428406155
9564,0.0730438548343153,0.594593864290601,0.020739976122746
9565,0.0995285724217371,0.589368105352667,0.0359588905507461
9566,0.100748913294823,0.532610503841861,0.0424595281183751
9567,0.0948643227372033,0.436427683329273,0.0247719800831884
9568,0.100614033802787,0.435243361470511,0.0290554560303219
9569,0.0898525704571866,0.458895900479683,0.0216660743847731
9570,0.104914023922587,0.442858353161721,0.0312737412310466
9571,0.0641912333002583,0.448415788201265,0.0354533026624205
9572,0.115730526552202,0.467665050641185,0.0359472178899627
9573,0.0648953003261295,0.438032154794804,0.0437673282888481
9574,0.0862864616430856,0.451873611452674,0.0370168791735232
9575,0.0975544790585742,0.493400470229771,0.0261371727516545
9576,0.0578403288934726,0.429954701762999,0.0301084407702439
9577,0.105712416349366,0.435395259249514,0.0290983805845248
9578,0.0916036708580005,0.435991609197987,0.0219180794694773
9579,0.106699861931995,0.431532935140986,0.0306525761504882
9580,0.0969420743316332,0.447441135696683,0.0395758621184316
9581,0.0970429298278389,0.433828281106966,0.0339688614732599
9582,0.101266999076546,0.436552123826957,0.054584273574797
9583,0.11834497246097,0.446077315569233,0.0245386031974484
9584,0.114591321947384,0.444270070821895,0.0407435520311417
9585,0.110168425197132,0.423711964221913,0.0527861011457659
9586,0.0923698432748397,0.448505277817678,0.0466649672955384
9587,0.0964951464498553,0.429563122939358,0.0468953520968562
9588,0.0837064809157964,0.429166858255841,0.0324939846871796
9589,0.0980069350002302,0.428004468312083,0.0331353141127899
9590,0.113160169185199,0.438846125517569,0.0436850011086647
9591,0.0895219220367744,0.437040753197798,0.0399457644435971
9592,0.106936819343749,0.44300459738777,0.0228511001051241
9593,0.0941249985316933,0.426314930969144,0.0313733618390604
9594,0.0990089585782961,0.428269731005856,0.0289460588370565
9595,0.080007164517733,0.423219332999617,0.034553502618767
9596,0.102965744344741,0.424759903857781,0.0235875404221686
9597,0.110261037900286,0.451937002450384,0.0277160565810885
9598,0.0988697128430768,0.452103088349336,0.0331273316444139
9599,0.0788123860770173,0.445546629956546,0.0406513569929181
9600,0.0940056067772416,0.451494278727764,0.025469039249138
9601,0.0946324071621334,0.455077690424483,0.0376019807887009
9602,0.0722975011787245,0.432067873768052,0.0318685425827345
9603,0.0790864955179337,0.436698475880536,0.0338785631550541
9604,0.0719056615836751,0.442049673666741,0.0467976375940905
9605,0.0710546341201234,0.44682958571536,0.0374129550619964
9606,0.102476348360249,0.360898200574986,0.0315513146934146
9607,0.10458266483315,0.432850680893144,0.0356415167670066
9608,0.102352794837815,0.437984358372453,0.0526234143116303
9609,0.10963416424728,0.423497994748796,0.0207687746271219
9610,0.0749823430309762,0.424116571727641,0.0312995273212472
9611,0.094073052289424,0.435619015440219,0.0390948839344515
9612,0.0978973549092092,0.43982361572559,0.0273269285844999
9613,0.0810960178285833,0.398733770327814,0.0368968244466589
9614,0.0891253697951063,0.44506257664879,0.0465841787156543
9615,0.121155875053738,0.422585442860485,0.044383950736473
9616,0.117813998513384,0.437068568016463,0.038102042822771
9617,0.103005532186953,0.409870064040895,0.0308235426949649
9618,0.0786773708581328,0.42476546975397,0.0229505979557264
9619,0.0917619189804086,0.4337136881709,0.0291514339248468
9620,0.0856698212795821,0.423058446694355,0.0294300332751041
9621,0.10392614467423,0.424957360875193,0.0321373721012437
9622,0.104202531029496,0.428898504544017,0.0460776635142466
9623,0.10223454872199,0.444457604335848,0.0318523937647476
9624,0.103737933195725,0.467831992209704,0.0211683404464028
9625,0.101937287311236,0.510577746547923,0.0377137527656021
9626,0.0963207436035551,0.600806588177782,0.0166934583638036
9627,0.0995022684329918,0.655832177873969,0.0211152759584859
9628,0.0876699383295251,0.709959120546108,0.0369791149063563
9629,0.0761739283894703,0.68386472252469,0.0415920055677912
9630,0.0914088884158355,0.699359438839323,0.0312762769083356
9631,0.0910090561713177,0.687279726101334,0.033908146044384
9632,0.085048079784425,0.627076970628248,0.0311971353234998
9633,0.10120272089487,0.702558556074384,0.0196414735999664
9634,0.0914897874555783,0.688790082198806,0.0278733334064093
9635,0.102372837077366,0.696868777411019,0.0168235866450738
9636,0.0734803738503899,0.687291131125192,0.0334381316213488
9637,0.108236407862432,0.69880830231744,0.0142727730586057
9638,0.0742921653474654,0.706401532188151,0.0269476413583583
9639,0.0730429380544237,0.643032895683758,0.0263593605379208
9640,0.0903335042117745,0.70520026875846,0.0204766965494167
9641,0.100610841365043,0.646962101947789,0.0379249674166416
9642,0.0951706232281567,0.705460177211375,0.0228023760311783
9643,0.0840803088725386,0.695355853990581,0.0215937538384736
9644,0.0912880664839655,0.594797131325979,0.0192093467166299
9645,0.0863617229593844,0.662102886469445,0.0261388475235293
9646,0.0916229414176251,0.699374301941638,0.0396552626683026
9647,0.0968029904058324,0.657906885580737,0.0252693232248077
9648,0.0988303740304487,0.703078238764989,0.0219225056169503
9649,0.0875325284935473,0.699514788122243,0.0305004770545067
9650,0.0854107563103361,0.7021974004419,0.0314457625204092
9651,0.110115073142287,0.65703391961014,0.0303278206805071
9652,0.0742994279977489,0.637093741588291,0.0228039276603279
9653,0.0925768239126543,0.693559837910399,0.0241699283705093
9654,0.120482601793128,0.690143948048809,0.0199268228887046
9655,0.110021546040069,0.572579241625441,0.0263012551008074
9656,0.0804230687439389,0.614420600574512,0.0168374273417262
9657,0.115056136013923,0.590948714424741,0.0235626952611872
9658,0.0857509847201849,0.587670017623717,0.0163451323134184
9659,0.0807223939070141,0.59902768057042,0.0256570090778901
9660,0.102723013112051,0.650228804195999,0.0161019018488679
9661,0.0805848537232323,0.66119337447027,0.0166159972732375
9662,0.100226678546994,0.718394177782564,0.0229119328250145
9663,0.0996934957342596,0.705048788435786,0.0349310522855232
9664,0.0883799477734184,0.709029105825767,0.025864700288624
9665,0.0838422390599819,0.671287674072325,0.015391863444997
9666,0.104721158256388,0.661504829107334,0.0241994701177116
9667,0.104576224492197,0.708121241781478,0.0151607925514196
9668,0.0978481156098448,0.619140409674925,0.0218171489820674
9669,0.0880690657466094,0.617758579015479,0.0221746666326057
9670,0.104907227399006,0.61351980894381,0.0169101299681243
9671,0.0955919218342237,0.609829514937627,0.0233499761539916
9672,0.0949250293070424,0.656386688204294,0.0324233850094805
9673,0.087049993812291,0.585952882853375,0.0253789987684173
9674,0.0702278745173048,0.583648413471776,0.0278349964443993
9675,0.0757657654641847,0.645965177411721,0.0314113356442275
9676,0.0837161659639879,0.580875902455571,0.0247895883925208
9677,0.0740524694089872,0.621608484116859,0.0349680317820766
9678,0.0978327010354273,0.647222802400824,0.0117856400851159
9679,0.119744454750021,0.641335063941297,0.0276284679118338
9680,0.119744454750021,0.559346606336922,0.0217602054216058
9681,0.0908234777589233,0.594424038401883,0.0270834968227335
9682,0.0822771605938953,0.662950292345953,0.0231045795399377
9683,0.0932321022807697,0.691930345393798,0.0236838386618423
9684,0.0953847529566034,0.686877391171369,0.0186592594056006
9685,0.0894062120011013,0.705414695696138,0.0197640840299685
9686,0.0757479869396028,0.711051936277418,0.0167978644110356
9687,0.093608253879968,0.658750877139698,0.0167641024097658
9688,0.0973092893501077,0.650100284752925,0.0283771440720966
9689,0.0868769262369453,0.618314374500513,0.0157765540369066
9690,0.0986648352944442,0.70443921408478,0.0236073672896424
9691,0.100572773797198,0.69629564721873,0.015573883994723
9692,0.0782044018753992,0.702500468158093,0.0161418459673893
9693,0.10618668299593,0.71589928834208,0.0246672150335859
9694,0.0677611298826901,0.704161516459731,0.0317813238395083
9695,0.105351186077588,0.709578668345157,0.0161579592276648
9696,0.097271312108906,0.653619762095545,0.0228597886055939
9697,0.0827094882521554,0.687246796672313,0.0136835968046108
9698,0.0835769919915785,0.664417221044929,0.0259504612226693
9699,0.10187656350901,0.702126112949382,0.0223907137218522
9700,0.0885482789118357,0.718968003583711,0.0190920081729297
9701,0.0935125657469877,0.593651681423307,0.0262918655685447
9702,0.0846114668386801,0.629050431965161,0.0241753545723835
9703,0.0615633700311838,0.647828111378912,0.0233576140693122
9704,0.0806414037956933,0.709998722028076,0.0330305338781014
9705,0.0863341380771595,0.642405819479078,0.0163648413989792
9706,0.093102030205928,0.690905445633836,0.0284552327302339
9707,0.0900701537828168,0.65088857873223,0.0147106989492873
9708,0.0823750806136847,0.648695321079143,0.017212873182085
9709,0.0940158943714917,0.702679608895179,0.0233372075713287
9710,0.0779600560289183,0.742756784880963,0.018386983822648
9711,0.0797944938313478,0.712956611431207,0.0187596402190401
9712,0.0904828983051004,0.698227625613824,0.0218088494363086
9713,0.0915421711606802,0.599378805658591,0.0292359109653435
9714,0.0885605737422417,0.373907614099512,0.0441492730557368
9715,0.102468207247634,0.445456945493586,0.0316692814303869
9716,0.0926162758878589,0.422136316497261,0.0452670943505262
9717,0.0965387320824754,0.455204510214554,0.0340312386263018
9718,0.0658936451252637,0.424450004403493,0.0396302260922384
9719,0.0963880102932293,0.456636497278318,0.0319085414225878
9720,0.0887624176454495,0.446641462103314,0.0526969880503263
9721,0.103299121557453,0.424720660663408,0.0200829260073699
9722,0.11262604161286,0.434134178003941,0.0402801663534929
9723,0.0942062648042009,0.427196189485502,0.0327090116054819
9724,0.0735667678818382,0.447508926398072,0.0514386697837712
9725,0.0833020361151894,0.435255861726904,0.0313637867975408
9726,0.0788874086587973,0.607276060613805,0.029101235568406
9727,0.101624226668931,0.651418445141424,0.0160185772998667
9728,0.0896453352654308,0.709860076092583,0.016756890986849
9729,0.0929216353412081,0.715237357073587,0.0253133573485809
9730,0.0752324738240398,0.679505935152769,0.0387023080436385
9731,0.0854235470672699,0.58421531346871,0.0212521352138223
9732,0.0925116272231021,0.571315641067817,0.0358034716222725
9733,0.0599299951835204,0.663384517727445,0.0262003048031679
9734,0.0599299951835204,0.580349250795626,0.0254587961556107
9735,0.0997298754516426,0.636557112369784,0.0182331636173849
9736,0.0941393697857505,0.675836337662158,0.0258950440562181
9737,0.0806762084011373,0.691041174198827,0.0195978269861675
9738,0.0951409433503021,0.654283062234016,0.0438338985614574
9739,0.101117224924667,0.625494886990637,0.0261742332584345
9740,0.0828725082530288,0.58949298416792,0.0252221247995087
9741,0.0795389362551089,0.569438900442658,0.0281480869186448
9742,0.0831557627909284,0.578627613720412,0.0282081283226295
9743,0.105666798952896,0.666749343118882,0.0247842415569798
9744,0.0978997303148725,0.709688134189676,0.0327959991371813
9745,0.0786909120338026,0.703876589448727,0.0265111621369169
9746,0.0731153448989017,0.673724079842024,0.0476510897605963
9747,0.0878211020660572,0.702104555182763,0.0202703967514016
9748,0.0944738028330137,0.705014493228922,0.01822952803563
9749,0.0949974787867593,0.69084328120549,0.0294239313085924
9750,0.0809738904942623,0.669494105854717,0.0170528843606915
9751,0.0886887024805719,0.614412450809487,0.022112846058106
9752,0.0793890921256147,0.584352710712404,0.0229275056341333
9753,0.0991204755771733,0.616018235488517,0.0257098112370599
9754,0.0884886858986574,0.624759022018005,0.0207306406492566
9755,0.105585648504448,0.639756365564613,0.0229939466273789
9756,0.104623389708901,0.613521433790739,0.0183268708383967
9757,0.0966552456866296,0.662192829950094,0.0133585436696318
9758,0.0876936478007168,0.705938599497688,0.0199750082968988
9759,0.0932373727192623,0.608786669588592,0.0188029168577387
9760,0.0763155987546744,0.686645078308772,0.0240433336202595
9761,0.0833472541663717,0.570314968431721,0.0307952762595323
9762,0.0864827465352209,0.695361521563548,0.0125153170743892
9763,0.0874429891413805,0.720469205667326,0.0168214361663021
9764,0.0843723922673058,0.674420352501182,0.0334149774116578
9765,0.0726390406235689,0.681526240150918,0.0198749998551468
9766,0.0748451515827905,0.656556011604203,0.0268794468240104
9767,0.0736219703386892,0.651428587665241,0.0284732801044455
9768,0.0884501897601344,0.604298651331869,0.0218013642041392
9769,0.0854911658044973,0.563947524993837,0.0238606332559305
9770,0.099876524475442,0.598506633146933,0.0147145607917807
9771,0.100448314053491,0.430594017661658,0.0281963730063562
9772,0.0955210669883568,0.423241235203896,0.0346663958368473
9773,0.103905055286599,0.460135748689806,0.0353401993928125
9774,0.0980020709503694,0.458255455183008,0.0270979658912139
9775,0.120697711664245,0.436577779639673,0.0314096190001608
9776,0.120697711664245,0.45916161728095,0.0393177299705189
9777,0.1172784105872,0.434802435037298,0.0264320960561796
9778,0.0834622479472819,0.452581177255373,0.0231500178142263
9779,0.0775494405568552,0.448851313350323,0.0341462396509944
9780,0.110575160833458,0.437417929093874,0.035720871674375
9781,0.0765575265590343,0.446394392641682,0.0300684676597384
9782,0.0738266717727425,0.383486592974584,0.0432985036759303
9783,0.0862672027557479,0.397869750405875,0.0539448116596574
9784,0.097858296186812,0.434325597890312,0.0257322172906929
9785,0.0977031810839696,0.41143007029909,0.0283366471229428
9786,0.0845819175169362,0.443981037620272,0.0333301332008837
9787,0.0937615302839186,0.435803785622129,0.0342024365632823
9788,0.0721211428534783,0.443114520239509,0.0312635284263491
9789,0.126064993891448,0.368571235362745,0.0304371406451184
9790,0.0531039127457801,0.381261993085109,0.0492072784846131
9791,0.0531039127457801,0.236496660077073,0.0688232203440121
9792,0.105487630503236,0.281577773001197,0.0547018288674857
9793,0.0585568682879078,0.246827234329143,0.0604497288317909
9794,0.0585568682879078,0.315010563665492,0.045461144035618
9795,0.0585568682879078,0.358175614480724,0.0574372296659296
9796,0.0856975410186256,0.310542357156759,0.0419539918376273
9797,0.0962325249903996,0.302383737179762,0.0447086999729116
9798,0.068486139698973,0.249952039401611,0.057985125608917
9799,0.068486139698973,0.326116859295076,0.0603116146774124
9800,0.068486139698973,0.33845869317893,0.02881257372618
9801,0.100720877337285,0.290337011275445,0.0518758262034176
9802,0.0899865547870902,0.218275386517057,0.069247925417134
9803,0.115189255112704,0.311780268066467,0.0441932992156801
9804,0.110192948734856,0.398257388368718,0.0337715185008423
9805,0.107644372974323,0.277460387095322,0.0462115456067143
9806,0.094192864372463,0.314339874229479,0.0503818386201319
9807,0.0905534150539023,0.318907676887527,0.0510123801778763
9808,0.0984611518782015,0.342729064075111,0.0508961834124157
9809,0.0881616713714888,0.284526152701337,0.0636955329725023
9810,0.0848962603070626,0.31258917019727,0.0453988763753013
9811,0.100130573688787,0.183771728668613,0.0568043058438971
9812,0.095191811996567,0.106099412311122,0.0480620581722358
9813,0.114982390670412,0.176639587316091,0.0545153091852786
9814,0.0928346575323813,0.129163118979962,0.0663041535589502
9815,0.0841539111421465,0.191589116198371,0.0592171323410583
9816,0.0718448048752833,0.158301868511723,0.0611979342611542
9817,0.11099982020071,0.24541242072404,0.052456994650798
9818,0.116812245287991,0.375219207821073,0.0391887439086547
9819,0.0983682432664539,0.436144671824528,0.0294871767455119
9820,0.125958598617619,0.483813216709217,0.0254544725910835
9821,0.0925158971298448,0.450429018305519,0.048218121050059
9822,0.105191299326738,0.453999505054239,0.0253488434447333
9823,0.0947195649559581,0.433561215588656,0.0483774420613621
9824,0.0778944911346198,0.44348422593761,0.0335422464066292
9825,0.078488280419276,0.426610286019088,0.0424736642269058
9826,0.0922630370866531,0.428083363606897,0.0255466536117212
9827,0.0908311201137781,0.435661046131208,0.0334225613040098
9828,0.0786597870278114,0.454038106764802,0.0206397590275513
9829,0.0890271600734092,0.442323769831086,0.0347722006156035
9830,0.0868856836475611,0.426072887052743,0.0401395570992467
9831,0.0869224674719059,0.433400000544237,0.0376091107976884
9832,0.121752855020674,0.438907511114703,0.0388000278532096
9833,0.121752855020674,0.473276875708217,0.048152516223705
9834,0.0691884669733304,0.442149125704974,0.0336987113595833
9835,0.0883889694916078,0.428703595165656,0.0366154761041289
9836,0.0678817637849271,0.427798529333065,0.0220619312807492
9837,0.108171206810685,0.449075857312328,0.0359853575701154
9838,0.079808431415478,0.449479590690572,0.0295647035518218
9839,0.102533356506249,0.440962589622839,0.04037303752022
9840,0.0784161081024902,0.442675676070905,0.027461863506134
9841,0.0978434740400168,0.423989115374532,0.0243202652844684
9842,0.0812587875441214,0.432403602533604,0.0386043972999936
9843,0.0812855343184236,0.446319049113301,0.0383229641056376
9844,0.0842000871152535,0.446313488102939,0.0434006260434911
9845,0.110578766049083,0.423200262081068,0.0294744039077759
9846,0.0929119144400027,0.435173764952378,0.0302661459558441
9847,0.0940701473479697,0.436797018024729,0.0411257635715856
9848,0.0965787712625345,0.435215001366394,0.0382525906280965
9849,0.0943900521039595,0.425498193024197,0.0322271941292071
9850,0.123805552999797,0.445377148891921,0.0331268560245147
9851,0.0951921098411566,0.425212127763216,0.0387046947301084
9852,0.0900649327032577,0.461003261462862,0.0378742072547256
9853,0.0751660066454763,0.446154906210548,0.0233570633945708
9854,0.0914045919725178,0.431252689254948,0.0294248807736768
9855,0.0788492269850028,0.386911924939997,0.02382925643368
9856,0.101178981686172,0.426532280282107,0.0249120965376934
9857,0.106819571187431,0.430524941557724,0.035874508860739
9858,0.0614869533282805,0.440912347882004,0.0415869132688241
9859,0.0614869533282805,0.430344234735106,0.0367084055594575
9860,0.0614869533282805,0.438896352660078,0.0328950579291192
9861,0.0807504528311896,0.423118741048086,0.0284693240532003
9862,0.0953838594716179,0.511085665706242,0.0289606644855162
9863,0.0779891957847978,0.607606359261948,0.022128505342587
9864,0.0703568947947588,0.680408227610999,0.025410960904347
9865,0.0864987810821596,0.704674661441212,0.0236513160058314
9866,0.0986332211774453,0.651417355311535,0.0306954257372719
9867,0.0951602433666866,0.708272910781446,0.0188970390349059
9868,0.0967038225883519,0.609187209612504,0.0158446818319923
9869,0.0992450952500327,0.699245839309241,0.0199375885434619
9870,0.10234098216944,0.711079228757192,0.0177227024832366
9871,0.0854719041402273,0.684904444702575,0.032495612057873
9872,0.0919298703477067,0.69406479915804,0.0194386598483746
9873,0.0920146436519756,0.613359451460095,0.022872537262244
9874,0.103960756095944,0.588844650492642,0.0183241823692647
9875,0.095767429461599,0.570325043852434,0.0213490595106027
9876,0.106356137376767,0.675531434246696,0.0219140091284653
9877,0.0913272406216757,0.69092898240494,0.027989963609444
9878,0.0930338625662352,0.717467155767189,0.0233287760313443
9879,0.100890857746545,0.663857626338883,0.017844498464449
9880,0.0922399506650102,0.668221364093713,0.0128437786668919
9881,0.0959440434816228,0.692792049243188,0.0152413796466674
9882,0.0932249396137274,0.61256109121401,0.0170691945406297
9883,0.0890238293588339,0.702947099174072,0.0236164946478288
9884,0.0883485521758058,0.697524398341296,0.0180733689552196
9885,0.108653342554856,0.706868768189073,0.0189279736251592
9886,0.0927139160086367,0.708381665014126,0.01726378028284
9887,0.1047865383692,0.706604938026869,0.0234145934076189
9888,0.0910691037385314,0.718628918796062,0.0190340213845227
9889,0.101327458724664,0.668266866381346,0.0247277367547523
9890,0.0998401134954996,0.687706647961773,0.0206426623422941
9891,0.113250051353125,0.701034257112429,0.023351373101432
9892,0.112144686848287,0.714846006836661,0.0248841543101445
9893,0.102523298377809,0.707020161070465,0.0197482403831254
9894,0.090211309739518,0.673269963871597,0.0140387551876183
9895,0.103961210045859,0.63257902282525,0.0359924688408587
9896,0.0944780068144174,0.590327353362914,0.0160774552703007
9897,0.0749394770609361,0.607412064689075,0.0340213888871235
9898,0.0760221020605245,0.661374639519439,0.0208683587210329
9899,0.0984991835280986,0.688149130612011,0.029062250272965
9900,0.0845572442429136,0.65000770187354,0.0241763880396604
9901,0.113949454506076,0.673339547506385,0.0214497952911948
9902,0.0715654429488707,0.635445490421563,0.0253349968023279
9903,0.0939303404263154,0.696487867816269,0.0268527879456213
9904,0.0980074007817618,0.681063456744029,0.0188545252437346
9905,0.0766532045771733,0.670210289993029,0.0249399711971177
9906,0.103250572004893,0.661526666894109,0.0146617674422596
9907,0.0929639295569053,0.745034277035695,0.0289525873606311
9908,0.077727817398315,0.68273562353041,0.0229173316862461
9909,0.101270704787952,0.586272145547567,0.0199251201351104
9910,0.0893561071381166,0.574484334465237,0.0243045589278815
9911,0.0771068449548331,0.577577855920544,0.0251325770900321
9912,0.107146428129362,0.492970781378451,0.027609172550509
9913,0.101362129583552,0.440165818200604,0.028754376830541
9914,0.116455324416905,0.426893523124564,0.0336111793409601
9915,0.0942760732117005,0.432335760707168,0.0246513023465543
9916,0.0842224215304376,0.428731825051147,0.0420778491306215
9917,0.108787986857952,0.436919470609629,0.0392982567784752
9918,0.101050315590282,0.425514203155847,0.0301150802189626
9919,0.110780376577177,0.441575528334554,0.0375077516176635
9920,0.105494281312179,0.449705981271358,0.0325672379332804
9921,0.0949527102724283,0.441362850709079,0.0475782059860688
9922,0.0966195269083937,0.422694732451689,0.0318056051258587
9923,0.100523031988347,0.429315769842956,0.023089976969299
9924,0.0857592931529947,0.433613414843456,0.0408032002207219
9925,0.105710688580962,0.438565880137011,0.0558488110925069
9926,0.109385351229732,0.432577077118328,0.0315694495589678
9927,0.115037512871074,0.452342484287783,0.036387474581107
9928,0.0970018344619636,0.424496246118785,0.0355878720108025
9929,0.0792394320855558,0.428290455332205,0.0239065304406173
9930,0.100019225140818,0.442519921364966,0.0366634661630848
9931,0.0786561169697206,0.430957751546969,0.0419537133610607
9932,0.101405164268769,0.424856668659593,0.0333337125865715
9933,0.0924183455395559,0.439059264358673,0.0307618748018168
9934,0.104268801414312,0.445493945512587,0.0288107035861748
9935,0.103053723692214,0.448000635802548,0.0308992111164868
9936,0.0784880366574647,0.422606333756281,0.0371027587195233
9937,0.103606119819322,0.431050628713669,0.044296376472627
9938,0.0998848141264747,0.433584741001063,0.0504388913353367
9939,0.122983788728059,0.425637994267758,0.0403355002300684
9940,0.120814753082721,0.434302075546991,0.0237926738482931
9941,0.092127921071128,0.444793740206857,0.0294461333801059
9942,0.0927056594025434,0.442566109623287,0.0540354129095356
9943,0.0887082986372348,0.425815897956972,0.0297388012408774
9944,0.0929312293505906,0.476807685647441,0.0259372495557321
9945,0.0819241541956092,0.444507252087342,0.0407734310607093
9946,0.107629869634148,0.434352974530232,0.0249550628657618
9947,0.111980727909588,0.422185763058728,0.049234711397788
9948,0.062860694592342,0.392063428712813,0.0468000790477694
9949,0.107874955455951,0.427246110904944,0.0330198997587369
9950,0.0869118171130412,0.459152022311899,0.0419791854123986
9951,0.0882333572239141,0.455648231251459,0.028717613112676
9952,0.0704519607135106,0.429858039241789,0.0471554095026023
9953,0.105155748820289,0.443038410209415,0.0291400415906836
9954,0.121000892324755,0.433474052835098,0.0286042021802121
9955,0.0969290629873207,0.441639319725865,0.0390261453984206
9956,0.107316414181649,0.440741273271423,0.0344009186491364
9957,0.066955674096042,0.406971628044703,0.0528231460748718
9958,0.066955674096042,0.430013326629235,0.0532582613593818
9959,0.066955674096042,0.443811023792463,0.0250399306393656
9960,0.100924774076327,0.393836140318842,0.0631232666635892
9961,0.0786794631606325,0.44667336419806,0.0479418062564976
9962,0.100112566980328,0.446179235948384,0.0356984733970261
9963,0.0933465134453495,0.441387100296136,0.0361819859967975
9964,0.085362270072219,0.423968647932169,0.0368131641395015
9965,0.0854244368655056,0.438673605115146,0.0250355828541087
9966,0.0954444230109799,0.445766164222074,0.0334554521766053
9967,0.125728298269115,0.394317741018915,0.0308234811924157
9968,0.0629816306209607,0.431155040332379,0.0350258313779348
9969,0.0902867976904967,0.452523787612216,0.0376101553692867
9970,0.0859564250656844,0.426585793999024,0.0259535743215892
9971,0.0789036126839969,0.427105622607994,0.0307552652013323
9972,0.0805551987780464,0.435715971992304,0.0309361016945652
9973,0.101301836160585,0.439903200468443,0.0410674827652286
9974,0.0882780660342502,0.436771010398997,0.0310844845804014
9975,0.0909988327964458,0.424487433055118,0.0367814545502695
9976,0.103918589611991,0.446611912733158,0.0232670520448296
9977,0.0594577046210964,0.399400750272545,0.0819742879519024
9978,0.0916802353639836,0.449629335478672,0.047333645286049
9979,0.0955606423069304,0.436646634190502,0.0262480490032431
9980,0.094296176484097,0.431390133003748,0.0333459177470553
9981,0.0907422219554178,0.445664881500169,0.0377018275989532
9982,0.106206552997972,0.401815471406251,0.0437265836630058
9983,0.085823874359607,0.439072590304514,0.0415204235090941
9984,0.0718961371247372,0.445057080559993,0.0459115320172393
9985,0.10355122457951,0.447499064529588,0.0390600253348404
9986,0.0928345916690698,0.428691455889592,0.0219519358911326
9987,0.0939786918345611,0.435580247819779,0.0274738218070941
9988,0.102990956484412,0.445653954268041,0.0358910154012384
9989,0.115600819397454,0.431005974625108,0.0399149803205062
9990,0.0941993656226114,0.4278202450387,0.03155969529005
9991,0.103785745680497,0.422817500066034,0.0256515305622687
9992,0.0851305737768222,0.442660931510802,0.0417003347507008
9993,0.103456651238289,0.44251333132589,0.0336720142342108
9994,0.099051082801285,0.423647025818717,0.036395747622015
9995,0.104674187632596,0.440798081081983,0.041668061456577
9996,0.108480590926073,0.428303997403352,0.0272593744685672
9997,0.0816277544061588,0.433552444934824,0.0337989948715666
9998,0.0952521653536205,0.423398383152556,0.0387097309117392
9999,0.10205620730176,0.441140576110914,0.0304550380717639
10000,0.114273411711231,0.457862472442007,0.0291992432401299
