metric,mean,median,sd,min,max
boundary_prob_corr,0.9199626941066391,0.9567232130312486,0.0993055039300379,0.4556318908739657,0.9993495990899002
boundary_prob_mae,0.06616431588025967,0.05431574759538929,0.046181354994714104,0.005187651006711409,0.2181751565762004
abi_selected,94.48,62.0,97.19411795811804,0.0,362.0
mcmc_selected,94.47,66.5,99.2149441944869,0.0,427.0
shared_selected,79.1,42.0,91.74531061695754,0.0,362.0
jaccard_selected,0.592561316394438,0.6904445035932925,0.33839841867888776,0.0,1.0
abi_in_mcmc_pct,79.63170273235906,100.0,34.24250227321897,0.0,100.0
mcmc_in_abi_pct,77.72919610368041,91.99693323897145,29.221887394331226,0.0,100.0
