parameter,n_datasets,mean_abs_posterior_mean_diff,median_abs_posterior_mean_diff,mean_abs_posterior_median_diff,mean_interval_overlap_fraction,posterior_mean_corr
beta0,100,0.010264780428808651,0.006536159771966588,0.010414924107919,0.6026642948654105,0.9997223424038869
eta,100,0.06594023879217323,0.04942878191772439,0.07269763150155885,0.6402602336624796,0.8458075674335012
eta_raw,100,0.09089214506838511,0.06977473414655827,0.1006088884831532,0.6402602338634996,0.8563425112934885
rho,100,0.06761080289343305,0.03711172421385878,0.07529802986943016,0.689083286745567,0.926886157007345
sigma2_w,100,0.09594857733868027,0.0546185197424656,0.060791416236721345,0.5308910328624106,0.8991377006056401
