method,n_datasets,mean_elapsed_sec,median_elapsed_sec,sd_elapsed_sec,min_elapsed_sec,max_elapsed_sec,total_elapsed_sec,mean_saved_draws,median_saved_draws,mean_sec_per_1000_draws
ABI,100,0.7791419420018793,0.7625919000129215,0.05536301900502929,0.71552349999547,1.0275529000209644,77.91419420018792,10000.0,10000.0,0.07791419420018793
MCMC,100,2.8395000000000348,2.82999999999993,1.4008261451332726,0.690000000000055,5.5300000000002,283.95000000000346,10000.0,10000.0,0.2839500000000035
