comparison,abi_parameter,car_parameter,abi_median,abi_lower_95,abi_upper_95,car_median,car_lower_95,car_upper_95
intercept,beta_0,beta_0,0.08557341620326042,0.014361945097334697,0.15207680128514764,0.0949079388252561,0.0670382990583261,0.123619776626576
variance_scale,sigma2_w,tau2,0.10707291803745903,0.010379848602229277,0.8460300765078276,0.0341355854415422,0.0184139004009146,0.0593564604001833
boundary_strength,eta,alpha,0.469968129947578,0.016973864765535734,0.9651990459759835,0.441274002255959,0.314269474363675,0.711456593954036
spatial_dependence,rho,,0.816486528231366,0.05003364667716539,0.9895480373678449,,,
