metric,value
correlation,0.8503568985502473
mae,0.15035989632855354
rmse,0.23184482541051504
abi_on_car_slope,1.7521101128470724
abi_on_car_intercept,-0.8200086710141505
