experiment,label,pooled_auroc,pooled_average_precision,pooled_brier,mean_dataset_auroc,mean_dataset_average_precision,mean_dataset_brier,mpm_mean_sensitivity,mpm_mean_specificity,boundary_count_coverage_95,mean_true_boundary_count,mean_estimated_boundary_count,mean_mpm_selected_boundary_count
00_baseline,Baseline,0.9440832468086732,0.7723307821099548,0.07382987784605123,0.9955532947512867,0.9882446509920088,0.0752438691167419,0.7303872100140444,0.93373771746299,0.9935802469135803,40.43679012345679,44.5679824691358,41.952592592592595
01_ablate_core_observation_features,No core observation features,0.9425889140796755,0.765512650802403,0.07494020874430254,0.9955623486140458,0.9885339014768233,0.07637627806179428,0.7354457124915831,0.9313518084977488,0.9933333333333333,40.43679012345679,44.80056691358024,42.52814814814815
02_ablate_graph_topology_features,No graph topology features,0.9434042510774848,0.7686107410238174,0.07434374081952863,0.9955463944337785,0.9883024965246412,0.07588371321682696,0.7397101799990629,0.9325216570738374,0.9916049382716049,40.43679012345679,44.6816311111111,42.22913580246914
03_ablate_dissimilarity_features,No dissimilarity features,0.9426249906528836,0.7643521390720595,0.07493368178082932,0.9955531502789456,0.9885237255952685,0.07639686426726622,0.7351485833954928,0.9320115234623345,0.9933333333333333,40.43679012345679,44.796203209876545,42.297283950617285
04_ablate_local_spatial_features,No local spatial features,0.9428977199381116,0.7668381958566615,0.0746522793489535,0.9955597017508167,0.9883678252979148,0.07615950590175796,0.7328715539688647,0.9323612391949346,0.9923456790123457,40.43679012345679,44.60826790123456,42.12765432098765
05_ablate_global_graph_features,No global graph features,0.9412822201664014,0.761347224479581,0.0755246992508389,0.9955636036509147,0.9885880157123982,0.07666038304468732,0.7299757205275392,0.9336836149873562,0.9938271604938271,40.43679012345679,44.32403728395062,41.61234567901234
06_core_observation_only,Only core observation features,0.9013210854920958,0.5904703048309052,0.09653186345816703,0.99556843534481,0.988680981711879,0.09648566053928313,0.7323895644394576,0.920100278671811,0.9987654320987654,40.43679012345679,45.34228222222222,41.35086419753087
