"draw","beta_0","sigma2_w","eta","rho"
1,0.107330183662519,0.0206780999638613,0.431371666876599,0.33564406147386
2,0.0856726839597146,0.0230425989912413,0.43395665739613,0.395067912914394
3,0.0802511108649206,0.0257085137006976,0.445430034835146,0.479892712032657
4,0.0958111595664808,0.0316317725204506,0.439585359691646,0.657057954672744
5,0.103782200630742,0.0228504396817899,0.520021949920619,0.427008101993084
6,0.0969166219784318,0.0286009273790016,0.643904130529228,0.573344837090624
7,0.087486999551115,0.0269047849134318,0.284168316450508,0.400873469412895
8,0.102378061687296,0.0255417799311953,0.40106528397402,0.624175611950116
9,0.0936290847421599,0.0224607200597322,0.426751751572075,0.611335153743895
10,0.101458871809713,0.0295171753552448,0.437155214964161,0.650773601495322
11,0.0698119786751592,0.0265626879834214,0.440666861085126,0.417898947620332
12,0.0947996747733752,0.0514627993530682,0.442520844783393,0.718912403799636
13,0.100498654694919,0.0343250725151379,0.439122052726702,0.513501831681936
14,0.10640598267641,0.0232258581796935,0.444281692208733,0.222706366292538
15,0.0888640264929549,0.0262210456342467,0.345729008529602,0.585473479247537
16,0.0804311746210986,0.0337625727153884,0.266648694747927,0.474809817461922
17,0.0967851052685547,0.0450855518968745,0.308818542163202,0.716630612015854
18,0.0978179952540923,0.0251826124744998,0.4354642977412,0.576290927121257
19,0.0923291865734206,0.0214397314502223,0.426882830857225,0.377216603924338
20,0.097707182595237,0.0489834912516429,0.468756581565944,0.653677656847705
21,0.105005029997809,0.0378044547009774,0.442274600469906,0.669833750708634
22,0.0945600618323919,0.0503502863934898,0.438698877743346,0.835273869947203
23,0.091798221442884,0.397069568622044,0.425770677031786,0.956039218042341
24,0.105368691717261,0.0801784533764905,0.441222815213611,0.830482173909337
25,0.0981416194541912,0.0334328294150006,0.42753385796447,0.458582921456124
26,0.0979320642050596,0.0463271568605673,0.284006188821168,0.719156223658601
27,0.0893853516123125,0.0328238186312562,0.376809491487768,0.684621325160673
28,0.0963461821377138,0.031024247385997,0.431899795754492,0.681716753682894
29,0.0921871149427726,0.0351732662045821,0.428875454308617,0.583584286447116
30,0.0881297866590442,0.0433438163485491,0.409475598823788,0.604969297860261
31,0.104284436093709,0.0430941311585527,0.424542069327358,0.70947350201879
32,0.0963138434939517,0.0197868490395454,0.426270882899651,0.529032266803391
33,0.0816188867614158,0.0283605224120827,0.369593542733386,0.541868199992472
34,0.0756714599500208,0.0356093249617997,0.361796338336957,0.44591045434809
35,0.0957396071978529,0.0225579406910879,0.34253621766151,0.475414571559477
36,0.0948084254128654,0.0336539917605698,0.357567903381445,0.587371922381507
37,0.0991491933399857,0.0369091778931309,0.358433599305014,0.653780536911115
38,0.0784940647232986,0.0232057285526399,0.397986378678639,0.371821258695292
39,0.0812432658897971,0.0751829066125995,0.439461140033413,0.829066513810783
40,0.092045518349682,0.0735341907268207,0.445538867229132,0.805960708022083
41,0.0856664134957515,0.0439596421244835,0.441531833494145,0.724649816966291
42,0.0916432617650092,0.0593401292452928,0.457813325527063,0.742991347171794
43,0.106986318689662,0.0761469216540264,0.444320004775072,0.881137195832849
44,0.0930760401723722,0.0538505398155953,0.425600654895611,0.744958827619211
45,0.0926552425214857,0.0483026820191827,0.446536454805673,0.661762174755849
46,0.106671012215837,0.0385622898427715,0.429727537150533,0.726450259223438
47,0.0940273270773004,0.0346093847996485,0.387598704445547,0.568312877711741
48,0.0889337194830809,0.024137440920654,0.434269558477051,0.553929052573827
49,0.0906514500944673,0.0360595174622782,0.439913203251267,0.609047008697897
50,0.0964737093414575,0.0271099686490298,0.434195929015682,0.607318111248429
51,0.0881636335393862,0.0399933989505738,0.445726939466581,0.632295062111471
52,0.100705380253647,0.0274197186218823,0.445463618318428,0.62610362590854
53,0.102899149194885,0.0324063630057136,0.427217849930836,0.62684807547997
54,0.0963965286472099,0.0284165814220243,0.394827179369509,0.505621491652106
55,0.0969260524764279,0.0459277647253957,0.436131773036876,0.819752228193419
56,0.0735511286023063,0.0336920776405335,0.296602280052186,0.378427001539078
57,0.0898024692097145,0.0475292332680184,0.442343594107883,0.706549890451137
58,0.100404454759135,0.0191679968177962,0.43833522319958,0.348900659976251
59,0.104680527147942,0.0282492428745667,0.438741601396372,0.678287543615907
60,0.0897112511340184,0.0290301888666088,0.444541151179633,0.517853782285256
61,0.0901463362776115,0.0357709076572374,0.43075779611911,0.738561547995276
62,0.0724740637069136,0.0630655153028045,0.442524484989488,0.679980736602088
63,0.105100307950443,0.0237794750456492,0.439387755465353,0.383097215973507
64,0.0913409578638607,0.0283176770058816,0.195960527855435,0.338515017484612
65,0.0887976573124152,0.0138442642917742,0.302119321545197,0.258679474440044
66,0.0822355549394441,0.0332767180214056,0.432017280695935,0.624457865609497
67,0.0868780390311681,0.0358866688108419,0.316008542760278,0.598719879377111
68,0.0964938656927528,0.0267810370312491,0.435736381449503,0.475351660072261
69,0.0790582058235593,0.0314222445102159,0.44314387698006,0.5969266304527
70,0.0816190449709745,0.0189558324701579,0.329271980010674,0.393665491156741
71,0.0915170021466474,0.0270216485872145,0.35767702027855,0.486926422317207
72,0.0871823399439614,0.0177023448983374,0.427141757725771,0.38957247717955
73,0.0998069901872369,0.0173067947669877,0.432475532125204,0.477748807760119
74,0.0965831456251379,0.0340144139795893,0.385180596056856,0.38587121932705
75,0.0830351366549902,0.028240197066159,0.44379793591674,0.473488428662496
76,0.0804680008937786,0.027186605200319,0.409944587873224,0.442759196927156
77,0.0974747401199265,0.028659583406066,0.361244494791018,0.387563728510791
78,0.0865716947948915,0.0280120245508809,0.428915342390073,0.38128923790189
79,0.0999676194709256,0.040680522651284,0.424848473737048,0.627928014466523
80,0.0722833618898686,0.0343094352865192,0.637508746651888,0.251473966605297
81,0.0773139230958707,0.0310953574902999,0.273057150888754,0.330976767636121
82,0.115056128469224,0.0383636918236882,0.305616484841604,0.491865250058903
83,0.0989813647905579,0.0329058424216027,0.43068475668908,0.528375407202211
84,0.0910356598499369,0.0417324164245665,0.44677954181083,0.724243446948511
85,0.101608299097743,0.0145422779775232,0.443342319620506,0.63461977028051
86,0.0831691799757892,0.0484550116003375,0.682502060870834,0.723999532903815
87,0.0950713863385798,0.4135765069168,0.633627236958961,0.96389486647719
88,0.0946065865821154,0.0839382625974112,0.710146209491249,0.85941270478979
89,0.0837623497936482,0.0397257994621701,0.777574523292813,0.738799631642813
90,0.0840812788312049,0.0257767757409298,0.855910023269821,0.610481983408357
91,0.0867886808237554,0.0419624667028369,0.793043201549383,0.727118227183474
92,0.0757307395965685,0.0765671834610151,0.578456320389622,0.818586380011563
93,0.0962294842823451,0.0846592096636812,0.427217163460903,0.830688008883648
94,0.082859277749419,0.0377062032997207,0.563763890514752,0.593615093438942
95,0.0756520419468013,0.0329908535086979,0.672416735181035,0.489180090984362
96,0.0682743522336842,0.0255320407239622,0.84577477631857,0.459363514718247
97,0.0829746676736683,0.0337421863310737,0.954105910014694,0.593386444973016
98,0.077298938601616,0.0206009613957692,0.874563004399613,0.294663891102043
99,0.0854315692066407,0.0460762536966095,0.722611688943768,0.558421307104922
100,0.0914784321165931,0.0399604030011747,0.434302466095156,0.62453056235306
101,0.0832837844238541,0.0526833147888684,0.432034855164768,0.694726765755942
102,0.0854567082727342,0.0271720624991709,0.440164164469876,0.629562195977821
103,0.110637718671969,0.055384119359961,0.432820595262541,0.686216455329728
104,0.0872468323809471,0.0231696071047462,0.468488672382883,0.482622183473832
105,0.0909335788523596,0.0478603580185302,0.437834959859152,0.708132654812976
106,0.10523538606044,0.0279118031244736,0.441238805784595,0.594191577522696
107,0.0831130579996935,0.0342398283033816,0.445984152459522,0.591085434438248
108,0.099583314082335,0.0436002669185726,0.444210862495865,0.826180662384742
109,0.0924639196511369,0.0562021641086416,0.433992981662437,0.797997828459384
110,0.0975559188726442,0.0328969598832423,0.430513846415964,0.669629809329825
111,0.0966078707201706,0.0635755474670479,0.656860190645226,0.795981531924234
112,0.0890439322942865,0.0818625782878352,0.534896111579615,0.811999051844704
113,0.0865917497876253,0.0359478444409292,0.351694569793735,0.529770425173291
114,0.0894707011680418,0.0279233014392717,0.378069963159257,0.411859435488435
115,0.114063029374626,0.0193833076971567,0.42962597235013,0.455618316789774
116,0.0810983193915081,0.0185446543179881,0.408024229853341,0.427259416408674
117,0.0870541626697937,0.0169017552291111,0.341510164231237,0.400002201539321
118,0.107729676867191,0.0527902817673896,0.4463806753485,0.747696717612205
119,0.103125859531088,0.0220317533112239,0.429773664559008,0.511698396692436
120,0.0967822262296187,0.0177781029419554,0.437053528334456,0.346982830095051
121,0.105886739562702,0.0236421008995954,0.431697466500588,0.699109406399179
122,0.0921445673490281,0.0477139828617717,0.437598915366589,0.826899745392048
123,0.0968201077162852,0.0317093245976675,0.443712636525029,0.654685893157976
124,0.0931892195896582,0.050893211187816,0.446532425510609,0.821126138465915
125,0.0995570129329567,0.10500651465016,0.422901996896198,0.846490806360131
126,0.088934425918135,0.0254019876134312,0.374465091448806,0.506639540041286
127,0.091131878534577,0.0419415583240788,0.438096242005849,0.70119328668233
128,0.101306231563273,0.0369542063473579,0.369380028140133,0.627407037785788
129,0.097759047427591,0.0585245655705508,0.441912005900965,0.735790505185096
130,0.0975800241894316,0.036733801446598,0.408423209996805,0.436021478579705
131,0.104537111267387,0.0179875742111207,0.438743578335832,0.494368232437356
132,0.0876161773609967,0.0206981932660054,0.445822403055045,0.542594525831541
133,0.0770609496715528,0.0330305286057119,0.239651771514426,0.1970959567307
134,0.0924938569145975,0.0177257234928257,0.224967593221598,0.429401737117212
135,0.106864982517025,0.0345839991661264,0.447022331563592,0.670403109965384
136,0.0997223778033466,0.028296249342661,0.439918379437176,0.498725975038279
137,0.0939817055422994,0.0322404216856967,0.458457949669609,0.64704165158133
138,0.0954557561149158,0.053292589787253,0.43511516434535,0.687236003731051
139,0.09889322553284,0.0232881643759356,0.400630868714436,0.491201662027931
140,0.0947613843317391,0.0369358052468284,0.443757031524769,0.631787155519408
141,0.0959859079247344,0.0339718375945251,0.42887851332835,0.730968046283069
142,0.0911687084725241,0.0253658597276796,0.432629795323453,0.541750001469528
143,0.0860459526675475,0.0383006041543505,0.290671315149133,0.561451079761484
144,0.0935081881073945,0.0240706588260592,0.48412645908022,0.397684505915069
145,0.0916253678210843,0.0244440826965138,0.444315853851763,0.517746760585874
146,0.0845000940510194,0.0252864761378185,0.423181464624274,0.587710361706043
147,0.105191109722405,0.0307732701938682,0.437230318855787,0.601210084424783
148,0.097106613682961,0.0289841691718566,0.5745927950914,0.591812424996793
149,0.0774087149588868,0.0230289950488874,0.65420102581058,0.53227285881041
150,0.0841486566319361,0.0455165839953398,0.871513589856289,0.590866563542217
151,0.0767430153885687,0.0318242536141261,0.800806602112319,0.51225867369566
152,0.0833039156726863,0.0346311618213178,0.739542215584509,0.541045939965675
153,0.0783520304927566,0.020239447505659,0.655653627470035,0.408864789726
154,0.0909879443269045,0.0408763791015035,0.591969007141574,0.734550237250615
155,0.0856500984123472,0.0458655450400527,0.690488434965418,0.576533285399869
156,0.0888186328585696,0.0258573185814669,0.726358603295955,0.323014984693135
157,0.0771904624825447,0.0306804231187754,0.676426175796961,0.537420519376908
158,0.0942926436877226,0.0373611920575578,0.870376604288516,0.521419093598849
159,0.079754136151849,0.0276202616129512,0.919983903701217,0.449389867879992
160,0.0798840549712465,0.0552378093707342,0.666739923966497,0.736282595944983
161,0.0835174170642417,0.0380194226671437,0.568566749515649,0.369872176461167
162,0.0858254026291745,0.0581356374445043,0.572716849385436,0.743663639144141
163,0.0723274648860886,0.0574920001101077,0.721807104178499,0.707487157211203
164,0.0949151285564915,0.0216745785494625,0.818039398082325,0.617538239253244
165,0.102074651324445,0.0395761175624075,0.812213730484576,0.598947200879224
166,0.0819652182272269,0.0224070936056281,0.710596431901314,0.448443419761593
167,0.0882221411485068,0.0165525866064173,0.374005341493758,0.342155249933984
168,0.0895297008125627,0.0170787052558646,0.334356853530724,0.20250034037117
169,0.0870879409100049,0.0251591180709158,0.407585465439908,0.318915882318273
170,0.0814849035867825,0.0387933178162177,0.458697459900395,0.641126196604394
171,0.103698383390601,0.0336971026479919,0.436045578488827,0.658850861653321
172,0.0806464208386186,0.0204594909001953,0.421734068546518,0.37215065587858
173,0.0927144497256321,0.0121305742220154,0.436733893170568,0.479623012654154
174,0.0841471838466564,0.0192489165656623,0.304446954528889,0.265836800069785
175,0.083601642535092,0.0174370866899109,0.326040906589097,0.213899549925964
176,0.074549908565846,0.0222912814624993,0.430368626780861,0.409400479382641
177,0.0929930465606535,0.0232764111437169,0.441883570276831,0.591865667571351
178,0.0934099179293764,0.0324368603999961,0.428278906079003,0.511660727804279
179,0.0893565698915048,0.0208359541081847,0.4297899733221,0.570121703076067
180,0.0938188671221051,0.0683324094360225,0.347713156600528,0.752608319088841
181,0.0788684395698393,0.0291882419788867,0.4441920050283,0.626405113188942
182,0.0806594751953117,0.021636673031075,0.251368999597535,0.399606343453221
183,0.0772323284210945,0.0291590765998842,0.401534416001587,0.309085471026912
184,0.0877794036253734,0.0223372111531862,0.175417569093971,0.270312516585886
185,0.102797348408465,0.0124374588607602,0.349516260798996,0.234846206013323
186,0.101438219559115,0.0228316202355406,0.445327001176634,0.546755844995808
187,0.0986336443707145,0.0217874221855737,0.557753463508266,0.480307085591291
188,0.0843841870402246,0.0269922885671441,0.433914179629996,0.527841333784536
189,0.085412216255828,0.0186778630137315,0.447071287073876,0.507814664407093
190,0.0803323381335637,0.0732627358874862,0.431104778942734,0.800755311928433
191,0.102042018047496,0.0747221573732933,0.433799879512162,0.77383518811234
192,0.0921349575775802,0.0598535942526914,0.429647056304944,0.743084293901549
193,0.0882525840983573,0.0241111312046992,0.4223319885362,0.393936287337633
194,0.0844277580381566,0.0234100685070573,0.434092883847012,0.511034694831293
195,0.0759348798099496,0.0218115661454917,0.435299914699483,0.492630585321066
196,0.104423365040765,0.0340917563406764,0.432109525015293,0.634350910382106
197,0.102758631779886,0.0302765562760742,0.437112843178151,0.463826678884835
198,0.0863500296159751,0.0205762534882144,0.426395315586415,0.449961723916218
199,0.103262333728072,0.0252538040034119,0.436513630988332,0.503337808970653
200,0.0987697098690861,0.0230380879885106,0.435496026889785,0.558308964565356
201,0.104286122754327,0.0313158157882037,0.42781477024068,0.683969878610969
202,0.0826513678408728,0.0151970136552704,0.42809584038798,0.391096084534464
203,0.0918743071753237,0.0645979902438671,0.444551437039899,0.808990231868616
204,0.0881644827624026,0.025450130209806,0.44808672379583,0.288335980521927
205,0.0828587513503591,0.0272574300877657,0.431966124626396,0.454307434386353
206,0.096135474583365,0.0414525281335642,0.43644139832132,0.773160334006967
207,0.0923681656775657,0.0377766423805967,0.435726997491882,0.791137834872823
208,0.0940853046930617,0.0665805042964418,0.437705912812438,0.802697052451149
209,0.10391609565311,0.115134067079974,0.435524520345765,0.91193327388502
210,0.0943356008105078,0.143596284203867,0.437557662561501,0.911224532668497
211,0.0966972417233828,0.0501411292522354,0.433380185347524,0.785414247399308
212,0.0849714024372818,0.0297310050289052,0.430472660855196,0.397517700872313
213,0.0840271386014557,0.0537394028804354,0.483663805597638,0.623892602818149
214,0.0892971098275482,0.0184325569153169,0.436113802348144,0.409560047389713
215,0.0929310197055427,0.0389770684125668,0.381384906092114,0.601211998288485
216,0.0984798391474372,0.0325956679198817,0.440167650490521,0.623786096139179
217,0.0877610472053268,0.0295531260056201,0.433585454620301,0.583654925921748
218,0.104583298026644,0.0207373038179088,0.349100177318843,0.466716977472225
219,0.0893738382993137,0.0274763990047357,0.443989301059837,0.368554806537807
220,0.0786555999619785,0.0208462561012041,0.443539393884595,0.452146335684747
221,0.0926341644620643,0.0183226824802973,0.270472646920818,0.350458410655624
222,0.0807576998152878,0.0237016698216081,0.245205846873943,0.405024403450929
223,0.0861313639000829,0.0313807320991881,0.442845838812132,0.447394329175449
224,0.103587671101296,0.0286105916953086,0.615327207018231,0.575790467625322
225,0.0776554913160896,0.0258477364491006,0.611003072337338,0.446344948833102
226,0.0833270118806149,0.0211176651675655,0.89564393007464,0.215506285264659
227,0.0816460959407533,0.0167744473132767,0.816896735425504,0.367624797597278
228,0.0833580473257961,0.0350644575410919,0.896401036410416,0.729103700696877
229,0.0950455677324404,0.0292779785670944,0.774810941569255,0.634824954654616
230,0.095406041480056,0.0268131436599173,0.979300650913681,0.616751879744621
231,0.095713596309727,0.0399333290126464,0.798636590834058,0.652742577582837
232,0.0985546239490911,0.0449294919576639,0.734106458647374,0.603911626731348
233,0.100470112504906,0.0614437731752131,0.864784917931062,0.714413534851765
234,0.0846850922229248,0.0381211326307335,0.797283308183589,0.57684853480754
235,0.0816837711406614,0.0190409237564031,0.97296146038161,0.498793337680451
236,0.0867343816790678,0.08221413021367,0.920166041003652,0.735646693077031
237,0.104268391146576,0.0590272998419425,0.981830043931808,0.768755230454367
238,0.0895339754021297,0.0423037795530089,0.928958262314127,0.777549827731205
239,0.0799994437587756,0.0530489762718934,0.680152624423421,0.74451678182646
240,0.0880709324768622,0.0734152763786074,0.895760825626652,0.81081146369077
241,0.0890636809849741,0.0251587105828048,0.967997513779802,0.530387495082625
242,0.0806883282225626,0.0377607438877234,0.75783201220609,0.632304747080843
243,0.0857680237490881,0.0562535197583841,0.742967682179153,0.714153063800498
244,0.0929889343606357,0.0505464578766324,0.930320470289169,0.699923477643822
245,0.0813891832050635,0.0370999016436672,0.775132652392056,0.641988316161646
246,0.0820917854292968,0.0359366063592583,0.761626430113111,0.61148872900977
247,0.0838660179550083,0.0442508701252041,0.610565894903022,0.572782885728803
248,0.0726585403030058,0.0387875782007709,0.683419289250589,0.528047619279637
249,0.0836363966954223,0.0220734163727788,0.654360639804001,0.446396252393497
250,0.0706832006380846,0.0273613664984266,0.666242195585498,0.248366824471451
251,0.0807373676551458,0.0279843754459824,0.771294930189553,0.491782268821072
252,0.0812890712473225,0.0254523772951249,0.466025378753173,0.359622768870183
253,0.0907042875125643,0.0358699108694435,0.682914489257796,0.613814559403131
254,0.096116149903273,0.0475774117062669,0.803113236939096,0.762509359995255
255,0.081430502828398,0.0278730135050984,0.610085726530982,0.166004564638896
256,0.075029823414962,0.0240535411692532,0.591998421845951,0.292717524954134
257,0.0739928667547905,0.0250385794687431,0.390578891761472,0.411498892362119
258,0.0842346650151816,0.049891372324953,0.565324810715366,0.592049297821158
259,0.0967803285339461,0.0209479728483791,0.43783051587875,0.559088945825643
260,0.101613366154307,0.023510009818068,0.404520239712079,0.339079970883179
261,0.0862874965934054,0.015171021011833,0.442620021152232,0.582219695018477
262,0.0800289016037258,0.0301723666333321,0.441671881134785,0.489561052313076
263,0.0956660633806203,0.0184839601723628,0.40291052906167,0.311979299977943
264,0.101354136786192,0.0752853187113415,0.426948231886204,0.860789387726219
265,0.0946017699680642,0.0623619593616989,0.693830352413521,0.81880477012142
266,0.0836389991477684,0.0891863496540934,0.934624872713228,0.871380489060376
267,0.0792053807271107,0.0358594639734712,0.719486031796197,0.627098748990258
268,0.0879045690001044,0.0243698642237429,0.923964278377503,0.545189535320005
269,0.0718375856410218,0.0328016295535035,0.859232284953333,0.602846804173131
270,0.0726929881869654,0.0288639027089792,0.630799483499006,0.625930781727337
271,0.0929977559328682,0.034387525954887,0.442926279276543,0.652438715712589
272,0.0883408806810803,0.0168169524986165,0.43808214073221,0.451276384924132
273,0.0896264806036644,0.0161845578446554,0.291570755099472,0.428218307265884
274,0.0983899312184032,0.028717901012106,0.320216646473422,0.516583661765302
275,0.1073501635308,0.0328310101611323,0.429874954140215,0.605750651870796
276,0.0932544339432037,0.0773154639613495,0.438031249422973,0.848072502376648
277,0.0943974131847319,0.0821641337053151,0.42941495417491,0.88020165338798
278,0.100020330704611,0.0327004841118467,0.436008726107216,0.666571840237343
279,0.107248828246909,0.0385816089633817,0.424887822151457,0.726673132194301
280,0.0892917499048312,0.0530862051854787,0.443487962188485,0.79369113764045
281,0.0971172059739681,0.0219178554161514,0.438962329044222,0.605311989432614
282,0.0969572356637841,0.019900682503039,0.440637819730897,0.441953685045886
283,0.094173740384999,0.0514339183657536,0.444500832198292,0.834709663415653
284,0.0972482845164072,0.0354949912022077,0.427234316956075,0.643904620719569
285,0.0871036049511615,0.0277080445144246,0.440232202480306,0.701084965445277
286,0.082478704387356,0.0324810321376452,0.427275070195245,0.667602527850229
287,0.0919393221913575,0.0476780221278233,0.436391920952261,0.795185786015075
288,0.0983190477757159,0.0579686240761354,0.428820862118064,0.774575617922473
289,0.0855364455820713,0.0538017797219438,0.440352042603867,0.684292955248442
290,0.0872502320721966,0.0385671561705341,0.425723486789523,0.705733165839824
291,0.110119788988254,0.161582636094569,0.425410482970928,0.913770991344176
292,0.0936794133561004,0.184637334462754,0.441751022316206,0.928158576541504
293,0.0948648776419496,0.0611687965542811,0.446568858878104,0.85090319562459
294,0.071934707326603,0.050871930468279,0.418838083502772,0.713356322293078
295,0.084831231986241,0.0277063245892072,0.409210331319804,0.451369906424719
296,0.0618184067022601,0.0246778515601815,0.278732228400378,0.41077728665268
297,0.0827638456362844,0.0168579938532986,0.309175305074167,0.181036719749403
298,0.0832189059458923,0.0174282779140399,0.242042130780245,0.291456707497216
299,0.0902203306353337,0.0227874001214902,0.133598904611913,0.34291205722078
300,0.0850606295652922,0.0242292791752453,0.0735827912174937,0.234183361218022
301,0.09716585288408,0.0496264394333088,0.0431308509761374,0.566422602979318
302,0.0911964106104017,0.0313470731230262,0.0640452223660265,0.509555247884221
303,0.111129675385519,0.0231299446328016,0.217896104330693,0.363450291562593
304,0.0997564652808718,0.0199093505369507,0.338983150023188,0.587920397487313
305,0.0797210657355129,0.031035853176445,0.433097400869715,0.618487329309071
306,0.0724625368780665,0.073933941017096,0.444725443019777,0.827446547776402
307,0.087679988283512,0.0645144093608836,0.434087748755466,0.823484672060905
308,0.099062810905753,0.0299266471936284,0.443932750128323,0.676518917816708
309,0.0927092699386426,0.0260017716118412,0.438587843698218,0.37604725042304
310,0.0771984161174039,0.0518742234787808,0.42562168774339,0.684605335142227
311,0.0919444080504292,0.0178808595252923,0.434861063920821,0.415859548671374
312,0.0815205621484001,0.0269013790814747,0.425649666213153,0.517450150274594
313,0.0962671726693294,0.0287695435518689,0.433911608628784,0.438420024356965
314,0.0775877816613499,0.0340586721112431,0.428640476716433,0.717368587041996
315,0.0928737354767048,0.0225855729994545,0.397609152924265,0.557295081249656
316,0.0863202701645262,0.0229201386465492,0.442102716920132,0.511492145285315
317,0.0857501108783621,0.0250226654986336,0.359846927531251,0.32574603356512
318,0.0951433108953932,0.0337309644590517,0.442190167883709,0.51565748434749
319,0.0853110263330156,0.0282642519786041,0.342718018388155,0.313480933455749
320,0.0909077555852418,0.0201310364061566,0.369137537931678,0.364158935737994
321,0.0964750216296998,0.0350658236519767,0.351062361112891,0.494055115883528
322,0.0811536736990242,0.0283715068059312,0.440099090208111,0.596820235384924
323,0.0792715371541241,0.0203347857855194,0.39366157653456,0.391424533153636
324,0.0923053709761913,0.0247937470225258,0.443020750487204,0.550432562677102
325,0.0971737457026663,0.0356430630802768,0.428507519601726,0.495528110835793
326,0.0902378117803797,0.0230860747236354,0.445812860907401,0.517419417568017
327,0.100091376930243,0.0574736204069495,0.439554151863899,0.709411166927627
328,0.0969386602214575,0.149918974818464,0.428010281954616,0.93081904586981
329,0.0953063068505501,0.142864477584123,0.431892486284385,0.91906059023575
330,0.0833914901205768,0.0540059477729944,0.438310724905125,0.805173361178318
331,0.0976913089200939,0.0218321337855757,0.443124521539867,0.677045318112319
332,0.0922096168723201,0.0890493209300907,0.437428104088075,0.821557570988075
333,0.0818422895259453,0.0296447942826038,0.441892928365257,0.704775277765577
334,0.105897646669277,0.0489360073730502,0.433990035682525,0.786819773519232
335,0.0996247259964404,0.0282384856156543,0.440719639801312,0.602303579141553
336,0.0876255855040733,0.028202233255873,0.44406176931228,0.492540504973622
337,0.0868518602103157,0.0152822142506642,0.412774959241185,0.281424583035077
338,0.0812315826673311,0.0247713522427514,0.431987980330406,0.498556955968825
339,0.0935966930951192,0.0261148249192937,0.444875346463909,0.451951025745555
340,0.0760174534396203,0.0172147474723672,0.60244301709385,0.461913789345797
341,0.0838682831792807,0.0186839220439643,0.64442024949096,0.304181230313185
342,0.0966879210521491,0.0219039627843654,0.658150021856741,0.51128467887807
343,0.0982340875715173,0.0203298464878525,0.943513613938513,0.516897457748089
344,0.0775992863075798,0.0757713698523894,0.914838436548787,0.832183172087029
345,0.103023275642672,0.109873215320739,0.966219641768786,0.868222285075266
346,0.0843655355424992,0.264199400671049,0.888290688857132,0.952019585032351
347,0.0888958478877521,0.342718287798174,0.865904212454865,0.965308683565935
348,0.0880296950201411,0.355362387434524,0.795169513538263,0.963772569338981
349,0.0861950438641687,0.0998855103219988,0.575818344355967,0.818663908171677
350,0.0776698361556226,0.0295892336501751,0.58420813159825,0.491527715840653
351,0.0698385223909658,0.0520224714164558,0.654863012346321,0.662333437887237
352,0.0718022113306556,0.0355641700804268,0.69294498802502,0.576641628081709
353,0.08519799917971,0.0257911828317006,0.57403080112322,0.647942127385836
354,0.0816610681189192,0.0565343840393548,0.768353092502218,0.748598273479795
355,0.102710438646598,0.0203142266096177,0.446389213542066,0.459663174755186
356,0.0889242533570929,0.0289440591347115,0.425957912428573,0.591172429926955
357,0.0952558957962749,0.0375530452347964,0.428977129881023,0.64611950378556
358,0.0892481753831627,0.0250967590359485,0.396377076609883,0.361723637471252
359,0.0869076943023505,0.0333524048302283,0.444582779098601,0.58710287520195
360,0.0874274036791307,0.0299147635409279,0.444279467290213,0.506377964633488
361,0.0990166727912334,0.0268440758423644,0.434761106409165,0.673190108385694
362,0.0983609717054702,0.0307920724792288,0.429980612472906,0.764447652199511
363,0.0945765702139091,0.0721759618446689,0.431947399248089,0.812960656792982
364,0.103673256755877,0.0556940221521758,0.439939408561097,0.724292601789776
365,0.0792504135908464,0.0500990392105096,0.438562688532719,0.858747315653982
366,0.0912083735549554,0.201370787047914,0.424722860134085,0.942596782507449
367,0.10355949552853,0.124750874858423,0.436973605284978,0.908404681690074
368,0.096241729638943,0.0336634883130079,0.439313400223107,0.677912165740247
369,0.0933243164873593,0.0211428695633639,0.455775668895636,0.406664952494694
370,0.0892965802433009,0.0453227540993618,0.700022078700903,0.782559988148339
371,0.0934491279786298,0.0629423418891715,0.706183390751763,0.748676257237966
372,0.0805783245930354,0.0335501708230156,0.903762769570816,0.417089240390326
373,0.101624182965233,0.0270221199202984,0.940083562803857,0.413065009028244
374,0.0855126221526684,0.0251548802947636,0.933375438370136,0.595042687557135
375,0.0689799719259295,0.037767910775981,0.966872018293186,0.566324324098017
376,0.0847716283367884,0.0481901128331595,0.952773699491596,0.312633164675508
377,0.075825735714171,0.024531873114081,0.86802410421178,0.498444685982221
378,0.0887168829167111,0.0282185610307783,0.828183487333538,0.599580186885668
379,0.0835284707797099,0.0240064973114065,0.732214712648615,0.380886274063362
380,0.0799010096450555,0.0296818782008287,0.702235522302796,0.222754508470134
381,0.0970864649431074,0.0296140760947856,0.738925557056081,0.642871262460554
382,0.0687807850366133,0.0269533720308867,0.88732510746475,0.574609657303321
383,0.0818743998251755,0.036048325144897,0.876177334498781,0.5581898543885
384,0.0902795410946219,0.0895318510418639,0.875209499785031,0.844712514061906
385,0.102874549442633,0.0680791752517842,0.84965820923856,0.751643189802096
386,0.0908312537838605,0.0353681154632542,0.836285332438371,0.353951442454751
387,0.100041433998453,0.0319010258453127,0.869830608130988,0.552361119700693
388,0.0785389569363689,0.0303393663680195,0.875713951244534,0.534067139794692
389,0.101508868439524,0.0268927000307895,0.879389225597661,0.623716521244562
390,0.0889265635719604,0.0182005505140765,0.827933881720606,0.410531978882699
391,0.0853662019680158,0.0214966924185057,0.760820326790996,0.420582160236496
392,0.0908547130192072,0.0270898168321813,0.819044929660945,0.551100567974859
393,0.0948046289790672,0.0907912025551974,0.86981417856546,0.877884953911004
394,0.0836990756841539,0.0898558772221337,0.851013164044769,0.747037943927438
395,0.0860592107133943,0.0221831135291823,0.952461634338402,0.492152029799474
396,0.0907595025767137,0.0228639943608391,0.894700563618914,0.58216439603681
397,0.0865749171507489,0.018690706399607,0.937262790816611,0.444301523896953
398,0.0859294442460365,0.0218150596005425,0.891839107277318,0.465203582652049
399,0.069095223567816,0.0315819287865554,0.966981934637205,0.488432346334654
400,0.0932714122082823,0.0298861937713104,0.894613220337783,0.593307285921411
401,0.0891501310001871,0.0399071435254449,0.955778290314844,0.643851649002214
402,0.0771016961935217,0.0353138449058294,0.758999051470405,0.50396051253065
403,0.0658379101981454,0.0332868076307618,0.668062338319695,0.562989568931388
404,0.0863782291544029,0.0436466768844125,0.584907536310691,0.619807600477216
405,0.0969933100142973,0.0229717681967727,0.876560115707343,0.271933662891152
406,0.0907396788731555,0.0704219617498184,0.867337170886143,0.753111282892408
407,0.105499578178181,0.0824553394585884,0.567050410155474,0.874546277022108
408,0.102572913918054,0.0814451367141565,0.451930798134606,0.817506825059452
409,0.106165385977211,0.054717647808512,0.715359214061892,0.691918308203847
410,0.0985143174281842,0.0279362123647018,0.772449393320732,0.428518094629519
411,0.0751761503674379,0.0304616644454729,0.750897945942076,0.132160390820598
412,0.0614295669122314,0.0468552045453319,0.716202141933297,0.567815797018582
413,0.0931950519455487,0.0260520983663493,0.68157449546653,0.372792636601223
414,0.0793911248127432,0.0313106090397903,0.800601018504196,0.638969328916562
415,0.0827846782592487,0.0376730247584256,0.938591475650726,0.556602934384976
416,0.0787629034650308,0.0306783347915491,0.865976842708254,0.715944017471829
417,0.0811182944018243,0.0222710662441185,0.970077473332269,0.272243620914464
418,0.0893392757410193,0.0514881401702354,0.862185755492086,0.666998893603316
419,0.0963011378220484,0.100532305997724,0.574058220722203,0.841736002948623
420,0.0774619025002975,0.0600283607119004,0.639309206924049,0.81544483297954
421,0.0819921078380533,0.0375983620349961,0.601992362686212,0.580416127816396
422,0.0927943019014606,0.0560115058431801,0.613833100998518,0.712474618292583
423,0.0885116874943251,0.0257694442397955,0.8379544200242,0.587092357535422
424,0.0810507821656182,0.0475724460182835,0.699352362652512,0.698649851648195
425,0.0880454031601189,0.0466852773589401,0.604798439878243,0.709812846409025
426,0.0907244494072153,0.0263032455152585,0.703217888978451,0.474859656238667
427,0.085820354418008,0.0270042016351491,0.70079136154261,0.232177145217031
428,0.0822170567345948,0.0300296897373581,0.679622072753164,0.530092275259657
429,0.0912976166010191,0.0711370085534326,0.892303463138359,0.860470700374773
430,0.0841505018755083,0.116904733141201,0.770218439103496,0.904785262600555
431,0.0944432458028648,0.0705242417977445,0.729241728619472,0.79693328934519
432,0.0712857458530668,0.0464347389348467,0.760145542058447,0.598579138095864
433,0.0827601323280198,0.0279512388771156,0.930345842386506,0.450241431812724
434,0.0883774248361414,0.0294590846516693,0.779029070482385,0.711129170230284
435,0.0971514632153048,0.0556517945640197,0.853018895854639,0.708025804125857
436,0.086850586266879,0.0482716089222657,0.774241849863618,0.762955306148685
437,0.0805370499009045,0.0318849899931123,0.878906454568888,0.535074249589163
438,0.0734895980862389,0.0355772522963547,0.893824090152019,0.630925663182782
439,0.0876596487392741,0.0304016471556139,0.827064339223647,0.68695853320478
440,0.0860923843649434,0.0392773988358898,0.667675888870103,0.513605068548987
441,0.0861775694339023,0.0557788131177073,0.638332326059357,0.749707076499341
442,0.0921229127499206,0.0335863215383561,0.504791406808818,0.493891102810232
443,0.0755959294628863,0.0231501722935437,0.431121029630443,0.463541542547668
444,0.086241055899352,0.0253216579606152,0.760005438299778,0.482674570403635
445,0.0929751145677878,0.0527620676151715,0.88043430230864,0.783045501602438
446,0.0793379500383126,0.0206845930408692,0.570751133503518,0.424349841168174
447,0.0903868617724667,0.0444536798868928,0.594213053235615,0.594693776952564
448,0.0780264456814469,0.0214614056012912,0.538572043517252,0.430878402009027
449,0.0877328890998638,0.0342851894894886,0.641731521682825,0.624772852729788
450,0.0674286785556692,0.0320378345421358,0.60771981592288,0.409170079495666
451,0.0861044924031842,0.0189709579967719,0.64580320873981,0.490379971441158
452,0.0857097203618665,0.0230649067904209,0.60861963440737,0.429077610911669
453,0.0821534205641703,0.0231603341258799,0.686564416884477,0.274458984192222
454,0.0663914629695173,0.0406935499991455,0.570105725660601,0.60450853827774
455,0.0780785295996049,0.0380289721643142,0.449199137240232,0.630255415714488
456,0.0825852437746614,0.0184818626605686,0.620124331029271,0.358322399604368
457,0.101122636204108,0.0191511062042227,0.42106875615932,0.566445020574107
458,0.0932091831636526,0.0207665490547421,0.42757209546068,0.458644486427796
459,0.0993820885714417,0.0321776935482074,0.445701904224471,0.560248586897448
460,0.0902986032538166,0.0346057144631561,0.427975292933499,0.577342654898133
461,0.102402244779035,0.0284526257654751,0.43659207509417,0.57301070832826
462,0.0933161562726856,0.0359416766297738,0.439376171702252,0.742689882076706
463,0.106210251823057,0.0244654277855797,0.428298445552931,0.636456388483249
464,0.0834255272136884,0.0380768358103324,0.434460983088466,0.512748570977978
465,0.10690295635529,0.0268021961519891,0.428787308646196,0.633077726012129
466,0.0970900497121556,0.0193846966847891,0.443295300458968,0.523090969382753
467,0.0979068007175992,0.0393748905755981,0.456497086622032,0.599861986295731
468,0.0901104343981565,0.0274895664310974,0.408157543925796,0.4754818768895
469,0.0818835061959647,0.01311553485728,0.435450916204608,0.352754969850074
470,0.0889728322919468,0.0213436922939087,0.426023121393794,0.295803676652274
471,0.0889626152493864,0.0151241629184114,0.383423955006555,0.156812437572953
472,0.0913288014992138,0.0256914367263294,0.413655523787087,0.452073781582488
473,0.0957969536829782,0.0174935195117697,0.434761832117226,0.502616324563218
474,0.106104729907053,0.0238713749201938,0.433500606055709,0.487668017386114
475,0.103565628949926,0.0241587214952594,0.43703231011808,0.320081686341573
476,0.0956736453333788,0.0420075414099558,0.428172587631135,0.715603872924973
477,0.0933305139892361,0.0314310757734646,0.445117295762334,0.789470797469431
478,0.0893103044492287,0.192949862541369,0.433838798667148,0.897877721278648
479,0.101733077675316,0.0406443244503155,0.439933200327472,0.711275828027526
480,0.0852169867531603,0.037323969146888,0.443029568716217,0.67643266094992
481,0.0850691421612863,0.0377757366193764,0.425825789710581,0.606998745594526
482,0.0903490580457411,0.0459750663375285,0.346225580688314,0.76809623831753
483,0.0725961228897387,0.0533514214384356,0.422477574367298,0.761270521239693
484,0.104143225877289,0.0604107328077666,0.429164966662928,0.866969617961172
485,0.085365255463489,0.0290617369947824,0.436490431851487,0.62921313583309
486,0.0944345399887526,0.0334310186515493,0.432094349921468,0.605961110923359
487,0.0979986418108545,0.0328191518385834,0.602998865462019,0.638378653712058
488,0.096000373142168,0.0356649050612315,0.665605288968135,0.464461673020106
489,0.0751164998776141,0.0248866896169399,0.711249941452981,0.232552501733672
490,0.0793502836378998,0.0186720225249731,0.604997090209652,0.549347189312356
491,0.0786370269003629,0.0221288418621931,0.69077983526862,0.0620319801447286
492,0.0846305984529065,0.0239891167089488,0.755577990610677,0.101666098724051
493,0.08210797351803,0.0248585781013049,0.582196727565693,0.341799094701478
494,0.107351644956103,0.0305095755301905,0.498227182034691,0.532420098941012
495,0.0795523148780916,0.0219499803761241,0.442746647636177,0.440574063531442
496,0.102209424075847,0.0375659102051416,0.441324583378504,0.661600378142347
497,0.0931217964661645,0.0371867011840999,0.442358137420732,0.696455777284516
498,0.0883599810399804,0.0222344983727644,0.422666150322227,0.668077991662029
499,0.0884138902151399,0.028529470505667,0.395469781020218,0.497747848783077
500,0.099448745591251,0.036427633101018,0.430819764485579,0.634049702943561
501,0.124120738388787,0.0230387737304305,0.440472891701525,0.483104003837252
502,0.0960284657506546,0.0224830727913362,0.43991790906953,0.518529045852056
503,0.088470849553818,0.0571907083345125,0.426639675503905,0.77346194974871
504,0.0894677318434068,0.256905283220832,0.305373496511515,0.948976282227847
505,0.0976889642702471,0.0702896516566926,0.432124134375489,0.839028429158034
506,0.0940811725757238,0.0265668093630602,0.425761847937167,0.342566734634252
507,0.0828262548918546,0.0299489247712776,0.433040070613699,0.497965432244192
508,0.0984537226777882,0.0372088977621902,0.4347563118882,0.547686150283846
509,0.085594991442474,0.0226724722252987,0.400056790002546,0.33703169959687
510,0.0935178691428461,0.0223733746869482,0.316494531868643,0.486222088511322
511,0.0893333749807449,0.0171063832163594,0.402690105695674,0.479756216332578
512,0.0772504696998184,0.0278978128856748,0.564038573354515,0.402544026142153
513,0.119663646449037,0.0481640699766978,0.427816798862391,0.770563975808332
514,0.0829146941384594,0.0559575644494741,0.426434305034371,0.749346214365695
515,0.111774328925082,0.0477780841142084,0.426767126497837,0.645743938511112
516,0.0891847707189805,0.0314306697897255,0.424836913890177,0.498664303254525
517,0.0928787370973438,0.0353388465421415,0.441513809075843,0.641909409592905
518,0.105815908996392,0.0380145165928272,0.350470861196068,0.637228425678479
519,0.0915707179826391,0.0327130531939073,0.441259920134014,0.666425253614257
520,0.0890006985695805,0.0223812485003132,0.406048523795163,0.487555178023636
521,0.0733878087572712,0.0345455300909204,0.445595422100905,0.484756551075376
522,0.0804727926296058,0.0215628124067063,0.442488555684941,0.296912442490692
523,0.0880392366415721,0.0212563771387041,0.560822570851913,0.301950151666606
524,0.0940276052408064,0.0506691217019444,0.714228424483565,0.747841207288498
525,0.0833584314105886,0.0854540117479079,0.845010102599392,0.825441562489668
526,0.0813147316707693,0.0441586148563921,0.900188267230568,0.662114806623417
527,0.0812352998824085,0.0736160927413647,0.89463999752179,0.823804417050049
528,0.102208233212837,0.0414142800078441,0.888353064773585,0.668718237514217
529,0.0966225707940782,0.0376295537170202,0.727925718636088,0.700226142735192
530,0.0627358881633748,0.0285441021546382,0.889187327003792,0.464109854601577
531,0.0874165503029879,0.0271721961381988,0.958018617670366,0.658884249736917
532,0.0741485181802901,0.0255339550854834,0.800987256431968,0.364647344736149
533,0.0886991356507,0.0396367748689689,0.796088191776116,0.539132052076378
534,0.0872073621807248,0.0217055291673592,0.804816980143932,0.425537395773739
535,0.0964477366292236,0.0617006959227572,0.70083310738072,0.798393234035874
536,0.0878771724645073,0.109190636482411,0.744046414345913,0.782768215862062
537,0.08685413585834,0.057874930195849,0.707005475457198,0.72237085840187
538,0.0756940783927325,0.0620118018412911,0.714204767862741,0.752169222794226
539,0.0992215288502521,0.0294824608142075,0.580429216804103,0.492019761859563
540,0.0704062920812059,0.0180019646480448,0.871284722010305,0.321420251847159
541,0.0966276858851086,0.0284861085206347,0.550299133445233,0.542197457967632
542,0.111973323394334,0.0335496270843754,0.429861205164069,0.672504872128909
543,0.101126065644684,0.0438511307608569,0.443535956266236,0.781681510006598
544,0.080660556050479,0.0203046880393781,0.445744235046704,0.501574538457742
545,0.0865999184520963,0.0228917030377098,0.432235513265148,0.440760954854737
546,0.0867287069185337,0.0160141914945272,0.44731059947025,0.407283252449709
547,0.0859114367588523,0.0279578801621576,0.345893246379418,0.348480940923361
548,0.0826331625120495,0.0185796948250498,0.436634307842445,0.404064819229767
549,0.101179890336348,0.0581867866445032,0.434576827284007,0.815174572497928
550,0.0900945039906282,0.0572006565597814,0.395631735590978,0.550339553364902
551,0.107063015505425,0.0337694073210444,0.421868797422739,0.571981201910135
552,0.0888338790196342,0.0225433256117401,0.349311866638959,0.376345746427409
553,0.0855201936841915,0.0328342421463898,0.440826559562762,0.651806050696772
554,0.0671875840781629,0.0288608985960883,0.286204010643675,0.476601591088286
555,0.100429156161229,0.0277894853897779,0.377533116798385,0.542387088065254
556,0.0876757276614802,0.0203732142781599,0.422711114780765,0.326501214932158
557,0.0838295278476735,0.0498205150910747,0.4295119193628,0.735967525710467
558,0.101290757213612,0.0241158990098208,0.44325061215629,0.689157748545697
559,0.0959515749567206,0.0320213864797906,0.426603988539357,0.706028632226117
560,0.0795798707726415,0.0801921138467151,0.458162360426923,0.786700537618995
561,0.101445016990617,0.0461553759627256,0.428359767940415,0.771096884990047
562,0.0921839797021303,0.0655403180326087,0.438736485939096,0.841643571861499
563,0.0931743146396137,0.0393780171720701,0.438396568592932,0.757258836736198
564,0.0928801258032466,0.0750188904579415,0.430852750094385,0.822461007459843
565,0.0949954889392253,0.0422822180804462,0.435226724193637,0.783609267878898
566,0.0833612545108983,0.0551045477963424,0.433292775841722,0.708733229304332
567,0.0977201476951017,0.0517910961391334,0.42900555086297,0.642091495756447
568,0.105884265993087,0.0209373077266712,0.412947281482922,0.399249932151559
569,0.0798028309097551,0.0412371179732387,0.388223832715929,0.579234240563433
570,0.0979060718004901,0.0229261065922613,0.390025775714044,0.444373284299936
571,0.0880574419154455,0.043737033666179,0.432273067135982,0.520125821571417
572,0.08971074927146,0.0347758196993812,0.368541019084861,0.465537734001326
573,0.0837192489084766,0.0164520579668149,0.435591254684747,0.487026353244778
574,0.102333508136927,0.0301634502371957,0.429653500840453,0.581214842407392
575,0.0932111167492522,0.0237163306660552,0.447082450407309,0.445493395415909
576,0.0936951270197147,0.0284855450023105,0.430458922220854,0.49150807823525
577,0.0974515470600694,0.0257770240008462,0.438285508198964,0.556075304442026
578,0.101945644487499,0.017196183354655,0.422248758143548,0.52562245771468
579,0.109188144662646,0.0232721677419579,0.446465229480055,0.633963262909326
580,0.103835886394622,0.0348710852186701,0.4314839105488,0.725127038253109
581,0.0925577264390104,0.0277407391982334,0.435068405001527,0.343432186088992
582,0.0907172955037319,0.0415411847265959,0.427095104000761,0.645862694093294
583,0.105770592801202,0.0226064334662568,0.320321923060742,0.573373068778948
584,0.112107685563628,0.0320559729314638,0.498157296924645,0.666384116574923
585,0.0876991526074076,0.0533778510593361,0.444008780991796,0.735419456382817
586,0.0792536509064982,0.0214916071888401,0.443411594308065,0.477683130251563
587,0.0993901824147738,0.0162591076808169,0.434757808356064,0.451820334387489
588,0.0958464948337182,0.0276351593715004,0.251701778091784,0.361683708655512
589,0.0854737648400117,0.0222725531117197,0.436712155466906,0.280225236224701
590,0.0837255323169374,0.030845671172067,0.439683671775738,0.679138948107432
591,0.0862292215553708,0.023230124661755,0.339076863673731,0.451236622281108
592,0.0978995113444052,0.0296811454502664,0.567894214969507,0.649344218284792
593,0.0855013383940847,0.0276032986282225,0.432441320591831,0.463826136844374
594,0.102778488127549,0.0250056361489174,0.439503274122816,0.577889259312055
595,0.106850612016899,0.0362608302693137,0.426777066836846,0.517409607859286
596,0.0838040276576113,0.0343530256630515,0.427043480856275,0.540253459166808
597,0.0854797316343982,0.0253523172917266,0.446853974720331,0.569885265100398
598,0.0935502466300309,0.0215767852087856,0.436179019658856,0.587851328535706
599,0.110654595503009,0.0267925369799257,0.665637555002166,0.619675645637625
600,0.0875117526466909,0.0266211648157712,0.764751059434409,0.400696874508748
601,0.0787756892863721,0.0191326756740607,0.695047883565345,0.258810341703787
602,0.0924630142387918,0.0282463715687861,0.700093000057575,0.386254796556975
603,0.0638898178367429,0.0463298712947233,0.586065115920981,0.558238394175074
604,0.0777799262709498,0.0367805754507048,0.571459154408045,0.566771075163782
605,0.073833568699765,0.0227671799148593,0.594235190550168,0.487445347020248
606,0.0878996579291306,0.0320069614950559,0.726139622380135,0.368661174581539
607,0.10812979390996,0.0175596825614887,0.851234018917844,0.387498606322183
608,0.0834433628718811,0.0325788382815111,0.957236494161943,0.592770759772465
609,0.0734726505857813,0.0601855915451783,0.732013767058908,0.692792247207337
610,0.0779126343177907,0.0407354910868022,0.608407256973906,0.673300832126314
611,0.0793757166432764,0.0769407623482397,0.638773192891462,0.792305262991276
612,0.0817547564693063,0.0262307266091153,0.731069684155831,0.528766665089949
613,0.0849640174973691,0.0801176599992325,0.693147363587837,0.761815597345085
614,0.0757541000647493,0.0253780381100675,0.585101951218369,0.630956694935615
615,0.074665698900813,0.0311667110458731,0.957210634581173,0.748548020284673
616,0.0789988420140083,0.0271544256495744,0.878418474107814,0.568471035611411
617,0.087418486898526,0.114917680491518,0.892637890269914,0.830820674431099
618,0.0775447301033713,0.0205371620971051,0.834835031420765,0.274822980595856
619,0.0952102024623178,0.0410388786226976,0.743245809375768,0.593579079472692
620,0.0888004409763676,0.0304619310397154,0.67300457043021,0.655533653270387
621,0.0889650565361253,0.055077071802714,0.877000745189062,0.715812661011644
622,0.0711562177756061,0.060492735811391,0.883749850763484,0.806472998943915
623,0.0709905291861271,0.0439704379678031,0.786821568083685,0.685085006041708
624,0.0719629739942406,0.0419441543811119,0.634606473651291,0.573882488501067
625,0.0720755221821046,0.0532916885021521,0.781584453255075,0.751480512137177
626,0.0814102631049002,0.0618664028476387,0.858619414894352,0.770473176138152
627,0.0595888163201969,0.0357183724769248,0.833809763834754,0.462628262738956
628,0.0784494725675396,0.0390234244659649,0.797449824147112,0.504317315281506
629,0.0879251149201525,0.0437700072460254,0.814185226154125,0.691294704525341
630,0.0999037814406441,0.0190009988636808,0.702357496548267,0.37976663701343
631,0.0725497641799527,0.0429859143947804,0.856044536659104,0.567125503494943
632,0.0721372975722943,0.0395938942627875,0.904146597569077,0.65272834153475
633,0.0850774225056541,0.0206837273294291,0.778646611521812,0.417843534074123
634,0.0872145977357239,0.0266895637262572,0.640575729788478,0.454361450271084
635,0.0714105684389037,0.0330079142893584,0.731222944668728,0.494954733944959
636,0.0826446929137614,0.0307254436360872,0.688729793152534,0.662857484630679
637,0.0877286225800575,0.0417071863597745,0.627781266682387,0.718297718175254
638,0.0790265493234743,0.0244566572884869,0.689598096358162,0.610624417993472
639,0.0883211670437794,0.0531815989418577,0.845864942698489,0.693764478290141
640,0.0978863400055453,0.0312148461067356,0.861574259190692,0.482012346419435
641,0.0865690484560204,0.0337634614318297,0.833153508568702,0.598235663196962
642,0.0826197837159281,0.0252281945371345,0.718382815471779,0.533557003299607
643,0.0835185570014695,0.0251518075250172,0.750203649503958,0.445238643887088
644,0.0681239043834103,0.0383880201253368,0.448262689160428,0.535901460217698
645,0.0913240949025954,0.028657207779374,0.424612401712938,0.516451527634844
646,0.0882948579736421,0.0244873533200863,0.43425366926485,0.623703206453071
647,0.0893350187720191,0.0264944858321214,0.434817229925962,0.292732716764034
648,0.0860894587377348,0.0190336125511161,0.42933758248106,0.312088954523478
649,0.0861695116919267,0.0210298927394493,0.436999342855818,0.5557786226738
650,0.09889655500429,0.0539152001737749,0.43731665595531,0.69309937604947
651,0.110413572029219,0.0406736504748523,0.432688907980442,0.803874699906015
652,0.10087745122738,0.0355510721694691,0.427493296436734,0.697042827570612
653,0.0985250092690163,0.0448932696375641,0.410905102573587,0.704437272018533
654,0.104566181516,0.0261095878607502,0.432960897698507,0.62956321035261
655,0.0836701713905366,0.0482366296112126,0.441165008369209,0.755975072264518
656,0.087227570620396,0.0407543048337448,0.443793911262988,0.693792322266963
657,0.10782823026733,0.0298666620130626,0.436250110016738,0.535587439073304
658,0.0993128202721242,0.0750664115852885,0.445767458494957,0.85366455783862
659,0.0918523448898337,0.053753263466779,0.443429694600159,0.856877384933602
660,0.0971380439052519,0.11569264502581,0.436072462302821,0.912860404506274
661,0.0933938263465482,0.0819889527592275,0.429218218955634,0.804938865158516
662,0.106198563049072,0.0233358015875275,0.428971231515809,0.606611548805251
663,0.0935267797596893,0.0220427310588888,0.425928698601158,0.504399721761826
664,0.0972363530268006,0.057707860874405,0.443772366778021,0.790802531218999
665,0.0914287064048518,0.0613649268894102,0.434358820040035,0.756826436090054
666,0.0884748268701011,0.0309209689004112,0.4289651165332,0.499978839451246
667,0.0920879339704493,0.0267934983978864,0.383013701614141,0.433487147417048
668,0.0868670724260255,0.0205318217008323,0.316640150647447,0.358097696823238
669,0.104946839572709,0.0203738182222065,0.340968891140764,0.383844295774306
670,0.084197417852042,0.0339467719931319,0.338738694348338,0.463716135884178
671,0.0937204412413829,0.0379073360462872,0.44889598395105,0.659982380285523
672,0.0928006549014877,0.0205493140304343,0.434642866508631,0.483810176334343
673,0.0914677222267676,0.0424841141772176,0.443061371212114,0.763341449861856
674,0.085155332748084,0.0613476289769219,0.441072263449376,0.811393398426636
675,0.0847560065878024,0.0658446289336767,0.424426209193464,0.840202543522322
676,0.0860318204922279,0.031551999666624,0.444461417192562,0.598539499856632
677,0.0923727617653981,0.037017829565858,0.434532070027901,0.710075463342306
678,0.0878305964008496,0.0394928518496409,0.428838692520201,0.552295821915689
679,0.0874910699788975,0.027071215790032,0.432244278365841,0.433114755926379
680,0.0857332679568245,0.0229784887404521,0.417746741335155,0.165720932126339
681,0.0978424407662911,0.0180736300764743,0.444152583777442,0.370049772930486
682,0.10631214822886,0.0581162413722676,0.37934381601973,0.761353898229841
683,0.0940647763908029,0.033768076003399,0.429642187469779,0.499042328993633
684,0.0893494920617072,0.0189189168602769,0.419615268648077,0.39669690214642
685,0.0882966578004283,0.0196425773064768,0.286088860774247,0.477297313338392
686,0.0897326095026273,0.0282850074858074,0.395174988477166,0.384534214209564
687,0.0884056594412607,0.0424290412569538,0.442658050669408,0.568007438627664
688,0.0948654991120982,0.0303880158073,0.381924793120334,0.619956335356028
689,0.111848691248024,0.0322182839970564,0.442739593522381,0.514031579901421
690,0.100543208042246,0.0299031711501526,0.411930878726502,0.652869104761593
691,0.0892549618312651,0.0605275978355399,0.440496758631728,0.784636340701798
692,0.0935825097346908,0.0186332170868544,0.431016262257049,0.456771534043441
693,0.0893313755975152,0.0160826192394981,0.445716388192163,0.474351176975846
694,0.0744191327561039,0.0318908314458477,0.603021761140466,0.500375142461545
695,0.0771173688432609,0.0481433870872072,0.826261461023443,0.664416168865971
696,0.0795432035227467,0.0288853211225534,0.652082242428738,0.486706601846537
697,0.0829449915624731,0.0562818927173569,0.723302105317215,0.756410166876545
698,0.0853267444026607,0.0310694603834543,0.894462821124744,0.667905566814587
699,0.0796213786998805,0.0416178826345001,0.607680399821317,0.628910702400242
700,0.0892397876167138,0.0200680884126538,0.333457900082366,0.416257348110848
701,0.0905973737117625,0.0208852656403726,0.440327055966038,0.605755834007708
702,0.110073218207772,0.026598331775433,0.446803601439216,0.537106023448708
703,0.100804986779453,0.0383428401915649,0.443360285475553,0.63692692095531
704,0.0964712681824748,0.0548914908132682,0.431930869352744,0.834412571972392
705,0.0930591441447677,0.0476808961482266,0.455893323212559,0.71054727732148
706,0.086859694308976,0.0251146108143327,0.431473098116108,0.513486796994266
707,0.0832943108948436,0.017849067828501,0.430419108054758,0.326610468838798
708,0.0863805219280117,0.0196137587402766,0.429019872262437,0.487655466619405
709,0.0868809077762404,0.0183032354132812,0.245683565122357,0.279208173244159
710,0.0885290568456223,0.0219965398208606,0.263687712786675,0.304749007550217
711,0.0915133909568148,0.0163593410950633,0.257914754905192,0.370748501133485
712,0.100859708622942,0.0194421000389338,0.444370204303484,0.448691164926012
713,0.0938375701581389,0.0202917815875523,0.441706508162631,0.544093396197425
714,0.0794334472583399,0.0468089278504775,0.429987385628515,0.692730419792755
715,0.0951800133846394,0.0256028788904384,0.389208690261646,0.390619059549776
716,0.0908539002143193,0.0203309985906326,0.330984471383682,0.491931930590213
717,0.0795014537263768,0.033028303039791,0.29511716041983,0.600146502203649
718,0.0962981386042742,0.0236952336453015,0.432756059819129,0.523819578415957
719,0.0817323409650847,0.0288167015294591,0.422616803253912,0.574653358554227
720,0.0847309445708054,0.0212447231856595,0.438146839420386,0.439665815111039
721,0.0972868659767038,0.0257885498737151,0.289874912640968,0.448624326610602
722,0.0956284317025572,0.017859995254664,0.405099966519249,0.391308427348264
723,0.0945748568439271,0.0187789782619314,0.311748203796337,0.449492455497605
724,0.0890289170072188,0.0357049698845792,0.425933930712627,0.660998591914523
725,0.0927039709068391,0.0440650901972294,0.340485013397482,0.576555493257872
726,0.0860839009837029,0.021856624942511,0.347558330592407,0.393402051950171
727,0.0762724460253146,0.0200462216458512,0.693207850734458,0.426368961002119
728,0.109001732344805,0.0550778381073434,0.607726560041705,0.642122914512479
729,0.0761172567220393,0.0210048050734127,0.677219921995583,0.400873470283043
730,0.0731714904294158,0.0433638371956416,0.517637536362618,0.718912733701794
731,0.0922658141277191,0.0402433531506087,0.45757934370205,0.652802759145501
732,0.0818044110946626,0.0381312625015642,0.323836232622108,0.440801679020309
733,0.0977958893412243,0.0179947337944829,0.298944342127822,0.378606950294702
734,0.0964407360366574,0.0187737431731913,0.351554350256209,0.435095968398453
735,0.0803562913047168,0.0276512632528223,0.443782669023888,0.526532577485181
736,0.0895263854230664,0.0227351542586157,0.437416628107107,0.598911861342291
737,0.0973008918395051,0.0378683551658936,0.45959725182737,0.518041289962156
738,0.0905484058344386,0.0454960308182799,0.425648127036706,0.558915967784957
739,0.0951620967301904,0.0197695541294332,0.354370184911166,0.400028408586017
740,0.0792888545780638,0.0359366693693936,0.467920628171263,0.640565400227221
741,0.104268982045166,0.0680117396383614,0.428371231753375,0.78234356258479
742,0.0922115024715141,0.0237262973453621,0.428804100432446,0.627141772443683
743,0.0824506761253468,0.024259508768392,0.485339815579482,0.414078062961031
744,0.0664551842885983,0.0294318099419662,0.361444130421185,0.440702700598913
745,0.0829155743128073,0.0293242869829989,0.313254618761661,0.449611885391892
746,0.0793997346082284,0.0273779596956633,0.439032721540947,0.368592997539902
747,0.0887720294637532,0.0217081683497999,0.443125461748729,0.420777941353631
748,0.076845241929602,0.0276854452442952,0.487983947157984,0.484268841110902
749,0.0946417734204988,0.0215311375535548,0.376969839168548,0.528121038846829
750,0.087190036904516,0.0459555888446794,0.443618517636582,0.716283003719713
751,0.097950676553276,0.0243672783518485,0.247444533916436,0.559544181902266
752,0.0874488915808349,0.0205351468172264,0.0896198619705567,0.280119737014819
753,0.0950156859957157,0.0313085500545502,0.174556687404848,0.328833687298646
754,0.0850733845982971,0.0314788015220043,0.145826799622565,0.372459898930751
755,0.0983575129355766,0.0294372711178697,0.224733494407621,0.157961669055662
756,0.117735418950718,0.0483909664085165,0.434721260505675,0.71745396671891
757,0.0955208253727663,0.0231475973645332,0.357381465998424,0.401955154869531
758,0.0909447824110274,0.0310377227167724,0.432614775762988,0.314050323968622
759,0.102704214576591,0.0252170598843165,0.310919325174547,0.582586595584466
760,0.0931813128623482,0.0338606954711419,0.422662062552599,0.568145909671935
761,0.0911249589992666,0.0300152558188419,0.43613653658154,0.481480201699104
762,0.0687172415726496,0.0224533194611291,0.443548213277616,0.251936680829431
763,0.0920432635656349,0.0342375927406717,0.307362775881746,0.637718434319671
764,0.0951683760980134,0.06668766977255,0.425535833661723,0.775971303224858
765,0.0928432637806441,0.0391302884125138,0.441280094417613,0.696441617046514
766,0.0871641020265645,0.0165009280983732,0.441662832775036,0.402900542049672
767,0.0902921929349452,0.092227349947246,0.423503518366594,0.890861629225519
768,0.105194820916353,0.119771780295484,0.438200306472441,0.884975927230123
769,0.0806560540666214,0.0917255368528446,0.616875278758565,0.800599441328373
770,0.0910787704711626,0.0490263821180088,0.866929564941933,0.649713819732527
771,0.078974198595698,0.0229606478835238,0.865545210497591,0.508202077869102
772,0.105445071465336,0.0685810883920259,0.831292095374057,0.800946530363653
773,0.070945728248099,0.0247492919811447,0.655557074828434,0.476418855104399
774,0.0740622616249855,0.0459794349923611,0.543201402090869,0.536329051076809
775,0.0847614372375917,0.0300132451027982,0.717324136120109,0.648136228372926
776,0.0785606713139919,0.0591460010921104,0.542295659385528,0.739380199995556
777,0.0775418279819776,0.0236434992134941,0.544833913142939,0.26889445550058
778,0.0892553348526952,0.0482600968513011,0.399187975323221,0.443838097309816
779,0.0902267601762633,0.0787111998344232,0.44431572093481,0.818650723797363
780,0.0999953045482388,0.0323902463896787,0.40358895533842,0.537353301847819
781,0.0978210650948858,0.0260876267927776,0.425218539984385,0.572522299133343
782,0.109634798850346,0.0245224603566924,0.434567562994063,0.631986125504177
783,0.0944751095629615,0.0419946816069727,0.437514029211542,0.696039084461147
784,0.0911508263705915,0.0380211994448437,0.328668450497816,0.531873410473074
785,0.0998525142174644,0.0567269214808052,0.409838688285283,0.85835000139021
786,0.0899198424349103,0.0491123121733209,0.394414148733604,0.712186188582465
787,0.0903431389409957,0.0299195486938673,0.413907949006042,0.654832601412287
788,0.101259131677772,0.0336941021780484,0.429466933889336,0.609558977006737
789,0.087653648154316,0.0304795170277378,0.426140772060667,0.521409512823374
790,0.091247002664828,0.0478329141682948,0.435688125337991,0.678006948554418
791,0.0890324618572936,0.0218460427023665,0.420699594679311,0.519839272304219
792,0.079559661218515,0.0274791786721808,0.372490826622683,0.338189798823513
793,0.102265409963175,0.0388075229402809,0.316676620245304,0.631783160923302
794,0.103951750656958,0.043472638348194,0.312969528026908,0.726131271041506
795,0.088513663451335,0.0190683784906005,0.423917617287008,0.642555395410117
796,0.0874522651872341,0.0738003580156523,0.30934236416847,0.784723164886869
797,0.0964608539829438,0.02626328519318,0.305554135628771,0.377297963403388
798,0.090961687948939,0.0186539436834679,0.426559197655775,0.575157614707067
799,0.111609544733748,0.0486514167033277,0.443148058655367,0.747591124709859
800,0.10297586458523,0.0460525369111649,0.426882778676746,0.779188443192799
801,0.111054596518968,0.0348507856876801,0.333281055933441,0.634466833750228
802,0.104283803548187,0.0322166047602419,0.445385735473682,0.647398892686281
803,0.102380302305112,0.0239065065197898,0.444370408579867,0.640970443168
804,0.0969949593329327,0.0627495334924848,0.410561877723079,0.760797211776363
805,0.0716156913906495,0.0448944801153564,0.565295985153745,0.738755989702883
806,0.088059553658343,0.0518102166064272,0.659988291862723,0.773489700456588
807,0.0860257419245554,0.0383273126412182,0.645896197133333,0.725148795082755
808,0.0848015535139757,0.0712934609379555,0.701129470468592,0.784251252385262
809,0.0799506088395973,0.0370045733366788,0.60270495873034,0.71070723088146
810,0.0817544850332749,0.0841732580004395,0.891591657985143,0.800155711958672
811,0.0823523020283009,0.0454380791594477,0.772900306445835,0.815628373713934
812,0.0851545135318458,0.112974011319072,0.876408552687683,0.864210327573374
813,0.0853323165045981,0.0920255221145341,0.887105967098997,0.797204404979172
814,0.0944929014891854,0.0351102503820027,0.785233139006982,0.525639484969833
815,0.0783781764092249,0.0336940750810299,0.913116009814134,0.613567343142899
816,0.0847289274356797,0.022991009917183,0.805027804081347,0.299940795061241
817,0.0846048133712361,0.0371738860626318,0.71732290818341,0.61293931316323
818,0.0869173966493454,0.025000026301233,0.558738759738451,0.431972633020486
819,0.0869884208126565,0.0198294999681653,0.878058746347807,0.409330821770543
820,0.0872697449600663,0.0260474033077043,0.772406756906311,0.388167051827366
821,0.0880455614889375,0.0217423042945485,0.690693779682479,0.538626162685664
822,0.0674670062344535,0.0200232855000637,0.738941415821177,0.24172874626039
823,0.0798541356337752,0.0232241276879334,0.771263114582472,0.608121605443155
824,0.0859868266475455,0.0337316707587912,0.781283153519457,0.542606840714761
825,0.0894345427179309,0.0328341870084707,0.591447842651465,0.643716147765508
826,0.0882655609072073,0.0257803418354002,0.616583129516382,0.401607208710957
827,0.075281310204954,0.0244830028163127,0.594563664901989,0.494172802008748
828,0.0874452194674655,0.02298695388773,0.40308952386927,0.544790086966452
829,0.098718380895142,0.031288888776834,0.412554002931127,0.448629622765579
830,0.107217982450879,0.0183122932976413,0.445762571240013,0.500915568508997
831,0.10711463626629,0.035250173223692,0.424662758555615,0.659364565077286
832,0.109172885977795,0.0568554997669427,0.422780854315188,0.792162200821249
833,0.0988818732052319,0.0200592772217573,0.43447127577526,0.420153666485947
834,0.0964613489252556,0.0372183802832634,0.450005900845973,0.552035511105809
835,0.101104926592968,0.0291009991688449,0.424450898411568,0.620774538679826
836,0.0961497831928319,0.0292497950940112,0.425702425474739,0.460733911745206
837,0.0840839936036991,0.036179793989192,0.28832232205851,0.389422002194853
838,0.0777114751733721,0.0256452178101141,0.384654505802199,0.321904740756315
839,0.0892813031125364,0.0333561954262098,0.406870517463919,0.351565719055868
840,0.103157137624799,0.0417861088530405,0.397782269339321,0.562989080995825
841,0.0793086500768669,0.0965053648668275,0.306219865489668,0.849964123193513
842,0.0727529211684303,0.0360359048412604,0.426923163000561,0.412501074523974
843,0.101458124756306,0.0145761569755617,0.431137417924445,0.371504134107834
844,0.0894884694994666,0.0498012429108045,0.440385318224125,0.568982298066826
845,0.0974702745935402,0.0181029744465585,0.432111030883045,0.458554871694974
846,0.0920092066169219,0.0269122635962937,0.443303301749774,0.580261163798485
847,0.0895360278781415,0.0260622325684541,0.437750982722851,0.484986682546013
848,0.0832595990784799,0.0321164972274149,0.425775145067448,0.667029799815388
849,0.0899230326272639,0.0272763523658828,0.431943826869986,0.528283297745569
850,0.0932205978420794,0.0274334374644044,0.3871114765909,0.439532334590854
851,0.0914611483949709,0.0203787720478079,0.440398920537054,0.48118359389394
852,0.0844398160885908,0.0428580510352627,0.447593875190175,0.702825422415501
853,0.0993711066891867,0.02233892859473,0.425032091424358,0.45898793011886
854,0.086410205890134,0.0218839710768663,0.538397125687099,0.432711137152247
855,0.0780767271254031,0.0560695333129996,0.423393193067887,0.742639769506666
856,0.0933597282550805,0.0245468669703643,0.423462137406046,0.536591157228321
857,0.0988790200721191,0.0407687892113839,0.404784790444737,0.662124700774635
858,0.0809917860812162,0.0346625807598041,0.327339845653685,0.327490880709593
859,0.0941390032695554,0.0271419078433719,0.42377083003631,0.642395481171046
860,0.100143373380136,0.044225995410175,0.304561796092639,0.674497849306786
861,0.0869524730315726,0.0234523053710034,0.445397114221805,0.405433491061428
862,0.0810528573742683,0.0201079885318945,0.435922426152892,0.600895162661473
863,0.100553795758834,0.044788023633324,0.433283689746222,0.648172492857441
864,0.0872123215448264,0.0502872494194934,0.435225802119551,0.805259793386825
865,0.0808248056110984,0.0862923295599962,0.43571844839018,0.853799991946189
866,0.105171168235619,0.0620976514034444,0.435753532874593,0.876840385115099
867,0.0843760318572615,0.0329508119316605,0.433566119348087,0.682591204909404
868,0.087734261180499,0.0300283164315926,0.435902145012514,0.5687149391869
869,0.094578647806156,0.0284841687612925,0.422816669680945,0.523071483086096
870,0.105008994489968,0.0273938605547519,0.449698918954033,0.333799268972353
871,0.0972405322921312,0.0698897927244392,0.407289540616227,0.820307621166702
872,0.103315149095522,0.0315228659717557,0.436341293276462,0.607563207369918
873,0.0931922434942874,0.0319161736940217,0.428315387975305,0.653593162951007
874,0.0929839366824281,0.0331852680499549,0.447339530183358,0.708674072549551
875,0.0770741286688617,0.0205327498443932,0.437647628387592,0.524938377776487
876,0.109256973948573,0.0263853945634364,0.422936443369014,0.545410883533404
877,0.0823630092886108,0.0376862174597747,0.430081726193416,0.627677337670548
878,0.0875668221258996,0.0245077143239799,0.300041491860289,0.395902236713617
879,0.101519247004299,0.0254063437448418,0.272054435949339,0.526983082247987
880,0.0991445488808607,0.0293111747442906,0.42625580694373,0.644493755038302
881,0.0939923043853751,0.030168527354988,0.442235520976926,0.66194051917728
882,0.0776293776513414,0.0331018112807898,0.444373041736341,0.591557051629294
883,0.10887982105011,0.0306606643613471,0.443349248872393,0.646813652045622
884,0.0951330802259135,0.0343761496790611,0.443735412035141,0.619875795198988
885,0.111339421933118,0.0287953958960795,0.436764310623338,0.542285122187848
886,0.08663074297491,0.0314135460821027,0.385350654059604,0.517042487217437
887,0.0797210266999605,0.0259661146481157,0.323808095645766,0.400501252858317
888,0.0805052578114358,0.024194245854777,0.42908790524983,0.449740280162643
889,0.094892587978267,0.0180319389358436,0.262140611548626,0.310291113725974
890,0.090977239395161,0.0178067688526733,0.444399465752023,0.355932842386095
891,0.0813067796995179,0.0228036118516598,0.422687038766931,0.408934398450015
892,0.0793996209178237,0.0146266278642389,0.399683096060061,0.137200789925412
893,0.075947269184419,0.0270877428940834,0.440949567606793,0.357702829474898
894,0.0838255373018212,0.0260068090758781,0.422324391980099,0.454483997512214
895,0.0881574759709106,0.0175035290359737,0.388482184381282,0.341992282157368
896,0.0906635531640772,0.0144753129441036,0.381943121529756,0.329340270650513
897,0.0810808173120368,0.026732017691589,0.35740718644754,0.450710224867355
898,0.085084528166786,0.0286696523885631,0.558628393284727,0.301640074234334
899,0.0889660423313254,0.0220836211043029,0.539210800419319,0.186409870811058
900,0.0819915576254858,0.0290052098562052,0.365476904782449,0.490730123419469
901,0.084563713194757,0.0290114848026638,0.436290660877969,0.459067909006568
902,0.100380284955428,0.0259421226268306,0.389532693633121,0.385060470531963
903,0.0944278106848765,0.0244406309989855,0.35810825068608,0.583853974175028
904,0.0922867999015768,0.0278615619659213,0.442517626191047,0.412860935818513
905,0.0971696871272635,0.014155507876707,0.285968481761832,0.297535840088598
906,0.106069188025044,0.0219007481182325,0.353342914249427,0.489120063749115
907,0.091919698730723,0.0348819136889334,0.412166823310184,0.517286614107081
908,0.093026522039606,0.0305380550261329,0.422912903596086,0.508056957956891
909,0.0921305149781267,0.0351476032316537,0.426625801516052,0.563846853881113
910,0.0874948298551786,0.0228918867840183,0.431009858747555,0.503876348434109
911,0.088419288487659,0.0397468331180706,0.442533542232559,0.672512846736673
912,0.102747323673318,0.0233481208907302,0.376742665286702,0.522396961129807
913,0.083228469058352,0.0291208656265997,0.588473014129818,0.542449340704949
914,0.0942804120568304,0.040891103759554,0.614832741649884,0.533590138870812
915,0.0689430054697056,0.0189652912334873,0.55876475398607,0.260315162344005
916,0.0831564862675416,0.0376438696097452,0.698008623494397,0.593780134450458
917,0.0790108818199782,0.02968659246901,0.670899200161902,0.511734927183058
918,0.0932181664545617,0.0266611036330755,0.790908386387174,0.526123451349761
919,0.083823683705213,0.0271608632887294,0.66366601610051,0.247507026933981
920,0.0803683322679686,0.0261397322487038,0.648740263929459,0.458473317857105
921,0.0843074400427469,0.0184547811585079,0.442361871101366,0.462233028879757
922,0.0924991214538789,0.035015497277784,0.44056686231086,0.696831280437316
923,0.0985019181233654,0.0417116620010552,0.438472481390703,0.712342624079042
924,0.100090878987802,0.0290096640412382,0.429184624336061,0.606121109879199
925,0.0887080977761136,0.0275326306602123,0.445898210524568,0.506227806481568
926,0.0798006806456943,0.0284653608283835,0.447137881583945,0.445292623857922
927,0.0730540273450795,0.0193021096922095,0.601739865293326,0.503100149810923
928,0.077282269344855,0.0286829041638894,0.681968976929537,0.423412555140904
929,0.0750732644875301,0.0322768183251033,0.719045449787296,0.56267394962272
930,0.0895542117204466,0.049881464106861,0.638144244105219,0.731851011276541
931,0.080399555896273,0.0485992375282333,0.635942495790396,0.68244090439611
932,0.0837796417059892,0.0270840140339376,0.78275967820812,0.311908459677674
933,0.0918727043157208,0.0240496409059307,0.621570005054175,0.467371510224024
934,0.0878667951417132,0.0315827140874161,0.636901189488754,0.5520340180263
935,0.0926763470798008,0.0402492537828467,0.76335624698183,0.633170613250145
936,0.101645207172548,0.0349210456233019,0.625943024489319,0.633742745426669
937,0.0713319950026848,0.0417273976717755,0.648225775278398,0.400453961074966
938,0.0768049464112073,0.0282601959722872,0.565986568231556,0.396293534658581
939,0.0936747128995037,0.0268874309366396,0.748800984461471,0.473944424748294
940,0.0840825616809998,0.02361094730983,0.967201860322503,0.464051442786694
941,0.0860532744753179,0.0154153124509156,0.95579790191957,0.354455277263276
942,0.0800610794727301,0.0260362742849012,0.978261595986218,0.600617343762627
943,0.0885618066059707,0.02749256256959,0.874980116352109,0.557925021696052
944,0.0848690243976001,0.0261881051349007,0.873783410323695,0.529984962752826
945,0.0755422226809342,0.0285191928019692,0.837473326439249,0.558137086326606
946,0.0857146830141644,0.0219898861555907,0.834316655966031,0.481914062531536
947,0.0748655605249081,0.0501697059008394,0.769706682587254,0.683388156383717
948,0.08787958209248,0.0316973602202499,0.877872540938477,0.623644975553143
949,0.095872167126556,0.0419481263659603,0.775246252665747,0.688269766764873
950,0.0815277502374201,0.0615950404725196,0.878063210947857,0.840461286055732
951,0.100371073135351,0.0286034856384799,0.955401053027732,0.487550773270723
952,0.0815511306647545,0.0203449768686859,0.873011751885509,0.549729047826466
953,0.0984998279722967,0.0414346614469775,0.812906134841007,0.600978748309102
954,0.0854753781798391,0.0257902261345044,0.656328893281015,0.472863593381879
955,0.0804542950019797,0.0339313302913089,0.618927628233351,0.456225457869617
956,0.0788445239777745,0.030752086772542,0.580292651729942,0.571514557596858
957,0.0825663974427933,0.0217869247736812,0.869557548792353,0.514959844068173
958,0.100129017523889,0.0330868074576564,0.952248682548105,0.604995515988064
959,0.0795974943206675,0.0327110860327809,0.83684556662846,0.63791409564014
960,0.0900974819749033,0.0225270739335235,0.741211020099103,0.519698162517606
961,0.063647408219296,0.0315779892287531,0.924422971740197,0.395625848036982
962,0.0828771134355645,0.0175209323762007,0.614929388935588,0.320273307451106
963,0.0789940626507879,0.0445231831186597,0.689808760592568,0.663698721059439
964,0.103609162639517,0.0348440371628845,0.619770189680759,0.677309648438856
965,0.0843092314780219,0.0306379422286958,0.652366312065559,0.625756547285809
966,0.080647112155874,0.0705838730639789,0.824942300241082,0.800080515300031
967,0.0867869561492307,0.0309949807151213,0.825724583587386,0.74484821727137
968,0.0818969153788312,0.0710854194355739,0.91096012086847,0.722428501996977
969,0.0915371836036812,0.0714683469225963,0.807672545459051,0.805109842077607
970,0.0826304210286486,0.048104393565588,0.629626141960605,0.685344770628177
971,0.0867595647615025,0.123645146838496,0.632552807613776,0.840702743730176
972,0.0689079316596173,0.0755323568883059,0.798261236787279,0.840866854364638
973,0.101661215595702,0.0661857446799405,0.815987058011032,0.850627543932871
974,0.0884428031689751,0.0863712641103607,0.819946722830219,0.8919923571047
975,0.079463756043526,0.084445410087698,0.835343050566196,0.812044978301112
976,0.086690431672771,0.0180735126355687,0.903135450607727,0.422187177803014
977,0.0735196802144277,0.021559854439443,0.838993136500282,0.568841717897646
978,0.0723798933332858,0.018549770244758,0.671419028065537,0.346368965445926
979,0.0811246991429532,0.0262387984916125,0.81706784881061,0.609511635490732
980,0.0723102321768759,0.0281114128003717,0.74887556610911,0.591493109170246
981,0.0770170927646588,0.0328879407779646,0.703912118047961,0.509920591722187
982,0.0967521330270717,0.0213773617688416,0.865387594762574,0.499686387756859
983,0.0838380545196006,0.0227083359771234,0.892930239735109,0.388635009677188
984,0.0790055094777909,0.0269386495606679,0.963299175559731,0.622735007454993
985,0.0807117914813999,0.0490817535182434,0.837242442597506,0.789398083975536
986,0.0836381104893465,0.0514895346508256,0.90351366568623,0.732325207450522
987,0.0912458106961606,0.0227615896758483,0.71560714482114,0.476710391765014
988,0.0830025335263552,0.0340657160084432,0.31281839935752,0.352361098988043
989,0.0898150881224743,0.0322985696665566,0.432061596530795,0.554045310416581
990,0.0936264284443215,0.0380540248097022,0.444171844359893,0.781621239887718
991,0.0946034227759843,0.0259013553942224,0.430362673296936,0.526783662433178
992,0.0916103082874364,0.0295880610917489,0.429009445090071,0.576456749748653
993,0.109071984498487,0.0310647528120148,0.426285250254227,0.589057544812923
994,0.0789804961859312,0.0357690064588458,0.427195939232336,0.527274004859492
995,0.0939680146957436,0.0205331741953099,0.427445124521072,0.417731635855641
996,0.0802810599431125,0.0251576025328904,0.44095860863857,0.423288719773851
997,0.0853454652740419,0.0164207265894001,0.428439470662774,0.320045517038707
998,0.0950163081327857,0.0302926243255013,0.551176981323668,0.588288095995399
999,0.0767301457042844,0.036722877002442,0.569436541772538,0.427016769257064
1000,0.0844308660837012,0.0545842406284274,0.61844355956719,0.682389060958271
1001,0.0808504901044281,0.152940254386717,0.835378115166344,0.914598515306913
1002,0.0905873590165813,0.0547709640600976,0.776233988745306,0.863813033282245
1003,0.0925126794567705,0.194736165100899,0.65523240881728,0.915484707369164
1004,0.0970737555904172,0.11897959947199,0.863810114512427,0.897268615898428
1005,0.0951137588719008,0.04660670677258,0.823189150985155,0.728971455403121
1006,0.088682683605006,0.0289838964734812,0.76376777551558,0.671462865594153
1007,0.0900537237706873,0.0316586760098612,0.65812787351008,0.578195279742857
1008,0.0819764813281036,0.0226394927638491,0.668747376631805,0.232124548600654
1009,0.0930143519379494,0.032748922088657,0.594321968807012,0.606221765620815
1010,0.0827563949514136,0.0459605161696243,0.776174414611747,0.619245328994729
1011,0.0816989810414537,0.0382388380703452,0.792925619258427,0.680491400146324
1012,0.0831940742001566,0.0329041120989877,0.577645984747973,0.548282343815409
1013,0.0782697056654754,0.0237503677360413,0.770527807288724,0.504633396317752
1014,0.0726585534554196,0.0378956743554957,0.723239002371383,0.635292164305298
1015,0.0955087700209829,0.0434241965363525,0.578246264965578,0.739497042647887
1016,0.0886157677683233,0.0328026725639016,0.59457951252458,0.581589538411949
1017,0.0780354028109262,0.0185507917167414,0.644209974003797,0.364267616140622
1018,0.0810765492790719,0.0275459041866644,0.972834199302219,0.545886629608823
1019,0.0833688151663604,0.0452331529742473,0.715773574216949,0.637311172491215
1020,0.0948978973555301,0.0229849539144387,0.977025183395839,0.559354898088243
1021,0.0824798769030313,0.0212864951906223,0.62541593693087,0.505480796319299
1022,0.065376371376458,0.0292670503207859,0.62825293970242,0.554269791620887
1023,0.0889007043941787,0.0225041937044892,0.686820806252231,0.429786340865681
1024,0.110317650947526,0.0389559128430744,0.868952724456514,0.642938462655146
1025,0.0641912849149771,0.0238663737877612,0.514082904382737,0.173893128598734
1026,0.0832904603690187,0.0232472831723996,0.624522349712121,0.367267439739453
1027,0.0836037619105662,0.049267322371249,0.642008884273359,0.629196563273971
1028,0.0935731472313202,0.0256865348005333,0.553744015408652,0.515573697869912
1029,0.0832056609282438,0.0211653791470245,0.805352475168611,0.492681837974286
1030,0.0852167913743513,0.0206083529436267,0.740665473701495,0.467082922099132
1031,0.0836623816200727,0.0446349578261652,0.661913611350494,0.610699687818131
1032,0.0910158273453903,0.062294586945645,0.559236180704153,0.745848256125312
1033,0.0864015236429789,0.0253648038946949,0.623260284308143,0.492909307931021
1034,0.0759025021014895,0.0379046243124172,0.769092840194492,0.660047424280853
1035,0.0738675515534969,0.0290975812420057,0.589085743847251,0.581439400686418
1036,0.0873987146026146,0.035890367174057,0.799533877401325,0.554535679191936
1037,0.0754025171459459,0.0393184135073969,0.871461842350581,0.650948377086083
1038,0.0799435984130119,0.0171704457194132,0.899984547986762,0.463653908379811
1039,0.0887942592567816,0.0197274692222432,0.814295971783875,0.303871934186414
1040,0.072097526493791,0.0401848925901324,0.80470665322989,0.611162030063238
1041,0.0740424351490942,0.0289553481903691,0.897702793771486,0.661545024881759
1042,0.085102775649632,0.0211840184966547,0.890089125789243,0.428578528443675
1043,0.0875640841227234,0.0538790229282548,0.62731573362494,0.750450124572292
1044,0.0773296096260451,0.0486036107503388,0.429280541558314,0.633863170869548
1045,0.0956497116998287,0.0313396876059113,0.442355023993095,0.623366840391537
1046,0.0862057198963663,0.0684468323341777,0.443761375170916,0.749343990465606
1047,0.0853885302844704,0.0312071670845228,0.441384888868707,0.600299478810698
1048,0.0970957605231299,0.0283948740588657,0.444012124783577,0.570903178334102
1049,0.0964425990993849,0.025241316225156,0.444429146999533,0.604005607183429
1050,0.0953736382764084,0.0283435086411658,0.436582337106478,0.625480598607396
1051,0.0910271623193224,0.0223937533189781,0.426572559097305,0.414922312423959
1052,0.0980683065991138,0.0397812064416452,0.423408847339442,0.602605132223862
1053,0.106493694542897,0.0234509008981934,0.438815339693796,0.510183788378868
1054,0.0869909276513595,0.0373549273283389,0.418060711127612,0.562261968360961
1055,0.0812707488605093,0.0518695280489231,0.420811328035472,0.769515626986174
1056,0.0841928717370911,0.0927680579598112,0.420224506102318,0.729782088907942
1057,0.0964988563018035,0.0496191714423911,0.321098720485758,0.598588102735441
1058,0.0980679720355658,0.0244362443666959,0.423381311901681,0.553407829348227
1059,0.101387018128772,0.0315392728825769,0.422724325646998,0.537563574824418
1060,0.0996411781253264,0.0329966948610731,0.42869896634597,0.485132692630336
1061,0.0785145085821016,0.0180032442908161,0.471022183213281,0.36032548890038
1062,0.101418634513181,0.0203218612016746,0.340711416109332,0.320491866482762
1063,0.088319682682617,0.0200020441026573,0.348874908799538,0.302563775023061
1064,0.0983043482413614,0.0439971466421428,0.258029261777438,0.486888587250229
1065,0.108359471544374,0.0324145895091866,0.422326193275115,0.623816016594224
1066,0.0947603902130372,0.0422335049158123,0.518039581159478,0.590102727964582
1067,0.100857032444279,0.0280679122128335,0.437898924428882,0.752763877363394
1068,0.104502537888164,0.0262226645858253,0.430174491292947,0.699395860371818
1069,0.0873234207438587,0.0349066534202168,0.438174841503863,0.67519152181911
1070,0.0983653893582389,0.0181676693854967,0.378322819377115,0.333667074903747
1071,0.104549430551368,0.02172854235763,0.292074387693147,0.343747831651056
1072,0.0888657474972442,0.0367851662446853,0.456225729526058,0.678807828773555
1073,0.0842984870049281,0.037556004101784,0.408700470102049,0.594681683773387
1074,0.105678937820913,0.0215124666051403,0.447177088514393,0.56390006987445
1075,0.0812597787378658,0.0216146005971656,0.326789567309975,0.232997751911059
1076,0.0949960642665829,0.0259534795585775,0.397863919341361,0.416903676064173
1077,0.099793528480221,0.0232155669702957,0.441661451550087,0.385383779879193
1078,0.0845730668676484,0.0197019189220565,0.444655574362099,0.387043441982741
1079,0.0825757492513023,0.0188523251079814,0.426169759906125,0.502635252277914
1080,0.0836387620204108,0.0201973589471516,0.419552650102865,0.410401997745498
1081,0.0962601575387978,0.0249043533003249,0.447010346099902,0.621249252710729
1082,0.105362547438952,0.0586405208075994,0.446766133358072,0.718646778537362
1083,0.0943255353372738,0.050672456737471,0.42550462981827,0.795685244467422
1084,0.0796136714489024,0.101097873408945,0.437450055760385,0.850194817222439
1085,0.0862360787017652,0.0935686855818166,0.477103972610619,0.85770936373111
1086,0.089107838776954,0.0462704731211407,0.42273358208634,0.788319893744556
1087,0.0771932750228541,0.0163375409528798,0.41205321854606,0.432561245701286
1088,0.0943311462221486,0.0155598291918542,0.243045381028414,0.401282539292294
1089,0.0943311462221486,0.0264567283224397,0.428328110910884,0.591567502965764
1090,0.0848273671191028,0.0279176399773313,0.52365727281637,0.469188990306607
1091,0.0760391064467388,0.0307518768525278,0.567348344257331,0.292353406898357
1092,0.082883666646321,0.0336166025487112,0.44356162018556,0.457323013324617
1093,0.101990256970997,0.0304720551472314,0.406879710568508,0.599399488153908
1094,0.105806142524199,0.0251049434143564,0.425926063420484,0.634264200022963
1095,0.0967630544568327,0.0702391491210644,0.426985429586839,0.797296370785121
1096,0.0754647416132231,0.0376048676253117,0.435798747643835,0.6199991672127
1097,0.085088435858689,0.0755278545077677,0.433474122854486,0.776597036414662
1098,0.102405541550443,0.0880972419601867,0.680542683143851,0.753043804177154
1099,0.0864991052636256,0.0507481605629839,0.665889223223522,0.742218081629483
1100,0.0845344629192901,0.0700705911227215,0.69320543900895,0.774039391069402
1101,0.0794581502412488,0.0642009557869425,0.429864996957616,0.784587581337598
1102,0.0779600721972807,0.0373026706496187,0.394889180505961,0.553256591686936
1103,0.0972487636975403,0.0244883186148271,0.43302406059195,0.656190939109087
1104,0.0898113170952418,0.0227966671220044,0.514245951816703,0.565860508283768
1105,0.0949331968747216,0.0326083773509488,0.449944088638661,0.555834470101674
1106,0.0970443592043548,0.0206907678628835,0.418798652319041,0.45095856280014
1107,0.104334248812585,0.0478099284866916,0.333176633841111,0.666729504375323
1108,0.102669528912193,0.0479347471303432,0.436540741031897,0.824235401217154
1109,0.102942938119233,0.0543045274953125,0.442872221357411,0.782753882112982
1110,0.10235117702602,0.0166880301270993,0.41215830646324,0.441087006437662
1111,0.105533001492691,0.0410471725698606,0.384531934556326,0.72422629311
1112,0.0787107023302278,0.0475546111316215,0.646470628411327,0.640488542716361
1113,0.0854000500870163,0.0347251224161442,0.8353801974318,0.652510469506533
1114,0.0877234883681205,0.0407392114418823,0.629536576008269,0.529610118623517
1115,0.0876329519907207,0.0173890652548686,0.723732084551618,0.275120578403557
1116,0.0775640441868337,0.0530327572616613,0.767940433587112,0.792868314829082
1117,0.0801954772757626,0.0590020690424591,0.539652841342483,0.70405684823708
1118,0.084681572583634,0.034448429721235,0.435157227131626,0.393421074114023
1119,0.1104517309128,0.0389077649562971,0.424562594576066,0.572563780428281
1120,0.0931680894519767,0.0231397843715545,0.431966359449621,0.640270735752753
1121,0.101758885973525,0.0389819737212913,0.435996781200282,0.641045513697508
1122,0.101193766190227,0.0311404309040773,0.444876392503938,0.610031173300417
1123,0.103940697724404,0.0446004032746692,0.459668962267323,0.756137666292475
1124,0.0896148609929558,0.0778989421897344,0.429952602006389,0.815692183149678
1125,0.0948590061050313,0.0333550467095306,0.548332096107045,0.580876866164026
1126,0.0936046877421246,0.0153051209445645,0.438176537388091,0.454990898794519
1127,0.106300022134263,0.0253746003741094,0.434548914849257,0.693740301126766
1128,0.110183558709066,0.0382960156697983,0.432918005013914,0.810666575133884
1129,0.0985892729900846,0.0380372334274882,0.40221440462004,0.761359767208781
1130,0.089354834286915,0.0905736056731746,0.431720327715715,0.778203889296292
1131,0.0817911358765732,0.0421044102459536,0.413448174406991,0.687497950682173
1132,0.0873591543407447,0.0215030471414043,0.434401740336126,0.482767612637647
1133,0.0964577241814362,0.0420753656590069,0.37398941987251,0.709534443745588
1134,0.0964577241814362,0.0996926283105447,0.430057859067218,0.850664965328162
1135,0.0995270394412248,0.0841871273642768,0.4247613163472,0.851272628388567
1136,0.0970680824242864,0.137959385902547,0.4354087439848,0.897570329153716
1137,0.0939489115570456,0.160256223456213,0.436396592849145,0.921158908375011
1138,0.0819817829141745,0.16732735287599,0.436555989618379,0.9256433156989
1139,0.0894844009241143,0.0938503399905912,0.447182012693307,0.840162531082586
1140,0.109228200649313,0.0321836451023638,0.436179268147947,0.667011957597748
1141,0.0815718540250646,0.0379719764770967,0.446455264711581,0.636282236786077
1142,0.0867373232563193,0.0247193293913754,0.445987298492273,0.405730227867527
1143,0.0785452855464425,0.019358148981782,0.475664559117707,0.210481487643154
1144,0.0907033277262327,0.0271408111352888,0.4162144316693,0.440752456232922
1145,0.110834263943245,0.027912282161678,0.301030040868225,0.448393718137867
1146,0.112893010067202,0.0267635701192443,0.434913588403412,0.570149692912389
1147,0.0807728658607274,0.0390060214933317,0.436932824825957,0.55792921713712
1148,0.0862647333136373,0.0259355883781076,0.427183928910381,0.502398178717891
1149,0.108511894111953,0.0356698682161299,0.443654539984424,0.739924278062991
1150,0.102096425927081,0.0365053361395812,0.432357600146611,0.581497325610916
1151,0.0780572520533578,0.0215046879404743,0.451307458838097,0.413586700683811
1152,0.0960341784331227,0.0389531537586962,0.407815721485869,0.721320431096558
1153,0.0874769612964531,0.0614203478994622,0.430280996605538,0.804735305023685
1154,0.0882757539484373,0.0576066455920279,0.482666663033857,0.667844243346933
1155,0.0786883688460239,0.0264316335387612,0.44398686495317,0.557041813061177
1156,0.0937017721764605,0.0237253592164348,0.44008041218523,0.472135922692117
1157,0.0908062127962153,0.0454085531246061,0.435798586441041,0.697276245089174
1158,0.0918546957649359,0.0400312830814545,0.389573382242886,0.599268489329717
1159,0.0878948582990392,0.0364919037704933,0.446590888329692,0.555689251693251
1160,0.0815723857316229,0.0308768135573646,0.426400936577215,0.572929700445666
1161,0.091695192964182,0.102579771886506,0.424366663221087,0.808920233421283
1162,0.0940473769170313,0.0729702808295338,0.431537942702239,0.838552828540374
1163,0.103405703005044,0.0421386215914889,0.443175971582596,0.727962730371918
1164,0.0858691988602154,0.0471761382159485,0.44386648605539,0.766201365723325
1165,0.0992157619567012,0.034498940361944,0.437536727338072,0.700716643743624
1166,0.0933629432793465,0.0279344513792273,0.423088066635239,0.733264042842195
1167,0.0964347085385151,0.0250492408286696,0.430601161849325,0.541191351193193
1168,0.0864510623316447,0.0502255303610506,0.422984555327543,0.722409020548999
1169,0.10710914901978,0.0586134512348788,0.426403023287999,0.752427408790698
1170,0.0923696014788846,0.0265126012654778,0.429909920858756,0.572387982892987
1171,0.0909781700794727,0.0404184789961021,0.384945522467033,0.518439980970416
1172,0.0967512454192425,0.0154779400674074,0.295885795614293,0.347112922549
1173,0.102825807773203,0.0164388122723017,0.403872974839005,0.413797598273302
1174,0.090569202579799,0.0243150993210741,0.418672121021547,0.400100156427823
1175,0.0969224562076378,0.0282338529501708,0.444821812511266,0.524843498272679
1176,0.0929457746034275,0.0279657240264258,0.445831100477332,0.374233953745072
1177,0.0933161730451977,0.0187760051477367,0.438468581855006,0.399080068866122
1178,0.0669158828320797,0.0529075458659386,0.379366182630358,0.432626203707125
1179,0.0868801512025836,0.0162208349319073,0.275760664528619,0.35520831788499
1180,0.0883797880671481,0.0364563169584169,0.345787693465303,0.561718618228818
1181,0.0971194019349707,0.0262399934193492,0.208698163076459,0.531254365044858
1182,0.104053648760443,0.0238131497927372,0.429968824435411,0.500427437734675
1183,0.0815527556874439,0.0297935106473824,0.434893481595195,0.530741479957053
1184,0.101649467476535,0.056576125293274,0.432569326041847,0.665203176455828
1185,0.0882698970349082,0.0723271299686183,0.431660394220637,0.85618622153246
1186,0.0832521952734174,0.0473660040116795,0.439359665000251,0.737477740227449
1187,0.0983207714933686,0.0247654558349911,0.423476689802266,0.535806365242176
1188,0.0849406522597481,0.0621668907000896,0.441523330278702,0.675418673757669
1189,0.092115824944326,0.0281586756365445,0.424190338171319,0.606712181531749
1190,0.111059936205671,0.0418175234726989,0.437199940023375,0.763216260721235
1191,0.0883583922758051,0.0235736164266914,0.433721078640741,0.674018955706318
1192,0.0888188616378049,0.0597275575934873,0.576093288870623,0.593069584526743
1193,0.0793510393218316,0.0454125688302067,0.595351139562561,0.617123469032605
1194,0.0733152310486686,0.0513606581436351,0.66160948250174,0.748398946301512
1195,0.0867381169361472,0.0571250434937759,0.613221655981498,0.790678977887595
1196,0.0731628718691501,0.0252053859807739,0.551855771910746,0.535174289306664
1197,0.0903825466931646,0.0395332998350419,0.365635014072081,0.630133167989976
1198,0.0885029298931533,0.0265639659157329,0.390263692974037,0.44128976550147
1199,0.0928464109068725,0.0336227246002274,0.424930406900271,0.499506767928172
1200,0.0986335315868515,0.0253241992158537,0.432199288694364,0.487318764997831
1201,0.0959013679001445,0.0224798409298756,0.430953735610425,0.715351706964536
1202,0.106703825060738,0.037696108371368,0.425417109027227,0.720728037217374
1203,0.100525013786036,0.0318212977676512,0.444852224997518,0.592589889061894
1204,0.0895524810735773,0.0258577530698825,0.439244490413864,0.671442445940642
1205,0.104292447220424,0.0358781746159745,0.433331119098243,0.652808334925495
1206,0.100122548485315,0.0584631775167778,0.313941190717002,0.686161104579753
1207,0.0961367346966664,0.0413084888017954,0.441099466132051,0.721570850372945
1208,0.0999162004123694,0.0384514939392171,0.425623701957256,0.608927193319671
1209,0.0892378126681496,0.0253443246341688,0.445343807178503,0.386975229521251
1210,0.0820202394205948,0.0310810904822331,0.44682665896806,0.70902329689073
1211,0.104689448536627,0.0533168918387433,0.423506490515056,0.709024218158956
1212,0.0875824784923135,0.0196275399153016,0.435838017737072,0.573801948579302
1213,0.0756692526766807,0.0262616688751697,0.223830150303922,0.237449815269877
1214,0.0756831511128915,0.0831840933727621,0.354841563581866,0.71124914166783
1215,0.0927629764685085,0.0334157503239826,0.428220814373492,0.646819399985222
1216,0.0954353344281294,0.0255514240726244,0.427215291000603,0.357307881051304
1217,0.099660743037832,0.0368785092122828,0.454612395430974,0.596279975067281
1218,0.0924859126561403,0.0258118432715493,0.390385677672831,0.573929961008967
1219,0.101219859570191,0.0375478606153519,0.399166280057628,0.561030447137446
1220,0.0926976807556711,0.073051452172295,0.433855780560253,0.878944963653983
1221,0.10652233210056,0.0348937112763167,0.425183799300068,0.821085589832646
1222,0.10485464709157,0.141010371206257,0.429199226879252,0.838599432517278
1223,0.087826178233717,0.044508816275616,0.435868337652978,0.722436135431348
1224,0.102858139314196,0.0331314267645429,0.432492326557453,0.680736023095388
1225,0.0974915883525611,0.0941663679983206,0.44255368000332,0.865874157441993
1226,0.114792166203426,0.0718113168167962,0.4272388471384,0.834635989671306
1227,0.104992104153005,0.139802765880646,0.43511214245155,0.890095910714689
1228,0.0960249698963467,0.0207385856879921,0.390555080917381,0.45856561310655
1229,0.0980556780049974,0.0202493285583425,0.373182736111277,0.505564762496857
1230,0.10279492946984,0.0309989513615474,0.436823522997813,0.628024607125854
1231,0.0854223543597369,0.0203773605794779,0.415628047023901,0.441374855167769
1232,0.107225775441058,0.033714629853992,0.433625408986569,0.597613233906942
1233,0.0982481536904583,0.0431737711307934,0.428320638425629,0.716844042228194
1234,0.0935563636429138,0.121012483509247,0.428298489141565,0.815939072031264
1235,0.0898643793511973,0.0524357053218501,0.570718470908995,0.769635165483138
1236,0.0764753266589321,0.0436818314891893,0.702183757713572,0.68885734310541
1237,0.0994235946351736,0.104438266990052,0.614304907402181,0.911420279115959
1238,0.0985106915364463,0.111166667070927,0.656950301748368,0.891296112379378
1239,0.0732938681075271,0.158851215670351,0.422873370271278,0.912286913035589
1240,0.0989260576926361,0.139330739793423,0.446899039168492,0.8605799919492
1241,0.0840168671992587,0.0881631453839925,0.493101039353147,0.848924438381916
1242,0.0842431724089149,0.0198412058119826,0.503613037096117,0.443725420852177
1243,0.0759822442038661,0.0307895284282101,0.56473524244878,0.369710451078993
1244,0.0853961469703425,0.0292312654963525,0.689765659036831,0.442827535982796
1245,0.0843790194517369,0.0215263014857739,0.569188998585668,0.342807935544542
1246,0.0896781309592705,0.0292266808973185,0.634426219723185,0.569903011933228
1247,0.0801206889551745,0.0227275798019341,0.702635645695647,0.435592114544601
1248,0.0730989373002172,0.0751168364329378,0.677066881268546,0.77267745722053
1249,0.0754128032407313,0.0194257419184827,0.764163561822406,0.457399191595942
1250,0.0703424188616347,0.0228847669849862,0.874978348488686,0.241739754047357
1251,0.0846971890277869,0.0169082516432063,0.887895600161441,0.428198959652639
1252,0.089035294084942,0.0223562442501542,0.87645166472251,0.534414873036648
1253,0.0826485679631257,0.0253583305490854,0.594227918298572,0.197419958320417
1254,0.0730637780267017,0.0315399358483509,0.686740720900139,0.396303576228112
1255,0.0830182731458949,0.0266311292210143,0.584381435623376,0.569557583937267
1256,0.0860515542875328,0.0312932632842716,0.621595879000613,0.551806646856073
1257,0.0861496069471926,0.0352032036707567,0.588498763328116,0.652433693932062
1258,0.0878052168652986,0.0672676631559588,0.743472108685175,0.794091869561308
1259,0.0774868783493922,0.0808556963082061,0.720704961331882,0.858633838456536
1260,0.099020730699528,0.0640443658546273,0.548380884785785,0.780840616943507
1261,0.0897969172044595,0.037484102365277,0.291654436139549,0.652235659912962
1262,0.0965442760379082,0.0938635462192818,0.435579446477459,0.878641797405271
1263,0.0709467919784095,0.0422935711996451,0.449803077075016,0.59940251169998
1264,0.0962108249753494,0.0251355493754724,0.432801070560223,0.493682534244299
1265,0.100790107620756,0.0311099285090822,0.424541495042884,0.529765956786062
1266,0.103550186424807,0.0325777512138577,0.432553394858223,0.59815124906614
1267,0.08771590306185,0.0506023250770693,0.440103777423142,0.663030744565871
1268,0.0973035511927224,0.0698998061138894,0.385288577191047,0.700140367551039
1269,0.0903847988198789,0.0298541688326519,0.425080491225112,0.573531378221166
1270,0.101956485071902,0.0244785469223404,0.437688249888225,0.560762090550782
1271,0.101377950451487,0.0486186501218758,0.444698697599694,0.666450426829165
1272,0.0990885843520846,0.0178033922391213,0.354559905800315,0.505259348444684
1273,0.0929684899335436,0.0165446056865827,0.388329686272596,0.272168404728769
1274,0.0935098390649294,0.0244601657077635,0.443035567377724,0.695759577091389
1275,0.0844686920193981,0.0218479584124941,0.361960365256017,0.425021995086875
1276,0.0752309150034986,0.0300673660803324,0.447121732923519,0.393414219586867
1277,0.0870119324494144,0.0293223549060134,0.299976528683434,0.561618601377668
1278,0.0805446809060472,0.0181645151045255,0.435882586449039,0.263241709892298
1279,0.0881814870577886,0.0274267201419758,0.683660131623008,0.620791361313788
1280,0.0815369897860098,0.0462586171248877,0.57707161132701,0.648640210715075
1281,0.0870620754773961,0.0264702933344014,0.679209539428152,0.501853901825037
1282,0.0754770747618837,0.0321568155423015,0.66244128322989,0.471797211264615
1283,0.0771765515475958,0.0276363566373228,0.750024794176569,0.571271822575452
1284,0.0708401113597993,0.0276832570099241,0.440482181577866,0.471697182538007
1285,0.0967910944437607,0.0562885315542047,0.441258834951205,0.739276043076073
1286,0.0978960100784236,0.02716120228073,0.442668783193166,0.617215416531795
1287,0.086718376114826,0.026362863986634,0.443733353196836,0.679098770863993
1288,0.0865461128401585,0.129126770234507,0.433004158363273,0.87666551328951
1289,0.100151651963304,0.0232625284686546,0.439131124177743,0.545746691987574
1290,0.0857092602225099,0.027699965717995,0.583890754816048,0.410608545853466
1291,0.0874576582385445,0.0266790646542701,0.630179985303797,0.476046020757357
1292,0.0952669099100859,0.0335162976829523,0.756046406074446,0.421743083170706
1293,0.0724166390074843,0.033969440160492,0.44976221066792,0.308353277468023
1294,0.099531233361631,0.0244688244565721,0.415650319969984,0.452507329043001
1295,0.0991657123610128,0.0280021734176232,0.934429652345156,0.697353450397587
1296,0.0864184827475977,0.0890842476796338,0.974921150319381,0.815177879135826
1297,0.0813746874296703,0.0160401671732648,0.852525287635607,0.271740786994361
1298,0.0763992216583434,0.0318420694258547,0.748974216306275,0.451186620695024
1299,0.0745875377792791,0.058493345348192,0.760990001657419,0.612883662642763
1300,0.0845483266561636,0.054700999117536,0.837174246474088,0.809528123359418
1301,0.0881760585892943,0.0181658876711794,0.906530836034843,0.621705355358648
1302,0.0843555540213089,0.0633998993226923,0.937677487104188,0.776719583943214
1303,0.0767773351330953,0.0334967565944647,0.779600813073481,0.65074489130784
1304,0.0743810688297327,0.0435071861520604,0.826614305090955,0.715555901003173
1305,0.0900094351873744,0.0386753951341848,0.831196318272886,0.564723118136267
1306,0.0901091095831742,0.0647977178617797,0.836502227401667,0.823737009058171
1307,0.0879382497032707,0.181308788394937,0.961909399558583,0.911897140148423
1308,0.0962513339961215,0.0346191659658652,0.733423135510466,0.487160012384355
1309,0.0876905752886205,0.0363406122002854,0.771447949980558,0.652523672068347
1310,0.0812869013214796,0.0431932759229005,0.782362591332257,0.618620462825212
1311,0.0940218540169511,0.0266301882101464,0.849799389823022,0.654338854826151
1312,0.0958624898560369,0.0182010517532914,0.865790856724021,0.572015327872383
1313,0.078242064824958,0.0335212950426296,0.709928857593794,0.652506846357283
1314,0.0899396973286769,0.0335207757140036,0.655434791613039,0.330977272011624
1315,0.0858714959601467,0.027066822379604,0.620512302613379,0.318241314443559
1316,0.0681899954060409,0.0336056451753944,0.635729365051759,0.373588060055296
1317,0.0859309062519104,0.0242832885328118,0.733195505484244,0.144856718993758
1318,0.0945868187290158,0.0193078400310786,0.440442237105137,0.232902149649472
1319,0.0923378306374883,0.0237715969219587,0.408250543073768,0.316405168092659
1320,0.0826010454898967,0.0222650102006697,0.31699877108224,0.182257237748067
1321,0.0844117572107846,0.0159665033167787,0.0240974413553352,0.154874891588738
1322,0.0889896775407432,0.0286435431273495,0.0435206131597968,0.363078821143793
1323,0.0853537134955271,0.0193387238179823,0.208405260417508,0.370548691639103
1324,0.0894196815566169,0.0213789231125759,0.298992359978597,0.326298480225359
1325,0.084253159805464,0.0211126963540991,0.303676173562898,0.358510996427886
1326,0.0967882249830334,0.0141374611852382,0.0633156072133835,0.318751958013886
1327,0.0971519404296849,0.0234372905647203,0.264932626178785,0.36169629664359
1328,0.084680262223681,0.0239882456518719,0.423326492703136,0.495461800273691
1329,0.0962608401938368,0.0765268828955278,0.445384193089371,0.797090250955795
1330,0.0876162689316748,0.0249426747100137,0.426620637567853,0.466100510067676
1331,0.0971778280018398,0.041487903414724,0.426850990121941,0.627346238821913
1332,0.097606108086094,0.0204256262739021,0.427893749145778,0.371969475559488
1333,0.0930449087854703,0.0232833624631669,0.387285065571556,0.520211199883965
1334,0.0836618552079711,0.020421941854654,0.430092717673962,0.302072275882081
1335,0.106624775118217,0.0341993148846466,0.427685945642069,0.738047909661726
1336,0.0820712461137147,0.0171217203039824,0.43873542472803,0.393799776428354
1337,0.0815747320466392,0.0358045038363044,0.430693700929542,0.702707181206633
1338,0.093163181960617,0.0402211643365964,0.447440451106631,0.703440422664893
1339,0.102013042226327,0.0829165401339973,0.440641712743189,0.822876093833948
1340,0.093003345932294,0.0237175987002934,0.428616888673604,0.707872941930536
1341,0.0878398951722068,0.034701826113588,0.428274434786605,0.703859504542704
1342,0.0953837749481059,0.0253911283574315,0.437373741873879,0.581061368935813
1343,0.0801115281761578,0.0303449914527015,0.356591968788378,0.415247222687517
1344,0.0983466514173354,0.0237997780096485,0.425329632225478,0.337672048802503
1345,0.0997288515972128,0.0198869113144028,0.430887242668718,0.481137454651984
1346,0.0760575700866672,0.0231126695389051,0.220307769034493,0.154384496913614
1347,0.0846454878262682,0.0240822887712,0.209797995385341,0.274385934338687
1348,0.0977860958333502,0.0179761317662352,0.320202247743591,0.360482450099889
1349,0.0928600477562347,0.0160167387541991,0.389507053957916,0.253948622444022
1350,0.091504643103813,0.0164498705709563,0.298802911384642,0.300575158920334
1351,0.0789845755095379,0.027159000843066,0.217186919577264,0.349303248951014
1352,0.0827694584516124,0.0202654526564751,0.443654862083568,0.30034231207017
1353,0.0792143506567134,0.0493584918671718,0.431112987052331,0.627511202428197
1354,0.0928842654674299,0.0341593662649852,0.421984060068823,0.409008766296096
1355,0.084161032672957,0.0288752697573254,0.101617889892926,0.485406547746728
1356,0.0858495131954635,0.0203114362279854,0.120211091394939,0.350452285665848
1357,0.0857015934367134,0.0350802488779179,0.0107950012577266,0.596914515458877
1358,0.105589851496765,0.0345729567251054,0.102486399852699,0.488573781128964
1359,0.0857233979383887,0.0387858704060208,0.0522314847248323,0.554642689764196
1360,0.0753268209428226,0.0209211928749256,0.081698354383311,0.206976098976787
1361,0.0868253544411599,0.0306740139112834,0.437409850163233,0.520889677037255
1362,0.0800056431949498,0.029601631426749,0.425598321080978,0.557803703753767
1363,0.10461713856917,0.0485749365383051,0.392567883399641,0.632572240492466
1364,0.0845842818417201,0.0219842540099296,0.441415600417258,0.524134574242379
1365,0.107700840012663,0.0380801415063277,0.417062492481531,0.741592430872288
1366,0.0957179997906204,0.0456869884934236,0.436055725351848,0.795163768235391
1367,0.0821947520428791,0.0383893131858066,0.422181425146281,0.613805983736156
1368,0.0847015514383061,0.0147085072977321,0.444934731330703,0.333443325069
1369,0.0928289508262152,0.0572637171600069,0.43358765455755,0.720804676270871
1370,0.0854426493413188,0.0736794736488928,0.426765530260525,0.804403595299973
1371,0.0949482197159265,0.0288458923878547,0.426463521836979,0.533393040456293
1372,0.0818790605810396,0.0158812231684995,0.284957536778484,0.312539719257215
1373,0.0940867205663595,0.0298885243423547,0.272179776625142,0.54245850527136
1374,0.0910832661155148,0.0313244596454987,0.389132620966941,0.510436268843821
1375,0.0897535932946988,0.0296393273125526,0.447309076987254,0.483049885831649
1376,0.0854050948352816,0.0263254802060169,0.453987562638256,0.432553918486998
1377,0.0800232499851144,0.0388992411522636,0.433423336433943,0.593139206394574
1378,0.094794797277061,0.0284302641567622,0.445500021179836,0.704342203306749
1379,0.0948751352988145,0.0467153758728406,0.445964493876389,0.692482271488417
1380,0.0957864877577796,0.0478698496090048,0.447209289115399,0.734977265655039
1381,0.10144045183968,0.0372264473977734,0.434736020646758,0.552264126037763
1382,0.0977695966812077,0.0264658815256757,0.428624033301541,0.65087321008714
1383,0.0874752056567991,0.0209067673887098,0.447357090758548,0.506307404237589
1384,0.0877378508139208,0.0322853026769974,0.435991174118073,0.589287450206245
1385,0.103952526887325,0.0283942249836855,0.422279606278999,0.592877425216649
1386,0.091575582540512,0.0217814861924861,0.432903783089456,0.6172217154113
1387,0.086367758442886,0.02700871420548,0.424072288782318,0.503454201082042
1388,0.0959447943983714,0.0250362483977522,0.240966898016509,0.362347902814009
1389,0.0866648460559048,0.0187557719681067,0.398051890639999,0.173766039266974
1390,0.103938114369903,0.0309947782680158,0.332153413512185,0.555085677364344
1391,0.0986972594687536,0.0284395487852744,0.428228946462265,0.622797034431036
1392,0.0933504846311489,0.0305665458330184,0.439905733238004,0.748692779039481
1393,0.0924768826454559,0.0366666919027807,0.430447690672265,0.663501445936014
1394,0.110024513097948,0.0284172923184314,0.4268561007263,0.601978525456768
1395,0.0844519206863279,0.050682641644053,0.441447781550453,0.703446290358558
1396,0.0950198164189731,0.038417205754386,0.445564390935928,0.636235679789001
1397,0.0842388900631213,0.023416586154522,0.427899236736321,0.568329488776584
1398,0.0825912019549517,0.0199929882288588,0.340827902033538,0.327374264302547
1399,0.091742897321894,0.0210876731358772,0.443414386984731,0.463265863675677
1400,0.0901059133772095,0.0209627977293029,0.438651925930867,0.411207399437484
1401,0.0813467278466579,0.0285688621518619,0.468855102880925,0.529568616294153
1402,0.0900336610885984,0.0256230748371203,0.446632537181083,0.587410902313189
1403,0.0984229498676496,0.0239786582120609,0.397295857918171,0.433507414380644
1404,0.0867379495845499,0.0252617439986439,0.437335620888203,0.492634901150159
1405,0.0751528452346604,0.0444428182468152,0.44305298621194,0.544888707015973
1406,0.0935307467652863,0.0276316361396843,0.435403566684324,0.574117434761827
1407,0.0966870576367738,0.0674178842590217,0.447208146523706,0.706655682640099
1408,0.0953573316289003,0.0471593043479555,0.438640709039285,0.742071476797833
1409,0.0824256643196529,0.0279802566711774,0.435810245901818,0.342557134931209
1410,0.0798785253268251,0.0281678753788378,0.436148583959498,0.535146205421192
1411,0.100070755523865,0.0227858807191519,0.435812890370321,0.377043824709992
1412,0.0891501484800956,0.0270314814514568,0.432650712554285,0.489228099913167
1413,0.0912159955045865,0.0202775928244271,0.439365028723957,0.667367535087157
1414,0.0904339751904286,0.0646774616995219,0.712526877346306,0.833982609591686
1415,0.0966916860871129,0.0957354866131019,0.607113942598415,0.852851372569578
1416,0.0950036990979596,0.054928318208039,0.581806220251596,0.809527672824794
1417,0.0886669760050849,0.0244087404682325,0.668242957100027,0.290055315447734
1418,0.0828790460502101,0.0291053673133521,0.774989109540298,0.679671456204992
1419,0.08376022947594,0.0293969925103858,0.817604333994053,0.539887393601717
1420,0.0778684411721127,0.0309484419373346,0.927448573600363,0.416393458819555
1421,0.0869289263775532,0.0678811079980129,0.736508893028922,0.646847451627622
1422,0.0903715138018589,0.03826150112144,0.886409815451861,0.659442411164915
1423,0.0717695634353419,0.0345620166019837,0.702513703511927,0.667565314827613
1424,0.0881135940296769,0.0228971964108534,0.778574528507989,0.426358297561334
1425,0.0937796819004108,0.0248016016064108,0.982309072161394,0.437079193813404
1426,0.0790908330610629,0.0449063379942729,0.862451763449685,0.779663064248313
1427,0.0898391732804567,0.0557107501675933,0.662207077947049,0.765424589138927
1428,0.0828338001015084,0.0302698971723609,0.596455106606439,0.530343350358341
1429,0.0741099499744719,0.0231780107580288,0.744558034830508,0.374433861011347
1430,0.0851416959712057,0.0371691907723482,0.840379829201619,0.625702486324325
1431,0.0763425413449725,0.0321643909276929,0.922466176368891,0.657330399145509
1432,0.0849159387521583,0.0280975996112774,0.761093192840985,0.64338560299919
1433,0.087072151785881,0.0359916275243416,0.821382998742858,0.435602127434895
1434,0.087691488410794,0.0173872660025935,0.410600826434663,0.45641207400855
1435,0.0875077772444296,0.0180696373347658,0.424692261879628,0.508066531310135
1436,0.0925290137011099,0.0184693168287115,0.430089705897195,0.278684577329326
1437,0.083277691265439,0.0217808872655272,0.445729892824403,0.529717957427905
1438,0.0886654287108428,0.0231974356502176,0.440378888941049,0.514410357114484
1439,0.101404022440658,0.0775701833546914,0.437823485757023,0.817099439444622
1440,0.0959344830455793,0.027512339361633,0.668917410553644,0.522846387931173
1441,0.0607805858567675,0.0218956020946004,0.646232952592963,0.329102919729015
1442,0.0851067268338067,0.0285197987699775,0.737282074562513,0.551739601037811
1443,0.087764672446462,0.0216177241259245,0.771841642515598,0.431712265301429
1444,0.0859411139078713,0.0480536525142479,0.589902627874325,0.67357337689197
1445,0.0849223337395015,0.0437352338962922,0.829516470704999,0.564657534997995
1446,0.105087082422298,0.105996910721232,0.958308549677659,0.860260512106086
1447,0.0715170582522262,0.144991821386942,0.90294997523157,0.930502837805045
1448,0.083910613136596,0.0811887455034045,0.920948364296764,0.797359046521162
1449,0.094035509126056,0.070820943621501,0.837651585302312,0.832748142347189
1450,0.07466735370044,0.0225467109428466,0.593596500338514,0.366862227828745
1451,0.0896665765469745,0.0460715220779843,0.780064287809301,0.573629304340164
1452,0.0689902971404947,0.021585897442926,0.876060386184186,0.567172498177523
1453,0.0942604486601222,0.0289969265609028,0.964913235608349,0.496722744422112
1454,0.0793905040990911,0.0274536551918922,0.844008800216218,0.526383075616896
1455,0.0887046240716899,0.0291913348268373,0.873044221053223,0.689868453215792
1456,0.0794495550981019,0.0223479799310408,0.75858267523988,0.413575292392798
1457,0.0952178044319111,0.0263844571178698,0.819527280349258,0.512549840043494
1458,0.0809378734050724,0.034588925386306,0.965441858212748,0.574078285611732
1459,0.0802607182811998,0.0454847630963681,0.744078218778506,0.778927081194215
1460,0.0897322927437641,0.0268711605657838,0.923898226100237,0.533776634712218
1461,0.0998153775855056,0.0252461649113124,0.940402915253816,0.512010419185559
1462,0.0822888009991799,0.0748599022894937,0.832531336469626,0.760637662077417
1463,0.110531309587065,0.0386962721849662,0.93494970592394,0.734852743260575
1464,0.0963413028154583,0.0265962155142039,0.735378887500272,0.653944239514226
1465,0.0884247784523156,0.0270611144060187,0.61325593306888,0.401594547905938
1466,0.0713358952649643,0.0210589150615853,0.66370846610298,0.329233528710006
1467,0.0876626883314084,0.0249070255122807,0.67861707733842,0.555950659661905
1468,0.0800056039275346,0.037468786602508,0.783245242669676,0.751200847523455
1469,0.0970571073267793,0.0364893932637796,0.605345555960096,0.763641294034355
1470,0.0964900531707558,0.0287631850130396,0.5774684799112,0.391545557310167
1471,0.0875029883395399,0.029382501166742,0.422978847646757,0.427701703256248
1472,0.0935136343428004,0.0218078962854136,0.442116787417586,0.538097071723633
1473,0.10636240928268,0.0214736347476635,0.381447310487416,0.536991067062254
1474,0.0885760013302853,0.0412747270146172,0.394724293811175,0.620410458883459
1475,0.0950973169519701,0.0494405046512129,0.689233632449091,0.638235303057087
1476,0.0795673332635064,0.0463119117330063,0.635277406578463,0.680129991835771
1477,0.0683265642105372,0.0357228417508156,0.781569512404936,0.522579717969916
1478,0.0834540626238978,0.0365934478589265,0.637313617971883,0.646801191587665
1479,0.0966417000462546,0.0411167704802181,0.734072031880826,0.637101361183747
1480,0.0881814363853085,0.027428875739052,0.680854071611546,0.561461333071555
1481,0.0857271538529489,0.0421839761688616,0.707469622936911,0.736278907293178
1482,0.0766495813450459,0.0573048518653465,0.888355751771239,0.726879613048168
1483,0.0815004223433541,0.0230049156486992,0.98085854695593,0.464323472699076
1484,0.0650107725881971,0.0296433002416177,0.815967014609215,0.518327789753464
1485,0.0902277141397942,0.0368619140238367,0.744150050146129,0.226325071210222
1486,0.0900303386198119,0.0228510859120353,0.580036937286277,0.493070735281439
1487,0.0774878726727355,0.024556516719528,0.882988182613909,0.305691557579246
1488,0.0890423006370406,0.0190133593115293,0.742414295943572,0.494012951330448
1489,0.0877635167823242,0.0330508071331504,0.741965040885911,0.578568548122406
1490,0.0710499051987017,0.0385661024017138,0.671061306592139,0.662237235537257
1491,0.0852858985059398,0.0421584594486461,0.713457916854711,0.736384187512603
1492,0.0667055009724955,0.126864411597751,0.585958102910535,0.865593085761142
1493,0.0798493848662188,0.0652674387170074,0.65040038955919,0.799363823368421
1494,0.0868008255473106,0.0617499467718684,0.573419862235647,0.836876595626542
1495,0.0824569269078911,0.0339337814368083,0.460743318708076,0.600025418070423
1496,0.0913208413538897,0.0360180344682986,0.430204101161089,0.602562117355822
1497,0.0979997126996407,0.0482551830486603,0.439098933306578,0.589738405453595
1498,0.0964692300328481,0.0377712666339406,0.33773719810505,0.380463918578888
1499,0.0780297488278342,0.0185946657264351,0.4325838792021,0.322290911365171
1500,0.0790509666172677,0.0539990679129865,0.42401680144182,0.714572210027073
1501,0.0915155192343045,0.0434490705192014,0.434625133167407,0.727424792896489
1502,0.0952371583588343,0.0476819256240144,0.370487002607089,0.682840192441266
1503,0.0852331358275798,0.0343832795504172,0.649093569486686,0.484037189020814
1504,0.098018519870063,0.0293586668484354,0.613012760172797,0.613175863523582
1505,0.0816816006377313,0.0877173032275821,0.667159023269773,0.811949505773701
1506,0.0862104207022795,0.131956672374596,0.580383631511115,0.854112229112636
1507,0.100808979045151,0.0511577383012906,0.613489549989413,0.708563931873862
1508,0.0819963951178753,0.0353790256387391,0.585167388238306,0.522958580779077
1509,0.0797011984365921,0.0426181309323597,0.556531629519141,0.65271376726264
1510,0.0778130932269029,0.0247506851237579,0.815274661015643,0.362867585848677
1511,0.0777787641257897,0.0227519479929606,0.929130705363153,0.417403874180551
1512,0.0872709723344224,0.0263802272347953,0.758301266017534,0.668346646213772
1513,0.0806579754997056,0.0166752491914537,0.493764685463165,0.296491217260013
1514,0.0869704187727081,0.0252711034619913,0.44068956076328,0.536250539476331
1515,0.0891970342143833,0.0304048630292052,0.452477397929968,0.424462741776005
1516,0.0979945834427165,0.0322501027650391,0.392933500487821,0.566077037915492
1517,0.0988494175587602,0.0320830726462041,0.436233975275175,0.620875121961375
1518,0.0986626615455149,0.0258064219205934,0.43133912493912,0.624580265208772
1519,0.0844343079527091,0.0423114751199514,0.537302186741719,0.615739159783667
1520,0.0703283925759767,0.0291383851738313,0.640109353912866,0.591515936510832
1521,0.0783761230857746,0.0474545050113068,0.623498579743575,0.723476793609079
1522,0.104453141705216,0.0602596867163704,0.739999752401311,0.755764839341054
1523,0.0857330965086392,0.0335110318354135,0.54148337465046,0.646154204380257
1524,0.0810815088503269,0.0145720659911394,0.443363122960018,0.360332341747689
1525,0.0775455523667544,0.0260163809610546,0.649879600433711,0.455701261925608
1526,0.086180092068753,0.0362239244209285,0.691153130418157,0.608612232365359
1527,0.0748625185841303,0.0284880812872372,0.943157583154939,0.495408147873291
1528,0.0909018311536601,0.0283790241533645,0.917295936490249,0.547927994973063
1529,0.0798878837344529,0.0236493117673912,0.784810506413507,0.589650713845732
1530,0.0854910950850239,0.0393448722257277,0.749262567767914,0.739023411221271
1531,0.0874991282499757,0.105216771012598,0.610743982486954,0.857884140769042
1532,0.080650060204024,0.132811015684077,0.607366277679616,0.865984202959623
1533,0.0854809362980047,0.0205821572956649,0.852799681204308,0.521544298492281
1534,0.0817958854190643,0.0219685904229555,0.693820020406399,0.460960989579237
1535,0.0736215589373736,0.020129981699365,0.666019246279169,0.305216131695622
1536,0.0896775048010479,0.0385517249178182,0.491855225309044,0.623514340879732
1537,0.0818139816088221,0.0212939172571062,0.426066539660469,0.454437316802149
1538,0.0979756186607709,0.0300029654799671,0.439230973307421,0.531042039357407
1539,0.0844972683004212,0.0514374718349078,0.424954322650441,0.733267280322118
1540,0.0930913212937924,0.0350051674887855,0.433670191347528,0.765923350212807
1541,0.099416540224581,0.0178708405666309,0.431344019521581,0.453567144757459
1542,0.09365890649944,0.0282122070206378,0.430958368545506,0.343874284856125
1543,0.0941917125186542,0.0135476788573962,0.331767302969834,0.387934412885551
1544,0.0797651672290736,0.0168736101516358,0.423418826356782,0.447618507919417
1545,0.1037748395323,0.0565621523101601,0.432123171944835,0.793918565700822
1546,0.0865178848432426,0.0382928352007954,0.397815142593573,0.557653549905977
1547,0.0837221089698155,0.0374974427144296,0.461573387708491,0.560103350137391
1548,0.102974611593497,0.0385295143635783,0.437749400185632,0.690046280625075
1549,0.0974709849418645,0.0602057377979372,0.442355778770559,0.738105192736974
1550,0.100408512685963,0.0453537975207105,0.410668143484354,0.71756900590679
1551,0.0914568390367241,0.0360600980584439,0.444076959126218,0.550485161732512
1552,0.0943867922617764,0.0349644072348755,0.42958877363384,0.582345335721419
1553,0.102743189216255,0.031858193368612,0.42458581527948,0.586515744479468
1554,0.0977698705092731,0.0270319042464158,0.426755042610884,0.61142664713373
1555,0.0899769511275175,0.0281255442942225,0.42783629802278,0.615073182540451
1556,0.0839804701504805,0.0276012896766441,0.307188698979284,0.64637193499256
1557,0.0946673827588532,0.0530728409555018,0.444049521190159,0.676076721537037
1558,0.100851730177024,0.0163195388670467,0.427855145000363,0.469201879519133
1559,0.0694830985919246,0.0176522836388089,0.436331598185759,0.418411751972067
1560,0.0875801477217565,0.0198265287952536,0.43536153830636,0.57707433894527
1561,0.0949248773540124,0.0298409798751287,0.436812569973358,0.542167353286268
1562,0.07990014688611,0.0834108708327389,0.440950587030998,0.866532267289671
1563,0.0901395327944783,0.140443451810114,0.439176890765373,0.88853892648344
1564,0.0917720527310148,0.0372677818084522,0.423525284957926,0.684771217309114
1565,0.0875016838166882,0.0330607489370648,0.446852061898157,0.666281459443652
1566,0.0998009795025141,0.0288961614413049,0.428492515359709,0.592174995453281
1567,0.102644863953942,0.0230542242449202,0.428188583666502,0.51560984394584
1568,0.0847155229168865,0.0222346294440807,0.428229137471032,0.462137815220817
1569,0.103568419341583,0.0279073676719275,0.435418523064187,0.535424715114768
1570,0.0840864993182152,0.026917030571938,0.444769105073351,0.314110633681837
1571,0.0822187367314196,0.036181513131815,0.58598673698388,0.671453821886044
1572,0.100007516242946,0.0192729543462938,0.764305479084246,0.520414981728857
1573,0.086924168284308,0.102665006572181,0.843429533210469,0.836182114644779
1574,0.0865329601798904,0.0713470740624019,0.787482494118317,0.807298133316518
1575,0.0921658749181272,0.052277656633288,0.70736222839688,0.608500164101686
1576,0.084597848662269,0.0354680286762488,0.661030237067661,0.494280069008794
1577,0.0864464677565067,0.0345177632010954,0.579279899554602,0.538658234098886
1578,0.0891495463177116,0.0695860214329418,0.555826501864123,0.683183624313606
1579,0.0855455889203427,0.034349364496324,0.424467538908236,0.602660747721324
1580,0.0800649609731397,0.0541446968662194,0.310299231936225,0.552460074664492
1581,0.0683490092770928,0.019124746168637,0.312888164267973,0.265267239483492
1582,0.0776019728549119,0.0276410575167363,0.644411737880608,0.512651564844078
1583,0.0913251558749594,0.0324519519830217,0.738959936727793,0.699502632151374
1584,0.0839666737847697,0.0360699901297523,0.69164186952616,0.644091404247407
1585,0.0932220952769094,0.0344091673481739,0.596002329990737,0.388579128454619
1586,0.0899916971166229,0.0276767215560399,0.837603281091219,0.54417748014481
1587,0.0910109371561362,0.0222813037549801,0.71642094904671,0.400107127664735
1588,0.0873930070433171,0.0322863611464613,0.71620216183662,0.667658493423603
1589,0.102708361403664,0.0318118804109136,0.584150166891092,0.606359953756801
1590,0.0803378792532966,0.0315448497643603,0.659549534731943,0.570809199764206
1591,0.0765673468093284,0.0373149257498127,0.651146248407265,0.722082295326006
1592,0.0813731046980065,0.0329238715543017,0.570098496887624,0.589091646254561
1593,0.0910047628691303,0.0351185639078779,0.606201568646337,0.563197951553846
1594,0.0894136310118681,0.0410949258035446,0.768581034616356,0.748830837323748
1595,0.081527695848519,0.0201854373780115,0.702823317938397,0.502871098372106
1596,0.0863961494319219,0.0280203872957533,0.88569334587074,0.540255532316813
1597,0.0785037056381711,0.0165616305465956,0.700090790644417,0.396064769945172
1598,0.0816580228860226,0.0259064798673332,0.910108553987218,0.499543794694119
1599,0.0830871284865244,0.0431366990920912,0.842556056058428,0.670396765973282
1600,0.0706603415263856,0.14585919555517,0.814170238407174,0.892876638077503
1601,0.0701329757994109,0.0995429022034834,0.835324976769014,0.866247229585349
1602,0.0649983174577081,0.097618454959092,0.873131181681149,0.91423084013336
1603,0.0889296543588822,0.0546240229109167,0.873191377017191,0.810268657357722
1604,0.0862061653346281,0.0488357984204305,0.796177543385286,0.715884136100904
1605,0.0748720151121687,0.0333181361781936,0.589758389995577,0.655959195189441
1606,0.0755433571468168,0.0435132112322241,0.787641643246856,0.688239478319785
1607,0.084163182618113,0.0445294754789084,0.635792633035076,0.72943374794097
1608,0.095330054228579,0.0423380705026881,0.471070381349154,0.737037932420958
1609,0.0865984903207579,0.0319069646288654,0.408726465512636,0.413770942471071
1610,0.0874324817964023,0.0178257035910398,0.441451806992423,0.48426424561636
1611,0.0928269317392152,0.0313737582955693,0.426915414812419,0.595754194118243
1612,0.0893565943646323,0.0295071943999841,0.429913839639245,0.666332295861232
1613,0.0894194513321022,0.0248234108242651,0.447477703833654,0.388483636076148
1614,0.0803983774400975,0.0220862577791745,0.420048114719941,0.373812792413508
1615,0.0978070362039975,0.0271651710106577,0.574269146964286,0.394856468076611
1616,0.0813951569554795,0.0269334995138633,0.577204894524069,0.280896554816612
1617,0.0835842302948163,0.0347491186845276,0.613192283638863,0.396110412730447
1618,0.0919902222030519,0.0252428572924678,0.634065532097775,0.654176736554947
1619,0.082883540880311,0.0198953798234082,0.652008098311474,0.461834291074304
1620,0.088628782345895,0.0400200609082625,0.565873206414215,0.619239400369836
1621,0.0807645787305608,0.0398522345746374,0.675347916980857,0.658087669358447
1622,0.0972671068507966,0.0209531625858811,0.394682485920257,0.326582923549591
1623,0.0948323428129246,0.0233338407511797,0.436599760188071,0.32840516293164
1624,0.0964358382181142,0.0347516913138805,0.437849190916396,0.525998527600102
1625,0.0912751443260402,0.0367985858110181,0.439059450900285,0.720467723002224
1626,0.0999562171813363,0.0918014478929928,0.445478518892299,0.801209400726245
1627,0.101624264914285,0.0156851167099491,0.435247485132778,0.458300534924279
1628,0.0933691832591003,0.04010746009589,0.440711800082924,0.703096802668294
1629,0.109405140777145,0.0567863779232896,0.446844789092073,0.75074790017679
1630,0.102724680162728,0.0309230317007666,0.349526832574851,0.578332096723964
1631,0.0937477923593805,0.0260366958413745,0.342863599249985,0.439497340299889
1632,0.0945507567883561,0.0280438772078149,0.412246048319791,0.432426990035678
1633,0.0810954963239447,0.0339157384606644,0.432630754499482,0.653164030149666
1634,0.0891461436586253,0.0269331876481542,0.441964084157836,0.575634109135187
1635,0.0822940723575368,0.0238701601752605,0.42404107963406,0.337749795396867
1636,0.0854140930337754,0.0358418349464617,0.431476292636863,0.58245280870182
1637,0.100721959716935,0.0541801171776294,0.429483791695008,0.732421396076075
1638,0.097586246263941,0.0414683196514496,0.442461960720987,0.652999291607287
1639,0.0876273059823895,0.0333352931971436,0.447035665361289,0.599418733364288
1640,0.0726197837968301,0.0277302695321097,0.42476420002501,0.39502576918748
1641,0.103293793953295,0.0286730110639066,0.423374688589892,0.445426679306264
1642,0.0914544170923822,0.0187132568260437,0.441769773043142,0.343660850433228
1643,0.0888367304346236,0.0301383052053943,0.429086693769807,0.703418943895754
1644,0.0939188147923267,0.0538509739768176,0.437689694968498,0.795813607038657
1645,0.0943061780113212,0.0282909481340127,0.401717360497948,0.427214495583088
1646,0.110392247803044,0.0715287574189766,0.435612185986,0.827473135660436
1647,0.0781097302844429,0.036433412902558,0.568145106357081,0.62335917628117
1648,0.0835555045406553,0.0387429315843611,0.697082207864141,0.704260608471262
1649,0.0687603679406693,0.0575814324488099,0.782605603820827,0.69912409938763
1650,0.0974455591291444,0.0482285795250564,0.764441402332051,0.758173093586538
1651,0.0873394356009348,0.01745938542453,0.893301058147679,0.468318464018889
1652,0.0718157229225682,0.0237660739979438,0.842205123929065,0.553268349131502
1653,0.0928495490629135,0.09534964044157,0.838658233014146,0.839804306140362
1654,0.093093458642381,0.0480182932942992,0.808500385055244,0.773657380130122
1655,0.0832507740318352,0.0273817963103629,0.636289011811725,0.515603668723412
1656,0.0740996838912463,0.0370898162365895,0.696134874432053,0.57206356059122
1657,0.0972264797040149,0.0240851524971584,0.655141898897617,0.473920431427754
1658,0.0885366130542451,0.0231595127889325,0.675019510022965,0.474650989522368
1659,0.090673239500537,0.0239989411945978,0.888353047406446,0.360569105445716
1660,0.0901524079744163,0.0226257632507904,0.922357934282458,0.348691439137114
1661,0.0940144620755724,0.016905701791485,0.869087285307705,0.475850148161013
1662,0.0997210757992849,0.0456782432100646,0.823235881501558,0.699206370570713
1663,0.0865626052952132,0.021200729785069,0.854356514163895,0.301355437450907
1664,0.0732687121331237,0.0450763760730095,0.899039694767847,0.646502631776685
1665,0.105045402495791,0.0583219694938261,0.850948863582145,0.872593725608804
1666,0.087932669299111,0.074499209027005,0.88832021168604,0.866280692418255
1667,0.0773515869073721,0.0427550949465131,0.875146712731945,0.652173227660452
1668,0.074804559248622,0.0318158993142937,0.95218431047711,0.652563861997265
1669,0.0675644224323813,0.024849730604277,0.805121562761413,0.40984121808894
1670,0.0805576985057366,0.0267277926974833,0.704766457532649,0.681917915445964
1671,0.080037173326056,0.0250213905552366,0.632031203032231,0.464292487061243
1672,0.0900687306060442,0.0257854955837251,0.554262091129342,0.374789444898826
1673,0.077227175675654,0.0206951963804268,0.771146490050261,0.295709955410198
1674,0.0763919683926845,0.0672166393861849,0.956345848077595,0.807837769865155
1675,0.0859953480716214,0.085573585353978,0.666309486057393,0.861728292106462
1676,0.0763029437256876,0.0440005531095124,0.659718097670125,0.755579053774732
1677,0.0951813223106128,0.0289773993253775,0.608778462904558,0.428549402916218
1678,0.0979470484819253,0.0206732698272647,0.28136235746798,0.303699075976007
1679,0.0953886142829549,0.0164692082095783,0.440883213633213,0.458366150642449
1680,0.0999833436685508,0.0312973418249266,0.432071558887021,0.606365672229783
1681,0.0903883594234681,0.0340840414005769,0.434231623312378,0.621444497596013
1682,0.0879258007066139,0.0232893560685328,0.428842507048104,0.49188177951927
1683,0.0926164959523098,0.0334566932022735,0.446029638253395,0.628334140724553
1684,0.0991501797880679,0.0178300514321897,0.426226223067367,0.482485023840609
1685,0.100820257455746,0.0541963416012694,0.445146175196068,0.710158390287023
1686,0.0851590233924079,0.0468107961713739,0.298446290119554,0.486925272256711
1687,0.106084256062774,0.0160394878742077,0.453377719813575,0.181887440792036
1688,0.079554096864028,0.0194998003364294,0.435922469624361,0.39456091280922
1689,0.101504883391794,0.02700308679543,0.426585429534193,0.497303847662118
1690,0.0953590408626908,0.0169856570401217,0.3817293856607,0.515347256464576
1691,0.08117147517849,0.0432301649242036,0.434858031763476,0.646485575951158
1692,0.0979457774821432,0.0336797634650577,0.427152550296166,0.653744186751832
1693,0.0942804859764916,0.0424418170691454,0.438620831974023,0.716515636665754
1694,0.103311693551678,0.0353095134749914,0.428634642794199,0.564872536737532
1695,0.0905036163685201,0.0299395687921551,0.431944992967758,0.491975326053577
1696,0.0985061805663575,0.0762773813080637,0.432786827034974,0.815128378814869
1697,0.0962808346870149,0.0583548534930716,0.446001783530049,0.831502060770156
1698,0.0855522485693488,0.0306920061230938,0.440757790178606,0.689896005573791
1699,0.0874176606274305,0.0157174421772903,0.447281127697207,0.322738759169888
1700,0.105120161574254,0.0303693466691146,0.35889504529774,0.381538789845868
1701,0.0996645690214777,0.0284454226294036,0.431151791463594,0.419207095818446
1702,0.0931003518492816,0.0622198734766013,0.430237498835684,0.813710498299257
1703,0.102029677772071,0.0725148743832501,0.443823392368583,0.818665497015674
1704,0.0799759379065281,0.0506288546614183,0.44538425944478,0.582631054632427
1705,0.0928055003096815,0.0375901971476005,0.420553671807231,0.646053653942373
1706,0.079452329508026,0.0205390228573068,0.313871029143542,0.550096332353267
1707,0.0828794863345782,0.0270577959927003,0.308483891412366,0.430754456044154
1708,0.0862387858444836,0.0298321599157177,0.40163961001475,0.628971341026621
1709,0.0993449174993981,0.0234190135471817,0.430214107728112,0.505706019722978
1710,0.091057135044436,0.0275773540126991,0.297906637066056,0.368793564307088
1711,0.0715993508047607,0.0240368024783198,0.435067804042541,0.372652655153595
1712,0.0925919331955866,0.0318883692055138,0.440434440960312,0.360726292970659
1713,0.0894775647906738,0.0624471913042185,0.607041024357952,0.706900707385908
1714,0.0958769793342698,0.0351609588407612,0.43045473751684,0.642738986060678
1715,0.0948448348278685,0.0512190379563398,0.460315803136853,0.655061083122555
1716,0.0903375982438347,0.0232246540489763,0.562231842456986,0.583953402298816
1717,0.0866072041678795,0.0250843940126998,0.758555200376451,0.586323471273826
1718,0.0862208863542413,0.0400228282560926,0.891565954850187,0.604751643390531
1719,0.0943197657772948,0.0297402369828137,0.830193976606812,0.538179945502284
1720,0.0750469571257628,0.0440126175578627,0.637874614523248,0.747844399768536
1721,0.0905816177417172,0.023201001866758,0.699137617855387,0.343802862158914
1722,0.0884973425038857,0.0557444161887224,0.827293604003295,0.647055296295782
1723,0.0949951449807839,0.0499440148689224,0.914368434645038,0.740369721910809
1724,0.0807871047327869,0.0334057270934353,0.815687836215671,0.576998029303425
1725,0.082578240072351,0.0234526677258081,0.955473931742594,0.583669602444237
1726,0.0690878146472431,0.0355066691747504,0.928842982011882,0.685674161004202
1727,0.106120816855387,0.0408490170113063,0.843831564111885,0.714502085912821
1728,0.0883674430111966,0.0464555687197843,0.809564095119127,0.540982336419666
1729,0.0866134874953971,0.0216075451575852,0.870701444457224,0.356753097220516
1730,0.0809628522313018,0.0203173033191206,0.943074191145698,0.503856475614337
1731,0.0781504999408193,0.080257130530872,0.917395879433425,0.771219466933923
1732,0.0986698980080671,0.0622572188986848,0.827046165755862,0.838826591582377
1733,0.093883021098955,0.0872512198783523,0.618551992798188,0.885774330129143
1734,0.0969382519557491,0.214547254265278,0.698273138182625,0.941850665175328
1735,0.0801728229093956,0.371624303018279,0.649650118817788,0.956844587826315
1736,0.0753793731090563,0.197534514527677,0.750897103604415,0.931694274559743
1737,0.086682471270769,0.168224567715061,0.945524256990419,0.925475933815259
1738,0.105359365703198,0.179767171402758,0.952532802938643,0.909683035764895
1739,0.0816374744189304,0.26922090108351,0.958462117400293,0.955397656135303
1740,0.079593415410263,0.270762121360464,0.951928498393262,0.967292770568358
1741,0.0815758155231382,0.414310318136768,0.87292682176429,0.952638789353939
1742,0.0780202856283728,0.125587760354763,0.851446326796353,0.887121180652285
1743,0.0862197077443698,0.12565807423476,0.889323831715099,0.905359704158586
1744,0.0878932343633938,0.100515022882036,0.723021758768669,0.891634503417131
1745,0.0933159368571489,0.0995526676579269,0.581318308882746,0.839395847853719
1746,0.0891522814526558,0.0500488808604431,0.437575848266119,0.786079964149207
1747,0.0828138597546188,0.0243510465212669,0.444197055438468,0.549095545521503
1748,0.0803719668072329,0.0223777721451343,0.445829560080933,0.531752274366393
1749,0.0910179070036547,0.0241021273800428,0.367827201240584,0.320629148493564
1750,0.0797270517465298,0.0394435182674484,0.277105168087202,0.421019392921885
1751,0.0812545262396155,0.0196006022244366,0.447052149690667,0.339094799715107
1752,0.0904457558975806,0.0266720555326736,0.445789940560238,0.412329426207314
1753,0.10134492060891,0.0337697631267592,0.441071756726096,0.716293215656795
1754,0.0824303034093317,0.0216579921616056,0.437784080777114,0.542898180684532
1755,0.0892034414904235,0.0220411319905757,0.440067334921358,0.46372367812777
1756,0.0911822952125227,0.0429080548952698,0.347222922973628,0.667983924859104
1757,0.0993582048767069,0.0246155783545896,0.423744597070797,0.562301614365348
1758,0.0802215624651865,0.023145906272057,0.427178318853173,0.41852713967579
1759,0.0653384217807181,0.0200850328403827,0.376548494425057,0.433594316313328
1760,0.0888777382863823,0.0287794537376958,0.332506443555544,0.526360363358632
1761,0.0787223212173948,0.0257379387720541,0.284326326041385,0.415053226179412
1762,0.0873581217280288,0.0183675391297339,0.380403716430918,0.416188385975576
1763,0.0920348966329815,0.030677893849388,0.594798559792081,0.470249556943099
1764,0.0953973266060827,0.0589051000404938,0.881026903350662,0.808221894737502
1765,0.085066840232843,0.0341816362865605,0.859775751664837,0.597604080938501
1766,0.0836852163372534,0.0657337801697293,0.813142425151738,0.633253562300503
1767,0.0732668762348694,0.0260151896687935,0.882673530572785,0.576361873405943
1768,0.0803607278442105,0.0617876087927448,0.534459824975286,0.757164971299568
1769,0.0921971751763099,0.0433344774726506,0.442466323087714,0.775939951248372
1770,0.0885624731256907,0.0185852535214256,0.434731441575188,0.37436932836413
1771,0.0941838521142737,0.0151172139420401,0.437779939767352,0.406953195431018
1772,0.103559116724883,0.039892449538321,0.422775048406732,0.75141759178552
1773,0.099164501208102,0.0715443704950142,0.426089884654932,0.864005730317634
1774,0.103745597846576,0.0743209561295403,0.435412095411182,0.76712800348658
1775,0.100453744342802,0.0494459853072862,0.428964760611153,0.778661313377178
1776,0.0918872198321646,0.0870485088654902,0.434765621832654,0.848922327239578
1777,0.111568139207085,0.0786834192267121,0.433938725878056,0.87724467565362
1778,0.0891706513271676,0.0371845700486944,0.429734664221999,0.573352918615488
1779,0.101750712441783,0.0401511627443689,0.429586877944708,0.714292075602019
1780,0.101513022308749,0.0512494345453702,0.435554171370967,0.755662511229875
1781,0.0958969943810317,0.0689628155487742,0.391449099874523,0.70930032345559
1782,0.0885471490765768,0.0240496215567232,0.422189653956009,0.629156013969153
1783,0.0929815049181375,0.0304477765830082,0.435017705210019,0.563636194956552
1784,0.0784949216174127,0.0409102288767823,0.366216400080607,0.654614970988585
1785,0.0800703765477274,0.023801911654644,0.438878970842401,0.582568507621527
1786,0.0939349531949843,0.0332563210282385,0.444885425447323,0.526256779500978
1787,0.0872570808593289,0.0312210055863962,0.430955692672301,0.597059619430322
1788,0.0903258894261286,0.0425885718047604,0.445598559166513,0.781557577774826
1789,0.100549031156195,0.117914877137237,0.447085559938599,0.905707798239441
1790,0.0936986541779136,0.0492166865178722,0.435816009700233,0.781031443870571
1791,0.0980020255918931,0.0223610780325857,0.444491047483518,0.575768851431365
1792,0.0893347451119953,0.0348393486235356,0.433616812928588,0.375131703444054
1793,0.089213755627454,0.0158690813863427,0.434557887441557,0.326047328615137
1794,0.0898644099947893,0.0457483022673442,0.422290700359017,0.727490164689976
1795,0.0881574443653427,0.0291552064961184,0.440722825396692,0.583368074553349
1796,0.0887718415823163,0.0589854397415501,0.442913703041281,0.85265476680134
1797,0.104600961588475,0.217296208372664,0.417092630031423,0.867442602575195
1798,0.10202833198529,0.0413636919634048,0.425485281186184,0.761324949799318
1799,0.0980302515775005,0.0350814847373808,0.25407979013369,0.600241258705702
1800,0.0895853387168913,0.0393426199448873,0.441045044385035,0.58282490058373
1801,0.098319592884921,0.0320740239374448,0.441411499820138,0.61100099766724
1802,0.0925453162903606,0.0227297213211557,0.445273957052059,0.568588451226209
1803,0.0972638754337136,0.0352127827433197,0.44237361607422,0.761975816648922
1804,0.092639937997805,0.0184422332897516,0.442763680591608,0.557247463857546
1805,0.0993815616520377,0.0329540928964275,0.438012739843365,0.688468245460061
1806,0.0964422436823302,0.0294698696954743,0.443867883351649,0.547207989092624
1807,0.10700583041524,0.0247707757569392,0.436830663391189,0.542307474239917
1808,0.0983405367795802,0.0588721238338962,0.436623092545569,0.639013854840818
1809,0.096887952005271,0.0259113430660863,0.428950453694076,0.592671866036833
1810,0.0831367014577621,0.0575984603874863,0.446990522241952,0.797813083123891
1811,0.0883523794300523,0.044244137328051,0.424050603000227,0.754496731828729
1812,0.100997136179164,0.0209669330327348,0.424228369877799,0.549903257381449
1813,0.106314768024008,0.0217120514776567,0.423019520160551,0.336350965477605
1814,0.0881839495405725,0.0395005024141943,0.425685060853839,0.737285272270817
1815,0.112963821861903,0.0425195562320009,0.443619220161411,0.720037047951118
1816,0.105888519355863,0.0160814086580852,0.443847643076166,0.39255862201668
1817,0.0999277973102295,0.0389048703733291,0.44314837361101,0.66811093864299
1818,0.101652941058637,0.0320378472262937,0.43744199313143,0.674091033577962
1819,0.0934723480792886,0.0215938632167587,0.441116844454333,0.607908172864186
1820,0.0676832142850183,0.032933621234246,0.435279951319988,0.59069664181285
1821,0.0810702444205262,0.0428155772146096,0.466329400875024,0.587881760562596
1822,0.0965241621644983,0.0374338989980828,0.487439600243696,0.481786806366079
1823,0.101637568100998,0.031739515062334,0.259583062970099,0.440732371707866
1824,0.084887790029245,0.0308081986263692,0.450603769061876,0.417921732886763
1825,0.102605375245503,0.0213049168836792,0.432688467671668,0.740542541827736
1826,0.0887978489160802,0.0220944557199797,0.427484711493702,0.631507369435205
1827,0.115042006341814,0.0372073613586367,0.429689267814837,0.620227186950565
1828,0.0899958469228726,0.0761556695315789,0.433333261042342,0.880805216917242
1829,0.114026045156044,0.0422634876022463,0.434857991143466,0.6738479191826
1830,0.0701769703840655,0.0237368060850488,0.436771023350761,0.373375037537679
1831,0.108012123788791,0.020597093622147,0.441456303670654,0.524476071027053
1832,0.0859441003820632,0.0322801527689981,0.439380865948309,0.427016514432865
1833,0.0902808176049263,0.0313538002137935,0.354846003295505,0.460425006758202
1834,0.104324411918672,0.0600572186784744,0.439624554974288,0.757519778427676
1835,0.0830438560971184,0.0180194570823834,0.447105840768213,0.525336456879556
1836,0.0923079929992351,0.0234857170429007,0.447159907395591,0.55262430269768
1837,0.0904174876170429,0.0374731273926121,0.442475866821804,0.728651831974929
1838,0.101060970071737,0.0276681814674301,0.430715595461385,0.604207439630845
1839,0.0859795910195537,0.0286455972359916,0.438988629859488,0.547235470744902
1840,0.0926288765338791,0.0262640425863307,0.434213448368801,0.345362714412931
1841,0.0879415082842534,0.0207628000387738,0.436017491660893,0.540593523518335
1842,0.0817130482213523,0.0162300044199457,0.435327070225908,0.554066529501403
1843,0.0976561417445348,0.0244331255112236,0.406434207107681,0.554358972797047
1844,0.090722398706196,0.0222102075955804,0.31138143893381,0.378017731926107
1845,0.0963166796369618,0.0216189090842349,0.439815770732853,0.581252961195278
1846,0.0843335733271713,0.047586911147107,0.427211805444561,0.763221602970968
1847,0.090894669349272,0.059253684914026,0.434068365067563,0.807403459993997
1848,0.0959967822312962,0.0343977864670557,0.432527975980504,0.762837595900962
1849,0.0886882960701597,0.0393000051446032,0.398928041965274,0.61574816791242
1850,0.0791673762579149,0.0168871741350499,0.392602708684118,0.166507120874612
1851,0.0788604681530163,0.0305798063687404,0.327043601961045,0.556067057945394
1852,0.109192845262995,0.0204489905642951,0.43594240866463,0.530773165686579
1853,0.0806678993842829,0.0275752627589356,0.529731848368932,0.271773412242686
1854,0.0873689935357267,0.0191155327410599,0.446382129114261,0.347889077270902
1855,0.0972682309436183,0.0220501898004388,0.446788505340973,0.589284887530606
1856,0.096579265218365,0.062985543465242,0.324066841210353,0.703780793398583
1857,0.0820126698670349,0.113622456808337,0.398741022610018,0.882708658016304
1858,0.104336959106529,0.0451597889213906,0.372277628531807,0.728958737844586
1859,0.0949458168815769,0.0256919899948221,0.428830044532969,0.675919434735455
1860,0.0859027762476702,0.0379330613055885,0.449385610751142,0.658473272531754
1861,0.0701078425050806,0.0283185983597305,0.42708896109969,0.516607932333517
1862,0.0824264757279075,0.0292465014663332,0.383443445842037,0.57997787527994
1863,0.0754161127139004,0.0163817217824108,0.381627127734076,0.357151739779708
1864,0.0900155345693353,0.0230398623012369,0.44544810733628,0.400667159167971
1865,0.0945776909359955,0.0231721781246657,0.427542788175864,0.509993063967723
1866,0.102049957622559,0.0193410645541041,0.437921284102897,0.420149485196524
1867,0.0945980968186839,0.0218793056788843,0.432168404006654,0.466002557636556
1868,0.0927310824845592,0.0221864416336083,0.434260399789219,0.477399824168058
1869,0.088147100614136,0.0295159171654126,0.357785059320068,0.34722563473726
1870,0.0882133845302294,0.0245267593560693,0.351892198316387,0.366281134952844
1871,0.0978581121760789,0.0254008663310756,0.626437411488674,0.576344561652858
1872,0.0931046364124571,0.0232170133632889,0.627126321476541,0.537306187832976
1873,0.0871523775885796,0.107599479237277,0.726092140495354,0.877998188336669
1874,0.0664280038545645,0.0700991408986976,0.448684741389339,0.775994140936044
1875,0.0848633878387083,0.0263487642449866,0.437129458796358,0.624592009026267
1876,0.0957835512970301,0.0287660502774394,0.327164702116831,0.480378318619435
1877,0.0990148728396098,0.0221367395199714,0.305877569540607,0.4017884890786
1878,0.0935752128076872,0.030036457971731,0.434688973084256,0.656814174823748
1879,0.100414841942732,0.0419837794700959,0.427042019398382,0.78060285065122
1880,0.0771808746087039,0.0384327575490694,0.426912391473315,0.621892543665171
1881,0.0889134979497159,0.0427128530514185,0.440350137206665,0.665212220183644
1882,0.0922567682739813,0.0220714226185965,0.445781975472048,0.608097509764364
1883,0.0904181149448884,0.0324844691995481,0.428006235228713,0.726280437727848
1884,0.0940867397723203,0.0360640105880039,0.4345922547473,0.61826661777263
1885,0.101270484305412,0.0587855175326556,0.429178174558921,0.830558567153921
1886,0.104237297274635,0.134532907901065,0.447022793105244,0.915854019240878
1887,0.0840506626029305,0.0817475859218753,0.422785101075553,0.858009666832233
1888,0.0806925418888738,0.0869491294739547,0.459178378293212,0.833523659060966
1889,0.0921475757551751,0.0370361531374423,0.430831157014239,0.620614547825157
1890,0.0898126480076645,0.0605964168878416,0.442634623454599,0.744815579419087
1891,0.10466129977717,0.0676187645627696,0.450244818248991,0.824863505318562
1892,0.105036113516919,0.0951124546773169,0.432064531481408,0.849991415172968
1893,0.0922843442260854,0.0177488998118913,0.422291905709315,0.395781059234217
1894,0.0807121600040488,0.0499528474549107,0.437869088107007,0.734394259647197
1895,0.0923738956451298,0.0218902527941041,0.379082224969756,0.350695040261016
1896,0.0851744593871738,0.0435743261624399,0.435101599678591,0.694569797073022
1897,0.0890388580752517,0.0327024103249999,0.432794870228059,0.622200605733163
1898,0.0768640962356938,0.0224544212813926,0.324011698971947,0.347383955451919
1899,0.0885637348100548,0.0291226900452088,0.439166327216021,0.683173318500259
1900,0.092783242353202,0.0401644429928274,0.407917880416723,0.615783183507539
1901,0.0961234065920358,0.0317059948554326,0.438998991180974,0.710465189259504
1902,0.10139365298066,0.0347725208315347,0.446611145348231,0.720457582876033
1903,0.0956921109606566,0.0446566573439551,0.425590457107589,0.844613683127278
1904,0.0986678189385669,0.0320541396507295,0.409651239902537,0.387352830571349
1905,0.0782407406848312,0.0176497151227831,0.398426732929418,0.334151146771626
1906,0.114922709750669,0.0278717284438828,0.429099276733389,0.574613005308915
1907,0.0869161615631083,0.0297119718966035,0.429614418924764,0.607325706882569
1908,0.0848875859641006,0.041186301406366,0.422604571694306,0.633718713406081
1909,0.0878999174816034,0.0258323658389162,0.444222782002585,0.515844909314983
1910,0.098945798279032,0.0310727209045825,0.434120212770621,0.581813593791779
1911,0.0804107501478668,0.0311922132038244,0.429154478198219,0.70999797190526
1912,0.0980211230197099,0.0347234410062914,0.446642607582609,0.560913412834064
1913,0.0899389814325285,0.0475693010584452,0.439454250847423,0.680337763792668
1914,0.0865786171903358,0.0274703651816603,0.44422096750879,0.516665621326012
1915,0.0935412684843899,0.0245110475792252,0.445032478690854,0.480456893527847
1916,0.0869744184922063,0.0311733333267592,0.430582086224868,0.661932535978106
1917,0.097234134259244,0.0302865441275945,0.347716018806073,0.552492735577164
1918,0.0846409477005748,0.0479678759207754,0.429504158501967,0.720101220353827
1919,0.0943753545055042,0.0299465070701492,0.43718078478714,0.659782449220696
1920,0.10027936266517,0.0197252117324416,0.367715802192643,0.301673379405046
1921,0.0827623115366497,0.0168309595389631,0.394987634393827,0.250052688243258
1922,0.0943181961662735,0.032739125533672,0.468497163426202,0.421006019989134
1923,0.0863007300593664,0.0358884262080648,0.599827439603743,0.609349864613405
1924,0.0849117239887589,0.0243323663681097,0.389450565648621,0.385542235033771
1925,0.0940130332813321,0.0190068700282832,0.428244204332308,0.488192773310872
1926,0.0952827925396559,0.0238652051232967,0.263398658788762,0.428588928458239
1927,0.098543183423263,0.0253470876707852,0.358093928529929,0.396538558881088
1928,0.0965324972694967,0.0266956910821853,0.445452614891013,0.249503751643314
1929,0.104760783219831,0.0256245561833994,0.460235185693499,0.282897632398282
1930,0.102039723613612,0.0321399890675092,0.447262768830161,0.690431609041103
1931,0.0852272131097112,0.0289278814631039,0.447116786337503,0.700540457182673
1932,0.092470175604886,0.206010597099704,0.437878901739954,0.936779189741181
1933,0.105288888487754,0.0717932734996567,0.433683691123531,0.821317758698431
1934,0.0887687571748247,0.0697430823127133,0.441864001919904,0.797547916306214
1935,0.0831244469412659,0.0420940985847198,0.457217609464889,0.727712117314891
1936,0.093340404126942,0.0219641735017852,0.446171023776752,0.525486986098107
1937,0.082766835507334,0.0217238154279134,0.43238734854801,0.464564292046269
1938,0.0866103125849205,0.0310614274053858,0.445638938781652,0.654179768975618
1939,0.0910495076554727,0.0375692679780433,0.443072305796946,0.676861940471511
1940,0.0964876742952682,0.03822566530171,0.431166145363859,0.579781212729481
1941,0.0941545613705199,0.0321710801141513,0.433818469510525,0.596567582678144
1942,0.0797537002144919,0.0356590135128082,0.445855554655812,0.523505821694547
1943,0.0872826747212556,0.051814533325473,0.75155919756046,0.738593223174842
1944,0.0984574897757701,0.0441265847042722,0.609121839510264,0.718519131829076
1945,0.0766475343625318,0.0347519363018109,0.669297850176523,0.65290361100076
1946,0.0938628058626341,0.0193182749737307,0.669091921285019,0.30664945932696
1947,0.0898087025804053,0.0175029398826106,0.789063169719181,0.0876534736045777
1948,0.0824750375006653,0.0221067754387654,0.787783346571987,0.00838951481058827
1949,0.091665491994739,0.0233086475882938,0.865923359429816,0.3291636949727
1950,0.0847556330486854,0.0391755161074586,0.744064436641583,0.572321325181884
1951,0.0785708361967344,0.0373735487602756,0.888189315982146,0.650895388317906
1952,0.0766982296895214,0.0285413940547613,0.962375033805366,0.528126937850977
1953,0.0963530687826536,0.0351416326657889,0.814490375781867,0.600220384201748
1954,0.0875013334817544,0.0344590281359898,0.615258184148355,0.558640735938386
1955,0.0839168876402153,0.0182007608322203,0.715522651049174,0.423879204010652
1956,0.0715213052660395,0.035069913069714,0.608391296763695,0.564805718226239
1957,0.0958088729906694,0.0236280626417962,0.314057016916094,0.516774057166094
1958,0.0965191832988424,0.0509793956142122,0.4465840521872,0.59543332454697
1959,0.0770438263922385,0.0307218412101529,0.427815492925966,0.559109647125651
1960,0.0998209101113301,0.0341449048761332,0.321225906023031,0.537242904635127
1961,0.0876729389847905,0.0316144300807381,0.307122743720257,0.517969617023749
1962,0.100450203655721,0.0260323042619909,0.426626381834094,0.609970494975414
1963,0.104832547668667,0.0249791673034843,0.447316667862881,0.554199614795876
1964,0.0978561243026941,0.0629180804472688,0.433474049669468,0.723356494655149
1965,0.090318763473149,0.0499983463306456,0.438600984062399,0.658196760002222
1966,0.0759824053432283,0.0258526103188764,0.459682153594693,0.423347681661469
1967,0.0936048582595316,0.0619746498884474,0.433279775584571,0.782759332508512
1968,0.102338890751745,0.0504417285873711,0.390945436648635,0.725498526464606
1969,0.0942760621453825,0.0387841638180066,0.433621786667891,0.731600885098801
1970,0.108128688810102,0.0250745450259706,0.423105676822981,0.453975731259867
1971,0.0983763228439318,0.0245885420292413,0.30129994942524,0.498247852018269
1972,0.0843668230186292,0.0256034333095766,0.429955843087057,0.386049305947027
1973,0.0900114894182028,0.04980876801153,0.447021374104689,0.660847518116266
1974,0.0916836780169914,0.0250194458280769,0.386191813611663,0.427511417072525
1975,0.0951589046282914,0.0292203275619716,0.439162408923923,0.552474779585247
1976,0.0915348222516386,0.0299440213480939,0.438701592781815,0.583569742140582
1977,0.0851972598977024,0.0372834817482511,0.436027483951912,0.665286567168405
1978,0.102679251022642,0.0659257561831365,0.423240763248025,0.753928007472162
1979,0.0990034392822623,0.0225923708753662,0.443234137584985,0.575671132954419
1980,0.102261168608487,0.0289523647090297,0.30973739956932,0.655862813316247
1981,0.0865107461178312,0.0208867989835711,0.429890636272349,0.440857461575152
1982,0.0876109395952687,0.0201308443643611,0.442890846237425,0.50047510099849
1983,0.0912094524847077,0.0199656567206091,0.431622382401771,0.327593734207292
1984,0.0979320768428265,0.020908312255003,0.436858560920633,0.385864151506944
1985,0.103258647477854,0.0225947148915181,0.442571039337246,0.469448127124095
1986,0.0982431016318376,0.0689342770540209,0.457555408187502,0.829125447355765
1987,0.0796980689557948,0.0755653446013395,0.445097972990091,0.817564801378312
1988,0.0798749037076074,0.0420441798630657,0.437510883091264,0.655381658880948
1989,0.0818661328645663,0.0175346304427662,0.44785862844177,0.242070159786259
1990,0.0982817092369524,0.0255949302326614,0.268669352475728,0.404695793777266
1991,0.0881910394510067,0.0513344519543058,0.331008960928528,0.606955503572477
1992,0.0898326483542587,0.0310443571991922,0.308880239422256,0.620073592667519
1993,0.0973480591279987,0.0192544049907007,0.440066324760043,0.576914776902197
1994,0.0859579765883315,0.0258816485964649,0.305289818750078,0.304478232353307
1995,0.0830751660413198,0.0141194362189472,0.432477762647504,0.366508882390211
1996,0.0862293870849295,0.0437952331653707,0.438500072247945,0.649961481884312
1997,0.0975501081257583,0.0216239581852062,0.451008964061623,0.569768361586413
1998,0.0764016658295281,0.0420453128116705,0.456667638708394,0.63517073823437
1999,0.0846839716325335,0.0222553883857388,0.277814732749509,0.373901343698925
2000,0.0925458820564685,0.0227961091098396,0.237840941004502,0.393366552215537
2001,0.0994951144770489,0.0195589551743269,0.252659309179992,0.425226093385331
2002,0.104544135282076,0.0663610247731482,0.358829621098429,0.752945526711479
2003,0.091164635179208,0.031646564800768,0.432844251157906,0.703507285630476
2004,0.0967127913919607,0.0523673298669434,0.425777760010388,0.794775973167984
2005,0.0845976382594845,0.0279206874965649,0.432300684041148,0.62643657054435
2006,0.0793362500147553,0.0296118438244277,0.431703131218449,0.661373238274796
2007,0.0804317459829852,0.0357316683719557,0.394031413276212,0.658025525237559
2008,0.102765852126316,0.0399900448897408,0.435609966163737,0.689842415878088
2009,0.105336217674246,0.0542880355702791,0.440146636986598,0.785075421998455
2010,0.103789694610826,0.0400862935254587,0.427968379177767,0.747270398182615
2011,0.0834872374766443,0.0694614410316597,0.55626129998989,0.859038546792389
2012,0.0932449277429021,0.0221153491986546,0.422565102446283,0.578293807344061
2013,0.0856543106361366,0.0331910959317053,0.359078086134467,0.617670310265415
2014,0.0976015774821148,0.0278181889939907,0.399447486366878,0.582871457755729
2015,0.0914099695982212,0.0347816458213355,0.429477307030527,0.719363878261636
2016,0.0791295871370399,0.0307086592706242,0.422110587161391,0.625897256258974
2017,0.0981440438731039,0.0300636287527072,0.370565618533121,0.627611804303564
2018,0.0986680460611348,0.022512935998523,0.357423045034876,0.448371025459466
2019,0.0813094020888628,0.0550746754340334,0.489709562017406,0.61384103082376
2020,0.0944387267097873,0.029445573958406,0.697390120042635,0.386916352082132
2021,0.10067445252933,0.0350269203077112,0.581915348368873,0.720416429885542
2022,0.0841670113003913,0.0568160993956963,0.696059453846911,0.805728153742995
2023,0.0921396368204266,0.0653573657507166,0.744662851485751,0.879970459986427
2024,0.0822327293466669,0.145225749209253,0.785691128972208,0.871094567654912
2025,0.0951410497104185,0.0768376950880896,0.685082956330904,0.797083972724456
2026,0.0749871612430802,0.0326439876644915,0.525626064449022,0.395441542955108
2027,0.0845596643151212,0.0272558881498411,0.633641503748804,0.615654320765161
2028,0.0729625125221142,0.0348544505235268,0.63668378379209,0.652342120661257
2029,0.08704321717193,0.0270334834774555,0.620833470183834,0.509056425154083
2030,0.0834784887367945,0.0274835812032031,0.631450457390147,0.41464783990167
2031,0.0766867130073584,0.0157004147232587,0.72544598321284,0.366244728916475
2032,0.0958771008744763,0.0285658832424598,0.609924671085849,0.465003096267516
2033,0.0911563597360076,0.0330545170019268,0.709407609395,0.680682629270925
2034,0.0927704648863671,0.0212161333861005,0.687571824065301,0.37620802341688
2035,0.0979117162090948,0.0379163204643234,0.729178594474933,0.677423569245794
2036,0.0954710397103031,0.0236369387832704,0.761328727364852,0.41160185991984
2037,0.0692876112628917,0.0214303916325144,0.827806993284113,0.381255640718182
2038,0.0722533565410781,0.0286839500788341,0.755338496772753,0.439712050312242
2039,0.0860109724665177,0.02806913891417,0.651610276222233,0.423636386805152
2040,0.0930049363724643,0.0240261510769594,0.573374148626319,0.486048195783372
2041,0.0885962727646059,0.0372913371278599,0.655801939612018,0.49714498777915
2042,0.0958984043760175,0.028205229640724,0.588947391171512,0.55299047525774
2043,0.0843617215863032,0.0271915053008936,0.829005453866805,0.553916325789288
2044,0.096028373821599,0.0851209681850147,0.609033139301705,0.82313848137583
2045,0.083560460863987,0.0835953327460782,0.617658746401893,0.847818594069647
2046,0.0871094875863205,0.140997673686608,0.42586466049956,0.856823532752643
2047,0.0939195176801708,0.0482312714436399,0.445427642956634,0.777664147092689
2048,0.0903125913149659,0.0501406936368838,0.307979458809172,0.757045818763767
2049,0.0929347533363835,0.0270275332134594,0.431568847832023,0.489085499788793
2050,0.0868197252313442,0.0247657220579839,0.428947158301767,0.527697853293852
2051,0.0875600141322589,0.024118805752407,0.431666276349331,0.506227123067838
2052,0.0761847996826956,0.0454737071287145,0.433398640629989,0.563675626219488
2053,0.0821361068041736,0.0312958275172564,0.297438620860221,0.4768419110906
2054,0.102450067650673,0.0379513670422998,0.297565684744685,0.383144441867805
2055,0.088519650079249,0.0329553372194367,0.331737305588988,0.44815290746571
2056,0.10908150420774,0.0381577133582512,0.428128110655762,0.553238384037698
2057,0.10061087650339,0.0424536831897687,0.437092860471568,0.727056251678964
2058,0.0963536978854458,0.0396033288760479,0.428708312479862,0.783906375712219
2059,0.0872021225431206,0.0247908516060024,0.434903932325806,0.45203375315846
2060,0.0853846972306179,0.0215334540697454,0.442019227312802,0.332985185609598
2061,0.0984490396810558,0.0453457151745715,0.43115563841615,0.663553768155176
2062,0.0967178711929207,0.0346466137159059,0.443908519694493,0.760856808723777
2063,0.103363680764585,0.0453288011605675,0.429767635566939,0.739127340339249
2064,0.0893145084995427,0.0215355800980326,0.234969398504793,0.326505791731189
2065,0.0988241879191389,0.0178690511277297,0.269161564538641,0.251007859869904
2066,0.0965739244166039,0.0211668413796694,0.42958760396277,0.38108708194288
2067,0.0907968176373378,0.0171887185357041,0.442148805804707,0.461585006808312
2068,0.0909955452463367,0.0359201435846598,0.389530888364587,0.552439859014566
2069,0.0946737177242183,0.0263744274896635,0.423583946134797,0.342457467226189
2070,0.0684843185949262,0.0171521213689132,0.655730194740334,0.214891598154352
2071,0.0749277929190997,0.0262785111047148,0.496568049960574,0.463880902515681
2072,0.0933870100185695,0.0312815806833026,0.429883062214303,0.359294040099225
2073,0.0781589623171669,0.0245501223225365,0.300941329939569,0.356394735365104
2074,0.0930025984080279,0.0227297231769309,0.443379833078532,0.63700317515343
2075,0.0971333750141829,0.0207697245869364,0.441994530436361,0.574883905218234
2076,0.107582792256117,0.0206751242479039,0.49453666525028,0.396216830782898
2077,0.101284766560808,0.0164414326844169,0.395932903239123,0.475780249039183
2078,0.108149167444277,0.0367738317206227,0.428143469971102,0.76379956042462
2079,0.0879521494308531,0.062685916265495,0.436178867754192,0.830483936230054
2080,0.0880477322184516,0.0975621590275385,0.439097728800498,0.837087455628331
2081,0.0895182527682811,0.0914763616693104,0.445964280454134,0.851021818485537
2082,0.0851466998815739,0.100287238368445,0.441581836503928,0.844993385897698
2083,0.0964611141810169,0.0241855779810056,0.451125998400608,0.341136917329779
2084,0.088163308781315,0.0181775143976721,0.447357319086014,0.4617266883567
2085,0.0912068362235278,0.0487239217819711,0.439599256309403,0.725602319034253
2086,0.0984506297051794,0.0307256827483424,0.424716940709925,0.673377669050302
2087,0.10757612840698,0.0356098694527573,0.434648934464836,0.645708385276403
2088,0.0970555778260357,0.029679871561388,0.434818096635779,0.715725350141071
2089,0.101801045317107,0.022611711368335,0.438081737992133,0.45129242812548
2090,0.0938261088588402,0.0369151547097575,0.442894209105368,0.726944790588528
2091,0.103645058681536,0.0245414915104489,0.430986661299449,0.552274052320314
2092,0.0874779715669068,0.0287215855536047,0.434913778029354,0.7357334002152
2093,0.0814550001272509,0.0248330186373278,0.433994026440884,0.378712647364533
2094,0.0814038897143282,0.0284106548447707,0.428917618400947,0.503770361706134
2095,0.0959856571936382,0.0390617078220722,0.444129777767756,0.675951206109769
2096,0.0780503524621508,0.0307540681372333,0.427421728502287,0.638504907383121
2097,0.111573729875676,0.0271619687380953,0.410325595228956,0.553074121047116
2098,0.0935577199446803,0.0349108722587869,0.415363593098197,0.650340457121786
2099,0.0897612714290649,0.0629523256114951,0.430864674922416,0.728124666017745
2100,0.107075665834428,0.023457390326427,0.372772221574366,0.521617915777795
2101,0.0998927877407458,0.0214203032995866,0.385814638462203,0.485753745320455
2102,0.0945924035375292,0.0524388746422801,0.472608280536236,0.692847570275264
2103,0.0714654424092542,0.0496077245307388,0.427199148525114,0.635530145955457
2104,0.0834584879930133,0.0306828844853708,0.302089630666035,0.674018470088011
2105,0.0964013948080193,0.0201160178550455,0.440783286404686,0.577257936056372
2106,0.0756376566453374,0.0157813381086312,0.348677579235527,0.356282370766027
2107,0.0765953330197086,0.0385197485428041,0.429106197074942,0.621206121719127
2108,0.0973932127041534,0.0516715966153289,0.433593080114239,0.787319544499739
2109,0.101214292256196,0.0217905234674116,0.437129743973747,0.512336941009102
2110,0.0797951665439443,0.0683608200806906,0.431681152654341,0.780055522005209
2111,0.0978368508495445,0.0615472108897444,0.440394491204605,0.852353632359812
2112,0.0788853751863403,0.0276582223375825,0.435424159088792,0.496819500321107
2113,0.104724809231022,0.0645882365305123,0.43236305567802,0.783767742149715
2114,0.0982421610327947,0.071766401332867,0.435468088499345,0.86820431479324
2115,0.0986098335875385,0.0330088213791149,0.427445893248799,0.664445465531967
2116,0.0672264767802526,0.0303434790848657,0.425726299604403,0.635139443922433
2117,0.090459568581347,0.0292206060816712,0.258535213690485,0.360412587200184
2118,0.0954058179165451,0.0283543413864295,0.282855188094396,0.339972104763604
2119,0.10022182016114,0.0174936507196406,0.323047110234614,0.328398924574355
2120,0.0940712090173057,0.0369276351128908,0.545336433583336,0.587428337280764
2121,0.0896448916161533,0.0378049088946353,0.354150265274499,0.601423679378515
2122,0.0805196683445915,0.0305860417439284,0.429067357471711,0.598667477197425
2123,0.0866746803011496,0.0244672497361926,0.440233995724617,0.584452698977574
2124,0.0758175223703961,0.0396489276166032,0.428434387496942,0.630522644959688
2125,0.10343413195301,0.0234887388496326,0.437463707636888,0.585992794732364
2126,0.0848175723176983,0.053208422823343,0.424298581178637,0.764848158482664
2127,0.0863265297844475,0.0205938345595818,0.427480608941599,0.536574716822278
2128,0.0992406421213213,0.0589205661202486,0.431851563895246,0.805399010484883
2129,0.102818557378907,0.0256266622060001,0.432363173614683,0.554529834263629
2130,0.0908785944509721,0.0375108978151644,0.435727724635595,0.67120786871324
2131,0.0830840389510937,0.0349587875211135,0.298652792666486,0.529330728259457
2132,0.105651631200074,0.0309251165824689,0.245616090644213,0.483093253119338
2133,0.0980991541291422,0.0220852541773296,0.427440116943676,0.366213119368667
2134,0.0976339677605462,0.0341088867469787,0.424908796305714,0.619174818686026
2135,0.0884464547309552,0.02026022093003,0.397397841419894,0.425005891089687
2136,0.0955353213936944,0.0278562354578461,0.423714723327821,0.631812963260798
2137,0.0850668507849059,0.0252331626994122,0.447428189911934,0.572196864617007
2138,0.0970206869922998,0.0524483140028397,0.433939672630787,0.773536905862002
2139,0.100489828899986,0.041470120981038,0.426058481606235,0.643136259941154
2140,0.0978154325835963,0.0194900257681604,0.436944927754737,0.517561772517634
2141,0.0866567092835692,0.0183115154255731,0.44360154651616,0.405380427087239
2142,0.0936945106787345,0.0440119183925408,0.443601665510233,0.828603727814992
2143,0.0966684991821189,0.0573980505341921,0.426558966270027,0.792022639431446
2144,0.0943871763953615,0.0322518912397342,0.389351478575048,0.525950099984026
2145,0.0968106357723453,0.0413514288591279,0.443143519184657,0.716785957458117
2146,0.0936999608890101,0.0318279311991541,0.446530618185898,0.656506606179207
2147,0.0837977353855896,0.0217871295476047,0.512538380035956,0.541399289775956
2148,0.0980640747591118,0.0161762404868119,0.261283373499672,0.225177615641613
2149,0.0839264086525644,0.0333623047966773,0.524234272103695,0.57706683816292
2150,0.101492292532112,0.0195018515560212,0.345575733900722,0.301260263728446
2151,0.0876355194633201,0.0210546416268849,0.348034523706119,0.341122730827896
2152,0.08830960264881,0.0258576485312901,0.37665994738421,0.503675609282335
2153,0.0846713122784988,0.0174009861993364,0.447268156790948,0.272242093946791
2154,0.086322506330926,0.0222910206664196,0.435073617055847,0.315896303388854
2155,0.0950060971023789,0.0299588730561021,0.434164267209757,0.504091215611343
2156,0.0885746732705625,0.0147758038861077,0.418950672251838,0.341470599208627
2157,0.0998152536806676,0.0306141210077808,0.437468348629241,0.531454295035495
2158,0.0912055226827045,0.0344013556388742,0.425349982348995,0.58337512841226
2159,0.0923123602325107,0.0195157457550244,0.429683982416603,0.390412022001747
2160,0.093911551609558,0.0260837504010779,0.42924948806784,0.557904315376718
2161,0.0958441429957502,0.0600994289352979,0.435294786236292,0.828277107123176
2162,0.0964877741228359,0.0398026790526273,0.445644313166702,0.635544570456685
2163,0.101352497455554,0.0210847926064692,0.447429367095213,0.484187899795873
2164,0.0732208765875067,0.0220762260460705,0.433649196550845,0.561753885329005
2165,0.0821694513911245,0.0390960418183099,0.411796365526558,0.740499766157254
2166,0.0949238212132907,0.0317995421262222,0.399809842686696,0.596474795746868
2167,0.0818036998297421,0.0328288798412853,0.233303634619587,0.46384569780955
2168,0.105386730349431,0.0293584703362033,0.385400603172274,0.586592668620612
2169,0.0998248255655915,0.0404591012346203,0.447275039574777,0.747825332239037
2170,0.0709106672549994,0.0197713359291747,0.4292988565437,0.380333813312066
2171,0.0988805090516726,0.044159271705973,0.439706347216878,0.717969386299331
2172,0.0889777195525597,0.0335047305352734,0.446682693259281,0.597303932936111
2173,0.0938015386478121,0.0289176156615785,0.435456442081042,0.451716559929664
2174,0.100137553806175,0.0427308220177293,0.391930731191547,0.709537340989329
2175,0.0876177704884845,0.0157798621168056,0.44278504586667,0.553021853875444
2176,0.102662604259216,0.0289463315180012,0.443657359694821,0.65467635979065
2177,0.0762905125128692,0.0659228600544229,0.424336731693639,0.724226307142144
2178,0.0949827449320842,0.0348141795334411,0.445323239933851,0.650740245059139
2179,0.0954360770818022,0.0278490342871748,0.425627327914059,0.649404024300185
2180,0.0905447138412031,0.0529777155369243,0.425706557410521,0.601675084809163
2181,0.106372992821163,0.0244983676103705,0.437510887073745,0.42431957632432
2182,0.0804289426768574,0.0431881406843081,0.655995564834475,0.772298321834132
2183,0.0733268785521471,0.0307207861956749,0.695827901961219,0.655103297460307
2184,0.0693249505907843,0.0218085030555496,0.609793080694974,0.331277921886097
2185,0.071699488403014,0.0348032710064818,0.798335890963352,0.506573368891376
2186,0.0912504091289555,0.0652846275420661,0.95558595762649,0.772540507948692
2187,0.0892547242895207,0.037630750401884,0.818021782409175,0.478211550153482
2188,0.0542130594486513,0.0238081283905312,0.701088442638806,0.311695751292455
2189,0.0804470429492538,0.051942242803919,0.653793095866398,0.677488723444171
2190,0.0758149840786549,0.080361653895122,0.58568341921727,0.806208588216319
2191,0.0815473019586086,0.0437535431128299,0.598235435238831,0.735741265490462
2192,0.104010421946912,0.0183229982050114,0.69626529486641,0.596660000253239
2193,0.076169086995583,0.0305719534647765,0.626029958365648,0.611472160473555
2194,0.089297216069435,0.032329039425693,0.658840536853709,0.599612569183969
2195,0.0837416583012367,0.0288302940536776,0.436449953811434,0.560163280593941
2196,0.0864773882772255,0.0329396200225356,0.445929469091288,0.685666020977261
2197,0.10413947838099,0.0237410374200063,0.447015891844854,0.644487238992647
2198,0.0994569224779547,0.0534917293195355,0.423577189803288,0.783414074469164
2199,0.0933206080805518,0.0389371705872198,0.446987672975904,0.650652202363996
2200,0.0939073803124119,0.0266645758749698,0.441346504804786,0.618501920207686
2201,0.105406679280102,0.0441629678275871,0.433781291653006,0.625933777128167
2202,0.0925938231608676,0.0526837564302824,0.431503254354939,0.733325481064994
2203,0.074307053552629,0.0239475641890823,0.441436500304574,0.45903871150474
2204,0.0858932146331134,0.0175882263390239,0.292780282495858,0.480644959883581
2205,0.0897221430417671,0.0373764540807315,0.183236060930083,0.520238311969312
2206,0.107548025945649,0.0369054629259857,0.446945985918995,0.655907939768766
2207,0.0960600110398079,0.0202464628431219,0.428049692895963,0.554167876853287
2208,0.0989562996896008,0.068082863676153,0.400886029263506,0.818700773102417
2209,0.104685396012151,0.0314412115946785,0.427904688320262,0.705794309965636
2210,0.0938101451112812,0.0372597392851571,0.432409500557093,0.652306824503744
2211,0.0935353654350029,0.0206618425921153,0.444490369433976,0.558047838440582
2212,0.0954595499561379,0.0264921507791832,0.445050826080271,0.528476215070644
2213,0.0831622781038325,0.0247013070510509,0.432204843974237,0.479123892546377
2214,0.102791404067374,0.020253891586685,0.444694596924453,0.666664438081796
2215,0.0993163214755594,0.0532830772147196,0.438205653551822,0.652680684897783
2216,0.0820049043511216,0.0185780098774147,0.446511196906234,0.587918217160774
2217,0.110178731960817,0.0348935327767715,0.445179069538988,0.7827710468568
2218,0.0800004010083725,0.0684866294336498,0.647181521423735,0.793891027179921
2219,0.105925591110011,0.0314507403826041,0.442077965561215,0.702194421402094
2220,0.0984375224499536,0.0274024569957242,0.434094861970787,0.493887226145632
2221,0.109471048256383,0.0196063474315268,0.419360315466799,0.289593075786314
2222,0.0933165786466041,0.0165049199095816,0.367441318497148,0.351361497266184
2223,0.0789051627535307,0.0240358359063394,0.446519860225297,0.433445013606492
2224,0.101361651380448,0.019806295605671,0.416994869766751,0.585119039589417
2225,0.096776796064351,0.0246001803770952,0.429872394239045,0.58833012374086
2226,0.0852245088306141,0.0282002440803992,0.433266558754171,0.417252419632282
2227,0.0743791412243697,0.0233972916630678,0.429425005592258,0.44844841445933
2228,0.0907052108434241,0.031546038448876,0.431309864446478,0.636689987359262
2229,0.102085187200665,0.0371314633210768,0.426014374322887,0.760257561705378
2230,0.0904997191846044,0.0202834755367589,0.422067700006935,0.590330597534339
2231,0.0821721814744463,0.0407909305118771,0.44332822518451,0.745662634174396
2232,0.0963988370211223,0.0292027068029663,0.409283509874717,0.559683471094073
2233,0.0850938281260725,0.0254155412674639,0.424245272492938,0.441521342699864
2234,0.0829009009524247,0.024519310116138,0.356991775805744,0.332894036072198
2235,0.103755983728056,0.0253053593421464,0.455564340800992,0.198052471162086
2236,0.0793544959811864,0.0263825543638686,0.487238641951603,0.322030427868677
2237,0.0832445479518731,0.023468952008634,0.445715060295523,0.490983996833336
2238,0.0856680148831443,0.020161872490582,0.442232604695715,0.283120469516606
2239,0.0976691328129173,0.026633522194681,0.427546201129843,0.564632639073453
2240,0.0912788766549454,0.0379113686162022,0.382313746583246,0.725842576095195
2241,0.106807510851533,0.0219972520895386,0.298988436938528,0.367453285098561
2242,0.10419145227697,0.02543399461406,0.320364238842181,0.464948436621228
2243,0.077789679432678,0.0172983567546296,0.436160206234905,0.538349844568073
2244,0.084324819362971,0.0386699290668168,0.434998664005798,0.716380863032594
2245,0.0993437077726681,0.0192108170044831,0.437188030286139,0.510620892957591
2246,0.0962233671058437,0.0326553656147259,0.737277762432284,0.347471121967355
2247,0.0887678868204139,0.03279796430818,0.58467624286121,0.610245964729426
2248,0.0741995564440222,0.0243118402002782,0.602438071555869,0.295230505903979
2249,0.0796146667751924,0.0226894086690697,0.759445332888831,0.555639850445299
2250,0.0774800749719552,0.0302112879685626,0.641453139109127,0.349130741036294
2251,0.0866896448887153,0.0284311383867549,0.836814156167992,0.634511204341547
2252,0.0980422287102928,0.0503090169014366,0.928150650595296,0.842936767081086
2253,0.0775745151178771,0.0321813960886163,0.851614588656186,0.491595723983656
2254,0.087814947699247,0.0296631391180262,0.882695473209678,0.661308231759075
2255,0.0939518800820684,0.0322425199272747,0.983479294994381,0.593806538917215
2256,0.0873894460716185,0.0251689278145619,0.920418473246146,0.639654548374873
2257,0.095180863175749,0.082612256707616,0.775910968394724,0.826180458524501
2258,0.0954931040826124,0.0183656119670878,0.636891129894523,0.338332323028901
2259,0.100648392394707,0.0480874527554341,0.604646987539747,0.693765876267639
2260,0.082364529093102,0.0293148068882125,0.563693488036176,0.60919935552868
2261,0.0815689328312934,0.0171681387124253,0.607137555678314,0.403927360466761
2262,0.0824745019725163,0.0294291696042736,0.609271986300939,0.400565808731889
2263,0.0899072764858732,0.0258003070231087,0.796826962516331,0.348519193695798
2264,0.0793615416984559,0.0239476123192466,0.897073146260028,0.45157771618547
2265,0.0745607616184536,0.0393405340597181,0.982795463295147,0.500778595095252
2266,0.0744291798318427,0.0448117091516032,0.959276628856904,0.657624153294987
2267,0.0750729550070475,0.0396090944168442,0.973149481163451,0.712432599113775
2268,0.0656635052151064,0.0277592473022824,0.907340819724424,0.670385132964844
2269,0.0944485052562107,0.0306647406637813,0.805015452002419,0.543492138106321
2270,0.0971021385041813,0.0502093812196843,0.844870476865188,0.762456957087744
2271,0.0841836028901764,0.0577367638442636,0.963481360513122,0.828854407289519
2272,0.0707598927218751,0.0344774742992864,0.902289297371279,0.589098104639343
2273,0.0680476659369033,0.025482555826292,0.873564153065628,0.711643700453543
2274,0.0686581672545645,0.0420070215620127,0.889537911725594,0.605488379897225
2275,0.0935511364652978,0.0300708397631983,0.827007528777924,0.576855594103439
2276,0.0712178366003891,0.0563533793493344,0.865469474540024,0.804156230507759
2277,0.0873221053880151,0.0549108110277927,0.863316988448105,0.604316423491608
2278,0.0861169765895418,0.0233043549901024,0.862944257856241,0.602196453576811
2279,0.0771799493588962,0.0381806901792752,0.662360622160504,0.61714028315787
2280,0.0726656343501489,0.0268413052752621,0.668883016190808,0.334989450668556
2281,0.0859794271030304,0.0356967527493053,0.651206311463566,0.527413201311969
2282,0.0597974311313229,0.0269519812590798,0.50246024838084,0.234953307716822
2283,0.0845607071629887,0.0156864653242495,0.436445723932745,0.483277866763319
2284,0.100198745887956,0.0249968182614239,0.429889172880161,0.532633235429827
2285,0.112310290810093,0.035975014831826,0.446221783392493,0.728700738522745
2286,0.092793496368104,0.0224761078605716,0.430083374141322,0.552445150960456
2287,0.106738170955123,0.026085578751176,0.400490106177077,0.438209946232676
2288,0.0913266047117671,0.028991602399319,0.438607991435544,0.664151658434674
2289,0.0844561345411252,0.0467046526982968,0.797075767000483,0.733698945122499
2290,0.0975970093472101,0.0514788065068687,0.921327697590727,0.768190237654168
2291,0.0735671393340866,0.0755016618599725,0.944258623291982,0.866467682610884
2292,0.0964315272161704,0.118078826467688,0.724958241193519,0.862812371798463
2293,0.077573985164258,0.062453689135512,0.599701934389395,0.814954613023642
2294,0.0897822037482394,0.0475987567499312,0.695871766557523,0.725334698291587
2295,0.070698070059811,0.0294584996927977,0.882673647377692,0.379997884219297
2296,0.0793211801626911,0.023938004987806,0.930575138418115,0.233636206922067
2297,0.0858874250031056,0.0346647872464886,0.648925689056295,0.485377142405588
2298,0.0931153661063708,0.0314727000088238,0.895833725510771,0.657522558376685
2299,0.0717775796393806,0.0189574740623022,0.867254501310786,0.334703705120787
2300,0.091202930353108,0.0419115772030476,0.802288887412299,0.650080875019029
2301,0.0902710693567313,0.0420754324744778,0.810468232811141,0.655240829860758
2302,0.0977647251892281,0.027475556891869,0.740145958067204,0.551437499885819
2303,0.0727488288674348,0.0328453888230003,0.64868054447528,0.531350074031972
2304,0.0780059965729008,0.0409089694609745,0.622444980007407,0.681340862184894
2305,0.0836780296680286,0.0365148457824886,0.624092853472733,0.525668678055935
2306,0.0791521764140273,0.0356079967659061,0.375537615143153,0.579479810796518
2307,0.0879991440084852,0.0583687704172954,0.436684116257091,0.713766756338873
2308,0.0986444382666756,0.0609873534169141,0.433044659381714,0.800619230280585
2309,0.100444057898011,0.0375330119062247,0.437499397404161,0.779343798600569
2310,0.104922849459554,0.0411778995138152,0.437592389988027,0.644916250595767
2311,0.0748098171699162,0.0484644879507091,0.435269678838729,0.646335632308114
2312,0.0878309940848444,0.0344938687928629,0.428809731585391,0.488490379372994
2313,0.0841303048934479,0.0185595145601601,0.434024448094918,0.426979536431589
2314,0.0845211549949604,0.0430990495912577,0.406968981967962,0.639701806277422
2315,0.0970743315064765,0.036941963552342,0.320491322570553,0.496357311933575
2316,0.0947239155943494,0.0204290328549679,0.431111865944582,0.400869629302157
2317,0.0877379240359156,0.0223721432619525,0.357724783449871,0.406992308020255
2318,0.0843580625603408,0.0467121571558167,0.40558348050542,0.678721501429222
2319,0.0878007290015091,0.0351076968989182,0.43533345675594,0.541932399943634
2320,0.094724556260444,0.0589962337569038,0.443241980980053,0.79282521226512
2321,0.0947905244344928,0.0658029446467211,0.427900134364739,0.698495962590269
2322,0.0821861402096964,0.0349160862508833,0.635707823138095,0.522413898707161
2323,0.0859958512599479,0.0264338013911191,0.612069561665773,0.529036942529946
2324,0.0813197718730391,0.0674830518586353,0.442040145590883,0.82388305916643
2325,0.0940696478710192,0.0306544424840644,0.43228626060043,0.61815583274228
2326,0.0833012465570628,0.038048375079464,0.430600861998883,0.689742434443133
2327,0.0999935589844215,0.0396672615744949,0.452147627596948,0.694026031238551
2328,0.090596159919046,0.0967062220005575,0.423425922606941,0.820753976794141
2329,0.0969768993411187,0.0352380469399501,0.446316110127774,0.669954451399343
2330,0.0769086488647148,0.0736415983697371,0.422249332374969,0.79854337714765
2331,0.0916152023509295,0.109370063947384,0.422235252644674,0.858431309843502
2332,0.0968251273720412,0.0316556741346631,0.441992564087632,0.653003744666732
2333,0.110776609665105,0.0237996697261769,0.427931937292503,0.519356161791252
2334,0.0946286443193354,0.0302486919464902,0.401625509559419,0.578675685137743
2335,0.0902145500574466,0.0248427643240914,0.44111119861041,0.583656617003257
2336,0.0982592971109286,0.0228813752709132,0.443369376879595,0.511369731161562
2337,0.0906612091778086,0.0243916701519929,0.434354005875152,0.486638432852368
2338,0.0861987479081912,0.0170924749781602,0.429317295344606,0.452950104212863
2339,0.0815345709321839,0.0261374956720792,0.436447310897188,0.53677360779093
2340,0.103855398575379,0.0218593106375771,0.44502520403569,0.47316033582329
2341,0.103914108762003,0.0326799663351021,0.439225519069398,0.697935101068761
2342,0.0869872373021606,0.0913087354950082,0.42453449766305,0.848083545074036
2343,0.0937542462499559,0.0616979594263644,0.424397276172029,0.821575814235065
2344,0.103948264427891,0.0288585596040018,0.434579797147,0.634836773095142
2345,0.097846946921204,0.0649473781516638,0.435967709497998,0.832025242663598
2346,0.0820827737673945,0.0426940483465458,0.422041871469078,0.745014924451712
2347,0.0955886614806944,0.0282905179894045,0.391370281965614,0.506228583819443
2348,0.0915232138274813,0.0203698311080104,0.284394849938233,0.571623949142492
2349,0.0937983266538736,0.033813670110605,0.424596060825528,0.439182984208523
2350,0.0998891509844809,0.0209980365329777,0.426709284844177,0.46887541506332
2351,0.0909102813863651,0.0186731431512827,0.426140317950778,0.562132112648373
2352,0.0857885764976862,0.0218804870895789,0.292527614037946,0.542031769668818
2353,0.0922205840987204,0.0185449088863803,0.431493743645308,0.542513954024001
2354,0.0816077979313267,0.0248751313062712,0.444800552235489,0.57208393457172
2355,0.0873660431906102,0.0333378724244501,0.441679850209842,0.681063830315094
2356,0.100788538056562,0.0125878424441042,0.415006946075467,0.49569752762514
2357,0.0969159724008324,0.0227696530654588,0.434654531596327,0.614509047952699
2358,0.0946743280058072,0.0329448867793562,0.427473178249186,0.537391943760203
2359,0.0941697695150035,0.0341375198421303,0.432383024581754,0.754918301293131
2360,0.0894161854016193,0.0809696739977825,0.442598538673656,0.849128117216146
2361,0.0881587247273595,0.0259368142038334,0.435891916117523,0.338367870616393
2362,0.0790372649361306,0.0193570223306966,0.407822567483683,0.357755552563538
2363,0.0853173310379637,0.0241773761144163,0.432870499231608,0.553533110502851
2364,0.0800311543801651,0.0432913060373239,0.437891071894343,0.698524710872973
2365,0.0712444797148737,0.0219162668704874,0.504422063866503,0.476521164832244
2366,0.0726535869598773,0.0232960030561398,0.558456794188406,0.430820866764014
2367,0.09426305907796,0.0584847838289399,0.433391805137136,0.726244982312742
2368,0.0939431648187694,0.0336329609383236,0.447275401338667,0.655735479064073
2369,0.0933709478727301,0.0399455254435684,0.298956773553374,0.732086230669401
2370,0.0968584147507011,0.033686683818692,0.399371113781978,0.49470539154634
2371,0.0851101942899785,0.0239005594534907,0.437843337803135,0.566874618853827
2372,0.0887586130311992,0.0629945031147881,0.426240686012062,0.79940854509314
2373,0.0925595362147019,0.0643519786253264,0.432594558210662,0.790122161659853
2374,0.103509453304946,0.0841640504313397,0.442395857600105,0.780146655981005
2375,0.0887431929384726,0.039319332703806,0.424559933527397,0.658406286566245
2376,0.102253468311367,0.0340398118397507,0.445412309165212,0.683570111002758
2377,0.0989974420631769,0.024283089788325,0.422411647903644,0.656181113958427
2378,0.088261466555472,0.0359408038323645,0.654683105017082,0.510853073124329
2379,0.0869647300136877,0.0247132017651886,0.723970526061063,0.631315879046891
2380,0.0786430676359002,0.034941832629134,0.679495442049224,0.686298227443107
2381,0.0958136622349284,0.0244807172113182,0.575663174019296,0.412797629401593
2382,0.0817291188223448,0.0330910838037779,0.441281267457919,0.585497889637654
2383,0.0875647911142698,0.0217045549336917,0.424556890294072,0.520316220335573
2384,0.0765690982256086,0.0173643799179554,0.429366168730406,0.447065798249271
2385,0.101686350939274,0.0237125999665166,0.423663383495967,0.578866277557635
2386,0.0844627006036499,0.0205042633050581,0.434976472410501,0.583234206657771
2387,0.0948370256494548,0.0337793318629617,0.426814832192206,0.581131378953872
2388,0.0881388595468092,0.033137408598301,0.407136551996128,0.53554043679409
2389,0.0911065044343894,0.0348046767516605,0.423328331588289,0.611558845035232
2390,0.0857262346906364,0.0199783247658752,0.43032995902985,0.329971320290104
2391,0.0989093448224748,0.0261235245730215,0.440971509505271,0.617402736580026
2392,0.10201030986025,0.0333078551241441,0.398443735937891,0.627558186272511
2393,0.0852943494546256,0.0235577065384393,0.271758349587969,0.377598317983054
2394,0.092509039048928,0.0282464246617831,0.37596499725741,0.631175419485037
2395,0.0845684805202751,0.0502482613096898,0.441143651851101,0.711221556221083
2396,0.0976273931050134,0.0445235630995991,0.46134204009958,0.712713831875572
2397,0.0927555933659637,0.0374269102784328,0.517302076640354,0.591833327310602
2398,0.0946651524010759,0.046695919905417,0.437163632043363,0.649060871539388
2399,0.0938172397314139,0.0211770412606952,0.437416345466535,0.327713605265929
2400,0.099039866061343,0.0575683354808927,0.422861483866158,0.717109347424587
2401,0.0866035560691757,0.0203847018884836,0.435031299282726,0.641180699404585
2402,0.0881659307143281,0.0566849334859489,0.489034567976167,0.788300161907933
2403,0.102838109569207,0.0482931652834681,0.436270811519379,0.664095551066142
2404,0.0927126965073814,0.0312436262364303,0.426174889323787,0.376326822066959
2405,0.0901460592424465,0.0265706077715817,0.420492536032345,0.496347555495317
2406,0.0809298892285025,0.0465119555940519,0.493142754269542,0.743776409631377
2407,0.0763942746280104,0.0392839781223075,0.468880040528008,0.380930925360585
2408,0.105100798228872,0.0208099050333418,0.446070536562653,0.359322769200991
2409,0.0976307572585317,0.0311702555824313,0.434622075472853,0.661675347260101
2410,0.101089059835161,0.0507463496490732,0.442918693631153,0.781797535549412
2411,0.0884777423703848,0.0500241669931378,0.424803380773856,0.678009072415041
2412,0.0927024352828538,0.0290030580202305,0.595867321927893,0.53949110566513
2413,0.0834314996225943,0.0332653474837799,0.610263769515045,0.534868659551529
2414,0.0889343993144803,0.0500476763417054,0.705000526032293,0.715531445069113
2415,0.080077766319801,0.0409321090734617,0.647529088386541,0.591338603214565
2416,0.089912411206078,0.0165796120201362,0.288565290011572,0.280841909195545
2417,0.0808165788491666,0.0227200722672231,0.426117104196575,0.47085121971095
2418,0.0751582992630018,0.0251387644419377,0.386990803054005,0.297951090736566
2419,0.0820222776660214,0.0236048237986996,0.423798578710621,0.405896209638075
2420,0.0979134532357143,0.0359274476370184,0.382881612510739,0.367519621540936
2421,0.0932239570941023,0.0322636499618784,0.44190368996536,0.671123119342886
2422,0.0899054796677601,0.022175645080142,0.434979561197001,0.530503699931467
2423,0.0689972777503453,0.0249976537113616,0.445781291777122,0.397894877100684
2424,0.0939650985684528,0.0204008879100187,0.42978063117647,0.540142687189161
2425,0.0784495084867415,0.0343485990015628,0.441537500820372,0.523396357534493
2426,0.0976561922456195,0.0335559173086885,0.444419899745446,0.530339778073184
2427,0.11464877630959,0.0276074874573737,0.436316259880854,0.665265314464987
2428,0.0882962587047713,0.0220072987738718,0.421717673145529,0.519477070911666
2429,0.100033367490727,0.0160896146655211,0.443998963690789,0.416118591802432
2430,0.0922544245766724,0.0314762565351633,0.396094271406882,0.540377263563078
2431,0.0873804864284463,0.0345889773089196,0.445244582553559,0.666162182906833
2432,0.0935932378852075,0.0596139577720814,0.424971911690128,0.757927617758536
2433,0.0944872984906769,0.029884457381188,0.426013291545802,0.534482458036468
2434,0.0984518605765397,0.0294229912272173,0.431309357925202,0.806445944671935
2435,0.102595185085794,0.130923629632063,0.428621891900174,0.878533267375115
2436,0.086450729462214,0.131702311874206,0.444670506071621,0.89277817594383
2437,0.10312724587563,0.0582856384447393,0.43602075531245,0.794251318915289
2438,0.0997512022663297,0.0522272018421776,0.439421608247464,0.72629035987159
2439,0.100223172616787,0.0223625122462192,0.45796648672273,0.506449764301384
2440,0.0904827274525619,0.0566709291881881,0.424346502973197,0.840282415540767
2441,0.107187481344436,0.0240615304745238,0.430189190626204,0.667742409360047
2442,0.0959311506435339,0.0238641772191808,0.438002637690469,0.475596674043853
2443,0.0862636807742035,0.0220673583729457,0.42386275522791,0.30307176405635
2444,0.0877219803728924,0.0229742333695033,0.454694476874916,0.428693176117782
2445,0.102162604176724,0.0214856955179616,0.414282131175987,0.326970013585986
2446,0.0898318721893117,0.0403094774017959,0.43260237360213,0.68367513503459
2447,0.0659265502634542,0.0322870703145437,0.447021950415264,0.680098489179978
2448,0.0822910478678139,0.0296724832470715,0.443253019301394,0.441009319719384
2449,0.097869245726354,0.0180871056854944,0.446941588093551,0.547657137172538
2450,0.0948252607162271,0.0447857784792986,0.435558195697776,0.730041324954302
2451,0.0952527425331878,0.0313163643446512,0.38797293030163,0.551690041297782
2452,0.0901577086933173,0.0337869647977979,0.465382714067298,0.501827014639323
2453,0.0858413319676012,0.024718302330145,0.439085610721922,0.609746522853921
2454,0.0994280799001366,0.0342689954509446,0.429904016351938,0.5089346120526
2455,0.0945969848209475,0.0470081610647006,0.429961443495553,0.750160697107353
2456,0.0839841475731384,0.0490846012401474,0.434875114830494,0.730530565887043
2457,0.106374635954018,0.0248825228541293,0.427414182241918,0.477408276084689
2458,0.0879547426824268,0.0347148247076979,0.441571686416512,0.642606019167819
2459,0.10101251256704,0.0217441321586085,0.422392352231737,0.577669789189949
2460,0.0757306752775378,0.0288887178337691,0.376738347149882,0.444690540776761
2461,0.0826709230338766,0.0166957626432979,0.442683741789076,0.336580966383197
2462,0.0813595954008346,0.0366336135053013,0.432064924750992,0.550753980442266
2463,0.0961929685295575,0.022243918267285,0.427508976199991,0.564238242742137
2464,0.0846730750415307,0.0265895987357739,0.45513971643186,0.552312552203604
2465,0.0774716882587804,0.0471461456612366,0.25184986258982,0.459675588419575
2466,0.0830205176193446,0.0209272071088341,0.442433907334648,0.475212177716465
2467,0.1026632875747,0.0224188444066169,0.438312963542243,0.673846974248223
2468,0.0897501098872299,0.055491875429421,0.434769702189689,0.744312976643488
2469,0.0944775466472261,0.0411080385848719,0.437094548892181,0.787294822490598
2470,0.0977124761392048,0.0367799187417845,0.413030554078163,0.699733548824253
2471,0.104561938836642,0.0251358252384334,0.428541581973836,0.582281128733331
2472,0.10040614249344,0.0586974046722354,0.426979380104095,0.76292035854651
2473,0.0997296517145221,0.025184758040326,0.340240394814911,0.357120083533281
2474,0.0968374618657097,0.0276572827669813,0.433394619676271,0.609503772848737
2475,0.0795881201575386,0.0338698920476846,0.442850669778348,0.493354941508996
2476,0.0964582474560926,0.0208573777851335,0.35403674597368,0.337173856780966
2477,0.0992026809140807,0.0231481805075606,0.427545134327926,0.597646346768479
2478,0.0972869011513654,0.057469559991756,0.440305870389661,0.766136098013165
2479,0.097400886877482,0.0339995720514749,0.44541525417688,0.613522321203517
2480,0.0886977687140654,0.0290203187159592,0.425385212247758,0.521923497209674
2481,0.0964188889945287,0.0571906229620971,0.447111798050309,0.674032925589695
2482,0.0830411780985802,0.0313624613257818,0.385371245572718,0.532679802738598
2483,0.0896294795796913,0.0467764381468713,0.434783631227875,0.793265713749148
2484,0.0857347684982061,0.0389790692903871,0.443354892766456,0.744285581250173
2485,0.0998024787755827,0.0571942255755689,0.434800426814389,0.757187862522209
2486,0.104600267878539,0.023966882830816,0.424165329906992,0.53565433780049
2487,0.104221445280589,0.0337839782509803,0.435044053517353,0.688294751348638
2488,0.0793216184913947,0.0325928605639051,0.445371754038753,0.520158232204647
2489,0.0913821368008545,0.029193064163217,0.442531284358096,0.560224737243117
2490,0.084498458465943,0.0368393121016105,0.4351846668189,0.658451367401387
2491,0.097221236736684,0.0251552600653432,0.429468835567422,0.546437626941021
2492,0.10404586891681,0.02382275367969,0.351822229286219,0.545615263935428
2493,0.10160252935696,0.032853750361429,0.342697551332448,0.421065358087967
2494,0.0943013798301499,0.0215138250018141,0.426917033376256,0.469458334839198
2495,0.0993681658127507,0.0194105266801736,0.442543869202859,0.518241418527579
2496,0.0994515262762235,0.0171614493883578,0.43746828641192,0.590112454474637
2497,0.0940431149648254,0.0417005049867087,0.440945093827368,0.487781572914671
2498,0.0930303904110499,0.0207775044291844,0.552411559400841,0.412442485158976
2499,0.0848982137071052,0.0235811913340758,0.438319265313025,0.501296451459817
2500,0.110463329135459,0.019097271654704,0.44273822151848,0.432390203837887
2501,0.100588052231253,0.0363757278130943,0.430978684089269,0.680871926120843
2502,0.0914874059504174,0.0385765449232125,0.443278375351582,0.698857545860991
2503,0.089767310570315,0.0410595292871951,0.324448022370992,0.44440969301505
2504,0.0925658861984996,0.0227367090717791,0.352391422273172,0.377941656571317
2505,0.0987185574636132,0.0275456329225305,0.395694955503235,0.45352779805995
2506,0.0983186364331356,0.0835712860550206,0.446415454440791,0.838320028096812
2507,0.0913149966816429,0.0313070972632441,0.415474261681274,0.719768506119131
2508,0.0796850307436733,0.0370334390075462,0.535418694919995,0.764871514338648
2509,0.074790996363975,0.0285253714522694,0.463318706850848,0.460888590444978
2510,0.0812359379648363,0.0293111444447696,0.435250858194203,0.433347804520048
2511,0.104139191249976,0.022659980234379,0.427368095835038,0.492568202145196
2512,0.0720684827430962,0.0354930346065872,0.646395318000874,0.583311716857818
2513,0.0914837346745491,0.0344186063201656,0.649870876992944,0.545829494335339
2514,0.0888995729166334,0.0262682419229642,0.436364019114955,0.614238386935657
2515,0.0825140973660217,0.0547237045396171,0.425271898246207,0.778775554419698
2516,0.0852796043157803,0.0443004697541767,0.430462481535548,0.693643219025831
2517,0.088576993866903,0.0333788166992287,0.213442879270946,0.555820307593541
2518,0.084601992089744,0.0367472194880996,0.24750367793849,0.463766615451074
2519,0.0995063929749302,0.0340207298936478,0.338907875527124,0.524449826194452
2520,0.105000411675614,0.0193672610826706,0.444917179956268,0.478781008929994
2521,0.073093895795629,0.0190048285716839,0.595050745655217,0.335724231721309
2522,0.0884065784173687,0.0250854070980353,0.83536454347226,0.551698297798118
2523,0.0741945999381856,0.0197262607229333,0.602373882939664,0.415710856985245
2524,0.0811661934255168,0.0295740415626029,0.69968594774376,0.703407138125186
2525,0.0866178013581873,0.0235188177440934,0.640811202926956,0.477613013785119
2526,0.0998176173334989,0.0329277462322195,0.789151352078318,0.615694212787836
2527,0.0878612478598388,0.0940373764331359,0.907000373160461,0.79086936820885
2528,0.0746978304188578,0.0518263942290729,0.914593007870019,0.636777365633693
2529,0.0946125797145483,0.0229087304932405,0.734606036660499,0.366305949000339
2530,0.0929503989506237,0.0386774041279961,0.683311580867101,0.662927557206097
2531,0.0710332380189216,0.0626817412855996,0.838421130132021,0.823533776298886
2532,0.0869697854630451,0.203856816583336,0.94050364515136,0.940720761962209
2533,0.0809721730646777,0.238687259995945,0.871132817073821,0.954936312365488
2534,0.0760956644141728,0.280710354966047,0.561886667394511,0.928934335246095
2535,0.0700754018908867,0.230211194282525,0.617322206439277,0.917328889724696
2536,0.0732196510392833,0.187266898657331,0.627102505778378,0.897224118810318
2537,0.0749279728421362,0.0565646854834601,0.615882540183002,0.725563798923253
2538,0.0904894275895401,0.0562485425817305,0.779693779913028,0.818474049473836
2539,0.0798772498855926,0.0285212220195335,0.893811134665344,0.425174685001684
2540,0.0854922984699173,0.0226107644845909,0.891304888757931,0.439552761865769
2541,0.0891652583164026,0.0196274102439544,0.979743222891876,0.227152353920566
2542,0.0772975160722277,0.0311942151890391,0.826917542163565,0.570639725935799
2543,0.0815310933434953,0.0284081019428281,0.939153925453108,0.571846097352451
2544,0.0766959853830215,0.0159812950678651,0.920270645708578,0.397280016287185
2545,0.0685431278352914,0.0370724334565998,0.831552313412352,0.630788574670266
2546,0.0857334858559525,0.0513446822190628,0.894505328494076,0.553273302729508
2547,0.0831385856324489,0.0205597570827318,0.8903701181872,0.331329535832255
2548,0.0901460937461137,0.0460087203140576,0.724995797730998,0.534527340137083
2549,0.073210835754987,0.0442712166938746,0.878220320496079,0.575371692245078
2550,0.0933774512804478,0.0341389052809568,0.929390828883717,0.663499332394776
2551,0.0898603256007809,0.0447719928093477,0.778309288293054,0.690768141486283
2552,0.073525482049463,0.0286440039694139,0.983550162765904,0.273591380776489
2553,0.0823709104069147,0.0207958916284,0.914089678451887,0.404469003189596
2554,0.0982737825580975,0.0260435014229177,0.93667133479831,0.627212034789814
2555,0.0787536401036185,0.0363306512907922,0.914972582556219,0.599733283797421
2556,0.104687716032301,0.0678274243094557,0.474842043780995,0.677573913567672
2557,0.0924322692340668,0.0409555957095095,0.281511464357348,0.58329835735659
2558,0.0915817799213743,0.0437529919244285,0.433970386015657,0.69282449335438
2559,0.0833004824086946,0.033655083837156,0.436062548121309,0.708395719201891
2560,0.094637445761402,0.091639521727407,0.422611666865899,0.895557045406696
2561,0.114667778320394,0.0404585602719574,0.435025033968674,0.687000719508827
2562,0.111650296886637,0.0342268955504321,0.442204991804407,0.641044648411775
2563,0.0920174250802726,0.0877778390555681,0.307294895542569,0.796393546756621
2564,0.104221363530557,0.0527061339148123,0.434063177576379,0.829120259088574
2565,0.101688369128823,0.0501175631538881,0.431688512888812,0.740669432836634
2566,0.0887330887767592,0.0279322578350077,0.432188073681572,0.665766872248163
2567,0.0981858930291028,0.0326247995811288,0.433306034027716,0.641192732073612
2568,0.0771373584844617,0.0263806780290273,0.332711296308391,0.383934000229579
2569,0.0867382447084098,0.0179893173835309,0.446661072355699,0.333920743050695
2570,0.0763891111789345,0.0499676414376002,0.484219040665244,0.729031589861325
2571,0.107574491364143,0.0271597004695318,0.362128260769761,0.583098097595007
2572,0.0930759035602023,0.0479176176574313,0.417653978292968,0.741578255205203
2573,0.0730941893348317,0.0591180123609846,0.71962971652421,0.808621714941017
2574,0.0781228623275302,0.0492399907503004,0.844115757585707,0.732688438024587
2575,0.0848898127458165,0.0433882979636687,0.683211319358394,0.678803832639516
2576,0.074736188346148,0.0233540359370227,0.855779009512109,0.482652705632186
2577,0.0721348570387452,0.0562292527451189,0.430369771649714,0.695131256102762
2578,0.0872843080380739,0.0187754203432399,0.43481261391534,0.446305339279844
2579,0.0894015105475222,0.111703337499266,0.434099431135368,0.783628292072546
2580,0.0963628304068279,0.0206890073898544,0.423430222456789,0.441268767713207
2581,0.0926540476610615,0.0198520539598716,0.437978672168699,0.586652932808317
2582,0.0842567037999191,0.0289106468807808,0.370227460076494,0.543669550852844
2583,0.0956063127562914,0.0233905421651291,0.453421324025606,0.498201121260563
2584,0.0756957595642462,0.0461706946022332,0.720990418182669,0.755958479192564
2585,0.0833773313680502,0.0329610786675955,0.64134173008226,0.664010983161892
2586,0.0939147313017183,0.0582848450738801,0.702156223939117,0.73679196760186
2587,0.080628983133051,0.0516496818329083,0.609350605823617,0.65315178406157
2588,0.0639625611561792,0.0303418352463896,0.766971780238457,0.679533547002955
2589,0.0802281376157697,0.0145074248087782,0.824053825884942,0.421325977437065
2590,0.0668196838255832,0.0254727818625039,0.888634723446831,0.511178762381436
2591,0.0919657903036594,0.0456624838148406,0.848867455538209,0.618566950864664
2592,0.0718069095814197,0.0290982553233799,0.921624235234642,0.422402662863519
2593,0.0983437233683742,0.0214613071643474,0.679094032811073,0.540926608372462
2594,0.113783813309704,0.0371473213570953,0.422096495111576,0.696645607449442
2595,0.0913664480982454,0.061988905222644,0.440817128696978,0.779411130860259
2596,0.104077115659275,0.033847743097702,0.435464680552284,0.720128005483788
2597,0.0798880871914775,0.0522309020055722,0.415649786081159,0.553316958795381
2598,0.0821547972857165,0.0216066951675386,0.437935048057744,0.51798780394625
2599,0.0735126663384118,0.0257921857694998,0.44091169492705,0.491543325451949
2600,0.102029350788239,0.0259568766975896,0.441115688210454,0.56793312668016
2601,0.094494102970639,0.0287524963022233,0.427543951650083,0.493827785387271
2602,0.0903417755782526,0.0310652407384745,0.389677504607296,0.447427770663209
2603,0.0971621975644383,0.0526908970881637,0.439277470693874,0.790429285398569
2604,0.117187792086161,0.0292963161677194,0.444295484992313,0.701801711622318
2605,0.0891072156399643,0.0239956388570369,0.445313785998357,0.436179713554776
2606,0.091524684164552,0.0224493445013468,0.44247838139311,0.448684607394651
2607,0.0783260852241101,0.0313508350924161,0.414004574745559,0.372472739596818
2608,0.0886341594550466,0.0307804792481332,0.44434252131426,0.570784973544501
2609,0.0955780899332814,0.0234386067395704,0.444806183464085,0.38493741643609
2610,0.0787124047260706,0.0393784298541687,0.418910777627959,0.376082199258472
2611,0.0681834778282215,0.0461334758368487,0.377543578679589,0.692617576697924
2612,0.0805947539406515,0.0389146819723304,0.428764643294231,0.652953258059969
2613,0.104410040092251,0.0329420737100251,0.446473455314148,0.603415160404915
2614,0.106910842311599,0.0221673403285453,0.41737124378699,0.581246814554263
2615,0.0799269359698548,0.0172377800928163,0.418769679056908,0.410846012630076
2616,0.106289202126304,0.0185723876984669,0.324733519562017,0.316496853149817
2617,0.0912960561410468,0.0241358749174224,0.354437288932408,0.492641299972475
2618,0.0926886139435501,0.0325303981950274,0.406061022693109,0.682027505070533
2619,0.099372087778018,0.030948879838975,0.446663658420195,0.653621048656893
2620,0.104237656256831,0.036492278631802,0.44083898567018,0.692626235146691
2621,0.109588042512269,0.0285738137640136,0.43021204679927,0.553277505219168
2622,0.106473759678593,0.0225440416971621,0.423697037102741,0.443590814277407
2623,0.0967199484450912,0.03912764566499,0.446750694062065,0.548234713011057
2624,0.0995317631504341,0.0255261121497518,0.427944351448994,0.666928677299027
2625,0.0966127124896784,0.0190146838119049,0.43651443327243,0.540503730896649
2626,0.100713672537452,0.0403072316024173,0.436938598557138,0.756363884422922
2627,0.0852852508057506,0.0383945822360451,0.437008826360848,0.649381530192304
2628,0.117324754533937,0.048332534671744,0.427619497910236,0.761515197798453
2629,0.0939069227003992,0.0247821951448419,0.43521954920197,0.301005124193648
2630,0.0820299768001489,0.0299757000929806,0.463273166563407,0.419562514444915
2631,0.083821047072634,0.0148054387579461,0.422932078154329,0.285293117843299
2632,0.0971642270469941,0.0206494081036529,0.438791704214767,0.545291830274674
2633,0.089118373217338,0.0317767163253245,0.438690329242373,0.445705207665047
2634,0.0862686359749919,0.0290828441321222,0.442485784029646,0.684225862615628
2635,0.101024705212237,0.0737888039084954,0.440120645245082,0.795874358799574
2636,0.0943036688338721,0.0903262397073503,0.43167405392729,0.82271652224264
2637,0.0861669020637808,0.0380276588637582,0.424297789217395,0.624515445617664
2638,0.0863362594171152,0.0286786699716046,0.43999769118227,0.57394054040927
2639,0.0949132329893114,0.0351695832898493,0.435930451517913,0.712100108824957
2640,0.100239246541634,0.0594655525755097,0.428728953870438,0.761753217342518
2641,0.104005705689645,0.0451856482776004,0.423918394476781,0.658002883266951
2642,0.0917519916898445,0.0236280204343115,0.377773956328801,0.359295278685938
2643,0.100612782606493,0.0288401286957093,0.364203073405424,0.463393854713964
2644,0.110877796350322,0.0191492721298038,0.381916673562601,0.397511127637395
2645,0.0920501250583192,0.0182184574669791,0.329692461760646,0.24707281866486
2646,0.0916596420504529,0.0534354607718236,0.441200897921136,0.818277793083246
2647,0.0777295535201317,0.0310989291474653,0.334816725031026,0.238075286204941
2648,0.0812339762334562,0.0365570536666517,0.347536702046754,0.330411894242868
2649,0.088512437768324,0.0204278503754195,0.425494784971264,0.372161472899687
2650,0.0770623149618606,0.0152697094250242,0.440747424853639,0.378947827361587
2651,0.0995245923958529,0.0276311803767114,0.432444527034747,0.531403381015515
2652,0.0749057734276971,0.0405112028854661,0.426074110453695,0.679513991437529
2653,0.0994627403560348,0.0262566920888426,0.433870925978394,0.566117111999559
2654,0.0982911306028968,0.0266100807311266,0.420963114803677,0.550904254208101
2655,0.106472857104967,0.0268522416498997,0.436507905907517,0.440301486292163
2656,0.086767936768879,0.0205318648678032,0.447044799044539,0.565207929761963
2657,0.100194662694668,0.0522057014863715,0.432958031791365,0.763459846035053
2658,0.0908451971150514,0.0844768062056828,0.427537302639846,0.823340474875976
2659,0.0976119046970309,0.0331799467097821,0.445955060281857,0.595719562490329
2660,0.0858176081382326,0.0222768192678804,0.326479424721437,0.527981731677076
2661,0.0978571931089122,0.0281974128856202,0.425985602549682,0.692005611132269
2662,0.0875906787076098,0.0464457522502978,0.434735141700927,0.669361022135693
2663,0.0805519227499314,0.0338742307404959,0.428142998265388,0.410110937243224
2664,0.0919160045937023,0.021976294472459,0.440514387146998,0.361858649543868
2665,0.0797802941588126,0.0422941868139524,0.409156733130716,0.597448164418727
2666,0.0784492770676408,0.0251509874700238,0.284804369373845,0.259125537648895
2667,0.102915452410114,0.0375031192123877,0.443182939359725,0.587756579211227
2668,0.10157574177949,0.0375623766988619,0.453560587278398,0.537414646797418
2669,0.0993506875099531,0.0201621197954224,0.437099305880181,0.350969963478463
2670,0.0911302271938521,0.0181103037404125,0.437599694924761,0.39951124222914
2671,0.101839952319147,0.0177593374091279,0.418462611505862,0.40711975087469
2672,0.0789129467808157,0.0184011431336924,0.440456463745894,0.500680468045261
2673,0.0866273690132468,0.02901724692004,0.438693838215872,0.548891701870092
2674,0.106208676889243,0.017299288203437,0.406025501189789,0.42340270921612
2675,0.0847551276558099,0.0238367038000326,0.401562521299694,0.344814471198548
2676,0.0891795997226501,0.024211109451274,0.373265444607275,0.387227809470651
2677,0.0899302924909804,0.0187400224125593,0.28197331249822,0.109460733451972
2678,0.0908434160792977,0.0204014476016088,0.432423613094845,0.442593181992429
2679,0.0960901349738822,0.0202615719419105,0.377697462294853,0.522559016202598
2680,0.093082477024371,0.0222019341657067,0.445873524674315,0.591632833669074
2681,0.0967751579424594,0.0234270851543932,0.433528685616457,0.569767008134347
2682,0.0969757771976277,0.0129341479964922,0.430920344527242,0.419158646428998
2683,0.0650322505546634,0.0307404398776072,0.435034959661706,0.630872347091922
2684,0.0869932072833031,0.02207401042556,0.366916297157121,0.490301503591068
2685,0.0962280996026513,0.0457806534607892,0.337015767086295,0.626467613989802
2686,0.0981553584740554,0.0339965736807321,0.423110253820313,0.513124284930947
2687,0.102556655016002,0.0243050197084916,0.423509015570652,0.507085045857439
2688,0.0965646586448662,0.0217463376083525,0.426489265416972,0.40989205877734
2689,0.0841685586880585,0.0451723520377272,0.430328485232079,0.766671449300258
2690,0.0905760419601704,0.044847492560962,0.418862921632661,0.636703284657471
2691,0.098129916841544,0.0256723222978165,0.358658325639402,0.54424512194897
2692,0.104317218841623,0.0321709094462641,0.496183873399193,0.441663615564729
2693,0.110594101040319,0.0240364025284573,0.393773165390819,0.478882068904008
2694,0.0918241942204359,0.0227718869998243,0.331956300697947,0.485693003193783
2695,0.0938372483736265,0.0425814650528992,0.327694776068375,0.470289488107087
2696,0.0850817230369793,0.0209987389260489,0.430754244026654,0.395950380237428
2697,0.0826603813381232,0.0281016704515245,0.434607413055791,0.516977265463994
2698,0.0876670034671442,0.0372762039486064,0.435900809120936,0.626725338953144
2699,0.084429848254542,0.027918929911293,0.435683320293991,0.546028152154291
2700,0.0867057862912807,0.00984246751131917,0.427965998628675,0.395649130141716
2701,0.0913168261963539,0.0318579261797496,0.436159983227018,0.660679443136874
2702,0.0924197033613113,0.0405645284136112,0.415652293482217,0.67098293309233
2703,0.0928035930418403,0.0371804869895818,0.423542996171313,0.723960472298008
2704,0.0877582084628619,0.0220704456736816,0.371429648356107,0.465462874289875
2705,0.086577293310648,0.0188601908528236,0.440133897561511,0.387339911665415
2706,0.0931668162667668,0.0309216791733537,0.382620584410592,0.540537688005822
2707,0.104519754898604,0.0215122483139758,0.427239440692026,0.574071906717889
2708,0.101811216767013,0.041791278549899,0.423218636225109,0.702537854019875
2709,0.0927217815568871,0.0263247393822265,0.424439428897643,0.59293981607822
2710,0.0858369820467267,0.0284983999661168,0.4427193353689,0.541828102967825
2711,0.0929633347996228,0.0281033034874034,0.423719357973752,0.717446682864098
2712,0.0999065841124986,0.0252778504769634,0.422147208490822,0.574461797817076
2713,0.0910397856369543,0.0190115502567116,0.435068742010875,0.454149470381558
2714,0.0968777537159966,0.0488607203663831,0.444110060024808,0.561180750203379
2715,0.0817954998789312,0.0517933090825358,0.361715437983167,0.404320108797842
2716,0.0810259587907833,0.0351851015196208,0.284786510383976,0.478959614546347
2717,0.0791801100443931,0.023280487524135,0.413886008799937,0.444574821845303
2718,0.0920436563132766,0.0447836877103043,0.617880295369372,0.700108670101053
2719,0.0941544704239674,0.0213698466730132,0.53267997792052,0.413038620350447
2720,0.0985421011505413,0.0190562895060952,0.671441369290567,0.314771794460044
2721,0.0945227628079726,0.0231050291280897,0.396039702559107,0.214742343921375
2722,0.099099990450548,0.0310450930555545,0.430208589345363,0.580039334213394
2723,0.111654798538649,0.0254356345408396,0.354388942139829,0.507563345183778
2724,0.0948180175967411,0.049101613320779,0.441770697460889,0.740656540445158
2725,0.0953215713830257,0.0991750660353719,0.447399406401872,0.861579333902532
2726,0.0884680281656047,0.0325422479383369,0.427804675840958,0.557566583468293
2727,0.0923383906087774,0.0362472357944964,0.423271489294762,0.571831418325819
2728,0.0754563653917142,0.0248154454258292,0.442405397761944,0.237387124198096
2729,0.0774790061314282,0.02474032947667,0.445783802130994,0.429300180257073
2730,0.0943142608038255,0.0316958295739675,0.483317065190976,0.518504002400365
2731,0.0891112549709721,0.0546843166659831,0.446432220468173,0.711674614121112
2732,0.0910977014689831,0.0194169521615157,0.436542468555254,0.514432603974903
2733,0.0873835490947135,0.0202557986752086,0.453248790167944,0.523401000638048
2734,0.0906160646219609,0.0248893605144227,0.422439407610153,0.57932860272465
2735,0.0989457059910122,0.0293940998837138,0.40924333594156,0.622204419823967
2736,0.0864968322058626,0.0228748115845729,0.430492922139224,0.596233278361432
2737,0.0891904296161111,0.0156716146684122,0.436125426939852,0.375076179927805
2738,0.0924330756739491,0.0214036563987466,0.418499818043359,0.422251475245912
2739,0.0928141024722692,0.0348956687865165,0.29151121318838,0.503806588806843
2740,0.0576788522684621,0.0225242409492711,0.0681912634970289,0.200296987718032
2741,0.064967744364476,0.0229898390206507,0.260445623567252,0.301335903319687
2742,0.06579754721748,0.0253597345900777,0.425558073631076,0.579920576834147
2743,0.0869742480324148,0.07291676436822,0.440755509194702,0.723853156349496
2744,0.111008933743516,0.048244787801461,0.311889120432376,0.808813117309995
2745,0.0849384382264161,0.0176854527313129,0.325413334983076,0.17470903122352
2746,0.0907673800334645,0.035169617216229,0.342370021018738,0.632865127024234
2747,0.0865276777725508,0.0418184145505301,0.436729325313377,0.602164537498386
2748,0.0951474080853104,0.0350244098084707,0.437557843831651,0.678590484896488
2749,0.100933051805961,0.0288477792942962,0.432608100266194,0.629656841524034
2750,0.0752682167036696,0.0256701202187337,0.39622871559603,0.364205604281458
2751,0.095427647137053,0.0357398218791055,0.443234009334871,0.483354424637463
2752,0.103992238254977,0.0232838841708424,0.439870694418011,0.442772923740333
2753,0.0967002548274788,0.0258335450816135,0.425349652634655,0.554965493732564
2754,0.0942829392662817,0.0308649502985788,0.428693834378845,0.576308593130578
2755,0.0848601645882659,0.0378993861107397,0.489294346888572,0.588377828751828
2756,0.0835624042107286,0.0260899405056692,0.427397384712808,0.462733969626339
2757,0.094651598558984,0.0286626394654744,0.274008993558011,0.496568066757475
2758,0.0936582509845435,0.0384159884261031,0.332012660083495,0.53816396931461
2759,0.0977046263080065,0.0254161441324904,0.426241702629482,0.298177804075378
2760,0.107404527314794,0.0207441983274669,0.399883175463348,0.394473077249804
2761,0.10982596673761,0.0351586307994437,0.440355982772731,0.690113617688284
2762,0.0768801400560514,0.0192867406216713,0.405566562192868,0.330009353984856
2763,0.0849270886557931,0.0190017763025165,0.264463290687307,0.181702977571707
2764,0.0944951783673772,0.0244980013519719,0.422162707157999,0.689250502886978
2765,0.0866365736560154,0.0341809219523288,0.436514083301345,0.696109464819073
2766,0.0875521060079433,0.0306047414330473,0.434077560537064,0.674948109074585
2767,0.0937955280847901,0.0486718134069426,0.443191585968824,0.751855210038113
2768,0.0957000159136909,0.0270844841350561,0.390365180624175,0.377984506261458
2769,0.0980984755459192,0.0204715354981691,0.438069291291438,0.367452852528824
2770,0.0849673832506383,0.0195056066758679,0.426032585565811,0.50250588352336
2771,0.0869519773037293,0.0284156976110105,0.406948766586423,0.311203549061938
2772,0.0833036211089256,0.0382244904192209,0.447857080265208,0.697237731484246
2773,0.0983305892085448,0.0248374244239758,0.305203197506043,0.462417086936517
2774,0.0951457628563941,0.0229565248698127,0.0896386664966672,0.325438772385996
2775,0.0924289309389308,0.0187797764307786,0.424273270115623,0.360154736446882
2776,0.0916235997812807,0.0210909945264671,0.308063690732249,0.392299883614737
2777,0.0818551776055281,0.0246559817199048,0.416478604727227,0.501630280191497
2778,0.0896142207798083,0.0277848403735945,0.284313800288479,0.563546823148686
2779,0.0858947067975466,0.0160083398987462,0.296907811393574,0.41896972585126
2780,0.0974777633579871,0.0238625336475896,0.262029159584463,0.450510584080318
2781,0.0770006591987153,0.0183314083792596,0.332355180675691,0.400003092588497
2782,0.0687118537137411,0.0289835266012098,0.299349165708681,0.294439177794361
2783,0.0915063375911561,0.0169102156495126,0.438549520495108,0.306481476584528
2784,0.0824954725550688,0.0213456317689281,0.422614284170116,0.318284416375279
2785,0.0923170639179205,0.0286826515793056,0.426728178111184,0.666811616759478
2786,0.0805576702982468,0.0574589921628546,0.425038738645999,0.676121982816567
2787,0.110992549171133,0.0261194829687048,0.434035233356758,0.576903778848981
2788,0.0953055936407109,0.021187474196936,0.44122931448779,0.458973913595526
2789,0.0942770440934267,0.0261058187646297,0.433584665711918,0.493795289795567
2790,0.108050461697734,0.0274016665060205,0.393780932829034,0.464464068596241
2791,0.0869613547431635,0.0626389365583458,0.42733176417903,0.890630605987244
2792,0.0858277325507584,0.021389620187287,0.423966968899514,0.486093582194248
2793,0.0929613726686467,0.0359545355473658,0.43144330467887,0.671294687618389
2794,0.0995598310017147,0.0280910744412449,0.422710821464893,0.732836394426108
2795,0.108805876583093,0.0201401138581151,0.354960832722516,0.359706213680305
2796,0.0952486518016462,0.0253278037554677,0.383691335795348,0.517498459934254
2797,0.0902824746032491,0.0246237560895184,0.440474361101996,0.571379757040637
2798,0.0837796779578152,0.0333030063115349,0.431786980745517,0.652203590281862
2799,0.0837151046366953,0.0221842199632946,0.426577836017371,0.345500624930592
2800,0.0728382109854293,0.0252928228905846,0.432967843815914,0.54796472598996
2801,0.0872677054394021,0.0369960323730319,0.440047962489677,0.635329162344145
2802,0.0667179554217124,0.0254201998988428,0.339152603556794,0.543803950597059
2803,0.0864270728473614,0.0212208949754818,0.43057496585672,0.521099172223873
2804,0.089677350372037,0.0402444074413296,0.435675008594768,0.750877317062116
2805,0.09115328517607,0.0719377923389859,0.444079614931909,0.806077294212823
2806,0.0907928062992663,0.0637467310433685,0.446483304457681,0.818269180573077
2807,0.0874875208200502,0.0458340562813529,0.436885020621818,0.760743717502775
2808,0.0999565725022174,0.0429933218634422,0.424771027237084,0.728758921226657
2809,0.101232223328341,0.029308915303952,0.441922872543265,0.546714292412532
2810,0.102642317443743,0.03630914257786,0.424949220079715,0.533205194311235
2811,0.0937482032652384,0.0224562764926779,0.447549891468102,0.416282052479037
2812,0.087558080319939,0.0201889370542196,0.344521688072123,0.199633017899637
2813,0.0683810196251907,0.035451735341511,0.463754217202492,0.459763619361267
2814,0.0822469225390441,0.0313689298317039,0.424413312579123,0.652679027266232
2815,0.0894205948245452,0.0236560000535315,0.442390146757823,0.505688809779874
2816,0.0822169985302592,0.0286653944053135,0.445013558743345,0.486348794247699
2817,0.0894246277645159,0.0156513155699544,0.438533332863449,0.444700302332198
2818,0.0924614760240138,0.0301722729470871,0.391558243565159,0.628836415557967
2819,0.0876107573079526,0.0193856228126311,0.444558898087022,0.412081190861283
2820,0.0954277421980257,0.0260897631090029,0.440993320699595,0.563605114253682
2821,0.0889821644025817,0.0260376693302813,0.137324712533315,0.324482166694798
2822,0.093723548235107,0.0177480829135761,0.166996466824755,0.29602180989964
2823,0.0837619288817557,0.0227694335528516,0.287839316382294,0.276200134283328
2824,0.0921820381629426,0.02163670032621,0.294646834781801,0.362690920916465
2825,0.090748151266815,0.043167846979865,0.36667956544407,0.583055295025501
2826,0.0897583931072459,0.0295911869864834,0.431396718992619,0.548362753987379
2827,0.0885374607797171,0.0413954595506824,0.402310944546449,0.727401992040647
2828,0.103980586424859,0.0283162432264022,0.415225629625265,0.4871831023952
2829,0.111178763103773,0.017149289876193,0.420205989556092,0.536136718225893
2830,0.0975142171509893,0.0344926766142152,0.422553547077117,0.69321245738704
2831,0.0819985481213392,0.0221764267537188,0.442259753186774,0.418821916250305
2832,0.0899652267373147,0.0263178068888302,0.441626067689111,0.485387015911425
2833,0.0906272442944132,0.0214167870712628,0.427469144207699,0.621840993184696
2834,0.0964425844564706,0.0248705132356121,0.463280542511128,0.572235594800925
2835,0.0957699906283955,0.0179479278136004,0.340186212104071,0.447353394837353
2836,0.0878962703342446,0.0364731154273579,0.344867025961382,0.446686108552753
2837,0.0751594937005667,0.0237915658185991,0.324916497299763,0.500433699761991
2838,0.0797935203725928,0.0260984103762471,0.557932131453279,0.490328295788465
2839,0.0879122295386897,0.0291566862772747,0.547290797957639,0.556572193260871
2840,0.0996377390736984,0.03627714890082,0.617693580218211,0.698638013338174
2841,0.0872002811077995,0.0247654748531451,0.44928294032336,0.366960191545434
2842,0.0764537893910132,0.0235709235494968,0.439200536851946,0.414894762877819
2843,0.0881303801796294,0.0349464693347814,0.431135077031789,0.538602669411838
2844,0.0878344342033416,0.0221930643146562,0.322324602743994,0.408722685999474
2845,0.0958237714228234,0.025561310434382,0.309507439880517,0.40121225561089
2846,0.0930760817077697,0.0292687961735825,0.440742632653364,0.571599570970577
2847,0.0808291070972864,0.0241960865204048,0.250901852468546,0.442058869545007
2848,0.0885295445194758,0.0303551446152721,0.245666754192985,0.588926905528019
2849,0.0759432574875813,0.0274215353728426,0.251444725195001,0.470352088081017
2850,0.084667280884666,0.0194365970660992,0.295415589769766,0.298975610650307
2851,0.10327187875106,0.0557561673015288,0.435447464231793,0.79993008952258
2852,0.0938358401625746,0.0779137051687194,0.439464726451439,0.798603957998642
2853,0.0934212246401473,0.0338682360010701,0.425375231257788,0.743320026919889
2854,0.0695397924355503,0.0175717273612823,0.32727856609999,0.296702062702019
2855,0.0714255180774428,0.0291577397368052,0.350955398954883,0.275841006553841
2856,0.0901479243257738,0.0341821833713438,0.438397310111428,0.656532125390717
2857,0.113069039709377,0.0316418648957829,0.426028529260625,0.702993335472095
2858,0.0892784503466666,0.0388622032730149,0.444574155239324,0.660309734949067
2859,0.101454237301955,0.0203558666993699,0.41320576642256,0.46126741838086
2860,0.0981243527040637,0.0301731395959335,0.563468555613077,0.554940939550344
2861,0.0852643714495593,0.026369299628124,0.818325592578138,0.406139041127336
2862,0.0892825547548625,0.0319979682525392,0.581850214797027,0.363964760643826
2863,0.0944306982027426,0.0396220468795337,0.771947068781012,0.728832790955033
2864,0.0846871864968307,0.0418201677672705,0.713225322728933,0.596364251351721
2865,0.0967142018613882,0.0444921907892443,0.700553504172523,0.69414514352306
2866,0.0907690197449884,0.0383191492875355,0.747899424784874,0.287390511547833
2867,0.0852966843131445,0.0561526452264867,0.876197288705027,0.713461329854318
2868,0.0736559993684806,0.0488430486479691,0.781674725790344,0.606625974378255
2869,0.0760159644481629,0.0214318438256279,0.759148794921174,0.525276877756778
2870,0.0863267617504923,0.0374415102196934,0.662245221722167,0.532891752260536
2871,0.0838257509636107,0.0204613158669281,0.829961576962112,0.464139711764066
2872,0.087081959912065,0.0198836672878936,0.871327368096697,0.560991257789189
2873,0.0808748555055436,0.0212491311061524,0.943108736195211,0.476120975227555
2874,0.0906102992444627,0.0292799184809038,0.875308873733421,0.64411806005238
2875,0.0857393571303598,0.04801283272429,0.800788036536064,0.714834834136361
2876,0.0878004777126839,0.0254126970823056,0.618782810391233,0.378576536195422
2877,0.0696245805581699,0.0395971607948657,0.69263689076985,0.667909899493877
2878,0.0662497788451465,0.0446786265112415,0.614504588831818,0.559773511345017
2879,0.0807155923265524,0.0556171078470711,0.899050755856658,0.843604535801973
2880,0.0951357212737427,0.0272613836690738,0.774373517405947,0.55641771927386
2881,0.0761276848000503,0.019752989333949,0.652794322167697,0.388264358653681
2882,0.0839127526898304,0.0357889257658122,0.62604669068805,0.603123674075856
2883,0.0800567162618818,0.0287893656319559,0.566659866856248,0.466695931468315
2884,0.0806577725670743,0.0545466317373955,0.718951600252236,0.714148953265632
2885,0.0868391429077078,0.0375039827394212,0.782440147495617,0.652837128341246
2886,0.0786324094290409,0.0402748742817035,0.965928228470646,0.67747839084
2887,0.0710274545707669,0.0268364469868301,0.837751704332054,0.524715212710624
2888,0.0769342348913273,0.0319019902014602,0.772117913451121,0.631812691143793
2889,0.0798419999231245,0.033380263578107,0.645011305496689,0.573646144850118
2890,0.0925618629974089,0.0327310294630346,0.628505014525505,0.507822956060255
2891,0.0902581429415573,0.024281786119806,0.589671388907949,0.418341974551209
2892,0.0840937735965948,0.0264192593046255,0.725660030704327,0.499414005526203
2893,0.0724016376797065,0.0319898630822586,0.910443531317066,0.540510722526305
2894,0.0728750186859205,0.0449727396993569,0.766909957616946,0.727707693785092
2895,0.0824938146589126,0.0329206328087627,0.830613549199876,0.659978833795089
2896,0.0814795827285913,0.0270795214408365,0.747554204895323,0.641330424984157
2897,0.0876587937603167,0.0260652520944435,0.657205425038542,0.581837498432577
2898,0.107719299495412,0.0193198625674335,0.788972941728633,0.520942531803884
2899,0.0842037428987491,0.0442470776685833,0.889719457185855,0.712432614724641
2900,0.096604612086706,0.0496380384501183,0.809530307993707,0.725113143485089
2901,0.0785863740769762,0.0190314633333027,0.71079528911693,0.360375808955399
2902,0.0916230989932502,0.0282841804329467,0.735246810556919,0.550229090965936
2903,0.0864993940754852,0.0535740421349843,0.88761524435993,0.615740524369717
2904,0.0875862159284457,0.0279373250232275,0.731152299400653,0.390645009310078
2905,0.096913805817396,0.0396464925661791,0.590520761762195,0.690537295866687
2906,0.0982845946171016,0.0176701870930249,0.6262989419501,0.412973690108978
2907,0.0798340907203808,0.0331002185872825,0.59082950964653,0.534662982035749
2908,0.0896325453556434,0.0199267407408047,0.950527531704939,0.465794635118064
2909,0.0885179193361478,0.0460341273806158,0.971698180085388,0.617057445833118
2910,0.0899616584138348,0.0526560450226693,0.787238645260887,0.727230472282916
2911,0.0912398616497711,0.0456827687910854,0.71351069695573,0.689606118211343
2912,0.0766273415471419,0.0322827151676704,0.563496372704166,0.651058529981655
2913,0.0713830625527401,0.0508047300695852,0.602524546823019,0.73579476086883
2914,0.0864813080800453,0.0293317108804442,0.522873725032129,0.480148273784467
2915,0.0785398376578696,0.0446523581997772,0.521966963131282,0.402623162953488
2916,0.0997698214339361,0.0233909169516725,0.402193628309778,0.333406566281929
2917,0.0848472893675536,0.0341681822112344,0.443657836116893,0.632848547800302
2918,0.0665264541261005,0.0596179059085612,0.425043414425459,0.761880049140395
2919,0.095837431604058,0.0286837312188909,0.425672032130837,0.622810082857246
2920,0.0910836655881618,0.0216450793241057,0.343737039245759,0.350586365317424
2921,0.079548225492276,0.0262306266952695,0.370176035746628,0.580525032721434
2922,0.0954600413800427,0.0435362441915076,0.435193492091502,0.685068902343578
2923,0.0906868407637357,0.0288862450972127,0.388651997823806,0.430210879955775
2924,0.0909738928332848,0.0208490611783759,0.454614692917246,0.384551990018022
2925,0.0854917292596366,0.0368656258544171,0.57434562937957,0.534791187283191
2926,0.0868722354678189,0.0807819627510891,0.623851361335872,0.763281823054434
2927,0.0919697483791751,0.0312101525951323,0.962728889733105,0.687834394399601
2928,0.0828606329790906,0.0489443898039489,0.908332308464034,0.57299262478318
2929,0.0633832780398367,0.0291505501199182,0.746680762470846,0.475105398999393
2930,0.106909587435286,0.116557945420818,0.612413252892144,0.878272458997304
2931,0.0887140190064741,0.0965119114791716,0.564349286654231,0.904816841593893
2932,0.0782227201309426,0.528453244136434,0.798477586102607,0.96771567737258
2933,0.0832984711289261,0.210432449032614,0.667899505940204,0.926877951002275
2934,0.0698346680802908,0.0738860239908069,0.701792686421828,0.77890564190884
2935,0.0900114543908468,0.0522925464807133,0.687500700335699,0.765753146533756
2936,0.0873017404289916,0.0638126121296776,0.605747891567069,0.837283682909408
2937,0.0981152487797506,0.0245759858806628,0.740259478281733,0.715603635632165
2938,0.0935377546223283,0.14012115656403,0.568013897610338,0.871688142361543
2939,0.096999701665331,0.21147114206023,0.436140775218727,0.925470038933994
2940,0.100651784174705,0.166969132127544,0.423856835169192,0.938041922107744
2941,0.0789219308570524,0.379564776291911,0.438020097848334,0.95899768654002
2942,0.101033092081351,0.0967793594304045,0.453997880990028,0.899556069184685
2943,0.0996095977214276,0.188447963003214,0.427205236502203,0.913839737769115
2944,0.0855098825619507,0.166822439524125,0.438842247339838,0.920935463854517
2945,0.0958353146009517,0.160057266800348,0.428647385357332,0.942553954200363
2946,0.100723065263389,0.421203970829511,0.474783121889146,0.964419909301821
2947,0.0970138011772299,0.159658656879794,0.440363276761384,0.928608433556452
2948,0.0816291737140339,0.0498667882300608,0.426283212478755,0.768048545639987
2949,0.0937434889617439,0.0439626841703488,0.432157395746164,0.808083495718718
2950,0.0987871290127238,0.0482510695580097,0.435860739138579,0.774946434756088
2951,0.0866585865450579,0.0211814881444142,0.446169854297453,0.333398474662953
2952,0.0819071415282248,0.0328670027006866,0.460334880719719,0.461739037777451
2953,0.0921072351936592,0.0232874818785713,0.438072349718907,0.65395112169542
2954,0.0963583310088264,0.103482240936036,0.3689593937139,0.787987410007218
2955,0.0974734526282058,0.0437811184864005,0.427741066207111,0.673893211084043
2956,0.0992965663798972,0.0978924148839991,0.437385341110573,0.902505205723901
2957,0.0916453905910557,0.106284932134349,0.436602393427287,0.890762589824991
2958,0.0846293708851107,0.0406399437992888,0.4422304112835,0.753061435829647
2959,0.0865089085541284,0.0378271708411507,0.437920828334669,0.594118418875713
2960,0.0991427464692079,0.0268823832987193,0.320126111932086,0.587637788497782
2961,0.0903950463904954,0.0231491199183487,0.338905160629711,0.525624394760254
2962,0.0995967668452818,0.0253196384037915,0.438110462085657,0.631819749278662
2963,0.0842638263860105,0.0312547018714138,0.425328949762274,0.566507682520502
2964,0.0918170282982325,0.0235980058798719,0.442459582519632,0.517863286095299
2965,0.0946780092628522,0.0185179340886285,0.299269278081798,0.403439659788276
2966,0.08332345651436,0.0282104503753873,0.26470588176709,0.228946961366403
2967,0.0925243120127144,0.0285317688611206,0.43665928319341,0.429237210338449
2968,0.0884593572455747,0.0425177261279265,0.328509855384022,0.368963363803952
2969,0.0859600672608734,0.0338997103630468,0.584766537849897,0.501328946008575
2970,0.0892441025384261,0.0211791968733008,0.748580954248057,0.572414174736499
2971,0.0752380919526135,0.0799707494880377,0.695150386961975,0.822126078240561
2972,0.0755963836475124,0.0701269533099796,0.570035889768335,0.842643160622482
2973,0.0967862501069437,0.12969189121525,0.696007203978231,0.880239297573047
2974,0.0979722145451589,0.0367064262638654,0.603382832312895,0.732775956798449
2975,0.071126379942808,0.0557758983530835,0.583513948578349,0.726860548708894
2976,0.0915397546161973,0.0588800228024763,0.928917205091646,0.722906487902504
2977,0.108335222663717,0.0367804199521003,0.758357200547879,0.713844785924393
2978,0.0965905544401156,0.0405121140837485,0.609701087922735,0.6673805926896
2979,0.0835398434512408,0.0439103604402932,0.731893721175232,0.667460738374045
2980,0.090722307195547,0.0422358976071611,0.796871961747932,0.722296108960045
2981,0.084382011974061,0.0732007130416796,0.588416040560458,0.777194448996346
2982,0.0946877751990391,0.043219310540401,0.678360078909221,0.706843627592425
2983,0.0995999320108841,0.0261429980233643,0.694975640946874,0.457324743348716
2984,0.0869922564401324,0.0653048869010978,0.715749504900626,0.768473075110201
2985,0.0735748893300051,0.0446136227584853,0.890269923599455,0.735674631772253
2986,0.0821008295532117,0.0348948806673814,0.885853700918982,0.679463619906458
2987,0.0846336029314589,0.0428244868357563,0.859186612091397,0.729436549507
2988,0.0744885761699938,0.0202153164046876,0.792336904619888,0.29546307035625
2989,0.0778804360553466,0.0319274318612675,0.628670007255954,0.655585674208767
2990,0.0946562059416408,0.0754710753663817,0.579048217031632,0.752642967232949
2991,0.0740116555102356,0.11249516940483,0.685338576772973,0.838060224917089
2992,0.091949431502839,0.0453050948165058,0.723422122984031,0.815085902979209
2993,0.0931065666704355,0.091673212530294,0.649022406807857,0.910889162419572
2994,0.082979649201371,0.180971475150215,0.891227102718996,0.908746896883634
2995,0.092170415635251,0.227252613027428,0.857073487394419,0.938898763697677
2996,0.0845193571171119,0.093451501546667,0.967371860642574,0.858388046750297
2997,0.0800731657278471,0.0904712971441985,0.742852335895489,0.886804993614708
2998,0.0883754007600801,0.0609385045955059,0.945891230429353,0.849210606215246
2999,0.0858242774296715,0.0287799181825221,0.838473711237202,0.518611661746645
3000,0.0712696734691849,0.0354320975294702,0.770261190523617,0.735335859744312
3001,0.0906225802634845,0.0364682634005654,0.645426230711229,0.724492469832608
3002,0.092631895021148,0.046943979103439,0.437975101394346,0.530953075921986
3003,0.0948724772106498,0.0445924150472034,0.423057779541824,0.6156124625831
3004,0.0913799870402122,0.0265667662432982,0.413508961485898,0.551593353375276
3005,0.0924699823077012,0.0397998702940471,0.435569330826938,0.720424882644839
3006,0.0978435921989342,0.133043496614262,0.440816839290416,0.922827025986307
3007,0.114047153921415,0.141370821932851,0.432883537577641,0.936418875896809
3008,0.112399588047222,0.125047222667205,0.430223889538819,0.90044748274411
3009,0.100002857106682,0.0190620120774865,0.429883391999606,0.445255677169885
3010,0.0939114475239068,0.0195953430742297,0.4316579029438,0.465397714592491
3011,0.0789741630471789,0.063723817220762,0.438914474939938,0.711220102703632
3012,0.106141577456852,0.0231684242097344,0.40263054183234,0.477484118128519
3013,0.0880400691580082,0.0223411976396462,0.408481946171574,0.439263589020893
3014,0.0877486058141368,0.0232294029781822,0.476546787408745,0.503905103178063
3015,0.0892103166583235,0.0405111177505277,0.426821919154832,0.757714340431735
3016,0.0885532645823619,0.0339523241533999,0.44204577235587,0.631593688783158
3017,0.0917465752995193,0.0564382307960949,0.42495910387183,0.822287379471817
3018,0.0928398550995396,0.0459615440703014,0.446341097838914,0.803509951232949
3019,0.0919311887913903,0.0250655142838534,0.447133139811323,0.62437647369566
3020,0.0914082866753507,0.0208278960951661,0.401907704666543,0.509050994860372
3021,0.095155072638231,0.0358013663605287,0.30730216923836,0.639200879108647
3022,0.0921654125167116,0.0243947376800645,0.469238440349151,0.281270531772329
3023,0.085222832701046,0.0347078386057885,0.80998125455385,0.614015976484342
3024,0.0684520752412364,0.0388932417231833,0.630658560247005,0.553911972852446
3025,0.0997045393732221,0.0435946144113216,0.641143634907773,0.571086062486997
3026,0.0949160536072045,0.0236959325554737,0.691947690418562,0.482529478251674
3027,0.0743792790059574,0.0210021940172157,0.724099789461402,0.346103938642315
3028,0.0810423425092788,0.0307362970774179,0.646613634569533,0.497651812147378
3029,0.101913111526928,0.0770737308307646,0.529652084966137,0.695485001933071
3030,0.0793305658570917,0.0510482832118982,0.693621340915024,0.679121134533844
3031,0.0781993537645092,0.0449341703307162,0.842450596785668,0.729959751368647
3032,0.0919860199844359,0.0722139891433436,0.719490683517653,0.860664864011206
3033,0.0746812462813751,0.042963259291237,0.872692053251556,0.744778080388788
3034,0.0803216383570107,0.0282023256684985,0.88168415915397,0.688971183559565
3035,0.0726580984169483,0.0250240744331468,0.891528996206324,0.227905259161071
3036,0.0938373180458229,0.034447139670544,0.803370487393078,0.551440331368275
3037,0.0859165469749404,0.0377764540451722,0.713261822436058,0.681911585206292
3038,0.0868168850103478,0.0923300182056797,0.658086047309136,0.855068179951147
3039,0.0825732159584882,0.0776973907821004,0.669681663547745,0.835827736102434
3040,0.0996243218971303,0.0358428327999895,0.845721017033936,0.721052861442331
3041,0.0782770987873764,0.0990614305303741,0.918375866954317,0.894406486147959
3042,0.0867623695265432,0.0540468572937719,0.936472754467192,0.84936296334373
3043,0.0858488102782824,0.0671813158964157,0.744224195582358,0.851648910955684
3044,0.0722000881734697,0.0734154579564279,0.830602457072918,0.864920015270282
3045,0.0851248931701448,0.0595251338666258,0.907056334530499,0.698584332016153
3046,0.0645943595528242,0.0771983179427947,0.877994300219918,0.860638318032461
3047,0.0831702749178837,0.106181760403055,0.877821369632289,0.86911237702838
3048,0.0873467299959667,0.0480502695654583,0.659358074585202,0.624784893858644
3049,0.0784310946892054,0.02343617698698,0.854772842030485,0.329172053463781
3050,0.0830216166932113,0.161421102918807,0.813119926901381,0.939677572784117
3051,0.0884660814679711,0.108606327009297,0.893491863271842,0.91966181779432
3052,0.0803715672278384,0.0367723179937068,0.920986613777732,0.728383206039605
3053,0.081810798935442,0.0428337685124521,0.820375129361094,0.674913568225308
3054,0.0819951264300559,0.0868926710956859,0.659975387794136,0.822987481448169
3055,0.074088492646627,0.0883666478473482,0.853604072797333,0.845615388523509
3056,0.0776973421415486,0.0437006318436613,0.890396862987497,0.602244627008918
3057,0.0843696137247731,0.0474546087985527,0.928104921229308,0.561686212266759
3058,0.0876039035800513,0.0371669000555437,0.762594701445842,0.62650712799346
3059,0.0782476288883778,0.0338835167911392,0.644042236452965,0.657069808341454
3060,0.105447725952743,0.0395686771198864,0.600251807015617,0.684175783333476
3061,0.0859298822931169,0.0286143850915469,0.623729765256465,0.493240484246548
3062,0.0935309313593124,0.026558964743632,0.482909142387742,0.409381360415098
3063,0.0806919067635649,0.0185748732572544,0.440661362437843,0.446647327391013
3064,0.0838831332640525,0.0241550412529237,0.427617446279699,0.376708868908964
3065,0.0803917779246646,0.0297399043803787,0.424286962714526,0.540530135139862
3066,0.0893841402873058,0.0256653594592306,0.441927872974081,0.595604467345142
3067,0.0911918072859022,0.0393145864028993,0.444048871120937,0.765551148938646
3068,0.0971134199228573,0.0213394614090025,0.442315874797772,0.477261402579435
3069,0.0922984346205212,0.0401617630060218,0.444750659011839,0.695370342151087
3070,0.0743326710391469,0.0201923616028406,0.42714671945685,0.300354602489425
3071,0.0753139515589557,0.0261396077787528,0.447012387564002,0.469017423188712
3072,0.0729072838398268,0.0249041990776954,0.428541091534945,0.526202950895921
3073,0.0965613052135462,0.0388913924830017,0.537624510620859,0.341978804692349
3074,0.0938562263892868,0.0334080693265251,0.427654497701379,0.512423506636816
3075,0.0681373907316002,0.0507065146002601,0.389369218483814,0.689602982825685
3076,0.0835520995221049,0.0332710991918079,0.438073684525276,0.700608356446624
3077,0.0833992295244221,0.042989971075231,0.423038977636328,0.751572354045645
3078,0.0792801789273178,0.0457839295744958,0.444221344054479,0.707890415644266
3079,0.101553649228987,0.0512995764264768,0.438459399029332,0.787816128147198
3080,0.096980128963702,0.0303605219385958,0.436068691755903,0.61262897284129
3081,0.0955301293322857,0.055862973414622,0.431108144825271,0.753768861808718
3082,0.100109744779956,0.0244349503248946,0.430659591444544,0.510170961487774
3083,0.0975809638508058,0.0330514010908443,0.41667432385903,0.696797349118037
3084,0.0870350765697833,0.0179058815827779,0.409756421835617,0.48368454120645
3085,0.0909215036962654,0.0268478827506313,0.43565873717893,0.565303190288609
3086,0.081117829649547,0.0242218980959414,0.440873827559982,0.498428873500413
3087,0.0896160033311248,0.0330407165824963,0.444764660134343,0.67615005849075
3088,0.106720971249299,0.0220844121650262,0.4434733474808,0.572207696467482
3089,0.0801606274538589,0.0156466024122618,0.430630485218917,0.587736654147637
3090,0.0953916597394986,0.0239585769265654,0.448585764208089,0.597919644638898
3091,0.0848260489731707,0.0275847600852946,0.433472764344086,0.667038269204595
3092,0.0698042198382496,0.0261588222816544,0.432216185351146,0.470701874601431
3093,0.0746751079378144,0.0612405890065989,0.404447946262702,0.724747122953812
3094,0.101143412894754,0.029701826087525,0.427019481325085,0.511894488598414
3095,0.106287830045238,0.0352568282406078,0.396776770793892,0.447183663010396
3096,0.0967371426149261,0.0246318930033871,0.312349943780292,0.367743389390128
3097,0.0944835952551483,0.0244974460675138,0.315041494454467,0.513374175539378
3098,0.0883709132899817,0.0250042621711421,0.422794327465554,0.442557537383793
3099,0.0868287686102476,0.0464461742558717,0.438847355291281,0.694826633989002
3100,0.0830207966962014,0.0240919879010579,0.422342828243274,0.484048265535303
3101,0.0952809329032475,0.0358145420247134,0.281404684667605,0.532682851607694
3102,0.0830411980566545,0.0425166788671608,0.500178729917253,0.516539517458048
3103,0.0794752504779257,0.0315719013984298,0.548448830509227,0.331139887365369
3104,0.0617707565229621,0.0465622761417632,0.653377601092244,0.635782935122994
3105,0.0769908167952001,0.0349043985088893,0.674591840933609,0.552093869949456
3106,0.0735068820333441,0.0236885470066187,0.660987656407697,0.355722935876844
3107,0.0837594491238339,0.0291448009908351,0.427831564647977,0.413459894363607
3108,0.0951561345108237,0.0189555322001789,0.405168473853646,0.552350618373773
3109,0.0693353258934587,0.0254368700936,0.677328605243264,0.478464797406207
3110,0.0738594428420604,0.0227447386923748,0.693218403066731,0.476244989307589
3111,0.0883200186395909,0.0338034579772896,0.614131215322986,0.543687074448474
3112,0.0915451026220127,0.0261212066675205,0.78960924022838,0.600068275063528
3113,0.0870342542834302,0.0456448416007265,0.847541343499474,0.737676510788774
3114,0.0814473367920248,0.0432313301868555,0.583452717634593,0.680916478589299
3115,0.100636032840496,0.056844138686533,0.620562419383423,0.699070587001502
3116,0.0745281707419974,0.0258561271531776,0.665321177753503,0.570468120897508
3117,0.0903960190521943,0.0332232268864785,0.724872602187707,0.616958197566378
3118,0.0819111503930844,0.0280778443993845,0.820744670522548,0.599392873914644
3119,0.0839894949838387,0.0352368192643586,0.984107525846707,0.517083053453614
3120,0.0850283418170513,0.0614016625713023,0.91881335511141,0.799575329724623
3121,0.0891860109604527,0.0440632990668031,0.836673329808898,0.754978037183395
3122,0.0820535608002246,0.0290115571474105,0.662304648126829,0.52499251755169
3123,0.0841865020307047,0.0687359308515757,0.849885082020196,0.782666321334192
3124,0.070576305409316,0.0690554228364096,0.806970967834693,0.82038046684035
3125,0.0885290961448124,0.0476109543677945,0.684344890155818,0.696156048862764
3126,0.0827516026688662,0.0282589067479524,0.661107538197295,0.632981506430899
3127,0.0915082593344512,0.0406732437581307,0.713440441974925,0.526424265435623
3128,0.0847096198673142,0.0199800921234079,0.600069373821228,0.223325954650107
3129,0.0844142591502781,0.0314766191107343,0.689362152848602,0.389697926866602
3130,0.0883929135094739,0.0377812317315176,0.614963794493162,0.375513012568644
3131,0.0710334597342416,0.0291551409542081,0.691450504629034,0.556189241954208
3132,0.0635190894999773,0.0233754537941795,0.694565199904926,0.494916159739484
3133,0.0860956214531653,0.0266518331211431,0.583892074574463,0.523902517897372
3134,0.0879597167469362,0.0170334076864948,0.434465685716987,0.39705952570489
3135,0.0851840225076102,0.022479624939163,0.42392049643623,0.376331511765653
3136,0.0930700588565501,0.022885236091267,0.394005029094964,0.419568657619539
3137,0.0820705917954261,0.0289311587794463,0.431658571303935,0.54179683464678
3138,0.108765879551878,0.0453699170882454,0.437796254720633,0.667160740217632
3139,0.0777083876116775,0.0241113178652921,0.42409045793368,0.392406521516575
3140,0.100670133619965,0.0191772450465989,0.433811857621337,0.610844014703166
3141,0.0930637070528807,0.0260166952741007,0.358662122790033,0.17866161193816
3142,0.105694421586666,0.0299729078956015,0.320507080488553,0.588162336641805
3143,0.098812924149417,0.0218102980125443,0.294770772730178,0.22869566606777
3144,0.0900018185779114,0.0364239361245401,0.430625649761057,0.515610811981851
3145,0.0779436096294085,0.0257619545830761,0.22571708432728,0.171886570898926
3146,0.0905410961985424,0.0297112378580059,0.0692040970199613,0.416683342045124
3147,0.0759097209527187,0.0260104095815945,0.366062300870489,0.423525588304983
3148,0.0863177260436223,0.0201388925498427,0.293581678451559,0.389684923421224
3149,0.0957104954487537,0.0199870093005887,0.441875454298001,0.58802269710676
3150,0.098115540276027,0.0433890429535694,0.429916217673511,0.730258911907106
3151,0.0791693391712173,0.0541039690972171,0.431568271298437,0.782683098094647
3152,0.104958720592127,0.0970669959197333,0.427014607910796,0.81222278113016
3153,0.0953452183157967,0.0580604614600347,0.431373055871679,0.831203222525845
3154,0.0967679181082345,0.0233837217160413,0.437374625561684,0.429510708807878
3155,0.106225190671774,0.0428029097695739,0.438717677782354,0.555806143996393
3156,0.0831410954530391,0.0432225906360844,0.434843217719957,0.717442841138735
3157,0.0893951422508461,0.0349690750018192,0.42466089741033,0.700463290365089
3158,0.0859805735969402,0.0592202616128309,0.432767135175216,0.779018013802783
3159,0.0992708810030594,0.0425181497139615,0.427521791259577,0.729090329113312
3160,0.0961117872368708,0.0597428331692559,0.446981151623495,0.62806307141404
3161,0.0887066824494957,0.0206618790484542,0.441754830369521,0.380393992014092
3162,0.0848192537825955,0.0213274637860538,0.424588902444835,0.462649445918251
3163,0.0830334659531004,0.0330703258839216,0.428953966968457,0.702649010655076
3164,0.0831085923426458,0.0306286626065348,0.650348882938028,0.385211018909786
3165,0.096993012541385,0.0226469691316252,0.693812003281141,0.345691718309084
3166,0.0938692700352754,0.0355705749656605,0.569106443021708,0.494243079844688
3167,0.0806528756084321,0.0202870428155856,0.666332928690817,0.519136963338077
3168,0.0858431024894523,0.024415029737014,0.845196351355937,0.337953969715349
3169,0.0835869684507037,0.0855286969651764,0.954510628389575,0.794244277125947
3170,0.0920775856876192,0.0569271732086029,0.870885495230213,0.806088859612798
3171,0.0917484860918109,0.0299157548468174,0.737269364813605,0.580115114622344
3172,0.0848422858302614,0.0335759561658061,0.653446128397114,0.649043918646185
3173,0.0827055195671497,0.0577311728512718,0.49946431007009,0.752473296083072
3174,0.0815272501924729,0.0544567408568584,0.462602901310619,0.693387481826469
3175,0.0731566240057307,0.0231743554044224,0.435502108858909,0.483290385999998
3176,0.0827081475876595,0.0164304253610576,0.442632615854525,0.43810297218426
3177,0.0877485982780372,0.0322896866068966,0.422776349268618,0.498760000553793
3178,0.0989304073461673,0.0243500011757731,0.423838474856527,0.62241511302086
3179,0.101393243761379,0.0213631341612911,0.429381176743373,0.473602031720269
3180,0.0917662367232277,0.0477313443381314,0.427636791313415,0.709091272794615
3181,0.0962222236641302,0.0877887429583092,0.427573018368638,0.841035694836776
3182,0.106431794420385,0.060621291455779,0.446096995250164,0.784112011467282
3183,0.102189864205488,0.0396076229809817,0.435945759048894,0.821716238622294
3184,0.0863873553415377,0.0304492224055303,0.431214862084928,0.680785513945415
3185,0.0915030590567115,0.0275969241017387,0.429154625637526,0.417579624912926
3186,0.0947755916858154,0.0266465934854436,0.440099410376612,0.564166600853293
3187,0.0757663252365773,0.0863807712917892,0.437367134405287,0.820271396391458
3188,0.0905870436188113,0.0669052795530895,0.43003281595924,0.856229074291919
3189,0.100669914165428,0.0704227264902783,0.433137078997591,0.822444434179999
3190,0.0852136115289427,0.045223255176189,0.424340835629585,0.743372333558052
3191,0.0925821849230017,0.0602897472087887,0.427653584489644,0.850431463149725
3192,0.088922761925332,0.0231245274261748,0.43770764412949,0.242911062139311
3193,0.0961029298732424,0.0473757465971013,0.396458059841502,0.627015510910896
3194,0.0828848159025131,0.0278074693479885,0.384153772652816,0.295823411684043
3195,0.0819174094177732,0.0276422730766265,0.390370669074946,0.541952736612467
3196,0.0994095778211825,0.0187732249849395,0.434532403601439,0.541606939397322
3197,0.069186372967162,0.0220942665652139,0.441690100777097,0.342539286390558
3198,0.0983491263246001,0.0199170858503799,0.336898855142121,0.393748478354314
3199,0.100172097036031,0.0182444046094639,0.272167357431053,0.21403705842908
3200,0.0805458728630474,0.0184914841842717,0.235011141320165,0.27949535902557
3201,0.0887832715666493,0.0237967869602516,0.439273232156511,0.452080547861604
3202,0.110260537924531,0.0263782670294457,0.438994180217255,0.633761701795236
3203,0.0944964991312329,0.0247096377419735,0.425415830416187,0.560257155260039
3204,0.0863734794694375,0.0227715567864006,0.430523439367397,0.279916856203121
3205,0.10146284326069,0.0345004454625809,0.435442967011342,0.685120651269556
3206,0.0945530922710085,0.0224756046536585,0.427791037823569,0.542555466075419
3207,0.086793483240815,0.0281884518931206,0.442715224118213,0.644485121849557
3208,0.0871122030180284,0.0285396841906542,0.441675369391611,0.424608791237267
3209,0.102014832725657,0.0242266006536057,0.431394888582951,0.587975786318098
3210,0.0906596084435697,0.0423014028605655,0.427533740526158,0.633381945021283
3211,0.0922758072530154,0.0256094895500172,0.439210058527429,0.628318061234452
3212,0.0949118608184322,0.0512173723576361,0.425132405958723,0.741508602773371
3213,0.0871455236336396,0.0327411151116243,0.438257211265625,0.635733488405263
3214,0.0808105132621653,0.0387486373326396,0.423363798715913,0.589232465764664
3215,0.0983820178217307,0.0210043419934225,0.431848625251494,0.479209629381513
3216,0.0843916842310084,0.0330250320925284,0.4447652868994,0.542927724203525
3217,0.0899626591097565,0.0865315867740643,0.442814798880587,0.814885225708642
3218,0.103463259405568,0.0421875565825711,0.439938236626905,0.633193646151104
3219,0.0803361323337525,0.104484617354597,0.456702743985184,0.869343563803227
3220,0.0914193714816903,0.0613451344074703,0.442991045501971,0.739356785638054
3221,0.0731995583897768,0.0547480890344698,0.437932154878357,0.757524185480068
3222,0.0885378464514677,0.0325015022459985,0.436184000251736,0.584279318608216
3223,0.0800560657504541,0.0344514565480931,0.444573890955599,0.605553045951962
3224,0.095022172414618,0.028702199275803,0.412738502579327,0.496836601872282
3225,0.0732228901433245,0.0263271232536572,0.323969949175121,0.534760216726708
3226,0.094925166609804,0.0187940448261867,0.435687088093491,0.452214470281792
3227,0.0788619176636176,0.0506506739846064,0.438220937519868,0.818994372429159
3228,0.102068959594357,0.0550189918793592,0.434821458018593,0.738085308862148
3229,0.0985155419092675,0.081716484599484,0.42983422658813,0.898357889801436
3230,0.0827553761811994,0.0788413425343908,0.428571319883779,0.871940548672016
3231,0.105103239848757,0.0346514167315403,0.451135040084207,0.567627153514771
3232,0.09004718337117,0.0227462252996905,0.428874851896551,0.309584311270992
3233,0.0778574704700953,0.0187667627043152,0.431549367060137,0.276477065699512
3234,0.0918636274694821,0.0300485550967903,0.435911811765324,0.595850107184654
3235,0.0771989053190803,0.0194322393907264,0.427404999114164,0.27875536704479
3236,0.0909281723824693,0.0244013865190268,0.437781251223589,0.512088481468726
3237,0.0872473865276693,0.0463092045594839,0.428360673606779,0.757040833382106
3238,0.0961252051087692,0.0317866192953945,0.399208679509007,0.495267282111943
3239,0.0987930608741713,0.0237105376723154,0.402989649544479,0.449066126416958
3240,0.100257801360945,0.0577368846792029,0.448806240901171,0.780059037551294
3241,0.0957468027564686,0.190172841725489,0.440960266464435,0.922195374721899
3242,0.098771085076234,0.16627980631628,0.440960266464435,0.938912519872181
3243,0.104723780136743,0.0899667794183642,0.427089881135696,0.889373864404024
3244,0.0811271239888387,0.11264566044267,0.431740003095683,0.83096148824393
3245,0.0693662770256495,0.0412299547144216,0.423569640649213,0.51304608927307
3246,0.0863276808808733,0.0230788281389837,0.423484270398416,0.640536207822393
3247,0.0855736038583098,0.0175405900232301,0.442041650113686,0.420139717901129
3248,0.0965039318751135,0.021164104205766,0.422326890692749,0.577292626154987
3249,0.0967476374680152,0.0594804263480966,0.443322780539779,0.698025811187484
3250,0.089985396325598,0.0215858076104055,0.423767095973421,0.478884382338465
3251,0.0760544601464719,0.0332031803746713,0.455515001136555,0.506695379850002
3252,0.0888643210839429,0.0509008913752699,0.328440503118566,0.654917751110697
3253,0.104225565337152,0.0408181363343779,0.24103434455277,0.62913680738043
3254,0.0940333516785414,0.0204887893422524,0.380633935008982,0.34954966025746
3255,0.0959042168313655,0.0185836218231104,0.444748558918733,0.380750392224467
3256,0.0982105787116543,0.019305888797694,0.385918173011201,0.527533868408128
3257,0.108884178596755,0.0484289576369913,0.314309366781579,0.731928187440111
3258,0.0848783249927322,0.0471128189389595,0.659939977651419,0.722314001932819
3259,0.0847031368978329,0.0271786924322808,0.631515998926189,0.412519540960874
3260,0.0912622044700821,0.0393949026812611,0.744375854872912,0.764143898600444
3261,0.0626144305253411,0.0249382731448906,0.94317870170047,0.34898401372789
3262,0.0846437835326272,0.0206372478510787,0.945954389718742,0.320891210745779
3263,0.0883150738843709,0.0307151790880266,0.777756141156647,0.57497172846491
3264,0.0798762832857215,0.0337982209781027,0.723834850363707,0.639359221895796
3265,0.0972490869868727,0.0256875293547952,0.919189158120744,0.607714703692498
3266,0.0852171169189925,0.0419252378652843,0.828478562232085,0.563752154250194
3267,0.0895905762363666,0.0315770352554033,0.770245865836533,0.687908191416422
3268,0.0946207002976715,0.0234250187344275,0.905082976620663,0.605794966632144
3269,0.0802465692198766,0.0214445085040494,0.749652474986208,0.35726591191701
3270,0.0955404781662487,0.0232760515526337,0.68643446731474,0.580125289620521
3271,0.0891817704948397,0.0319965863180263,0.595826763212454,0.574087403613553
3272,0.0820999676133589,0.0235100473718857,0.595691590504196,0.439445114226327
3273,0.0912266705980574,0.0229593844186555,0.695558825489497,0.455681622620757
3274,0.0713464023772923,0.0325660586582985,0.587351014086087,0.573433153937295
3275,0.0896640159537362,0.0178815695506131,0.433528275918359,0.428781654843917
3276,0.0998806628493774,0.0623071941266154,0.44568860416635,0.752967003179004
3277,0.104950931687901,0.0326367261198358,0.444821841948651,0.718419799462122
3278,0.101992148170045,0.0373301005662575,0.436790263215654,0.75679714836117
3279,0.103696161176733,0.0300646502392204,0.438352617455587,0.662712375935112
3280,0.0879077778714583,0.0790083950017092,0.439872849291489,0.790850630453473
3281,0.0868952043673092,0.0188955186785227,0.428538093315309,0.460377987591524
3282,0.0882405777151427,0.032432378401138,0.404984290608378,0.50962385125732
3283,0.0781794706432648,0.0190308946533823,0.439371504328485,0.467516463796789
3284,0.0868420161737368,0.0627374002795528,0.424883859047069,0.636125953335115
3285,0.101487491700606,0.030372242947021,0.447064070397989,0.625647964159442
3286,0.073717904145791,0.0532519844946513,0.442661886506593,0.65721153973688
3287,0.0778532329452775,0.0198656786920224,0.437059951410093,0.5557884415426
3288,0.0925573609809875,0.0195426660327385,0.443676776455101,0.598941656539119
3289,0.0925197013729947,0.0586512085845702,0.475443021993888,0.700457435345097
3290,0.100596688232822,0.0140949737578695,0.383778521939972,0.280510332556525
3291,0.0637678698892125,0.0189545511718252,0.410917198098696,0.436678725304145
3292,0.0808510792306382,0.0500019178508736,0.446114679521009,0.792738271687361
3293,0.0966901037328529,0.0434086099526437,0.440432027179346,0.769587413920825
3294,0.10253932336499,0.0409546315601317,0.429297223161474,0.723382432067452
3295,0.100753399974483,0.0491233846923076,0.425762049479574,0.745193538568586
3296,0.0916197311167136,0.128872648030167,0.445236328105815,0.908074801049514
3297,0.100098206605546,0.108619016201202,0.445803150014699,0.851125261671967
3298,0.0876692672243926,0.148266513013425,0.431500246116531,0.902325225319716
3299,0.0803465861629393,0.0662154572762461,0.430504357617653,0.812464027698975
3300,0.0941020060074553,0.0563299525074279,0.430991678682747,0.782994341050484
3301,0.104255928202307,0.0299107847396854,0.422507349080268,0.716919764758161
3302,0.0961077550920237,0.0265340078206847,0.455683339005941,0.64937955641696
3303,0.0985845294559711,0.0498431599316806,0.444065171654766,0.678882351826139
3304,0.0892054455481039,0.0273155938048525,0.43365276036733,0.6462760264723
3305,0.0858190492098362,0.0211504974420336,0.431206485917771,0.56938061112825
3306,0.0852242760052314,0.0374019140499409,0.422749728597461,0.585623219541882
3307,0.0898298199738915,0.0141254386012811,0.381452829683373,0.411164427504223
3308,0.0830715357591635,0.0201998482437895,0.429195026099839,0.381925876107851
3309,0.0981495429031738,0.0244748371343783,0.455350584791067,0.495839693134364
3310,0.109245235013786,0.0553203197432165,0.423271425988868,0.849755342020723
3311,0.104159611619021,0.0618880890104723,0.436401902739392,0.859642689338596
3312,0.0919511190765269,0.0951247478657491,0.445177457839407,0.862233339903095
3313,0.0858217497269672,0.030221192033108,0.444529527478772,0.580489339118909
3314,0.0979389196914158,0.0531554348834183,0.424922328427079,0.768929302576092
3315,0.104866558058435,0.030269040306887,0.438964500695503,0.570740086331177
3316,0.0978481803594296,0.0202428341267808,0.386353300073295,0.498517294311171
3317,0.0961565353236458,0.0434970231893481,0.431705346247544,0.754632106910413
3318,0.0991411975356575,0.0622191570845544,0.429074637477254,0.76159515349618
3319,0.0940324709238415,0.0333560549886647,0.438752993413635,0.606867432205069
3320,0.0980842801709751,0.0352165484023348,0.440889993732096,0.596028134704945
3321,0.0975364332436763,0.0236210257621046,0.444811187804406,0.518869735921151
3322,0.0906781927458938,0.0230829456916627,0.447364016431019,0.473945589108558
3323,0.0854118333356767,0.0364686001064685,0.426452026423881,0.547753231783764
3324,0.0854513774126969,0.0221489765004902,0.435388663316867,0.632316851138172
3325,0.0721645192798051,0.0262973405938961,0.441006852431595,0.311210336802471
3326,0.0831824660855551,0.0222868399733071,0.532958681738874,0.537568254886135
3327,0.063930654062749,0.0282601126746829,0.595151721690299,0.45627343791078
3328,0.0816508058980367,0.0567256663972382,0.740107670780548,0.752099165710504
3329,0.0779380464180746,0.0479040232978747,0.892854901473387,0.640899412923259
3330,0.0634533136789825,0.0267603942239879,0.831728923152329,0.45026693061876
3331,0.0845403086376694,0.0243694068801096,0.854164092974831,0.413081201588827
3332,0.0669233162279046,0.0217071255007532,0.968280912897207,0.224956848132559
3333,0.0780214027241728,0.0200280824120501,0.930339416987526,0.316445940992089
3334,0.090503546287798,0.0245185271138952,0.879070704362668,0.437362593777874
3335,0.0683218819903296,0.035321271701926,0.391828666372503,0.399087039703525
3336,0.0805841420261419,0.0337681813208161,0.306906603128761,0.372804825411118
3337,0.0861229863267465,0.0308602513701688,0.418522679231999,0.534614150458379
3338,0.0778360766090278,0.0291605890739642,0.412282435337032,0.542487891446231
3339,0.0858876626464036,0.0376235662626499,0.341529459957171,0.569598297993339
3340,0.107416628369341,0.0223119773442842,0.407098839375593,0.448238249420843
3341,0.0910866788962359,0.0187443447699479,0.439161505623618,0.378991088914942
3342,0.0843956687804108,0.0397046627572192,0.350473387003579,0.30207563160062
3343,0.0883724946448482,0.0360808679111479,0.433925843142926,0.575844641962718
3344,0.102674882101708,0.114107306266336,0.427632369769324,0.872967558465379
3345,0.0911674682791434,0.230467554792157,0.437595654872856,0.952818155247994
3346,0.0982170677164624,0.0757572893527111,0.385185369925379,0.817909227511134
3347,0.0874737844371185,0.0209860572605786,0.447142670762567,0.481550832008815
3348,0.0937651128934554,0.0385813257855488,0.42439754608296,0.738841091983559
3349,0.10409365371564,0.0981528897963239,0.441333145105686,0.804298166212149
3350,0.0843103751728278,0.0608539200815835,0.431961331111747,0.840318647850723
3351,0.0856192113571583,0.0915591560339118,0.440960643467149,0.877661729904075
3352,0.10647625179743,0.0407100233752196,0.42182922163413,0.658479017595212
3353,0.0931099236133204,0.035207142795867,0.446538563503887,0.692532569396833
3354,0.102874197704929,0.0803890649367742,0.322590756608994,0.761283863865333
3355,0.0937018371983132,0.0452281847877081,0.425863205196568,0.803305426982114
3356,0.0863011163791222,0.0905758712410495,0.422447640265832,0.86954017254151
3357,0.0936911560093269,0.0311868552656675,0.435417473604143,0.656579342791735
3358,0.0902817874916919,0.0255167622367721,0.313655920734333,0.388302097984599
3359,0.0980428278222287,0.0322924709926562,0.308928678818455,0.574681333213963
3360,0.0895682315565073,0.0293191708720739,0.318064748974236,0.51601037052073
3361,0.0810925220642114,0.0313413329157273,0.445476432741277,0.459069607325666
3362,0.0800683769972017,0.0222782588178395,0.446722054419436,0.383034008471213
3363,0.094690764069452,0.0215329371956862,0.447150508345852,0.583468809622873
3364,0.08446693005878,0.0373843285777845,0.397338746681288,0.300508620922461
3365,0.0827218608562348,0.0192507940007662,0.440874805462284,0.376686377693448
3366,0.103928567093135,0.0167958386516071,0.436681922444416,0.402149213030096
3367,0.104283747433496,0.0748107240811979,0.558172581978159,0.81661516494346
3368,0.0927021099776034,0.0690537461522395,0.760330832181085,0.863607755416501
3369,0.0829212160678143,0.0630430554503062,0.857796924276385,0.833487887075904
3370,0.0791209315512811,0.0298988281702674,0.681210631706239,0.672969884405317
3371,0.0991347207191227,0.0850047685534872,0.866655791415513,0.82089431256405
3372,0.0838726229407069,0.0741296449871428,0.901730586060482,0.802012082952842
3373,0.0956427452854801,0.0318794867300931,0.820665701296635,0.548597366299654
3374,0.0785723363543467,0.0181125512129414,0.874766830213038,0.355767720165816
3375,0.0975695542138627,0.0494323465066261,0.831675740134694,0.61089248356803
3376,0.0958331932934203,0.0354152777422267,0.614500308273107,0.582716132661859
3377,0.10169750224605,0.0192618192868163,0.666496311799318,0.46965164113336
3378,0.0920406775294028,0.0170998665671712,0.64936075110228,0.507394831177239
3379,0.0738715462130891,0.0229684460235641,0.570370660516665,0.504625473191203
3380,0.0638957230712051,0.0262363969265612,0.618472105018396,0.485096913340477
3381,0.08817449913654,0.0305666639683403,0.881064119929663,0.596347599095918
3382,0.0923122148014519,0.0957242433619973,0.75963656987713,0.875190468491145
3383,0.0810918062308478,0.0414843699529904,0.93808374723506,0.694431293245458
3384,0.0877987314432874,0.0276657589346171,0.750832448370381,0.421895358631924
3385,0.0836078845172894,0.0268235729571721,0.75433326473557,0.469076651828489
3386,0.0876937021221124,0.0463013153899933,0.559826560483634,0.701155556204843
3387,0.0888646988941301,0.0453646182157047,0.643126877699595,0.751566463321549
3388,0.0918675163256185,0.036575604946054,0.617022463933271,0.559938029711914
3389,0.0846903758636285,0.0451657359155658,0.766117438542109,0.822436458665241
3390,0.0724677290115142,0.0270174543293605,0.783850745622028,0.282467634159406
3391,0.0839975757208666,0.0307918898394379,0.898230452785847,0.525111833363572
3392,0.0834255699830932,0.0414411882623793,0.683789727837753,0.636929550781741
3393,0.0848223858355437,0.0601174433997465,0.674067575639463,0.751543318606646
3394,0.0697519136686966,0.0227235115794553,0.761726488258081,0.471364787964408
3395,0.0877455184240496,0.0224434755291281,0.864751543775016,0.340400674021538
3396,0.0850508011998449,0.0282809406608305,0.678869340079653,0.478884104211737
3397,0.0915163637550756,0.0182334182448852,0.632904061718778,0.429033575544823
3398,0.0962148144588629,0.0261291351432322,0.545569132043251,0.378094872964604
3399,0.0928253567682509,0.0514052839410798,0.577316854419999,0.553517556812692
3400,0.106576415190221,0.0256526590556192,0.511207181733038,0.420939509661247
3401,0.0647601954288113,0.0199979877399947,0.668689004497738,0.304202015996837
3402,0.0918424923501022,0.026129203058619,0.438783458565512,0.534127334734965
3403,0.0936511594944681,0.0202924603574456,0.428683273295866,0.421657233715185
3404,0.0861031667359129,0.0280863789107854,0.455030907582155,0.719030179826822
3405,0.0980714118982531,0.029111080095023,0.443161831603349,0.740708057654202
3406,0.0878932467856668,0.0953484796565295,0.591198991003788,0.859720863551968
3407,0.0957205765406974,0.0570285539182168,0.969779106003332,0.686295300267053
3408,0.0724892290657034,0.0185540502630301,0.849542444229264,0.511687678340221
3409,0.0910487470142182,0.0262958788712799,0.788373655091159,0.462199137913977
3410,0.0842229139722054,0.0408708047297964,0.878282546018163,0.615341002493034
3411,0.102741247745182,0.109139703374755,0.82177201336928,0.834892775679421
3412,0.0761074920531174,0.0294361049418175,0.942356584644892,0.629376876579803
3413,0.0762359668909364,0.0243224457908939,0.766689843730908,0.475116507150394
3414,0.0855083724765771,0.0253790798726503,0.637006333293935,0.428929501022906
3415,0.082283025599884,0.0283626092721697,0.822031227074248,0.431793724165512
3416,0.0743379747982849,0.0240109811958209,0.984340140696748,0.337591061581328
3417,0.0887186190953187,0.0357294495039616,0.970718122803156,0.639889143819098
3418,0.0919557526137163,0.0406915986882535,0.914664598237214,0.609321486641646
3419,0.0830843109406171,0.0544706304892722,0.805917181398246,0.75536751894021
3420,0.0759070588437912,0.0717254659463338,0.765680934810347,0.864496823311047
3421,0.0746133874593552,0.147689738333627,0.726934666846286,0.908344968823554
3422,0.0828062637534492,0.0542938619348618,0.589115758090752,0.734566352325493
3423,0.0871806404800436,0.0525335859492719,0.558556531165544,0.680052798634005
3424,0.101098524631979,0.0392751590631272,0.442075004166615,0.72760996614505
3425,0.101951018980592,0.0453491174137439,0.442612348297202,0.738549301238182
3426,0.0918904010745712,0.027254249252567,0.442461483046252,0.451818538826745
3427,0.0787704888931739,0.0360905334616879,0.633727284824879,0.540451554196927
3428,0.0677400376283521,0.0285951694086077,0.593391654592566,0.558694620276515
3429,0.0844142644819303,0.0233797752804171,0.719661715222954,0.427955581285037
3430,0.0677682566222892,0.0312866642939805,0.95388638368226,0.655371760687031
3431,0.0786632888708785,0.0324304533218143,0.813962889281134,0.445628027898314
3432,0.0884341580138074,0.0472593716979035,0.910719547259373,0.742230938380629
3433,0.0951074944330965,0.0947353010631791,0.730232256154492,0.836808287947795
3434,0.0862450621261892,0.533333871715765,0.607767804324218,0.967912209149093
3435,0.0958803768165646,0.0559816310037615,0.764781637074803,0.772130847464108
3436,0.0645865711099472,0.0334601776026032,0.923541866799817,0.705282739765091
3437,0.0787656530902955,0.028243364462595,0.875381918862466,0.66632988819621
3438,0.0777689430852385,0.0172547432575367,0.844157015297063,0.424503058503841
3439,0.0854338907746419,0.0529263106444273,0.843907803114343,0.636566320479683
3440,0.0896374054800334,0.0508881996577395,0.50741099822251,0.71740678090515
3441,0.0953327244293786,0.0512471233115644,0.589715615920733,0.732728135074399
3442,0.0752148591988224,0.0358225475023829,0.825110879146226,0.545676711863536
3443,0.0863910456012893,0.023552194847649,0.952142815676048,0.557895589858381
3444,0.103676709280243,0.0317502237614108,0.966518813490485,0.523420338893692
3445,0.086220766033194,0.0458576510568113,0.877660503876846,0.710727306027674
3446,0.103684940321561,0.0908640641693068,0.956367271114368,0.859347215117099
3447,0.0794469582016635,0.0621799344100167,0.94699906195538,0.779139891423413
3448,0.0646579177999119,0.0327270921269864,0.590696202438231,0.653459826856965
3449,0.072062339116301,0.0275479946476815,0.704174044237019,0.427084321887054
3450,0.0762158114246911,0.0503531468467783,0.472611018537128,0.510889681072165
3451,0.0921843397632279,0.0182402636105814,0.432799650031596,0.3134250739042
3452,0.103433335862101,0.0359903934336585,0.436081889843404,0.69905726314901
3453,0.0936206658275547,0.0259051645274834,0.44039207992873,0.612354739174196
3454,0.0977231848789366,0.0225767015631374,0.432402774818759,0.643740011670696
3455,0.0966192539454582,0.0536269523531448,0.429994158012541,0.700877610424527
3456,0.0868741586825076,0.0242333115091855,0.478914542179082,0.428809713419212
3457,0.0718902821399537,0.0187026522056762,0.62105910371198,0.361455758212564
3458,0.0843544137627343,0.0228382046952281,0.70666526579929,0.53358872594086
3459,0.0810101856405407,0.031848215690694,0.595113393050699,0.396764725941895
3460,0.085920503096932,0.0198108237681697,0.767461688066683,0.330626442064272
3461,0.0880968463644207,0.0313040060583131,0.976703955695406,0.553565182661971
3462,0.0851149793666528,0.05424176315355,0.816220481162021,0.756677204491141
3463,0.0945943200250721,0.0332545580438329,0.873268334365086,0.580302171002428
3464,0.0850259011838057,0.0304939328505858,0.961196605566334,0.531855195998693
3465,0.0944154530708642,0.0243127754204547,0.801984665211335,0.430170023758553
3466,0.0863170558275554,0.0300092477456939,0.8065531746018,0.680371361603184
3467,0.0824574108578801,0.0204385803978455,0.562077260762265,0.35268380723576
3468,0.0747858322107696,0.0270497363287871,0.568475235343629,0.582303202015504
3469,0.083036606951381,0.0492567717874469,0.435068796501459,0.784665108325388
3470,0.0960998396228337,0.0404126994755274,0.445857514523842,0.688233502506088
3471,0.0959483353446305,0.0328842491932023,0.431299540686525,0.520455219606628
3472,0.0881970332337883,0.0273702435834177,0.288592795663915,0.485886269490092
3473,0.0838183480141482,0.0259496408873559,0.162239797213346,0.640843919006814
3474,0.0823164796596502,0.0223779362575213,0.43497583254927,0.551335271951115
3475,0.0897867143775436,0.0274109069023396,0.446891421208862,0.468916672644357
3476,0.0800364209241103,0.0199681916138218,0.489495362142341,0.209727126536949
3477,0.0977738363295556,0.0245873817637848,0.232406530840697,0.445514377766339
3478,0.0855423748236155,0.0240267046047404,0.343850177157947,0.40809081513536
3479,0.102285384076352,0.0205031189038619,0.442740075151041,0.466765138359424
3480,0.0924599885476217,0.0217608811602317,0.340545109882435,0.409442853444558
3481,0.0929755613275846,0.0212801797176006,0.287091234884246,0.389524410885175
3482,0.0968942937462122,0.0221183517697007,0.449539534930087,0.258734094446268
3483,0.0741187258241965,0.0248501067045195,0.396822094690313,0.36129012563768
3484,0.0803205289985806,0.0201164521432859,0.446035878159792,0.360696227357779
3485,0.0856439784343249,0.0239624474814172,0.365123372267209,0.304786209765968
3486,0.0916991353660652,0.043844461429162,0.316288943335578,0.678519528377449
3487,0.0884372982151384,0.0998808530036406,0.444340559700034,0.89403863316666
3488,0.0999958399513365,0.0865067241669389,0.428569127693,0.89804270859247
3489,0.100895206396923,0.0685122469034602,0.444723950585962,0.824486875611081
3490,0.101707203630532,0.0539578580173993,0.438492237068437,0.732643291825679
3491,0.10435179505379,0.0303810616977004,0.446774304393615,0.548115122195575
3492,0.0975785956759712,0.0401060662306665,0.426171967531917,0.714964000537998
3493,0.0905474942438078,0.0311245720526786,0.321608223238614,0.48425729045764
3494,0.0908580689125486,0.0168062185573323,0.387237214743123,0.267610425722304
3495,0.0919892574823803,0.0321196863338153,0.425053299817459,0.476940199550336
3496,0.096624966460905,0.037043230681749,0.387086785803754,0.461743909823929
3497,0.0750310322735821,0.0318339262228867,0.436225951508697,0.46647892117585
3498,0.102277752112852,0.03814890237763,0.33629530434552,0.68066112309702
3499,0.0854332726515141,0.0389132767161998,0.442992259930957,0.615408497921648
3500,0.101050942010405,0.0345541591671577,0.447287588890887,0.641562627002314
3501,0.100246770430881,0.0524824213210393,0.442187329491405,0.763346711742692
3502,0.0992135540054434,0.0252661664652234,0.441615642521242,0.581932752912841
3503,0.0969134923633217,0.0180734689881126,0.356311741294788,0.460182025572546
3504,0.0851992263841924,0.0255822840468306,0.436506231784964,0.57259128893956
3505,0.0904537155535601,0.0406849624957386,0.426015934398533,0.689987412641213
3506,0.110987316501768,0.0273249910085731,0.444280286919098,0.754933181638533
3507,0.0985888448933907,0.0689220009101918,0.435811579784402,0.811241845326658
3508,0.108554752035624,0.101310150904794,0.430775015673998,0.838300036633395
3509,0.0875568828296191,0.109316149186241,0.440576920447569,0.866782744821822
3510,0.0949059821141287,0.0523043079582956,0.44261747202827,0.673846798985758
3511,0.0878968408892657,0.034899607212337,0.436443364624174,0.534741994318108
3512,0.096793816741288,0.019581271919076,0.417832357502771,0.452683562360323
3513,0.101085213408512,0.0477134391860219,0.442346497310517,0.670925430210164
3514,0.0917211178678785,0.0295568792292944,0.440068703632212,0.620459270523852
3515,0.100982865213507,0.0251494346202657,0.319651759449113,0.563280279233419
3516,0.0920421072462896,0.0537915555395908,0.357179647823718,0.65024706217448
3517,0.0898239938941967,0.0247522787174266,0.303304661394206,0.36972660061544
3518,0.0955545856236907,0.0194164118697652,0.444163942218084,0.374401852792388
3519,0.0792763612521414,0.0423265175518946,0.411783934162839,0.612664323308386
3520,0.105700345664411,0.0532808469602174,0.422585881697197,0.806165156151388
3521,0.0763869405126437,0.223017620206684,0.430106283026427,0.946253897171526
3522,0.0893509392789018,0.189516930859882,0.439066185504625,0.941082195556043
3523,0.0999302404439097,0.0729787595278003,0.429870127894019,0.886969225058445
3524,0.101235628035517,0.0282570387891713,0.427013216850225,0.61311778908398
3525,0.0869006523879716,0.0339898774668237,0.422572654540613,0.521015811284053
3526,0.0985911742499896,0.0204567210030615,0.424839562739142,0.504732477994456
3527,0.0847967208567331,0.0419730650436461,0.442204461078486,0.606938194955339
3528,0.0951820125793135,0.0320513314893564,0.443876073823378,0.576788611558653
3529,0.0874090941784876,0.0821997633039593,0.451896597710617,0.824592704556737
3530,0.0962796294173409,0.0196946997878896,0.422124580092157,0.489650560658392
3531,0.0815965443075024,0.0805442854085471,0.417816657681778,0.691496202305642
3532,0.0957277815222482,0.0474568208201132,0.442131044346511,0.765791469227639
3533,0.0898405798682804,0.0532942765014228,0.437537481987828,0.681367082454238
3534,0.102789031850814,0.0327921874110467,0.610772300192245,0.685117099369861
3535,0.0927972977114009,0.0620264017906786,0.601959612006885,0.820611819554483
3536,0.0786478238376996,0.0508545078983142,0.680484993917533,0.689601747143196
3537,0.0608501559714333,0.0452868605068248,0.60446172648539,0.700684933251342
3538,0.0865324646760373,0.0284196312576771,0.612100810558266,0.626549610317819
3539,0.0733790316392114,0.0451801856105953,0.670282613361736,0.619073444443383
3540,0.0744150007718249,0.0502460369495268,0.666992595932261,0.673564511578931
3541,0.0912170160245492,0.0289137028035548,0.760275584556634,0.63410819050982
3542,0.0843192503729463,0.0430633694339087,0.853269218307969,0.601759643223834
3543,0.086670680401602,0.027629096554812,0.828130209411715,0.450723015891791
3544,0.0561914556814831,0.0497037831389115,0.963850547249444,0.656392359542381
3545,0.0779892781850731,0.0354407530618759,0.740092722839986,0.449775057252139
3546,0.0881699329647035,0.033619365471279,0.884910018918855,0.47274874593584
3547,0.0785886575376255,0.0714809704856349,0.879789676176596,0.73485485585242
3548,0.0851219209798692,0.0362178809426321,0.857642544413367,0.498607923047164
3549,0.0816910671502949,0.0384613357440462,0.948460877549901,0.702113303144851
3550,0.0897743342769291,0.0187472305344195,0.586961838008518,0.337179828621522
3551,0.0819259035948777,0.0396605240802129,0.60736563911299,0.589864412592273
3552,0.0761470304730494,0.0272483713788344,0.65857344127893,0.502289247555795
3553,0.0831758205303386,0.0594971801562935,0.71456015775959,0.69629833622329
3554,0.077558469788287,0.0271310522950087,0.600809527409689,0.596896459713268
3555,0.0942723615892226,0.0445549510148854,0.581670867272572,0.73943173857252
3556,0.0778337015538485,0.0565710917226633,0.487873282595283,0.766487277240099
3557,0.0938099352081685,0.0839168460029572,0.431802576065497,0.805867869952158
3558,0.0991977847451883,0.0699042116201512,0.387443196462387,0.784428627665274
3559,0.0995631951356967,0.0537903600146435,0.451989099500011,0.825878769986001
3560,0.096082346522258,0.0598503611613707,0.431455174250032,0.81260087298876
3561,0.0917261467436991,0.0448257457229039,0.425245260369852,0.676101336956144
3562,0.0828272488341561,0.0296889149734262,0.426648644338748,0.644984298282921
3563,0.103221246978589,0.0223106215502365,0.430565335117709,0.661794181754162
3564,0.0899372343643514,0.0545773361367283,0.311345046010548,0.695079758650959
3565,0.0853503763528484,0.0253015884120389,0.312950898845137,0.453151207528575
3566,0.0913355481517308,0.0256494935425723,0.246895064161426,0.471532532399108
3567,0.0834431710191581,0.0194387184509289,0.370436591862683,0.351268438584353
3568,0.0810008485420269,0.0236122791294296,0.443214409926839,0.369684549784859
3569,0.105705989320916,0.0243091517846927,0.365390117506137,0.43747022719663
3570,0.1032003741925,0.0213801977949289,0.439111390039567,0.260573106812792
3571,0.102646683666599,0.0250935635809984,0.441112160207581,0.548733607639368
3572,0.103978551469671,0.0211492873478368,0.428252437628444,0.431207613319003
3573,0.090419964668556,0.0242832920202098,0.427789349955187,0.554730442757054
3574,0.0966281226406344,0.0297888457404059,0.346962622349236,0.476897287266597
3575,0.101516220007732,0.0177962974815061,0.427385812100729,0.399910959598891
3576,0.0962728835970158,0.0599826272046579,0.431932189881232,0.70135606518941
3577,0.0969670481821092,0.0322321130488553,0.386946095697462,0.410571763605943
3578,0.091126704078406,0.0268943896540106,0.324544456010605,0.517503229843457
3579,0.0928064624282078,0.0438292767973081,0.426186292639418,0.693419014440308
3580,0.0970969646586006,0.0311223063207812,0.43224113626326,0.49123961297681
3581,0.0850656817474909,0.0358650815591522,0.447920851600534,0.415982649370804
3582,0.0909698938849439,0.0280180310066036,0.313550999097031,0.491905543846993
3583,0.101189107347609,0.0441845222878414,0.428039013903385,0.735471081978259
3584,0.094456456760587,0.0192479880749082,0.427424326222494,0.522384020393169
3585,0.0905243570546961,0.0210048747480142,0.423882741834857,0.597670501863825
3586,0.0940836813305935,0.0315307522905658,0.29861590813461,0.624377170539105
3587,0.0850866359095934,0.0280077946892412,0.409032227304348,0.617723297839204
3588,0.0998124050685136,0.0223841953647259,0.426037157564096,0.49373449612715
3589,0.100492665385766,0.0201203128252956,0.400319261599738,0.40865675340029
3590,0.0891421418425739,0.0316038972661817,0.431982495445097,0.560055960412387
3591,0.0945497562478392,0.0438191258966528,0.447287064841508,0.727157781394549
3592,0.0891622291555531,0.0222593716709718,0.447086164843811,0.389435589353834
3593,0.075984730512048,0.019539527004582,0.435758211233856,0.429341510205847
3594,0.0998746128845154,0.0803017812977886,0.428484539518258,0.783908685422021
3595,0.0870770289618056,0.0654006754640714,0.435633385409127,0.726485205961238
3596,0.0829100963787716,0.0490759843596366,0.444475491004253,0.639446291548875
3597,0.0762832493846185,0.0333129189476413,0.445449120177918,0.65227262011039
3598,0.0920996759503241,0.0378479681596493,0.324868797770542,0.495053001417766
3599,0.0757102671506576,0.0175791395633938,0.29679005277362,0.311636979806334
3600,0.0875898435410393,0.0219800351800193,0.425753397740351,0.574296774915521
3601,0.0893042328854886,0.033640137014007,0.306504857062676,0.475188757189077
3602,0.087708887686516,0.028363874627152,0.332389886831991,0.320255479617862
3603,0.080725785041143,0.0220347750474444,0.440141548788473,0.483944762573215
3604,0.0957180532885736,0.0409251396212269,0.434468665808478,0.588583905134586
3605,0.120786117328323,0.0262993355467553,0.404798424370428,0.408889166556903
3606,0.089266797021053,0.0190292109892925,0.31770819593277,0.187770118416711
3607,0.0780234239976813,0.0268800208203944,0.426898533480909,0.447032823591103
3608,0.0948751380509486,0.0379032069760001,0.434066688696974,0.605184896711904
3609,0.120268300445194,0.0211365298397346,0.431095710228003,0.614790769154558
3610,0.109180763806404,0.0461540779766565,0.408544807201276,0.597181073710508
3611,0.0883377711737355,0.0243224374843207,0.430701624295149,0.578153020444653
3612,0.0987497012401271,0.0669292608498737,0.433732699432037,0.809323055123791
3613,0.0818520139290929,0.0306857568599014,0.444834446356845,0.497005135949893
3614,0.0846369264332176,0.0192674183977172,0.426636161077498,0.474152075330326
3615,0.0875067778187753,0.0239893329350371,0.40386287233273,0.548198707561678
3616,0.0909120043271859,0.0270750004216162,0.442001700346469,0.674584618456954
3617,0.102486154542839,0.0657966134100541,0.429916536322184,0.80435461953525
3618,0.0903976353085757,0.0211162881481239,0.429086216323709,0.404236238690341
3619,0.0951379424836216,0.0330176955760072,0.434230892466484,0.544388135726556
3620,0.0826772600452075,0.0483904555246004,0.377261999158136,0.600177962716853
3621,0.0974937854277967,0.0488322581863607,0.440200841965674,0.570280774459725
3622,0.109746284847801,0.034223806848616,0.44087522546835,0.767073752471782
3623,0.0973977460548579,0.0598808114751639,0.334298160793268,0.646524769877922
3624,0.101073846012446,0.071076703177999,0.433565897072026,0.853605383372229
3625,0.103725983403496,0.27978987648609,0.43547254856375,0.95598357557916
3626,0.0922829575015599,0.518527836096182,0.434651932208294,0.952312998700006
3627,0.110774147493569,0.237951585801869,0.443567453198218,0.936668107255142
3628,0.100419169099325,0.109419197718978,0.442494460308867,0.894178901556938
3629,0.0904971732128763,0.767419075280035,0.649204004226204,0.966328487221787
3630,0.0833412534841843,1.15588162889596,0.582173230601752,0.987884128650367
3631,0.0899291856578222,0.773683443992593,0.587076597446295,0.984121213294852
3632,0.096892032482127,0.316141996062234,0.791444703494239,0.956936981584606
3633,0.084923049429645,0.400720824891548,0.56321419333191,0.971464325408818
3634,0.0972296652229356,0.369668079403385,0.606701152054266,0.946645230404534
3635,0.0768085691327614,0.0636692442264472,0.716151807181969,0.820477047835077
3636,0.092509310933028,0.0869763705022422,0.982514470196372,0.868244481131015
3637,0.0729085372136315,0.0411226625996316,0.931782225233866,0.774665895131125
3638,0.0876461488613196,0.0455427417735521,0.571295109091811,0.673307648028845
3639,0.0832205043981037,0.0220618766791704,0.696443139353938,0.363045287020499
3640,0.0810957685598175,0.0267503751570819,0.935278860142137,0.520717281616531
3641,0.0738438390053343,0.0295302479170997,0.846259436513421,0.412025862371324
3642,0.075685153795423,0.0388835925215192,0.820129417303759,0.598306343130892
3643,0.0819294424532989,0.0417508523994359,0.559389834348482,0.511639336742268
3644,0.0926822758747579,0.0416970430191886,0.787560808341794,0.461560664893597
3645,0.084999686103625,0.0239954436547029,0.705811161474126,0.304195313186155
3646,0.076842162759667,0.027328922162503,0.713851038677212,0.553195650620894
3647,0.0835307802723849,0.0186479768356575,0.641596870240288,0.211107401320116
3648,0.091517653319954,0.0149219258457457,0.707200361650503,0.168911786412131
3649,0.0797926680289948,0.0528510402691141,0.70760835791948,0.672224492218004
3650,0.0964556684981331,0.0872414173769603,0.871196101742778,0.858744567696183
3651,0.0635067753129419,0.120714429964814,0.601421735566584,0.88963698809928
3652,0.075958065509277,0.0965433021285443,0.427344405303545,0.876761686125616
3653,0.090319309017207,0.101053414799466,0.439309466078826,0.896100159752652
3654,0.0831923106194332,0.130930482330001,0.438677795310621,0.933118658094687
3655,0.0999143755395005,0.0727961503513151,0.446296473334703,0.87861220843374
3656,0.103896646950217,0.0417979315705741,0.434941089463718,0.71983467251205
3657,0.0860736014617206,0.0627611128487486,0.422641491570998,0.749750670865975
3658,0.0942318594084167,0.0442047846253379,0.428138750348164,0.77732485849841
3659,0.0906747256695669,0.0440499782406008,0.429216231359102,0.660386043453458
3660,0.102694174994855,0.0260184700195738,0.435945048364988,0.526588395564827
3661,0.0956597067974743,0.0242641030148637,0.439655540729839,0.627097683607629
3662,0.103456359277404,0.0378973264387456,0.440898060661196,0.721743471043873
3663,0.100911096910375,0.038391989918576,0.42540251301309,0.701372923675065
3664,0.0968802169520904,0.0252373017777794,0.423698894742664,0.654795634537888
3665,0.0864224015446388,0.0258602974812985,0.439488476507904,0.677601151029951
3666,0.0971170777952523,0.0235485214943743,0.443242304284766,0.549541650367673
3667,0.0829054634689758,0.0139438224692145,0.424355986646084,0.419486905377276
3668,0.0940953824567123,0.0360607665182108,0.438046967139516,0.639525647531663
3669,0.0942563095085842,0.0192807655288886,0.387385780320863,0.447794819605582
3670,0.0952941563463597,0.0410107109005562,0.349912828786497,0.503747145814979
3671,0.0956407655301495,0.0219724375569325,0.337552191385773,0.460992178915141
3672,0.090156019268019,0.029812920930245,0.323623123441675,0.461212937387158
3673,0.100042041239109,0.0266598363845794,0.443209034923596,0.588210480314721
3674,0.0802299856484572,0.0300196987041548,0.436364865346126,0.494728639871723
3675,0.0992516492327955,0.0497228330866126,0.444724639629189,0.689515755765653
3676,0.101154916998,0.0169861277828045,0.432902292384476,0.455191889695882
3677,0.0923971529970824,0.0179088208874903,0.435466405233137,0.47257972880423
3678,0.0829159268214467,0.0375140910716398,0.397715290632731,0.595238041081469
3679,0.0827903151952761,0.0615307276040546,0.430790011087204,0.681261388749832
3680,0.101888075303396,0.0284172235183177,0.436125386118045,0.639849376365439
3681,0.0898651128995578,0.0374955609804702,0.413135196112475,0.46633949317891
3682,0.0697479248306618,0.0259103281386802,0.425900378308229,0.420521903566235
3683,0.0944053092950754,0.0271973512730634,0.0792451556599625,0.315403526484115
3684,0.0847871942985363,0.0252973610153392,0.0732532854581384,0.445053349308395
3685,0.0955078288559662,0.0319939057414991,0.292195822748393,0.456113317461982
3686,0.0873701719252327,0.0268430385615274,0.442578841941361,0.498489028492007
3687,0.0832696722151511,0.0450402445180381,0.445251745770141,0.661488273797805
3688,0.0913328255295623,0.0460011232742305,0.42735350994286,0.356803406920581
3689,0.0834126903591313,0.0415721965135207,0.280757568103593,0.516273798907688
3690,0.0891100003447566,0.0424468463943605,0.435538923670735,0.635836227743456
3691,0.0996624735001458,0.0299290601527485,0.430541562627825,0.414697981847447
3692,0.104450219874653,0.0243904677585921,0.428526965396125,0.705618629574897
3693,0.0921647385332733,0.0253691809440445,0.433727342802147,0.531545685766176
3694,0.0941364460694638,0.0314827866591242,0.435398770036779,0.556733034696382
3695,0.0993031560541576,0.031446661190566,0.439635433607453,0.630084102604422
3696,0.0882758583034625,0.0255124014323812,0.445985276851168,0.505981149248869
3697,0.088580766002801,0.0231606947773328,0.432569035569542,0.526762055362438
3698,0.0888594319219803,0.0231571853294713,0.440389701384027,0.373748367671552
3699,0.0920552138570508,0.0222838791857325,0.350159208988589,0.408275166130397
3700,0.0837167729771505,0.0199060101556096,0.428565027108802,0.5737210746019
3701,0.0962615970236976,0.0480960276829736,0.422044644073606,0.742884126659796
3702,0.0886123487357369,0.0356730528941821,0.382491014422539,0.661510715574
3703,0.0839876857783193,0.0545679934620221,0.442583489237821,0.685280389507171
3704,0.107613847374028,0.0293288532259041,0.447178713413843,0.630960201020931
3705,0.0805378537077674,0.0741572237649384,0.443692594311608,0.834739496899025
3706,0.0991455531755287,0.0169723729369058,0.381457886566526,0.39997556952313
3707,0.0847080914253414,0.0223416880663349,0.639001556950622,0.331247935432249
3708,0.072223110234361,0.0315985311261049,0.765195541495957,0.387053585319943
3709,0.0750085274167965,0.038302957046348,0.679785471113711,0.705220707462368
3710,0.0734215427013453,0.0531558584474789,0.600153460745302,0.693401945142679
3711,0.0894479025194835,0.0272228456510232,0.582254103420401,0.421892610029849
3712,0.0884306705434358,0.0315184558364398,0.433588587499526,0.468750031306245
3713,0.0925133684013495,0.0158304742075904,0.441972312252887,0.572013223124346
3714,0.0915653667818483,0.0358984996640818,0.439047624171734,0.731848802052931
3715,0.0791389926586269,0.0372023908246878,0.429383474651391,0.624677531258113
3716,0.092631910680302,0.0203011884058466,0.43492771947465,0.453431243348681
3717,0.0773923627162944,0.0138512530889415,0.445049500356169,0.393992454464531
3718,0.09583027472377,0.0248179529989459,0.420086966520697,0.194130862495859
3719,0.0844952623202285,0.0174034826760434,0.40556888455797,0.397816702104615
3720,0.0982076354008341,0.0387043409633751,0.424580306618227,0.669446394549001
3721,0.0875600507285708,0.054471840685399,0.406498669661075,0.617226088046874
3722,0.0999248259462376,0.024817000916373,0.44505887822997,0.456490268026902
3723,0.0858331705504451,0.0445180061559082,0.430720741286982,0.5643477640439
3724,0.0928355533191319,0.0494524137934969,0.433602986696542,0.769786629212515
3725,0.103974551050888,0.0390977442712366,0.422451661944519,0.668030056160839
3726,0.0932178569365609,0.0540057911704079,0.444857291884346,0.809948524947158
3727,0.0846891557578435,0.0505033319336035,0.4426018039202,0.810096025796047
3728,0.0966774077857527,0.0736969986200653,0.447192009150216,0.796635174454229
3729,0.103869507440008,0.0491904661501937,0.424682801782964,0.70731483928802
3730,0.102384601465893,0.0525233514428376,0.44206606647735,0.71303992129828
3731,0.08955987226275,0.0225316924766921,0.440184844482743,0.427448700692279
3732,0.103497954256086,0.028700635046277,0.414754917642597,0.626775436942237
3733,0.0973856307536908,0.0196283729961919,0.245573841402142,0.259338732350357
3734,0.0786094863341439,0.0283299292602886,0.137957813733527,0.529574511022071
3735,0.0809240530694091,0.0185290389772753,0.110077896421176,0.272803941370252
3736,0.0834970047698777,0.015061835736871,0.219220755740323,0.139683006591192
3737,0.0777594498307308,0.0229741152367265,0.13231394898228,0.161920591183518
3738,0.0912633284549199,0.0249791933215577,0.396551341451005,0.493457080811193
3739,0.0789965017737628,0.0288824651343114,0.425590795223975,0.519724047314475
3740,0.0888819804329084,0.0429587697354705,0.353798320532073,0.629259427859651
3741,0.099743000615401,0.0325769341666248,0.423852638886164,0.695639373213384
3742,0.0942779961482337,0.0253202731446544,0.381278744903572,0.496873347256458
3743,0.0893222830877631,0.0466278591857486,0.436384706836797,0.630207755017755
3744,0.0835369749875307,0.023843610130427,0.429212361662173,0.263789371697575
3745,0.0964246472884,0.023636643642022,0.433931681486242,0.448959298879596
3746,0.0839687989295405,0.0766493189041805,0.423572963384096,0.722107318551778
3747,0.0977603891791944,0.0378930436162685,0.43301016577271,0.683795295535427
3748,0.104058204469807,0.0396801584491244,0.430222307868081,0.540607791108865
3749,0.102903592748236,0.0203171503579877,0.257320118246645,0.463705911670606
3750,0.0925292341248096,0.0277632072476064,0.430394668028632,0.358285289704015
3751,0.087753650532385,0.0210432512348681,0.434164563282778,0.395777999088519
3752,0.0888249187230768,0.0373999500949009,0.444772588667784,0.610548940194321
3753,0.0862020439430037,0.0247068232303636,0.365919319488846,0.436595681138035
3754,0.0941436880928443,0.0184700984541155,0.320361383496569,0.440793663153777
3755,0.0872358608005614,0.0233157104454451,0.405824430836333,0.362068862520435
3756,0.0878909489576352,0.0234552518886626,0.409575650289019,0.492068097236721
3757,0.0993447742958484,0.0229648263497943,0.425751099338936,0.544771083680622
3758,0.0911551173802166,0.0599693948042741,0.436752762147781,0.803705081546076
3759,0.0985473878466071,0.0440708152973186,0.444926975591792,0.764045349444022
3760,0.111544782213142,0.120983276462613,0.44033482224475,0.933728438719031
3761,0.0986534353436932,0.106689543991935,0.440259624810479,0.904598835678029
3762,0.0909659408177352,0.0873645374246688,0.432841097269229,0.895316965662566
3763,0.0997582742409386,0.0531385275637911,0.578158005776171,0.783503452751115
3764,0.0919437444968527,0.121036681783612,0.633506601850491,0.891877790660215
3765,0.0724580259197047,0.0514237433445637,0.818813710338754,0.552580082128931
3766,0.0852888300197548,0.0325776846899661,0.765375273862157,0.647993812560067
3767,0.0756069152046536,0.0232410064846179,0.856499970998339,0.532103719913546
3768,0.0934574424776723,0.0400767252483721,0.604250043695359,0.702688120569941
3769,0.0766740053880288,0.0229871626216252,0.778812898362995,0.288424205976241
3770,0.0906790471832021,0.0303996961203301,0.891508609141666,0.565484266395017
3771,0.0804631255850945,0.140467856827692,0.889954581231295,0.913564383264954
3772,0.079143149623113,0.189072101638337,0.936266057936941,0.91730177280544
3773,0.087395451364727,0.118330644930609,0.959594881679351,0.870230823417091
3774,0.0987851692546652,0.0861062700217359,0.661514935124956,0.846361091629695
3775,0.0866145284174477,0.0754130011516122,0.89373452473333,0.788394712314399
3776,0.112872753682269,0.0456245207631361,0.971655550045596,0.819905555243986
3777,0.0868694559541902,0.0952705408437851,0.910660723311423,0.859485158258585
3778,0.104434489215986,0.0746990563766336,0.927161393257075,0.807288411273625
3779,0.0843339915826359,0.132287757088371,0.910001580450968,0.896209027251091
3780,0.093026742272103,0.239951818141322,0.932282292948844,0.953029847140484
3781,0.0983466614312747,0.167950545559926,0.878950682719434,0.927559702916272
3782,0.0765926966526515,0.0323196857539147,0.630846531638845,0.549499035069906
3783,0.0640483335104299,0.0204911982009779,0.9576299689744,0.587282471680703
3784,0.0781229922581701,0.0296587430293948,0.900457820584352,0.617303255114946
3785,0.0842848684913133,0.0274827970991469,0.925944755320629,0.543744521771397
3786,0.0726742689935379,0.0558006077910701,0.948741841954497,0.713829182994696
3787,0.0917295360425581,0.0525331006759757,0.861695349046618,0.801647287848968
3788,0.067796571855619,0.0449990798494342,0.854644325795531,0.666656381828518
3789,0.0785580141629659,0.0302030850445303,0.768895612729196,0.556040637221702
3790,0.0750208836864602,0.0225582428689579,0.683377903056017,0.560992603506463
3791,0.0806561135048065,0.0270354613058601,0.64555692120559,0.0769796831875986
3792,0.0940079894712064,0.0181700874158585,0.339408206840444,0.37505800856081
3793,0.0701736820396509,0.0219440620601889,0.602428028105842,0.486418810400338
3794,0.0705990009794546,0.0361502614220377,0.638284429016563,0.443690693642776
3795,0.0797556693105901,0.0285630798166972,0.761250944387647,0.661518900121629
3796,0.0824981303255691,0.0168318609695721,0.701088232521309,0.357152772452516
3797,0.0843077584906716,0.0261344407401955,0.678906161597258,0.486971787726129
3798,0.0847146626426451,0.0282572388011083,0.594711523540283,0.552042668654789
3799,0.083226248136574,0.0219121905316878,0.424352963515948,0.387733401274541
3800,0.10242284731015,0.0446436554638898,0.491653681447041,0.701948831400239
3801,0.110953908037058,0.0329945709017651,0.333368666877669,0.528721915834039
3802,0.0928426031267598,0.0249829655557286,0.060182918943706,0.376357496002295
3803,0.0998309618413382,0.0319727356326366,0.0709788268809259,0.242968582633131
3804,0.0811747058201037,0.0246768970488025,0.0879672351183989,0.390139715711761
3805,0.0907327628644318,0.0170654503430563,0.170118985972338,0.278779936179341
3806,0.081967219881061,0.0182563445413829,0.258292784344128,0.125498936442186
3807,0.102852200756566,0.0318419371491489,0.255464301784424,0.342510250541955
3808,0.0831772976766249,0.0204915893967307,0.260212799319116,0.34281649508946
3809,0.0922432986709529,0.0375966065258516,0.0673946809242522,0.551785894393852
3810,0.0819102408570569,0.020214519178264,0.260153205736719,0.423444325742566
3811,0.0847207311780143,0.0248444753003649,0.349172916253924,0.37384684950792
3812,0.0940944796641031,0.0249747261632326,0.307717207702145,0.436601343046263
3813,0.0880185241839768,0.0797856046227683,0.433091566032907,0.779967129426375
3814,0.094235335241633,0.0225683370757916,0.433751337977993,0.496155874790797
3815,0.103194441701122,0.0344854169215339,0.429411820637783,0.714438849598707
3816,0.0960218633071606,0.0318289414507169,0.433436147624708,0.580349903888094
3817,0.0851286857097335,0.0200753050867109,0.437208324309181,0.52904225375084
3818,0.107440608440392,0.0348133054672527,0.442896031469945,0.691767368011353
3819,0.0994401417238688,0.0193849135788917,0.434956769454889,0.576252925894164
3820,0.0976870692502895,0.0784967362528135,0.434612284684233,0.764993850054308
3821,0.0849565853422392,0.031217919868498,0.442584225648312,0.662707641467923
3822,0.100696994650778,0.0499171507699764,0.437088051971734,0.800265834248562
3823,0.114114116242695,0.0215351768191214,0.43132886650101,0.51798481792366
3824,0.101498143999068,0.0178031152688483,0.394208755234702,0.503780654486238
3825,0.103525249035596,0.0355825804103264,0.344656561728808,0.675519607210155
3826,0.097311879033886,0.0389962614165303,0.484698169043802,0.636157822304162
3827,0.101034285432624,0.0464360894949768,0.4371748299357,0.747433506121028
3828,0.0949469833555997,0.036890135563628,0.43687945061186,0.546754073751706
3829,0.0962556336193853,0.0371121787586255,0.399411466112612,0.692852977339797
3830,0.0852684176063752,0.0203563841931709,0.415733319370293,0.502198171061025
3831,0.110487335379315,0.0207098892765569,0.40564712452284,0.381016282584546
3832,0.099966975355968,0.0305437552241305,0.381654657232094,0.445687470515851
3833,0.0695472797213025,0.0249489746977725,0.374678860432512,0.350326812833647
3834,0.100766929076419,0.0322196387541618,0.299338451489407,0.440409768018313
3835,0.085066849990295,0.0204391893101226,0.437013082779052,0.23796723114853
3836,0.0968702110352652,0.0227015080930638,0.34697875418038,0.391406712958978
3837,0.0946580693497042,0.029552531782939,0.428082074544875,0.534537086659557
3838,0.0965500726777286,0.022347478002003,0.438024924521503,0.450648323816305
3839,0.0945201074858524,0.0238380088895422,0.400367226617971,0.461922206693214
3840,0.10337329954668,0.0145754538817988,0.429137361519082,0.495027304496781
3841,0.0985305274966755,0.017419329085151,0.305085290049681,0.268356450154338
3842,0.0770849043076197,0.0234753819675411,0.711182559538133,0.456915051684573
3843,0.0801936551046232,0.0241593838416765,0.521728969317127,0.445405832667135
3844,0.0909493857216458,0.0275773948097221,0.429582010621786,0.627269672167033
3845,0.0917892415958554,0.0602571557613526,0.42255318737488,0.800193467611638
3846,0.0993414612804383,0.0250892467166572,0.438414888564906,0.469142775978189
3847,0.0924797689494875,0.0386661889554064,0.42814939261426,0.639070120454469
3848,0.095922703854107,0.042577907436788,0.439848162530427,0.658231302139383
3849,0.0950130495859995,0.0249333605994704,0.429214528912745,0.64387039440839
3850,0.103973039361668,0.0286352015685248,0.428388663306152,0.533131521677396
3851,0.0921125233318008,0.0501475481310955,0.430130009423984,0.787999092960402
3852,0.0872408123537176,0.0216175285708761,0.437637239375522,0.547842544391928
3853,0.0988896431807106,0.040316053554887,0.422808630415567,0.57750775919887
3854,0.0874840131484921,0.0220068119606296,0.447396452166792,0.561340494202709
3855,0.0962316591026405,0.0492474921566615,0.441983180934811,0.664784171187758
3856,0.102775759267976,0.0413564902319849,0.430039793513016,0.6999805539486
3857,0.101473000357269,0.048450112695956,0.424297332441236,0.752101547470744
3858,0.0798337011502756,0.0706723450608525,0.428566989577417,0.846267378665537
3859,0.0844468877959436,0.0348869825677963,0.428240429372164,0.629885058791055
3860,0.0972395208931028,0.0363016262688804,0.458052462681168,0.611799201630185
3861,0.0825614133406442,0.030363461065473,0.425146486071121,0.59462162305982
3862,0.0909428923677145,0.0134523018222417,0.424641095328367,0.405643541270787
3863,0.0879235129264168,0.021098377385868,0.439651061284885,0.611216258167638
3864,0.0986544564377026,0.0209723005835939,0.433945069910202,0.569726760732123
3865,0.101971271755513,0.0452248874658752,0.334493918356713,0.668038656734966
3866,0.0993849437899877,0.0306539469421752,0.291424001422644,0.567202441930823
3867,0.0870737445018694,0.0496441234994948,0.427731246144389,0.645960221555702
3868,0.102105259236996,0.0216949359434081,0.44273972883982,0.519230547637007
3869,0.0957522874994526,0.0276156081989595,0.31362187250716,0.577539472433696
3870,0.088955141817235,0.043383007789101,0.321396107928118,0.558255682917909
3871,0.0935848020827319,0.0154761495746727,0.446123531179274,0.36310943215394
3872,0.0699205069562738,0.0229143030108908,0.427882101789428,0.415290760218257
3873,0.0901160901760141,0.0153172357763312,0.441928223433794,0.477366425997065
3874,0.0946603103539916,0.0280888480592257,0.426826735702148,0.711527304957146
3875,0.0919836860059501,0.0397455810212441,0.443219434518715,0.707837231926224
3876,0.109256938469743,0.0477512756798416,0.433698183185831,0.741358190877978
3877,0.0847838827871933,0.0249266584526321,0.425951502809732,0.473187163424061
3878,0.0885490737925511,0.024588126919021,0.535039806540448,0.461186481274137
3879,0.0800815604312165,0.0207194089022048,0.699849071796589,0.314442061168262
3880,0.0768254433747505,0.0379277129631195,0.719567830112133,0.570986941214075
3881,0.0818468573834776,0.0505087092983336,0.853669167143117,0.588359356038602
3882,0.0874521378971275,0.0338694287872421,0.775827515485606,0.604960247301646
3883,0.071521160315269,0.0314300005992156,0.773409966259482,0.480891800961041
3884,0.0725990535236188,0.0232621363512275,0.769730515985264,0.390700946910735
3885,0.0973704331460262,0.0509078666874111,0.423156248470012,0.714008778248224
3886,0.0939874622533163,0.054287221454228,0.439098860829194,0.779567019917975
3887,0.118290043572926,0.056420357933082,0.433714196852162,0.797176184907495
3888,0.100698586054309,0.0482341819714762,0.43010509426416,0.636625220993631
3889,0.100205992345995,0.0659488834955204,0.446373697346044,0.831228252291177
3890,0.0924861947389292,0.0700631593903618,0.444255160677194,0.880975854192398
3891,0.0994303511305745,0.100832574245851,0.435550811916169,0.885632511487008
3892,0.0949856955635248,0.1993472400964,0.427417935746467,0.920969149638039
3893,0.0896849740861734,0.0850545426186394,0.568217595950422,0.882283969620555
3894,0.0947881237320145,0.0909759909594166,0.767336723303269,0.90679956704001
3895,0.0826897557118768,0.416243476327344,0.744781622273002,0.966296217239191
3896,0.094268699544644,0.36050844683514,0.884604555112198,0.963507202158177
3897,0.100751199665243,0.0774404609033864,0.867143720367849,0.799717693665719
3898,0.101452064559629,0.0276797886405801,0.81273638471936,0.396776126196191
3899,0.0764324193629083,0.0342979951566405,0.582027186286609,0.41504153921336
3900,0.0923099786257204,0.027027586120202,0.626567048989939,0.658535518568541
3901,0.095533140217337,0.037261746085238,0.560081440747273,0.528341069466526
3902,0.108234874807512,0.0345008113926756,0.445036319150874,0.710973379695431
3903,0.0862769921248807,0.028797788957004,0.431536113481771,0.590855260426257
3904,0.0807170471985203,0.0222788486407983,0.434442587836058,0.459729119648916
3905,0.100603246739268,0.0446926905087132,0.433012673972031,0.721461274543828
3906,0.0936617920778014,0.0193746757091388,0.435454134770188,0.608159726718154
3907,0.0938928571400787,0.0389519586510637,0.381404233378613,0.662431725878492
3908,0.0972362424972334,0.0369697075571813,0.425040212877565,0.604752975298919
3909,0.0957436394450927,0.0332241070513417,0.429835642414469,0.669370746477051
3910,0.0980649542213255,0.0186515149345408,0.42325294062671,0.479881097972084
3911,0.0895308987902804,0.0249091049827538,0.425557449509329,0.402823075721792
3912,0.0990312450256718,0.0653888048394333,0.292297625809224,0.719161299691406
3913,0.097799860463678,0.031308184363554,0.422936036420745,0.594215869523347
3914,0.0719392964185059,0.0317020070638064,0.429715793161874,0.614201093815057
3915,0.0892272410811541,0.0177503114093794,0.42404932071746,0.476490498762468
3916,0.0879747207073211,0.0296823466663369,0.429517455654122,0.537129461480936
3917,0.10964130975074,0.034713584119746,0.426025651046736,0.678002661672318
3918,0.0933820967048842,0.0292368364225859,0.447154593858066,0.562043965394687
3919,0.0986309117734033,0.0276379999499669,0.431619763707118,0.62274360952042
3920,0.0968802160980822,0.0259428799689532,0.422532978432811,0.52018629117535
3921,0.100370533380157,0.0224351372056644,0.288416964861421,0.4174128887082
3922,0.0862662081489703,0.0255338197009077,0.445722251143655,0.452548732073506
3923,0.102218651081634,0.024187027482805,0.433246013828456,0.600764546074723
3924,0.0809296884998088,0.0254843578319836,0.438594515906217,0.589131262899374
3925,0.0866879584186802,0.029711649809537,0.425816497936022,0.356375681735641
3926,0.0968445633606501,0.0291834779011251,0.335535624093573,0.523351287829687
3927,0.0882804543907395,0.018673575943076,0.303147311175495,0.351839831830709
3928,0.0970316832407464,0.0230254501005853,0.360661750968814,0.372355232665707
3929,0.0945417782157689,0.0243787827751293,0.43016243969492,0.357705147078026
3930,0.0862336099706048,0.0364130807031604,0.438029272241566,0.688290478909579
3931,0.0881453184897907,0.0168362559265699,0.442658964530158,0.437074348661069
3932,0.104600847132378,0.0495724095984837,0.528255636771621,0.786378966870064
3933,0.0805142615186023,0.0287908364669288,0.381351889938874,0.584787374201925
3934,0.0941768259276645,0.04522025330814,0.442396450675537,0.724522153721617
3935,0.105185733746306,0.014364581567592,0.440835970768334,0.462321118796556
3936,0.0948617435299691,0.0270318786864631,0.388203016969496,0.545721697743643
3937,0.108484183198913,0.0284679521091632,0.426755897631761,0.626086043687672
3938,0.0833693943101766,0.0273781762625925,0.425551383403322,0.529271501579628
3939,0.0854797373437618,0.0263984355980705,0.437501506574935,0.572892881081212
3940,0.0752231301184824,0.122004317640194,0.434254344169324,0.818452854989646
3941,0.0907892386732266,0.0873991024350717,0.438801569010343,0.806233598321614
3942,0.0856910720555053,0.0262745117688709,0.422744133628132,0.450121134394782
3943,0.103622631993504,0.0730212985638752,0.439868500669743,0.809413704361289
3944,0.0880454382555431,0.089507217258414,0.435312512203527,0.879003926864584
3945,0.101287177956379,0.124328350002678,0.438478741448652,0.904689911913369
3946,0.0926480776343037,0.169401941053018,0.438681795887136,0.86132398493798
3947,0.0834417985185952,0.0546425914358693,0.427127522052999,0.811552002305628
3948,0.0962312415601739,0.0222047849826381,0.431645004841818,0.556512340143245
3949,0.107268358905141,0.0326025619193602,0.44520156126193,0.603675981609238
3950,0.0953678510740756,0.0248894385604877,0.400978687120712,0.465595708147013
3951,0.0869101900906832,0.0335888921026039,0.447043284621852,0.671585426302073
3952,0.0902569879347943,0.0284645840249338,0.357550497545621,0.584013984275114
3953,0.0937290704373282,0.0418988100182169,0.409987767427123,0.55593819003236
3954,0.097299603676585,0.101412385465865,0.431577996450453,0.81135035823242
3955,0.0972966261983912,0.0634550280646855,0.428775523451106,0.837372711029591
3956,0.0772888352128984,0.0184189811423575,0.444501923690577,0.378793835611971
3957,0.0883200736686686,0.0254734978595712,0.331696928971479,0.596184305797643
3958,0.0953395723553779,0.0560845196814493,0.434915856128352,0.784259381124284
3959,0.0993788293370537,0.0298665719481257,0.298401200601411,0.45313985279579
3960,0.0859179023036445,0.0215213443738834,0.0264082476934667,0.282097467253557
3961,0.0886058411430717,0.0215595382731958,0.435466614960237,0.46536619572035
3962,0.096297631207884,0.030944331234316,0.451312683079996,0.51624659208187
3963,0.0902578646475239,0.0383809140456514,0.631844861332207,0.712342291292266
3964,0.081351060226745,0.10232450487578,0.68991092418297,0.828521983471802
3965,0.0827779812189856,0.0421989090363169,0.649582233140226,0.665258933901074
3966,0.0792618210803041,0.0227412197305615,0.714471023048859,0.490603927105473
3967,0.0678167906274438,0.0298623127836254,0.77799209333187,0.365783625683714
3968,0.085786126438036,0.0267594203191464,0.928324549840032,0.274626108648399
3969,0.0911166547590327,0.0616185533301715,0.964779202487258,0.79735921323401
3970,0.08979391157197,0.0768070782636169,0.814958695369079,0.822948176459764
3971,0.0637665789091025,0.0273720947007949,0.91134960754821,0.603935822655449
3972,0.0991291821294447,0.02709442444632,0.774091230409259,0.444243472781314
3973,0.0738728988211146,0.0178017291363366,0.660909104652259,0.185491922902363
3974,0.0838041787906925,0.0212096598947498,0.717856468903435,0.371347731988262
3975,0.106834348735635,0.0200139888988744,0.707993936553776,0.420824674929258
3976,0.0867974451174599,0.0315940040907319,0.820801298921808,0.531745991664364
3977,0.0754244852267067,0.0228046503560385,0.874784195745594,0.459301807103621
3978,0.0827988790181934,0.0207016410700297,0.983596214431605,0.44915149450474
3979,0.0681631967110816,0.033189585240551,0.795053296716684,0.401761876550654
3980,0.063069535054678,0.029174290926762,0.894210237100579,0.427471618387906
3981,0.0799501058709376,0.0226400969011213,0.807226532703231,0.610576695195121
3982,0.0680833249455296,0.0323392837694708,0.929439921778362,0.426475556713143
3983,0.0988927974639819,0.0615153255338337,0.72084641605884,0.839114422163682
3984,0.0950575062678427,0.0395126906631134,0.595747799466533,0.729966217747331
3985,0.0726675376349342,0.0699599923646488,0.757816028300971,0.826582212795894
3986,0.0828559988373942,0.0558067673556065,0.821338890518509,0.801107502465709
3987,0.0848411766126893,0.0276105670492093,0.703280478825136,0.6249999789192
3988,0.0869670021933554,0.0764415511209131,0.866017741781668,0.766797122487681
3989,0.0880081531288358,0.0216385998266471,0.880624353713835,0.621233169570267
3990,0.0752292464921209,0.0320073640430167,0.64400158021212,0.506749973370278
3991,0.0814450015752195,0.0836850567035237,0.571468060567262,0.764272716363488
3992,0.085066723147601,0.108569111334675,0.704647284639752,0.87810633991137
3993,0.0859661654763775,0.123453652475488,0.844519168546408,0.898522980490969
3994,0.0922150428558779,0.0885665358345387,0.875063284096588,0.853954380629498
3995,0.0735653447149262,0.187024318946735,0.699145080412688,0.930300316977541
3996,0.0776250622141534,0.0442513746752288,0.874009619150791,0.689632696175984
3997,0.092500229248257,0.0457641597761345,0.965764042168738,0.548023981845687
3998,0.0952841262814811,0.0292350757349516,0.906276541914412,0.673504711310513
3999,0.086992018772312,0.0310871785728335,0.895838844929407,0.703837979419209
4000,0.0888827784016359,0.0397463138299333,0.845421802743003,0.643881547743521
4001,0.103508636257989,0.0637032557336202,0.614536844461078,0.71416437422988
4002,0.0825631629940344,0.0181481453711006,0.669381747161639,0.439218860893014
4003,0.0891237006692372,0.0306705866428356,0.801892590245639,0.386292323227954
4004,0.0753418893933904,0.0254545526694343,0.747372846136967,0.599382723768655
4005,0.0863864618863795,0.0280731691715936,0.840471724960287,0.417832785123247
4006,0.0841789116974603,0.0325587432081379,0.860000414879187,0.650066571123713
4007,0.0873930804502306,0.0313459314917073,0.973805902363433,0.48609100925932
4008,0.0790020937040049,0.035322223015893,0.635863788011171,0.508750601854337
4009,0.0887547973617753,0.0377897176638085,0.492737844475529,0.483687168026507
4010,0.0774144574026943,0.0145547691550549,0.34767861973771,0.198606624736116
4011,0.0854508482922921,0.019941523669643,0.135580746593528,0.154656549370375
4012,0.0957750053402399,0.020171225013375,0.395454450578293,0.384485702217056
4013,0.0977384251116154,0.022085896612382,0.357139402350801,0.517287492239872
4014,0.10431598263187,0.029671319880972,0.446882587891347,0.413522148347797
4015,0.0943781636868176,0.016900850809649,0.426106114125625,0.324126712355124
4016,0.0938537624498875,0.0363343115557273,0.438706200575702,0.673129896044369
4017,0.0840735141772618,0.0316254948201859,0.427604124414023,0.696766142052941
4018,0.094409931132694,0.0248601565630287,0.43010637781227,0.563117468820313
4019,0.0825667713418124,0.0248512610512194,0.439764179656843,0.586368565196052
4020,0.0924454863790475,0.0340772765371446,0.423552770300257,0.65194448715178
4021,0.0910655336886284,0.0415157743408062,0.44002131901657,0.688262739512822
4022,0.0934867144769257,0.0403814388479505,0.45983021428503,0.67632202620789
4023,0.101829372192217,0.0354225648364774,0.434784610383829,0.662037173686393
4024,0.0860403276700545,0.0289323980106223,0.34674786117178,0.523412677360124
4025,0.0898246090304726,0.0228223452781559,0.346518999529798,0.278770939897396
4026,0.0976363072774834,0.0179522151296366,0.180897296885513,0.353683449664372
4027,0.0868000330335334,0.0259769030105234,0.0409239212050662,0.342414856784271
4028,0.079235258076921,0.0185626022047894,0.019925445015842,0.357958450679278
4029,0.0895375540650172,0.0471590271839298,0.188485111588153,0.410708385950707
4030,0.103146867814783,0.0224767976450155,0.28341084659064,0.409694941677893
4031,0.0849121486216088,0.0296384185340301,0.0579541033061404,0.300600366118647
4032,0.0855672024387564,0.0174267358299286,0.183199470661619,0.294953531845546
4033,0.0882010895702089,0.0213561235516086,0.289016798547531,0.323775642971839
4034,0.0834767518192553,0.0176338227130799,0.441682622041566,0.375472038612931
4035,0.0851346179319222,0.0446514660246178,0.441816471810359,0.604208460582681
4036,0.0767004351029394,0.0322223524503241,0.4295460836048,0.551991701713257
4037,0.0881053857692106,0.0238511342609185,0.422087276516667,0.561267291566401
4038,0.0848543381954366,0.0207937436333819,0.48517296165291,0.424486192606444
4039,0.0871039772021229,0.0301019251845598,0.429348274958886,0.560439346770076
4040,0.104657801864679,0.0478709619566985,0.437343987850163,0.800231077602842
4041,0.0918200214765005,0.0268335489243941,0.447107572269354,0.507315167320265
4042,0.0835007805058291,0.040643046294718,0.439315812217213,0.729770706722842
4043,0.0956284299619987,0.0589492546249352,0.425090179992663,0.779819591130775
4044,0.0860463213153479,0.0291895102758753,0.308993293549109,0.44714397705358
4045,0.0867291293326573,0.0197173290095528,0.274570780952841,0.25269652558958
4046,0.0944508550459791,0.0504844086394975,0.376801440701829,0.659830437765183
4047,0.0890097228178358,0.0275594622017932,0.444450880149103,0.583463791065304
4048,0.0908209871220749,0.076626648134641,0.424710046677339,0.857960078241845
4049,0.0857021024020889,0.0689686793953952,0.441742091822374,0.770606283621381
4050,0.0905049675972401,0.0443956733743024,0.428488316349176,0.697227121873743
4051,0.102083806766277,0.038792051927018,0.423573890157138,0.596645469480784
4052,0.105324455314965,0.0295581788807467,0.442689651026764,0.693907499552317
4053,0.0929808741030888,0.023538886230449,0.43331473816604,0.568896794996498
4054,0.0929327023668453,0.018016948799332,0.38314193923744,0.429421248340137
4055,0.0962083051207385,0.0371745089898894,0.36217441328359,0.644844454018283
4056,0.113564875171632,0.031260927925853,0.428939302245344,0.652591920973121
4057,0.103148250656158,0.0319485009796311,0.302464705325287,0.277546384207577
4058,0.0793844534026855,0.0268231260509274,0.47812076954534,0.434541360102295
4059,0.11486755682306,0.0271068807805348,0.715336076617753,0.634125611392675
4060,0.0888423168336327,0.0421839298822722,0.469460877932002,0.651521371399415
4061,0.0984153327634116,0.029410612778195,0.685668166566952,0.419837894515311
4062,0.0733759197495567,0.0308150639568615,0.709178379236564,0.365766607058465
4063,0.0806084932536386,0.0411160482098226,0.744796774724693,0.422995100894487
4064,0.0798711028757305,0.0285951948167427,0.587856796453542,0.426389984002581
4065,0.0833881102429861,0.0465597014478931,0.671052885061709,0.710055794974794
4066,0.0748245927615255,0.0293069926623484,0.779316447985926,0.586743225414274
4067,0.0771510288106855,0.0199461525235014,0.708379153500169,0.213995092330664
4068,0.0894467689104621,0.05402872791103,0.594556058248558,0.574877893792342
4069,0.0801620291853445,0.0679318164619383,0.590435868849546,0.72632118337746
4070,0.0906933017377828,0.0616197555420197,0.630479970364728,0.774000322656346
4071,0.0894749966681766,0.0269395301387673,0.935581415930326,0.605226042996051
4072,0.0967830756958005,0.0204820561154687,0.763579304336522,0.516770538278597
4073,0.0866334031701452,0.0286431322216142,0.864317941292336,0.401721434924517
4074,0.0982474664865016,0.0396682910635442,0.885428207777548,0.566717596525205
4075,0.0805124250341845,0.0214267840695159,0.893656958572763,0.345972951715923
4076,0.0803408081182549,0.0248192397831228,0.975334014511895,0.415940133265703
4077,0.0881890071149789,0.0275443053448611,0.738902150988503,0.571802188713848
4078,0.0680697895619364,0.026607590659294,0.795787798521989,0.353080699420145
4079,0.0862063407231543,0.0261220978435327,0.705959186784069,0.436805160288513
4080,0.0730704492756278,0.0201998246823725,0.696884749903118,0.399515664383903
4081,0.0780567658233531,0.0471258611451732,0.836583275727171,0.70491454151717
4082,0.0866911368129695,0.0266496654317709,0.979219170546389,0.579774018794932
4083,0.094930441411408,0.0343457758427346,0.874151117804864,0.635297522931159
4084,0.0859447585778107,0.0468783042376018,0.826670061660369,0.74124048830248
4085,0.0929625367822086,0.0277334094527027,0.870971751851798,0.534080772470469
4086,0.0805022225329859,0.0648462082189987,0.892459898453577,0.817193042929916
4087,0.0738491918545999,0.0225203878210909,0.795655823565557,0.348448890533037
4088,0.0946714827271632,0.0302648545013831,0.752897134780764,0.616489570264776
4089,0.090299599414655,0.0558013113949204,0.683350402561127,0.747808850964281
4090,0.0831227125143036,0.119984096453163,0.607193035855536,0.886227562028797
4091,0.0850947267135779,0.112286688129178,0.895830871001635,0.880992940745076
4092,0.082008201420389,0.0325239603418753,0.88972469768846,0.723388806754998
4093,0.0849727391257066,0.0202514556088309,0.967081611492186,0.396222079482207
4094,0.0861803414420406,0.0876681198916032,0.982515169600731,0.786090037317456
4095,0.0843233539851372,0.0287517151707983,0.724350897262689,0.355370448450803
4096,0.0757332421994691,0.0215283539482117,0.680811172976596,0.394407533553134
4097,0.0908692031365604,0.0301864847245214,0.884600444887653,0.624364551979643
4098,0.0914576621279413,0.0567812145366249,0.853175058164246,0.758736238373537
4099,0.0985935078830655,0.0183468869378737,0.603134809342838,0.569593420236545
4100,0.0857485399299203,0.0417167394247841,0.699241475736141,0.748165997527528
4101,0.0745334905489319,0.050185342541565,0.796957848613414,0.702836734648604
4102,0.0944364063695318,0.0577330510949326,0.621694082923054,0.754749411676268
4103,0.0894253658442881,0.0208999201811425,0.521149987071893,0.452309286093071
4104,0.0888958712811336,0.0320892268492415,0.815170462041693,0.493903349141268
4105,0.0774584849987289,0.0201100938455155,0.625063839395328,0.371963723459763
4106,0.0851994596308432,0.0420483547642713,0.981182643624654,0.637341587188236
4107,0.0654837972647802,0.0239734886446041,0.63894666700646,0.45753898558798
4108,0.0971368611454362,0.0192500251852181,0.434507222971557,0.560948804238613
4109,0.0852801504995465,0.0289102184024035,0.444362382943165,0.664532446625875
4110,0.083517819577923,0.0234793282790557,0.43939423695676,0.635855883174134
4111,0.103461629708687,0.0382606545177386,0.410556725365299,0.774529034617825
4112,0.101404544321221,0.0155115145292251,0.357703360754261,0.433978565594583
4113,0.107413371222932,0.0200415909839378,0.309385802105052,0.465250992433692
4114,0.0848893494339702,0.0185991734688525,0.358507737793024,0.288990597733479
4115,0.0981640801204897,0.0269136886754534,0.428268567236147,0.507052088423537
4116,0.0922749938478307,0.079269977891126,0.443466201826073,0.826747327679253
4117,0.0889878396305837,0.0247701434681776,0.437928632683713,0.651855915491804
4118,0.0854117077881898,0.0582593115904287,0.438823555544955,0.817446920989743
4119,0.100054610485411,0.0574707213696654,0.433001212217349,0.767951333773126
4120,0.0960106840504236,0.0348348278969461,0.424891226721202,0.588556792584307
4121,0.0927722931623779,0.020776841647269,0.426748691547479,0.508182570518217
4122,0.0874931783733826,0.0639705618401786,0.444843946305115,0.771112522057352
4123,0.0989951499989723,0.0540986501015239,0.431345782961899,0.799926987501473
4124,0.0987282771527131,0.111824007112187,0.422604862882434,0.863665647310191
4125,0.0874199072740274,0.107020692170462,0.437209163684667,0.909087357173615
4126,0.0927762889058761,0.109931428940917,0.422772220409528,0.841038201416728
4127,0.107787036374295,0.0480387691584552,0.420188994803719,0.720478852638696
4128,0.0964498150355947,0.0329614126942541,0.447051968539516,0.642762206081959
4129,0.0911467061011548,0.0425767868080687,0.425213365238561,0.750853123336065
4130,0.0897155231635098,0.0870347503696497,0.433013832356849,0.812922409285891
4131,0.0860827924997656,0.0295124589313132,0.440019442721809,0.558886166257774
4132,0.0772194325117668,0.0199560218011674,0.442464920752972,0.475307015941903
4133,0.097240949424441,0.0223893963191474,0.403386725165314,0.43933204523491
4134,0.0959441671239316,0.0335195005223662,0.428618324292431,0.512205945000303
4135,0.0929006880515455,0.0252118511204975,0.438864564201801,0.300543651037434
4136,0.0969883434645844,0.0396702141439436,0.424861332094755,0.497457284018138
4137,0.0966256018256995,0.0209993814510248,0.430190693411182,0.379527988891571
4138,0.0988737787653408,0.0437638459222267,0.444648186653517,0.755312164546137
4139,0.0957320758800676,0.0269397646268543,0.396136802285359,0.711096600597033
4140,0.105346686177186,0.0317291411974675,0.426715016180477,0.737628234879237
4141,0.076153027085559,0.0585701882367,0.441994668039701,0.776151251064169
4142,0.103125154101693,0.0652036094009992,0.423162336554706,0.78129986146597
4143,0.0987673265995567,0.0284570005794254,0.436761948999664,0.543664114214025
4144,0.108221570453758,0.0246193086171964,0.4432561957505,0.756155499684514
4145,0.116804157998616,0.0361660988667033,0.427929389177262,0.772719322376005
4146,0.100563789708949,0.0241287395207095,0.434650350062827,0.57072693287274
4147,0.0949151702837498,0.0175131024893822,0.445766782898291,0.320494264596919
4148,0.0982714931202116,0.0183745757143454,0.446847104624083,0.393131474869332
4149,0.0998050474771806,0.0360259077670393,0.316935569820734,0.541287561271265
4150,0.0850811867519286,0.0608143470957248,0.305175445050537,0.742940034198202
4151,0.102326305670101,0.0422989927990027,0.433978657928113,0.755733485390148
4152,0.094598965096239,0.0333085882624557,0.366809232258961,0.571159917005603
4153,0.0986883699983779,0.117201623381807,0.440195321937618,0.868597438271831
4154,0.101505335604536,0.0856429119867796,0.425304447763925,0.895490590796591
4155,0.0839284957473815,0.0473910746902333,0.442051383312241,0.570060838594303
4156,0.102050180849831,0.0243005221004133,0.430122309741957,0.580085488938995
4157,0.0999216829418878,0.0233890066685932,0.43102877010895,0.577709599756859
4158,0.0920547748989944,0.0298549131223848,0.458150755598243,0.485030856167134
4159,0.0844236422061411,0.0311586932037823,0.396767473994985,0.512480934382935
4160,0.0909753446033496,0.0225808122384278,0.43181721176645,0.544232235990464
4161,0.0948094999373196,0.0382119912987532,0.430301947101942,0.516474824414203
4162,0.0827498624571416,0.0221500330521404,0.431089104531577,0.473269441291247
4163,0.09075142330458,0.0362526536480394,0.449848346199391,0.589569061307652
4164,0.0770085591603293,0.0369972867262687,0.274924183989793,0.482012362666657
4165,0.0790373250055187,0.051107062984529,0.0218961520238537,0.671351392821396
4166,0.110445625563149,0.037015708529122,0.197932771774401,0.680503582615786
4167,0.092908561221456,0.0198871047982513,0.0258021919106457,0.287894166359467
4168,0.0801804266694021,0.0237053308363364,0.513279397035944,0.235580699283283
4169,0.0936529309837213,0.0348601164433852,0.441515003074035,0.555417973289028
4170,0.0829231355730803,0.0191621158265148,0.31204073755082,0.484989530348458
4171,0.078262259591197,0.0302328390263167,0.433209446838687,0.533471575506775
4172,0.0699013733367961,0.0550016041607612,0.456469122811363,0.625734976517358
4173,0.0970014938293433,0.0290287199773816,0.565307416337903,0.53239819213373
4174,0.0684768269529223,0.024524957312966,0.611478724257614,0.425974833160118
4175,0.0803785282816024,0.0197622267587858,0.68976044693721,0.375916818942256
4176,0.0730967774138639,0.0238673671917173,0.588341456557261,0.500530455966113
4177,0.093419511947361,0.0492337878646932,0.654910264726589,0.704506402583642
4178,0.09344050367627,0.0317953951770329,0.687790023923346,0.701108751587487
4179,0.0769675919130593,0.0272876690438236,0.582590854991491,0.326267776457027
4180,0.0827662298737185,0.0461432659192067,0.596385471145937,0.591268336329027
4181,0.0957971994238268,0.0494138951860116,0.723737642406902,0.714561279358828
4182,0.074940553073659,0.0375607655150441,0.834326752493993,0.712927295017746
4183,0.0824156295642987,0.112700642906923,0.969035134266452,0.790848786726478
4184,0.0944298119432478,0.0254979880555477,0.764533847735161,0.335531962781348
4185,0.0812147494800063,0.0279213464615445,0.747955484340301,0.504728302717018
4186,0.0798063450903056,0.0306129158895991,0.73924357254435,0.640411704936902
4187,0.0698416684241133,0.0244632570684291,0.762223193034262,0.30053650814496
4188,0.0818523656657416,0.0309259285898889,0.595292571466299,0.34079316441104
4189,0.0729535540399341,0.0179211631945157,0.427856652251196,0.59884571596247
4190,0.0930501145566078,0.0169267672550257,0.420924352840297,0.394815820001709
4191,0.100476776344413,0.0158612019300818,0.403362546005483,0.318839369976786
4192,0.0962275420051592,0.0584239200587258,0.425297468172839,0.812345146325868
4193,0.0843514240974572,0.110703221947706,0.442755282554644,0.871706510616384
4194,0.0899260425199002,0.0622332325611834,0.442669926214496,0.818867206872502
4195,0.09229776209299,0.0282766621468271,0.423514011935008,0.521546013493392
4196,0.0924336093557438,0.0506395241970051,0.352436072819258,0.696496647480908
4197,0.0867557496121203,0.0276657209474281,0.278526374834537,0.540938484847864
4198,0.0925085588431945,0.0367529486658256,0.435143382623215,0.718592368346575
4199,0.100684377101373,0.0648173780589262,0.529688519120641,0.716123579969832
4200,0.08657116528674,0.035098430606124,0.625199194170279,0.447962633888728
4201,0.0853822031227193,0.0428801860696831,0.439175740285686,0.665780617733542
4202,0.0906047585473988,0.0205043226143789,0.423410770486442,0.352197882599674
4203,0.0874005720853014,0.0263762475968856,0.432512280946099,0.454205275406155
4204,0.0811682127691154,0.0690954717342421,0.423225145933562,0.792061172974777
4205,0.0899720589802414,0.0353793726295052,0.434577731785392,0.716464926715842
4206,0.0997277048851482,0.0277995894563504,0.440442300091216,0.582266000864904
4207,0.097780889970272,0.0482820824834946,0.445225856697011,0.786343391423232
4208,0.0906808320853445,0.0179833287412313,0.401600653828794,0.371906873652773
4209,0.0906536301977111,0.0219824800683087,0.445021864222198,0.435764417305646
4210,0.101420312453376,0.0181990533290646,0.327591599183939,0.405119536465466
4211,0.0803284868590227,0.0245902796578235,0.445115274447911,0.391536193607961
4212,0.0820987770077513,0.0287848809246497,0.431648313865466,0.634757656150874
4213,0.0818626020799795,0.0193717029187156,0.437270176548847,0.43762389484964
4214,0.0977229883890258,0.025210968980832,0.312944212990696,0.259952755933918
4215,0.0917423399083548,0.0192047163870611,0.0778386431499083,0.291167463721005
4216,0.0834334812954501,0.0191598678216539,0.0504884495540914,0.356229043707492
4217,0.0864255898451311,0.0277727654715248,0.207722732116205,0.302694098648457
4218,0.0883222867798244,0.0242140422087066,0.339500513808039,0.384816565917046
4219,0.0840335055252922,0.0188584791252274,0.430237191009502,0.324399406109506
4220,0.0915499101317722,0.0231013984094922,0.434916603557948,0.469348982065162
4221,0.0870020091918896,0.027809952716731,0.444248478847039,0.482197049146413
4222,0.0830374775099873,0.0303274870601906,0.430139606821229,0.606681627610331
4223,0.0996446908494481,0.0501184714515761,0.434770943332572,0.730747690187557
4224,0.0768593573278175,0.0301214836236201,0.443686592156734,0.662020033368982
4225,0.0805122726868271,0.0330657385946183,0.424710571219632,0.624255500684578
4226,0.0890436698484067,0.0267788974455914,0.439631451412737,0.385053323090361
4227,0.100915903849313,0.0162939343779616,0.432761772433761,0.446745976969237
4228,0.103337069223658,0.0207747517974325,0.442891919847816,0.225472015359576
4229,0.101825136340298,0.0218468729925854,0.319042724766275,0.480869077426311
4230,0.100748197191158,0.0757769262452238,0.470289271620878,0.824740222612109
4231,0.101635688940645,0.0357387085254175,0.434766861635012,0.729153437269639
4232,0.0961282863530801,0.0565055330124939,0.427515317909836,0.751425102822044
4233,0.0917715312191936,0.219362112704222,0.434260261959419,0.944765377655193
4234,0.101035760966375,0.487044962680172,0.429041407096651,0.977249033069953
4235,0.0868800629263894,0.398410052098679,0.432735416397943,0.965741766068421
4236,0.0939387141015103,0.0471511539919574,0.442840882103982,0.706267348463227
4237,0.103539097349138,0.0228744094185734,0.479365782365585,0.517044842082317
4238,0.0870467017678374,0.0294732369304294,0.439682388495255,0.528802284667335
4239,0.0876829415196618,0.0229719641350148,0.366357650175847,0.376062368968911
4240,0.0783996033434537,0.0189336563050079,0.596129115419064,0.249547639600043
4241,0.0772473980765785,0.0226241755422478,0.763189768776325,0.544884404108492
4242,0.0816458945231903,0.0378543503990709,0.832341044591475,0.548249820959909
4243,0.0851530045658028,0.0285075153217407,0.759763775099742,0.237596344794133
4244,0.0984069823250093,0.043318236536353,0.624041708631792,0.550700594461206
4245,0.0863590395404718,0.0389231933179518,0.478423235145517,0.609378116709384
4246,0.0809012421480262,0.0214021038789933,0.668706179170793,0.330957710752684
4247,0.0741157464694549,0.0354896283640697,0.559887279675239,0.532514436311797
4248,0.0840954834312209,0.0313452195373194,0.620800875186141,0.662812178559584
4249,0.0797776993487486,0.0138768577111473,0.844731588726992,0.417062737410794
4250,0.0833876645264061,0.01836484345235,0.660963128041593,0.481712970119085
4251,0.0855754682224751,0.0250525470431185,0.557724455661743,0.319730264047742
4252,0.0928031167240333,0.0323894300043756,0.598712638625477,0.57796554122081
4253,0.0921349253867157,0.0259423071560907,0.760132099249478,0.389701211380943
4254,0.0824661226624598,0.0262393338608116,0.702168387795009,0.432425433815105
4255,0.0912289821832155,0.040276032628456,0.763118785784207,0.678257062132999
4256,0.0923441716498297,0.0286592503425863,0.767262819277117,0.605198506957049
4257,0.088920647405649,0.0265025559664897,0.758291538787721,0.376756507611177
4258,0.0857242626264047,0.0255333711924619,0.883211897898562,0.561428181052462
4259,0.0967906195646491,0.0304323681064292,0.976874852947792,0.55861751562645
4260,0.0840660157003477,0.0483785641922164,0.62383814378228,0.745716838301726
4261,0.0837121083779962,0.170611275799398,0.478139689510025,0.872987641244979
4262,0.0829888370512747,0.0373644632261581,0.548854306178483,0.722016834935973
4263,0.0858351276071819,0.0222753231778799,0.742847687693231,0.515178937216823
4264,0.0876891418465609,0.0260332787933076,0.890375013404477,0.590335397356288
4265,0.0989390927577788,0.0202591721715846,0.793419142446266,0.353488269058704
4266,0.0870528059677996,0.0237700599845418,0.731743887780423,0.469635014605484
4267,0.0713568195204845,0.0394220581826503,0.588484216591737,0.688421793093048
4268,0.0658315661574203,0.0215374399201856,0.643549614205386,0.40576205122461
4269,0.0805367337063748,0.0391277463682821,0.877956518875715,0.646762899295994
4270,0.0851330825341181,0.0748685067788541,0.806592686120472,0.811970768460461
4271,0.0824775065486634,0.0262211149103089,0.607396783757642,0.577223212465005
4272,0.0863973703494122,0.0344097231215512,0.619044106043457,0.533634761049923
4273,0.0759234054357639,0.0225750206139783,0.655929697700252,0.232099941634987
4274,0.0772367035495297,0.0250607882913885,0.596594670765119,0.441007405890363
4275,0.0731435837065799,0.0249038267761079,0.595088603169165,0.58202333604491
4276,0.0819752813061101,0.0389476634386784,0.557492523295239,0.651544276924424
4277,0.0882670245479844,0.0338499242329015,0.57259770765635,0.169006668020474
4278,0.0888020313575345,0.0268393646197048,0.596363180192697,0.512004115386693
4279,0.108765659548289,0.0279018169795578,0.649433455077548,0.591005339071226
4280,0.0821377488388222,0.0165048437831782,0.69275415375234,0.327896426293227
4281,0.0840820867254148,0.0329620604718102,0.589138047822172,0.700750252110145
4282,0.0767487027388161,0.0905139719388904,0.605341706160854,0.805129336459087
4283,0.0867367073283784,0.0501031643682425,0.638401021011503,0.736218084361542
4284,0.0569750557028726,0.0692123680588366,0.606678383227091,0.635516778138572
4285,0.0828480281244307,0.0265445477621098,0.536869954781545,0.34895972957339
4286,0.075813675820489,0.0270104183896329,0.539592590213986,0.398576916635493
4287,0.0903248278370674,0.0224606325893708,0.426376875699583,0.61822690364553
4288,0.0890871861396033,0.0352101562649297,0.437508759975003,0.70028051118049
4289,0.0903838751016248,0.0193225414965477,0.32519738779317,0.248440972874605
4290,0.0752624261802663,0.0262315880399814,0.212812309972493,0.418011556712361
4291,0.083202135876234,0.0508088083259335,0.434982455443249,0.715344357628325
4292,0.109001134947263,0.030966656313509,0.436809120612302,0.66581345559676
4293,0.0990930660243366,0.0510904280504891,0.439581412799096,0.77111702620084
4294,0.102658161820727,0.0294338995825935,0.426781710018273,0.588617415731982
4295,0.0913450410915345,0.030025791675846,0.430160696402736,0.695974894996003
4296,0.0974504956719656,0.0533289184660839,0.438836490967216,0.73086940244787
4297,0.0881107263464589,0.0262258140264686,0.446412692623626,0.567907435768288
4298,0.0867250186734847,0.0648935636508445,0.425459175252376,0.699648122450084
4299,0.0878432098911938,0.0346503366044724,0.422716529206161,0.637501827156845
4300,0.0887320396473891,0.0420976969582214,0.436925005684497,0.661709322152407
4301,0.0951591625609113,0.0287459319889111,0.407752813559628,0.412654463431125
4302,0.0762265904467283,0.0250409451863794,0.440300311718525,0.441133371070684
4303,0.0938185755771113,0.0179164059851257,0.4337758983307,0.463981115668581
4304,0.0884985784357686,0.0261475613942211,0.444450620524176,0.538609565200753
4305,0.0839587375675951,0.0173729053893254,0.446774245346673,0.420523616620628
4306,0.0865355821201774,0.036541297905792,0.436718146060149,0.735261552526328
4307,0.0940593453238235,0.0231747805265191,0.459270771488094,0.493794555839747
4308,0.0943672131046423,0.0641762192366003,0.424761517945858,0.807635119508689
4309,0.084387931668872,0.0320487891982077,0.424564739839655,0.622172715499097
4310,0.0934273413073214,0.0234032848677147,0.280070717532707,0.480735524855261
4311,0.0958657340324738,0.0387135463662422,0.427030558084524,0.651467435952432
4312,0.095720102262745,0.0459522345559312,0.436987121150377,0.843272561218432
4313,0.102692349272316,0.03574326160413,0.440552887288532,0.717986983578197
4314,0.0958770817312199,0.0369661436867343,0.442626523393179,0.740716223069592
4315,0.100932552770379,0.0440672097089511,0.428366591012361,0.766835649856355
4316,0.105378154886961,0.0342417843676591,0.431985357950667,0.790887199532046
4317,0.0938294595394277,0.0323049470144256,0.47930859761138,0.580618724987692
4318,0.0864219974097743,0.0218682713082425,0.434052221165551,0.492375538221269
4319,0.0978296979777692,0.0271810114749938,0.442084458476854,0.586602587586891
4320,0.0854422706054648,0.0438946114669209,0.445453225410336,0.673621395074736
4321,0.109661488744397,0.0414047633447015,0.423555505879473,0.674631106837645
4322,0.0938917767020118,0.0620397398156749,0.449258241081829,0.743752157510882
4323,0.0966710080630907,0.0213041315032138,0.425709821193646,0.596441626616627
4324,0.102221653915422,0.0193384382037887,0.435158369153872,0.628462438807608
4325,0.0921558349003772,0.0178873368955416,0.43885082506347,0.37443623156601
4326,0.0920406054386651,0.0181265999183819,0.341516843575202,0.428527340170916
4327,0.0931049766223882,0.0431159947855669,0.444591963435988,0.705740875855236
4328,0.102386318968152,0.0356322941128196,0.424266200740674,0.598440542114263
4329,0.1049871224561,0.0307458717390033,0.441490113979843,0.521892225168982
4330,0.0947032684913349,0.0256477450598705,0.422174714503084,0.583209673133302
4331,0.0922733611674258,0.0405957548863754,0.435971956111085,0.761726024243194
4332,0.101459455501995,0.0389199657266929,0.437313549653701,0.689419054902982
4333,0.0948645642801253,0.0307627734203863,0.428146144362145,0.523842681699902
4334,0.100704169930267,0.0315461835984513,0.439327164606193,0.585135387276163
4335,0.0937195824346603,0.0673448275262071,0.429282622874349,0.727039330467079
4336,0.095638261887684,0.0355104192063646,0.437512514951759,0.576818206133383
4337,0.0936030477146499,0.0174783095865103,0.439758398596566,0.50124205705667
4338,0.0787349749146745,0.0566632517041996,0.455956142584921,0.766819918676592
4339,0.107889565843436,0.0246315179630935,0.506808263708349,0.435797685701413
4340,0.0909415980761008,0.0210803997804332,0.270877827656481,0.408393328066584
4341,0.0906577459260712,0.0258263687636611,0.364643098925516,0.534627120095547
4342,0.094594636780157,0.0246526292498135,0.352069310358502,0.508440706655267
4343,0.105916876861599,0.0229084102197885,0.342455942974372,0.521793592036936
4344,0.102643273438396,0.0269757077354481,0.431958186521678,0.642423244630651
4345,0.0960607018292033,0.0255027124590458,0.437599732668279,0.545504418675672
4346,0.0960164524015423,0.083136399957135,0.445840528304038,0.847837513947549
4347,0.0953242205038232,0.0344669834010387,0.447323972693907,0.688027394814381
4348,0.0989727130658296,0.0319225049231828,0.429566914414895,0.413622772106485
4349,0.0845730629955159,0.0441329559738749,0.428662400233265,0.62284247511565
4350,0.0863786241964186,0.0201907551996304,0.440624395991331,0.432323335519751
4351,0.10152646786719,0.0320176212374889,0.445462492974768,0.567595689243235
4352,0.101408515956889,0.0574770115219269,0.428463241877484,0.814434562084877
4353,0.0958798588615531,0.0452247280199453,0.437425724334913,0.57671010621331
4354,0.102380857347955,0.0264713091404648,0.432345056093349,0.561663514230905
4355,0.110460065684001,0.0241114934394887,0.443738237996291,0.676699808415336
4356,0.0881099523052933,0.0252396055326571,0.438770056223019,0.6644153737909
4357,0.0829481645972572,0.0384497336895149,0.369144989333662,0.600387478049019
4358,0.0996916475123592,0.047876417781279,0.436545710147273,0.601509990505518
4359,0.0898083920546049,0.0479372266179314,0.424862312645145,0.785222739123255
4360,0.102031596585387,0.0516420849885241,0.428677711664157,0.82619059260126
4361,0.0908204761879422,0.0164536314939056,0.43506538292199,0.483134136638097
4362,0.0881622011586212,0.019269231087268,0.385774628792421,0.490904709348778
4363,0.101148582229099,0.0440724673688959,0.424657327891152,0.804637714558994
4364,0.10769949425294,0.0559252742406835,0.442867916962233,0.789474538699437
4365,0.0948372552932351,0.0303950733282334,0.438413262361976,0.712543407082221
4366,0.104439472277199,0.0530029666993103,0.435171413687566,0.842119143080151
4367,0.0926926115299408,0.0590675931852171,0.450398627371613,0.743731947557723
4368,0.0980707267501803,0.0622811503386118,0.426350093571584,0.718250355616049
4369,0.0921394251842556,0.0488916001269281,0.425226775349895,0.767343404699505
4370,0.0936205743311646,0.0363087367791009,0.447239352051255,0.658043204031248
4371,0.100345396741064,0.083672115314405,0.425782549681685,0.860783053312
4372,0.0988600926452287,0.128836715604526,0.432805197006722,0.919227671459078
4373,0.0930790471568338,0.115221542652542,0.422132010560384,0.903617804783323
4374,0.0873986486225286,0.114673467045756,0.431325182893071,0.900191476428908
4375,0.0996870384757489,0.0707498486702525,0.428356453524374,0.88747534109509
4376,0.0945404163325029,0.0636102251695844,0.428833741835859,0.789676016259892
4377,0.0782108237355467,0.0637965822782475,0.436138675399354,0.749716960314897
4378,0.0884328547088044,0.0506324790011339,0.474802802848576,0.675264949788097
4379,0.10694902243476,0.0273359987823675,0.442130428983294,0.440492909164454
4380,0.0930681426042501,0.0407357563091571,0.423247129942781,0.577063182045644
4381,0.103884962280359,0.0564404282009971,0.413044814868825,0.670863488613474
4382,0.0932983193293958,0.0201569593890474,0.440885229011001,0.512379626442153
4383,0.0869466212706394,0.0284298494655716,0.436872117784281,0.594795143032826
4384,0.0873726382955975,0.0203049040785567,0.380305552428856,0.476555787191678
4385,0.102621210007653,0.0478109306300827,0.311881375937093,0.493477153264902
4386,0.0897720192838444,0.0345892885725721,0.429761813322813,0.502782168050005
4387,0.0858504184372826,0.0170226842868558,0.288778475036733,0.380871536826472
4388,0.0903813940868085,0.0220893535954404,0.446393086617255,0.392863317893674
4389,0.0995101219443207,0.0301499572093294,0.423433054434322,0.677074446951538
4390,0.0908839103980494,0.021499953288651,0.423421683538176,0.495528253548421
4391,0.0994926597642034,0.0306498336947484,0.433986499987788,0.591111157949299
4392,0.105946547699869,0.0466925404430823,0.44210783051596,0.790186108795548
4393,0.0926675694003905,0.0431366456650441,0.437110898231243,0.669627457078595
4394,0.087199194228168,0.0200369569066018,0.435111290670781,0.464256570700846
4395,0.0802438139789221,0.0457343688305483,0.450370122657188,0.512214969058039
4396,0.0912833906405651,0.0266253299256361,0.423051130949287,0.457224067629019
4397,0.0994863304517015,0.0275794599802992,0.429912370442012,0.553897541123884
4398,0.110249209241618,0.0320621180867423,0.443906007880348,0.678605865270925
4399,0.092975445540871,0.0236279754006747,0.282061697136205,0.35630635021986
4400,0.085618673935335,0.0259324229115456,0.336923624572302,0.357267008106539
4401,0.0803182684460867,0.0214480420985323,0.424981569567988,0.496195504534655
4402,0.0950541477531009,0.0189338980658961,0.436416497486214,0.535311981291548
4403,0.0744535013033906,0.0218405318737386,0.437352430884776,0.375120810275929
4404,0.102074484405102,0.0195364607416142,0.345936175548151,0.347129733703712
4405,0.100497258088298,0.0262484897944218,0.437025472722082,0.574377941293248
4406,0.0997618087770403,0.0275175413123646,0.363467349920198,0.480812695950072
4407,0.0974426438962746,0.0346975975552004,0.25711818910585,0.503389310525974
4408,0.0895775431894824,0.0207956435080614,0.280189762809579,0.384096940197719
4409,0.112191863273692,0.0254487255563226,0.351770887248769,0.482416711076451
4410,0.093984833875043,0.0275452914244074,0.423016336303719,0.508965282507561
4411,0.0986980537191247,0.0300170121009496,0.423450089596243,0.644339339021578
4412,0.0960441635866699,0.0156514779716298,0.424494523217967,0.257393212134501
4413,0.0919309219202119,0.0232879182614972,0.430109912340995,0.635982565541623
4414,0.095542752865546,0.0319684223176637,0.446275411570665,0.486841938149122
4415,0.0935123799233352,0.0614645505609983,0.403717773445194,0.632457727263109
4416,0.0873886438176354,0.0446468908695231,0.440785396978076,0.720365510134902
4417,0.0918261094388989,0.0278440315621322,0.446617439278833,0.547612758480188
4418,0.0937864923858595,0.0193487738842846,0.440447407127269,0.489615325918712
4419,0.0795157486769565,0.0139465958400026,0.435733818054765,0.410833970919003
4420,0.093686967518197,0.0328390159038264,0.44495820507141,0.47974787973263
4421,0.0883971934511498,0.0290826685344976,0.423030348945004,0.663694727486969
4422,0.0935134774917837,0.0516757874105919,0.424893885152431,0.773753711275553
4423,0.0950555372294271,0.0189934566590352,0.447570560506936,0.585956664896841
4424,0.085299385090466,0.030610999539474,0.446931635181467,0.486784161378069
4425,0.0882171224019968,0.0264342396373747,0.429516755869131,0.625565395505784
4426,0.0918563952599849,0.0240045135856669,0.424832232861392,0.515432753590838
4427,0.090954907670505,0.0228332555574428,0.329577884845539,0.386045239148452
4428,0.098771223954332,0.0186439907619922,0.447440801789754,0.405190566969587
4429,0.0863453629037614,0.0254139746023762,0.35974509968274,0.466149827599541
4430,0.0942092870991978,0.0193549354370116,0.332472085267261,0.434094881700133
4431,0.0937577144394081,0.0184034459908535,0.286875691142163,0.242901822301913
4432,0.111485339115809,0.0189026854308568,0.44045557797694,0.415448109019684
4433,0.101298156925588,0.0380910488818855,0.442620295490451,0.768148301662893
4434,0.0876253656766883,0.0189713585936098,0.425111932946785,0.540165297954846
4435,0.0957668811952718,0.0199261232920608,0.420769394824921,0.538821288106799
4436,0.0942647859562049,0.0204769039756401,0.436861559328584,0.48863367725878
4437,0.088351397306669,0.0167738390571233,0.424813829546995,0.342032981750884
4438,0.0905122625041339,0.0430137715882786,0.433283532194272,0.728187392865686
4439,0.0925947129928023,0.0351426058181761,0.438130234927084,0.691307254943088
4440,0.093692266792113,0.0277219763767712,0.391161661715178,0.426973134628601
4441,0.0824617604486202,0.0349468411535686,0.575163477987069,0.42832674436346
4442,0.0812767137840139,0.0157228186035195,0.334744177436501,0.319064381316314
4443,0.08841036228609,0.0215909560718439,0.323683974327329,0.325124216287329
4444,0.0849770485589117,0.0320772895479599,0.329925271905228,0.330527859758211
4445,0.10038505404249,0.0278723885155958,0.165640328655038,0.48032294697155
4446,0.0981039166632575,0.0202670841106446,0.431264452539704,0.260475541358189
4447,0.0798912487414285,0.0259722891264434,0.863505209123701,0.439087254007581
4448,0.0834147004793616,0.0254790838194259,0.735771832815073,0.244931828440466
4449,0.0678224036171348,0.0247752464789036,0.63953365531327,0.475803916306142
4450,0.0844359833444062,0.0241802344362765,0.555197427401851,0.491063274176959
4451,0.0722560435961919,0.0250278146195761,0.88646816238475,0.338634349688261
4452,0.0786859354563742,0.075086053175858,0.883637405351075,0.877484213046544
4453,0.0914587274320304,0.0949996633858713,0.763312866462527,0.859543429179168
4454,0.0861672339129118,0.0235774057407245,0.617228923620177,0.27018372629043
4455,0.0878594750686345,0.0561660621382074,0.43781474006284,0.753612572418333
4456,0.0755855993607247,0.0257365652970454,0.458684359248265,0.488051584637384
4457,0.106568910655321,0.0239655372066938,0.768655530735759,0.54547941663529
4458,0.085448216993104,0.0250859205805245,0.440089438705347,0.370082010746122
4459,0.0900861709268498,0.0561233877053599,0.437153665553208,0.790773626792848
4460,0.110366959449818,0.0499822849498549,0.348690054530276,0.661356223394394
4461,0.0758502930632898,0.0288961471075409,0.424876480759275,0.568942296665774
4462,0.0866934233519732,0.0340011607938116,0.447436965805475,0.748673250533395
4463,0.0934431162005976,0.0228415489968977,0.425565984748634,0.561635097664665
4464,0.107959263439724,0.034749262346329,0.443771409607444,0.527925470336822
4465,0.0757981239626448,0.0217767488316824,0.448844527019084,0.269386327298771
4466,0.100310414737938,0.0268408182246735,0.432250305553739,0.545787151426214
4467,0.0971501961276685,0.0358508632599007,0.427410578246921,0.690935823333834
4468,0.0813868314071481,0.0483053893055749,0.434217318515734,0.75321426923373
4469,0.0819175925691374,0.0314178873525486,0.323561532306995,0.505044899990537
4470,0.0936874016307404,0.0379914128554362,0.445042217444308,0.739753109336736
4471,0.0991249327248309,0.0676743863696788,0.427443875619517,0.702339750197147
4472,0.0953853610712774,0.0238231101050036,0.445095448598143,0.56495584549881
4473,0.102871124527739,0.0308592050584305,0.444696544860494,0.621627580696491
4474,0.083243585613511,0.0258899463622801,0.425446515652895,0.528911419590754
4475,0.0814489677173365,0.0342694239419406,0.422898233978953,0.681750482658578
4476,0.107679598918079,0.0221055942131983,0.428522450159666,0.65402685583716
4477,0.0991665750686975,0.0244249310610966,0.446182892450685,0.680968383974154
4478,0.101284408512368,0.0375820997023525,0.42817992519434,0.583238146633734
4479,0.0992748402085662,0.0578633408259469,0.51444288621946,0.785924975206175
4480,0.0923610949616039,0.0358693290380063,0.446763950670717,0.671207256070825
4481,0.079722230595855,0.0375997878644032,0.435489436576309,0.620987665266012
4482,0.0968742242502523,0.0370591505588919,0.445810994077974,0.529649284422815
4483,0.0954223471218662,0.0224772460202692,0.344855015872032,0.41807972502179
4484,0.0962823105024964,0.0327410977589684,0.418174372618772,0.474266388647239
4485,0.0898814418074015,0.0256142970863347,0.23612648204616,0.400349463763264
4486,0.0982037544677571,0.0380700468750655,0.495337834916753,0.600985634252405
4487,0.0928446205309442,0.0321685068859818,0.341180992260971,0.527114287282177
4488,0.0939709743114515,0.0265118553973214,0.38059540313772,0.15756864869827
4489,0.0783431032495405,0.0206431501431438,0.173387244429145,0.276363261346553
4490,0.084683362608225,0.019178273055248,0.034289638638252,0.24718086446643
4491,0.107032601898533,0.0165567980727968,0.107924283599373,0.282739672549942
4492,0.0962671672959501,0.0306093587399947,0.0482911061334589,0.480786731133525
4493,0.100614432057792,0.0190293689994278,0.281602387625658,0.348644994504838
4494,0.0947629865185139,0.0256189744777894,0.438528123384854,0.655975862419667
4495,0.0892689032236217,0.0222888536547756,0.443528334805411,0.54554936250149
4496,0.101740267460592,0.0428938514260551,0.436901406664138,0.760396056774794
4497,0.0712436185903105,0.107834464658642,0.441650548523486,0.88215462104846
4498,0.0949272219314201,0.0550440262697719,0.429897182872739,0.787458766100774
4499,0.0816702835118063,0.0172974346423317,0.444920695065146,0.393784642821641
4500,0.0810151185622977,0.0169034852112449,0.594808932800061,0.340932729112398
4501,0.079323705423053,0.0263125012316403,0.783478396090203,0.202108463764224
4502,0.095075178016562,0.0246285292393029,0.973122016655485,0.607437487784265
4503,0.0822661218059446,0.0479268036154264,0.885743405756538,0.731586834185301
4504,0.0963106655559968,0.0909808537472988,0.974908669391579,0.851556536677867
4505,0.0820752943547875,0.0499193818593851,0.618314340453905,0.552672080692218
4506,0.0894011615136992,0.0340856896999061,0.614022631388105,0.576211483362513
4507,0.09560845901995,0.0537715265601741,0.626727744250522,0.659129375643249
4508,0.0712402704076325,0.0307688785648213,0.786568419468246,0.499684324962492
4509,0.0665003398318273,0.0316201719131052,0.873407444985497,0.626017256324041
4510,0.107031168136601,0.0304111077817476,0.619518467783126,0.380775795806171
4511,0.0899407948112049,0.0218439449639099,0.658351248205535,0.336322911686264
4512,0.0797014883629426,0.0228687899642473,0.657050701438399,0.487798169637273
4513,0.078264543315096,0.0552909927791727,0.674845843002902,0.66314249138342
4514,0.109805350120666,0.0314553038244353,0.670982441797521,0.647019276373718
4515,0.090450334907951,0.0533288889080955,0.567008163368144,0.732505878493819
4516,0.0884232646281198,0.0244277649749506,0.474022451006672,0.450900918810944
4517,0.0906684093526461,0.0238356054500917,0.413001970342886,0.417743909182969
4518,0.0882446854934542,0.0467738777113589,0.334194127840539,0.518056553339853
4519,0.0915016234358704,0.0450202987157708,0.437117932300181,0.415734833415976
4520,0.0840528413670924,0.0262361020775651,0.424802915696468,0.658569675871149
4521,0.0916560627152214,0.0287620228517488,0.441178287737948,0.680568469541056
4522,0.0835058818599332,0.0227567591674904,0.44304228413648,0.512679116583429
4523,0.0917495279395689,0.0541455556602738,0.429445398084653,0.729076847798609
4524,0.093801365707784,0.035295343682563,0.433019597098546,0.610179109019056
4525,0.0936137004458904,0.0412217425904792,0.429098304400385,0.580755170129477
4526,0.0954301565187649,0.0550662111007641,0.422269450841664,0.795066045501613
4527,0.0864750969107602,0.0497277576689559,0.413207513119467,0.692769272080724
4528,0.0807969813310666,0.0340006284589917,0.435310330422477,0.646092777499002
4529,0.0705399724165153,0.0355753585590048,0.564172059937543,0.661817935238362
4530,0.0709667090058755,0.0230823404438629,0.649538658554895,0.327423190828223
4531,0.078114330397534,0.0588525699843525,0.692475967971153,0.762363048124937
4532,0.0843381408024317,0.0299934863081332,0.442962622914246,0.377738038574733
4533,0.100628338016768,0.0173463095785268,0.438731854762196,0.516840062207572
4534,0.0879062750203304,0.0270321102291043,0.443691271440585,0.605447680781692
4535,0.107504260111714,0.0325751230853317,0.445151732207528,0.606990197193166
4536,0.0863325309416076,0.0185391574758833,0.437190738888603,0.539938441468516
4537,0.0816065251966269,0.0352097838833107,0.431332956553095,0.396321011560105
4538,0.0759715334756583,0.0305224033302356,0.429352637220111,0.409198280607002
4539,0.102897436612269,0.0450881478735138,0.365430396895741,0.503962111856291
4540,0.079843269745286,0.01793900312449,0.328074110945947,0.262902058091262
4541,0.0723046386896146,0.0260090478734358,0.347190341131889,0.420867130255526
4542,0.081221771674071,0.027692423081601,0.318777574961416,0.411223366059206
4543,0.0778147725346362,0.0167020168238999,0.426150356095694,0.524973184541672
4544,0.0949949228620733,0.0318312303821119,0.375454164624233,0.626281988897008
4545,0.0828516158106553,0.0191523338787322,0.442317024076466,0.420837625122493
4546,0.0889862839438472,0.0365447248184406,0.442948190228067,0.524812948005058
4547,0.0961248029874589,0.0204841134162911,0.426742677040342,0.577810129431948
4548,0.088234505663266,0.0234874602552603,0.425547937819051,0.292760389321161
4549,0.0806506627203767,0.0210470572346842,0.437927568448648,0.504398818683323
4550,0.090030915475839,0.03520038945253,0.427208345396354,0.731937517715815
4551,0.0845894603047471,0.0258089551177262,0.435403369067724,0.346998142172092
4552,0.107007995823057,0.0164375114061853,0.44178965468306,0.414510239184419
4553,0.0875936773029148,0.0486571079961024,0.452690346861204,0.671275640185073
4554,0.0887235812374765,0.0386423639366654,0.433094812290099,0.595794376939439
4555,0.0786010432045655,0.0187652273290137,0.426001864018309,0.383854736637532
4556,0.103506332590404,0.0442216926963428,0.4315882618753,0.6634538505556
4557,0.0772029801866203,0.171753378999087,0.43970204960006,0.917434786963996
4558,0.0813262082890762,0.276647619711763,0.441309383925343,0.966315599320924
4559,0.0929994476304543,0.270227769374142,0.422800380887522,0.951821135468996
4560,0.105161362344057,0.141219950541036,0.444919204217563,0.924788567882493
4561,0.094942195567909,0.0703539503945364,0.426377657636958,0.830265168066845
4562,0.0914635796097855,0.0718755144541479,0.428441562966404,0.830690881183603
4563,0.105484121697743,0.0663734425175203,0.445111115043896,0.821573093132612
4564,0.0936558831673904,0.0399035082037431,0.43038509616016,0.808379812489039
4565,0.102439289211144,0.0408216327095667,0.428838805079498,0.805190944184138
4566,0.100955742087397,0.0231389819030309,0.43544405300559,0.470493841912371
4567,0.0922046441776788,0.0279422332792269,0.437798719209305,0.686399893276638
4568,0.0871719629546392,0.0460284743401142,0.423032496673115,0.619315300855713
4569,0.0785156227198199,0.0172753216133273,0.428166386390008,0.466639626194265
4570,0.0964352321853302,0.0235977852841984,0.439344660735432,0.363962441967618
4571,0.0988222823835373,0.0383214709658823,0.430410136747252,0.653369349456389
4572,0.0993238773366823,0.0234660407029422,0.427382313683483,0.460178352241314
4573,0.0980298546582828,0.0219604950129123,0.43220080863087,0.461980009295621
4574,0.0977033719037499,0.0276713716797858,0.438664010970471,0.504344991127695
4575,0.109962106465267,0.0458784128109929,0.43411059735449,0.784340665623304
4576,0.0976387271974626,0.0346185924271188,0.444198530248242,0.63087824901588
4577,0.094183585213866,0.0162519515756805,0.441981896708046,0.54629105253051
4578,0.0860837687791537,0.0236062294548867,0.386258732359697,0.388028655599346
4579,0.117964772699569,0.0235293604841997,0.430086741260361,0.530831573310096
4580,0.0984635676078912,0.0308497045716162,0.43816413533883,0.439103098879534
4581,0.0955989247282648,0.0237171452972585,0.436919108440253,0.392523479874632
4582,0.0938556528486454,0.0456184971512978,0.322983230644249,0.630509213300779
4583,0.106106738234084,0.0288502099344367,0.428629849118516,0.63770524440861
4584,0.0787977426139577,0.0566909259657582,0.438256620487709,0.814895193480359
4585,0.0861860767012462,0.0464523353184356,0.428041942682069,0.665070970395659
4586,0.0996423293827875,0.088036811583943,0.431768295168054,0.873146154537365
4587,0.0939821460606683,0.0531422130506939,0.438446772438581,0.825994404025706
4588,0.0854620806226507,0.0946008949895621,0.432195372691219,0.860090632223569
4589,0.0955242224022153,0.0848757417564373,0.410684339740191,0.82078882859021
4590,0.0868945296358564,0.145916466491841,0.470240564082088,0.901414563607297
4591,0.0958751728107109,0.122635867747232,0.446907526325195,0.923840835103595
4592,0.106151894935921,0.0343346572683643,0.439530873913121,0.516413370360954
4593,0.0823302429629157,0.0265538517876268,0.423314455984518,0.555957589718498
4594,0.0950452795191408,0.0673831986220974,0.385010602174084,0.738193624586589
4595,0.0750724390061683,0.0687366619534788,0.425258822667768,0.705989531120096
4596,0.0992427422701438,0.0325960710036753,0.384489106050465,0.509316674212678
4597,0.0932897220735149,0.0270558067572453,0.426255964544299,0.646037076228915
4598,0.0836281956646824,0.0414190815504211,0.417264458150162,0.489530270492304
4599,0.0888619342046992,0.0255095857332178,0.440002086805219,0.615195928589372
4600,0.0778067680003093,0.0340631887605473,0.456656091065728,0.513074376136778
4601,0.0845457334723005,0.0270385081535457,0.439761656867219,0.449503829927159
4602,0.0919181097731317,0.0303390632532421,0.433710202592272,0.55911698264121
4603,0.102561655424556,0.0321335459533171,0.436988657241251,0.647281812545416
4604,0.0962026864457659,0.0252715398525046,0.438006932953343,0.596537844910398
4605,0.0865402446704062,0.0205914100160571,0.427374010839335,0.352055457626246
4606,0.0920354125086211,0.0199494159815803,0.350718942151496,0.316362912756186
4607,0.0985369599275779,0.0386629937066944,0.237729079646252,0.575054895370645
4608,0.102965390987802,0.0176998676745715,0.346208015584199,0.254574189597836
4609,0.0833723802094024,0.0354003114340349,0.339149976193865,0.482014194004281
4610,0.0926968852732734,0.0360557327237883,0.384365322582181,0.615015031011908
4611,0.0875138583335533,0.0329604397711647,0.435213390703338,0.48089283287789
4612,0.0905736563157099,0.0371169284419727,0.430456448016519,0.719089500308637
4613,0.0845308652618304,0.0290662115325732,0.429094633227918,0.597469755237898
4614,0.11433590058708,0.0381376164421155,0.430123690954806,0.694315116866781
4615,0.0890434444204071,0.0309434655084229,0.412698859085352,0.589027980903548
4616,0.100765213943924,0.0229370614497639,0.404933187860335,0.534135309150049
4617,0.0955888931294151,0.0245069542241665,0.433940282439075,0.501783755934774
4618,0.0822198195195305,0.0389423813092269,0.443720582558911,0.626926404683367
4619,0.0883010387140788,0.037615182672575,0.337181282641174,0.508285058743042
4620,0.105889211383825,0.0415435873695595,0.440391134802775,0.763234184522608
4621,0.0868928166833036,0.0301998858224252,0.433104647895429,0.390665193945067
4622,0.0863438823180678,0.0196141093864835,0.428336247861248,0.564900186363294
4623,0.0940989551608608,0.0255663069951946,0.650084560812265,0.558555253331962
4624,0.0923063481513074,0.0485742830309022,0.803935857190578,0.69629227636451
4625,0.0727947479255465,0.0293945016883673,0.561775472999393,0.706925514646631
4626,0.0988641476175299,0.0342532337306867,0.647572197795963,0.464283551517116
4627,0.0828400528986044,0.0317319435475613,0.607646207391773,0.335117258038592
4628,0.0993775337650168,0.0250111980385347,0.582490043479832,0.515901445171562
4629,0.0882683131228718,0.0358126433059026,0.638797436398302,0.647808102719178
4630,0.110933219571773,0.0717939067954496,0.679308644634235,0.715424893175862
4631,0.0833577741602507,0.0228536376793341,0.64030806504354,0.480456939671734
4632,0.0686047891306729,0.0337054455674358,0.658423370473218,0.570499267831382
4633,0.0831453320084442,0.0232206468098028,0.650955374009035,0.568041140637758
4634,0.0946336707541061,0.0333559759636905,0.802597160867308,0.749695496788639
4635,0.0766866836927746,0.0852657929701879,0.845580879453326,0.880444524064548
4636,0.0946946374682676,0.0831449601891532,0.785747035163668,0.813323665072124
4637,0.0832276361020445,0.0363338610129996,0.96039688496146,0.620171588212641
4638,0.080873379437011,0.0409538144899194,0.88083106855718,0.614710992427065
4639,0.0992262117783085,0.040634884254267,0.74245680889986,0.724512360400102
4640,0.0850332002003499,0.0370479839499259,0.623425835655356,0.29286799662918
4641,0.0892788138557506,0.0603451259246631,0.654421877625789,0.7141293616675
4642,0.0796233966147113,0.0516142655035603,0.583338824331597,0.679526987718797
4643,0.0973567862196577,0.0469471129817008,0.339773859513596,0.51719442963769
4644,0.0938587324477815,0.0233427429530735,0.370683909343408,0.522984202900943
4645,0.0917073502437931,0.0217010527983857,0.301112270925914,0.472406230078456
4646,0.0885263665684674,0.0302054552444936,0.404555066822945,0.618272998725098
4647,0.0781800531686736,0.0354487838508609,0.37315193885559,0.512054370279014
4648,0.0836335557254325,0.035012648808193,0.407965871027735,0.560005194602164
4649,0.0896810949820811,0.0300189777682229,0.306370403915588,0.484469569126832
4650,0.0951528058030913,0.0442133541279884,0.439661836003414,0.77436545284902
4651,0.104666398182483,0.044541875434239,0.45490106270785,0.481912282815816
4652,0.0758597291592971,0.0308061426455601,0.576657464326178,0.519333151683091
4653,0.0966880344064527,0.0268814736891044,0.433113023356199,0.492945585099442
4654,0.0809556171306295,0.0268269881639883,0.457294878370728,0.466962542056964
4655,0.104405578634546,0.0242884232580592,0.3742852853408,0.402488837972561
4656,0.0952431839251772,0.0361143453825615,0.431611808017271,0.619020769114687
4657,0.087027307841417,0.0254041449773065,0.443601214065717,0.443869089715932
4658,0.0877755095319703,0.0209777875047151,0.413472118473832,0.37941659806284
4659,0.0981883810304427,0.0304251864429347,0.278976164604225,0.534740652425383
4660,0.0847149960311193,0.0304021303953467,0.430166019920492,0.427926339371887
4661,0.0818995708379092,0.0332618137026409,0.451191947186062,0.5495181964361
4662,0.0848760288449371,0.0328272001059069,0.599885523475183,0.613683441027583
4663,0.0804597021834797,0.0289812898842322,0.693136457998912,0.554989515955715
4664,0.0834174907620985,0.032797541594197,0.505732415927965,0.54081096592308
4665,0.0826028670112205,0.0316378617930615,0.475545144651502,0.412015555954734
4666,0.095281253485215,0.0365063126388198,0.44109791253551,0.619875341364072
4667,0.0961100589172164,0.0355342787016073,0.427248121832444,0.661577520733355
4668,0.0851232135538387,0.0276620431567295,0.443750161660623,0.591109562739362
4669,0.0952320895072155,0.0312879010554421,0.430466462504717,0.522039057532044
4670,0.0835158188442109,0.0265687826601052,0.446668647887877,0.431428786314
4671,0.0947825395782914,0.0371312264731589,0.418719056705171,0.653162844488407
4672,0.0932033751155398,0.0300146111751256,0.662908996175088,0.541781952518153
4673,0.0711470806420113,0.0338100226043369,0.675736724702975,0.569769967873035
4674,0.057593711522823,0.0406175363087302,0.789701462012814,0.578844871938729
4675,0.06600010352559,0.0299192454332623,0.861634062364519,0.539325798908348
4676,0.0805636743019001,0.0447951852908056,0.865438166022258,0.688707990650102
4677,0.0958350329772647,0.0277466364642414,0.742251133590077,0.603103638950696
4678,0.0618731137569299,0.0237166737335696,0.881770116125502,0.376563948755967
4679,0.0804944594824403,0.0220566535251699,0.844778777247898,0.300595167707128
4680,0.0801807367554305,0.01723339085985,0.718137794851964,0.203067885931172
4681,0.0897799506418498,0.0250648792924763,0.701507290857118,0.411266022699248
4682,0.0756602220651964,0.01930064631295,0.779020186229059,0.353540057336673
4683,0.0781377301880956,0.017846786640245,0.509333289346137,0.219740093941286
4684,0.0689798097009043,0.0637603409777178,0.621714266648186,0.729108094542195
4685,0.0838700426503772,0.0432694575944114,0.612963489611366,0.645703031923745
4686,0.0934871729396531,0.0801839606014631,0.610903401165649,0.838215435735127
4687,0.081981087259359,0.0361750322507208,0.97925647164842,0.589095941972613
4688,0.0781219112508031,0.0205149532039107,0.856503612913413,0.517381230624911
4689,0.0973251162251712,0.037615807523819,0.661741359354438,0.633133963060093
4690,0.0867759176873529,0.0154947947581408,0.689614417361371,0.296938592266621
4691,0.096728064058163,0.0265032947703808,0.754737914511741,0.435278449390303
4692,0.0709719138108012,0.0311388209150824,0.646020289399203,0.488176746720707
4693,0.0912467498954457,0.0262905604658239,0.809417689421075,0.455600484340859
4694,0.0771741667548112,0.0367165777833383,0.810740879853359,0.565838854583348
4695,0.0873097640869831,0.0208419087112584,0.856338227302266,0.236880722659693
4696,0.0953229328555187,0.0666354432958899,0.905208956030429,0.881220201490908
4697,0.0936320056318348,0.112959292739902,0.943367921849177,0.910527415184262
4698,0.0859273015706122,0.0735620749023032,0.846008766285027,0.85249433418675
4699,0.099394616764735,0.037353588912584,0.891324266373081,0.720630850927708
4700,0.0831348434634924,0.0191918988753956,0.898192567140165,0.27405326646949
4701,0.0911746250597438,0.0249294111155027,0.880466588613013,0.559585944607871
4702,0.0760389236591076,0.0213035159876,0.912266682453611,0.408523648713635
4703,0.0893159115307832,0.0424723358573835,0.820384497077403,0.675447311386153
4704,0.0730378888439656,0.052010417660321,0.773117131849466,0.657284878229627
4705,0.0777059564154241,0.0871554925037013,0.713004255526919,0.852136778420944
4706,0.0839797325288826,0.0327507123507353,0.793860546024057,0.410622844385078
4707,0.0721416639176454,0.0212955456082606,0.694030915747048,0.49829441790822
4708,0.0686240307905129,0.0251157201156687,0.741253972549892,0.417984927823335
4709,0.106437973996368,0.0393025514464376,0.5753175747401,0.695046337881078
4710,0.0839675369410573,0.0248871792943309,0.621854891819758,0.523703096987901
4711,0.0966639851058727,0.0300514989872683,0.717736763208417,0.647250686568463
4712,0.0783086626864135,0.0276602136065151,0.582167516132109,0.596765029573122
4713,0.0892478166454311,0.0235362198889987,0.678000881004488,0.405053105493978
4714,0.0805001019918171,0.0345391814763226,0.778571113679832,0.545446451420725
4715,0.086568246693211,0.0315499985279294,0.682757542668965,0.508524305900502
4716,0.102101997746099,0.0302811914272894,0.696819119023714,0.627791712327229
4717,0.0864046004495544,0.0452253796427752,0.819594722507501,0.706928300260275
4718,0.0706559194121209,0.0481285870000538,0.642445364870918,0.725618946399931
4719,0.0881725397920432,0.0326604608989414,0.575071857620151,0.52688439566201
4720,0.0833348545884194,0.029924284600454,0.445773923610326,0.557551805065017
4721,0.0994269760589833,0.0431366811905829,0.434210787132976,0.716302223389818
4722,0.0881201630454151,0.027917584055417,0.380450232370145,0.482917011347421
4723,0.0965068435923828,0.0257006068716882,0.496872129682123,0.45944379426489
4724,0.0829587398673972,0.0510708242667735,0.435649435791447,0.716735006820393
4725,0.0979511094653403,0.0348521857827957,0.433472739543753,0.610176243985164
4726,0.084854084969849,0.0256327536836315,0.410633407657167,0.408105881861953
4727,0.0987133111106387,0.0216228145888496,0.391041542679358,0.478748677349263
4728,0.115585570865793,0.0267658613214895,0.443310263322047,0.600388536203375
4729,0.0826198158309695,0.0255624729567037,0.310785954941863,0.440553130405871
4730,0.0927688181877473,0.0319955646559243,0.437421080476182,0.319856208826045
4731,0.0865926399525394,0.0290404493456748,0.398503030719086,0.447624513368163
4732,0.096364028543461,0.0337164100997956,0.355724362030578,0.591064479031741
4733,0.0914847715700012,0.027470488382003,0.636578070269398,0.581471573313923
4734,0.0858504694616453,0.0263545437642299,0.677568269453185,0.452644458858708
4735,0.0795997866326729,0.0320484756759879,0.578312281230747,0.654312005125434
4736,0.0874216448361279,0.0812754265797917,0.569366547154823,0.820779906337686
4737,0.0945163149773932,0.0398577757632422,0.665432423410246,0.64058305466627
4738,0.0865296501962601,0.0543504474326585,0.587079630393285,0.816729648500737
4739,0.0650389181532579,0.0655630197145628,0.63399880634152,0.745364728220602
4740,0.0825382335133278,0.0273491318040163,0.637825659594257,0.458657854069957
4741,0.0804531440469854,0.0195888768468074,0.532180899907247,0.367360620540657
4742,0.0677361388588203,0.0277226785160245,0.738078607052132,0.351032801143464
4743,0.0793629531193178,0.0374611819542435,0.672538059498496,0.66294936766799
4744,0.0998592413209587,0.0463015032651604,0.475606496067121,0.690383117956172
4745,0.0902461853178871,0.0281188712648048,0.438339487398697,0.453351076536945
4746,0.0861202229216976,0.0308080419572817,0.453908534796129,0.5406786574635
4747,0.0795403689198029,0.0138406171195303,0.438863052288963,0.38274450220632
4748,0.0945620414295048,0.022676655940187,0.431858727710424,0.509593504585692
4749,0.0791604691804807,0.0274510890663973,0.42215368353908,0.494656277036292
4750,0.0937244611390237,0.01826312401132,0.446078798304601,0.36728278423969
4751,0.0981420018033799,0.0650253025470961,0.427995136801331,0.710138444700564
4752,0.0816281407137391,0.0208658314674308,0.445923872375657,0.291078487060065
4753,0.0893962431103378,0.024060075630948,0.444841306365178,0.473049610017503
4754,0.0813640137743614,0.0212575209928189,0.423633602096435,0.483120588592981
4755,0.100906744756558,0.0359193815801741,0.439818278482958,0.633647863862779
4756,0.0918750705550898,0.0472916133247048,0.487867104791615,0.622752944019093
4757,0.0812020202139338,0.0328899078738791,0.42838188616455,0.519148424886763
4758,0.0842073259000066,0.0249950362019945,0.430008312917518,0.546883582790426
4759,0.0967619119026968,0.0306782747143271,0.424137326089324,0.58866981432631
4760,0.102361941455992,0.0487299346059793,0.438578351525664,0.566540051886902
4761,0.0921115715217178,0.0188548657615809,0.436247520052655,0.300425263813348
4762,0.0946446175299044,0.0260574266448101,0.424496363356705,0.60915388050893
4763,0.0868103183918096,0.0412544825338121,0.450634597262432,0.710980421994313
4764,0.089608170621798,0.0665394926263412,0.440475879245849,0.799991669672845
4765,0.0866717157579857,0.0468204901324519,0.4351074929651,0.682668560180504
4766,0.0937509778257964,0.0779550947119121,0.434994203219168,0.889976507464107
4767,0.100316631909606,0.041653995747576,0.442757506693802,0.735241379972431
4768,0.0897378583131022,0.0675630903565027,0.44353289423019,0.690572394796665
4769,0.0839713203266991,0.0458482809244095,0.42633659538673,0.457241638226943
4770,0.088587030182772,0.0255611091252605,0.42225533601543,0.528537824825626
4771,0.0978286115883997,0.0364918770620696,0.434865851511412,0.598280137593286
4772,0.0892839946106158,0.0250524608393833,0.437277683799531,0.461173355201107
4773,0.0660041452764401,0.0255545367429577,0.42788932701229,0.480728707170435
4774,0.0809399580156264,0.0255398541850044,0.442525242795775,0.406208617689338
4775,0.0934294524561517,0.0275101201171802,0.442308278753547,0.544946294785602
4776,0.0917897938357871,0.0324197571904121,0.414391384684447,0.616417314930272
4777,0.0787345210539457,0.0426555105772018,0.434859375412024,0.728929761491237
4778,0.0837860340684235,0.0574271026473466,0.425297497937062,0.812577038948617
4779,0.0886125299591126,0.0331345795643631,0.426810050827077,0.716601904953197
4780,0.0968086574419762,0.0503600848159443,0.447145631645658,0.680964529847217
4781,0.0805512224870064,0.0211155983245994,0.443715281213571,0.65704556026453
4782,0.0979340959471422,0.0830571698811663,0.444324671158765,0.852463700583006
4783,0.0867428352690807,0.0177312632337346,0.314058107232615,0.429416759457195
4784,0.0898143738200825,0.0279604456850728,0.43382774739823,0.601742049475339
4785,0.0882103698580232,0.0241641266148022,0.445533989533154,0.412100196077629
4786,0.0939427556566521,0.0537597284988341,0.443732090268001,0.804410663241551
4787,0.0886975462757302,0.0460713749726507,0.443431787977405,0.618615332089164
4788,0.0920580350736818,0.0174695429051165,0.427867667039579,0.614884259579479
4789,0.0850181257673194,0.0359652640797796,0.42679711353459,0.625859006630861
4790,0.09569637587612,0.0630514716096347,0.427360938228305,0.753182979738565
4791,0.0790541846364869,0.0414608949325516,0.437716759856608,0.612139664895126
4792,0.080664130074611,0.0242108839951436,0.423587056009541,0.519472221097881
4793,0.106604208211815,0.193924300753663,0.440035217773291,0.917995659674359
4794,0.0862735446100269,0.0234595465072135,0.597265121797126,0.371332298327709
4795,0.0905779705373329,0.0391867745610395,0.68626002838634,0.63146228644157
4796,0.071792330368732,0.0441874037028798,0.636554033310216,0.569264047000569
4797,0.0702121654410756,0.0351551096732037,0.679047632125542,0.529244724696434
4798,0.0740553448244733,0.0362255608458657,0.638262800760405,0.682301393961379
4799,0.0899649048545474,0.0223668385557302,0.591282470833705,0.509448970900546
4800,0.0921029139303357,0.0202236555803935,0.627826380596322,0.207478222810798
4801,0.0959680208653639,0.0338026158630622,0.595873469958099,0.388311665794411
4802,0.0881413578610539,0.0368231456224098,0.92866575438004,0.579235481959373
4803,0.0657700376849494,0.0368957790073776,0.944646167724674,0.509006743931605
4804,0.0804771280426533,0.0287765125456458,0.95181424500097,0.543665009594263
4805,0.0758790470409077,0.0357344783432729,0.968919098187602,0.668052599932092
4806,0.0813634736010882,0.0286708559282534,0.833630269133291,0.47368593864438
4807,0.0916558756980411,0.0446990821992907,0.879208982096952,0.724530086043043
4808,0.0926404313114881,0.0228696086931717,0.903357945667885,0.521404151519953
4809,0.0823578738088361,0.0282959352382494,0.914566189724543,0.361647584359036
4810,0.0970796665571625,0.0297643418512887,0.915911386510615,0.565340128323356
4811,0.100996276716354,0.062140855510463,0.914349997215885,0.849303499539865
4812,0.0889055876685602,0.220295987613488,0.976139325939097,0.934046257325217
4813,0.0886861447803722,0.0664031557603499,0.96566981236958,0.798658626239135
4814,0.0960788246894429,0.0516895338904238,0.749703365510435,0.634825222404067
4815,0.082306291639927,0.0298574263619202,0.616727553196281,0.386718981916153
4816,0.0919168491383128,0.0299657035530124,0.742396903076215,0.673496288374893
4817,0.0947700274695736,0.110062816244464,0.842848215077504,0.8899082663522
4818,0.0821917581667786,0.103506552166897,0.970646776906196,0.884429449054634
4819,0.0762565847114801,0.251314900304749,0.625819351848393,0.914903686964678
4820,0.0904480243297829,0.051700852423715,0.709175774502909,0.849302802718015
4821,0.0815240258768073,0.0382716585820166,0.591585126314166,0.632644866769906
4822,0.0830858680547104,0.0453480647048811,0.619005187449095,0.633843937849131
4823,0.0694359069882323,0.0190954067049878,0.607946569665331,0.443637516441799
4824,0.0841795537077663,0.0397311607128194,0.869016309738075,0.623505404898102
4825,0.0953090336255091,0.0327628341388207,0.90062380351034,0.649669178240804
4826,0.0893087714730632,0.0302793603597064,0.959821448615505,0.533359757964388
4827,0.0730770071652524,0.0368855016116728,0.885140344468222,0.641405458310501
4828,0.0793504023204528,0.0264299368586413,0.962959398868423,0.583369112367843
4829,0.0893956352910873,0.0395103176326281,0.65377450254027,0.581582593881122
4830,0.0756047223565551,0.026810494861018,0.618892064848602,0.384933837679898
4831,0.0811749621610473,0.025839919904956,0.710640935499652,0.377733181169184
4832,0.0847956817658469,0.0274932160703314,0.858164505907137,0.281272286802094
4833,0.0882920946699816,0.0193213926313759,0.530331854242255,0.254626148463171
4834,0.087686765534968,0.0142133229122476,0.391699947838197,0.363482894885834
4835,0.0997717333916129,0.0263276548556491,0.330639202989771,0.468630468912924
4836,0.0854420918391032,0.0379409567889158,0.420327933119124,0.615230305749055
4837,0.0760045332449393,0.0451808645932632,0.42366534915596,0.645189203520531
4838,0.0841708037467317,0.0263051819958899,0.422158384562659,0.551250622938407
4839,0.0989931789021615,0.0258519716461478,0.425893174536053,0.505529132007868
4840,0.0836029742441256,0.0293213124031254,0.504720112811562,0.555633516913026
4841,0.0811908059336787,0.0263085490621701,0.445634731695419,0.552658726970711
4842,0.0986479188582609,0.0201940675663922,0.375275212483501,0.563809245089322
4843,0.0897113357541367,0.0416152163148295,0.287886925506531,0.503696123173643
4844,0.0910102697818833,0.0245383559159997,0.329344901884219,0.38677430871372
4845,0.0901989976975669,0.026465427330061,0.357830656084948,0.399674013471504
4846,0.0882315461387613,0.0331457612894835,0.482545249981208,0.384189223101675
4847,0.0830724433971373,0.0599987467271045,0.441784360931698,0.713998864772605
4848,0.0881222245753854,0.0231962018992819,0.358881697007221,0.280436911959017
4849,0.0927601628014479,0.0168543640573791,0.458896040733683,0.518822119477861
4850,0.0915299469707848,0.0352021706367596,0.375046733990645,0.617748716305099
4851,0.0981608045167506,0.0307552699559673,0.430590473128718,0.629823262790476
4852,0.0926465767674013,0.0264270151314901,0.427175039883732,0.521010500628951
4853,0.0939435079419235,0.0319827450289592,0.427321194500431,0.550273001429747
4854,0.0813144178359541,0.0277982147968835,0.455546920941194,0.533589572690265
4855,0.0843237779215125,0.0267979177835387,0.439999809567581,0.371011361818003
4856,0.0779900116764722,0.0333115980134267,0.835905316019744,0.436176590075979
4857,0.0909235259140584,0.027221905876537,0.919836400241961,0.501114831754287
4858,0.0920953205152356,0.0195306579417946,0.921703762440424,0.489461416776578
4859,0.0912852118519523,0.0254332980997871,0.923059946230541,0.44796511951307
4860,0.085820800115244,0.0373997815048417,0.757483110005328,0.727387168464747
4861,0.0749625215492869,0.0411308489896006,0.595588162387207,0.751272044265727
4862,0.0864833629736435,0.031377829660798,0.837683517649437,0.646202704042542
4863,0.0823196679131799,0.0397462788972658,0.838706552586909,0.501393916345432
4864,0.0951966098425188,0.0395181433149874,0.686200262744483,0.699677245365685
4865,0.0797671576171494,0.0561982732682154,0.473329126990373,0.692187424858328
4866,0.0807442593021735,0.0226410702228101,0.426242428635871,0.400394544365461
4867,0.0847306268285208,0.0179992958905727,0.44331079519744,0.484217815065101
4868,0.0909321579537991,0.0191383623014205,0.436631130547114,0.455760586937155
4869,0.0911681614028945,0.0540844620907428,0.425044409357416,0.768168685102496
4870,0.106999592859798,0.111348732109698,0.437567578643327,0.885241717626293
4871,0.100366798375481,0.0412590234245349,0.423700900307033,0.63904448554643
4872,0.0947219955272711,0.0484653871445754,0.53937324480093,0.563745118338255
4873,0.0818530737871284,0.0172179131582005,0.414638176482856,0.538579544173078
4874,0.102608235783912,0.0267850962792662,0.425794962764884,0.601192411639329
4875,0.0833750115849449,0.0213676062834406,0.441927555335633,0.529316619203274
4876,0.0903559643756383,0.0364373437141934,0.428602874415375,0.605387074363571
4877,0.0898919876920244,0.0249293386555014,0.444001675110946,0.686214312973496
4878,0.0967135187057147,0.0320358780069952,0.336844810091058,0.411960319387513
4879,0.0979881296031958,0.0219288848425454,0.433132319815447,0.593203949958363
4880,0.0841302279114239,0.0225787695469349,0.437497930611315,0.486886656268592
4881,0.0882457306659162,0.0272811766292956,0.197760723316556,0.261756762175416
4882,0.109101258917353,0.0217780914403412,0.213857651612701,0.281114125498088
4883,0.0788253192075507,0.0275380135493607,0.1345180675869,0.256058989030635
4884,0.0659267749502792,0.0351443083953549,0.0555777166337276,0.607121588798228
4885,0.0841299596038328,0.0188595105988577,0.21222148009727,0.220819925902964
4886,0.0927375479650717,0.0207705189635536,0.37099866985191,0.304305686361592
4887,0.0851978296063035,0.0347110397808086,0.430814870785662,0.5596158890344
4888,0.0936405000139265,0.0261377985447057,0.428191150736612,0.63521492786568
4889,0.0896124172342839,0.0195327594722227,0.446289417700858,0.545015294527374
4890,0.0907645775219604,0.0185511547503265,0.420842377283799,0.562639772853974
4891,0.104426463640885,0.0216663694714926,0.392408422740074,0.333081437621349
4892,0.103544492918635,0.0175008070614756,0.437060450153926,0.347118042906786
4893,0.0730458757355113,0.0211812003448715,0.445994521851542,0.612707310844115
4894,0.101036927727704,0.0643096049537028,0.427867270323619,0.768189479912029
4895,0.0971556501310055,0.0398570214657158,0.432385468677781,0.671066188457736
4896,0.0964726833947417,0.0342426823506067,0.441565337329552,0.592638784045417
4897,0.0921747496371229,0.0311748680749513,0.282856758283853,0.476200186746503
4898,0.0654915352738227,0.0281534021906543,0.385868677276892,0.349249043935905
4899,0.0885642509198699,0.0346711556179746,0.369348305154003,0.579869103684953
4900,0.092279606664569,0.0219456847470922,0.380164351519431,0.560553420240073
4901,0.0729805427207369,0.0338197061804957,0.482195200430777,0.252549848264365
4902,0.100743078382334,0.0252612677156134,0.56738238762068,0.502974491118462
4903,0.0980224625046676,0.0582829940804976,0.425066123203217,0.809600436751091
4904,0.0928568188152755,0.0127375210911225,0.42956616857028,0.381834928456305
4905,0.0891424462768457,0.0421705397061331,0.445697673983498,0.688745245927864
4906,0.091808878672736,0.0239643634284113,0.443080720166385,0.524420781799902
4907,0.0949206221788413,0.0470179934028782,0.426045230974166,0.692955888531422
4908,0.0808123991111855,0.0214824043547813,0.441982122892165,0.428963227338146
4909,0.0945780599613956,0.024737067678094,0.43770438163515,0.402124186946199
4910,0.073740052714492,0.0351017982036087,0.435617000395637,0.399750106382549
4911,0.0816402382677797,0.0261989152714997,0.317024271118695,0.517315220077881
4912,0.0858181382568468,0.0211543328500128,0.240035281960758,0.329618675282396
4913,0.0809923861471992,0.0420247272964141,0.30892352764266,0.627409905671539
4914,0.0913996026148779,0.025672698310949,0.409855563535246,0.466684858810981
4915,0.0894328978305134,0.019520585563477,0.164500265745828,0.195234631356653
4916,0.0983726649984533,0.0241739269671982,0.229077280502001,0.467146522598813
4917,0.0938431560781289,0.0253724722184576,0.422229725077898,0.542853241860983
4918,0.0837000210131167,0.0246692538553149,0.43450437192,0.376625669914018
4919,0.084968977797479,0.0293622398640235,0.422930800875232,0.613414525149135
4920,0.112432363776224,0.0322965850468634,0.439673394390318,0.514570240771649
4921,0.083155304385005,0.022365480875316,0.32171643120537,0.249391380815133
4922,0.0886426507602308,0.0228389325254448,0.420884541589185,0.530925522427712
4923,0.0619862725151674,0.0318147084158669,0.585681876605585,0.62289567792024
4924,0.081274097136776,0.0401215368766826,0.609986572580574,0.542408965704161
4925,0.0696173960804993,0.0167757079453285,0.840997290003655,0.353316844499443
4926,0.0895198713207803,0.0385887261465981,0.86689671254181,0.719912776437474
4927,0.0941775213463445,0.0452777368241729,0.879489403657744,0.6773279897575
4928,0.083013263812567,0.0544223501643705,0.90831720782009,0.641320366150051
4929,0.0850338433741342,0.0432109914855072,0.848572444457839,0.657853480838334
4930,0.0809763531630505,0.0331252433653517,0.979001729386748,0.694342489198312
4931,0.0690167204849857,0.0303742565029165,0.882506306364638,0.644194625299908
4932,0.077142663505157,0.0355241399109361,0.529282729415556,0.644179432294547
4933,0.0806803979920182,0.062078001053291,0.439685539181098,0.775016925460353
4934,0.10210048950615,0.0762395985908892,0.438566566389923,0.87708944081315
4935,0.102616156305242,0.155506064738155,0.445749594761079,0.917517342818629
4936,0.0930957038147452,0.050034641633632,0.442633750085531,0.813926047994524
4937,0.0774032274123555,0.0228137682616113,0.446913590439891,0.630105358405849
4938,0.0868289636866748,0.0291299562387435,0.445566875877845,0.631817919810519
4939,0.100419046915328,0.0290902273178864,0.435131005850441,0.489320674435143
4940,0.0837471371338062,0.0265415816198695,0.508855709338895,0.319179920473723
4941,0.0846741582512391,0.03126142795214,0.368036836967652,0.437064155311766
4942,0.0779704889722791,0.0253685266485495,0.437342536962118,0.480580625628171
4943,0.0842410508015238,0.0524211175344457,0.42597187802431,0.685129923632928
4944,0.104107527225219,0.0827953063687381,0.429800491045596,0.737475474034976
4945,0.0850790415633071,0.0425785114327185,0.427722866339418,0.714989116360854
4946,0.0974840778691248,0.0498069937300352,0.437515070793711,0.711328495529688
4947,0.101173363148119,0.0810560673954921,0.444406731110418,0.818598431368795
4948,0.0818493980587062,0.0228838013691477,0.248155976390308,0.490834126334153
4949,0.0855364073207459,0.0200991524684845,0.00706858898446008,0.249842819027877
4950,0.0913685939258736,0.0313518849997898,0.207601567591553,0.239495416852048
4951,0.0832915431794407,0.0228098158625634,0.43790745700908,0.224996056610722
4952,0.0852947234605767,0.0230525397225731,0.438967545071894,0.532369176722884
4953,0.0871417096231971,0.0169607807418706,0.438437749185943,0.314855366615102
4954,0.0939982561962361,0.0264998727281396,0.521755040078155,0.518500736554458
4955,0.108069139016532,0.0242611741652546,0.433209440575559,0.609971367047459
4956,0.0983197755975559,0.0190420488274097,0.43166640075248,0.527903612767132
4957,0.0994791810107518,0.034725826895586,0.438948728310683,0.578516465136156
4958,0.0920728614705087,0.0275365450291152,0.308834563572545,0.578115209564223
4959,0.0839027294624825,0.0555590364981404,0.429568304296477,0.803285907598809
4960,0.0909215013612478,0.0231244496290895,0.430731229349293,0.561452867821267
4961,0.0947229352778297,0.0390920960091647,0.402289836764902,0.409211598641292
4962,0.0839993919623824,0.0260988289713854,0.381147597403951,0.501127898635841
4963,0.0902774587667967,0.047565936672033,0.427821562807515,0.686363938935245
4964,0.10987590843363,0.0265885412764958,0.429585640569085,0.547518029894758
4965,0.0844762941651473,0.0180296542821897,0.357421840575756,0.543041205625119
4966,0.115258262623752,0.0208451970254361,0.347544704188572,0.522044250967707
4967,0.0996344612334737,0.0258278793021784,0.437252376455326,0.575879726285128
4968,0.0954436409765075,0.0276141066586076,0.571960683691254,0.640960653321158
4969,0.0868317420774146,0.03778154032212,0.574094913574081,0.614188722777743
4970,0.0703886121137134,0.0233240135405179,0.672893359885287,0.415400304932332
4971,0.0949126519748819,0.0221408624012669,0.45803936072445,0.452324904840742
4972,0.0891957156097718,0.0506196943604689,0.563442139994994,0.685969710449595
4973,0.0659982472199104,0.0320406857462775,0.671308496845873,0.549506731752786
4974,0.0846952238427319,0.0428465676905547,0.582947147556847,0.56095344717014
4975,0.084132824745101,0.0205007351692299,0.671900864430543,0.414215477911713
4976,0.0743408437952088,0.0402224119005536,0.720569050838872,0.489853291794251
4977,0.0668560753189022,0.0375096989497417,0.776508150073061,0.366807026002386
4978,0.0772031300302439,0.0446371926821629,0.676919102439168,0.530170411037431
4979,0.0779910462775079,0.0158552822460503,0.596449733641338,0.206746102685542
4980,0.0845384606873881,0.0362184238905001,0.585944892929978,0.532218674977174
4981,0.0925137850150776,0.0336892998726531,0.424648732008283,0.576572168361603
4982,0.113782244531516,0.0618161824235344,0.378396920218559,0.77914249615673
4983,0.0893886804291952,0.0116878497802593,0.442707283234676,0.291132208205052
4984,0.102844580448799,0.0421183280518904,0.380028094323301,0.515601041105676
4985,0.0923445931900656,0.0241138800702247,0.131571186190425,0.345023020555619
4986,0.10228921476449,0.0240796189123005,0.0388792437192273,0.260367134214105
4987,0.0794280171378703,0.0188677959653172,0.00129049148935073,0.30314733281484
4988,0.0918698078088862,0.030816286111813,0.0192934620595457,0.255721574747585
4989,0.0820145285431531,0.0246256099389373,0.101616950652512,0.265223675655702
4990,0.0954764196378651,0.019521816955569,0.357877612816467,0.372836397505256
4991,0.0913502695975028,0.0247240889529928,0.333354637954065,0.602810469433482
4992,0.0911076357046964,0.0411451850479783,0.289731804336542,0.249473546663594
4993,0.097662263887129,0.0267519002886563,0.42634528210708,0.532950137161736
4994,0.0867631650575162,0.0629816367964242,0.461577141665239,0.676406613894574
4995,0.101799635548525,0.034325717989182,0.442736666890628,0.580319288096834
4996,0.102895931101273,0.0332408335252983,0.445341799836063,0.637014505668962
4997,0.0971356156408376,0.0422529806192787,0.364034330942556,0.57275959514511
4998,0.102902242181145,0.0243318394435747,0.440030775269047,0.59319387745868
4999,0.108108367582162,0.0434803893869725,0.436547215005354,0.694233368499644
5000,0.0899285945589296,0.0278145920046411,0.440280314492231,0.587490660667466
5001,0.098585248254343,0.0434907962497615,0.388521356946947,0.625863629155402
5002,0.108977249736128,0.0214617873678267,0.258451958963915,0.354415101698293
5003,0.0844585154645741,0.0313962216395174,0.386948943356384,0.739238835215941
5004,0.0978391237711608,0.0243959447098827,0.42399452393916,0.421622852872246
5005,0.0933242243739444,0.0345681904744608,0.442274775520342,0.66073692998334
5006,0.0826778976386432,0.0296927434840698,0.430835518889431,0.523628035277229
5007,0.0898428787697237,0.0277305909158055,0.4236137162542,0.63801694571851
5008,0.105818636853943,0.0162363753474532,0.4287626021754,0.43597040070874
5009,0.0902050349515672,0.0496931955496318,0.60912974272174,0.7406628501098
5010,0.0890722354782194,0.0251327364154064,0.657123801274055,0.307761811411175
5011,0.0788403701970576,0.025582542200514,0.759075083601295,0.333272718322725
5012,0.0787475119985379,0.0285195413055346,0.946486764892188,0.543045720690346
5013,0.0953015364770133,0.024709958008125,0.853826256249799,0.346001055724439
5014,0.0857227316761435,0.0359571794079621,0.696984127646469,0.678268355555813
5015,0.0747081958200974,0.0431144411728647,0.864872055622929,0.684523669917185
5016,0.0841151021508906,0.0329926318014524,0.899417295906709,0.654653689112155
5017,0.0812774318407712,0.0329622096529663,0.845463883879631,0.540510045435606
5018,0.0974944848065833,0.0208460298079197,0.565179098363339,0.28498493927905
5019,0.0728140318885716,0.0400909617685732,0.799543523289993,0.64237959316512
5020,0.0795344685096696,0.0335972815991617,0.852287267013339,0.400909251243461
5021,0.0943790246500509,0.0190681486611706,0.507699967854269,0.386895946762021
5022,0.0945500645361263,0.0287997089220237,0.570234304743881,0.484020635391385
5023,0.0852859715806251,0.0213367961915096,0.650514452458469,0.52967953168948
5024,0.0791969964742877,0.0343743165289716,0.598616337263972,0.180750919556753
5025,0.0953754583359686,0.0288422693987925,0.837913515789231,0.403248067367026
5026,0.0987504989331021,0.0531300826092505,0.975933398170015,0.831209233672754
5027,0.0972118307234742,0.0340355062649275,0.8770373443911,0.626419765766235
5028,0.0899971056069735,0.0351669549126183,0.882066443580106,0.646306047674134
5029,0.0913514254173163,0.0395381762987461,0.916734495365194,0.656655460949627
5030,0.0804484739256354,0.0214477471318411,0.870006450903049,0.582854053654901
5031,0.0899376342071427,0.0388904827255328,0.678366167586958,0.411881632187816
5032,0.102205187241468,0.0210447780247872,0.433861518679834,0.502480298424251
5033,0.0763772001613709,0.0279810708415244,0.427504072084382,0.42186508536202
5034,0.0968411327880454,0.0386311459458801,0.43254651316675,0.656656638161768
5035,0.0982666056793217,0.0348942862045221,0.426981185550535,0.709461343429804
5036,0.0950463328409312,0.055402077422443,0.430644770603121,0.873067761771759
5037,0.0970087201617599,0.0222792182816588,0.439461378581467,0.650088321407071
5038,0.0937808908593658,0.034875010382905,0.440377497840699,0.736863355719806
5039,0.111577325394236,0.0400733583855967,0.429499152322191,0.607161419614567
5040,0.0826739168960491,0.0211936633336125,0.451961533136974,0.400487930966204
5041,0.0987586275080306,0.0287171934697869,0.429770295573002,0.681730322582394
5042,0.107504471703325,0.0709529698835865,0.433393238897694,0.655009352904223
5043,0.0790416401138932,0.0339282763110251,0.424299572733001,0.552370950897718
5044,0.102228437712894,0.0236021792762681,0.428318465678625,0.443435348268743
5045,0.100660866498807,0.0192440702457817,0.231248542939655,0.359268395728204
5046,0.0893190229043932,0.0300451613539748,0.330539037235449,0.35945905596468
5047,0.0830241441200959,0.0162645809191311,0.388148968289502,0.20293552658529
5048,0.10591238247874,0.0251139292390317,0.443553215608904,0.575675169604752
5049,0.0971005238239649,0.0176545481600991,0.433352463774273,0.493905261047908
5050,0.0725040598296076,0.0206268326731118,0.425242596219258,0.411276929296713
5051,0.0830693627146532,0.0243213151677901,0.366466486132069,0.503948523234644
5052,0.0930785015754259,0.0349109909701967,0.442112844792061,0.644389647076871
5053,0.0851558993262707,0.0309580040214704,0.392181255988643,0.332216185197939
5054,0.0897174584863285,0.0309444431307369,0.320830688499517,0.577279072798198
5055,0.0873853432795607,0.0257772754731431,0.512791727300583,0.416239028018441
5056,0.0964393208987197,0.0423786100218365,0.422998831557553,0.665913961337631
5057,0.0936988591656324,0.0249452111887617,0.436109819002827,0.64330305616542
5058,0.0825969341920674,0.0618182765364161,0.446775026094161,0.751679247370456
5059,0.0851571358450359,0.0315076430061696,0.444548357021083,0.602178525763947
5060,0.0906420970206446,0.019881171314802,0.44436766439616,0.48993231201924
5061,0.096834909989092,0.0334187231960603,0.445966024610562,0.699960092511012
5062,0.0889123223712962,0.0367649975287971,0.434582004638988,0.676501198650963
5063,0.100213684596273,0.0254507854804238,0.437296495509426,0.532660082662297
5064,0.0764624210811464,0.0449508698286162,0.464524061492129,0.501400580197053
5065,0.0804691361331694,0.0535432616337715,0.335371836764365,0.64730056723377
5066,0.0890748609897155,0.0210090774025261,0.207851393364688,0.373867361233489
5067,0.087867979219565,0.0319023444445923,0.433815716165616,0.559745934678726
5068,0.0857886328634174,0.0269873595006741,0.446076447337543,0.650155243351723
5069,0.0955576714452527,0.0471681703921178,0.445284663951115,0.793220634902534
5070,0.100353331659257,0.0759630383336549,0.429586334019288,0.855393013865912
5071,0.0817520541724065,0.0276177104730682,0.435681460900864,0.660344610799037
5072,0.103828738372752,0.0173496465671045,0.424722687606521,0.542529645490041
5073,0.104200739423108,0.032392158297747,0.433967752888387,0.69188305368699
5074,0.0943427612815547,0.029158197989686,0.439304192156266,0.715137862207404
5075,0.0826333980251114,0.0193462389925041,0.453125209483191,0.317559960504964
5076,0.0989208720855331,0.0234335266299225,0.429039668766601,0.569708865869674
5077,0.10251290646216,0.024255305861435,0.440994695803757,0.502130972609194
5078,0.0878863942234368,0.0369778109064175,0.43754470777822,0.65777689621063
5079,0.0946183571313144,0.0972508021646352,0.4461081272194,0.891378724983902
5080,0.0956262668696283,0.0721955621461808,0.428764079427134,0.867540554379753
5081,0.114980002014421,0.192378064472954,0.440174979996854,0.918344979423477
5082,0.117978848945574,0.0998186315868826,0.447479685175536,0.90067188861704
5083,0.110346780725625,0.168622011095546,0.423236176113449,0.94256697324751
5084,0.0960394246769021,0.0485619602517784,0.507303293594095,0.766101372171424
5085,0.0995875956031449,0.0249459615280608,0.683210784111622,0.359814324813186
5086,0.0843195895752822,0.0304017763786783,0.70276911917164,0.623223146079501
5087,0.0898302734478693,0.0178931293192073,0.643676464419925,0.364459146203347
5088,0.0950936305037477,0.0224305601775921,0.389640693003991,0.395198589623489
5089,0.0998151765792597,0.0154137438410975,0.359950796259544,0.31810282298411
5090,0.102696424453762,0.0183478662916386,0.381754639099377,0.525157628174271
5091,0.0855999750539284,0.0344125140759823,0.387374324059305,0.599263333875548
5092,0.0891333729839293,0.0253568805968259,0.273577861533995,0.486253902467454
5093,0.0866621665440063,0.0184185840780297,0.429249840035614,0.378963525147668
5094,0.107578313745244,0.0188485952246694,0.444676472369328,0.658034631489125
5095,0.1017134734542,0.0300971811871585,0.508196611673034,0.658957927430294
5096,0.094923691331258,0.0203312766693034,0.353320472982613,0.340887400365924
5097,0.107796354064804,0.0310991240511212,0.446151234929494,0.581116030548945
5098,0.102603286632764,0.0396111915776923,0.424948311460742,0.599901654997671
5099,0.0877173871731323,0.0357333597387023,0.439284626506676,0.558880239019644
5100,0.097242506306585,0.0341552933949415,0.358548870644815,0.568419034146284
5101,0.108645375077033,0.0218320021845179,0.453509653026751,0.430948654786584
5102,0.0874869499118517,0.0429941577172735,0.340975363672716,0.660675595323899
5103,0.0754665896255587,0.0235774085846189,0.432197112919531,0.336376232392464
5104,0.0919323683758051,0.0756384703168778,0.439583815321144,0.841917757040973
5105,0.0944023207609019,0.0306696643027778,0.363448246063002,0.523314814347741
5106,0.0941927500335058,0.0202974202144888,0.432369200896809,0.54327611442384
5107,0.0865537807439971,0.0199563834928146,0.383621541146233,0.377971597892294
5108,0.0946120432516402,0.036989864221825,0.446099524113577,0.541642450646845
5109,0.09861854864705,0.0168298889149088,0.437652395916035,0.317845560526546
5110,0.102747621460404,0.0324519739575998,0.43708538312746,0.605482755987974
5111,0.101605310138372,0.0654433660005538,0.413716135860015,0.736958549279956
5112,0.0752709825977812,0.0343821357867584,0.417212102833961,0.512368263921933
5113,0.0682266418869863,0.0534448358583576,0.516788702413804,0.694235785923293
5114,0.0779435548972345,0.0668018748350599,0.567524850579625,0.801242589607554
5115,0.0846234061158566,0.242621430908775,0.662441048887703,0.916080966751506
5116,0.0997787145156454,0.0286991142154661,0.294439946935606,0.62157833898509
5117,0.0811308798357116,0.0327456811094169,0.422620160899428,0.53698400398956
5118,0.0862446561078877,0.0340100616503239,0.370353926939235,0.524530504709543
5119,0.100989078921695,0.0605880228080036,0.44410471455801,0.758067429624079
5120,0.103513384148107,0.0783249645201121,0.43118262182351,0.837824525678858
5121,0.0841399324167279,0.129640219245561,0.426982011111855,0.86318106414163
5122,0.0984869862349626,0.0280521106284264,0.42743246301236,0.468823637935979
5123,0.0931125571923323,0.0256859192023989,0.423584281279352,0.677147347601735
5124,0.0943680750032518,0.044031195009683,0.430640178201868,0.673356973099425
5125,0.0909660741097836,0.0159292153901912,0.430508952472676,0.450886532455707
5126,0.0922292158350502,0.0321113885995913,0.442200772136169,0.705541332957668
5127,0.114831419487658,0.0154820050358229,0.443820161553769,0.420965454642281
5128,0.0942532751044295,0.0394604174749774,0.422665591455126,0.644177744246041
5129,0.0910018030983023,0.0265610572593021,0.43816718170644,0.682609546615541
5130,0.0953555215626565,0.0418696120010369,0.336569077010762,0.687703908121239
5131,0.0969461484177786,0.0229113117764051,0.248269182538684,0.509400422788293
5132,0.102254443340155,0.035263155423117,0.299146275884946,0.486512879030806
5133,0.0935467857155038,0.0257395527493697,0.429549912403598,0.430675011684537
5134,0.0997331443374626,0.0173391859797323,0.443901154543418,0.491683402732696
5135,0.0863472395444578,0.0197033177569595,0.43480381645737,0.279079678618034
5136,0.0868352582996029,0.0318411598743132,0.346646880178769,0.55419766950147
5137,0.0860524466018584,0.0501285010539949,0.389285920020724,0.678195346103801
5138,0.101060377253973,0.0386077619292177,0.438540369003847,0.645777358717868
5139,0.0897972563381563,0.0386656868782263,0.429918196131905,0.674776349484415
5140,0.0888442478750651,0.0166083687232694,0.424982079243975,0.407494215614635
5141,0.0973343406369606,0.0212372400789538,0.442910860529539,0.358836769344553
5142,0.0958373876750038,0.0171610034765965,0.39387654389897,0.439532342528611
5143,0.103343801734981,0.0295910784042286,0.324182586541279,0.441378965739566
5144,0.0927411399445853,0.0201291263377603,0.24205550040866,0.449023969547969
5145,0.102189737906907,0.0296726642542994,0.39129352746401,0.614626819383054
5146,0.110836368246601,0.0294544671826545,0.431176456362667,0.717370436362403
5147,0.0809520850142514,0.057190548572419,0.445246424962467,0.704877376104707
5148,0.0858587160212775,0.0830188357693696,0.456065690778992,0.772578005484227
5149,0.0898276557601072,0.0277186250325704,0.37078591669343,0.353569571560097
5150,0.083061062715783,0.023669441482011,0.493676967022618,0.403849943438916
5151,0.0807798537122817,0.108622826656207,0.575375239638609,0.845081095381411
5152,0.0808578614942288,0.190735358225453,0.614076309996138,0.907458651414485
5153,0.0908458550199136,0.0409765906381189,0.669381993924876,0.547458943035368
5154,0.0960769393282769,0.0306515173406188,0.437929481022156,0.722017173617879
5155,0.0876791729650949,0.0358287098510074,0.451764434593745,0.567742680944468
5156,0.0989131179943265,0.0331862970097629,0.445449901954125,0.594123145419552
5157,0.0967461247769234,0.0841324095128649,0.428644446632331,0.840650443289578
5158,0.0950874668741453,0.0453661143413823,0.4251815764633,0.638508800865022
5159,0.0855301676274377,0.04753604167133,0.439538595037382,0.67504768332484
5160,0.0961078248969428,0.0280312498181579,0.441733420096232,0.554511425133606
5161,0.107555067443678,0.0485689664430399,0.501483122715002,0.586919250974697
5162,0.0825486960573017,0.042875806801548,0.442313151341622,0.725514164269224
5163,0.104462951112166,0.0348535851938384,0.437120100850734,0.647610460882291
5164,0.0764853038272213,0.0219476962120018,0.438049746244833,0.566824800913282
5165,0.0927593264280385,0.0290922766191356,0.437805452230243,0.414251012457445
5166,0.0699332202889594,0.0269798571320994,0.414618064272299,0.380707747875393
5167,0.103468380522825,0.0510824447612151,0.425244450424828,0.700544038123409
5168,0.0917565459847425,0.0270077852005726,0.425244450424828,0.645109535365441
5169,0.0791426247740379,0.0357457756950741,0.310037106422893,0.490780008785524
5170,0.0895103792068076,0.0303934324193047,0.366512957292938,0.430665092916398
5171,0.0885051019216034,0.0270307197613583,0.435803163652379,0.472725436431096
5172,0.0898217316261173,0.0247938827706541,0.370696459505254,0.466858965332344
5173,0.0904366517316097,0.0513630066858462,0.435035030665666,0.813732634380781
5174,0.0938813870611055,0.0242723984590728,0.43873585599371,0.58783054478869
5175,0.0963725708054405,0.0440737116149404,0.426355815064265,0.636671886262721
5176,0.0666074982576761,0.0355827251733844,0.402427487846379,0.670428941513935
5177,0.0832896995500729,0.0401044025075352,0.384691219269566,0.402869185274288
5178,0.0896028424669138,0.0263593252048224,0.425802931055892,0.613360438316226
5179,0.0905278591551351,0.0251658100622893,0.427495845298773,0.602266497635011
5180,0.096041142040159,0.0455666960264376,0.446706595759965,0.718007746350059
5181,0.0841247521076255,0.0177092448886045,0.441454025072142,0.505337581780828
5182,0.0966911325300003,0.0249027575233267,0.422982205956425,0.476809208697304
5183,0.0852731091599572,0.0481546048392125,0.425555336460975,0.710657101361389
5184,0.085285633667391,0.0295393671845177,0.444761768555492,0.531213462957633
5185,0.097998700573016,0.0452672987353186,0.423562944497873,0.677675201879344
5186,0.0775766994026283,0.0420987294367967,0.426714826642909,0.699402229647257
5187,0.108826348483258,0.0447780552341258,0.433040790457374,0.671075746918579
5188,0.0843345927883995,0.0415637422371451,0.443517153310163,0.704751727938583
5189,0.10208241502721,0.0269084902773221,0.395076105101164,0.555781535889756
5190,0.0891851734337939,0.0383941628826438,0.301081275412773,0.537395921832476
5191,0.0959057294581827,0.0314171304999439,0.361315762878192,0.443930570636683
5192,0.0934418259481453,0.0346357835465633,0.298718087003277,0.600241688213315
5193,0.0949258422239795,0.0204478540302565,0.443783510162228,0.417987003851098
5194,0.0943444234714997,0.120159893249874,0.567583958995077,0.859516211765588
5195,0.0869195874100028,0.0213540744663349,0.656921118886392,0.312999655271432
5196,0.0807778468520364,0.0227344885828424,0.848250411750461,0.49822239755332
5197,0.108392121499009,0.0248460163398669,0.701694486059151,0.53976125390274
5198,0.0756201144974061,0.0519547442351948,0.513659369437729,0.617146603139706
5199,0.0855174097824388,0.0243839268123508,0.358524084283299,0.358934825184379
5200,0.0939324503062154,0.0196865725254405,0.399560364322441,0.468894914556909
5201,0.0950591976184333,0.0700799587841657,0.445506825747287,0.862046183776025
5202,0.102304890472401,0.0683114902630775,0.444742403651188,0.888819055255592
5203,0.0891919575980065,0.038838297107179,0.433278770010525,0.622594218148445
5204,0.0934284087345186,0.0497768916695834,0.434325384630354,0.774517195162166
5205,0.0917617777948583,0.0433662695223108,0.425301973048026,0.789827951987773
5206,0.110768423813573,0.0393932422430155,0.438280395001135,0.821629773612145
5207,0.092386391949929,0.0257834798640397,0.342315932552395,0.538852975551433
5208,0.08054089600428,0.0314078544561703,0.442664717877137,0.582885762759432
5209,0.0774562096960438,0.0240136333918939,0.430449481609314,0.458394191217051
5210,0.0858963104845747,0.0362237169775499,0.739302979934291,0.66118834659167
5211,0.0877369543085213,0.0310947061955988,0.811547720733495,0.467141214863106
5212,0.0854457489999281,0.0546591339639687,0.825832297751559,0.730527950127786
5213,0.0874478298860336,0.0238050443608218,0.881448874262005,0.486537742246318
5214,0.0872193605828027,0.0367663977950417,0.77296541864876,0.682042798240258
5215,0.0892498646414706,0.0230566969435225,0.62541897949096,0.489834804252965
5216,0.0734226951088018,0.0389920122592697,0.578304945850931,0.646200829006888
5217,0.0962516696302171,0.0429313899812505,0.6032728725705,0.682976374334018
5218,0.0924903800542609,0.0242301980152314,0.583952814643009,0.486841706687803
5219,0.0807324767063999,0.0524734945044801,0.670383302751228,0.57381785638199
5220,0.0760142013075486,0.0220732345960559,0.714158329388784,0.445153819039359
5221,0.0977634592756039,0.0291745318027029,0.686610936071571,0.252456941780637
5222,0.0867993540377991,0.0345214818289501,0.666479936207903,0.689441537687361
5223,0.0924995477300963,0.0235385389289055,0.71462453534129,0.58835457327167
5224,0.0991315906531285,0.0309531285872179,0.932179540712537,0.62379121266953
5225,0.0846815808218288,0.0445989814020697,0.790745853593566,0.704589770424764
5226,0.0887347133957343,0.0299191347115104,0.755403365826162,0.53082424785434
5227,0.0865750667962395,0.0249572130725412,0.787619086144945,0.37071694850283
5228,0.0789760000157987,0.0736558902941736,0.588363314335744,0.82710169542391
5229,0.106008812100487,0.0293797085312809,0.587193336752972,0.499745913740934
5230,0.081635605432573,0.0222807255449544,0.622255472059146,0.245357685209157
5231,0.0800122192695492,0.0442330497687843,0.64998492275038,0.622541953836455
5232,0.0968113170792711,0.0225282633936499,0.407138906652175,0.478131675014455
5233,0.101304292327362,0.041501424030259,0.429365869593793,0.656472827518765
5234,0.0931702519323987,0.0215943335626025,0.445569147487506,0.495096734302106
5235,0.0843268888575482,0.0391208675634438,0.668621742566864,0.647381505637263
5236,0.093863741899908,0.0278504163103434,0.598956062947151,0.547504046248144
5237,0.0825517074223622,0.038342964842699,0.366940237889435,0.617737230782463
5238,0.101586356251592,0.0235266453938138,0.42538550567182,0.65915636875219
5239,0.0975692280171448,0.0277661963450344,0.430717480137729,0.636004424650044
5240,0.0804543449696456,0.0354004067055161,0.42293268908761,0.639905516357199
5241,0.0992251963454152,0.0289730605445524,0.379105470026465,0.50134931408434
5242,0.0955053592404005,0.017214677250854,0.419787934343531,0.343874271465883
5243,0.101444353679004,0.0463365114409213,0.445095114338105,0.699702837287728
5244,0.0946608201004996,0.0486516938764954,0.442383379897814,0.79991828622393
5245,0.0730947405393251,0.0432192423742176,0.445358946799391,0.747385682807606
5246,0.0849475022738949,0.0195229851365577,0.473679502998162,0.312064787025933
5247,0.0846502985302493,0.0207816034052749,0.710093967698855,0.383085553831374
5248,0.0925492008423206,0.0305103862692628,0.408985525027684,0.600390761946713
5249,0.0831495577218331,0.0248441344317257,0.463603952037086,0.375129415216412
5250,0.0907999685533936,0.0238429110670172,0.704114676621898,0.507853425984185
5251,0.0873644361151856,0.0151061552072735,0.566955051836637,0.257086715022204
5252,0.0977238802397596,0.0212667607565153,0.646908065233792,0.392713663150453
5253,0.0741567290608245,0.060658356423264,0.655273456549888,0.729190119282879
5254,0.0873036426879018,0.0280253790579252,0.844204104082976,0.531205653967863
5255,0.0922921160731036,0.0386819056535507,0.831769038959413,0.564396442979435
5256,0.0834761586818106,0.0177511930442853,0.932506960708675,0.503318841745508
5257,0.0751494452591852,0.0348556731975756,0.703875801846379,0.580849307830303
5258,0.0787591657992292,0.0184068885174579,0.807526188758217,0.458992322005574
5259,0.0859485294671696,0.0199291341100908,0.970359224872982,0.466230714508934
5260,0.08171220230732,0.0204773692487463,0.858409347724346,0.565950140657144
5261,0.0960680939243685,0.0419962999384161,0.821546597696037,0.634540696516522
5262,0.0820183974876647,0.0733276826403694,0.9652295190371,0.781838655952304
5263,0.0758822936278136,0.0356680973018222,0.845841691939215,0.503223744473669
5264,0.0965123438363744,0.0694414884052338,0.966337556296641,0.776611616381976
5265,0.0941793514567045,0.0476806162525901,0.861992094271402,0.825609838640431
5266,0.105757015155707,0.05039643658485,0.884346215653029,0.683125411381377
5267,0.0843124290964897,0.0925604029244418,0.839875517544225,0.842456510196756
5268,0.100842671969347,0.0740838412606213,0.730878450633544,0.842959660763205
5269,0.0910467801299976,0.0344358644547769,0.845321847168051,0.681268630950878
5270,0.0898432798862444,0.0170911019767505,0.846085572571952,0.360349019674885
5271,0.0756830892433353,0.0257497493510562,0.765992534741947,0.446109628001127
5272,0.0876771091331428,0.0267818336752402,0.9596456522903,0.208145322697794
5273,0.0664188965232415,0.0398148024409412,0.786860390490649,0.634252848318328
5274,0.0857631709423267,0.0292392854644515,0.68750165812967,0.420699888124769
5275,0.0849195034159521,0.0499228609958091,0.951922985681375,0.807522145556544
5276,0.0732561207581766,0.0336071830039534,0.934759808849653,0.649748748927398
5277,0.0790288848334254,0.023155036174787,0.887020679623456,0.225890048749265
5278,0.084354340406545,0.0275791437293718,0.977581676760491,0.461108491313809
5279,0.0832538888413902,0.0197367840993859,0.877484064927987,0.413298944460085
5280,0.0861924431653285,0.0268182509647669,0.749311599891417,0.584161490158289
5281,0.0903743991531096,0.0198963335525009,0.973896114011186,0.627405245532296
5282,0.0872215299004825,0.0267217135344909,0.84053018608492,0.471405419668379
5283,0.0842019648903889,0.0215058252733791,0.726045938993289,0.2963122430842
5284,0.0851773561920613,0.0345037292914953,0.64358769287952,0.597429260130464
5285,0.0910329446833172,0.0645582100331268,0.410265992334134,0.682617481755404
5286,0.0953495442461597,0.0337713093025997,0.446805937904109,0.679084320353812
5287,0.0970990699533287,0.0772088518438382,0.425898761786746,0.847492081577645
5288,0.0876659166991766,0.033440865544986,0.39966037363318,0.495736603078804
5289,0.100915214457069,0.0401565532193186,0.25191895893913,0.55231072649848
5290,0.10303735332523,0.0279919999314108,0.342410584557404,0.378233261601428
5291,0.0776824458696387,0.027547797659277,0.341339476932555,0.290968280616672
5292,0.087113982463456,0.0203079425824571,0.44626986610875,0.534203766110697
5293,0.0915511003958192,0.0252317589908794,0.401067561206502,0.439287154335237
5294,0.108188822007152,0.0336672435806027,0.447147850217331,0.520417323864888
5295,0.094252381965832,0.030300301623583,0.425443739413282,0.542035988771795
5296,0.0920032659441371,0.0200667224142027,0.572193795013193,0.388293918562855
5297,0.0817696585419586,0.0591808150679406,0.890245071856697,0.804605422401448
5298,0.075495438897889,0.0293505393910918,0.757705460569479,0.571804216749961
5299,0.082990535821313,0.0271985274820288,0.845527983882219,0.463633266878706
5300,0.0757236871926833,0.0373156088525294,0.951437399604054,0.657331143965951
5301,0.0876466487646717,0.0223588781922136,0.652381582656206,0.405440857049593
5302,0.076201846989902,0.0292653038892021,0.812574813632421,0.590935659235288
5303,0.0810330869176624,0.0636072471733091,0.845867393335616,0.765210512425422
5304,0.0903013566809651,0.021094300356933,0.980192840112936,0.506616070213057
5305,0.0880183084112028,0.0296951130046267,0.90911258854798,0.516641712712321
5306,0.100916916925598,0.0380068101980275,0.946296744426831,0.745752120178161
5307,0.0832408180923744,0.0615798665046436,0.881567046911456,0.706691065988748
5308,0.0685795745708993,0.0436064200753672,0.891312360663215,0.64788588663921
5309,0.0809614556816558,0.0338892054898386,0.766966217887108,0.583247348279102
5310,0.0770370626021018,0.0251745722063962,0.878630440336369,0.476451088576948
5311,0.0825511023836291,0.0222256220762783,0.838056354189259,0.500417914536026
5312,0.0856076773330076,0.0550891281229483,0.671822512765086,0.736880871049717
5313,0.0861292923307626,0.0489215198680915,0.609607896804179,0.632871629542151
5314,0.0905955461510081,0.0232574865136273,0.560496521984907,0.346171067113508
5315,0.0946115451839818,0.0278998273953342,0.441782781610319,0.615181652247175
5316,0.0791596475480534,0.0464733051237888,0.444012906341312,0.752752472275563
5317,0.0959808553457475,0.0268785033170784,0.433757665460912,0.447643933102552
5318,0.105787152521051,0.0275011645811199,0.428867120475661,0.503458905806
5319,0.0799283237579339,0.021438388163468,0.660708696993709,0.505309547186074
5320,0.0863184969897569,0.0225836750928863,0.688976061087099,0.461466813490735
5321,0.0785848540537979,0.0189158510496713,0.739073096010224,0.343030226656894
5322,0.0932757658937039,0.0173194119736488,0.681193325520154,0.242202542184783
5323,0.102465339994167,0.0206204132999118,0.453606521760557,0.630370358766666
5324,0.107611499263477,0.0316440301716488,0.429620258495844,0.615928605098886
5325,0.0990188392935648,0.0287071254024631,0.435167062410841,0.392924575989638
5326,0.0965054849823014,0.126923783398902,0.43501076353895,0.865902566091854
5327,0.110783483622851,0.035591885222727,0.425036536475417,0.700598192959752
5328,0.0853626972309712,0.0312605054138944,0.431199127567342,0.650029511260176
5329,0.10392021763641,0.0254250107551797,0.399210272433345,0.586742973408689
5330,0.100405829709884,0.0290890999187094,0.419878380902412,0.574268502730897
5331,0.0929139795428085,0.0344092268174442,0.434360534018938,0.55424235632416
5332,0.0968418311216973,0.0811602653880354,0.440958145143418,0.845823609895015
5333,0.0835725993379373,0.066151001115187,0.429747070611047,0.768249621190819
5334,0.117287900507007,0.155663251704244,0.423636052495521,0.942464725908712
5335,0.0901933846642936,0.192153326202974,0.429079372454669,0.941411094054781
5336,0.0905886439633846,0.0545206300156655,0.438339692509157,0.855627153578862
5337,0.103477988197829,0.0440655600847204,0.430211360104291,0.767509742884725
5338,0.0925017794309659,0.0406715882235587,0.426529351119736,0.680218181512631
5339,0.0974692590704284,0.0538782884368578,0.41929554986095,0.709956656931813
5340,0.111030265778212,0.0960908857789057,0.4520785735276,0.872346330729677
5341,0.0926049729253968,0.809937696011538,0.484434311681087,0.978471754804364
5342,0.0970429036275098,1.00948043065863,0.439383997388503,0.979810691244683
5343,0.0940749564571879,0.575970935320332,0.435681186587811,0.976248502731344
5344,0.090956405855158,0.274667098310477,0.413513362691578,0.956506750921674
5345,0.093743552482501,0.0659090463697658,0.438490557079056,0.860767818593933
5346,0.0910041931693249,0.0711721217907643,0.427709890429082,0.834085277015326
5347,0.0989479298189197,0.0446226833759756,0.423873376342368,0.725825727342347
5348,0.102016752396977,0.0423575615579949,0.433672186876305,0.767946667517523
5349,0.103643761675874,0.0665622002907769,0.43028614046519,0.742674741681664
5350,0.100520529234777,0.0297542385861551,0.441387800256957,0.618975875181728
5351,0.0935752857358891,0.0200159141495922,0.407374983930116,0.505616204828869
5352,0.100169702835145,0.0266452560040734,0.44582391415127,0.606827272341016
5353,0.086134518244124,0.021841163246385,0.445440551677943,0.531097677901438
5354,0.0840066205380912,0.0303827330991735,0.469314013546116,0.398109497954115
5355,0.089109066144129,0.0193079611460305,0.439655516722811,0.493364447440656
5356,0.0982436435858094,0.0423882952469612,0.427516320110102,0.621436141450032
5357,0.0949320725882866,0.0252017829833024,0.427091091574853,0.590007826325117
5358,0.0887072984685485,0.0184995276191497,0.4330979391835,0.521164628555083
5359,0.0862764149277329,0.0251999114089347,0.433397477901518,0.5003566922862
5360,0.0874763113261229,0.030558075232735,0.428496298140571,0.613135924700179
5361,0.102385820681107,0.0979045523440764,0.433050328306867,0.789137320365173
5362,0.0949808975593939,0.0398975571597793,0.429541719630941,0.668266482613474
5363,0.0904068451969861,0.0513924970425349,0.444025418504427,0.851943976105543
5364,0.10113539423139,0.0479322956954439,0.502525650025599,0.674037416105408
5365,0.0978466354206106,0.0242485091275786,0.620895688987682,0.415032253364003
5366,0.0823306372697793,0.0335598416807982,0.648979858288309,0.440680646894374
5367,0.0856717628854907,0.0493792571819236,0.621443041058699,0.701338619979172
5368,0.0865638574739493,0.0227024631116729,0.642142039072025,0.704794501935599
5369,0.0858310245648644,0.0320632323247196,0.924633602272778,0.622309317855684
5370,0.0748410476362127,0.0187834309675625,0.899998407720808,0.390965428282258
5371,0.0901263936212392,0.0367993772184071,0.708431895931475,0.433012240210021
5372,0.0836989719644931,0.0172869813516062,0.691135151202806,0.304286928122783
5373,0.101078770809538,0.02646150114532,0.451440421132124,0.385944071789795
5374,0.0723093910648897,0.0495802053566992,0.445956646626866,0.527309262480187
5375,0.0830128709778508,0.0249590466701727,0.354733254239119,0.312064446718065
5376,0.0972327551348865,0.024087589692487,0.296965881078472,0.348064812602744
5377,0.103007869916121,0.0253083603529194,0.437681536645112,0.304519132179922
5378,0.0897670700133905,0.0406059196070335,0.772487214704,0.541844143061979
5379,0.0763921411203431,0.141560729445887,0.979445848486847,0.908853336796709
5380,0.102877551650268,0.093343158964264,0.729733436321292,0.86411140315615
5381,0.0827852795575495,0.060128992934095,0.636429919719844,0.80786671687331
5382,0.0817552547549513,0.0420955732764022,0.714138058142671,0.654203028431174
5383,0.0843260900371194,0.0492375519757192,0.715416456154673,0.680548711700448
5384,0.0695227975122969,0.0185902897739641,0.612893364903903,0.515549141730786
5385,0.09033418885677,0.0490233277555686,0.676701233977032,0.667086213716724
5386,0.0928769285456821,0.0233291690964495,0.975580783200816,0.430159517178402
5387,0.0859326007288319,0.0180427481232239,0.816503324960139,0.306443204004512
5388,0.0742995335577299,0.031358908473793,0.409664151321719,0.540641548971049
5389,0.0935577133315678,0.0287594503931524,0.422278456952819,0.689501314860736
5390,0.0774316337634725,0.0200893793927875,0.421441335407063,0.367747556589739
5391,0.0899011782745535,0.0326775064362803,0.427325390193075,0.582974380643643
5392,0.0936479751491847,0.0343050553563621,0.245232792086813,0.58191202750178
5393,0.0895025600431353,0.0279567480040151,0.44541212429373,0.349763343468623
5394,0.100372913431106,0.0310145593955542,0.422670152479026,0.543437193037325
5395,0.0993267155480629,0.0570976294062019,0.44330124820162,0.681169558865144
5396,0.112742969680045,0.0320514031986814,0.442131624819621,0.770624061475809
5397,0.0868816591184492,0.0374083783766058,0.429105120376475,0.658376895461712
5398,0.0939383436535924,0.0143975235354797,0.441874257011017,0.416006243896401
5399,0.0869340349546883,0.0279984148166993,0.408860680830824,0.247550675924632
5400,0.0947264625658782,0.0259487017756673,0.320965707663151,0.310144850364372
5401,0.0952036925375374,0.0277250098033993,0.445628748683504,0.51818602005508
5402,0.0819992183832763,0.0336171438103958,0.30644208799437,0.679276350739763
5403,0.0858773266778414,0.0216331876224315,0.439672443235753,0.544032548563278
5404,0.0713878675891003,0.0342026609239763,0.422444977238933,0.350905827860002
5405,0.110505188743826,0.0231775137256663,0.423857380109223,0.584469896394407
5406,0.0850275123829962,0.034763824731578,0.437324605503083,0.607663610388889
5407,0.097663107511306,0.0180180676118645,0.293473873524208,0.421116058705782
5408,0.0865818257869886,0.0240624405776586,0.35913463013402,0.495567353025702
5409,0.100709743660049,0.027615890885567,0.436080855956088,0.417521712546694
5410,0.0981722777780278,0.0190881085016859,0.430596526058679,0.464794765107233
5411,0.0918059348007399,0.0199538710762529,0.540767102296713,0.508385311980404
5412,0.103201395382106,0.0449105083586712,0.58302108686529,0.637138182104354
5413,0.0802492996609751,0.0291874535965198,0.85837992425797,0.354915058010132
5414,0.0837183435585629,0.0338637923402618,0.632465204701358,0.603671986498632
5415,0.0899470266795837,0.0395015455894687,0.614727959941598,0.502790100818856
5416,0.0902926293158225,0.0265388738080945,0.609964456779065,0.568425582202436
5417,0.0935958345684426,0.0273993795196206,0.712891444356332,0.628502984250367
5418,0.0845270907716559,0.0450565375468217,0.696250130903141,0.623252295639338
5419,0.0965377327681395,0.0685234538502286,0.623569921309366,0.809878337728975
5420,0.0865754699878493,0.0214313377758805,0.735135934421663,0.313898719202117
5421,0.0750234859406773,0.0232387314669682,0.497955761834657,0.396925174780672
5422,0.0862837652664759,0.0299493640662774,0.408202480267,0.375606546828708
5423,0.0993121717749538,0.0277377470929961,0.446457896817035,0.472913058356185
5424,0.104891129525749,0.0303407720152238,0.438251318415823,0.43178299869664
5425,0.0924038688914316,0.0378646975366562,0.548686476754352,0.585496385291492
5426,0.0942471159053229,0.0217539201287224,0.611523502999635,0.252271842772046
5427,0.0781696781445658,0.0221327353149341,0.620305120347585,0.3466904954528
5428,0.0792846154071966,0.0355173045325083,0.388079757059913,0.456708475170778
5429,0.0895232042840327,0.0491007416949992,0.630944368665016,0.724900660330699
5430,0.0768803049062479,0.0583830993058821,0.625655718668698,0.818565240975657
5431,0.079199172322118,0.0316379125813191,0.663326817954632,0.327205501198746
5432,0.0748570637677785,0.0297708757030187,0.537066623809329,0.393872591912772
5433,0.0849541510465981,0.0300118848709766,0.76194588951316,0.509016428205556
5434,0.0885398867410739,0.0320370587278048,0.848248203460381,0.453575654804695
5435,0.0828420110174002,0.0196141747457003,0.840654007067179,0.176665204216799
5436,0.0744724063998458,0.0336797544293781,0.751740932479685,0.488848357027574
5437,0.0842889068175388,0.0361038501332888,0.774884861961999,0.654209409780585
5438,0.0796502253787151,0.0390049773643066,0.610668291962679,0.732335487565194
5439,0.084899257229935,0.0634826250698118,0.716907890974295,0.78773970505645
5440,0.0873775919441408,0.0304585661888337,0.971605048091107,0.419507338926487
5441,0.0876311537841378,0.0327216087075208,0.886142828700824,0.645227879820338
5442,0.0840965885145658,0.0457491363858561,0.666420669853656,0.745612745193386
5443,0.0767150929241307,0.043941318834746,0.675830640621388,0.701369707266047
5444,0.0901994753400842,0.022705261711438,0.6455831432721,0.388689361386705
5445,0.0729487741014305,0.0195487217088307,0.775474803524993,0.433016239332137
5446,0.0823980224482595,0.0358531791175185,0.693303679234885,0.50380403395225
5447,0.0853007113887589,0.0229646401248448,0.767134613481905,0.420029728255487
5448,0.0816245380516443,0.0281617323418415,0.64080759183041,0.628885535195838
5449,0.0998619385081271,0.0637589838032333,0.669637640425859,0.784332453162204
5450,0.108963545558816,0.0833506627845798,0.732691441683504,0.8521472601735
5451,0.0785190413471499,0.0324038930739914,0.705950611981742,0.717181043160728
5452,0.0865244257743879,0.0252094261079089,0.60515337078357,0.609007662843331
5453,0.0982180326287688,0.016343244577627,0.762688835578544,0.238223524785294
5454,0.074450022186494,0.0226889088014242,0.913160500381548,0.357287500428138
5455,0.0801443487294267,0.0297042520831819,0.855875398821141,0.456830918753219
5456,0.0805402646358047,0.0247674263730682,0.692809627471213,0.579888715645881
5457,0.0659785085762375,0.0545420073433749,0.59206264052477,0.761212693422792
5458,0.084515227987665,0.0472767133578244,0.678461550850117,0.756566764934237
5459,0.0896767166724653,0.0432607833099886,0.661983631745022,0.717554713599762
5460,0.0946308675669715,0.0239557079877173,0.736166060787015,0.503602243771428
5461,0.0735835875535564,0.0327890445490145,0.959426733578265,0.508149415104166
5462,0.0865284263309234,0.0378929245821749,0.786430375436685,0.743728088302075
5463,0.0754963186741501,0.0672456131158908,0.842854400800811,0.820471539951247
5464,0.0802421067288411,0.0247103816820576,0.662182210658449,0.447473306706463
5465,0.0764392274207322,0.0207921011105174,0.62202555351789,0.373237148520553
5466,0.0820522987392507,0.0297444992004412,0.430162832677855,0.455891883032807
5467,0.0837907148721078,0.025440870011734,0.440875664310229,0.333954626540729
5468,0.0856992983133278,0.0155224927271983,0.440856992978826,0.320395893180495
5469,0.0953053578639261,0.0246817185364134,0.4146257157244,0.47657073728766
5470,0.0953053949614619,0.0250217133619628,0.447495267531975,0.636751440076067
5471,0.0889160480603737,0.0257034681432773,0.433881554249057,0.54077811881644
5472,0.0982166584630662,0.0222908361047999,0.427206612885115,0.494346511193379
5473,0.0896764432008448,0.0241323100022858,0.33567144907937,0.533558775354981
5474,0.0922213701059551,0.0259135031408483,0.399238331992804,0.222944043364051
5475,0.0864398443242733,0.0312822337433494,0.423047350871781,0.513828816697522
5476,0.0868194711707266,0.0338164532962223,0.438837898103083,0.543217075481384
5477,0.10842090367327,0.0341105364372833,0.432726980898451,0.713186969701188
5478,0.0950438012254341,0.0594513999215745,0.407451828267248,0.775772304205516
5479,0.0858829013047652,0.0453396235898081,0.440600898061929,0.719366358275036
5480,0.110455285393436,0.0276615422855975,0.444007687364984,0.598604501217058
5481,0.0984680511781622,0.0362770411933286,0.411901898715128,0.482080382283543
5482,0.0903716698069827,0.0344763887215233,0.356581794214187,0.58106215585027
5483,0.0783111989453903,0.0201943991056231,0.401469237854066,0.406101650430608
5484,0.0817693645722024,0.0348406507528963,0.453288435582585,0.516922233028132
5485,0.0952187997447224,0.0451927969753976,0.429424624556443,0.761291020231444
5486,0.111294135392287,0.0406916709661127,0.430490199134256,0.633928737978369
5487,0.0869749790294832,0.037817308190419,0.363671314063133,0.542353050199596
5488,0.0872206886442479,0.0278622016898521,0.353931401724997,0.365963420968934
5489,0.0911380473501689,0.038417109822429,0.432269212585721,0.498329083421378
5490,0.0919767100375088,0.0764401346115759,0.440372552091111,0.836360596504814
5491,0.0833985414326568,0.0504310557279329,0.445465958054215,0.817195981112729
5492,0.0988363809182357,0.0245235040774922,0.432716275508763,0.37484571725814
5493,0.0773185832269415,0.0228070210528034,0.438882305325701,0.401214932155438
5494,0.107833280656554,0.0187009829709261,0.44270125855872,0.558664426667736
5495,0.0747414774607137,0.0382465062886324,0.43029924808959,0.677778196623392
5496,0.0856582835451123,0.0267857549977868,0.43141472377252,0.628153337076871
5497,0.10029109967059,0.030989210797818,0.429054019374417,0.58734362984318
5498,0.105370440829717,0.0366422852649995,0.43670279731744,0.651918286781747
5499,0.082449365946039,0.0625409063131113,0.430426364473818,0.737954537244897
5500,0.0859769866040034,0.0580583086717242,0.422281067764118,0.707772286208925
5501,0.0965828672583297,0.0193133209592671,0.445327175303821,0.538835156066144
5502,0.0937673576367084,0.0229844503644595,0.424123250095879,0.51528133454258
5503,0.0887395831078686,0.0383770070263846,0.358078549568949,0.570935937050231
5504,0.0986081626873211,0.0166922296955142,0.431293330344486,0.396373445636113
5505,0.0922711808927922,0.0222426962811294,0.435616732206,0.381798456794747
5506,0.116860142797462,0.0251399915651477,0.284102320281066,0.48616898435581
5507,0.0810316708833846,0.0239350420754073,0.452232733128715,0.433993822202022
5508,0.104291503449212,0.0574846243672947,0.432413753183695,0.701443895634894
5509,0.0827450755223006,0.0226416236024756,0.440729899546858,0.566629998989761
5510,0.0913436015363782,0.0275493531200792,0.443751203295407,0.59282281488093
5511,0.0932263663627831,0.0347003331882103,0.353821385831605,0.345308437213452
5512,0.0847281108028285,0.0257509456747544,0.425021912129426,0.522754718537477
5513,0.107296683179114,0.0174202165286025,0.194532850785674,0.428801650850384
5514,0.0937850067361845,0.0219438465818231,0.437275910016116,0.35111346185952
5515,0.0950994521490757,0.031621199971287,0.444691167631444,0.370177562434161
5516,0.0990820818055062,0.0183355633660754,0.435149329558722,0.383876815141478
5517,0.0729681812413414,0.0464399952050842,0.431812995613332,0.549278138218625
5518,0.0882661888764748,0.0226770410584501,0.325000544005244,0.531669328971219
5519,0.0957760352592516,0.0257616735381155,0.371539175795373,0.470244144910785
5520,0.0774576626525821,0.0209628943475197,0.0828129812937106,0.384856710460449
5521,0.0837849445933389,0.030332019847889,0.0959938530505766,0.350485703535263
5522,0.0796062004044506,0.0236969926674362,0.024600303727871,0.440152434703282
5523,0.0868069268611125,0.0461193806855308,0.00873470711075425,0.618146253421867
5524,0.0878901085089971,0.0537807780057311,0.163002959710561,0.662676754361455
5525,0.109364356197596,0.0349938376266735,0.131256531449045,0.294949679999381
5526,0.0937651463458137,0.0252645280509408,0.103897474927393,0.330186499166782
5527,0.0847398835214949,0.0267237351623478,0.0309547675578627,0.353702889238946
5528,0.0958500755988982,0.0212938436718486,0.141068126373227,0.371206106144959
5529,0.0746119760072658,0.0283613436663665,0.399905983360464,0.47235109784552
5530,0.105773360961239,0.025978650401997,0.307675355513242,0.604558960077889
5531,0.0939591548171004,0.0243243532851144,0.440262899011304,0.510475846739066
5532,0.0849802064315621,0.0344530206590308,0.363791560147269,0.518408007271997
5533,0.0871193407478134,0.0376148029038954,0.444185684045858,0.582969181410787
5534,0.0903252081541336,0.0220365427768145,0.443340041755823,0.339350894984939
5535,0.0937942631872177,0.0250620598394596,0.44251549103447,0.555220958588041
5536,0.0785202450516169,0.0366296507356853,0.445983562407073,0.651397551063777
5537,0.0965865299570301,0.0236296263390991,0.416955721890431,0.599362342328227
5538,0.0967722004588394,0.0216194300283518,0.446428741321545,0.484539225035738
5539,0.0798543555142665,0.0197441235181889,0.424739424518704,0.279946579966713
5540,0.0897530896316653,0.027477092086162,0.451656883258028,0.455084250758721
5541,0.101955127450895,0.0360404552224535,0.442442290756517,0.662718065311693
5542,0.0816906934534299,0.0275224767013842,0.449253927895651,0.573608332063288
5543,0.0882592959725941,0.025189481606736,0.428633360441436,0.679979016396731
5544,0.0930023984024781,0.0543190835465501,0.432101630914094,0.786603628388538
5545,0.0922687981749779,0.0379664516226272,0.439935649608524,0.554427538020074
5546,0.105832998338424,0.0236598504286364,0.4362133213583,0.598059346545743
5547,0.090029094808451,0.0239536654631101,0.426186691407806,0.589527868951513
5548,0.0907194321970107,0.0186164008982323,0.371670508606273,0.49064375338153
5549,0.100608389429009,0.0363416342056907,0.432977878919419,0.422908821865097
5550,0.0853564239003164,0.0536434213163618,0.440502928986135,0.705540200927921
5551,0.1099893991604,0.0300978983481869,0.430724494512452,0.667231967659656
5552,0.0873677822074546,0.0213909397368535,0.445909452604234,0.406848104569619
5553,0.0995008257653788,0.162650490800404,0.433578284984908,0.884322707775796
5554,0.0979130912419393,0.102025105049135,0.428786458358086,0.853470538129961
5555,0.0707910444744104,0.145899148501001,0.422693463658456,0.885629555555245
5556,0.0939101629740148,0.0700810936826809,0.437122675794905,0.762408814339849
5557,0.0962349238918075,0.0444952344693855,0.436822354072486,0.693678783995305
5558,0.0837419436500635,0.0431182778247522,0.443209421999323,0.642666704359284
5559,0.0757427743886966,0.0341594082662803,0.374921438494999,0.530051069400645
5560,0.101055748298918,0.0209600501982824,0.405631554908769,0.580253884061947
5561,0.098661194699725,0.029296516199449,0.425279412555338,0.659523062782698
5562,0.097891670990062,0.0202139132429292,0.419469752959664,0.578171565690976
5563,0.106367783794133,0.0405977356430559,0.42611487011096,0.730480634443875
5564,0.0773318736494481,0.0318923623537863,0.387550005635173,0.551442883612851
5565,0.0906947085202088,0.0234477620781229,0.446613568928581,0.47740270914856
5566,0.101592393716357,0.0371318484241803,0.412129705522834,0.634685302609466
5567,0.0897385675436214,0.0158483660204228,0.440474337148951,0.382946163542596
5568,0.0789937810949481,0.054706215633319,0.426649402925613,0.736626309203185
5569,0.0801281345133265,0.0243167674419865,0.363481653595842,0.513059803287464
5570,0.0867327293835924,0.0243470332753552,0.435998720832591,0.702787296287914
5571,0.097205022436221,0.0286449100801319,0.445158743719753,0.644608298465295
5572,0.0916779830324261,0.0304598384919143,0.38078225109399,0.650453367614572
5573,0.090880736056373,0.0266526286859271,0.427084103980814,0.421596395345561
5574,0.0881214797610356,0.0388776002787763,0.428728444718436,0.525660747560722
5575,0.0940306533460637,0.0366143024480623,0.433521476285957,0.388694559022049
5576,0.0779394013848208,0.0306714511485014,0.425791400005407,0.587646677096454
5577,0.0854255878530974,0.0210497204278485,0.432966758067062,0.476103702425418
5578,0.101661065246141,0.0231961869830109,0.426364709270068,0.593342333196203
5579,0.100328394262854,0.042547351368335,0.43621209008314,0.720476812205347
5580,0.0929606815156207,0.0177357335574444,0.356114679239938,0.337395192004508
5581,0.0996140418013022,0.0445035627307315,0.443531567585944,0.72083636585941
5582,0.0800471677537151,0.0871456054526835,0.616486574062431,0.811810789450021
5583,0.091201423683635,0.0428030276006291,0.68392953764303,0.684626364194024
5584,0.0852549666026634,0.059666002727986,0.963955059446939,0.813525662764878
5585,0.0959143485148999,0.138105406025317,0.934567376820142,0.920047190229671
5586,0.0906275211169745,0.0686112256688203,0.979981044483564,0.836477482937739
5587,0.0892534324311035,0.0759749406108381,0.865108319805406,0.805752216465094
5588,0.0940450253916276,0.0492123863964268,0.91866742618573,0.748426823555154
5589,0.086780327985327,0.022749330801627,0.887772034273303,0.489615465999767
5590,0.0622695811290083,0.0419581720952086,0.97857818584414,0.376530668155781
5591,0.0602381652971654,0.0309988463180447,0.701922194146339,0.215439285573797
5592,0.0793680145806411,0.0263369235599431,0.565430691934492,0.347457660273701
5593,0.0913770316126982,0.0364395688949745,0.672297276907131,0.648022200223041
5594,0.0951063126616308,0.0290710431759313,0.422605093225218,0.539708202565858
5595,0.105228244516741,0.026343783013868,0.430317301760911,0.333343730002849
5596,0.10050675815944,0.0185191832264735,0.0634837922360479,0.388483853689627
5597,0.103876601259677,0.0391630739017223,0.43807199633541,0.782830345878982
5598,0.0929911240043558,0.0229766978202735,0.391460815111904,0.522030621489019
5599,0.0955716456133923,0.0157890513854968,0.42424095004367,0.426515396975672
5600,0.0854553451609945,0.0254089603627552,0.442684359327598,0.578480545475556
5601,0.0836390894717605,0.0257879081790795,0.437224699322273,0.512776091383708
5602,0.105712159743494,0.0229108722090969,0.425857617396541,0.581802508023647
5603,0.0784092283802577,0.0270026597770057,0.58900878779695,0.513279138649132
5604,0.0897891795564344,0.138516093634529,0.402032693442367,0.884563405482196
5605,0.0931399579499713,0.198741840273016,0.437104212279144,0.92277798601366
5606,0.0978366318710534,0.136274486354546,0.441265977046895,0.924543530106723
5607,0.0964844777709149,0.0725625490650325,0.423508826002636,0.821644178913795
5608,0.0921683692698955,0.0785477324441915,0.426494917771905,0.877803199453104
5609,0.0882233120753923,0.107531115515978,0.437342173806596,0.89546383363892
5610,0.102466582377652,0.0812707385372407,0.486677520354927,0.845523832677279
5611,0.0910900551905864,0.0590604344837363,0.667077045854675,0.775232966291675
5612,0.0879272094426035,0.0253659513095895,0.456691541467698,0.503077874496426
5613,0.0895061752155598,0.0177793158524766,0.38795962128295,0.335409379254146
5614,0.0895814136100123,0.0146719174340445,0.437070833365642,0.465339338088249
5615,0.101926139353519,0.017609272473951,0.318773162613541,0.335378059916646
5616,0.0828499478207067,0.0330929681487442,0.42367150522067,0.442194292228585
5617,0.0879137897117566,0.020238031007358,0.312821757250299,0.264226032969112
5618,0.0977975360437205,0.0271529115711072,0.334766090130814,0.584646214365987
5619,0.0919435841341783,0.0257649468347414,0.505955816315148,0.560298839719693
5620,0.0762201675961451,0.0237519127551701,0.769371695686127,0.428652979784389
5621,0.0894907363493021,0.0219340806643999,0.793840567879854,0.319635687856503
5622,0.0646080431337142,0.0238429268472526,0.838454471741032,0.560951149811095
5623,0.0779802798762095,0.0530179055466903,0.739696457407837,0.705899986721679
5624,0.082550948033281,0.0306509771388323,0.864275059359912,0.462428440673125
5625,0.0715932404663362,0.0247099922397786,0.703764140508311,0.331944050753908
5626,0.0843940560867816,0.0548405288628244,0.530713336098847,0.712538294050076
5627,0.0698266749381487,0.0213150664654646,0.569911001224756,0.4233163892732
5628,0.0692264570024656,0.0299146803423922,0.693534182372825,0.628740104866283
5629,0.0790899901600895,0.0404487462113772,0.810330038453804,0.617134811586453
5630,0.0736448584035045,0.0215524222990645,0.593144062166584,0.577617820346778
5631,0.0959419852776596,0.0451776113610045,0.746664753135756,0.696539705884197
5632,0.0737879689303525,0.029068095339597,0.579553608281841,0.524487723412134
5633,0.0686667756161605,0.025826030399957,0.664936282085411,0.327820731591877
5634,0.0799353400532228,0.0193998734374489,0.57975780304941,0.443510223083677
5635,0.094800383380333,0.103999156924184,0.571862402473009,0.849948876726571
5636,0.0803202892668529,0.0530095247988431,0.871539939147912,0.736259633464683
5637,0.0871947566433243,0.0489237010649146,0.978492364077347,0.698896304353697
5638,0.0910588571586146,0.0368091930583392,0.911746804603099,0.589907841074261
5639,0.078498812829518,0.0417263571590757,0.700379809709799,0.752742525261554
5640,0.0783208213445099,0.0248038868595387,0.669562877702556,0.544174747516224
5641,0.074237615628964,0.049459754968956,0.60791596663389,0.686061680479872
5642,0.093545802730517,0.0325023647101523,0.70814840459044,0.47454975241092
5643,0.0688062006316886,0.0224415985669118,0.500807162295844,0.190317376967948
5644,0.102331410922353,0.0276383781904026,0.438707028238537,0.573504355714185
5645,0.0768499880818849,0.0262711589108792,0.434342991357153,0.265160959019219
5646,0.0930538535032815,0.0305122473757063,0.434007255747166,0.645348826378567
5647,0.0922611145264142,0.0382743206620515,0.429080264216827,0.643010551004429
5648,0.0867875025471098,0.0715143265585533,0.631558709599412,0.775018906521459
5649,0.0896482808133208,0.0349189110584213,0.626138837261681,0.577444447892265
5650,0.0825542648657978,0.0515417688896421,0.768027590322216,0.837219268524735
5651,0.0707882302694202,0.0432317158598879,0.827891425056393,0.736923079633463
5652,0.0764094908541694,0.0315961470150541,0.815728347895462,0.662915898320229
5653,0.0787915417147192,0.0316091852940178,0.750364263691737,0.498707301935301
5654,0.0787837877920942,0.0290858746193869,0.684171123260559,0.550580941902231
5655,0.0789501234735814,0.0173986531951851,0.918932418073435,0.30803024850124
5656,0.0882753054512831,0.0343994023080136,0.641249350210182,0.644680611536877
5657,0.0886400113416648,0.0310179573508309,0.795060361062719,0.304374061994345
5658,0.0871074188298868,0.0351377378863468,0.809333242011989,0.628389214578817
5659,0.0862014972334405,0.0150971803446553,0.881361046615413,0.481657086541836
5660,0.0871269101659332,0.0300785651627439,0.693843844364745,0.473462191413397
5661,0.0772895092278708,0.0214207444789038,0.709007105173452,0.376791397861337
5662,0.0884579907977693,0.0190187497643997,0.479966609697448,0.445978222019268
5663,0.0943612489592098,0.12088732383496,0.36780665033972,0.886463639934763
5664,0.0920302442097816,0.139095437539212,0.423586332661894,0.904895058412046
5665,0.0918771564312845,0.181498460623388,0.422174735603347,0.921092590315382
5666,0.0895655804781294,0.0379683392034136,0.591118531943457,0.748728208578128
5667,0.0861781897460703,0.043157674588696,0.737411909946765,0.717501566842193
5668,0.0836099165988995,0.0246799051069893,0.715203420431579,0.492584523112656
5669,0.0762104323186753,0.0552387652742733,0.56867340135044,0.706819995758156
5670,0.0774879009913876,0.0388657216839418,0.682883864101203,0.491117946254411
5671,0.0926743254073309,0.0590111525911564,0.732045215358881,0.639818130738893
5672,0.0767186069071266,0.0569415087367887,0.864856698025084,0.587412416336283
5673,0.106727637354727,0.0221886644138778,0.905633028780734,0.299849684451054
5674,0.0789137270638666,0.0212638813717547,0.701542363341936,0.281077130767832
5675,0.0924446779374624,0.0203287235842521,0.514862118489185,0.430128517307048
5676,0.0718017072089877,0.0418956078453892,0.433163134725233,0.550892176411293
5677,0.0878045720159222,0.0286889475632767,0.426387705149981,0.400077471601007
5678,0.0715917071298545,0.0181838296724859,0.433828789248216,0.396814196272543
5679,0.0921669882060798,0.0605153987383622,0.434012523503196,0.765143524493648
5680,0.104086052360127,0.0369248119410616,0.431790874341642,0.577721320506229
5681,0.0771900671757192,0.0523256504165559,0.415213048030494,0.758348502758395
5682,0.0959427108748313,0.0256700697738802,0.425961489026486,0.425786610065928
5683,0.0796699306439694,0.0229048884604671,0.443213833249805,0.410851527433503
5684,0.0851447700849263,0.0200012160070247,0.433825182007441,0.545705025047862
5685,0.103795013672485,0.0522440045894294,0.427241544553542,0.64998267235488
5686,0.0865813252189438,0.021545928637799,0.435654700204113,0.412003455266297
5687,0.0814581799389052,0.0186401666353433,0.44634185372586,0.525131524308878
5688,0.108859842463045,0.0493342226419447,0.444186869951828,0.732798288520591
5689,0.0807504771121714,0.0210094062768803,0.437490802372099,0.355032623419106
5690,0.0837030760193662,0.0261483152544596,0.273163729904564,0.397490739238135
5691,0.0862362159882916,0.0335795456622023,0.369090048961595,0.390621148652389
5692,0.078111594418535,0.0230233950392268,0.42869807676869,0.512841801289409
5693,0.0943906465715122,0.0233011656548695,0.436404448468944,0.436885366431825
5694,0.090309431431901,0.0210341622837795,0.260641475270666,0.482116324700263
5695,0.0735758309440325,0.0268062219544728,0.440361169718712,0.487485181078514
5696,0.0812336742165483,0.034728336064615,0.393779859514686,0.590951632720911
5697,0.0886284239665481,0.0387672151900007,0.457845302373136,0.738704745148942
5698,0.105890259627089,0.0312602993907499,0.423669028342133,0.660587802410636
5699,0.0937428526533972,0.0588264025932073,0.434346060713143,0.800564434378388
5700,0.084781232093176,0.0195415315136836,0.432895102825916,0.500370087376315
5701,0.0963461321974447,0.0390657548359795,0.425908959014785,0.567269855472247
5702,0.108549219191592,0.0213745135213977,0.428752350414914,0.588445332390542
5703,0.0828750925572829,0.0232729761892138,0.434111727681162,0.268098716851135
5704,0.0932419298238315,0.0230752805156111,0.242881220357625,0.34015471894039
5705,0.0963636153824222,0.0191552629170738,0.212182878951612,0.310633947953936
5706,0.0798896707608494,0.0268933691560821,0.367916522677739,0.220076766614282
5707,0.0952652118943903,0.0412584169803415,0.296399691261829,0.533873310646792
5708,0.0988455686789198,0.0251964059747651,0.259204674403072,0.495879439806149
5709,0.0913764275709257,0.0348993038901678,0.431361253479038,0.575251075935605
5710,0.0926903056926847,0.0216162578689671,0.423056815996453,0.525930234762605
5711,0.0890691900790752,0.0227962018774204,0.426391769493879,0.403885465978626
5712,0.105926361922562,0.0331199491381108,0.306883892073246,0.554526159772395
5713,0.101461381239834,0.0410205462799077,0.366976732406521,0.638242293428117
5714,0.087226087831959,0.0194500386121912,0.442055971939563,0.450732803688095
5715,0.0778051694078681,0.0201339069988842,0.428652069901479,0.650107789983835
5716,0.0989016939833835,0.103111349547007,0.440214404965805,0.886027217623243
5717,0.0899580547663721,0.0389738623384158,0.445547091463673,0.798981983689073
5718,0.0964642244091341,0.0318493164454669,0.433603234054588,0.423775076430691
5719,0.0964061382795967,0.0309964859564815,0.432149311435694,0.645461560531515
5720,0.0966671946040774,0.0329985160973676,0.431148724036675,0.61485614256574
5721,0.0857226392521215,0.0237744373144265,0.437722933387821,0.428283344390678
5722,0.0852843143828852,0.0351821381961317,0.435216945673451,0.636835356347266
5723,0.0979918418163973,0.0237402486266514,0.432973693475795,0.391812136443657
5724,0.0935480693560167,0.0182837130037943,0.435932426463549,0.471720304752406
5725,0.0883280232866519,0.0339772401088853,0.425967029343067,0.568894584521229
5726,0.106674396787857,0.0188542708503976,0.440119112617903,0.534929462022327
5727,0.0984500736213412,0.0314624051225413,0.432279996909893,0.509326471558873
5728,0.0826351535342014,0.0328158845552082,0.443032722684442,0.571465685022003
5729,0.0991526593137933,0.0456342406940166,0.440743746569795,0.689738950892842
5730,0.0991360925906093,0.0736774981662571,0.422957882946172,0.830167941190602
5731,0.0893414044457698,0.0323256348212579,0.443126145520928,0.73039994546754
5732,0.0789898221482601,0.0181762940792497,0.654848293055884,0.447047991398662
5733,0.079234746585545,0.065616859981147,0.5887933199616,0.743358512619901
5734,0.0896989315761251,0.0573150729922044,0.62592880473011,0.641211053881407
5735,0.0932272163416368,0.0634226214833964,0.692531163856811,0.827441191681442
5736,0.0894950519295158,0.0942181895659265,0.713772125389809,0.764792888053194
5737,0.0779381298947508,0.0467577172754623,0.66580354274089,0.522873944291258
5738,0.0837588396981306,0.046695460275582,0.692457477655679,0.75947571022365
5739,0.104020670162361,0.0140934577677666,0.4401668386277,0.592901854172873
5740,0.0774681004378281,0.0375402800050141,0.433902806326301,0.71914960705468
5741,0.0840892271074848,0.0480027260845922,0.442963744691298,0.643714061850673
5742,0.081957517276468,0.0756334989122105,0.636889662198343,0.764762905783415
5743,0.0818511624303119,0.0330145457251041,0.940550223518754,0.594820066183588
5744,0.0902446707623449,0.0281065859970591,0.894934103403469,0.61220940656235
5745,0.0709977205531253,0.0683926399963905,0.962739193016072,0.805310735448664
5746,0.0833349379838189,0.0439562740320618,0.911847252364721,0.748320854965546
5747,0.0928845141254346,0.0270812466101399,0.794930207215246,0.489773390580399
5748,0.0776328161551167,0.0243287403991945,0.852424021465622,0.530640875879401
5749,0.0878887315119819,0.0281415670413804,0.962887504680144,0.481251068944253
5750,0.0801582131501499,0.0230644135756726,0.964338392347704,0.490246759947374
5751,0.102660344599882,0.0285421912417841,0.870841900732408,0.637781014320783
5752,0.0795908391811355,0.0322587471714528,0.770390397464498,0.614443896762297
5753,0.0994202219188306,0.0773037961447376,0.929912438759287,0.83701302288716
5754,0.0821340385774933,0.0864997761226295,0.879901834236236,0.8599269340025
5755,0.0776034282891368,0.137215914014497,0.849658973443272,0.891816364133226
5756,0.0808351394463044,0.526335555292969,0.832707677257241,0.957668297121456
5757,0.0886666254854777,0.0998330920855654,0.898869301460361,0.898047711893157
5758,0.0996699911988995,0.0279133409539785,0.879391579670513,0.627694562902182
5759,0.0856309460673942,0.0612658338690136,0.978106000397409,0.799044924085916
5760,0.0946998163452003,0.0450876490308377,0.905917136136123,0.719302980182251
5761,0.0708356580402428,0.0649447782993587,0.953471293805213,0.825766778831344
5762,0.0921302166930399,0.0987393328461237,0.965252238395748,0.839128251881523
5763,0.0851843987497101,0.037767939844772,0.877321127935285,0.739792067354471
5764,0.0807388836983622,0.0918958788948142,0.894612416658037,0.875754180128575
5765,0.085302195011791,0.468937144829137,0.949538946555267,0.973057809008461
5766,0.0778708489868495,0.335932179787023,0.779700459066952,0.975492407939025
5767,0.0849433282239355,0.669975594455246,0.812183858733752,0.982848019080772
5768,0.101256409133323,0.84939673447927,0.901709042418735,0.980892957064579
5769,0.0743984235300777,0.495696377073837,0.874937433081923,0.976391183958397
5770,0.0834572636753478,0.134024088269628,0.834755826027831,0.90923019897677
5771,0.088320298241622,0.0774585815862577,0.91585277528417,0.815890593504409
5772,0.0859841724267122,0.0745110256444218,0.953284518368876,0.783073004830182
5773,0.102572157688058,0.0522328744854855,0.894353789967708,0.797467668382931
5774,0.0734328380180445,0.0674215045073715,0.924981798228163,0.89775866768145
5775,0.0928235091501926,0.0486533364875073,0.976750320083822,0.875640358426792
5776,0.0786574933163408,0.118404090475739,0.916071005470104,0.893187952746025
5777,0.0828714853865628,0.0372497175698542,0.642980435204243,0.795427715481455
5778,0.0705499401051661,0.0981435562208811,0.590020412433094,0.876470356034653
5779,0.0809119011961311,0.0701514724983983,0.622765315364943,0.75651113347103
5780,0.0856739758260932,0.0299480195787508,0.862048006878462,0.603234610151687
5781,0.0854966453585783,0.0254697795008886,0.919875260583787,0.377254884585698
5782,0.0815631921486972,0.0251452147135275,0.726667122810707,0.481811311837953
5783,0.0691873363434773,0.0199207660513136,0.627329534483503,0.43603699299185
5784,0.0890306332305408,0.0267044907923635,0.43144441472173,0.237012230875531
5785,0.0957780538512692,0.0662926317243355,0.431698412629246,0.769779793746259
5786,0.0839685328516378,0.02516470176455,0.427159333482297,0.44065199410576
5787,0.0997932421926695,0.0255488144667917,0.443575787936345,0.577363177595015
5788,0.0878429900688942,0.0360699980633682,0.432218221559014,0.728149868591875
5789,0.095621090179561,0.0235439442905357,0.435072507525404,0.490714099320035
5790,0.0860300707041886,0.030265984171048,0.3847675341208,0.552463139826224
5791,0.103478180184656,0.0371503292642786,0.44089166406287,0.511888143388085
5792,0.0814612363835679,0.0286272898045144,0.427903713049901,0.535179641253966
5793,0.0824594817855392,0.0236700715102654,0.375841175362611,0.572853133214907
5794,0.103652341311079,0.0187579041816759,0.419651651422797,0.385584804146145
5795,0.0857362778379518,0.0169636103292661,0.368642006408747,0.430499028792538
5796,0.100995562889696,0.0200324640610067,0.442596436922144,0.628784191868698
5797,0.0881909865421306,0.0297740059839014,0.433983015035592,0.695524258289558
5798,0.106124017462493,0.0427855288903875,0.433563066035828,0.648992138198582
5799,0.0966054285238335,0.033391243894044,0.449753947984902,0.65166539623208
5800,0.0875331252556906,0.0227623819569392,0.457782211215043,0.290559630573047
5801,0.0955925702989279,0.0351243314758615,0.441656693381595,0.684964779569307
5802,0.0941619202148452,0.0198442385284883,0.436321890539862,0.410920701771068
5803,0.0954976367542801,0.01966194282558,0.426654740444086,0.519545883153982
5804,0.0914488371691678,0.0174050480024434,0.414784290828764,0.3703264860786
5805,0.0867823092053296,0.0723242875743385,0.427276137407008,0.699272825051565
5806,0.0975212777360628,0.0219958345831134,0.444182547143553,0.304684752112975
5807,0.0679784313111029,0.0277939273031205,0.425430256287873,0.542213258263726
5808,0.0967266431506702,0.0281798033171293,0.444715368578224,0.504076506448328
5809,0.0900819295269231,0.0186697289819067,0.439772242807164,0.500627964403981
5810,0.0923913869447508,0.0941309053368976,0.436549015081879,0.849981854347357
5811,0.0870350648359374,0.0419775334606975,0.429898303548297,0.629944291367595
5812,0.0868719695407265,0.0259882694477656,0.433981484535641,0.594910837813148
5813,0.0896366475204764,0.0280045439545262,0.438667109558314,0.704563150981228
5814,0.103293026106724,0.0244026695712132,0.424336359137901,0.711104185076502
5815,0.0929135644223526,0.0642379647175324,0.445997495009898,0.819660189382962
5816,0.0883530060485743,0.0522318387736706,0.434747421096347,0.716192565829692
5817,0.0938494027027487,0.0446792008489328,0.454812430413213,0.742494573008178
5818,0.0674804193866206,0.0310255133185315,0.625571621965846,0.681071070178845
5819,0.0953655827246754,0.030642322186567,0.739100063182722,0.629230323478926
5820,0.0840552685017567,0.0233319294294087,0.750959775838045,0.391557056847958
5821,0.102983384001413,0.0313080331647935,0.731143116960663,0.437374370985804
5822,0.0792182229476801,0.0241074817366954,0.451258254854225,0.394039683191308
5823,0.100576834979458,0.0179243783359713,0.445825220881953,0.608480428743383
5824,0.0861115361735959,0.028979261580246,0.443371161718183,0.245138703467723
5825,0.0899170629854358,0.0195431316803417,0.442162752525963,0.252438305418797
5826,0.0900099973002672,0.019902624741123,0.432524609142944,0.219400070601053
5827,0.0608774655906237,0.0459485553229026,0.61718932363455,0.559836993758283
5828,0.0829897876553995,0.0337868168425002,0.650857295649791,0.573606272400099
5829,0.0638179238177111,0.0277808537131704,0.591698439552263,0.535871956372591
5830,0.0967423012697173,0.0396307351292001,0.623847817371218,0.681437020185897
5831,0.0916018008681971,0.0370600518580385,0.684619629795283,0.41181527693191
5832,0.0763174884762624,0.0338960825301198,0.597955659958295,0.351182469053867
5833,0.0811134290853394,0.0272721958385194,0.633504512731158,0.509397528190226
5834,0.0683025452995925,0.0995067535572452,0.577662062587016,0.868202984007788
5835,0.0865128557821239,0.064137909539189,0.659766486434349,0.741976464945802
5836,0.0928140051149215,0.0224382170079339,0.485848592103453,0.356765453783568
5837,0.0930538402381829,0.0237465929662373,0.446768966561574,0.501087486010314
5838,0.076061025443399,0.0254078581573905,0.558837680899372,0.264079174093629
5839,0.0804176287184707,0.0232563609988882,0.423813907178702,0.582609543543145
5840,0.0942816781605528,0.030397795474965,0.445229089370947,0.611361170864316
5841,0.096906353088322,0.0433305284264228,0.437331877050249,0.717500116951421
5842,0.116633515320394,0.03744860770935,0.439827105492782,0.809476266958888
5843,0.101608080618202,0.0324177409263091,0.42314428812094,0.659780518451859
5844,0.0812261977801847,0.031467280405089,0.460925671588896,0.544155105153363
5845,0.0984343484596765,0.0287104868293787,0.3251800072936,0.566953444912392
5846,0.0850768690043634,0.0498933849092871,0.446029280758476,0.657349471558033
5847,0.0868476768289208,0.0287590271591222,0.294610815369414,0.405182643392693
5848,0.0865518069295731,0.0533296553512021,0.390848647833346,0.679941209641499
5849,0.0972122548152261,0.0312257739044692,0.214786345474869,0.416466868586941
5850,0.0927607959839524,0.0347938098137583,0.422637332034288,0.679335458846787
5851,0.111359441766472,0.0212226664310074,0.408254249116227,0.353265362574495
5852,0.0872483485388799,0.0152330787266903,0.429066427797493,0.456544141796702
5853,0.0844255683185202,0.0215287006189717,0.706060703866499,0.452806350190477
5854,0.108022604670005,0.035323498818134,0.691597612630897,0.660726488760493
5855,0.0867666254377197,0.0301274475396678,0.454909058855898,0.524274202617126
5856,0.101708013017592,0.0227388008627074,0.44515588040152,0.550213685563427
5857,0.090260522604374,0.031464421586824,0.437698509931257,0.643881286238965
5858,0.0863724390563432,0.0284750929078427,0.39947149674129,0.375283838914197
5859,0.104186321400783,0.0252165499055155,0.434336228471066,0.520399377155417
5860,0.0974934050590707,0.0406840410779653,0.424950275459576,0.750079342539914
5861,0.0859632024010274,0.0421962360602465,0.424697869408521,0.687676038741654
5862,0.0892803865800722,0.027872971768938,0.432945211098473,0.473991469928126
5863,0.0995140307595256,0.10136939551829,0.439745158032922,0.822621289995616
5864,0.112341997769887,0.076217283363349,0.447372991866471,0.859175988145214
5865,0.0730999192717478,0.070616934218415,0.377494188727164,0.806504173804283
5866,0.0953672572516306,0.0399099397130393,0.424408849566128,0.741604058425272
5867,0.0970328164533786,0.1115797777227,0.439650438389124,0.856613719360405
5868,0.0912008421242692,0.050911750314132,0.422615916669502,0.633061940371431
5869,0.0913531925014711,0.0377523467231918,0.43448646703588,0.602322000015391
5870,0.0869016917028569,0.0232000858381612,0.472351985913145,0.483023174121396
5871,0.0787987875644321,0.0355302858212198,0.438941797322062,0.622643650326918
5872,0.0929525075461681,0.0323544828413347,0.434622676014985,0.555844788056035
5873,0.0909706363658891,0.0342864361592318,0.422318558479413,0.598354644130732
5874,0.0825661913038776,0.0278441991753024,0.428366495210474,0.685774874272775
5875,0.0833921156312133,0.0305703412132615,0.495025149292184,0.514202221016299
5876,0.0750095772522015,0.0264592221108579,0.434244895096219,0.500018122363592
5877,0.0908662887107548,0.0224110697998435,0.375718170355964,0.405409339697226
5878,0.09497957539062,0.0520999053181539,0.441093613333429,0.64233584950481
5879,0.0952707731605948,0.0259602414862571,0.564405849274964,0.475238562058115
5880,0.0910672050668467,0.019869123200762,0.792031476617249,0.489423560836306
5881,0.0991404500987352,0.0277905093577511,0.709488713315085,0.528850527209766
5882,0.089965303442102,0.030799208802456,0.698118789276714,0.668789682936023
5883,0.0905700261226578,0.0267871466432312,0.666019651397822,0.279155652055335
5884,0.0762844953301129,0.028210939868594,0.677912647508822,0.456082947114557
5885,0.077678802362194,0.0251385864760612,0.763292865552904,0.432293045594855
5886,0.0887525826649543,0.0266262286298003,0.659586703695155,0.533342478148036
5887,0.0811530111348719,0.0344782526342217,0.619121192406648,0.516729194262062
5888,0.0938890075150568,0.028917615619924,0.437131875112051,0.618306942925428
5889,0.0923325720299383,0.0925796982762201,0.432905437994176,0.858071681116129
5890,0.0955836530301435,0.0404107248753877,0.414948248229989,0.685752465569968
5891,0.088921693965964,0.0621345337526829,0.630512125771426,0.689921491359551
5892,0.0852328775014298,0.0279429056275308,0.887827527449149,0.583215249817493
5893,0.0793478449174642,0.0857929417941876,0.808235600121271,0.886386558515516
5894,0.0961240690313361,0.0919774764076861,0.808004823254234,0.838108515037415
5895,0.0992818212020311,0.293813505288187,0.963718977949778,0.954819588509947
5896,0.0866644781484738,0.062328601381948,0.933142624732495,0.76026374633522
5897,0.0902744763522459,0.0336485274880223,0.87619279683187,0.694553024282373
5898,0.0813053930175825,0.0864210119163796,0.848150686941436,0.883114868079225
5899,0.0872206832600833,0.0515317988774462,0.715851014862189,0.763497990876727
5900,0.0798040296906505,0.0307424266417004,0.720343831777415,0.531748398225327
5901,0.0973906651651699,0.0213756215581714,0.862037731605902,0.332413049931082
5902,0.0786110766520703,0.0302905025969718,0.854757224808649,0.352644209937002
5903,0.0756854091609566,0.0428857826056942,0.700449656326603,0.65780829294927
5904,0.0860163639992828,0.0645995434306206,0.665307483500582,0.825265533366213
5905,0.0773500530117241,0.0661261992435664,0.78754475315266,0.79380002859034
5906,0.063554668868917,0.0395713555492641,0.954192936114142,0.664097298551455
5907,0.0703354623585839,0.0204494736702406,0.946640742655803,0.285805903004966
5908,0.097875001830666,0.0184134758433139,0.94156384767472,0.566008776190815
5909,0.0868642203360161,0.0244661166372457,0.833298552622299,0.379781047822876
5910,0.0799707686201189,0.0466770519148796,0.767106555428076,0.567153799890593
5911,0.0877227919295887,0.0246028545445207,0.893597788612475,0.50934725056216
5912,0.0807596702547099,0.0250720783280615,0.875744025113219,0.604654897713718
5913,0.093945441642332,0.0317689038494951,0.98451107960473,0.657292638765981
5914,0.077139440771216,0.0496609654581957,0.9463720906054,0.705213896767165
5915,0.107160761862928,0.0402875403879448,0.864090763475492,0.74115729758659
5916,0.0800464117749908,0.164869061422993,0.887770005464561,0.941288729255518
5917,0.0875639302872365,0.102245102121583,0.855136521417619,0.912340261748201
5918,0.0854689452275676,0.0263127787684705,0.831219991189946,0.501385326973194
5919,0.0858992317796869,0.0148456463677957,0.64255750623099,0.349053196037842
5920,0.0863181005418741,0.0230723151480482,0.573063770427149,0.567814023443911
5921,0.0864643593774248,0.064236035933074,0.590680976672827,0.782685790093363
5922,0.0908548128444251,0.0790831648603005,0.434181548479756,0.762453366742973
5923,0.105511631404035,0.127528966559514,0.443441138714458,0.86624009676618
5924,0.0877126326689914,0.110698405392205,0.444014538154488,0.865402672670024
5925,0.0901676560949504,0.13856064449603,0.427618025817418,0.937266438029366
5926,0.0945677120522566,0.58829194686519,0.488870593196233,0.96329844075215
5927,0.102169036490072,0.10587899584804,0.428509847112706,0.881559891683824
5928,0.102969935948289,0.0517289244176275,0.432448342663231,0.750939509274369
5929,0.0962806684673446,0.014863353245231,0.285804577472876,0.387270674916368
5930,0.0877800782109643,0.0254207419007942,0.4344599249415,0.447773427851593
5931,0.102521811003922,0.0293824569296246,0.432903402208307,0.501264251217975
5932,0.0891222041060171,0.0301100569088314,0.42901435055927,0.559137251376792
5933,0.0813586463368997,0.0260102026454835,0.430175821106359,0.578405714598024
5934,0.094367294719077,0.0428585903509926,0.446221341400562,0.758470674214694
5935,0.0955466576968317,0.0366803465169173,0.422103749533693,0.77746624648952
5936,0.105982771334162,0.0557017963610944,0.436774732790251,0.820767779449106
5937,0.0961592222026795,0.0450909422283883,0.422279364942162,0.677659061471003
5938,0.0773116806799142,0.0297669995034627,0.422243341192537,0.461367975553098
5939,0.11338218312524,0.0241541943854866,0.380044758098489,0.463044202976132
5940,0.0861824926989887,0.0246383292792079,0.436457153902076,0.450692782351084
5941,0.0951079015566875,0.0498367406788953,0.430934300389141,0.764213593547175
5942,0.0967126767101286,0.0273401326761573,0.505493325906648,0.50556899232777
5943,0.0964040020720756,0.0342423576836848,0.638961648439601,0.596929629145243
5944,0.0826315869951296,0.0413408068083498,0.763257485142463,0.585147398635024
5945,0.0696458684712488,0.0273586278929767,0.794395977952986,0.484471064623501
5946,0.0870393683443948,0.0509199939851936,0.871535130235589,0.634582223630937
5947,0.0834573233024529,0.0323245038507404,0.720599867840915,0.542563286249079
5948,0.0888042997208481,0.0553525025498238,0.644601690272123,0.67449247701615
5949,0.0880012237001883,0.0401086039363634,0.878335692111047,0.69163524780604
5950,0.0853931396618721,0.0206275441327605,0.864894082386549,0.630173994910871
5951,0.0764779325736695,0.0272645285664555,0.916966963485089,0.529486759431324
5952,0.0815962028494759,0.0277318364094969,0.957654750194641,0.524077807233759
5953,0.070336717444192,0.0296749337362155,0.861280058526844,0.396152024476321
5954,0.064777715764165,0.0379510891418547,0.664246627384324,0.34808755749582
5955,0.0763814402915685,0.0297857716814212,0.639344030272546,0.296497274908719
5956,0.0907329499856651,0.0270678042211472,0.400206937619085,0.523769599595267
5957,0.103298215625586,0.0359077665194694,0.285325706063969,0.484805245253231
5958,0.119973371214147,0.0204747885412753,0.444086035724501,0.455236035918802
5959,0.0925609579929186,0.0361630524242398,0.439327070292395,0.684354997347992
5960,0.0865527830721886,0.0462596545418623,0.431091931326321,0.789428431713826
5961,0.0864814259019295,0.0480690070239825,0.428409907757594,0.743983475845471
5962,0.082324522061889,0.0307087307427086,0.525148657328789,0.651054069384432
5963,0.0916872483430608,0.0610721246528682,0.441764249937379,0.79473899964564
5964,0.0973399434961967,0.0381961021289375,0.485784446920018,0.323079075540924
5965,0.0905061274439038,0.0213449804617224,0.431312003590313,0.367235116792514
5966,0.0823259245537435,0.0277428288328706,0.431888798443218,0.474891516955449
5967,0.087162839359921,0.0321467473185767,0.441791784868217,0.303951221730856
5968,0.0916604645129884,0.0355299280412819,0.447102102136673,0.459478746733425
5969,0.0902946724522475,0.0276282672108445,0.439371253112616,0.561126914470212
5970,0.0925408054942847,0.0324940948456405,0.432368915826158,0.589802030698353
5971,0.0985662054127679,0.0250261250083667,0.443800010702741,0.525283299410784
5972,0.10510763907778,0.0334408210729508,0.428373215451751,0.63933885981898
5973,0.0786852507974972,0.0304411418093003,0.427283806091384,0.652242263817018
5974,0.0815424873650495,0.0224356324070636,0.404097312704857,0.577340055010392
5975,0.0758943039585422,0.0338327475965276,0.430603135352151,0.727165479510065
5976,0.0955615626718924,0.0168909180073137,0.430080066986646,0.339908770769841
5977,0.0900055220318176,0.0598171381498253,0.429689613758838,0.832841009671731
5978,0.0985671759611695,0.0275475450124741,0.434259911676411,0.656154413899628
5979,0.0870528334776987,0.0465049733822026,0.463360390461844,0.650120122882231
5980,0.0850133324670655,0.0393970369121466,0.452054356038632,0.67214531980558
5981,0.0859041192992725,0.0201181759495821,0.789835262852757,0.364490986200617
5982,0.095513428730026,0.0204344864618421,0.835225964241904,0.471881097543505
5983,0.0733436413265869,0.0363212491686646,0.888899522650409,0.684386449417331
5984,0.0897119425935913,0.020219838116144,0.804356809544798,0.414799771473855
5985,0.0965298690458677,0.0317747130957971,0.563957572516428,0.519801073497793
5986,0.0824638923575645,0.0243728426251501,0.424397763383215,0.656425835897291
5987,0.10694622882149,0.0525401650194979,0.481213839415568,0.764778816663649
5988,0.101730763683592,0.0409613460882695,0.436993257926854,0.592636498573961
5989,0.102865784006909,0.018172812250895,0.42482080144688,0.402946160409089
5990,0.0906017135662254,0.0358096904322285,0.430418645233063,0.747698337043279
5991,0.0768878013827439,0.0317045271150929,0.433796820845027,0.691732671067219
5992,0.100667362552924,0.025770586158055,0.302877901688513,0.635079113570065
5993,0.0936948964102109,0.0221290398426754,0.436502240637485,0.472030302642687
5994,0.0873144137157649,0.103013119235518,0.434616266498084,0.840501475421918
5995,0.0977591156918069,0.178148288136383,0.430765784631033,0.893605139079611
5996,0.101216451059339,0.0336450586096388,0.429288547809398,0.772048913643076
5997,0.0961143250175285,0.0992785496711604,0.436381676036935,0.792818663907957
5998,0.104681935302937,0.0276159765454348,0.433392472363258,0.477560799990266
5999,0.0941500455903062,0.0320340556583072,0.422835945995769,0.628199526805134
6000,0.0898765378724587,0.0344580330835076,0.318174774683009,0.637144124825691
6001,0.100008692845627,0.0377391043478782,0.443807860317944,0.51311143002631
6002,0.0862345306305835,0.0272769812960573,0.435494540734482,0.578917222126738
6003,0.0981262320016634,0.0482595252898426,0.443158203183678,0.724459891417453
6004,0.09675295758454,0.0261505681602992,0.494582373312419,0.441823401478399
6005,0.0894273704374205,0.0225588985589819,0.52132185573045,0.414859725223928
6006,0.0911813823722221,0.031919761618298,0.738362208643498,0.529708903734502
6007,0.0930798977800359,0.0228400858937634,0.660675396190225,0.425748397680195
6008,0.0949681113299463,0.0298130296899629,0.447431817432456,0.476800205088691
6009,0.116369593431914,0.0293498943848285,0.429204233821467,0.652604878471187
6010,0.0884228982083911,0.0243616783831747,0.42958906295312,0.5142884740436
6011,0.0974960167792245,0.0254236514256441,0.318388648782401,0.47882192647679
6012,0.0715198377964263,0.0182515460992461,0.347846869926034,0.318062662685847
6013,0.0969649873270613,0.0194054359666719,0.382978607804987,0.564792063883465
6014,0.0900725596318767,0.0169169512887093,0.530466182503635,0.38668454718371
6015,0.100016262969279,0.030258207340398,0.58856407624683,0.607358632898966
6016,0.0651107443626489,0.0227335692919421,0.701278376758245,0.449871575978745
6017,0.0865169534392767,0.0413258722497296,0.6050691214392,0.736050107961004
6018,0.0798897441295999,0.0203549783162284,0.839867841488486,0.529854310481994
6019,0.0790286091858102,0.194523752557463,0.771304265658272,0.936269247306712
6020,0.0881843144924508,0.0439074576566247,0.713439129281601,0.609711848696843
6021,0.0795805764529781,0.130953681734234,0.622952258913395,0.868221546570717
6022,0.0971681197142756,0.0530458583103429,0.6814584302065,0.777837799620537
6023,0.0907377707437542,0.0296770551980001,0.764665118476484,0.572755679480584
6024,0.0909465355276306,0.106194241164988,0.750681119578962,0.853618258018401
6025,0.0852626309666513,0.219902893248278,0.869439172199345,0.934585997307895
6026,0.0668013627073962,0.030335691359877,0.916928789891309,0.565242326282318
6027,0.0968606118161509,0.0432405780517486,0.923718976374133,0.658585425604125
6028,0.0799125785625977,0.0176411288569422,0.733243863542274,0.457777050077536
6029,0.0813752778022771,0.0194778332141163,0.697228111696782,0.314568792490917
6030,0.0828806719003868,0.0327662159315693,0.823243932407812,0.619376914226067
6031,0.077163452034378,0.0504575580337743,0.759420642996021,0.708965074519463
6032,0.0830154946757421,0.0474340174339981,0.626686706182859,0.705628249265471
6033,0.0818134851057762,0.0369083313503503,0.850683180286299,0.605191545553002
6034,0.0802575973630245,0.0202617868106687,0.864972967843627,0.563963423005056
6035,0.0728012524883537,0.0313556673527152,0.761674193031273,0.571115742732061
6036,0.0838663114865293,0.0301975391966095,0.673608221290597,0.51176830206202
6037,0.0851720168484074,0.0377833951735914,0.693921963429326,0.652135860644737
6038,0.0885050704335249,0.0359813605696467,0.726419489899304,0.610522166231008
6039,0.0714786339259257,0.0257921077988743,0.973599777573824,0.55351714552825
6040,0.0674476601383166,0.0230994361315473,0.902552770582262,0.250168675499567
6041,0.0783732436346786,0.0340753634105113,0.769002236093982,0.560078252863162
6042,0.102883163867204,0.021134749685219,0.664355579249059,0.593471844385017
6043,0.101110428416656,0.0551337343971521,0.607092455392261,0.770346125940175
6044,0.0769341572045956,0.0388401357002606,0.858142527367037,0.63578241385978
6045,0.0870385926010713,0.0194935893239906,0.832935285607429,0.436552929582832
6046,0.0914933093349481,0.0360636090031089,0.667101506787899,0.678010195491537
6047,0.0882784479391988,0.031276148960294,0.839182813486764,0.587620216388859
6048,0.0892587600149017,0.0276223259516594,0.983631212637203,0.544922324496309
6049,0.0923482214682793,0.0448597838237274,0.919355125742244,0.594308964458985
6050,0.0890210073513838,0.0368756364028135,0.923744226002732,0.705714850140155
6051,0.0821188350067978,0.0466932682807845,0.868449488452891,0.666918592494856
6052,0.069270892881753,0.0447494750550527,0.689555198901481,0.673585285165465
6053,0.0701581783856937,0.0279180129294065,0.589003661984402,0.319876396269551
6054,0.0878666448061486,0.0232766617451194,0.722071176392365,0.475841331933301
6055,0.0882163234931542,0.127632249756097,0.590015073262875,0.872241372073654
6056,0.0911424575677602,0.0249281855510954,0.654676847408629,0.363986314066037
6057,0.0920116830158181,0.0190106803224279,0.441751538356913,0.565461458062218
6058,0.0839030330267166,0.0170002002761797,0.446387584842057,0.368909080502149
6059,0.0904154139370751,0.0288995911190265,0.526657584359436,0.418862037509028
6060,0.0911505039905854,0.0233352360670838,0.572211903364983,0.326537075407958
6061,0.086118899811244,0.0400246264755571,0.480577142395821,0.633078084712615
6062,0.0928722680246977,0.0174859883211436,0.431706238501829,0.531291357597702
6063,0.0677479771448286,0.031906519113266,0.431398025926317,0.429716805355466
6064,0.0931484802890122,0.0433504005430528,0.655379255919237,0.597010037387234
6065,0.0925478737268544,0.0264175498269555,0.735886294785748,0.516938040796494
6066,0.0880255809992355,0.0599426162146708,0.769178121584077,0.674057619085994
6067,0.10960546596457,0.0304864818897231,0.694877832568378,0.417888232642761
6068,0.0949420866221287,0.03998405317494,0.846111923878547,0.441265525405887
6069,0.0819057070263487,0.024993388010727,0.566404159788005,0.270781643124055
6070,0.0847256128827406,0.0311370447174713,0.659365950499289,0.387644959861444
6071,0.0881266816836244,0.0347188461857549,0.520415860466637,0.730513414771857
6072,0.0865196919170445,0.0759026372589172,0.437901351987734,0.807828422048227
6073,0.0947103905929005,0.0284914282356033,0.438623416922451,0.37190442777732
6074,0.0811935944083524,0.0337478822959333,0.305561889691326,0.52714241556276
6075,0.100725839017151,0.018971976272619,0.400132982561107,0.522886476151061
6076,0.0815908393371211,0.0367531508031464,0.435737110547498,0.477477292168324
6077,0.0912864339915114,0.0280007543523104,0.42600754331872,0.754781001642197
6078,0.0883424915840762,0.0485062307009036,0.427289600701104,0.679000878100145
6079,0.0859416179222891,0.0282327538143678,0.43588263487394,0.519106367364363
6080,0.0802561356190287,0.0159200715203649,0.35715946338744,0.188960787837895
6081,0.0909440675041037,0.0186180112782298,0.235165782095527,0.275436346029579
6082,0.0851089294444996,0.0266147650121135,0.430711411956684,0.57437670236956
6083,0.0792729403982497,0.0240726826015295,0.429683448087353,0.178897945672228
6084,0.0714630919593139,0.0254328002405318,0.0207141848551175,0.359827149410035
6085,0.0934813342597648,0.0170922357666588,0.0869948570661622,0.161027437793856
6086,0.0779586709848152,0.0203426371465148,0.29305495531797,0.341876717844474
6087,0.0941723489837685,0.0315584319291505,0.32653525251328,0.550716836699653
6088,0.0881090366381427,0.0529008865735602,0.371440627145141,0.690262272549505
6089,0.0876066175215375,0.0241735794976382,0.296846533257716,0.297432583041307
6090,0.0814401189327742,0.018297994657163,0.341141274066323,0.135930968288825
6091,0.0915161321319154,0.0390644287290287,0.393015229384291,0.523365868329583
6092,0.103185573582931,0.0343873105673334,0.444571408491185,0.662393522399868
6093,0.101127885895694,0.0186712474111647,0.437375593363314,0.328877413361413
6094,0.0896773563591081,0.0261979288464193,0.426312337853195,0.691037469908841
6095,0.0982286415217345,0.0214189609253583,0.432667954369825,0.337207247313724
6096,0.10224403249294,0.0211260649497685,0.424960897414917,0.563206429178673
6097,0.0937855494138399,0.0228352469967367,0.384641481088145,0.296469138461905
6098,0.0861176936540345,0.0238447647998485,0.451023572860609,0.557332105830942
6099,0.104748691034337,0.0391389915932981,0.437265976149538,0.614214518880029
6100,0.0914224151833936,0.252191005563079,0.35137067222102,0.952133365587924
6101,0.0939379781329859,0.313787936090783,0.304266358967824,0.931914140373024
6102,0.0895327600203818,0.0846349291264867,0.429734996613052,0.848833319039014
6103,0.0880158819593588,0.0552888250725689,0.432876382247327,0.813342297899387
6104,0.0901754599951197,0.0326541621705566,0.442059403611776,0.702492065996133
6105,0.0846274614952338,0.0446946098986324,0.425032945294062,0.76017400624471
6106,0.0818878458400641,0.0288114597237134,0.42572771952302,0.669935836224133
6107,0.0951137856481512,0.0347072850511127,0.44508411334604,0.555835891105466
6108,0.0823077312759414,0.0365551755365682,0.364601616608627,0.523264561386329
6109,0.0933864229267691,0.0268689064349093,0.426697067984099,0.505975665058569
6110,0.0978211170433206,0.0339199899440088,0.368456140910819,0.677747217090231
6111,0.0854267311033315,0.0312625998148849,0.440010771034118,0.658753000995421
6112,0.0861613318578417,0.0457615190490355,0.42446551270951,0.711567383548454
6113,0.0960574164831319,0.0443196746424559,0.446407538042492,0.584680452766401
6114,0.087723310843082,0.055324594922961,0.352840800196147,0.68088751771759
6115,0.0774306122014815,0.0167402454564288,0.435748982743008,0.477478502322731
6116,0.0987082252493402,0.0338158226085573,0.432610818928641,0.488871006517189
6117,0.0970420723163393,0.023042389730928,0.460681619723905,0.271573641178422
6118,0.0954986102104059,0.0318173778275296,0.574526458603462,0.608666251844171
6119,0.0982715637249377,0.0412090158375929,0.641514529120843,0.667900168350251
6120,0.0714943049990587,0.0422225275461224,0.824779840175778,0.513744599714862
6121,0.0868825969011053,0.0240728830568797,0.947716228957212,0.347133260721159
6122,0.108743677103173,0.0315958281439825,0.861879717478714,0.298242453914833
6123,0.0905583079872194,0.0243298022771746,0.932266491616142,0.16259097538964
6124,0.0912049098046819,0.0213323843148187,0.965209943911813,0.426067269957334
6125,0.0921987812503375,0.0231778729168089,0.960486978186793,0.442646418042239
6126,0.0774492774005474,0.0282561067473551,0.944242867576481,0.554377920173902
6127,0.0694780745430801,0.0158146445922812,0.818292878228162,0.281145882793548
6128,0.0900741843743878,0.0502550250642452,0.923745431962137,0.735412654328761
6129,0.0893959372300641,0.0959652627417262,0.860474181082101,0.822066570796671
6130,0.0817016471648884,0.0771385552764711,0.951903693593008,0.808833724926245
6131,0.0785165965283904,0.272752605732438,0.769090507029041,0.919945581311737
6132,0.0959684306590884,0.1045468184163,0.981000065625902,0.867919873705808
6133,0.0862427386707807,0.206146693924911,0.976295013490659,0.928413163739946
6134,0.0925207269669215,0.0388247602924145,0.798646353803942,0.78630229210103
6135,0.0881113731147528,0.036335193219192,0.572514139870147,0.554861189971907
6136,0.105716485637145,0.0352163154263502,0.406367520104289,0.55991882818504
6137,0.087693577053655,0.0240306878186139,0.44122959825265,0.479498220778777
6138,0.0856887220351289,0.0345096559177279,0.649387016987731,0.668032946164336
6139,0.0887267309798497,0.0254370828998321,0.6961718255589,0.456797208625945
6140,0.0890774574813216,0.0306397514526747,0.609580848395444,0.651738090151294
6141,0.0726168729000055,0.14155952876034,0.585896640016572,0.848539760059356
6142,0.0764530388344964,0.0500116941019618,0.660863772072959,0.717062059565651
6143,0.0729579667734186,0.0676994926924397,0.61234811423154,0.837480978976345
6144,0.0841184255783669,0.0349221996054316,0.574181897825116,0.686106746279586
6145,0.0957768755285973,0.0416499375774845,0.668656512023932,0.584466160725638
6146,0.0869003618062506,0.025562792802334,0.559324815506978,0.282735460218469
6147,0.0822044160137827,0.0207594345664369,0.443177188610239,0.25445939419295
6148,0.103755537095464,0.0193295101989685,0.282733920578467,0.440872558603638
6149,0.111504071731864,0.0256413528383442,0.421403976635134,0.666373510422887
6150,0.0932617497910492,0.070090185276762,0.425293802668757,0.774345050934404
6151,0.0981414125327721,0.0290380748374704,0.432312041438255,0.674727759924429
6152,0.101389213451745,0.026247864342023,0.411951687947239,0.527672067064731
6153,0.0861936328951082,0.0226731166314415,0.43486476234677,0.456073971755039
6154,0.100734239769697,0.0523199657841022,0.438528459738381,0.753118678858008
6155,0.0845237279769928,0.0262880269789667,0.444439697863085,0.601445133858259
6156,0.100423693753797,0.0550839311328187,0.428057523677613,0.773070287876921
6157,0.0857933556114693,0.0181287013656828,0.403595346351888,0.250499580597696
6158,0.0858441769369103,0.0244426963235269,0.431002377919362,0.272478449286259
6159,0.0973181036694438,0.0259805841449994,0.431641682214942,0.503517147724225
6160,0.0776083990904868,0.0712037482705792,0.440369613035893,0.863411136718461
6161,0.0975868640097542,0.02306782799197,0.428009511167474,0.699190389006665
6162,0.0887424943110758,0.0642592794874223,0.442315135190114,0.677875730952421
6163,0.0963942986534117,0.0334312271460937,0.437791663551182,0.652088035409818
6164,0.0924471501311263,0.0281543324100055,0.424138655628858,0.570685736287777
6165,0.0830803947097062,0.0277229847560425,0.672942204392048,0.417118331744734
6166,0.0736295757335614,0.0948347947719924,0.899764473251147,0.868572518294973
6167,0.071607306962713,0.104882527218376,0.680307955547068,0.844774244401298
6168,0.0788913967766567,0.0300756664683975,0.602203984093882,0.597343430803741
6169,0.073919305370191,0.0248254113444476,0.712824977182187,0.281444198421613
6170,0.0834688226379707,0.0205958101110687,0.702984212362971,0.458986658470524
6171,0.0738020038892152,0.0268921556085324,0.558974069728762,0.467865094297403
6172,0.0900656891499053,0.0319551998104618,0.498345024018873,0.66407133256532
6173,0.0874287563750476,0.0365600077971656,0.433608421557228,0.632387524656968
6174,0.0961735763808289,0.0266503146754425,0.4362504083163,0.571446046817798
6175,0.0789494498361409,0.0228206921089194,0.445940188936955,0.489623964148048
6176,0.0960816665891811,0.0312828952909823,0.426910780385056,0.689270379864725
6177,0.0896530093353723,0.0351939091228422,0.443225744657712,0.71394128257855
6178,0.089457394925578,0.0184673694730023,0.437847542355213,0.621204512225496
6179,0.0978528362351434,0.0421592619854339,0.42270094099886,0.723609590196748
6180,0.0962351879775753,0.0288614461641257,0.423366047556089,0.588119514128187
6181,0.0924366417680515,0.0256700012972917,0.385963428722994,0.5000223346716
6182,0.0940802842977199,0.0319269934348478,0.401326302345648,0.362420392436149
6183,0.0959024158028571,0.0187910548919121,0.433449082993325,0.3142072913284
6184,0.0873894248879559,0.0210565176259898,0.484564900871,0.415619233074214
6185,0.0895323701053267,0.0170148686374765,0.582730935866529,0.232494169407294
6186,0.0899810897540636,0.0387004161087803,0.799572540442518,0.582538566461623
6187,0.084957179736723,0.060673794852067,0.837552718269255,0.584497882052028
6188,0.0760647266880101,0.0286523526504165,0.937412997037838,0.594303463235844
6189,0.0857900242682246,0.0239992226666098,0.897074725284846,0.442962116396965
6190,0.0829738391459283,0.0174502557444009,0.710995837417464,0.324725610504041
6191,0.0793522088025577,0.0335657063651974,0.878661326882392,0.560009358713375
6192,0.0914047464693804,0.0385111570734269,0.879327502507559,0.649605934736766
6193,0.0825285250711513,0.0230359231762211,0.88350684886744,0.457142446521056
6194,0.0941429445507178,0.031165333611482,0.92536732797675,0.475795972830175
6195,0.0940686283476179,0.0310438051190019,0.613442654471636,0.467645076450341
6196,0.0812287530068187,0.0313698584346177,0.604619669675501,0.648350384486433
6197,0.0971192854712358,0.0822436970041595,0.620867360208982,0.774666411941669
6198,0.0766706278929863,0.0277186593152707,0.691874574166424,0.500964258101534
6199,0.0789100678984523,0.0353009904784057,0.865538651340642,0.642241443118633
6200,0.0825600559947499,0.0244553006427645,0.877113563747787,0.544881004006139
6201,0.0777322498708316,0.0316441717587452,0.879768798979251,0.506104444461128
6202,0.0738599661671271,0.0218930685765343,0.863429567640073,0.430420309176973
6203,0.0959004648836311,0.0178516375611223,0.630019183553715,0.430824073051752
6204,0.104773213314649,0.0352707639479265,0.669621681328224,0.663862933016846
6205,0.0733812372661455,0.029119929304559,0.69862497717559,0.713110428102018
6206,0.0896719146646082,0.0222614148197432,0.701163161847042,0.509657330163273
6207,0.0770505691623088,0.0185239520763131,0.766801214527791,0.502024179251801
6208,0.080133583646611,0.0678563305090965,0.689330750971224,0.848123859294113
6209,0.0765338645325789,0.0836673741568082,0.681719218535772,0.855260344516601
6210,0.0896941259320767,0.0625589719595533,0.710390222001707,0.847583134083631
6211,0.0880030492220764,0.0797919011978681,0.706641704296037,0.714859739973195
6212,0.0932862195580112,0.0263034299019952,0.638428797375861,0.553252573391231
6213,0.0926548794367765,0.0215015283452639,0.68928950317616,0.596488822910493
6214,0.0802986730319321,0.0267879422788862,0.592007619667721,0.559376957313105
6215,0.075221441248971,0.0306990852583476,0.504287999053415,0.471883065642172
6216,0.0631214606481945,0.0555937749395491,0.571714382198767,0.609107875224858
6217,0.092308268150682,0.0357604484837602,0.643326857758672,0.741435445660272
6218,0.0820277968047556,0.0327021845801596,0.694729411555311,0.578281750564975
6219,0.097555749338209,0.0269526190958355,0.886654561965584,0.619532143799161
6220,0.0751988251311592,0.0363378536922653,0.709158043143531,0.520470202827288
6221,0.081596583835161,0.0149790062682268,0.847090098407218,0.535550518915018
6222,0.095087444929694,0.0308877089891439,0.734063456405072,0.523853775488686
6223,0.0705906536353434,0.0209530769050047,0.917276778776963,0.172573336127013
6224,0.0633385972326832,0.0293319353723277,0.704548118257533,0.346085082057575
6225,0.0787016214018719,0.029130232276749,0.714765703748139,0.629024365056924
6226,0.0941709565462047,0.0269119007743284,0.621430548529373,0.410561626863895
6227,0.0831368322972838,0.0526589719474648,0.775809410936283,0.528093099887645
6228,0.0868223592178871,0.0494670628581139,0.68099624891962,0.750657521513091
6229,0.0925024188523603,0.111030096575212,0.589457240600021,0.847919875361484
6230,0.0829367327730601,0.189025307006485,0.497613214133967,0.890339403532312
6231,0.0736895411344304,0.0634732077026106,0.563864950415179,0.833895579206645
6232,0.0825795372066309,0.0577905675379776,0.586500536283985,0.704906952074585
6233,0.0963321568948338,0.0385770344708663,0.436453539681799,0.659195045002497
6234,0.0836554876737914,0.0711013220027572,0.442419414123686,0.847236522438261
6235,0.0895694736095193,0.0282828161906562,0.434924053504315,0.67837991988592
6236,0.0957617919662759,0.0279445773629642,0.428285849648336,0.585140847439652
6237,0.0934861212086364,0.0203226162299867,0.433916192431754,0.526744392537461
6238,0.0891913799893177,0.0302802424572604,0.521550410312353,0.536716746872313
6239,0.0788039381073142,0.137246052986183,0.802156953065085,0.864934936919985
6240,0.0902201842265981,0.0555813298968323,0.589376792136173,0.785287578261323
6241,0.0868585160158948,0.0447736731962528,0.700081792123458,0.716609167470447
6242,0.0810373153969244,0.0948598431165639,0.66092493594448,0.843567854761573
6243,0.076781159515642,0.0515121488901034,0.676798213144601,0.757522284980313
6244,0.0739667039720265,0.0478190805527424,0.778712640957213,0.646755599406888
6245,0.0961840591300169,0.0230683178621595,0.963083264153567,0.511217492399607
6246,0.0665326172205556,0.0354381928769019,0.983963558888777,0.566831038703803
6247,0.0881500567906879,0.043516210502338,0.960907393410552,0.590378437026163
6248,0.0879215146342197,0.0175842741709757,0.876839488649147,0.503377159284099
6249,0.0816138914250822,0.0390277552123486,0.587049432387811,0.667338995343882
6250,0.0754378798454918,0.0385075305337573,0.636435884544037,0.661900205225673
6251,0.0903531725629557,0.0486431359473899,0.655167020750646,0.75863488143567
6252,0.0860936694024493,0.109538064911949,0.688636527330487,0.883203502782966
6253,0.0965666015509701,0.0304915891940942,0.690204757564282,0.208371356179966
6254,0.0796822014320335,0.0577863887125393,0.883740531189167,0.694192924395615
6255,0.0760154206137782,0.0301924448039381,0.597501973440652,0.468623147907893
6256,0.0876597380932253,0.0290804825574938,0.579757622754224,0.635423458757805
6257,0.0885053523874757,0.118901589646421,0.573857936679551,0.870565101806611
6258,0.071511358094234,0.0474019600159318,0.63164537941333,0.725800757041423
6259,0.0601960027178642,0.0287244909150624,0.775407372273779,0.577603260012387
6260,0.0693810335122709,0.0145073083573236,0.864304306622302,0.321588737879058
6261,0.0882506314560838,0.0352799412641608,0.85988527696025,0.645495231021193
6262,0.0848576624498399,0.0289673428585414,0.725425633081143,0.347001659965076
6263,0.0842362164714376,0.0292777715300367,0.675531632274193,0.518168079053462
6264,0.096502706359587,0.0398000664240251,0.702811929828347,0.577375893235615
6265,0.0891209698625754,0.0348619948013146,0.57175668667264,0.447508430220904
6266,0.0744851718901704,0.0181877357681936,0.706753049715904,0.331063991120319
6267,0.0885690929902193,0.0380533240733432,0.575201554332431,0.59759067652251
6268,0.0606631024093714,0.0324324894002957,0.64584844391052,0.470573615508577
6269,0.0823686791645251,0.0226467854281076,0.767774871800573,0.313493008164469
6270,0.0974364665216145,0.0329056329527156,0.691520344853536,0.479462592893013
6271,0.0895817498672883,0.0302386232777929,0.656081663616591,0.581256644141938
6272,0.0974275694652593,0.0395202015790234,0.692333735939979,0.55430257877408
6273,0.0730532013354058,0.0282530064743438,0.806832365798762,0.372467150633937
6274,0.0828580905820091,0.0274022306531328,0.558297617463081,0.428373388992451
6275,0.0859425960977316,0.0479196131485137,0.58940707745336,0.68685005898606
6276,0.0813128555451879,0.0836920220509359,0.768823497509973,0.835213329462343
6277,0.0898181473115949,0.0370675061640111,0.943029037662921,0.699350559836756
6278,0.0966337825882377,0.0273709683798463,0.94496310624119,0.538275328836152
6279,0.0797254914142318,0.0502879994086957,0.9636018007243,0.776736130091147
6280,0.10355573980914,0.032607014304324,0.955839125752689,0.629568129517831
6281,0.0888553194867409,0.0207999789798683,0.747827291244878,0.432192898512842
6282,0.0754050867636689,0.0187441488542135,0.87638151515138,0.427453554759537
6283,0.0813047307548627,0.0236207036564645,0.834782698425535,0.557714474915953
6284,0.0848292412679865,0.0169906220865951,0.653510248733433,0.216283669545216
6285,0.072072201529707,0.0515103166381275,0.826663209126563,0.730046925803412
6286,0.0687543660750451,0.0160680381573529,0.964805632793171,0.276103232128218
6287,0.0890386622786607,0.0241397824962935,0.941740032826321,0.429031578559551
6288,0.0657032439791313,0.0420462291435796,0.749946723234397,0.586386903000093
6289,0.0842837531189317,0.0193636008503701,0.96503144991182,0.294817164131121
6290,0.0937481081632594,0.0207448470436312,0.655596955473389,0.183847993458404
6291,0.0885223211990284,0.0191978741049148,0.648471187751877,0.382778648623509
6292,0.0751179568149167,0.0218004033173153,0.68945099035457,0.407216506815545
6293,0.100463172481553,0.0290810483797122,0.442771656792733,0.504690747709369
6294,0.096993980951223,0.0155912166815013,0.430391802159573,0.287908222215843
6295,0.0928246515422918,0.0252417306294461,0.43030338380932,0.564519375153029
6296,0.0879317892162185,0.0335376103025701,0.434544725530365,0.448080823824223
6297,0.0860197197938651,0.0209085479310998,0.438213201662612,0.543095895489367
6298,0.0854217123644282,0.0248049289216078,0.43383366690582,0.436768753972597
6299,0.0934852448429356,0.0229189697817471,0.308239330835632,0.381477349563213
6300,0.0847923583891064,0.0314407502104822,0.235275889528637,0.408010843287195
6301,0.10090554879858,0.0291040415306491,0.232445806466591,0.607850460574964
6302,0.0916397317362152,0.0224930319280062,0.442273270162284,0.364308606803495
6303,0.0861626688994526,0.0253575179606423,0.43319303942151,0.560188294282897
6304,0.0816741706908116,0.0134883675337357,0.426460498651003,0.38138781549774
6305,0.0801622270854809,0.041002876189705,0.436854646418197,0.755765102346216
6306,0.110089141030307,0.0294250383113954,0.423516702918863,0.712774258379471
6307,0.0916894119564006,0.0440392422357771,0.446053653722408,0.705898556514229
6308,0.0899035051218977,0.0276707897017097,0.422370092318063,0.520739283343402
6309,0.0926937095545588,0.0319981142934742,0.43328835940488,0.497610274195451
6310,0.0810709636655324,0.0265221234993602,0.407484112229679,0.520222114094593
6311,0.0815129535964763,0.0261021860927602,0.443131204244906,0.420436562753997
6312,0.0854181458863352,0.0399269092471799,0.437291492505354,0.770085832211287
6313,0.0903922026053974,0.0460016921400087,0.431625527837642,0.628441733183865
6314,0.0757162158556506,0.0369855036687604,0.68821226278269,0.548617038925119
6315,0.0846051077021407,0.0282436107442255,0.697923529758269,0.382676851495992
6316,0.0804837728474313,0.0241716032670853,0.654493681404564,0.316360863170493
6317,0.0678587416452694,0.0329150300277312,0.665149285650653,0.556114242653085
6318,0.0888449199960654,0.030724932737336,0.929814119730664,0.676154099733305
6319,0.0821368028207357,0.0669646204601145,0.912177476190659,0.819451524514745
6320,0.0974474231950488,0.0215086470250778,0.97238521534217,0.492815462232757
6321,0.0719458359868655,0.0439221718066719,0.813912928734589,0.67728762784236
6322,0.0741591223292014,0.0201327401819713,0.77163575615693,0.443242877308224
6323,0.0822012524335829,0.0695816619705131,0.964232622844068,0.852538036591471
6324,0.0898209020341691,0.100953663182902,0.895082815299321,0.849853351137682
6325,0.0781695304153938,0.0254198225244197,0.825214230794484,0.348248295762552
6326,0.086732140635528,0.0463300852691812,0.890626103745304,0.698985252477055
6327,0.0786892912735872,0.0389471066528432,0.959881690632138,0.695061783402813
6328,0.0898004235725819,0.0160792007397537,0.827396685589651,0.462230761933787
6329,0.0892088636828843,0.0231463799927951,0.810720843662787,0.432786035949653
6330,0.098139007705409,0.0384520660914046,0.589237078912921,0.692548846268292
6331,0.089860241371558,0.0642147507660055,0.648392969509733,0.815946351842182
6332,0.0681846726325667,0.128667492806439,0.773063580629599,0.925496784776001
6333,0.0834579012196515,0.0470360053499776,0.751849295558542,0.739737117112364
6334,0.0877394146600777,0.0265670550041391,0.814797381289454,0.567112686680198
6335,0.0845108065053086,0.0259696421013441,0.911703721992311,0.314652681324038
6336,0.0786474477684733,0.0515765473816414,0.688011724084108,0.778870069132281
6337,0.101219736374779,0.0196430493717624,0.694553043803582,0.481994769022036
6338,0.090819167891616,0.0275026676022067,0.885902955868885,0.671428945702185
6339,0.104095391964673,0.0225157609643119,0.600308478984003,0.424685920834574
6340,0.0713093217741417,0.0442134963444987,0.668053583467511,0.588701635915113
6341,0.0833874858689431,0.019245447549527,0.75048813166879,0.182919548548891
6342,0.0870291381008293,0.0259172247709985,0.600628650004318,0.579889905636555
6343,0.0870604461842568,0.0389486604163139,0.856921109124668,0.704659548832291
6344,0.0871548907332776,0.0319852335410954,0.780338466018092,0.705872170476109
6345,0.0809252829990932,0.0794916445314346,0.828079258646959,0.781018293789278
6346,0.0839417813036111,0.0262270653624868,0.739252269024562,0.58006517443391
6347,0.0774400476568982,0.0259188699830704,0.835940601323907,0.360123335407201
6348,0.0781333114416361,0.0271597043536693,0.686352892075348,0.455103424550178
6349,0.0798986252085918,0.0268299385141131,0.841857303680723,0.485441024180513
6350,0.0923866656299115,0.0301524987851351,0.858976060108661,0.441857747846406
6351,0.0997721174721603,0.0251310833530403,0.90292212576064,0.546849623180206
6352,0.0782128591814754,0.042948273486603,0.779645093920213,0.430828891659634
6353,0.0732196622169664,0.0295181557376823,0.798979167034062,0.457724791100709
6354,0.0762509466549625,0.0308133639076527,0.887964489519912,0.47435817490744
6355,0.072029923640779,0.0586680737254415,0.843411513305976,0.764329574335081
6356,0.0834040551820864,0.150496444594414,0.798114977289618,0.912724182325275
6357,0.0887580578865864,0.0587717206320142,0.740353622095129,0.710969668744292
6358,0.0820276261846904,0.033747442503227,0.492650849686835,0.40276676186572
6359,0.0872430466897476,0.0254871973944431,0.581274733168691,0.599237941582971
6360,0.079746693607183,0.0568802001336298,0.764552192700194,0.810147561912179
6361,0.0875555025555462,0.0298764791659234,0.861426701284262,0.585924353887982
6362,0.0759089080702105,0.0283032189608939,0.766378697363789,0.514047948829891
6363,0.0761333187454252,0.029801543279909,0.774536332591666,0.315704871479507
6364,0.0839665644808018,0.0313769273069504,0.802437206843127,0.410851777793435
6365,0.07927563283739,0.0241647361999956,0.812387103700398,0.428401406849311
6366,0.0744014946591257,0.0136952554847937,0.584601047280483,0.277811540317865
6367,0.0815352244008718,0.0471759479216295,0.43677859470974,0.705106146460799
6368,0.0999471895910876,0.0593172315139649,0.403453765123506,0.800863418635811
6369,0.094826686195611,0.014054857800316,0.44757170971728,0.654641139630865
6370,0.0927977742812797,0.0238184803465842,0.433537772080442,0.591093753688251
6371,0.0942843091351862,0.0534241752328529,0.433258716487738,0.832192305702989
6372,0.0952782631238783,0.0642975895077551,0.430459573226084,0.837851156187063
6373,0.100161033990063,0.0655878394967981,0.441136653049125,0.84552921380274
6374,0.0938996898560737,0.0552348862713982,0.432472843962501,0.781298527363621
6375,0.0939597879618113,0.0357810106980005,0.428180827824731,0.650668269592156
6376,0.0944256590193361,0.0192777544498259,0.43148825397627,0.515798693604614
6377,0.100826034966466,0.0223193852525113,0.445051551713835,0.688040045651954
6378,0.0862708517082267,0.0214772041851111,0.439596654010199,0.605441951014561
6379,0.0856338670391643,0.0292232393276889,0.431698626433374,0.614449576325349
6380,0.103297844846342,0.0209075956248197,0.308027769006887,0.439431301410969
6381,0.0642535499292845,0.0582413160849224,0.412068494748684,0.504809848472747
6382,0.0979905153965874,0.0215126124767409,0.39976173243085,0.411814839823259
6383,0.0802626162916248,0.0398783903973708,0.449818364313245,0.650988764422515
6384,0.0935187564737085,0.0371812970616704,0.383264063792236,0.644628793204691
6385,0.0994949052643209,0.0238177830563563,0.422205899114037,0.456779705838604
6386,0.102180362578941,0.0481008927623568,0.457948470171449,0.710965475199166
6387,0.0954121310929609,0.0247362185787021,0.392242065739666,0.562327502976217
6388,0.0845959106467853,0.0252937235918948,0.375564866394612,0.52502961379759
6389,0.0907898371805065,0.031540641071208,0.43691282210871,0.563848179792308
6390,0.0926177356806322,0.03082893629637,0.433256935877238,0.671157215745322
6391,0.103701008395797,0.0227854194825067,0.436034948566077,0.560417254385524
6392,0.0921124693128456,0.0299141842305876,0.440899038837891,0.475774256158318
6393,0.0773228970993115,0.0616454991906821,0.429959905340735,0.653290773550393
6394,0.082171081493322,0.0366936958587757,0.389493140697047,0.430998876376274
6395,0.0783338092462691,0.0279953451781569,0.423528606410671,0.425666632989647
6396,0.072568867069462,0.0377462647821916,0.442619070117233,0.673295704558794
6397,0.0860244647910494,0.0576399037642784,0.439508464212255,0.774508977709857
6398,0.0961445280091902,0.0379078522889639,0.424251457157677,0.678940647309164
6399,0.10851089225022,0.0182083629333291,0.445173832100832,0.567926212819319
6400,0.0807853987421362,0.065515537764573,0.428654867989849,0.783822219897486
6401,0.0989501560267845,0.0478280525355875,0.447415510140716,0.776307044367213
6402,0.092203459808495,0.0783303927742495,0.523366139853427,0.800913529075995
6403,0.0887136575887086,0.0418799696932788,0.633949120011494,0.671365229470144
6404,0.0888083363026912,0.0338383036893261,0.503936351328427,0.579188542900479
6405,0.0946731633490434,0.0307113426292138,0.436951688744247,0.497758331122622
6406,0.0893158036286356,0.0247547252953941,0.42967761067231,0.427600097720882
6407,0.0900627685798498,0.0432989008396939,0.435747418093811,0.7423619590118
6408,0.0902385667919268,0.038381738510827,0.441796006991843,0.524101255516195
6409,0.0955239288032144,0.0238520410189241,0.545059991176325,0.571406050921259
6410,0.081573222629779,0.0577003846302633,0.569015438606337,0.72430375673597
6411,0.0684752531022953,0.0528384332063382,0.501920430229727,0.66833285656811
6412,0.0838513440193894,0.0290676235156501,0.594894314813876,0.494952242817758
6413,0.0824771092715096,0.0274961261474348,0.860384995965068,0.513004766909972
6414,0.0883197034124739,0.0703617026772515,0.714255243127244,0.801356862484319
6415,0.0879834193821095,0.0308324738828923,0.667227495295504,0.622823399820873
6416,0.0881539112631169,0.020582718135135,0.899814660874373,0.495303072737629
6417,0.080452985283086,0.0489363268292084,0.86542967253826,0.791989299928945
6418,0.0698312653689683,0.0828211701275,0.704568192308431,0.817667158734419
6419,0.088742844432739,0.0713219172469817,0.591503138996883,0.805147690923443
6420,0.0921273081504157,0.0634145914059624,0.86911908474686,0.836217378143045
6421,0.0882323944155701,0.0868143050875628,0.931085070291774,0.842408982616903
6422,0.0860313439879463,0.0266633903369337,0.871108130615496,0.564467161995343
6423,0.0911890010028215,0.0192116409836971,0.823933196097048,0.187397882418877
6424,0.084280626668645,0.0337084088867005,0.911873334612633,0.477612640150363
6425,0.0754283051032839,0.0344643148126863,0.562445043476447,0.626617400293545
6426,0.082545198082144,0.105751244214015,0.726043456046466,0.897490537195554
6427,0.0800928015135521,0.0650343691366445,0.594240356004124,0.746997150253671
6428,0.0811426154717785,0.0268349950165017,0.674998174992561,0.513083999353334
6429,0.0812770609311791,0.0319175644765597,0.781421274044291,0.570950084708359
6430,0.0847322331213519,0.0225113427572373,0.6799022431426,0.469975083495715
6431,0.0856337950419141,0.0248426541652567,0.663071371383733,0.31623472943232
6432,0.0667312224330846,0.0253583049965811,0.699485812659488,0.455245474315167
6433,0.0933433637506032,0.0239646376085807,0.517878482837441,0.27373941070316
6434,0.0897995685862103,0.0194969111986991,0.399077585613847,0.363133580441013
6435,0.0726665729072352,0.016250785231357,0.446993326359968,0.334311634890907
6436,0.0680585528085501,0.0185178148962926,0.589444255428326,0.349044072921474
6437,0.0875729635418442,0.0152012938446571,0.897008154675243,0.428786751868818
6438,0.0758516340154039,0.0341072558108942,0.894353919229427,0.526296086985239
6439,0.0910733184752059,0.0444354682765543,0.807562213374319,0.662655432384857
6440,0.0738095037221036,0.0313873721248953,0.817740461828656,0.483958088476667
6441,0.090193181724419,0.0311642848673638,0.758536288847319,0.646839568991114
6442,0.0803419961122654,0.0376214037866238,0.759850305599247,0.69485656968344
6443,0.0787258377184908,0.0203849145200174,0.898175495397907,0.489186171883073
6444,0.0858034283320012,0.0359525387219885,0.545542503005588,0.621474354676829
6445,0.0660620820728269,0.0710517210517118,0.647526993294452,0.800138291695064
6446,0.0800827786444839,0.0222322760175587,0.632340415181491,0.437202586955523
6447,0.0807355004404602,0.0439824921908149,0.808208510201541,0.673944421896598
6448,0.0797928105605704,0.0252783817005447,0.858405985221811,0.579121723585392
6449,0.0761772176008176,0.0540027741085624,0.765383044438029,0.750296098277598
6450,0.0809571269463408,0.0560714376988882,0.719350903801696,0.776323651616109
6451,0.0871011897529427,0.0492312528379083,0.563857328931068,0.746242236714299
6452,0.0871200411052021,0.187102405616214,0.668673837805901,0.929383239681567
6453,0.0993724142097584,0.115427225557668,0.67305709252527,0.871349047678212
6454,0.110384511474538,0.0690368109442828,0.566465586416223,0.803083217973787
6455,0.0991517832196262,0.0598694082507944,0.580570962555328,0.755791460937922
6456,0.0700977160458902,0.0562472896149508,0.635648468808644,0.726520181395916
6457,0.0865315528829185,0.0555048678269035,0.582794111162071,0.804081925641018
6458,0.0833824808179912,0.0527297957056068,0.457055101961556,0.79843330767283
6459,0.0949369946340388,0.065883371737408,0.436650644907285,0.774003815908483
6460,0.0949009557660712,0.0224728487453957,0.446428731055223,0.524853793034005
6461,0.0775024579878758,0.0259057894160525,0.437185160044119,0.439076773425012
6462,0.0988210601007349,0.039101084945599,0.444743363812394,0.653015468272535
6463,0.0925186267364691,0.0422555131576078,0.446041505071862,0.715439462668858
6464,0.0932749718350505,0.0301339331386089,0.425609388638514,0.582170682415926
6465,0.0825054344563012,0.0478848125459131,0.543232825749933,0.69699611049034
6466,0.089986384849356,0.0218709584486874,0.440963679811876,0.592804542697945
6467,0.0889667716993321,0.0311420035951769,0.332189419510205,0.572354542541068
6468,0.0976987905117569,0.019690015631765,0.48001293075601,0.324788708258454
6469,0.0901716412760013,0.0223443739535521,0.442667880732765,0.428476826589394
6470,0.10081585751078,0.0240478142235694,0.447452563447953,0.46634898919907
6471,0.0967169039132661,0.0173547832123163,0.447080428749687,0.543434919791753
6472,0.0975376151917373,0.0364777498577994,0.446258814327033,0.652309184150086
6473,0.0932809666116291,0.0285431534675247,0.441503860497236,0.484557424622917
6474,0.0831564745193154,0.0255844728598004,0.42785569301455,0.50095790317031
6475,0.0782415595078775,0.0325899622098625,0.428638502548895,0.381839952328536
6476,0.102489971135075,0.0241053855263405,0.552397114728227,0.355661561898912
6477,0.0854185107946606,0.0240707787679889,0.440604857107668,0.56408198967457
6478,0.0876022409964029,0.0262511842310538,0.340352617889876,0.335769251797837
6479,0.0888529967287599,0.0252454299690816,0.44561169555608,0.633767073156134
6480,0.0860861798388894,0.0233315485367199,0.445929770163249,0.366821528933515
6481,0.0750836316588753,0.0315873609670702,0.428745316330843,0.516282850695466
6482,0.0878273874340294,0.0266495476431489,0.351254820580059,0.285795456758648
6483,0.0861194562279222,0.0221020187199319,0.338707747947615,0.474269588975135
6484,0.0859067943247202,0.0404044143020005,0.441132431854702,0.699319195419657
6485,0.102914709402052,0.0542966341372932,0.426677830317683,0.678643699813365
6486,0.079299756595618,0.0231952637359269,0.401232496260601,0.295981835106593
6487,0.0830565240572716,0.0544245734929074,0.410773271740963,0.740317004439232
6488,0.097708892193043,0.0264932715484569,0.41163729671898,0.450746313627457
6489,0.0919752655377864,0.0293870109719848,0.42459813730053,0.505755666311755
6490,0.10784814329736,0.0225380896468818,0.446957786193706,0.403667337380937
6491,0.108151222115991,0.0871697955710864,0.422251127849846,0.871868609614034
6492,0.0965240387430909,0.0419184842404051,0.427733003644794,0.702511525752092
6493,0.094361905431088,0.0513739889152868,0.434751096336267,0.7345678517668
6494,0.0936481959270502,0.124964959454858,0.383045333661592,0.903143550961692
6495,0.0886249374962736,0.334441036474825,0.440223599036497,0.953579803619261
6496,0.0992466622806974,0.202110373023814,0.428989557856172,0.938081147666169
6497,0.0988783067038263,0.0598308490119284,0.446269089138135,0.862527789349027
6498,0.0992044508677064,0.0534666796912639,0.426725786349867,0.812043497893573
6499,0.0876562186790903,0.0691344740968193,0.432758765228839,0.629817191011008
6500,0.0951831762796652,0.0167999330661855,0.430653538235505,0.463105053861329
6501,0.0827864944410608,0.0282834244163426,0.58521798583253,0.584336664684308
6502,0.063297992310257,0.0482835430976732,0.579852709925388,0.59325306918295
6503,0.0918411676096382,0.0669280676935029,0.612355111708642,0.736549152280278
6504,0.106740670450897,0.0457500924779364,0.549053708005563,0.691058784699635
6505,0.0913812532718766,0.0200222051254664,0.433923502618691,0.518461386393813
6506,0.0895632456973222,0.0456712056849078,0.4420220052657,0.553845267354498
6507,0.111458045855424,0.0266739277623094,0.431898821025655,0.614247768454832
6508,0.0914930832405823,0.0270212514613807,0.330958395133798,0.477018642464301
6509,0.100641604934143,0.0435924930338518,0.435764124230233,0.73852025912937
6510,0.0979164902956448,0.0267072998588129,0.404808934830702,0.615342150413675
6511,0.0863499360108276,0.0184615412185927,0.42942390731066,0.451001753701302
6512,0.101710365427152,0.0285703340566977,0.429395523610359,0.533606258660726
6513,0.0875184120697578,0.0238685030102504,0.3796574912007,0.602940914800614
6514,0.0805949414418135,0.0364214733162673,0.437947514343248,0.57897548289248
6515,0.0836352106877789,0.0250448150747335,0.4423092411704,0.427502823363128
6516,0.0840725508497757,0.0261412569759991,0.425746601765087,0.481161987261966
6517,0.0879171095393779,0.0273154627680427,0.43422437109507,0.410030394833051
6518,0.101041547471845,0.0265318242471227,0.437478403120396,0.622379480171289
6519,0.0761899757224392,0.0201762748181187,0.441077855258703,0.572409904705933
6520,0.0921535983250165,0.0726007747449705,0.444069056518346,0.779635359132783
6521,0.0968353701866682,0.0531242926424344,0.426721971139787,0.815737369260578
6522,0.0944338207384383,0.0455352701843351,0.4446912700888,0.720184581664417
6523,0.0946503332936766,0.0475210190992662,0.351642729415494,0.724017445688403
6524,0.0842570484930651,0.0221707018608811,0.363903486793189,0.388036786655048
6525,0.0957294700856512,0.0420520696693602,0.431291270897423,0.719464167102298
6526,0.0849034154131235,0.0231936054352527,0.362021826038633,0.417934205610847
6527,0.0861034377128574,0.0216479149995538,0.440673518051741,0.38834637787928
6528,0.0755472089945564,0.0218308378578216,0.50751649417902,0.240457069134516
6529,0.0889867471175753,0.0267156386391893,0.455758625136537,0.602010023751749
6530,0.0972422110328791,0.0331755338588439,0.443419422151647,0.653889424287025
6531,0.0917037396903731,0.0169867516585454,0.402202789990415,0.328443388122363
6532,0.0919591437684306,0.0213130397861075,0.422282952522913,0.440190394663112
6533,0.088444264834771,0.0472935437182308,0.436682590404129,0.731159043997073
6534,0.0914079686740767,0.0302416841876435,0.437926831397974,0.541018233457883
6535,0.0865209879987027,0.0261472526183182,0.439663657144921,0.262723983557001
6536,0.0929512750607812,0.0280022808182091,0.424670250473374,0.666579710772947
6537,0.111768684388486,0.0515968531499956,0.432313121248327,0.825301052825631
6538,0.101195949295196,0.0154730091470988,0.444437574010711,0.260262803916923
6539,0.0903784694641899,0.026624400394242,0.282589903160623,0.462030985180934
6540,0.0842523471603891,0.0188418054638825,0.443108084260531,0.540302892639003
6541,0.0924886604575268,0.0246187280708649,0.399495770379454,0.492748329720023
6542,0.100979170919109,0.0696499594558751,0.446638581586253,0.773712889703964
6543,0.0981450300057587,0.0268056514885174,0.446989690607725,0.652175151240106
6544,0.0894144383976713,0.0211767488179972,0.381680356902063,0.521046795144384
6545,0.0824049493495197,0.0134474597720182,0.444744423500444,0.361181432103918
6546,0.0935833084774448,0.0207013713616633,0.392427990388079,0.461617873782263
6547,0.089998480893784,0.0335365520036882,0.432452981056576,0.540418194269756
6548,0.0780306945417023,0.0189864278376176,0.402190241095383,0.381901312011568
6549,0.101202310677229,0.0329287380459868,0.443299739913518,0.611641941289454
6550,0.0876690509116252,0.0223174594923858,0.454365344988998,0.556174377275923
6551,0.0868040463332424,0.046619016079221,0.434584020439289,0.52059763873327
6552,0.0789646441839928,0.0302833768192375,0.404027128394552,0.514111671451944
6553,0.0836086164817223,0.0234296188469689,0.433294664052521,0.546834721414039
6554,0.104702013366374,0.018794948780545,0.436770369665855,0.406009832869541
6555,0.0824255313121305,0.0214432738792609,0.437716857864566,0.407681868859716
6556,0.0844788600053185,0.0245468811981015,0.419256287273094,0.390060586855586
6557,0.0914441569981622,0.0332743582318714,0.337316286945366,0.588973520072689
6558,0.0835479710638173,0.0304828888812597,0.423346480026011,0.625380223681469
6559,0.0808363369922109,0.0267981301955155,0.411403667735058,0.555960482424409
6560,0.0927739168674188,0.0373659146294882,0.42907717576366,0.625788163530331
6561,0.0822034180582247,0.0486616909015699,0.494365071766019,0.664611031499576
6562,0.0849590648415194,0.0271058369861634,0.514450123522764,0.407733442635943
6563,0.0679133578765907,0.0271459897831851,0.423090746409455,0.438427132584286
6564,0.0890437409907091,0.0367504730550636,0.430367428376358,0.581405860454938
6565,0.0918380029657202,0.0529305721273457,0.433129951485333,0.756485004889284
6566,0.0991144298188874,0.0275534967232944,0.445363380048066,0.605176746118349
6567,0.0916746022361156,0.0221095766848669,0.441394648688368,0.520530702482643
6568,0.0861606668781576,0.0226312664251018,0.343411549537725,0.307716770182673
6569,0.099618592995861,0.0185275077930124,0.345653786623164,0.316903882404728
6570,0.080976373282209,0.0289527425386397,0.434143930603905,0.494706811923566
6571,0.0832314417235556,0.0288904140761563,0.44546640392238,0.570413945478847
6572,0.10614853444911,0.0277948442772421,0.446099353426794,0.577621164936967
6573,0.0888977711351134,0.0229063125526308,0.424923144701786,0.338599847133024
6574,0.0903616894126895,0.0329007514720485,0.716797866645148,0.556514392676336
6575,0.0820650822701197,0.0165582474773232,0.687372022809507,0.365352268998895
6576,0.0838607149751905,0.0261724003887666,0.885484400725139,0.600688626020195
6577,0.095693580951464,0.116417476118777,0.919170942785139,0.936424495085486
6578,0.0824740980105886,0.136434048217953,0.917693365832116,0.918214953440224
6579,0.0840458059178024,0.0853163348795141,0.740980825930255,0.819811174618512
6580,0.085859217917838,0.0830460414148468,0.769086545296542,0.844798587603886
6581,0.083412564345561,0.0186529157904973,0.936146688795586,0.381453900485192
6582,0.06395341106025,0.0298573724240976,0.850416564825508,0.594185614916222
6583,0.0584208160472041,0.0502292488160254,0.869051843070915,0.768110233645948
6584,0.0824345380974818,0.474134278427454,0.980571489480188,0.978976282877675
6585,0.0877088391872797,0.466537936742978,0.831218196514994,0.971602810858203
6586,0.0808716775625987,0.178841962469049,0.819885404739699,0.938970022557391
6587,0.0851193762956365,0.286796287289849,0.749603803991852,0.946971556571019
6588,0.069331909558433,0.258955245447844,0.855183721038892,0.962016461301673
6589,0.0821645418130984,0.25404633510723,0.888914699140594,0.950780246400269
6590,0.0847470385906849,0.0944359289963509,0.713660382183498,0.90891325838412
6591,0.0832719301822888,0.0405447805257472,0.879364067253837,0.724875528367996
6592,0.0638413604147288,0.0250777375856017,0.815213207534048,0.497395063946379
6593,0.0796840690701972,0.0346622666477637,0.966534282251971,0.47499658080456
6594,0.0906636857937087,0.0266465179802063,0.576191092189888,0.549234966746249
6595,0.0812762881489105,0.0320971197063276,0.717695389238556,0.634425099669412
6596,0.0787955198874156,0.0539181007503676,0.596255630554629,0.700875794362869
6597,0.0767091009877727,0.0713550402607006,0.584541456838836,0.733572469170262
6598,0.0926809784004125,0.0455559322108881,0.45273288910215,0.71435982642705
6599,0.0800226860166312,0.0290501903744076,0.4287985724503,0.59668207963477
6600,0.0933803991933321,0.0235444023785991,0.355861216674594,0.447679751126113
6601,0.0970838675123991,0.021111117956739,0.446351844660206,0.434630539270619
6602,0.10650810801522,0.0284874924461207,0.426617917258826,0.611822281228044
6603,0.0910288153889525,0.0435489573395694,0.427689229464012,0.800791640959848
6604,0.0900432617538154,0.051740761764303,0.436497071614858,0.799455030297656
6605,0.0926454442073623,0.0460534893574146,0.429275769519033,0.718959146358156
6606,0.101136036323372,0.0229813574419005,0.44401878634734,0.482725667340279
6607,0.0980363088584838,0.02953344670126,0.45717910941964,0.592137941583066
6608,0.10615104686822,0.060127468353779,0.4233523841284,0.744135434146035
6609,0.0912464291881551,0.0240676780310495,0.450586388386464,0.680838760261404
6610,0.0921578610190074,0.0280030839608539,0.443447281775569,0.628275905984809
6611,0.109347220085833,0.0404194879358851,0.437096883380996,0.753000457140857
6612,0.10002474924204,0.0456198571461438,0.327872808096336,0.71292083010804
6613,0.0948933102175325,0.0588488856324538,0.441483502255413,0.75318503916184
6614,0.0871574787831588,0.134774897660316,0.444329638940848,0.83276520647726
6615,0.0885176724495551,0.0662880497693031,0.432163414931376,0.7850854073421
6616,0.0758332174867971,0.0767605682715905,0.497063019204741,0.730793111845032
6617,0.10157078830699,0.0601582134894486,0.759130979894226,0.838316033257607
6618,0.0928271875735344,0.19973036778844,0.699585882456062,0.934046267754198
6619,0.0721950801256224,0.247552860738511,0.697374601922957,0.967699625785856
6620,0.0844110642492612,0.333014702162569,0.912949010650648,0.968196494161585
6621,0.0552678419158918,0.218110627862544,0.832787506142166,0.946794934022978
6622,0.0676417757773081,0.0694565469101282,0.8372449888328,0.742397526435383
6623,0.0801481840403935,0.0300365065060418,0.827844780151423,0.605583607554403
6624,0.0666330846575688,0.0166901526946251,0.83350005268262,0.292526932857809
6625,0.0805820105809706,0.0213438053816294,0.770590548425676,0.450079271498104
6626,0.0851646124059586,0.0278017047595627,0.64612725482669,0.430965617379938
6627,0.0774771157468652,0.0341324726750946,0.860905206748039,0.400094563088155
6628,0.0895184561355845,0.0425529885008947,0.79249243056866,0.783295964222533
6629,0.0874431352118768,0.0257580005698805,0.853240151947376,0.642301012602166
6630,0.0858642378828372,0.0309899682973964,0.826216794236401,0.566266606929596
6631,0.0826481625088648,0.0420915648371852,0.473469468548829,0.729024273742676
6632,0.0934237809718841,0.0229867530814557,0.423117712484998,0.392908000152441
6633,0.0735748324610583,0.0168756278609603,0.454466632586975,0.325163345711448
6634,0.067527862910214,0.0193131562218263,0.430447577124506,0.406360396336747
6635,0.0918187433589913,0.0247236139806335,0.43990917636866,0.479235320549418
6636,0.0964883457867931,0.0208810189384395,0.437881583471965,0.728423666119735
6637,0.0852359275346689,0.0726577857202195,0.425624637658497,0.850873813659323
6638,0.106190269875936,0.0510155753219444,0.432373396910236,0.801050071329113
6639,0.0990242405853868,0.0278995219132603,0.492707065810242,0.631347720490326
6640,0.0786710005413789,0.0325410950808787,0.738733098745717,0.597395508462999
6641,0.0900173920079955,0.0302234789261626,0.880018018951171,0.441769970601713
6642,0.0796355325039264,0.0369117653637422,0.89497386491387,0.60352881422799
6643,0.0790565466952576,0.0279497733720874,0.663283931254381,0.320001633544982
6644,0.0835398184909396,0.0345411564739384,0.816577350640781,0.566649342979128
6645,0.0799466569707985,0.0257749587307315,0.71515216312857,0.422114907684545
6646,0.0864221972433274,0.030835317815214,0.72038751462972,0.515344363861468
6647,0.0794223878708336,0.0362691898774178,0.807764828586333,0.535401168791077
6648,0.0717932809975351,0.0172305971977867,0.747479625343027,0.439593309556922
6649,0.0709447369336118,0.0209862208990663,0.638674847276838,0.294676528921928
6650,0.0800876883462161,0.0257525605380782,0.762994117963487,0.5018547818342
6651,0.078616648600162,0.0265349160254242,0.701545238392831,0.658734834455914
6652,0.0870901267543139,0.0404125972197474,0.515170234580102,0.580471263702327
6653,0.0847274892396817,0.0194944287764636,0.603655357255182,0.266035446641874
6654,0.0813083024379593,0.0241339001345356,0.571063008593695,0.562316112500067
6655,0.0775859021274514,0.0414351979385701,0.440928518132743,0.725847541870252
6656,0.107755645869838,0.0251492612424509,0.422885211122775,0.410266105822024
6657,0.072703722387329,0.0589616519002088,0.425017009184756,0.720453005779222
6658,0.111409424636708,0.038729945453168,0.425716319935095,0.737789111956089
6659,0.0919626802564626,0.0307798766315285,0.650013319165285,0.421088183449335
6660,0.0760450893784993,0.0290598833425706,0.624793940342143,0.603627065130046
6661,0.0796190405004407,0.023913963234979,0.722587758003275,0.601237533910826
6662,0.0983131839904126,0.0233517846536866,0.897343735417703,0.542246587220833
6663,0.0830567596809776,0.0360691943136688,0.881608406462697,0.649588785324318
6664,0.0965272581549254,0.0273368973150651,0.715039954924137,0.592333443175001
6665,0.0810082549207536,0.0242588919924508,0.667191327783997,0.423170052086008
6666,0.0722698394848597,0.0185737958124686,0.380000105347389,0.396368854742478
6667,0.0995919513818784,0.0308516982387538,0.438718960808231,0.713801143055618
6668,0.0869735953651137,0.082023985705129,0.426262423326527,0.80884020518318
6669,0.097066500621726,0.0412801031931533,0.436740871295596,0.752385178490118
6670,0.094452450224598,0.0320306952928954,0.451535268913355,0.445518207366608
6671,0.0900604841006141,0.0411684949674826,0.439399849747113,0.470013599748929
6672,0.0938403311758036,0.0375335158336481,0.438381969717856,0.66059093660294
6673,0.0932487782680432,0.020397495821694,0.403296840569085,0.355159163619823
6674,0.0993885059785548,0.0399490607073412,0.381087586706445,0.551240036406432
6675,0.0996631801122892,0.0430918518532456,0.442530042815607,0.753087490208884
6676,0.0943139995893,0.0466144867114195,0.440427147854843,0.738098772304295
6677,0.0857047500942446,0.0701283674759678,0.431357876851731,0.742216421562336
6678,0.080536020751836,0.0299186867701844,0.427066455326704,0.669425170748834
6679,0.0992750556411335,0.0328072533335536,0.438534901730084,0.75479802270055
6680,0.0961653621615012,0.0307100069610128,0.422232378901619,0.744675941013342
6681,0.0973450579735885,0.0198282196152222,0.435805972481659,0.606068975969929
6682,0.104323578353684,0.0221629603297428,0.429975583938806,0.432663778477739
6683,0.0845330370611159,0.0323901159384296,0.444090843859089,0.670921435345427
6684,0.106497948213955,0.0358753984237524,0.431789100445617,0.813497892973969
6685,0.0912899415956557,0.0287139906777746,0.43737473287173,0.626243749441058
6686,0.0868879872847917,0.0482555926545986,0.447234474636026,0.783480876114181
6687,0.0823863931710893,0.0212902740109342,0.319819705853234,0.307097452270031
6688,0.0781014574529921,0.0306596733397816,0.436148604374169,0.499427377255852
6689,0.0802855513807487,0.0212470915008708,0.436821413347164,0.357713926818191
6690,0.0994149257233699,0.0354432009275761,0.428217812361579,0.605206283231128
6691,0.101490807758128,0.0485270549421469,0.430769624322983,0.81512227595421
6692,0.0837805497810277,0.0420186754756652,0.424895636857987,0.631807430567058
6693,0.101118573708265,0.0572389672661146,0.423017131334129,0.793046389605308
6694,0.0830610209443144,0.0413346445871122,0.425354380981556,0.629118991136818
6695,0.113863043070034,0.036382625013244,0.414176361860853,0.535759290198623
6696,0.0913561936047436,0.023266229470482,0.438588767178419,0.373355457066399
6697,0.0965300092635933,0.0269010186751992,0.437771767935775,0.499382734258802
6698,0.0949702183663786,0.0276585407859671,0.445147611170327,0.729530554818366
6699,0.0964158937505535,0.0291207298613508,0.457429981519536,0.632125931593251
6700,0.083623758378814,0.0290554354451074,0.457721509259082,0.550488729004841
6701,0.0872543356640972,0.0159752710132947,0.400211906921872,0.420259307370027
6702,0.0922950668079491,0.0161158208376269,0.3590017698559,0.332552926165483
6703,0.0991383066575719,0.0270220497042628,0.425357084279299,0.623316460793273
6704,0.0975336820268501,0.0299090909173109,0.425204202542332,0.619921715760516
6705,0.0906934147181456,0.0379745541709658,0.442469666746952,0.637690523119348
6706,0.0872496187255443,0.0330075814650122,0.371604027274108,0.305312842828799
6707,0.0911131818853078,0.030055399643363,0.370649030719915,0.44094976778141
6708,0.0802450792460026,0.0346396403403759,0.495362716713541,0.542806543370942
6709,0.0857623997423946,0.0209954276223294,0.667458632731527,0.479803422831593
6710,0.0924645014440331,0.0304826691748891,0.373396283237944,0.595654926010732
6711,0.0903705476218463,0.0425073242724128,0.40923207738274,0.715520422065051
6712,0.0839492049968646,0.0356085756361724,0.430203061168626,0.516958534888948
6713,0.0915183463652444,0.0301529934852153,0.44401683936368,0.51716872043812
6714,0.100404392780479,0.0379829970771196,0.434578824144807,0.702177397184238
6715,0.0766845031496052,0.0296000977002288,0.389162306493617,0.468223062782103
6716,0.0888783259808816,0.0256996333594347,0.429920890913271,0.626066721932983
6717,0.0905365717047846,0.0304085375702576,0.339564848241074,0.492068308058031
6718,0.0908038841199659,0.0234136779686246,0.422634632023056,0.476817781873957
6719,0.0802704407436998,0.0317187019740758,0.401601749767259,0.253882746000175
6720,0.0895554447149366,0.0196362605505678,0.409616783911987,0.446239421948559
6721,0.0910876246374523,0.0306612487607958,0.444715644233293,0.562940884027794
6722,0.0928495623787914,0.0247557010034898,0.437482074206472,0.512639921200209
6723,0.094289013816259,0.0350375498648049,0.431174377235887,0.527945578282244
6724,0.0919900402021175,0.0387817401024816,0.433459666734362,0.662551404606418
6725,0.101875803910336,0.0390435446407122,0.42610335683443,0.63897050205964
6726,0.10508917952676,0.0295972843986194,0.426744151856757,0.628797647677378
6727,0.0903996821562026,0.0595256542807388,0.444918420792458,0.81862558410882
6728,0.0899768963799287,0.0637349221303776,0.443352238920146,0.746535361151334
6729,0.0765924915399456,0.0320730315854183,0.454114594913919,0.412656181541985
6730,0.0978911698679079,0.0451438301816092,0.440520032405308,0.759421965689265
6731,0.0941544662789085,0.0330566595922576,0.392846296045442,0.530483382754788
6732,0.0912012299585594,0.0256241097321603,0.402794372732216,0.53214712877696
6733,0.0956123106574067,0.0133321220131941,0.423132739805142,0.417930460085646
6734,0.0918823772820984,0.0195736427804954,0.447006955497285,0.430878520026673
6735,0.085097996748906,0.029268338843006,0.68276255507607,0.452691485835679
6736,0.0654033135282069,0.0267488857292353,0.632421029613315,0.47529280708814
6737,0.0846824235499655,0.0240543695671633,0.619087744400749,0.458437440062263
6738,0.0851015529521094,0.0553416908885644,0.663531831956114,0.217404413939088
6739,0.0930715658903549,0.0507774806268015,0.499512847231892,0.67854118094275
6740,0.069044306994125,0.030568469254201,0.547174880088589,0.4951312511054
6741,0.104894531791572,0.0328877214308256,0.428238999950581,0.63019124795835
6742,0.0977184199177425,0.0300690832939071,0.428216027816057,0.617422444755214
6743,0.0954330563126857,0.159972173224653,0.445281332275929,0.926472175694362
6744,0.0972401770496339,0.0665078317812851,0.436880958607731,0.835630578667036
6745,0.0977473293831312,0.0448315823024094,0.434758950181263,0.707891709648368
6746,0.123103588992617,0.0515831066756924,0.422746706834291,0.821389349822233
6747,0.103459757041439,0.0835039515484846,0.445441078686971,0.871924125528864
6748,0.0968618868367827,0.0886738578193453,0.437953589996484,0.884684715936078
6749,0.0958794542302628,0.0344188447181483,0.440976291141937,0.582938272649239
6750,0.0917512254957625,0.0336032510618477,0.423123047224593,0.605612132680201
6751,0.0988180688860906,0.0376105575957662,0.43327548600124,0.685646775361401
6752,0.0946843204271716,0.0581070336369775,0.430282986808546,0.826521222511627
6753,0.0848798544666254,0.11497278584669,0.433131877379846,0.900786132309635
6754,0.106747591205816,0.0751667286045299,0.442381291946433,0.846028771449893
6755,0.0885855101619228,0.0936628498371085,0.434691213964537,0.887787911575779
6756,0.0929554024829858,0.124259190702597,0.42886684362641,0.920243523626175
6757,0.096633326496278,0.0542255434177751,0.433715404278835,0.765296925851384
6758,0.0851049590431728,0.0194990155643096,0.405434738048861,0.196584223642239
6759,0.0944800373915232,0.0398982247465373,0.44085968036971,0.747958215262212
6760,0.0977695808970563,0.0422083301408771,0.431381711472422,0.718445525949863
6761,0.0888714645534573,0.0374044853125379,0.441178428430321,0.547718361261239
6762,0.0761024783008645,0.0487503327121225,0.443976743179239,0.6883210917544
6763,0.0905953531668576,0.0244067613691089,0.453681326563676,0.60966525909646
6764,0.0990208172287677,0.0247670177382788,0.332733522838692,0.546736407679802
6765,0.0876992762357136,0.0350139330115323,0.431684903435153,0.497115374484055
6766,0.0900116507562286,0.0187221368547522,0.435584603547361,0.569688412020831
6767,0.1067299896241,0.0290770732578642,0.429585130504998,0.794699346306928
6768,0.0819293779115537,0.035323801083814,0.438141775585199,0.638117872987384
6769,0.103352786962574,0.0248840650927849,0.435083796761692,0.615371659774462
6770,0.0900051153981265,0.0279340634804247,0.434940520628235,0.402343465875483
6771,0.0971400972106658,0.0218597427968128,0.446570102749777,0.385089260953956
6772,0.0773429362898451,0.0160662772947259,0.426177367948661,0.494216836252179
6773,0.0952712251645664,0.0241297805154132,0.432925593435384,0.590334005601375
6774,0.0971915983818813,0.0236742237961554,0.441789019351135,0.477069235613334
6775,0.0958607452327345,0.0590686071031607,0.361268710521692,0.697106699911669
6776,0.0967874003670863,0.0281710808936949,0.35001923861905,0.517328775313782
6777,0.0889769619441778,0.0164606468482977,0.414482727814975,0.514325075348471
6778,0.0985163340110825,0.03271723196948,0.434938767255998,0.632317067335139
6779,0.0855149521316408,0.0384396401249012,0.441316511953971,0.736648066471709
6780,0.0763124598102536,0.0142147466377033,0.386459265493691,0.388842487406254
6781,0.104572531362015,0.0381815803416588,0.439560990265762,0.70075670499248
6782,0.0919628405708887,0.0421183197866442,0.433913213025374,0.717606635371391
6783,0.0685170599866402,0.0550446447958603,0.42317214294582,0.766318607045958
6784,0.104686529644586,0.0377921748130483,0.285371652464651,0.455127419938882
6785,0.0924154013783809,0.0302146153374017,0.444204735622214,0.586974046728907
6786,0.0841963718511003,0.0326746207828219,0.443738274687109,0.52003299309858
6787,0.0962464297296231,0.0335818998208963,0.447142399508297,0.71527750592447
6788,0.0906197417863016,0.0243618696650201,0.440798510951979,0.604658422484711
6789,0.079536967354953,0.0194496513747512,0.42404718536616,0.381598621086146
6790,0.0782401666670685,0.021549260383609,0.430756238665872,0.456061481720598
6791,0.0734205028244059,0.0416263967258891,0.583995284534319,0.612535312486142
6792,0.0942432404869657,0.101312137953701,0.771528540648123,0.915535448881976
6793,0.0895107080354967,0.0320964724070988,0.721612659828349,0.619387596312203
6794,0.0783075107647855,0.0782072593329099,0.44420294140264,0.848762776066101
6795,0.107411802412656,0.0314287771303852,0.423496971938899,0.708771616692896
6796,0.0878501365148713,0.116934908487237,0.441220216711879,0.879746684856574
6797,0.0890471824128433,0.0361097034044606,0.441739476158171,0.647220107491179
6798,0.088485443186123,0.0358399017124472,0.44495915966103,0.637273907521115
6799,0.097026450536679,0.0313743388119872,0.306620374898613,0.514064243339592
6800,0.0957369356155824,0.0329982727074855,0.310852163723247,0.559990093154131
6801,0.0966618145123724,0.0392792054893011,0.422122140811688,0.518479498392499
6802,0.0830625886145126,0.0237665733066531,0.43590457788042,0.421522839729395
6803,0.100756458615628,0.034210484726048,0.437303866022446,0.610091096707204
6804,0.10468010487206,0.0278528958137117,0.437053230515618,0.505920802613253
6805,0.105140479869049,0.0263313177718277,0.430126794804057,0.585344938270103
6806,0.0849010586432545,0.0246789704886014,0.42777348276329,0.586596646362216
6807,0.0818588120612779,0.0163154019916622,0.431867105438151,0.419407544957597
6808,0.0916645932429592,0.0258139256016202,0.441492645248093,0.461443447593227
6809,0.0859293297960039,0.0211825774958747,0.44451281877432,0.42516232157754
6810,0.0957362555919918,0.0219480158339301,0.396448503144807,0.505597137909285
6811,0.087990815017102,0.0217217562866195,0.342194930224208,0.373168236639492
6812,0.0784985738620823,0.0314938247268397,0.252377691940462,0.369306525462278
6813,0.0979230502008639,0.0172925686911462,0.341948062979254,0.360892179750549
6814,0.0978357629507878,0.0284178241021298,0.340615718453333,0.34467789650492
6815,0.0765146289483353,0.0313606775003343,0.425111808993356,0.735538733164651
6816,0.081216764585924,0.0151466731443982,0.302745582390261,0.248149591414707
6817,0.107277540359242,0.0256769310599163,0.321095974580878,0.332414411127761
6818,0.0842202891038792,0.0147930454728264,0.421049383270729,0.382983705737494
6819,0.0819821516999168,0.0340244171788499,0.439978109158614,0.614918111773215
6820,0.0873654321351432,0.0470498416803709,0.429745791281259,0.778371362672692
6821,0.108907855981535,0.0446914234483226,0.433273279760785,0.750369804638825
6822,0.0983700032086394,0.0220221215156815,0.427747755280192,0.532925805132487
6823,0.0823532543576628,0.0203669009146564,0.698446372420446,0.318434893999849
6824,0.0886719790530349,0.0594176769780384,0.828168703854811,0.819904677581201
6825,0.0884155165603698,0.0240914749592523,0.635941772468768,0.384199606688392
6826,0.0913097243766837,0.0382706902864282,0.655730149280658,0.52464093829565
6827,0.0767200258481275,0.0293332305900182,0.587504980089073,0.412156891748946
6828,0.075628910806698,0.0261309272969047,0.767906020465808,0.424273421806228
6829,0.0802702550726385,0.0222047745350875,0.484118837050382,0.283890315745465
6830,0.0866323623194222,0.0323587466786578,0.439473160992972,0.655097470006597
6831,0.0840115779434823,0.0338017892201957,0.437793042428822,0.657433293540888
6832,0.0818107114950581,0.0227520559839763,0.342690950260978,0.276965269729716
6833,0.0892771069220024,0.0260974750278282,0.429283267319306,0.617582354677927
6834,0.101961438623684,0.0436076575527057,0.4369608343218,0.62691758133296
6835,0.097873272400811,0.0263708429076356,0.422808525852776,0.399510410987528
6836,0.092189017602869,0.0255388706100419,0.360581169697666,0.582581436898016
6837,0.0881095878481371,0.0188528850930954,0.446751216511424,0.48633448961834
6838,0.0948555959167472,0.0571373926497724,0.444464469872199,0.765382298023704
6839,0.0947321678591437,0.0373925882005178,0.433017662959223,0.721989595997326
6840,0.0966465297441996,0.0326196737766958,0.394364922455599,0.628113400143399
6841,0.0731599688450372,0.0225658422775792,0.436775551315759,0.635925419795478
6842,0.0886706456093645,0.0593228835407398,0.437066099951492,0.731048303325148
6843,0.0910846875413282,0.0219030466563341,0.443022114272463,0.521087929669146
6844,0.0930457144263848,0.0245409650747551,0.446463581364585,0.456469589896411
6845,0.0896948082217982,0.0192652299407622,0.393235125403189,0.433003190733261
6846,0.0780269330678936,0.0219161675143522,0.242645657290728,0.275389124417589
6847,0.0822594083099639,0.0179337670820977,0.217935227871453,0.290649503142676
6848,0.0903449118951297,0.0162228187937898,0.432598295961501,0.356562807799097
6849,0.0976736307860738,0.0267241918699297,0.441434440821048,0.621429616292252
6850,0.093525867618229,0.0248374716099368,0.426590771725511,0.526396245922056
6851,0.0898475768430155,0.0246858772908177,0.42402155650131,0.491047190513677
6852,0.093316380623176,0.0215790098694514,0.354853158940602,0.421068229211531
6853,0.0968620570489208,0.025018892037832,0.431437451063141,0.446389179945229
6854,0.0810825242399868,0.0474309398716883,0.43751208016473,0.621620128347511
6855,0.0755675148951332,0.0206595632815747,0.413781360423495,0.546220042297705
6856,0.0760472233732539,0.023533980534161,0.64189832253335,0.490121487276679
6857,0.0963006099921686,0.0186114464896423,0.585915212064548,0.325450679527358
6858,0.0842120466883791,0.0312556721713382,0.688806266092124,0.529659085313921
6859,0.0930092191368843,0.0188150056375104,0.824907854373111,0.334637903838142
6860,0.070145705261937,0.0949518448321335,0.782773150829228,0.877700034179459
6861,0.0870371886135224,0.0507178960242046,0.864136641069142,0.814646205140924
6862,0.0880640824422477,0.0222379081184503,0.799054582708594,0.495454044370155
6863,0.0947619341933562,0.0241196258809695,0.975686378423948,0.53867476798475
6864,0.0891551114746654,0.0228472867254845,0.843537620925993,0.578472952808639
6865,0.0783042870698746,0.0188222761549873,0.919999093213698,0.463423464612504
6866,0.0853335557940197,0.0292124284696002,0.836396470337059,0.606173209122647
6867,0.0678655210244642,0.0574151291179411,0.952985536070647,0.650250981459253
6868,0.0811287458182867,0.0220043247793166,0.90721111380135,0.41586870525081
6869,0.0734309406395762,0.0208371244345425,0.870964621868007,0.594444937329871
6870,0.0791500860402156,0.0309220681785737,0.803433000632006,0.650780621006623
6871,0.0934734897622691,0.0258553334344054,0.951943650789345,0.516401572595664
6872,0.0909634293368177,0.0299891932966163,0.983501804357127,0.575555377371426
6873,0.0727114007027312,0.0226560585224213,0.896216457000418,0.321719996832498
6874,0.0830495461454478,0.0206259232187559,0.92215712591348,0.304919685004559
6875,0.0912689402185991,0.0309099810407412,0.964177145782948,0.489875125719326
6876,0.0864405795528499,0.028163782963012,0.746364213530956,0.544805423766603
6877,0.0838556025261377,0.035389943721004,0.704149317499702,0.661293783082387
6878,0.0783749565989902,0.0237340833093031,0.836942528378077,0.266560377910142
6879,0.0800098167104873,0.0198842158179509,0.891065451866526,0.517405115920777
6880,0.089218712816869,0.0364518237059207,0.885004514894239,0.637223926533674
6881,0.0701178810174956,0.0445568817403635,0.876040382492704,0.538759139055531
6882,0.0774259399164136,0.0467061204532418,0.861450270175099,0.708259363786864
6883,0.0830975759900628,0.0351575164916984,0.70016408152891,0.670919994940705
6884,0.0804107255093015,0.0456759376953157,0.558739588332311,0.609345154976809
6885,0.0839275144294677,0.0338687649820502,0.621536804097055,0.671310854995159
6886,0.0973028506180219,0.0347514419905554,0.862632177408601,0.735156006524532
6887,0.0992143392982331,0.0245620440312801,0.700403779776629,0.370700547581194
6888,0.0936365730709221,0.0282894653271019,0.847030222942566,0.508623254609648
6889,0.0829897327054432,0.0216751276024003,0.981481741938198,0.272186832583165
6890,0.0867496644785009,0.0335212590354876,0.934641323662865,0.622074662405808
6891,0.0861230139166243,0.0290030098973901,0.980995543474461,0.436686611472154
6892,0.0707410554416065,0.0377316165524583,0.827278187494616,0.463560657335692
6893,0.0775118824494944,0.0209592072870029,0.872804806458969,0.354000246563492
6894,0.0841850107983793,0.0274513781001046,0.682057777589915,0.453125598430491
6895,0.0821495213112677,0.0661163377764408,0.674561234124104,0.74106324156572
6896,0.0944299462680238,0.12850983273347,0.586690553798849,0.903948762488345
6897,0.095415809153022,0.223660137612558,0.728141908262729,0.946068685087452
6898,0.0779471447894626,0.128620587351966,0.678560555913302,0.915165452781584
6899,0.0694979328533946,0.100241747433634,0.595265901820665,0.843067136100586
6900,0.0915194462322989,0.0245832815705933,0.544305916690026,0.464788245319017
6901,0.0896225073130301,0.052381070831853,0.751072894837602,0.719549945117896
6902,0.0830990242112503,0.0442215389714726,0.952801118994748,0.451413606086667
6903,0.0779444895962053,0.0322190486103473,0.676594876089706,0.475815472272269
6904,0.0880740612027373,0.0504125412683188,0.603121864643323,0.661320704442449
6905,0.0800301357436686,0.0245292949498033,0.826832389052471,0.478235798858237
6906,0.0715781443255489,0.0215258781636044,0.916875147217284,0.553721550084762
6907,0.0824235208405954,0.0290629141273616,0.871852333654573,0.626463821090878
6908,0.0749825303920017,0.0229354057988194,0.632438145117897,0.464740179895253
6909,0.0839912838459464,0.0278824525200918,0.562655796697908,0.508863225217846
6910,0.0716666693302579,0.0218868748671845,0.676339289675834,0.485228404425183
6911,0.0969777188554473,0.0293539363898707,0.768184151127028,0.555505956379871
6912,0.0873665171456001,0.0235620625683984,0.890766437680119,0.389534431756151
6913,0.0839588165654328,0.0259876878178691,0.887433265115249,0.447156892417516
6914,0.0772909153429064,0.0176401880370156,0.900529730705699,0.185255635430781
6915,0.078132134395045,0.0245656234209943,0.942965990563351,0.256993779249193
6916,0.0839847454213214,0.0218668239760641,0.708000906612494,0.340666672360462
6917,0.0866560235972295,0.0377952254705928,0.717592924040641,0.638345835074516
6918,0.0870321107394596,0.0257730873951109,0.74277560760526,0.578408986575999
6919,0.082432446450045,0.0162456653799972,0.795514785066792,0.32212433860175
6920,0.0564326335914071,0.0268265830350858,0.867878408173441,0.415528914436647
6921,0.0889323277183175,0.0552562083693889,0.620669212351718,0.81276340603715
6922,0.0909696686119246,0.0329470734334316,0.679763660093142,0.450302803664525
6923,0.0744291178211452,0.0225306169513034,0.684318756752272,0.337925556518583
6924,0.0841709762534372,0.0302253649526584,0.596938767137494,0.640056213229343
6925,0.0702734877830419,0.0279400386522905,0.641085550685295,0.675341615792831
6926,0.0808547142497037,0.133318254246136,0.612705821509712,0.887146997455486
6927,0.0643919505105963,0.22252706084329,0.67013205774583,0.928492944583413
6928,0.0973517270441968,0.445316381666446,0.581657517437723,0.964508322572044
6929,0.084315156731476,0.0960542577498716,0.650020326095363,0.854056173019054
6930,0.0825344112835414,0.0747138678938774,0.627418820642357,0.860992215572419
6931,0.0970364490131792,0.0300405735515718,0.650678324614146,0.446007293131188
6932,0.0826910315211845,0.040822642501827,0.650476353729641,0.665961778876489
6933,0.0735222977226131,0.023698155323326,0.507685920978448,0.386060697681596
6934,0.0962152983555238,0.0302058478761834,0.434453681658286,0.423094980945951
6935,0.0902574280090171,0.0227577909272169,0.429426364305513,0.527658277359785
6936,0.090611180810717,0.0399224330267313,0.446511588601393,0.674736325466898
6937,0.096616371907217,0.0489149265808571,0.398404552719983,0.643459970403061
6938,0.101123353940874,0.0628641916435853,0.43369666574407,0.81076025758488
6939,0.104207886694211,0.0520539385664637,0.370499679461928,0.605070779406665
6940,0.0977013973070291,0.0193256307812759,0.446679762749105,0.562921564296081
6941,0.0910422204785262,0.0294290339981473,0.429452982680817,0.567400078154768
6942,0.0794337022183825,0.0180662457788542,0.361972797569589,0.325703864985563
6943,0.106071261675745,0.0193368498656215,0.261358635383626,0.329872458946958
6944,0.0912879550619251,0.0173379714666578,0.302529710486932,0.342480585568204
6945,0.0997743523290707,0.0214031437826248,0.350306394012662,0.309355625656796
6946,0.0848038092662282,0.0283307245857005,0.305790203915881,0.458120140685615
6947,0.0878267285405002,0.0350413780193771,0.441717860252399,0.399131676550675
6948,0.087249478915072,0.0312493718652274,0.453738109786035,0.411848369141144
6949,0.0764642721700874,0.0267914379148704,0.38460855442549,0.330043814051544
6950,0.100100226557272,0.0319174784807135,0.422475379040678,0.668605285042517
6951,0.114892011275378,0.0454780972496421,0.435404666557053,0.59895907037085
6952,0.0892062653681716,0.0383981990232917,0.446083399547475,0.739553778465921
6953,0.101708483689189,0.0274342711466786,0.43347954444276,0.616189789113854
6954,0.0980010403466561,0.0290485545095374,0.426206696399562,0.670994848702586
6955,0.100499922336981,0.0352074154530157,0.445782386480089,0.760273359730399
6956,0.0866858000856286,0.0237538290871189,0.441010064507745,0.544858232680445
6957,0.0878929486077969,0.0213548312869884,0.443277862265504,0.420095552448089
6958,0.0986025859821917,0.0474820751129684,0.485856636285246,0.69656227010581
6959,0.0904376219798907,0.0206495352246342,0.427105291963479,0.588551288950917
6960,0.0929546289515494,0.037829710573703,0.288274223792143,0.450489997972452
6961,0.0920113635277103,0.0249755751040337,0.337340046473482,0.546359854005802
6962,0.0938835830331532,0.0295209898486998,0.294183645007614,0.59235975119777
6963,0.0911424867462733,0.0303944183901454,0.441400947384813,0.503379538507812
6964,0.082370346163182,0.045529520191498,0.423337545427794,0.733521074739144
6965,0.0917639633352486,0.0362919786126601,0.425477071224165,0.662673491245434
6966,0.0864227764577412,0.0378928157864558,0.415712374974839,0.604150691083065
6967,0.0957911721318613,0.0247546671648204,0.432572212959986,0.328368775833482
6968,0.0910822504756947,0.0469673609396095,0.447342319252924,0.699474818279161
6969,0.0987603744188793,0.028191205702524,0.442213399678214,0.542666015292726
6970,0.0896890438029506,0.0727026884506352,0.45007150563629,0.696770330276605
6971,0.0828758013154015,0.0805106290533064,0.436451428026003,0.87356916766791
6972,0.103734855588288,0.123475840640791,0.44644428872137,0.910845490838656
6973,0.0981399983643128,0.104954195741931,0.455036176095286,0.873576637207225
6974,0.0873404849862327,0.0224313753403051,0.444531119677369,0.686114354491729
6975,0.101892818660211,0.0193897841451039,0.441705570982608,0.564505993335637
6976,0.0914974362367738,0.0994566776047009,0.441204620021013,0.869347923690563
6977,0.101263938448315,0.0657561048288155,0.447181479846009,0.802694710215457
6978,0.0724797992616327,0.0180241270451862,0.426805349449268,0.385421982064679
6979,0.0949567870185912,0.0283878490940908,0.432400589388393,0.576755096011876
6980,0.0806202135371978,0.0247258229176566,0.442289334344525,0.470468892259069
6981,0.112935127620842,0.0602402788768247,0.441399080537377,0.752318575546499
6982,0.103020729301476,0.0489244295164497,0.431515743762323,0.792056019633184
6983,0.0975718164281425,0.0244497051471169,0.424253755108923,0.522258280680823
6984,0.0907462042767526,0.0220935743579499,0.396395775956362,0.387210919018067
6985,0.0855092103342694,0.0194451828991469,0.359697696969674,0.321370604063446
6986,0.0872859656700635,0.0280316097512986,0.361788542116222,0.529664136607397
6987,0.0957876090111866,0.0195350923446287,0.288465587721149,0.410433959390571
6988,0.0955665008547469,0.0243366374840187,0.298617413565229,0.399075110003179
6989,0.111390589060496,0.0177913413179927,0.32353731803856,0.299039269299986
6990,0.0866444885257089,0.0342940614924794,0.441979684045282,0.687944291090122
6991,0.0919987504929005,0.0247896763316754,0.386020321385051,0.57506774661007
6992,0.102692183673391,0.0463070220663385,0.306890835842281,0.684948274784734
6993,0.093165810086306,0.0343701614498195,0.335452790215906,0.612314705298639
6994,0.099786675630526,0.0249060026715325,0.433240789951611,0.450746921525634
6995,0.0912946889091164,0.0324848643508085,0.439257517974016,0.550075032407623
6996,0.0994552750804639,0.0216206444581881,0.444003953767727,0.496725382397967
6997,0.102855853967604,0.0186585481804948,0.443489906159371,0.332754701940095
6998,0.118537100502614,0.0355511490072873,0.332614964582186,0.598645884822583
6999,0.0919197602017925,0.0259794827042832,0.425441394109882,0.437429040173883
7000,0.0813041341866154,0.0270552730254584,0.42894233253455,0.528009807171516
7001,0.0881679394985662,0.0212823498748982,0.444567260682193,0.608411653740041
7002,0.104073652580624,0.0284365779438753,0.430254251237338,0.612312440523979
7003,0.0940776109673777,0.0340965800972853,0.487203685008884,0.548937651146827
7004,0.104752790717864,0.0229745526228459,0.424592850052292,0.600312615268927
7005,0.0933736206717075,0.0424009548016598,0.451849686342684,0.653618856794884
7006,0.112539032096097,0.0406152414869801,0.489932977603164,0.621791542362186
7007,0.0848358258497511,0.117254422037259,0.604574157214135,0.872977718562134
7008,0.0897860284643407,0.171097053027912,0.710147909651562,0.945919389878091
7009,0.0749545588601617,0.370777970551042,0.681311818703648,0.943365897721881
7010,0.0732113991729916,0.0447236015252404,0.616094038177337,0.669526934308678
7011,0.104047330958504,0.0554511649978521,0.781808512000548,0.773216058816422
7012,0.104975471516541,0.0791238055620775,0.866164343406382,0.861393189819534
7013,0.0777675863260955,0.0326783523270428,0.591831776212089,0.567333745542212
7014,0.0700382040104902,0.0538764756032375,0.756669585434677,0.497584563292028
7015,0.0616305363741442,0.0300198913348215,0.777533056253567,0.233832719489105
7016,0.0717104622742033,0.0506967064632271,0.681389274213161,0.636551432607847
7017,0.0943833508107259,0.018477203161776,0.73592228531466,0.512785088659362
7018,0.0970030590654647,0.0579585928612399,0.879491788286868,0.824687355115578
7019,0.0874040617152544,0.0648179738840563,0.825863931969369,0.788507382151632
7020,0.0730209720145088,0.0453742520470535,0.782344898872029,0.702948504221087
7021,0.0842304200800729,0.0293563008619617,0.893322759378234,0.537773402921223
7022,0.0986867385468735,0.0757475690806814,0.914938784321002,0.81246828731062
7023,0.101786285587865,0.055135591741579,0.812856375524571,0.691509406683818
7024,0.0948382075895927,0.0842645479761727,0.75435581097387,0.873962817237947
7025,0.0807493417688195,0.220810492124363,0.586011408511896,0.908577867431138
7026,0.0833777682442041,0.0906622682871287,0.624378834144478,0.795173288215048
7027,0.0647206143976544,0.0544456221351116,0.643110787710379,0.782702289913449
7028,0.0897298204775421,0.0334636877771953,0.872664980189401,0.717699217443999
7029,0.0802349640301177,0.0485755578072605,0.882258342471646,0.773589107759856
7030,0.0889618550616566,0.0721597736302973,0.672287524015441,0.753435990330146
7031,0.0962379233594277,0.0368199638580715,0.473884040964352,0.577029692801121
7032,0.08236614432568,0.0502344353528917,0.443335798015834,0.727212035190365
7033,0.0907746010681184,0.0541676678993259,0.438380325491521,0.705244566958746
7034,0.0938257058563281,0.076246571762888,0.424427038482256,0.808982650439494
7035,0.107591852791168,0.163288784130092,0.425871880522599,0.931476918213871
7036,0.100396618264858,0.103335090310049,0.442050277309838,0.910397875749385
7037,0.0996043369591195,0.157056925143704,0.424764144867056,0.864817378890654
7038,0.0785691537517634,0.0592681143989006,0.423205438248114,0.717066781120448
7039,0.0858055598935463,0.047936251032409,0.419080497587828,0.693217947189201
7040,0.0840464645167709,0.0447072252796567,0.44750736890953,0.563885031464151
7041,0.087676378388713,0.0251208849899121,0.369919076889452,0.448964656594919
7042,0.0919292416686348,0.0373565191940096,0.308738478266046,0.771452484323438
7043,0.110684892862723,0.0430254101105127,0.444230859840579,0.596794103794163
7044,0.0843703390389503,0.0255361535537903,0.321722374905083,0.417745728891007
7045,0.0897232975600914,0.0212481636338321,0.368800269009893,0.472708021274787
7046,0.105159434115486,0.0257101803292665,0.20318061952886,0.331869753719052
7047,0.0734974114887783,0.0186889975803009,0.00633895134273374,0.135689241722195
7048,0.100377911856129,0.0235503428986666,0.113473494742867,0.376474804949802
7049,0.0849871801149681,0.0276447933367898,0.0465843990019772,0.426320100419475
7050,0.090722910470552,0.0250290191639989,0.0161806903263748,0.39709045355495
7051,0.0837492449900079,0.0188705941228812,0.152550218302251,0.301433072101789
7052,0.0800076414780794,0.0230630841753903,0.136106598935831,0.226001935612024
7053,0.0855175672865198,0.0216564617973884,0.307974070325407,0.311864877742275
7054,0.0841257793295334,0.0255037360300171,0.425576439816221,0.567338504780754
7055,0.0724115795259993,0.0348271296676493,0.457432677578055,0.571223171143428
7056,0.10145110199988,0.0216452251302366,0.439894582461566,0.636618823893593
7057,0.0888144001848392,0.0249331311219339,0.378117841939768,0.476508202443747
7058,0.101992881257643,0.0240391450353085,0.438444433459496,0.645284965897007
7059,0.0956646937025673,0.0208347254268547,0.35891954979043,0.535346131714612
7060,0.0988644090406017,0.0266378705447572,0.433439232091669,0.699759205975465
7061,0.09265528821876,0.0369080063739308,0.445412240582984,0.706005363084137
7062,0.077260182772644,0.0596200697997315,0.444933782231986,0.771393008497017
7063,0.0904777278991001,0.0204626265964642,0.444587881291355,0.546313924550064
7064,0.0933653571170319,0.017390643550782,0.440481758296388,0.455169505951418
7065,0.0818073913697121,0.0601227196202802,0.540518577120666,0.778463463714476
7066,0.0806589096495339,0.0535554242695535,0.674032101697142,0.724956508725035
7067,0.0822744193366092,0.0448908093702088,0.689469557668206,0.695202186323249
7068,0.0822124983197798,0.0666685309965838,0.630076378061703,0.75957674455256
7069,0.0874795444946299,0.0391733967764107,0.561704673236712,0.730911936860052
7070,0.0836643606213431,0.0447744592777321,0.533640853938724,0.596275162263229
7071,0.0644216374303782,0.0545793754827743,0.692581969973211,0.64867848933981
7072,0.0925364035527261,0.0309860347087002,0.926881632475488,0.67055436199648
7073,0.080713017152284,0.0291708061157988,0.605911326372219,0.403085548441441
7074,0.0829933399715566,0.044417078026326,0.432340565027807,0.609954544697204
7075,0.0842983091887208,0.0333693280610234,0.432019451009609,0.650935540660095
7076,0.0963052219491324,0.0375157915317629,0.440199872503345,0.520969786712282
7077,0.109552636987377,0.0367148327169337,0.298720595173438,0.599974502009548
7078,0.103957242886553,0.022534976362058,0.38080964435741,0.443795189251473
7079,0.0927185405401584,0.0306239985946767,0.34619162025094,0.531605293530254
7080,0.0941741894601766,0.0291332907149615,0.42754316890165,0.644265881571653
7081,0.086691959146117,0.0323291209273619,0.445463282563551,0.744927802966302
7082,0.0905125446980911,0.0253449433090143,0.460238392496366,0.604899998741538
7083,0.0952361664321266,0.0341609449243057,0.425803215131558,0.644839234884834
7084,0.0752076788026275,0.0261940520428201,0.292661957410173,0.519257664981636
7085,0.10807624666654,0.0242305503005814,0.28503601117847,0.340043379190816
7086,0.0981515382393059,0.0196262420744772,0.406346017907272,0.619900656833507
7087,0.0979190281096187,0.0218417460749578,0.409751938789097,0.457491873338673
7088,0.071811630390109,0.0162763847384021,0.429785059993622,0.24223149759279
7089,0.0851820037985564,0.0369927829668131,0.402390517718704,0.444433953567728
7090,0.0988933029096188,0.0296096805831157,0.445526084316834,0.630122486923144
7091,0.0986496050355173,0.0474652284298978,0.38627562800199,0.61908526552742
7092,0.0829097739576842,0.031522443633362,0.4308599904629,0.605059579551532
7093,0.0951026159639229,0.0227937157544161,0.343104852790133,0.46864311376417
7094,0.0687762108201428,0.0316019248361034,0.43818021409285,0.501958441872206
7095,0.0850641332026462,0.0215401305749106,0.439565492245424,0.348237632129801
7096,0.0940190205455153,0.0362069253377735,0.424062594659413,0.613756976661857
7097,0.086774641888835,0.0156149413802906,0.435218433691222,0.328370828591613
7098,0.0829780703692879,0.0380373465247968,0.384289582149879,0.66689896632944
7099,0.107967471481834,0.0193451702460178,0.304765994749083,0.537689913215485
7100,0.10403162329218,0.0357789668719876,0.432534773860535,0.677775061297358
7101,0.0807710950851738,0.0417842337182009,0.441778018562148,0.728754548763707
7102,0.0934657140612024,0.0426915919027825,0.442236096361841,0.761419905613706
7103,0.0991337232114829,0.0546620680947548,0.44549483554087,0.757753084004948
7104,0.111308842047506,0.0894514993343242,0.428258544814252,0.896714192762293
7105,0.093304094038745,0.0520935403481951,0.446006928059,0.770084873964265
7106,0.0923120260506721,0.0314644173367229,0.433216949411996,0.739861205862799
7107,0.100327539284682,0.0275316901730844,0.443634322867717,0.50229675521586
7108,0.0818493000072676,0.0204618962266715,0.435973637441049,0.398261221894908
7109,0.0964202160287172,0.0740441473237856,0.43934487970551,0.795307473185418
7110,0.0780555248354316,0.0304328028291563,0.407425233652132,0.537789968511782
7111,0.095140094180408,0.0251799737232022,0.434984795154737,0.654217115623933
7112,0.093120830090954,0.0230537263218178,0.447077331565518,0.505960192336738
7113,0.091269311532657,0.0404055124340368,0.358092293215082,0.634181035387212
7114,0.0988886205260242,0.0250818825420356,0.4415569244755,0.421741984264253
7115,0.0936218805915735,0.0277966424155616,0.551510682836874,0.676523669078003
7116,0.0738926191290203,0.0777480293815024,0.676642750136711,0.758048380623521
7117,0.108794298717646,0.0461579917880614,0.760883747213254,0.726849258969559
7118,0.098774756175379,0.0672178046804061,0.622378186171562,0.816410290734536
7119,0.0812289182766055,0.0762705756030366,0.682251469696036,0.868130371798297
7120,0.0894413129155362,0.0601258330262695,0.617923276371126,0.706120454050294
7121,0.0751894428952782,0.0275034006283852,0.743877744599671,0.6014280395358
7122,0.079033664232878,0.0501934827887335,0.731327202004277,0.735810629056891
7123,0.0873810775841225,0.0231257618661927,0.696766918487355,0.452275981865166
7124,0.0750021868308133,0.0425266585948324,0.648569239134291,0.730354631859659
7125,0.0882007865198813,0.0699485776032472,0.58094658849524,0.770358277712366
7126,0.0770005930587649,0.0372643080164775,0.714328032317668,0.600577780360269
7127,0.0802179467218749,0.0209182503157471,0.743086039873771,0.468246893848583
7128,0.0752534411749562,0.0499697910427285,0.618144013011803,0.760564196964676
7129,0.0876235718370046,0.0261601819971155,0.419583964003642,0.556161415907996
7130,0.0820228804481143,0.0455362140976662,0.476896625975564,0.755660214573374
7131,0.0863479050418425,0.049805041729556,0.568570726943153,0.753953691616599
7132,0.105533372556744,0.0360012423368694,0.586381994934642,0.675285423811894
7133,0.0849896379070315,0.0553537084213767,0.648938748894813,0.740516373459304
7134,0.0680149091113492,0.0574373427424555,0.745669522932269,0.767991482110532
7135,0.0820115580338489,0.0301546703207448,0.744638847128605,0.737795471545369
7136,0.0772329421414607,0.0270472639883258,0.579124468418858,0.487490264886001
7137,0.084392574488279,0.0650495800136295,0.492256268954271,0.676874361439165
7138,0.0707785414419249,0.110812989528592,0.616735812783912,0.885052028366594
7139,0.0886851053998168,0.263989729890355,0.678114437535931,0.962752838119173
7140,0.0981677440373947,0.14249725105184,0.425078648198104,0.909045507580845
7141,0.0964216988935447,0.0301567673324742,0.442457698970892,0.663845435311013
7142,0.0941417542846238,0.0305397769909826,0.394781524528012,0.58659105407076
7143,0.0932486752088906,0.0163353819547489,0.439025735426587,0.405209705519
7144,0.0864381751782129,0.0374339107064483,0.423170452716467,0.578798295788202
7145,0.0822011849816331,0.0403222062609838,0.429715881369011,0.590473183540795
7146,0.093472522303404,0.0235947383269304,0.42849910346466,0.504680908684889
7147,0.0867057726958856,0.0442010853100859,0.427374071994155,0.668021417833468
7148,0.100805818165177,0.0565965503647229,0.483277605867747,0.783477933525526
7149,0.0873354322139678,0.0321649869485018,0.595979156207463,0.579264488603801
7150,0.0837570724477744,0.0565163438413702,0.568735088543849,0.732627721466361
7151,0.0598331054461674,0.0452305003616841,0.510730603603813,0.605034428396094
7152,0.080997382583916,0.0401306346789286,0.528758603236018,0.624005724321533
7153,0.0823835987345444,0.026816881470869,0.434825467955805,0.602113456868486
7154,0.094248391318417,0.0429327223176013,0.439148164636477,0.636565539472586
7155,0.0802343726208003,0.0532993138223605,0.427826114081961,0.79664980785994
7156,0.0960869382666174,0.0546139398772259,0.436446536152574,0.737153222485572
7157,0.0861455150092139,0.0472496181250873,0.428410975037231,0.72318183597057
7158,0.0834495068920482,0.04496286106069,0.427342598657691,0.739224705110433
7159,0.0771561003842998,0.0462997352405,0.444365072112766,0.655383578912749
7160,0.0935561431637364,0.0257739781311822,0.436711407594459,0.641007259786957
7161,0.096042737676042,0.0363288068769849,0.434471974134636,0.559925523395213
7162,0.0762732191581108,0.0325835583611657,0.431216069678041,0.554395182087948
7163,0.090509679508145,0.0244212399585804,0.385560787405732,0.643835543393037
7164,0.0989595847504038,0.0684710856350521,0.438597589691182,0.749523345943232
7165,0.10055498715442,0.0316927044288995,0.431673019644947,0.680034612487065
7166,0.0903282080790925,0.0329706865610061,0.43503889786347,0.488152623555729
7167,0.0988479474723719,0.0188489135816745,0.429259727528797,0.269589247236525
7168,0.0815022801888062,0.0335382049042759,0.441511051528959,0.566464358559615
7169,0.0920611906046629,0.0166055385719522,0.387390780739557,0.445306384037105
7170,0.0979099826636212,0.0182825880335319,0.440450310259656,0.427965461689044
7171,0.0929847234471723,0.0205864238492828,0.446334864934521,0.56168947899525
7172,0.107541300992096,0.0228711858992747,0.361775046964461,0.432947677965673
7173,0.0978222951238765,0.0247355195764482,0.306126026430585,0.532427168358544
7174,0.0828427526397351,0.0214552783472729,0.399502832894186,0.412323548562714
7175,0.0863603654455931,0.0263680171458095,0.366941980347058,0.466936894997135
7176,0.0871044788290758,0.0281726033859159,0.37057364040953,0.405556157210648
7177,0.0861777008280676,0.017332687791854,0.309059067441815,0.444435594089477
7178,0.103827276857399,0.0250762738345294,0.428391302834484,0.489556878821479
7179,0.0987157911640722,0.042337841820474,0.40922275824319,0.611516746488111
7180,0.0851338313960149,0.0370197061212397,0.395492064139328,0.564783680416164
7181,0.103024124344593,0.0323157128381168,0.423626603539356,0.572872760593654
7182,0.100762466343002,0.0271814205201363,0.441951337585645,0.573628333461926
7183,0.080552554969071,0.0174872192887974,0.457763629999867,0.241834125615006
7184,0.0796867511079101,0.0230469564416616,0.426647535232197,0.279154843796393
7185,0.0882940221918944,0.0339606600852785,0.438648754546157,0.608215053579018
7186,0.0982543519340199,0.031092507830335,0.435263406721668,0.691587787603324
7187,0.0916999899488452,0.0436698559772309,0.437968756398935,0.658096750486148
7188,0.101182805502157,0.0412272890932169,0.443046328121992,0.401925163464437
7189,0.0893367948469968,0.0297525948920583,0.239295744600513,0.424205996300099
7190,0.0992800263566572,0.0279852698494424,0.413565844693917,0.486711086700325
7191,0.0669668864121793,0.0268314956934305,0.561258005961023,0.366421242341365
7192,0.0706542145459782,0.0322657115069236,0.626897429586995,0.481266202191537
7193,0.100631081713929,0.0345629943781559,0.538333215665829,0.616938915626008
7194,0.0873347929152971,0.0452694652861323,0.616658033882002,0.68688297730417
7195,0.0879803909678279,0.0240555836136333,0.499224695027259,0.429007218130619
7196,0.0854397234332132,0.0217220250117323,0.940551515409074,0.437455768104966
7197,0.0784147770422348,0.0224135050046472,0.700932359102442,0.151321844157663
7198,0.0875353183728044,0.021640913942986,0.446129771013108,0.34107603187282
7199,0.0939390843714279,0.0225300561933218,0.331122513593437,0.252254932392144
7200,0.1009370812373,0.0212939504867428,0.405390047807036,0.594679777507385
7201,0.0898370729169723,0.0200164204876412,0.446171534402313,0.569389717144069
7202,0.0823538183233341,0.0258419277881429,0.438649424069538,0.493531707586948
7203,0.0977399677825182,0.0133979585288819,0.428095291049896,0.360041514526346
7204,0.0980204425270727,0.018764170999774,0.364442470694056,0.36212948684292
7205,0.0869671892874464,0.0179233831424217,0.447595510291802,0.332504790344468
7206,0.095170645677497,0.0242928097088732,0.68735232497696,0.395105204116146
7207,0.102968830127924,0.0319055390303973,0.300897660415014,0.399857213568896
7208,0.0927809808148228,0.0172465489522534,0.43999991914912,0.322655262846916
7209,0.0857752222554707,0.0258151216580814,0.427380803302038,0.3693648860128
7210,0.0823039808893928,0.0220603132007558,0.441967850937899,0.434431921795186
7211,0.0932730765550192,0.0312452584524008,0.499175510878364,0.563388250569574
7212,0.0911090736170211,0.0273105791275046,0.424443961502174,0.52065988218581
7213,0.0910071476946211,0.014848016714441,0.435818686599135,0.441482320179566
7214,0.09760378474528,0.0214758332126592,0.446627558087485,0.246716179748578
7215,0.104935365355579,0.0250110901758727,0.434769979673027,0.495678316438166
7216,0.0984872284898145,0.021881935165132,0.516387490222621,0.436100970492633
7217,0.0989904858222558,0.0240463342571487,0.439491133515975,0.523296839405821
7218,0.0791462032345689,0.0290177327989087,0.530956941864229,0.731777567434501
7219,0.0776309047419764,0.0342677042954655,0.622420869642318,0.502536229069002
7220,0.0769768902407555,0.0525123429563659,0.474573763842712,0.431793859074944
7221,0.0898779301259139,0.0332639824167202,0.434270125464414,0.504356223863385
7222,0.0896071673901789,0.021645175974231,0.424275146383141,0.497006679569599
7223,0.0885428636705766,0.0476107450813793,0.425381291917552,0.76945000290592
7224,0.107202551070492,0.0462753780348372,0.434123531902928,0.706706492991146
7225,0.0922525548785154,0.0224757686885497,0.446906180425081,0.542457118788285
7226,0.093170094901755,0.0369769174008466,0.557900449115387,0.459745158548947
7227,0.102776021216282,0.052704573258656,0.840344684484859,0.796811284524591
7228,0.0886533609643914,0.110532789226982,0.863100384840552,0.828715525194125
7229,0.0892269141672093,0.0328935185552751,0.835352147926233,0.732699848626816
7230,0.0855246434062374,0.0160055831771217,0.810093645818964,0.522395078487164
7231,0.0831549646438693,0.034933804524241,0.706012481119165,0.516313766740494
7232,0.0802528855631953,0.0417553453975478,0.622320241661864,0.664844115114985
7233,0.0853119368519927,0.118917126746478,0.691453302043809,0.898657259887455
7234,0.0817549288081191,0.0928894247077376,0.691234026017815,0.88718090859932
7235,0.0831197417989731,0.0695311838070036,0.586695800671806,0.798231515313448
7236,0.083214574021071,0.0310689934287116,0.741968781599094,0.491899812177773
7237,0.102182489452571,0.0323957222654425,0.564543908097721,0.47156099493427
7238,0.0876744257247939,0.0201171280724207,0.442512994672297,0.262901204723377
7239,0.0843868092749267,0.0350392774854287,0.447089570560446,0.616830843126742
7240,0.0823601224326578,0.0207792313667183,0.422889966278692,0.371641804649755
7241,0.113041320923054,0.0241002828284535,0.411446822694091,0.642629237777626
7242,0.109897213490428,0.0501321376557259,0.423680585469136,0.788242798506562
7243,0.0999934972300383,0.0289269004505952,0.433849779365176,0.658052460827044
7244,0.0942582320188643,0.0227334519364507,0.429786413153659,0.419499525545305
7245,0.0909305902562605,0.0299597148981202,0.426134321337701,0.628124179347428
7246,0.0880476356748411,0.019139095572769,0.40762382934379,0.412246139753227
7247,0.0960711419365646,0.0336353090699808,0.444820222149455,0.584114567279345
7248,0.0960035674301305,0.018328674349932,0.433787730695027,0.339065074714108
7249,0.0906483500311327,0.0318188660766215,0.429829681047742,0.718412176283028
7250,0.100306221626956,0.0220977891733903,0.428309981902954,0.584203838837028
7251,0.111101247490662,0.0239018152630437,0.304669294546828,0.60824263083442
7252,0.0907715982860598,0.0248162751438533,0.265272818467121,0.405541260179336
7253,0.0927601804652634,0.0402268890229321,0.324345163671654,0.655754447467748
7254,0.0908853487169612,0.0305685690967394,0.444653862984418,0.662938019725163
7255,0.0949076909505432,0.0194316736732827,0.326660135016815,0.384634534170281
7256,0.0989893988656863,0.0250463553103422,0.443448858906872,0.316306664083714
7257,0.0946999060791812,0.0308237532480218,0.442171426840775,0.596702279959796
7258,0.0963839535658211,0.0272564886509124,0.461804996178373,0.523445567158066
7259,0.0954534712180063,0.0227356320986594,0.442707819582971,0.50191130240522
7260,0.0879231280110624,0.0249275207586544,0.426506100466101,0.604908023336003
7261,0.0891845484459781,0.0416048518375304,0.439398787405028,0.710302039763641
7262,0.0806256257693346,0.0328886913636518,0.384278320348354,0.649824137643276
7263,0.0744379410848277,0.0278217042678088,0.45759095431122,0.565990920214458
7264,0.0923117109334658,0.0359212363164444,0.319719602674994,0.552091445379761
7265,0.0911136264077873,0.0167348702027669,0.428548070245927,0.578482351639887
7266,0.108580401328669,0.05960304954849,0.567943062068804,0.786043953231424
7267,0.0873391521105564,0.0244979908047903,0.402197410121707,0.644412448552719
7268,0.0829242814178111,0.0249238772227965,0.597115454791485,0.41590182175106
7269,0.0744599715873874,0.0416131706051857,0.583651853427468,0.552490804016531
7270,0.0826689339553258,0.0287966204218707,0.872252853121896,0.33584873398704
7271,0.0791186189051713,0.0221304748831843,0.942190241779479,0.598215768217531
7272,0.091575982090966,0.0244523430173924,0.893297153616228,0.597541072216877
7273,0.0935770524399238,0.0350322265068517,0.603699098932607,0.585206233022297
7274,0.0767812429282276,0.034044917219077,0.691034584645967,0.578379088301666
7275,0.100227329832632,0.030389913563178,0.576947970625464,0.625952264471529
7276,0.0896217084357797,0.0490934859414201,0.762939616036195,0.757341675198579
7277,0.0765628920408638,0.0283344670458407,0.613792239760835,0.387525170031123
7278,0.0774524138516622,0.044249161604484,0.645132894801778,0.656723236727796
7279,0.0928295157029585,0.0348249997744557,0.497819209051878,0.498711511620946
7280,0.0820632560042399,0.0261925961334346,0.454441305973433,0.3538755833672
7281,0.0861316101013903,0.0309606456486058,0.650163001252853,0.391318868323436
7282,0.0981212114142046,0.0202704533085787,0.686907619874881,0.525000303601489
7283,0.0906112476949729,0.0535322566921023,0.441397639553149,0.795277835202871
7284,0.0857183672359439,0.0511274823382266,0.665930473240104,0.6675286691068
7285,0.0827388847275195,0.0341525886784995,0.61084651996969,0.626376065608452
7286,0.0868711782194145,0.0337170249160937,0.676434498260493,0.685663446644813
7287,0.0675072701511317,0.0514010495556756,0.625143503032072,0.713399115918979
7288,0.0835284013851616,0.0535182048833939,0.583252354687255,0.786597847557768
7289,0.0911320294569403,0.0386694663632163,0.424231147735677,0.527867154918358
7290,0.0956979969813851,0.0251392216400001,0.394547342615363,0.627591098907833
7291,0.0869709667956601,0.0213421312540952,0.446765880209888,0.459028081586693
7292,0.0866671066533361,0.0349323317382973,0.425231337289658,0.520487916452072
7293,0.0940425170349262,0.0331999299845185,0.433840756823448,0.615712620488653
7294,0.0887151373009547,0.0310966786952222,0.441146755105639,0.524970058527751
7295,0.0881017017339564,0.0253333212464807,0.349557342932986,0.319905183050521
7296,0.114615972023904,0.019899222742376,0.441275061571118,0.46045622007688
7297,0.100596659804438,0.0218239933581399,0.375450402501836,0.311940176546697
7298,0.0869089854425291,0.0327728253224137,0.274452516219863,0.523414022179016
7299,0.0922400260063214,0.0382005321738825,0.428723426117809,0.65312176064575
7300,0.0854855003205692,0.0228180792030313,0.437944313816198,0.648275181566423
7301,0.0846466777678908,0.0253447908047948,0.541618707832956,0.401392272825237
7302,0.101627884009241,0.051154997875506,0.441637734504818,0.763500420029391
7303,0.0818624363551236,0.0577589467383858,0.435008166364931,0.75488588616689
7304,0.0968596658478561,0.0239963690020159,0.445124004953874,0.66889662520282
7305,0.103083670736136,0.025898173602682,0.430827754908483,0.583922169675023
7306,0.0921792146112961,0.0267335145528103,0.430827754908483,0.610715402206415
7307,0.0857266702119304,0.0198519607572898,0.447002644517593,0.458259556251121
7308,0.0874160100631047,0.0295994408799846,0.426671917055327,0.586606725841298
7309,0.0963213396014479,0.0237736376481677,0.493418087567243,0.35827688445523
7310,0.0824425919871745,0.0225067431094007,0.869151839795308,0.326103921878908
7311,0.0888106889152574,0.0220145338430111,0.874656893088103,0.491860141993229
7312,0.100899930659182,0.0352960971288749,0.961198662344189,0.746392250455445
7313,0.0881572349240529,0.025262282541445,0.95990488580034,0.360304578051008
7314,0.0903370397128968,0.0522582072689266,0.764121848331895,0.784422157962787
7315,0.0912542901374461,0.0451262335662516,0.817584306570029,0.729808528706973
7316,0.0801845732799359,0.0216995913124348,0.705225608005738,0.331220490724288
7317,0.081996093568948,0.0219655222474473,0.602777152163193,0.414613816205524
7318,0.0962620949751453,0.0203218189443627,0.557392859542192,0.401184262007153
7319,0.0910911835574071,0.0478111308823047,0.428113507531937,0.827354858123839
7320,0.0846477321952648,0.0709578486722744,0.440042426451642,0.788857887821965
7321,0.0864456541305431,0.0180119985093717,0.441841526856054,0.45789222178936
7322,0.0940973483700437,0.0320055137021505,0.442122175120441,0.529091298595374
7323,0.0909432720584011,0.0173379476253422,0.438553198261894,0.518008476427623
7324,0.0918757574462521,0.0401669189217947,0.433411749130641,0.708076769353922
7325,0.0851528147223418,0.0174517578482586,0.440328359698375,0.367845039759488
7326,0.0929932198734467,0.0328024718335209,0.424292123240015,0.568784202849051
7327,0.0940035082220883,0.0212750529313841,0.440504147265464,0.534262963250292
7328,0.104814636631441,0.0474320271743705,0.440504147265464,0.74902308728125
7329,0.0976015929914638,0.0239772760005115,0.428546503778817,0.599600566814686
7330,0.0865011301695759,0.0374470111191141,0.438235059679447,0.538161993378415
7331,0.080888354392292,0.0321751479213388,0.539847131793653,0.328587517368161
7332,0.101589832906252,0.0278027513997415,0.666730282039316,0.460699919083248
7333,0.0830011727977425,0.0208364887174857,0.882038290899755,0.402265334298136
7334,0.0658058768111683,0.0207899893013896,0.689020660606239,0.42788346852784
7335,0.0835683218959005,0.0300254770374465,0.64865939122538,0.608830702977494
7336,0.0823872458626556,0.0292789450179929,0.611861213407289,0.557309101997006
7337,0.0707571263823426,0.0218470750293379,0.642788903610571,0.508916560936186
7338,0.0875493348506657,0.0349557767522531,0.880458790884053,0.666007062409845
7339,0.0926185593658136,0.0411059196324843,0.953285026533383,0.664614182241213
7340,0.083779514827473,0.0560837133563688,0.841099363729995,0.793782224702017
7341,0.0972416425833827,0.11889294995955,0.579550495608552,0.865923251648124
7342,0.093467868164431,0.295916703894215,0.612773374143019,0.959716895465225
7343,0.102957579353691,0.0896805680707744,0.898638527481546,0.916060687295453
7344,0.0846966783317362,0.175740937084575,0.954084565677213,0.948816274448893
7345,0.0957335421582172,0.159583565117405,0.847712239989805,0.881136574254515
7346,0.0916394945921638,0.020166628101529,0.773145907682741,0.444023885400111
7347,0.0748533696901642,0.0419834097108664,0.838858474601007,0.746662053105218
7348,0.0925912446670035,0.0279407503633311,0.810466172416664,0.644674753403434
7349,0.0746901236815524,0.0586278398174954,0.790955691177409,0.834094100696702
7350,0.0872134767746694,0.0614977833327201,0.966695091999344,0.743099817994455
7351,0.0893584748332748,0.033880010958295,0.920828853248753,0.604431964108927
7352,0.093473931685007,0.0236109909434942,0.866401844314922,0.541480951263629
7353,0.0852481776943137,0.0177585842239589,0.758427874324917,0.426405277682916
7354,0.0830306624448583,0.0145657116972233,0.755794816743715,0.371462737966466
7355,0.0746127331156654,0.027252718650957,0.856780616332307,0.496591403158477
7356,0.0947304995935017,0.0344118468318628,0.694770200959943,0.575866602447828
7357,0.0889470654553323,0.039565884726695,0.725418801646801,0.729074826376086
7358,0.0930558650605503,0.0445957998048853,0.619988078163716,0.788122964427853
7359,0.104261032237592,0.0601713214518045,0.749674555472585,0.729745348091076
7360,0.0872113700505358,0.0494642929921751,0.804798589515235,0.659816293824681
7361,0.0875517838410248,0.0406005035472996,0.468436318235322,0.472281688055178
7362,0.0978320573710584,0.0274823128244747,0.427003316319668,0.525595485627099
7363,0.111263430280378,0.0310373720619117,0.440172421622541,0.653498647938161
7364,0.0985025040120244,0.0275482004888996,0.427666728176117,0.610988999399674
7365,0.0890849107593121,0.0275451046124506,0.438346972368102,0.486570226788366
7366,0.102965489505633,0.0264314297867614,0.42688521146514,0.573685025932288
7367,0.0940174161518633,0.0216124928164091,0.43870334126062,0.542085714369526
7368,0.091695964480313,0.0171272473443466,0.437765279828673,0.552135112394846
7369,0.0937410683763789,0.0572303305791101,0.434836679686791,0.652373268383292
7370,0.0873413636321684,0.0230951220296956,0.436135845833356,0.343640987864909
7371,0.102262563043407,0.0238162432941148,0.428447924034222,0.570972678429198
7372,0.102430479380676,0.0252387840422691,0.422395754226261,0.642391709371093
7373,0.0791417320015553,0.0429999673497502,0.440179045824039,0.637937803272922
7374,0.109176994895568,0.0137249814962901,0.439139454819601,0.567037326554733
7375,0.0865526124225851,0.0254374911643332,0.391101266564474,0.380277459961317
7376,0.0820157726342616,0.026988480544609,0.431877605607766,0.649129174070383
7377,0.0832004574633114,0.0157984761253803,0.438387495384132,0.472152106482178
7378,0.0901822740041519,0.0238416487899178,0.408677772503644,0.539622429418684
7379,0.0877169887693766,0.0959196834457333,0.694085488009237,0.828267611603002
7380,0.075463844691416,0.0400943771474862,0.714169177920994,0.70881067635438
7381,0.0866876100306081,0.104508424144474,0.852849074270781,0.850622460795475
7382,0.0988647529957773,0.0587651841338317,0.835170980006533,0.748912576411537
7383,0.105499550639691,0.206950540299047,0.760092493728385,0.941624799763382
7384,0.0952630995340189,0.112356336937503,0.878322827859252,0.89568169950655
7385,0.100697898883072,0.0541984421388815,0.705607723397804,0.778565015672252
7386,0.082984988144639,0.0352008727522773,0.718184240995177,0.617199510392824
7387,0.0938186962925583,0.040604951551847,0.798959974259756,0.52896098619341
7388,0.0909018979846176,0.0290330169835541,0.646116897508732,0.387026102332225
7389,0.104534802712973,0.0373423559150706,0.442041052570009,0.738568500691224
7390,0.0810373885842981,0.0220734593652867,0.426058348344093,0.421283408380455
7391,0.0922796979849252,0.0465420478984127,0.41348783098111,0.616730769644808
7392,0.108047734734425,0.0155711408113315,0.38994747984109,0.448120886971555
7393,0.115554746231583,0.0309530435985417,0.39851404110824,0.586246495397624
7394,0.0927696939184992,0.0289277585554858,0.46626990865179,0.6076684350306
7395,0.0875917240968153,0.0497792706757615,0.442500567086179,0.633118084340591
7396,0.0836177229920956,0.057998837399454,0.42678984680722,0.816012584718052
7397,0.0951211656768563,0.0728138731335313,0.428294630939709,0.823730859702334
7398,0.103379405443497,0.0504399692721401,0.427510669828839,0.839461810609622
7399,0.0923988004750834,0.0172410475848197,0.349156761240046,0.287006018041322
7400,0.0861593189061316,0.0160904567520071,0.486156775664396,0.375887445039923
7401,0.087200536102713,0.0573281300027951,0.426367060232999,0.686123991251113
7402,0.073425267900817,0.0406465887110249,0.444764235169874,0.588254607477012
7403,0.107223405438069,0.041607090469992,0.445046504229935,0.721872150541527
7404,0.098003230254373,0.0388266972918095,0.440799585315983,0.713397455715417
7405,0.108565564827098,0.0612100199332812,0.446302988125234,0.813890113569851
7406,0.109467017586469,0.0353125260098957,0.445899957245711,0.589966699147682
7407,0.0925421380569871,0.0244080702860382,0.422596481401892,0.627687105896245
7408,0.100064139462239,0.02931864160681,0.423080120603382,0.607120558731451
7409,0.0860936893145069,0.0150652701654831,0.424134875746315,0.295647618082632
7410,0.105300630793029,0.0443881996946295,0.442307127481115,0.677113028516808
7411,0.0767010724400718,0.0364488383744105,0.289095572579998,0.165683621114246
7412,0.0825830298170993,0.0213793517429923,0.394407370369857,0.518196814245692
7413,0.0956406410544442,0.0376506004766423,0.435385045247359,0.594739850190568
7414,0.108767410974098,0.0283458589878845,0.432980098224582,0.509266182878286
7415,0.0864899193917905,0.0214993741667217,0.43504278862504,0.389513141786386
7416,0.0772410281638198,0.0550236895608271,0.441915592114294,0.685235221020754
7417,0.103209773230747,0.032659078027648,0.425023407176943,0.612734113473723
7418,0.0928608165799031,0.0214986470782104,0.422751082634292,0.36585491436104
7419,0.0939990525012719,0.0220979739650219,0.427763975792914,0.504210583299859
7420,0.0985472757426083,0.0546753681390469,0.426486710265821,0.777811716419378
7421,0.102819037256801,0.0436057998419526,0.452263981112169,0.672231616010686
7422,0.108298748390837,0.0298319859965229,0.428848216797534,0.594209832173537
7423,0.0905915946721324,0.0254837154326785,0.437117444517391,0.491718585297553
7424,0.0803892186760091,0.0459025057566278,0.422183261600364,0.716758501021128
7425,0.095672515980671,0.0474887734233438,0.4194092566727,0.748400424857563
7426,0.110093051337681,0.0226104880468731,0.424670629053119,0.663389365552972
7427,0.0951048280772101,0.0291894887039502,0.386841728451142,0.618147508496505
7428,0.0987673688163975,0.0302682851617007,0.438550898007901,0.634455839833447
7429,0.0918415826540388,0.022096998678768,0.430463513595903,0.570465436081925
7430,0.0966128717748649,0.0259483137055345,0.430423876923225,0.479830338675891
7431,0.0976265710427358,0.0263875540009466,0.438729139496564,0.590396978073079
7432,0.0943253949630635,0.0206732581753056,0.422476490567002,0.426853669971162
7433,0.0917812627968126,0.0284587528101865,0.430217821618176,0.52331752252099
7434,0.0804913010957275,0.0279048866170759,0.431253019106267,0.633982535997607
7435,0.101452880857774,0.0174505604071817,0.404882069061648,0.47812535101115
7436,0.0951501115023359,0.0211705564635782,0.431140943705921,0.577759283654552
7437,0.0949581029343302,0.0257461686202936,0.410396785268477,0.490049886884993
7438,0.0994244815462696,0.0203575405163038,0.442386388855867,0.536654051096382
7439,0.103343223700326,0.187924386270796,0.440878498217749,0.917075288320449
7440,0.103492604972499,0.0763639060870363,0.544348188029919,0.826982204208307
7441,0.0930804757705123,0.044557055610221,0.594847674550545,0.6570097548624
7442,0.0922701856495834,0.0701345326578227,0.433668564526541,0.753846024629495
7443,0.098519225535575,0.0420931310598252,0.439651624524169,0.58589773672341
7444,0.100232376816475,0.0453355452768196,0.370374278779889,0.535101011662043
7445,0.0890187226012562,0.0212722432832423,0.448737367792118,0.382021245171806
7446,0.0815958216451456,0.0174824766789976,0.43111741285397,0.390939351431139
7447,0.0779776241578872,0.029327808455631,0.434378990597328,0.585669914198213
7448,0.0941200658934231,0.0193939346410056,0.429072377964667,0.42325233270503
7449,0.0819226212596907,0.0165807159525808,0.422421173589493,0.462706611228749
7450,0.0877872677402701,0.021191206231948,0.433474340791496,0.42699700009431
7451,0.073069440991309,0.0299418181683377,0.25370318298572,0.392126042146928
7452,0.101023579312047,0.0244262408879019,0.221244608940054,0.431406029947507
7453,0.0619512514139496,0.029913578189819,0.0957567920567357,0.121931895832902
7454,0.101500964090099,0.0218966835590414,0.0385553678241206,0.179008655471269
7455,0.0889081961541477,0.0266440789380716,0.229366342291157,0.330239275648243
7456,0.100903970013584,0.0354381392202283,0.432503870084906,0.579474569234272
7457,0.0832041898330265,0.0345035051821319,0.440253427365004,0.700632101707349
7458,0.0962504113651478,0.0315871812963408,0.443760088375259,0.685015325546013
7459,0.101836539881114,0.0183528380415585,0.434036375845046,0.565599457452358
7460,0.0868092959500401,0.0316331631409288,0.436273772127321,0.65331086190769
7461,0.082599785105429,0.0178189620966416,0.42710406468635,0.406047178686336
7462,0.0829701942507453,0.0214693950032223,0.441943318242995,0.344446693563895
7463,0.0852223809907777,0.0322390300062568,0.432152938080986,0.601295194132242
7464,0.0815704003783879,0.0305262684883155,0.44043327606616,0.530389305897136
7465,0.0992642148310119,0.0294650775795631,0.42890021991521,0.634854751787125
7466,0.101854515583138,0.0215796464795553,0.441318602890947,0.4653471604821
7467,0.097731809461063,0.0535838996750383,0.42291005429016,0.703024860568462
7468,0.0936685316498202,0.0190887104454887,0.341329751686782,0.4288789772354
7469,0.0913005213948355,0.0384465633831849,0.399725478445313,0.580758294588779
7470,0.0810978759110328,0.02320695488657,0.432052056712434,0.414696929323905
7471,0.102443821565959,0.0308048995339399,0.319477582054779,0.528123786649218
7472,0.0923520938790183,0.0341883697175742,0.318646785314863,0.401339527338413
7473,0.0788595685925001,0.0214355466764021,0.430977691378299,0.624413710675905
7474,0.0681987136661275,0.0175652467684657,0.432836548814905,0.286848682291874
7475,0.098572763638332,0.0382099737351675,0.423838964336907,0.657928450123674
7476,0.0931112606577547,0.0559509977911842,0.436164360239735,0.688946391558014
7477,0.083885048612243,0.0353935008331727,0.433725498721361,0.780930603592128
7478,0.0879200840183843,0.0229920331989309,0.398054918498054,0.285995256624237
7479,0.100174684992049,0.0223301437209526,0.44502869400519,0.651879015121995
7480,0.0871539623147273,0.0259199204789261,0.435992207922652,0.525394575492188
7481,0.0928424535653401,0.0157499172132697,0.391932128352116,0.429120765265424
7482,0.0792023399975049,0.0212101803006703,0.444868472158338,0.345319369751743
7483,0.0800234836381065,0.0223460429451809,0.430006984776404,0.413864815032106
7484,0.0817500955864828,0.0268262617678112,0.462860294972042,0.432393721198955
7485,0.0832540696838355,0.0241586677067922,0.406552305211184,0.380928844150449
7486,0.0821622575401456,0.0388895090218066,0.518248157631284,0.636817691066881
7487,0.0974662060373154,0.0406928546283382,0.657411721878909,0.531924033235269
7488,0.0790434516730872,0.0621678631889881,0.691367512311481,0.790561192976439
7489,0.0909378632558811,0.0246536257457783,0.731082055632439,0.593259921726532
7490,0.0740383663612011,0.0370113230013914,0.713397564744987,0.603798133086769
7491,0.0883544590715358,0.0359411439774208,0.621326413058531,0.651792219090629
7492,0.0879163319628193,0.0244529490339569,0.851388763066855,0.365420118445253
7493,0.0644724673243329,0.0240288264194583,0.824417866823991,0.584734520645034
7494,0.0852434026363196,0.0286499229419758,0.748288668442219,0.558176266431397
7495,0.0720355684590769,0.110744878128352,0.65150757534362,0.860121777263973
7496,0.0693217167867839,0.0589859629194833,0.86241400565895,0.695816812334686
7497,0.0991493505671513,0.0291754195401901,0.982204962385995,0.38146364109872
7498,0.079591749643475,0.0151886681745152,0.914720313857301,0.393197065811555
7499,0.0789537024199883,0.0251822981092663,0.875630804209557,0.363946308312528
7500,0.0861840321021364,0.0177263033662085,0.723219607352573,0.485409093431679
7501,0.100760112926539,0.0567033042392226,0.658168339900125,0.725344430386701
7502,0.0969770038032439,0.0325421225712083,0.582543394451606,0.560312357403746
7503,0.0876926665544225,0.133886955401028,0.657392363115635,0.900547594708552
7504,0.0771125242723771,0.046360073687571,0.728417343019704,0.68218265368827
7505,0.0907571117047598,0.0710595057074067,0.571861727145115,0.790766330680751
7506,0.0842254288502622,0.0327460317390353,0.581290415243497,0.494030574229899
7507,0.079856262368533,0.0333681221647125,0.666494931998767,0.611348674690942
7508,0.0707037756612987,0.0329534892566496,0.614025112926505,0.585218466219221
7509,0.0800742323400362,0.0187892264957045,0.54166026337613,0.302600277120774
7510,0.103181852349124,0.0188555878351767,0.619294285761605,0.415286715665457
7511,0.0956959100758684,0.0227678585367954,0.633082707220546,0.3856494643287
7512,0.0859672518301693,0.0426833689419524,0.588423453700782,0.595455029492384
7513,0.0698887058675184,0.0324375597038253,0.633320905118224,0.61245331289401
7514,0.0722115463263695,0.0235662673238862,0.683599142381745,0.479905668505675
7515,0.086537248578626,0.0351913361297096,0.782044123168817,0.562860536378199
7516,0.0740867116815772,0.0179401685232689,0.655236956984061,0.475241818417375
7517,0.0768568607281737,0.0301844161486848,0.712665754035875,0.500071380391579
7518,0.0816059744261676,0.0210329942624775,0.582319716197685,0.324098190157814
7519,0.0718109939612396,0.0218676433380758,0.497477613454378,0.178968243683029
7520,0.084919069008839,0.0174429707734554,0.550835028160816,0.305941625349446
7521,0.0967650120204307,0.025092361773941,0.446131677185168,0.638393132305979
7522,0.101215198843898,0.0536804834763686,0.435633029750275,0.702545430910416
7523,0.0963198300892906,0.0410248362564762,0.452285287891212,0.691968007239132
7524,0.0982186690535906,0.0162407651830286,0.445267713067415,0.557895298887982
7525,0.089903077598038,0.0623491318326473,0.426058344422237,0.694985900558399
7526,0.0948427306802168,0.0433885226347475,0.439205861459245,0.68684475048833
7527,0.0878024286825047,0.0762574019596306,0.435633589288561,0.865692439527355
7528,0.103167686131303,0.0879250884329586,0.4358141457406,0.893872595606923
7529,0.106299740264883,0.0578241264570391,0.436027387554447,0.762593725516631
7530,0.0761534165852696,0.0355830915783693,0.444122239867345,0.534716725014547
7531,0.0941529960929115,0.0433289340682398,0.422846014512645,0.672010062420167
7532,0.0896620446834033,0.0272657503314454,0.444934458861556,0.679243849145578
7533,0.0803810035665675,0.0384213867864037,0.338007200842519,0.537468377023525
7534,0.0765242664456901,0.0304185417455742,0.434104258223047,0.42173502392184
7535,0.0839399943466541,0.0206076375817265,0.425840307293242,0.332637682180307
7536,0.0866916634283526,0.0169293344797137,0.446247791804592,0.438140030678172
7537,0.0819960437484257,0.028170019832469,0.245111878135879,0.274338074090419
7538,0.0867561438335811,0.0241298634344322,0.0887153330285049,0.180942914489325
7539,0.0985861365660364,0.0181562788561309,0.436127356162415,0.482050683851112
7540,0.0890169478106606,0.0187256265773955,0.436224346484457,0.575806778186254
7541,0.0602975556194238,0.0286971001827137,0.445721699823376,0.516225017803628
7542,0.0797168293405804,0.0491247283629521,0.426940575218307,0.667205390948973
7543,0.090873677270106,0.0182061768515236,0.422514640528125,0.371041924685222
7544,0.0986057559437808,0.0238299047151146,0.440055436720235,0.406981886978006
7545,0.094002386098505,0.0488961420927595,0.439627650955419,0.727243837956821
7546,0.105639079509101,0.028969101807602,0.439460204978417,0.553472880304936
7547,0.0945734544431413,0.0395286129431511,0.42234433992747,0.547805922933643
7548,0.076923498570681,0.0191025305080402,0.435766072822065,0.435149284016337
7549,0.0914590385332531,0.0236927460754031,0.307927592467883,0.474701459310316
7550,0.109013254764512,0.0292502020567129,0.207916736550682,0.487086969110928
7551,0.102594015556297,0.0186463320005052,0.259641817608751,0.314784408941389
7552,0.0989657877914809,0.0219848660586368,0.280959440548938,0.321745393279902
7553,0.0883663423151968,0.0254088577359467,0.364356526117781,0.40847023762628
7554,0.09728193489038,0.0154576569872461,0.412842513378183,0.286297743435964
7555,0.0940371013174026,0.0286347077953361,0.427960572961241,0.690342508903917
7556,0.103710288720759,0.0280946472371569,0.432193767197398,0.634774673125329
7557,0.082718425624955,0.0207103343328465,0.43400909718288,0.222978094278198
7558,0.0902127927531206,0.0211433323441017,0.441624805271224,0.603425574694523
7559,0.0932440721973913,0.0259298289124327,0.417332740146167,0.336700178614869
7560,0.0919996318181326,0.0237244126711139,0.44145621765929,0.451441649275524
7561,0.105501280117927,0.023448506161532,0.440112414787645,0.747315075947279
7562,0.0928458086378288,0.0447224390785484,0.444887271941392,0.710290606548552
7563,0.0901882283935568,0.0331488065834577,0.45394471734047,0.612561264617494
7564,0.0769925790250249,0.0338282077637929,0.431489280227814,0.542987478601062
7565,0.102887616477572,0.0238907341889304,0.422603915158612,0.500704560257086
7566,0.0931510866787426,0.0286808202793035,0.430622145295876,0.679550669272526
7567,0.0921723801925114,0.0512067747250539,0.38306009107817,0.733183631092954
7568,0.106683409067368,0.0247088407271013,0.412601991461221,0.589654410581262
7569,0.102914278216437,0.0234134517709139,0.449475636138232,0.544925021135751
7570,0.090866538769783,0.0340701557169598,0.436720154383384,0.661320203139346
7571,0.0856933116463936,0.023825289945648,0.446178287343592,0.461171459832387
7572,0.0949177636904241,0.0299285119110225,0.423747819021742,0.515849961875766
7573,0.0870445332381864,0.0244450371503461,0.439898214117547,0.506228502664861
7574,0.0897206005115518,0.0217385465507613,0.43366388106357,0.543616649552169
7575,0.103673848627905,0.0334660741867785,0.434991388539468,0.545538837619025
7576,0.088685044282529,0.0277844714927984,0.428688302160588,0.491117397593017
7577,0.0821207750720379,0.0640193570889033,0.445637999978007,0.688045076591194
7578,0.0964623144493701,0.0303023498990869,0.410732685492465,0.436873727865887
7579,0.0936910975412651,0.0189145928858465,0.425339848704798,0.58345635656064
7580,0.0936007802608548,0.0193471810507287,0.370867150998057,0.336384843556336
7581,0.0877278611177457,0.0246684206297951,0.438111177704367,0.369762893392696
7582,0.0728772339154983,0.0191810621612798,0.482878759187649,0.215052472357539
7583,0.0625136284004158,0.0203833360187824,0.580986443186222,0.270950378559649
7584,0.0835014012163789,0.0479552430264181,0.760042141827359,0.750434077501564
7585,0.0812903690035599,0.0293931385952168,0.533370702947913,0.375822966091616
7586,0.0765557395610091,0.0197900804553653,0.457198484148006,0.551082212373757
7587,0.0788462635786035,0.0354420538246625,0.712716948559715,0.55989074093315
7588,0.0890771591100661,0.0220600950101854,0.628959846285486,0.303437409874808
7589,0.103181666907709,0.015422968710636,0.427867105595679,0.319101874069959
7590,0.10047295971063,0.0492339499936955,0.438742580059307,0.725849215728565
7591,0.0919767776695497,0.0225111123044962,0.432892853784983,0.429466726027238
7592,0.113554180645204,0.0322851592931648,0.425006681724805,0.652540741061048
7593,0.0965882989309328,0.0217807001823084,0.42891901734094,0.536617968137483
7594,0.0883626717194848,0.0192455118039337,0.436087577507191,0.287036581671092
7595,0.094871689194784,0.0333740227292277,0.454714105073685,0.455309423779194
7596,0.0962827949400871,0.0168245295741616,0.426217078181774,0.397978408114196
7597,0.075532097133175,0.0255244461673279,0.524927003334583,0.256134302954349
7598,0.0863630168175928,0.0339965043025986,0.574978086466571,0.65723507271921
7599,0.0995361838106053,0.0564164284685649,0.583737376865197,0.804512617095791
7600,0.0857594611088648,0.0190690354698484,0.445407086990634,0.520350378928629
7601,0.0946986319414504,0.0314965418528838,0.426124883577285,0.568593599194573
7602,0.090327996214115,0.0711334027327886,0.435838775444115,0.80840651591933
7603,0.0874673434823724,0.0218138477740767,0.422475349728487,0.668166547770793
7604,0.0988660881205289,0.0490625241105141,0.427663315867558,0.726673414868667
7605,0.077454350819763,0.0537597519783373,0.423044882733291,0.765978009581464
7606,0.110303316733211,0.0715604083794126,0.422215516768107,0.861378502839276
7607,0.101948602595242,0.0543338917450871,0.443055918664826,0.762942558839043
7608,0.0888669037356812,0.0415163168402738,0.434998191496919,0.731161012872653
7609,0.0904287950975419,0.0350757663587931,0.445057460311904,0.577217154017892
7610,0.090383302118644,0.0336852373310496,0.453295070337859,0.673285107715858
7611,0.123142945986704,0.0341598913880736,0.381015768657124,0.649625558522799
7612,0.0705416042940142,0.0320543033646379,0.573927470174596,0.604554805205449
7613,0.0833814725492334,0.0397637025995662,0.734032431761336,0.590058489572961
7614,0.0798630853125842,0.0322461633094125,0.612970096671844,0.577806473660557
7615,0.0866747100475113,0.0154186591602706,0.784584707338085,0.247246139737548
7616,0.0818920175879473,0.0293313569282807,0.787997744185311,0.61783083625485
7617,0.0736009595525172,0.0312972810425753,0.798436048668632,0.512550154067591
7618,0.0872789046866609,0.0231046280416613,0.83074125407909,0.397354257928153
7619,0.0884525050137473,0.0158514859674127,0.776853387398447,0.277802887549966
7620,0.0849329248416049,0.0166204340143235,0.85802682819035,0.487847222872285
7621,0.0989642425680882,0.0290714363411605,0.650443965751496,0.509343601090517
7622,0.0830934595716694,0.0332021253150545,0.612989226055707,0.371890271401852
7623,0.0936742564143383,0.0341856898805041,0.63703629073146,0.663010679788119
7624,0.090316113126189,0.193718968427739,0.707784008666299,0.944878842304819
7625,0.0842633443811035,0.140193427630881,0.668982010895319,0.923348567843796
7626,0.0865989979488696,0.0621269801078195,0.641865247375671,0.839523202159895
7627,0.0819473183733069,0.0725168993371373,0.611598273644144,0.87037525060019
7628,0.0851304890646885,0.0303998956821402,0.68461437139982,0.63260648264012
7629,0.0716367804371892,0.0265066139822314,0.811979555848914,0.408021277509848
7630,0.0920263158307358,0.0214136399847524,0.715777696665607,0.376201742076292
7631,0.0778347211462538,0.0212444087024949,0.646603224800022,0.512815947973796
7632,0.0782638754982907,0.0151778274249697,0.59403899855389,0.380391541256403
7633,0.0810149060847718,0.0279921473810849,0.803335974709664,0.218839793725876
7634,0.0810282214286176,0.0302140929052867,0.571772284053468,0.550481437909635
7635,0.0776412431502896,0.0173824529827241,0.942719250727293,0.439693839008868
7636,0.0961971475052054,0.0192677373965244,0.93566341840614,0.374942122913503
7637,0.108822363804338,0.0301545655423149,0.726896245362963,0.343876069025577
7638,0.0846522287537785,0.0432092671730523,0.575454572757876,0.518286066649967
7639,0.0862748571844277,0.0217777725746153,0.422259688157395,0.501491697343473
7640,0.0898019985237805,0.038325169259891,0.431320113689546,0.568507607237562
7641,0.0903015795929193,0.0426799426106027,0.424947123528133,0.761370676154215
7642,0.085112043790242,0.037563243676395,0.423240091936945,0.677845209576176
7643,0.091392263816271,0.0955941562051715,0.428896443686822,0.80697283981232
7644,0.105517400517547,0.0600511506448325,0.444920353733367,0.809258466988702
7645,0.0999968618573663,0.0301742084687815,0.44510496045571,0.652849146449059
7646,0.0982105981862534,0.040153250812244,0.42841503384761,0.716411068902162
7647,0.0848746770671524,0.0388818993161283,0.334579217509615,0.682738049718931
7648,0.0871671990518926,0.0282013317991844,0.433084150450565,0.621039917060611
7649,0.0994969045512982,0.0146570921806765,0.444733163638047,0.477869077078597
7650,0.0863146343322784,0.0301445301083581,0.396469287220294,0.664536836294716
7651,0.107869898632774,0.0195620265916859,0.438701474632181,0.34322689700844
7652,0.0953138017122487,0.0288387924117611,0.425970591894704,0.550066984905361
7653,0.0792638359168805,0.0318123477495777,0.444504658837433,0.661001848226734
7654,0.0985373847430428,0.0227087701723487,0.422399146834401,0.642209384856908
7655,0.100542721884702,0.0363418052210396,0.472637077044313,0.58664023316135
7656,0.101688348424736,0.0247297764971233,0.430370304506219,0.631032270173152
7657,0.0765655951686372,0.0264273153501025,0.435211783484999,0.435902782585889
7658,0.0870280999775987,0.0283333536295286,0.429421597248898,0.403287428011
7659,0.0718611959109764,0.0215629372033725,0.437275731324379,0.438443331887449
7660,0.0904893041664878,0.0446401030717574,0.435361879048658,0.622531542182258
7661,0.108747591920585,0.0940035484172528,0.43822742804197,0.734778483026692
7662,0.102797213782975,0.0459084895699761,0.425549937198859,0.728766618974248
7663,0.0915827724921418,0.0342216339915269,0.431493543029738,0.729316068342105
7664,0.0864812584237801,0.0719901484649079,0.42463819549947,0.820465971489046
7665,0.0933180896281869,0.338037723141479,0.433791809904763,0.973134029131511
7666,0.0904350554853753,0.0760851234154909,0.43788584976425,0.821598827848003
7667,0.072878544979508,0.0291126828299459,0.393733938100529,0.48836934563346
7668,0.0861710675125193,0.0236019909052444,0.427162952784995,0.446965829068061
7669,0.091799220414293,0.0175646532384304,0.424599804699259,0.270523067274192
7670,0.0918167338200689,0.031461173849862,0.45061205814412,0.586474866071456
7671,0.0826749952202511,0.0171124372522666,0.432182067145251,0.479853517679733
7672,0.116295354947138,0.0528391397610298,0.371013235150993,0.753144924347417
7673,0.0982361055645945,0.0481938456941568,0.410149606623726,0.753068864921461
7674,0.0830141812295786,0.0435507335916188,0.453515794604147,0.759264299442655
7675,0.0897644533226455,0.047718896370725,0.44177156855081,0.573464184734892
7676,0.0849549107519681,0.0265719501823537,0.443090336990576,0.588007623151933
7677,0.0837870047690648,0.0209461992877056,0.309485111644528,0.410940565329831
7678,0.0912978342209016,0.0185276035801284,0.359852371599724,0.596876116063012
7679,0.0967205750410181,0.043828629249421,0.503358630829229,0.664462600993164
7680,0.0904765151329043,0.0283167329476616,0.440491058865256,0.500846706552961
7681,0.0960353073296353,0.0400300021721895,0.426467218102797,0.563335727863086
7682,0.0961221747678208,0.0279423811189979,0.42266729269598,0.399540560207913
7683,0.100595517992596,0.0359172591203933,0.44546237038907,0.538617832184871
7684,0.0897873000938448,0.0231143071087592,0.405011335878971,0.422444214112506
7685,0.094937711893685,0.0287587724882533,0.428623306244851,0.513172386204744
7686,0.0935564766642551,0.0322042147309893,0.357492658617863,0.519256034244999
7687,0.0820297357403276,0.0816267989932457,0.439387074804462,0.809306585757013
7688,0.102326415532329,0.0231634378759556,0.413981070105919,0.44681686150532
7689,0.0814383610989922,0.0364700604208165,0.650349604499224,0.593087546320296
7690,0.0617100333526193,0.0376473368640913,0.68863625321666,0.598329371549869
7691,0.0825258789535663,0.0481096158145121,0.74088466409886,0.756868315443165
7692,0.0796772523615733,0.0347874623980895,0.967199402445343,0.570215661280958
7693,0.0785848291198943,0.0606153262467065,0.849534529646718,0.863814093999515
7694,0.100342848244918,0.0627895282204162,0.940782464630075,0.806732147846032
7695,0.0977678811263168,0.0645906483499543,0.940652156079055,0.814248701946658
7696,0.0788602807288816,0.0300854833605013,0.873619093235058,0.668823860203276
7697,0.0901221363993745,0.0376296210993581,0.96088143789724,0.591080346528443
7698,0.083920454837604,0.0315496385710747,0.9124778282523,0.581169886041181
7699,0.0873889264028313,0.0414082636234233,0.776651563638427,0.776033330787742
7700,0.0809105917234671,0.037615393130086,0.651319908160369,0.524988744312416
7701,0.0817127208133679,0.0241431795216857,0.757832770450007,0.568748663276684
7702,0.0883188067575988,0.012747022184687,0.827468218601224,0.304350247561362
7703,0.0796592942204142,0.0742261608807891,0.814980072324366,0.791179900188561
7704,0.0930081253035379,0.0182286780870772,0.625667523112805,0.497818140768669
7705,0.0863846394366841,0.0328378930608096,0.647052618687792,0.663485666165341
7706,0.0942527575917161,0.0305964113676723,0.835162947787348,0.67675079757621
7707,0.0783972702688486,0.0300674302389361,0.912067064117653,0.477571352131818
7708,0.0754158742668553,0.0268138142559335,0.819560548325241,0.422950416924638
7709,0.0987877804345035,0.0399312029802847,0.720038160666694,0.585578811175319
7710,0.0875468345103021,0.0244597220050065,0.594673532237318,0.602794579985646
7711,0.082017936709236,0.0177046257896581,0.412014590379278,0.383823706928484
7712,0.0901649965641605,0.0269199491350136,0.438546866319073,0.645662355238525
7713,0.0923671923187826,0.0374960897075397,0.445174984495853,0.623840695298832
7714,0.0844556211472972,0.0473771704375151,0.443409105129087,0.716408102015105
7715,0.0930903308923948,0.0397449436639791,0.554503203282799,0.54218682189505
7716,0.0810783573260461,0.0136686712113387,0.704620486501135,0.28386639412641
7717,0.0761584612862537,0.0259879243731986,0.966899334939375,0.0929121395841988
7718,0.0799647229174033,0.0191718163814319,0.832995873678603,0.400051405609043
7719,0.0996893169029388,0.0205403868033835,0.864424625391626,0.449328676488516
7720,0.0767052433571456,0.0353768129925348,0.677368093233856,0.318358386666612
7721,0.0822504112956999,0.0201643020060948,0.631095611865066,0.556324509438145
7722,0.0901779040193379,0.0264021429740556,0.443059800575579,0.496031236496983
7723,0.0725151283836421,0.0226961014343279,0.423551899856128,0.352506869708722
7724,0.104275435763955,0.0373891032262286,0.444287788955605,0.750738593663274
7725,0.0790594300830864,0.0396691488453857,0.435263727603755,0.719563773424988
7726,0.0922989123700779,0.0238017544949392,0.439134135009142,0.441674326973524
7727,0.0808869922619086,0.0199551547501188,0.410899539114809,0.345814183704553
7728,0.0815870905496801,0.0149397155835855,0.369563043297411,0.264020667521412
7729,0.0817384895105453,0.0250346242897152,0.362984986073417,0.240060944930953
7730,0.0752613968284565,0.0365655245813823,0.240326003314705,0.497017164426792
7731,0.101396955805021,0.0255333950507657,0.362880669497391,0.363056082391231
7732,0.0895780002055554,0.0271749805632047,0.427728560738355,0.425868964598608
7733,0.0986937462573926,0.031974487812103,0.403392758079872,0.425681063991431
7734,0.096449112779124,0.0217467830229672,0.425918551246355,0.431555956946405
7735,0.0896123757169742,0.0191421439978453,0.424810216909871,0.483608490901228
7736,0.101221933455232,0.0217263020443913,0.427441231558769,0.480321589585363
7737,0.107067965357221,0.0231063471568497,0.435139238283719,0.675722951711555
7738,0.0967876438978605,0.0217442446737301,0.437323688990047,0.521489613843266
7739,0.0932757430529083,0.0291222160755246,0.423860619017758,0.520523278182152
7740,0.0968463986501946,0.0521771711521528,0.426820819542983,0.742858382656855
7741,0.0940917851845661,0.0815358920634368,0.409711323813954,0.805790323050279
7742,0.103827273490513,0.025522812912669,0.43697263771462,0.673933738566269
7743,0.0979444496546741,0.022631565743251,0.438933060123188,0.48071382556524
7744,0.0876402092869245,0.0237271316797849,0.440113683317275,0.601324519817687
7745,0.090412557559693,0.0266848629904779,0.441926238428374,0.622594355765977
7746,0.0877001984929096,0.0244541388159355,0.431933293903223,0.446618149291622
7747,0.0918840271228677,0.0263470193052994,0.458865624785149,0.600708077171228
7748,0.0776380732059202,0.0776615849585717,0.443787211594029,0.694618891882144
7749,0.0836014716687564,0.0816138498007153,0.422448695753441,0.85785542934676
7750,0.0969629828945857,0.0923402620735233,0.457529736117103,0.864712414007879
7751,0.0978897175183386,0.0357611981097262,0.42304802717107,0.561709056547201
7752,0.108695637293007,0.0315261884612207,0.437565569096656,0.695831761201788
7753,0.107975673228085,0.0750254676284354,0.442983219084659,0.828408034994476
7754,0.100819937529787,0.0406806972210014,0.429168091820612,0.742850975959866
7755,0.0918495074675726,0.0184580226488274,0.457205278126189,0.516306649390644
7756,0.0861966747269415,0.0342146951938399,0.362132054325631,0.451726860957426
7757,0.0771555265857829,0.0366452550139433,0.427904628089726,0.516983994783988
7758,0.0851483253915895,0.0272676156460806,0.42687744964918,0.507516029513956
7759,0.0959769572433272,0.0175592832227093,0.431322584971061,0.422920010955611
7760,0.087415929444475,0.0260745686218801,0.414416332094734,0.525032149441142
7761,0.100024103526423,0.0228395313882627,0.409517841918798,0.572300290176669
7762,0.0983154156823471,0.0277966423347891,0.346444809492963,0.456031923827415
7763,0.0952263012700487,0.0369227482466045,0.343827562477294,0.501538105862916
7764,0.0831171867070384,0.02279939768039,0.294360672034547,0.439413866082821
7765,0.0978628353521313,0.033872981928796,0.460706015223298,0.614690133990396
7766,0.0977948437048937,0.0267526566311422,0.444094479524128,0.531630311713904
7767,0.0748592824911368,0.023396046017304,0.501145410119184,0.566746025906347
7768,0.102333057500483,0.0287243332709673,0.599865530969561,0.488818906552072
7769,0.084090849390896,0.0307918907058002,0.737609465614813,0.550108034414278
7770,0.0870361794836846,0.0258092899393961,0.517007076165727,0.466211048512618
7771,0.0935665844166143,0.0213655416633486,0.625771717203417,0.237841355305755
7772,0.0898313891726712,0.0249387592540293,0.644734151128575,0.469414894905225
7773,0.0850051185468623,0.0305619321686331,0.71173093554779,0.537315303628159
7774,0.0888414737626795,0.0286288579485296,0.957874800838808,0.586089027050407
7775,0.0692051142200646,0.0252045264984629,0.769782629042513,0.434066044344219
7776,0.0929050710436795,0.0208687608085028,0.793697081333404,0.488450159750576
7777,0.0738799928239548,0.0339882052503285,0.717321977096415,0.387982126322409
7778,0.0917008592054689,0.038084242326847,0.651357562868515,0.68610039803462
7779,0.101543469671813,0.0560392353777334,0.928204918890373,0.816880726437699
7780,0.0728015183223552,0.0864726805082042,0.906767415995819,0.789748050254755
7781,0.0809289107556054,0.0462341889961987,0.949766332755028,0.7085025586288
7782,0.0765379904789913,0.0646614498548932,0.799516981362047,0.802536620558863
7783,0.0723377155382192,0.0224088810486253,0.673719230147924,0.389880228038941
7784,0.0852980642805634,0.0261833515916631,0.560956493833289,0.530516261498864
7785,0.108505558261617,0.0249054465962392,0.429396022881181,0.567610184902687
7786,0.101161948351284,0.024995061005578,0.42554797569528,0.38706911948985
7787,0.0923643917122101,0.0205180887295926,0.361900803409882,0.390047308603352
7788,0.0944596248168293,0.0156931406542262,0.321181571843913,0.39310593757691
7789,0.0760585534535836,0.0505170364553692,0.417522572388494,0.59666099637554
7790,0.0898030523605351,0.0600659670559711,0.440663763677859,0.818525250558901
7791,0.0939566243884989,0.0398140615886589,0.428891476810625,0.665092308698842
7792,0.102814164757512,0.0243446405436362,0.440020978549211,0.590623724863775
7793,0.0968116687638071,0.0206202312605251,0.44406366953229,0.499479496002667
7794,0.0892699800913691,0.0355784848151886,0.427805975117978,0.69490371127162
7795,0.0922572726417365,0.0485511852845787,0.444458048782562,0.737115732073911
7796,0.0850615034457624,0.0329636157617363,0.445473795971449,0.698403945098661
7797,0.109943548127342,0.02517420584768,0.35994918027424,0.504992492295259
7798,0.0846199107904303,0.0273761079376056,0.317760391592294,0.46214548689875
7799,0.0840189385082856,0.021911556408581,0.212662913191939,0.252199430929253
7800,0.0857078678875607,0.0247020250590429,0.45151070583982,0.492025928660116
7801,0.0875012261056605,0.0311142816698941,0.428425706820082,0.503364860050522
7802,0.0915404044710568,0.0417944196676093,0.438854188208426,0.751414152103142
7803,0.0940894873618372,0.0292006449276821,0.360847074558426,0.506405261303664
7804,0.0907943950396077,0.022189421198233,0.357827895400762,0.555328050049922
7805,0.0771557241090573,0.0389066605633572,0.437082128568293,0.728205404270455
7806,0.0904817785767213,0.0416205041161257,0.436609674586655,0.64338408839937
7807,0.0962548968353719,0.0317906318038466,0.452382140421208,0.464279459399228
7808,0.10267036967546,0.0212667285188566,0.399684431910002,0.58939164427945
7809,0.0984517272828916,0.0813963761478386,0.344497337104749,0.800521274065469
7810,0.0865594384837718,0.0362068452542072,0.433872269379225,0.823225655541075
7811,0.106181268272741,0.0278571713045503,0.448681296380639,0.559253616070167
7812,0.102027776928204,0.0249101267749341,0.429613546671823,0.654539164397301
7813,0.0991609541185058,0.0171697029809863,0.431211398987154,0.49076094823482
7814,0.0911101721624783,0.0220671248769997,0.433516489698365,0.577748825859003
7815,0.084821823677456,0.0319005636926299,0.327818570164304,0.608192768342874
7816,0.0774149697015193,0.0252213483516507,0.320859304294465,0.381124057352374
7817,0.087010494792223,0.0260335483869468,0.437115430842237,0.56851537620359
7818,0.0929861234921644,0.0239450276927814,0.43219677882974,0.677847641951517
7819,0.0979294700120194,0.076011673680385,0.431699056573813,0.847923572690579
7820,0.0882274175355561,0.0889326497422577,0.426859412815358,0.873447151600782
7821,0.101480253260979,0.0630963948521641,0.424958953694061,0.763520237803815
7822,0.0960325871886577,0.084981321804438,0.649376496283555,0.897516071779509
7823,0.0938170762929485,0.040616249572648,0.618904919261706,0.667235252081432
7824,0.0966004548803958,0.0361521426709475,0.566768363090098,0.471801715030408
7825,0.101096169669229,0.0584782077097913,0.735436551178629,0.79908121183764
7826,0.0811041965223842,0.0894757485264309,0.682058468805568,0.767153361552198
7827,0.0874255907811132,0.0701930913859898,0.619309269368339,0.873504981241149
7828,0.089823698650626,0.0849986272491484,0.911036375629024,0.845556611464231
7829,0.0998899998057843,0.0288568078638637,0.791305941636485,0.397571416606407
7830,0.0766396350691493,0.0331449702346961,0.890773044075623,0.390649476535114
7831,0.0853922931999279,0.0216582769541913,0.533864008458145,0.545762479217803
7832,0.0914020237955561,0.0158952374364926,0.418967767592426,0.398912135965131
7833,0.100555811799812,0.0350115154100087,0.441895163095023,0.626096565539594
7834,0.0918991994394282,0.0337820447996122,0.360648180683388,0.680362767716231
7835,0.0982353064436752,0.0688247795609341,0.426022517264452,0.785845967052949
7836,0.102390366653227,0.0291160582921396,0.442170696544793,0.612097429270807
7837,0.0851891224374612,0.0169548768946535,0.437301398980619,0.486005912337162
7838,0.0979385978597635,0.0166882427536739,0.438038558699117,0.488816015484064
7839,0.0922448760594566,0.024813595637378,0.411794208237831,0.526541932983472
7840,0.0865707054316301,0.0204684433076206,0.446567884877956,0.471155633975924
7841,0.0921832912930727,0.0242765827851231,0.424777245671135,0.442973330106374
7842,0.085021800960515,0.0217377428400857,0.424935238896047,0.462199186362107
7843,0.0977148718858279,0.045440012576964,0.439523686585056,0.834727488819041
7844,0.108796708938159,0.0279490792779452,0.426391195408467,0.624709456373631
7845,0.0898997094847246,0.0235602909786783,0.432360786920795,0.545968786422838
7846,0.0847480416879262,0.0409462166425364,0.490487572467606,0.638543044219776
7847,0.0951428568191765,0.0343625071280797,0.425211803223807,0.584021249097548
7848,0.0906560860384699,0.0200110050963807,0.428982795070687,0.446255431583182
7849,0.0873146797442932,0.0314633864784146,0.576557041477236,0.594929114567096
7850,0.0820438850558732,0.0602655329244929,0.713939820493914,0.818660221182394
7851,0.0910487133850063,0.149817288801765,0.696491966143979,0.915284412792249
7852,0.0804260760637638,0.0871636869122689,0.780584274152211,0.835095153639659
7853,0.0942414386381727,0.142050383890763,0.748588251633846,0.909926566683054
7854,0.085033872695304,0.195837011023104,0.863034811799825,0.906806794608887
7855,0.0877817098577849,0.345846191179598,0.937510650376402,0.956927306941935
7856,0.083634408427458,0.367368006841571,0.861888365424317,0.957885085771717
7857,0.0919727026795774,0.138907741110808,0.690905595714781,0.896759835229652
7858,0.0895181358373176,0.0515181193021585,0.424044224360098,0.77672548757607
7859,0.0951377421258645,0.0241952303945835,0.338981998953522,0.571745085392204
7860,0.0971089828455404,0.0415531383493432,0.435646925166318,0.761621352132148
7861,0.0891036104979293,0.0352631315515745,0.423810407237488,0.556662134740604
7862,0.110651879273889,0.0225878596007698,0.421818814817364,0.537368846702813
7863,0.0916893176517572,0.0343879851638198,0.443374588900866,0.534247253868279
7864,0.0830182394144594,0.0352395585013702,0.427018669903679,0.598157138005736
7865,0.0960385977037816,0.0180502553614058,0.447328024823025,0.611881142058024
7866,0.0978429468174782,0.0532200416676789,0.437516733080088,0.705794815225864
7867,0.0864958926157025,0.05577298057592,0.449683983476395,0.720263320648663
7868,0.0984516303203933,0.0185199555011953,0.445390235831559,0.317769175966328
7869,0.0885284147583716,0.02196054522256,0.430878186536717,0.55046601647574
7870,0.0864219444408981,0.0158958772988498,0.429753243085073,0.329506607259588
7871,0.0977906646730502,0.0193031212528703,0.447499917405478,0.577169398203385
7872,0.0788349014812866,0.0328099215143392,0.42552833833942,0.764639382903427
7873,0.100802831543275,0.041951259368552,0.441724186728093,0.764698477801665
7874,0.0922639134138174,0.0986768479458893,0.437377687406638,0.871098116132526
7875,0.0837775719131628,0.0380484638992198,0.439116074391555,0.743740000301569
7876,0.0921764019399226,0.01891373411989,0.423254315309439,0.34868925164472
7877,0.0854864354166608,0.0247056326970619,0.626814710970183,0.452790155544084
7878,0.0748423464921984,0.0182498280609345,0.735726687031898,0.5323912212929
7879,0.0979040461190954,0.0233469038926156,0.753370861153475,0.57514056864401
7880,0.0837489738982987,0.0671852356176571,0.615783644789839,0.725724602515014
7881,0.0731495731314487,0.160009613710298,0.79010217272557,0.929401869596089
7882,0.0700014211514283,0.30195541004589,0.620861442976903,0.961808252999676
7883,0.0797006762591333,0.228844490642914,0.574632098900129,0.929480539026949
7884,0.061544562700449,0.222938851485611,0.579639353945965,0.90491980843732
7885,0.0819362667857635,0.0645399166478145,0.574433382806978,0.761950541358679
7886,0.101861436806118,0.0302384211035784,0.550072339510146,0.605208574267487
7887,0.0759392041165283,0.0251166181192409,0.606024553610688,0.349862739000445
7888,0.0689915027764696,0.0190742951119783,0.634055186247225,0.20247600532889
7889,0.0978797733325248,0.0157673527115855,0.585087203569364,0.443359406958379
7890,0.105454045557835,0.0352128602317006,0.434164297150523,0.646757483054403
7891,0.0820817985481874,0.0439138500213661,0.395068358159172,0.696896419156417
7892,0.101626954143049,0.0256855997262642,0.302388726007025,0.498988148913965
7893,0.0871186345724036,0.0340557107890924,0.343966764242783,0.578459046024749
7894,0.0958968630707348,0.0363112645162403,0.433951164578845,0.674247170784061
7895,0.091245823920036,0.0262584082885159,0.447545124465431,0.462495282056168
7896,0.0923411387717926,0.0295628969694007,0.429255167947552,0.399117093117864
7897,0.0994242556893853,0.0209912268357568,0.361362609238409,0.305678128382919
7898,0.114558447280726,0.0245598036164083,0.433795871253598,0.437648936889087
7899,0.083609266156752,0.0212836523817095,0.429591167296312,0.499741898364923
7900,0.0925362189206406,0.0181507141842977,0.441217298876093,0.599593372142345
7901,0.0931880870616724,0.0180897115840202,0.431642841495165,0.469455158395421
7902,0.087139776627879,0.0272333437896962,0.434068472837443,0.503684907818055
7903,0.086110395566256,0.0209867659292662,0.479156887882008,0.447115791682524
7904,0.0905000620876298,0.0259947756646962,0.43791449156376,0.484499687493625
7905,0.0824380432670491,0.0319392683584146,0.444215783351765,0.510714451540581
7906,0.0913991256072419,0.0189013800733687,0.319629793295234,0.439931902594392
7907,0.0882447969564251,0.024794397723473,0.262410704239627,0.409505835977708
7908,0.0978393015472978,0.0308548321666455,0.416264386682511,0.499858657074307
7909,0.0960647820532409,0.0121382992199956,0.314712565601766,0.301252136661153
7910,0.0936398221505557,0.0199822982471884,0.389475935430161,0.41754061231517
7911,0.0887809528067009,0.0461716447091882,0.460385547459519,0.639680790994724
7912,0.0840212117486162,0.0262280279285101,0.43565913211076,0.516742444591021
7913,0.0937585426278012,0.0295317341462714,0.43965254444132,0.449617085706246
7914,0.070035640363433,0.0609317371530345,0.450698172138067,0.732274360193616
7915,0.0938608203406238,0.0682424203226667,0.428303615769654,0.778228411079717
7916,0.0886530147792425,0.0562209270297768,0.442942597681901,0.69964859058291
7917,0.0832060099628137,0.0607790376972702,0.333402525373998,0.713092269718655
7918,0.106096650337944,0.0385800068277427,0.437316834606122,0.706827206395995
7919,0.0985819586247543,0.0331155484067823,0.442562470457256,0.589769822165956
7920,0.0947089903272759,0.0440150624862667,0.458567956721115,0.727062461851935
7921,0.100115266209221,0.0416841724869047,0.434490548643146,0.781508333142819
7922,0.0961113651461878,0.0197384581321269,0.425651495060164,0.301250804436489
7923,0.110871661487851,0.0330550976033196,0.428590134968151,0.729055182683115
7924,0.0886541573877225,0.0328392148395454,0.387301636950804,0.605705034813344
7925,0.0928048141231801,0.0268795875888865,0.423876239611248,0.609236247534302
7926,0.0894514860080475,0.0395717332166415,0.457176382785732,0.667213325803421
7927,0.110516349271914,0.0387735124754751,0.441746352915881,0.682691071795684
7928,0.102711298202031,0.0211932032042292,0.43754636886535,0.55799851595538
7929,0.0817204254298171,0.0263571771175835,0.43078288847862,0.643912870801633
7930,0.10737598603912,0.0396362942162923,0.43358381340295,0.693488332503514
7931,0.0867298696960623,0.0262473253346444,0.439099746309957,0.516411801670929
7932,0.0972615723176371,0.0280757662360457,0.442636250686345,0.636647927311591
7933,0.0868779996890774,0.0371007534151581,0.423152556992483,0.520262800569019
7934,0.0749015830361962,0.0356906679544735,0.426993682056636,0.675920162256407
7935,0.0863662531854102,0.0485012662832069,0.428902502915744,0.741993234255263
7936,0.0902487984242267,0.0322279742152784,0.442276823846488,0.344350632256153
7937,0.0959538487218476,0.0213329189182318,0.440989115352255,0.54794445592445
7938,0.0992705532737777,0.0442290584987889,0.435057113505887,0.505737269973966
7939,0.0991662406611942,0.0235310618841843,0.191215072953676,0.244268207181299
7940,0.0935176925825796,0.0273660534186233,0.367867932189334,0.389697752868454
7941,0.102253269627177,0.0538380832426025,0.29830798889873,0.674670713803428
7942,0.0860978332716402,0.0450177585488584,0.396010311096612,0.666462581460236
7943,0.117548278617393,0.0395948545988178,0.443275106310512,0.717719226108784
7944,0.0946616931992558,0.0377928251876581,0.427104728466533,0.745675631342602
7945,0.0911343475988322,0.0287802120716537,0.446239493910489,0.661197508750853
7946,0.0856146970378801,0.0232181032565417,0.350944244566747,0.442037476582807
7947,0.0949375678704238,0.0334719810982891,0.387776510113711,0.621717538011992
7948,0.0864420026546792,0.0227919459096107,0.387089390629956,0.192962624596667
7949,0.0654198251763058,0.0289977352661024,0.433383218118991,0.595299770268711
7950,0.0881345179784489,0.0370156973046006,0.441683321650664,0.625808699387242
7951,0.0836756022749315,0.0331064600006076,0.422050147714137,0.683165452750493
7952,0.0852294886377995,0.0304159640116749,0.438008603082157,0.54626060119971
7953,0.090701393742026,0.0308620684934881,0.431017976450987,0.461848894798726
7954,0.0757214692125367,0.0222274677857076,0.476670424751826,0.20835587646346
7955,0.0884784620144539,0.0218442943408068,0.442586717456783,0.511962216327716
7956,0.0849981304607177,0.0349698482985493,0.410953833479109,0.430692236499484
7957,0.0851130635312955,0.0457013302661187,0.435104001311004,0.514185687825383
7958,0.0768634871121627,0.0300090951236836,0.426312889886137,0.53090515904139
7959,0.0920748007940141,0.0266413519892797,0.437016168736174,0.508154139123842
7960,0.092610604074881,0.0283332074735672,0.425439708851896,0.672059351272395
7961,0.0923439242368822,0.0505186679698477,0.444706156542745,0.567475024990401
7962,0.0954865872403601,0.0271639548500887,0.302436143864543,0.579670873761965
7963,0.0886115190963921,0.0223440260195808,0.435366893987678,0.390952874456892
7964,0.0965210659456399,0.0236894721428681,0.293951286554062,0.460984007165999
7965,0.0768544476747879,0.0288875385866461,0.484318129118183,0.414500945257893
7966,0.0661409233236982,0.0290585940155889,0.814260139440056,0.393647969987195
7967,0.0957548236763349,0.0185688427122897,0.719942663208071,0.438469889126426
7968,0.0829554935204953,0.0413600054087489,0.758277726785747,0.699517221008479
7969,0.100034541213239,0.0465330253090185,0.638420464322186,0.697866672410364
7970,0.0909423472798907,0.034960242731121,0.6516066518257,0.62170002706264
7971,0.0884029025760726,0.0607398081978741,0.717227787537401,0.789208446525374
7972,0.087217110548284,0.0250476360199361,0.468221006121398,0.400740688028099
7973,0.0923963742366802,0.0235382747069498,0.43806222213217,0.605553301228984
7974,0.0821189020465274,0.0290056817650521,0.284536530429304,0.456318820772782
7975,0.0861181307770892,0.0243977355740648,0.0918987754804039,0.355136857613678
7976,0.0817943665904284,0.0244209480700087,0.242608335439619,0.423315019166945
7977,0.0927636897190336,0.0392367727885512,0.447334642418474,0.73112309974618
7978,0.114077759371197,0.0200211185811862,0.445727378796048,0.713952980527459
7979,0.0805764902325146,0.0251955626421296,0.426808881026666,0.496075481487816
7980,0.0730827698566568,0.0278868620440456,0.446403876002445,0.491422146150103
7981,0.0827612721633982,0.0178362321423527,0.437373680748242,0.456322267912375
7982,0.107152639412191,0.0369117270248044,0.435456689176776,0.7929763165778
7983,0.0939479239628541,0.0336292259820906,0.441956188183685,0.65680415339235
7984,0.0896428031417378,0.0722688851550936,0.427045248149321,0.822280554162768
7985,0.101821854921525,0.0392708834756058,0.446037585645705,0.748817232356379
7986,0.0893623905040555,0.0348344450294934,0.443252856589345,0.809152784317663
7987,0.0906908762056062,0.0357861935331511,0.446185851579436,0.60956978286874
7988,0.102277896336862,0.0405960902007191,0.428542776264872,0.665997934351554
7989,0.100106494470557,0.0268576704346364,0.425264248008238,0.604467872160385
7990,0.0996640169516774,0.0186203194442288,0.429000645953531,0.530024423356311
7991,0.0877963431227647,0.0359856932522183,0.385835119210247,0.405375488819096
7992,0.0947529454879932,0.0219848345744674,0.544184735271436,0.262375344098683
7993,0.092002476079204,0.0246770834533592,0.272001443762931,0.184788558016646
7994,0.0949111177673618,0.0307057171991519,0.442272475050974,0.535454496474375
7995,0.0901197365486006,0.0195557337834653,0.350927232456201,0.179870671126081
7996,0.0865882268379606,0.0243998866620771,0.366679012312254,0.402223041217629
7997,0.0857744183377361,0.0361065713119726,0.457619025912829,0.442656388287766
7998,0.0995194274274833,0.032786451179316,0.299275475669625,0.520223571731492
7999,0.0983330460407039,0.0442778600087626,0.380440894214226,0.563769397705606
8000,0.0963130532085119,0.0457446292370169,0.435065694756838,0.697851432161168
8001,0.0991704904001507,0.0498293426295763,0.478132328649517,0.616592385232795
8002,0.0935218659603778,0.0174644334483722,0.446395979974181,0.401862801474089
8003,0.0949676600604075,0.0168938381610142,0.328585245902884,0.400530829504719
8004,0.0964380250448216,0.0257329577782744,0.385591762680127,0.282615055904444
8005,0.0958393100629217,0.0328480528275354,0.599092712651343,0.609463803889871
8006,0.0906837760279833,0.0399722475142045,0.517216065577396,0.651805294408003
8007,0.105258737413837,0.16438876250486,0.667114788855394,0.876481443348993
8008,0.0906344723520021,0.165301970013224,0.882956698800435,0.919770907399456
8009,0.0826152244601129,0.0943480022408186,0.97554305111799,0.855078852841932
8010,0.104545937936256,0.0654721637703971,0.731714242204272,0.806272284526461
8011,0.0752220492611142,0.0192405055498369,0.685091042273898,0.295604471189863
8012,0.0744458022207179,0.0306477837256027,0.657550587117937,0.485467855819453
8013,0.0953159897644439,0.0240415986059313,0.741202725335897,0.403281227395939
8014,0.0832523898638464,0.0370164538571495,0.486164271475543,0.553647143089385
8015,0.0847017942032482,0.0164652758288214,0.426548392012471,0.221701635283325
8016,0.104019736967237,0.023072139027912,0.460191196515726,0.4897257794893
8017,0.0907300625313972,0.02603824660089,0.273963833864631,0.355482190265253
8018,0.0735068301273359,0.02545218599854,0.341766395927751,0.303089440562263
8019,0.076582899128924,0.0286900353637302,0.338730270435712,0.445809627892331
8020,0.0968895102303878,0.0220336616172989,0.390655039664662,0.282685476412081
8021,0.0965049553353367,0.0442293913071989,0.411631243116492,0.645666160465376
8022,0.0953119077624956,0.0228262896506331,0.424427311642085,0.435897632037386
8023,0.0873957310651447,0.0224168312845453,0.425551989477598,0.538821101400835
8024,0.0957773021695184,0.0221558178629422,0.428446723467108,0.530825666312372
8025,0.0960178087052408,0.0153564195871189,0.320239035854702,0.295280263875263
8026,0.0973221669754197,0.0211481404704421,0.32463850697455,0.462733793184748
8027,0.106103510856589,0.0278562320359997,0.444440007880516,0.585058241769061
8028,0.0930858352029631,0.031108775861309,0.441277092273555,0.645402607867542
8029,0.0845598612359018,0.0286832749024021,0.453542116585123,0.550089432971915
8030,0.0935718243367315,0.0234013308571645,0.429934258703705,0.655609529159791
8031,0.0945702762226287,0.0664167254539841,0.422658583262025,0.801113860634468
8032,0.0926069476805413,0.113245977872958,0.427282457481252,0.922587539446186
8033,0.0950668673448137,0.0409318359796639,0.436327360199061,0.718987902525038
8034,0.0975866316428067,0.0523177206849053,0.443349910256967,0.781671507536454
8035,0.093986176133318,0.0274367674093473,0.443788888513583,0.687178260860572
8036,0.0935568443577942,0.0568099734027987,0.435874577215193,0.790735543218729
8037,0.0886446358643239,0.0745312837927556,0.422030536002491,0.797588306477541
8038,0.100499705999242,0.0289743996233474,0.435578523456306,0.633671757907967
8039,0.0904839643675692,0.022320386963926,0.435958420204532,0.431102549009202
8040,0.0894712545439353,0.0204487766846155,0.436489197877145,0.601721703555343
8041,0.0965530715501992,0.0164635823863942,0.433582788360681,0.440842560114061
8042,0.0860120826154461,0.0324746069911018,0.437799101595831,0.640134839021835
8043,0.095438255204014,0.021438549500694,0.450674893405524,0.357269181813091
8044,0.0987355574072257,0.0277284250679164,0.399880957319845,0.459559404065118
8045,0.0988386239266214,0.0330979092474558,0.427428134930526,0.692822061946349
8046,0.111140785774116,0.0504749204930286,0.438195585453137,0.813512507156635
8047,0.0822015545231217,0.071722202388909,0.442210910482541,0.78296082586053
8048,0.0816588947161539,0.0712336738219165,0.581532287279897,0.793666032730746
8049,0.0645118436505139,0.0156194897098002,0.748272875454318,0.452142763725251
8050,0.0950314867781056,0.0394432155729229,0.447665253865533,0.364579324672185
8051,0.0920659793749192,0.0306675793834885,0.427903611766193,0.534502707231692
8052,0.087356694710574,0.0197488499652199,0.376965330936248,0.266534618579364
8053,0.102713854607356,0.126470875488973,0.425585303582695,0.855501534290166
8054,0.11433693012851,0.0305887471575442,0.416436811573253,0.536141057634747
8055,0.10319837178426,0.0209062874548075,0.447496508913252,0.510682644762111
8056,0.0893055224456892,0.03112113738604,0.42596691399272,0.56846341518716
8057,0.112342705064749,0.0404964282314733,0.431558810146487,0.70963996481461
8058,0.0960700471730756,0.0331626308338398,0.442613819650109,0.681733158890868
8059,0.095523996832471,0.0266663467754572,0.434604995383677,0.622922061323365
8060,0.0919140166552805,0.0250663607780362,0.427882841430228,0.392705234312688
8061,0.0922503704410265,0.0397468086290407,0.432894654370963,0.697838750550326
8062,0.104169461610114,0.0197243951745227,0.351083755927854,0.271172576244239
8063,0.0897360502749974,0.0200077346715796,0.374182513539856,0.49121022526092
8064,0.104604832406058,0.0703093914055637,0.424512391557575,0.85150429049701
8065,0.105474788257663,0.0590932745309163,0.427589792144209,0.8194814352982
8066,0.0911752898001012,0.0866020629673507,0.447057333102396,0.875836226921031
8067,0.108268395052706,0.149531779941628,0.440956222845424,0.935985586143295
8068,0.0904433921315465,0.099285755205856,0.443911945915382,0.914900616842465
8069,0.0932664556942338,0.028000647613654,0.439998851653036,0.692065042016068
8070,0.0856078422923803,0.0570097536190906,0.426068669165761,0.781828209189418
8071,0.0995320512941672,0.0406146770284196,0.423717748156291,0.645478975410651
8072,0.0888364704954142,0.0293241787398144,0.432585196366428,0.576587032929862
8073,0.0949333039244111,0.0422490347415137,0.434928775065681,0.696245041806009
8074,0.0918508272975301,0.0646704492818897,0.446731961700093,0.78819525873268
8075,0.107145273796324,0.0258245818770392,0.428698382536502,0.462720315566168
8076,0.0913731672631697,0.0225764942862956,0.426814715993753,0.360674172504035
8077,0.0760385657609771,0.024550364152277,0.427232601468172,0.439588389860237
8078,0.0929222872762553,0.0212554982461589,0.314786768739953,0.431335819272697
8079,0.104935492028211,0.018208466170643,0.459779580723591,0.520133459890465
8080,0.0987615859239094,0.0333624667315979,0.398559784383331,0.528565380212208
8081,0.0913894386059733,0.0617594782421278,0.440970052573594,0.834534875673126
8082,0.100764863294052,0.0626049425700133,0.452421025869768,0.837653603385406
8083,0.0897662827343143,0.0233397122751367,0.438503667300496,0.553029990717986
8084,0.0957108349604921,0.034053496914614,0.456884963161869,0.7029907635838
8085,0.109000257464835,0.0692616271005966,0.432854902571698,0.846514777642739
8086,0.0968429748666571,0.052933439019722,0.430785346880459,0.749126141030171
8087,0.0959025759570547,0.0300296483916957,0.440024905151129,0.412362046702067
8088,0.0874646978203832,0.0225005594305464,0.334838462373838,0.302950376732172
8089,0.0859764490901619,0.0182323140436738,0.278955100298663,0.348933814751946
8090,0.0822015497206342,0.0170335178497191,0.343570810996573,0.192991115891865
8091,0.0914465795515532,0.0240380033420196,0.41905321631894,0.58057134864753
8092,0.0958470310620151,0.0457884141422532,0.439762571810968,0.694716880039738
8093,0.0827681118168932,0.0239947963591835,0.434407324910191,0.456027595457753
8094,0.0849203107428074,0.0220728185771242,0.353150631036347,0.290100574076109
8095,0.0976966516619999,0.0328995590597786,0.387419092965484,0.509539405003335
8096,0.0867637119927613,0.0362792612499989,0.251213558036702,0.610675363523912
8097,0.104374705651452,0.0174067980509927,0.424844173593537,0.498667203576856
8098,0.0948249851211231,0.0452742436808744,0.424229505428799,0.697611479905623
8099,0.0904198547890984,0.0362295411273473,0.426084416176241,0.594343601660967
8100,0.0768693348592465,0.0409893697852679,0.425592351281813,0.587751298244808
8101,0.0858869235357878,0.0363997549755264,0.401889655201951,0.470319519397871
8102,0.0852503596731631,0.0719909220787945,0.439302213101166,0.818827367495189
8103,0.0915339542652742,0.0601450207476699,0.438837179111412,0.746341707513373
8104,0.10015904077317,0.0591841780505742,0.443503684511728,0.832414768134385
8105,0.100359928461545,0.091289570102494,0.427391800374151,0.871385469480709
8106,0.0970878734821104,0.029832361422427,0.425837585504377,0.477147981761239
8107,0.105280743093567,0.0337756201110718,0.339289272141434,0.590803813756334
8108,0.0914048349241812,0.141704398410779,0.372815253645755,0.881725751388079
8109,0.0883421288814585,0.0844923979946031,0.376335149152359,0.641140028846844
8110,0.0913056527169983,0.0250374800111844,0.427174068059779,0.283640264127157
8111,0.0998390992273741,0.0218896737784666,0.309786108487705,0.324141581776958
8112,0.0844675340348227,0.0305941893710744,0.438678224067398,0.351372884826808
8113,0.0773816230657394,0.0229670043409161,0.440494495285428,0.231440649119429
8114,0.109409738095877,0.0369164797795549,0.448569527225375,0.72492664463354
8115,0.0778434362102837,0.0332891134992012,0.407900217045437,0.59916636815372
8116,0.0955513525200682,0.0183061792334768,0.423518278191688,0.429574730792478
8117,0.0688754353659297,0.0287067086606594,0.441428227800492,0.605186516766086
8118,0.0870547453700143,0.0250509873173953,0.252710470127902,0.407196014589142
8119,0.0899205517144611,0.0228156686765432,0.351928619707825,0.454093213727615
8120,0.0731977835791777,0.0217743307998254,0.492598448814125,0.245578691943665
8121,0.0901120224315726,0.0385891625234904,0.668736962015203,0.603866692023697
8122,0.0862040093328168,0.0217673587578711,0.74451153136808,0.191777510595267
8123,0.0872693335994415,0.0580956039037803,0.819812972000404,0.686047230402899
8124,0.0898343978920104,0.0431543804646964,0.791079115821805,0.671122614972631
8125,0.0944567952905459,0.0522378589356295,0.686986056334502,0.666090769269166
8126,0.087951880876334,0.019204259659269,0.931639354562638,0.350180392242377
8127,0.0777009058443521,0.0188488678829977,0.688830100616261,0.358680097190636
8128,0.092238751618861,0.0362323786571752,0.524742746300508,0.556462336793606
8129,0.0916287335611627,0.0233061318877429,0.577313925138375,0.554238823087362
8130,0.0716937722704187,0.0785057175850893,0.651408718885869,0.792353780218742
8131,0.0881496826133794,0.0547141886391041,0.65518097442974,0.731497465575305
8132,0.0948527044523311,0.0308414099653102,0.587540371686136,0.469008958567717
8133,0.09002921365212,0.0222251904435821,0.709512134373299,0.354296197352364
8134,0.0735400277282436,0.0345695176341252,0.706346745974156,0.425118240344845
8135,0.086784197792646,0.0413131387004682,0.766018792353335,0.64679389670586
8136,0.0855167638665887,0.0713182652881206,0.631131677920763,0.864101420913264
8137,0.0968728955158319,0.263761811570469,0.422727459364825,0.942129299315636
8138,0.0862380295805863,0.24859695135179,0.433032217379686,0.940432419106914
8139,0.1099748247052,0.162669762426486,0.445039573453837,0.940532473882262
8140,0.100219099330396,0.111827359363791,0.436460737931921,0.917465461289821
8141,0.112615187397365,0.0902096890153897,0.399626460942435,0.911961943555382
8142,0.0929769722598922,0.0902132230566904,0.431412601930559,0.899142094378847
8143,0.0940703287329018,0.207282497751449,0.430444452228878,0.929897707695755
8144,0.0921825738020332,0.177879759415601,0.433191517856547,0.880477581639938
8145,0.0888169482595461,0.027041973124201,0.426124906050819,0.654910201321213
8146,0.0807139183547882,0.0238310133641388,0.4408164539644,0.506553122079943
8147,0.0873685303188993,0.0244594627870948,0.43288038960128,0.54054393030462
8148,0.0884225548112387,0.0220925474734974,0.425579740174633,0.504793766226984
8149,0.0892686443354278,0.0158860070838671,0.391113086615742,0.40804071106155
8150,0.0937349561905687,0.0301663019895304,0.426863055721233,0.678144771369772
8151,0.102261426657989,0.0251587933202127,0.443497359348377,0.601260464979175
8152,0.0875810338738146,0.026702482586522,0.43515420155646,0.266495820555901
8153,0.0923676643454636,0.0432601814384099,0.415432272223324,0.657603440584399
8154,0.0708224378861595,0.0422431014453451,0.423910086487937,0.641075497969124
8155,0.0897382870903292,0.0419216707225551,0.436315704595758,0.745622570229638
8156,0.0957982753631671,0.0495731984467312,0.433513864339431,0.736944367694204
8157,0.10610138127137,0.0563202560083978,0.466928122419423,0.711102532078634
8158,0.0831985099459087,0.0283831213332774,0.561267368044548,0.432302620685214
8159,0.0714916993050262,0.0549364482154139,0.62382829151528,0.776540994597397
8160,0.0743407559069452,0.111565008985404,0.83714340056111,0.86067182218066
8161,0.0820968925423341,0.0402110344234341,0.87293372208144,0.639560380564262
8162,0.0879955678288029,0.0247946685641696,0.96449824556034,0.508061694199702
8163,0.0949451754922272,0.0205774811707433,0.930116156250233,0.449533116671419
8164,0.0680069061156143,0.0618975407240701,0.696155758689516,0.764173811589703
8165,0.0729339171898039,0.0486545939748422,0.726641489634168,0.764218001742831
8166,0.0693557376531049,0.0731296034043653,0.678377218167388,0.729262671572958
8167,0.0794597058248896,0.0419149025610796,0.771294680995644,0.75883431489272
8168,0.0815152990891921,0.0519775127679227,0.933019248108949,0.804151042921511
8169,0.0814329103465837,0.0834855805927067,0.825089428683451,0.874789429230743
8170,0.0852587974081947,0.0243767885950318,0.758152810680717,0.537442703522592
8171,0.0832009638969177,0.0377272624668714,0.751470316038169,0.538799104989019
8172,0.0939969923293264,0.0309937202440591,0.769674756394642,0.672512442906059
8173,0.0823551606792576,0.050027708430397,0.693353753416839,0.664604627624875
8174,0.0852183575102881,0.0535357966228013,0.639017595088045,0.703032360093269
8175,0.0754332055114439,0.0194626241847806,0.871972543861827,0.421493061097851
8176,0.0843459587154799,0.065560380378904,0.680172061156583,0.744530817180195
8177,0.0895595207390678,0.0554737175805897,0.678768447560941,0.818905101099986
8178,0.0843846979951375,0.0392225667524037,0.747287529509381,0.673518989286025
8179,0.0790660780217425,0.0464220091285557,0.878844971275508,0.747799359348327
8180,0.0925794156204008,0.0307296986041073,0.827393773426806,0.524206077962183
8181,0.0986183937031659,0.0295031535363936,0.747951469062784,0.649888280339659
8182,0.0708944472065458,0.0379310652044795,0.662936650288151,0.684612578027264
8183,0.0803386573417032,0.0585417304450084,0.590752545441026,0.796626926849877
8184,0.0794136429891751,0.0169268666652288,0.552938474691703,0.494610703318761
8185,0.108896366604879,0.0139979157059283,0.447081428363467,0.468562721992725
8186,0.095772478623304,0.0453823661024937,0.486997995168987,0.492871741521131
8187,0.0944583296478686,0.0307688067415307,0.4376396419903,0.447800904861525
8188,0.0897558826444766,0.021108602725373,0.43649895764192,0.330440806431364
8189,0.106080969614473,0.026255242075365,0.37555396345441,0.541720253029479
8190,0.0883788105541335,0.0323425814457389,0.32652321998353,0.475755251483889
8191,0.0777852934092453,0.0169125294669825,0.14395245054356,0.146493283257296
8192,0.0843687378347472,0.0408264708011336,0.33264597605364,0.453703083415539
8193,0.0932990419752829,0.0197277072321087,0.387607970133073,0.384248443728905
8194,0.0727763357282036,0.0488356746680691,0.262947541184419,0.362840546062293
8195,0.0950126404562975,0.0332216579006093,0.385411528594047,0.577121792130538
8196,0.0907310076500872,0.0364398973678291,0.437220646977302,0.636330098365234
8197,0.0976703878526266,0.0333963855132023,0.446867671860152,0.579576266789734
8198,0.0880445185809083,0.0263398303586216,0.29858575155504,0.438144840159375
8199,0.0925717384483649,0.0350969477906772,0.360170067326892,0.558106377498542
8200,0.100757606220843,0.0266573438741021,0.423661384186411,0.445179302686418
8201,0.103837220985163,0.0204480530627627,0.425573452522133,0.618566257541723
8202,0.0976543471715705,0.0289310267947653,0.424858707990308,0.523407943457712
8203,0.0838726326540429,0.0399120979086554,0.428298192853213,0.669424651514703
8204,0.0865306809252832,0.0297650248605688,0.428067372187685,0.572009924850754
8205,0.0998858111090099,0.0279956136007172,0.44508059215654,0.744244497910744
8206,0.092996330684802,0.0233520187972075,0.405681891802995,0.446388797379831
8207,0.092463211955346,0.0389415769523149,0.413310362298396,0.542224045607372
8208,0.085247253448292,0.0218353382857869,0.43358963928835,0.530436691988219
8209,0.0936238784404046,0.0257145854182802,0.430044664183188,0.662633246481174
8210,0.112866544004008,0.036625208524395,0.441618191705142,0.727864041763927
8211,0.0921514238097805,0.02431992345327,0.435522515548728,0.394812391819217
8212,0.0869758752617058,0.0433013083384907,0.442103238927031,0.723168182177746
8213,0.0839180071866803,0.0210362603820683,0.440620040692494,0.440640791265836
8214,0.0894014316243584,0.0380497050418163,0.433470322896618,0.766522913029824
8215,0.0824968704776264,0.0294390530241728,0.430710177901942,0.597952172705518
8216,0.0927663946007507,0.025690764460132,0.428436281278199,0.571743963471326
8217,0.0997858140130707,0.0533939487049261,0.424458570140402,0.791081334712114
8218,0.0905801634432851,0.0780840179112671,0.441895700323042,0.802165798677096
8219,0.101298238372717,0.0325790090940307,0.422773229795952,0.653859090481129
8220,0.0896906090291557,0.0257576310619699,0.306735588777814,0.630746166527818
8221,0.0967141627387453,0.027724882871801,0.416430248263633,0.470987368387061
8222,0.0837468356535806,0.0379423774803422,0.446071749363433,0.670837909683665
8223,0.0990988034485311,0.0496273029486842,0.431632079407078,0.739506244799807
8224,0.0938695815816806,0.0323723449330414,0.434991205554261,0.705213788475807
8225,0.0905650466752421,0.0320678376450964,0.443646738777811,0.613305523733882
8226,0.0966029996583561,0.0326426952706566,0.461574653186913,0.483548638827917
8227,0.0795395993378213,0.0270922995395651,0.677601068014456,0.456230456310364
8228,0.0810080097167226,0.0352889293050798,0.423735046932055,0.641493113496726
8229,0.12355251474002,0.0274958102593776,0.443686719339783,0.615723916528604
8230,0.0944554657900608,0.0188825171964013,0.446842058396204,0.466626991784092
8231,0.0995707431880623,0.034098266830115,0.42842614132359,0.562271123784132
8232,0.100446040396134,0.0238220885299008,0.612036556697651,0.634223010662077
8233,0.0723307109970497,0.0284776143922685,0.628826074308061,0.481894464511823
8234,0.0980327478724701,0.0200751218480451,0.673991500195355,0.59182463269589
8235,0.0902006494736839,0.0360823220179698,0.590137576054003,0.69053317920739
8236,0.0790590942876777,0.0461632884722241,0.598596661774099,0.680278942049307
8237,0.0864400774835038,0.04066448659491,0.649809510304601,0.638421350122996
8238,0.0784553086018829,0.0297498983202127,0.638645107701415,0.518422175371606
8239,0.0795538902127568,0.0470092016501075,0.667468437270738,0.598308445267361
8240,0.0868079382165305,0.088671851083476,0.73420039691521,0.858281912199147
8241,0.0820622740403637,0.0508869015319198,0.799831617946896,0.793702685616031
8242,0.105448214381586,0.0321411819333772,0.970183672858014,0.700949353211686
8243,0.0853023853583014,0.0324047718536369,0.871386919466901,0.654290016553707
8244,0.0770611355744884,0.0446760794516809,0.930266545802054,0.77332399013518
8245,0.100625303785257,0.0422594004295036,0.954584287906686,0.807256146015462
8246,0.0773658255527115,0.0543906655489849,0.865669275397596,0.716239503703142
8247,0.0804931857026808,0.0838441478823552,0.618853388739,0.777263661398555
8248,0.0880815503116456,0.0238452397249548,0.629624321534543,0.623991959353028
8249,0.0708105114628107,0.0313139382926699,0.613614133612131,0.494620190034514
8250,0.0977836340708931,0.0448961962975869,0.958917645482569,0.711423112126837
8251,0.0869946779722649,0.0333984233788275,0.966139119779041,0.662302309037464
8252,0.0843137269396646,0.0312217708838512,0.78238454402841,0.436403532255288
8253,0.0868361009377053,0.0346821423214899,0.654956692012595,0.498704799934016
8254,0.0874057642055017,0.0243187752601152,0.647516329577462,0.478920790897902
8255,0.0857727725079713,0.0296949604748042,0.770251540413787,0.551036244993144
8256,0.0916449168591641,0.0202155282465363,0.620739787088287,0.031492153998302
8257,0.0800534911096127,0.0202365500589369,0.737206361227859,0.290676288879625
8258,0.0793391423655809,0.0430823902134391,0.834862213507687,0.776799813437608
8259,0.0775538644319887,0.0577804986186256,0.5771619381865,0.7182256516526
8260,0.0806005884792029,0.0563521019321561,0.584792283789557,0.630376795801072
8261,0.0809597753300736,0.0316212538209346,0.588279585653088,0.475168187619211
8262,0.0887596766159344,0.0268280998185128,0.950880534013087,0.490570252727863
8263,0.089283215291477,0.0522015802013606,0.826464397248357,0.761475914202799
8264,0.0673092556622004,0.0205750840586336,0.837116415191099,0.417412930512531
8265,0.0699850711992966,0.0271180560417424,0.639420653861043,0.603048265196684
8266,0.0919605823902361,0.0287731493360697,0.763409156289197,0.519402924215212
8267,0.0895575803591958,0.0316259824716588,0.699380187007978,0.61685778507435
8268,0.0650799947490935,0.0386682179509837,0.811723265907963,0.662417995757066
8269,0.0710343514227528,0.0336876182804219,0.860747826778755,0.621598262267258
8270,0.0707540777154021,0.0319176115619367,0.61566518405099,0.63175492347437
8271,0.0798579163587639,0.0183512834704387,0.438753835285889,0.55186250331576
8272,0.103585995101494,0.018080759262562,0.438118615729,0.414604762940858
8273,0.0871915269072859,0.0245994761695677,0.43020669207202,0.43896592911269
8274,0.0927592594142732,0.0245175091020018,0.433579678133398,0.54237667648287
8275,0.0956076284382967,0.0224144443350492,0.311480125142816,0.453631364170145
8276,0.0847807588821507,0.0507427169932645,0.302403952320382,0.695500996302035
8277,0.11931288413121,0.105555410631644,0.388225513386272,0.903321550231072
8278,0.0887162972598745,0.178341993268945,0.435610959865151,0.914381154204904
8279,0.100933235916424,0.0491276433806355,0.431717162068402,0.858151801016029
8280,0.100865759638818,0.0441563808303666,0.435217829497359,0.72378369755509
8281,0.0930791424836477,0.0281726982161312,0.442805266104977,0.547836425011081
8282,0.0934084118288758,0.0196991727025826,0.38019289490099,0.392419910361882
8283,0.0997076732152726,0.019836755698775,0.44174016480897,0.538152087055308
8284,0.0943137093773964,0.0262747651246634,0.424664528776348,0.521264485705107
8285,0.111663741158597,0.0253059093025563,0.317876530821027,0.518699248946696
8286,0.0795070238346087,0.0207405253463426,0.404366727672723,0.456188750859521
8287,0.0835879713067999,0.0159326744781764,0.438410328143237,0.333206057460633
8288,0.0815491969008892,0.0478939768107264,0.430759688479421,0.531109524088496
8289,0.0891069845072994,0.0380494510729111,0.381956086593965,0.532937454158865
8290,0.0816283841803561,0.0564398977918319,0.427399851905183,0.776483105265076
8291,0.0904232653697392,0.0402818009870308,0.483916687840066,0.645415788027986
8292,0.075155780702916,0.0350723868962671,0.444575762778352,0.538528316186798
8293,0.0739780723304412,0.0253356446018858,0.512303397919832,0.426142423512864
8294,0.0815931366714707,0.031185500227691,0.694829081768599,0.683800340313096
8295,0.0968698267765849,0.0338145867315221,0.565644383264201,0.619612098947125
8296,0.0860198120707081,0.0669424694798128,0.5129798464651,0.719543569113166
8297,0.102074751296128,0.0207305131348004,0.445844617025632,0.466973724671151
8298,0.0962098724611366,0.0212719247371908,0.445844617025632,0.678556070779779
8299,0.10787980226251,0.0344273287983507,0.436831731444904,0.706343956525735
8300,0.0963356472580036,0.0178963382046438,0.306228808834546,0.463434993465471
8301,0.0796216424923021,0.0262024250575076,0.251095850381942,0.391482105145754
8302,0.0971433032171684,0.0189246418431652,0.397160057871837,0.251812655932699
8303,0.0873340727572242,0.0347361819649871,0.047436190586684,0.443844922685553
8304,0.0891182041913639,0.02994789260121,0.0964504578315419,0.453710816568898
8305,0.0788838084299355,0.0293704836313949,0.0891590307304746,0.276752477933177
8306,0.0983276500541261,0.0206960598668831,0.326720133537481,0.539873800404317
8307,0.107922893882904,0.0399238971936814,0.446499835547433,0.637432064892443
8308,0.0955194780757469,0.0232163436229787,0.446980032718318,0.298423636911833
8309,0.0733680491055021,0.0441537642867623,0.443904197698706,0.565590990046526
8310,0.102323952316827,0.0264947203480524,0.444089839126967,0.364420568071314
8311,0.105601895957901,0.0268730809498411,0.447443425300274,0.552851572883798
8312,0.0921647453876398,0.0241505571853655,0.777996518140062,0.434755554708211
8313,0.101349727164828,0.0398429817295299,0.895592374344147,0.620023403132646
8314,0.0695739745821893,0.0137265257371962,0.819542562788346,0.265880309518814
8315,0.0859453263458823,0.0239122842580356,0.920025807177881,0.317016683090241
8316,0.0844696265230465,0.0366738850346931,0.883982765748318,0.517197430653489
8317,0.0768936251082885,0.0442149390557001,0.966374024042438,0.740397070487891
8318,0.0909128621839036,0.0482922892899616,0.560050412945119,0.807277357384408
8319,0.0933245487561345,0.0552821503341747,0.639778892999282,0.628632318515453
8320,0.099624654189523,0.0306892204067738,0.663219682786512,0.713115353036694
8321,0.0968290517357396,0.0656338572868796,0.572396235253,0.819905292957996
8322,0.0895633276200095,0.0793311766763107,0.571540518888691,0.801317520304005
8323,0.0802767514382585,0.0610602425680008,0.680785317459607,0.778989916526597
8324,0.093153834167357,0.0211094439453893,0.686535515796283,0.463674115314376
8325,0.0909544950557391,0.0219298281110381,0.815063296888846,0.536461980669677
8326,0.0690526837281082,0.0284876590808312,0.814495311373445,0.507655544851742
8327,0.078744482369489,0.029749248148224,0.751726721388459,0.490908281298108
8328,0.101143586722305,0.141678929102094,0.598692481016541,0.849889746776415
8329,0.0836679254068683,0.0488997278408685,0.760315979954991,0.735619259496433
8330,0.0930264324356419,0.0535660503110887,0.769886899318353,0.649381054558573
8331,0.0860191108890898,0.0280199844887625,0.614634662957947,0.57192764938479
8332,0.0924322259996817,0.048700509905669,0.435621729828359,0.719786277824918
8333,0.0917298576189711,0.0241057341811942,0.44139091469485,0.562786023658378
8334,0.0865719812558883,0.0326699713603728,0.434997391216471,0.722602191375073
8335,0.0925674168677571,0.0940729499726207,0.429707831158701,0.896496226354646
8336,0.0983612267893287,0.078033428159472,0.439021097148945,0.855956143695966
8337,0.0989410086392847,0.0698580391227653,0.433245940274423,0.847918735962133
8338,0.0975779601958115,0.0186830516730599,0.443731661585103,0.517684256334389
8339,0.09034370197835,0.0214840404805956,0.43846437503478,0.301853197779058
8340,0.0999226263325346,0.0385772444485709,0.442043835934055,0.514603554873392
8341,0.0847455559779175,0.0534453534050906,0.443102203511665,0.754797333918052
8342,0.0787809932479582,0.0474811525813041,0.440056580952218,0.701180589162519
8343,0.0927879728339029,0.0403808904492451,0.45208002286214,0.702156587885466
8344,0.104289781859218,0.020919007865605,0.43229786754917,0.652311923006265
8345,0.0836776877482915,0.0288029108988419,0.422774685519581,0.555104406176198
8346,0.0834862657151633,0.038601026841553,0.235503134976874,0.430999702348566
8347,0.0868719306836503,0.0276868988425179,0.00853658103832696,0.311817449904453
8348,0.0686527088337072,0.0252343638809479,0.343069914632451,0.412579938583286
8349,0.0911297587939896,0.0209612981234758,0.446971476500571,0.377884672682963
8350,0.1006866500598,0.123477339699221,0.441541268954215,0.8761876990157
8351,0.0958043510107116,0.0575166488512183,0.428176133845821,0.822746825197568
8352,0.0891943596500292,0.0289281789003941,0.422051502767399,0.57135060729792
8353,0.0980797622629875,0.045287182314233,0.430778891507042,0.791467925757119
8354,0.0958142699948872,0.0885278922628691,0.458957435685524,0.836698091799017
8355,0.0853238228240735,0.121920145214881,0.423064281600399,0.929120904035535
8356,0.0731788278863453,0.0963326427185185,0.456793989245988,0.895545660979212
8357,0.096312969560122,0.0500637876977192,0.324341566471473,0.59547252904661
8358,0.0878408945680243,0.0377679839302112,0.440369799455688,0.666894986509078
8359,0.0835408174180075,0.038305933890568,0.42232347098553,0.686330123964361
8360,0.0798818851142718,0.0374535178851799,0.42418240841257,0.595419619101731
8361,0.087459097535564,0.0801087915990011,0.42418240841257,0.81848272753232
8362,0.0959796937779624,0.0206043058698067,0.424342822367967,0.585940894255652
8363,0.0898858409477131,0.0339966474144763,0.442669165098485,0.515163921803268
8364,0.0893315332167981,0.026856000928582,0.444083411016125,0.615044225050841
8365,0.0899066982685626,0.0451131532522043,0.439524576884792,0.613365964437811
8366,0.095150420885316,0.0234752473513533,0.400166155604705,0.407183854941647
8367,0.093046594336393,0.021320605974459,0.374064957771604,0.402483079037244
8368,0.0990233750135279,0.0368677617749357,0.436937611351712,0.450049008050521
8369,0.101858318160085,0.0305850692154546,0.436324885402062,0.497787399306485
8370,0.085515281260796,0.0336499866758201,0.422040829202393,0.634470811712621
8371,0.084742984017472,0.0732890250589176,0.423659292393616,0.777569665850136
8372,0.0995964001227864,0.0420124962750625,0.435879592091226,0.661758381194867
8373,0.0966190783902562,0.026821304891235,0.414797947329068,0.634971200113719
8374,0.0944674470316789,0.0226002717186248,0.388856164272244,0.277488561921186
8375,0.10354330745604,0.0247989736345877,0.425438454234461,0.53831825933732
8376,0.0964652518850321,0.0235265254137452,0.43244432018984,0.455483846680272
8377,0.0987145179551616,0.0276938738922093,0.347264905670447,0.320033245333935
8378,0.0918518826573529,0.0235774838651087,0.110861597107515,0.159904883950912
8379,0.0889755515758075,0.0151656323346099,0.0399269562666597,0.282664092834274
8380,0.0726082494127476,0.0230276472702939,0.19453970774113,0.256202282053718
8381,0.0927432581446276,0.0169973464974576,0.371910866933717,0.463430922943787
8382,0.0806851198240704,0.0385394496521952,0.237149669607353,0.558867944269344
8383,0.0857087958875085,0.0255996071339405,0.438272475044921,0.506959638185569
8384,0.0957852286297737,0.040389237135526,0.379564753755496,0.551885068467339
8385,0.0958724475534402,0.0171999206629076,0.418811625869194,0.413980509003031
8386,0.0875755845604473,0.0289682396126327,0.399160881764672,0.639934459486839
8387,0.108721014195188,0.0288649616637313,0.299171659547486,0.409904680718461
8388,0.0942032866332742,0.0166238394347027,0.0938783128763682,0.329234651643793
8389,0.0865236479056026,0.0219786611496061,0.123451431952847,0.26743250800052
8390,0.0908375770386057,0.0190686585175389,0.318793855562562,0.331804956962968
8391,0.0893921006687705,0.0266896799437901,0.397093985738235,0.515798552306364
8392,0.102415368462119,0.0267314221811873,0.226532966114339,0.430438515835428
8393,0.103824133020284,0.0240578139255451,0.430146223819388,0.598441510179738
8394,0.0920863630616143,0.0217593071281127,0.436265886930433,0.562706531929609
8395,0.0866176254803836,0.0912464556639384,0.430174277372014,0.867463527150053
8396,0.105527040832319,0.0532635870442362,0.433424749103483,0.695034844943121
8397,0.0890800449450639,0.0277024287310016,0.400193268546294,0.527588865805826
8398,0.0973744908685522,0.0361487426846063,0.422221959129414,0.637873427432708
8399,0.100418051759591,0.0180770864707231,0.362996592833326,0.360942821913822
8400,0.10615865084897,0.0230260023952918,0.32322362661848,0.269232626566441
8401,0.0874086562312887,0.0468369956337017,0.593136411858887,0.687085185394568
8402,0.0853106158653327,0.0294241527383324,0.553194457547679,0.302582482353919
8403,0.0626341662971947,0.019949567973308,0.62735729091725,0.332563712667744
8404,0.0853761624287467,0.0241701973890626,0.538042969789057,0.327806467448377
8405,0.0985909353561647,0.0285368859707396,0.4370493108634,0.563389772197148
8406,0.0959516298372694,0.0184858733498401,0.426545980980647,0.470689595336964
8407,0.0782840278700605,0.02358807186632,0.413634513432898,0.511172543618652
8408,0.101907131478731,0.0418950902431912,0.444112780791031,0.660705656936499
8409,0.105947282483183,0.0477986094362968,0.44028742872946,0.751637859831528
8410,0.0836157779516368,0.0362159422773299,0.432569166874173,0.700354607057726
8411,0.087592425661686,0.0203046084318055,0.446121692801614,0.512939104081677
8412,0.0973533342824445,0.0865576769160534,0.44476683711822,0.849502434750879
8413,0.0907448031273454,0.228205805003256,0.424516842697007,0.93618490007503
8414,0.121191502754629,0.299230973057093,0.437430860012205,0.947895117593081
8415,0.104362815742136,0.3532096390636,0.449106965472642,0.951735339915364
8416,0.0924081190190864,0.184218635751357,0.428177699287036,0.9101725836162
8417,0.0949278105453293,0.05722941588142,0.436975768946477,0.816360701009862
8418,0.11013719382917,0.0582166626012669,0.44037751465102,0.715141448190288
8419,0.0944105656796906,0.0480760549852747,0.439675164630669,0.735706447099669
8420,0.0890181981902469,0.0239114526492603,0.432096585934506,0.355254617050973
8421,0.0979073020479196,0.0258445520140467,0.425569013977554,0.584284693777636
8422,0.0897961709884038,0.0213973568734193,0.445438246070716,0.356477566130324
8423,0.0935902465417762,0.0405909455131962,0.454477464654944,0.698421503607207
8424,0.0842034528983564,0.019795102528275,0.682768568641306,0.39777072826588
8425,0.0921056873251724,0.0223720340488551,0.707961462321329,0.365848292623651
8426,0.0799628525576222,0.017560940665736,0.749833459711635,0.204292556746802
8427,0.0881946148282843,0.025882113066785,0.578531270781425,0.539906063400515
8428,0.111545067416228,0.025807346790255,0.425799257418099,0.445287789204789
8429,0.0963071265445395,0.019741328877202,0.441651022884602,0.5252442855834
8430,0.0856858639338276,0.0331482654881288,0.445482355459711,0.652046176971016
8431,0.0928507376004082,0.0238693366373527,0.431624844180438,0.527967935571667
8432,0.104602026404309,0.0324233487368512,0.429567004291549,0.617837781516192
8433,0.0872318648048823,0.022862442847692,0.443666275645013,0.430315131827217
8434,0.0928881873726401,0.0329891096853004,0.42899870685971,0.712729267069836
8435,0.0837971714101839,0.0300999203357509,0.438473182213359,0.578800028171806
8436,0.0862691143711739,0.0241517346167989,0.446743794281627,0.387328557822778
8437,0.0947354084780647,0.026333579186217,0.43471850215934,0.626623173636843
8438,0.0917536731951979,0.0404846997113771,0.408346658606884,0.564792019842742
8439,0.0946598381025773,0.0252736263610386,0.291632382202838,0.461024729706639
8440,0.0594607923764642,0.0137643040444204,0.427497098432846,0.271618897916002
8441,0.102550952774766,0.0335970222484806,0.441588754981356,0.589735906896628
8442,0.094454852582005,0.0233001238361145,0.425084063022164,0.578364941243561
8443,0.0848888654377553,0.03377649320501,0.435450288677495,0.649203245712437
8444,0.107074410280746,0.0197009884629587,0.440558917106049,0.468898680670375
8445,0.0873594574704136,0.0478936505380576,0.436346881784587,0.758398735541277
8446,0.109361415888717,0.0417748836362862,0.43741502724179,0.586384734225021
8447,0.0971072583979246,0.0510578505357177,0.426350853053108,0.557392937402544
8448,0.0773220449190277,0.0516493253848306,0.433751456422465,0.77080599364864
8449,0.0937909516192822,0.0306001058182897,0.336732980682445,0.50596571937929
8450,0.097130748151239,0.0789255972999354,0.440191441667944,0.80024663251562
8451,0.0918514876725132,0.0603265202726484,0.73484077941098,0.830691190174344
8452,0.0885217922959737,0.0241527449599835,0.590071960229329,0.513845352770275
8453,0.0807014063482399,0.0240471839774383,0.649058135699352,0.476150809573118
8454,0.0924093741166784,0.0510344159066807,0.683637136819096,0.549888232799195
8455,0.0777736214704239,0.0550625893536821,0.632532604443852,0.694804999361661
8456,0.0911457633406549,0.0464974295394543,0.752573840605462,0.648945051881849
8457,0.0664423765335274,0.0325476668337335,0.587536236137528,0.509628250282033
8458,0.0914112451111606,0.034893980127879,0.832348644764554,0.661112741371133
8459,0.0813469861240835,0.073009967896601,0.838187553778504,0.857026951125046
8460,0.078311063842968,0.171744541756044,0.612352424293902,0.934002604355664
8461,0.0867667612456422,0.0418057537290013,0.490746706759386,0.69961386293131
8462,0.0842204536944677,0.0525222890148974,0.436776361037849,0.754245774611078
8463,0.0984716047755822,0.066332683494752,0.440255031640021,0.793672071203968
8464,0.106665352978165,0.0951535777531607,0.44108305464076,0.838603054572957
8465,0.0945819521463156,0.0670254503124905,0.425572148298238,0.842781543535313
8466,0.0746478249536633,0.0715822517986395,0.443272605108342,0.808550229514139
8467,0.0835519678719799,0.0831695998918042,0.444677710134213,0.822229008084984
8468,0.0935471216979879,0.0231258826061274,0.443077148188438,0.501185807425231
8469,0.0726301010616358,0.0187257320437321,0.431976151443124,0.564905402000573
8470,0.107167390138384,0.0402945904811108,0.429593905969712,0.557905735415999
8471,0.100451414626149,0.0426132124008254,0.431878630294122,0.710847423507297
8472,0.0991412038832978,0.0243187543341998,0.447208131939516,0.598542666461912
8473,0.0982837008405228,0.0287382511901884,0.400784163977451,0.528694193045648
8474,0.101140905741691,0.0243341910789339,0.430558964594389,0.368151811060745
8475,0.0976293435400324,0.0571213179428044,0.426722208441532,0.787267165067758
8476,0.105552848025184,0.11009699653161,0.399994238589618,0.875096369154387
8477,0.0851882046614983,0.0236435265733951,0.432370846397815,0.62429669380909
8478,0.116705746934624,0.0299532525330138,0.398763530158571,0.576542792750907
8479,0.0963861246999532,0.0170485185900414,0.428222511601556,0.490391223772048
8480,0.0940530839303941,0.0715639138613995,0.423412301608322,0.806818176838139
8481,0.104449166209653,0.043310688795904,0.430132126858064,0.81452922845064
8482,0.0826544430831216,0.0632788112104103,0.456853074624288,0.725646000621335
8483,0.0786606192514394,0.041964674002825,0.669429895892061,0.672373107647803
8484,0.0956383905958085,0.0292058859092296,0.635647843217507,0.585488185139489
8485,0.0874948072617441,0.0425949824286026,0.629312725824351,0.615066558875516
8486,0.0867792950248472,0.0331335819329232,0.701903999457766,0.470129811253659
8487,0.0775120366624545,0.0376974376754543,0.566372738792521,0.667620832059295
8488,0.0746706583001213,0.0268681876401205,0.583957430250816,0.485787198022299
8489,0.0785653627563674,0.0341727802213547,0.58868734900144,0.593719898908999
8490,0.0803196880023697,0.0467781979732711,0.557779473467161,0.700945558222325
8491,0.0884907249749195,0.05953865731115,0.431269323751391,0.833723648931318
8492,0.0894639085025902,0.0676550883597929,0.426684791309693,0.80562106539396
8493,0.103845123819123,0.039356740471717,0.435803085019071,0.631859494759233
8494,0.101017725135984,0.0314469904204119,0.440775659735285,0.617532301495321
8495,0.0949706113681108,0.0470076753959785,0.426142936414067,0.754760828324232
8496,0.0996950997446614,0.0474235536420171,0.431521659367843,0.745166699379624
8497,0.0880506606317579,0.0543888395461554,0.381015000856784,0.776926020949969
8498,0.0913646628822038,0.0310312572987414,0.43316113418802,0.642169962559406
8499,0.0989407880808777,0.0490754169628929,0.446934173913576,0.75234959130339
8500,0.0918615593123987,0.0243306168630667,0.427766651456582,0.393523845934898
8501,0.08032153344594,0.0304581098933336,0.431397914323612,0.49702491058181
8502,0.084870004837555,0.0180930451345617,0.431071412525107,0.348349436138428
8503,0.0915924735002826,0.0240638389878918,0.439140167480969,0.552774752041464
8504,0.0974007781095798,0.0262503308045723,0.43663019289496,0.626416670589543
8505,0.0998055961739601,0.0269424321243441,0.429728073921002,0.588596155689176
8506,0.0891623092280205,0.035431059429149,0.431739087337758,0.581387037666034
8507,0.0859108262208905,0.0235115730203001,0.423881764072138,0.429546307941054
8508,0.0934811222712706,0.0255327135560733,0.43115223724212,0.472178526302527
8509,0.0869671348895511,0.044922144581365,0.423388668194078,0.530252449249199
8510,0.0940342218287707,0.0271346883652866,0.433304326804514,0.571521415797138
8511,0.0880423442248919,0.0220288611583481,0.543876799504018,0.527538883230245
8512,0.0893613677514327,0.0684342603934267,0.435813976521369,0.834033486725339
8513,0.105633565447655,0.0220678578016391,0.439960750527038,0.509759437001159
8514,0.100607498375942,0.0615312753208438,0.422660779977604,0.796504978684671
8515,0.0925876011653188,0.10699851024136,0.427773803424654,0.850051620619836
8516,0.0814199847885392,0.0350392739171009,0.443483641510986,0.749038842859077
8517,0.0974039506418886,0.0565943076653419,0.42860214779868,0.783041171517054
8518,0.0869332288872633,0.0271805174996788,0.434151370559335,0.487407840310796
8519,0.101711498872605,0.0372203161157499,0.401870138929385,0.751056401001364
8520,0.0881251540175536,0.0267955912942794,0.430695502432597,0.65032455497099
8521,0.0916067744646534,0.0518234428518101,0.429825694482944,0.725432680809123
8522,0.0860148444022143,0.0508430842515939,0.685032819947697,0.698773976202758
8523,0.0959401344542267,0.0351262642462912,0.425648560560285,0.472214317243756
8524,0.0966246130022561,0.023357562464928,0.469567058325436,0.459127906886229
8525,0.0837441502428269,0.0284395747448667,0.442783761746385,0.662550617370321
8526,0.0954355828163006,0.0258553400393737,0.443650735166449,0.618429523238057
8527,0.088074989286288,0.0160796394137122,0.431996246231905,0.266345661514073
8528,0.0951391301109058,0.0246342524473845,0.437692468077348,0.536683246022022
8529,0.0971134641895723,0.0656291380927987,0.429091444740886,0.804393793971965
8530,0.092363922336724,0.0276308366674488,0.447013306813996,0.450481783662112
8531,0.101909585760531,0.0321085775108683,0.444305587403045,0.704142382709526
8532,0.0887733702226913,0.0341224553102862,0.41960204591071,0.739897796528347
8533,0.0986114612827222,0.0784700444529835,0.436196959835978,0.852052199880681
8534,0.0893161536693961,0.16920140229471,0.433618885128337,0.906899870043723
8535,0.0889600372705329,0.0578102728363802,0.431645006883111,0.837402946054782
8536,0.0863212344951414,0.0280763688088443,0.423296636279043,0.611904042259687
8537,0.091132525805283,0.0280174509906909,0.434153567553021,0.57521991137704
8538,0.100461123565265,0.0192695400586828,0.426224413349832,0.493271235486894
8539,0.09162438269395,0.0390596241264462,0.42655086033794,0.733431305568497
8540,0.0952292628372655,0.0552729357430232,0.42629977386605,0.755389318360454
8541,0.0832544760760598,0.0207943361871497,0.436222725740084,0.588970928583774
8542,0.087654057909122,0.0419598684970079,0.401608749933749,0.65957118430492
8543,0.0872207051513138,0.0227845743352265,0.426857572762526,0.449366723361709
8544,0.0842142951578329,0.0182275828080447,0.379260323269013,0.259923231222986
8545,0.109425720017797,0.0306611256905286,0.438605945347303,0.612686658556956
8546,0.0910332841352269,0.0165840730868874,0.42491781327009,0.502365352179787
8547,0.0898308675901399,0.0221787162221477,0.427840052313736,0.668932167581912
8548,0.0744917456459208,0.0239623605361744,0.426194185103404,0.483298248876143
8549,0.0773628756346775,0.0178607937933831,0.424390502972743,0.331254681099189
8550,0.0891089180003505,0.0266013266460911,0.317556566043519,0.532424595132339
8551,0.10382981274597,0.0214890798854985,0.241643642564323,0.284131285572035
8552,0.0799969596207299,0.0299262076419987,0.344305307265429,0.554818546345672
8553,0.0900628597627077,0.0229902735161607,0.421992578863282,0.430458277343479
8554,0.0985367541723921,0.0218738374813461,0.439614637643117,0.588827237712427
8555,0.106311815157172,0.056740602120333,0.442390465677971,0.808010486879208
8556,0.0878548917534623,0.0267723833580172,0.431467029402161,0.590962986376015
8557,0.0878895734462261,0.0230807414602497,0.440004478000977,0.606440452059687
8558,0.0858274822641203,0.0229700056503617,0.426707172704376,0.539281739882389
8559,0.101880999057427,0.0642892238464974,0.4337168769162,0.840596804742069
8560,0.103774537195673,0.0623155735188258,0.431496272578715,0.786376673948228
8561,0.0914964188737852,0.0483582131033887,0.436407795594482,0.825143567221399
8562,0.102001164490776,0.0566522378082757,0.434013342378739,0.785669577954975
8563,0.093265247482392,0.0317248875909283,0.425619621928965,0.592783655553522
8564,0.0851825990612644,0.0195956439575257,0.4457314004808,0.417276537865263
8565,0.0841196819148313,0.0375880659868364,0.441073751331921,0.603590912438967
8566,0.0736908596286237,0.0579946670437552,0.431432042025419,0.796457701466133
8567,0.102974606328847,0.12388667625903,0.437050041124606,0.853654949711745
8568,0.097293568620213,0.0519870798285531,0.438453951450985,0.791250702790653
8569,0.0967125925202334,0.0283026030395848,0.414514908080861,0.558379465310422
8570,0.0898614922968633,0.0326147307368384,0.418744310947995,0.63068253583966
8571,0.0834174233864673,0.0246286126377867,0.42479174157727,0.493227493080422
8572,0.0900426846047824,0.0232843717491868,0.443799727908158,0.483741643459695
8573,0.0979080678680433,0.0406880239960768,0.395138317051527,0.62956397140969
8574,0.117344935306806,0.0289780035389096,0.437738085907812,0.576399646987944
8575,0.0743671028294492,0.0233193214031476,0.432950171478546,0.487585831767306
8576,0.0800128935874899,0.0285145415390633,0.376164939491824,0.552692947373629
8577,0.0863281186323469,0.0267573842908369,0.425075490372105,0.463472013867523
8578,0.0873736682927063,0.0224659884998357,0.436544975135724,0.55364940674462
8579,0.0988588366868991,0.0297860523336656,0.425126929568827,0.570546584154617
8580,0.0941280452354805,0.0201209466948821,0.434174721858682,0.353855815970188
8581,0.096848036852884,0.0217821940743145,0.44220171787162,0.445687453511195
8582,0.0943487610015081,0.039237418179187,0.422715530240838,0.700092329369475
8583,0.095668217350111,0.0381840282195375,0.420168441655596,0.759715817821851
8584,0.0940673329512325,0.0464649546813701,0.431012165163875,0.712441381487103
8585,0.0957158601902641,0.0156873896613095,0.445317508812295,0.393334185001877
8586,0.0961736701994802,0.0213745798850736,0.443988372622161,0.491950664203126
8587,0.0915176653695847,0.0469468506605584,0.378954984911491,0.723514988464741
8588,0.0992991505250891,0.0459573093962304,0.438371965092991,0.789782242400436
8589,0.0938563264593706,0.0242104837333618,0.264752293187216,0.36933086085264
8590,0.10538764273607,0.0253610266153209,0.423430195955596,0.46857730393934
8591,0.113514376668149,0.0292098156118479,0.426138876428115,0.538587302233189
8592,0.090304416296727,0.0446056997579039,0.433369440940788,0.734719001427799
8593,0.0903343319196041,0.0447598360410496,0.459175686260139,0.756796991997739
8594,0.0948409006328292,0.0414679374085867,0.42794699024964,0.625771676082505
8595,0.0958274821770533,0.0430855623556704,0.43564728392105,0.730993383621921
8596,0.0807834888220788,0.0179273255441716,0.407723664459882,0.285109583539156
8597,0.0887150004044446,0.0539604119941952,0.422261844881463,0.630994377636065
8598,0.0824376934946923,0.0263155792331231,0.452491494421614,0.503325794362455
8599,0.0907084970224906,0.0242642178087885,0.437081340536301,0.550088253225002
8600,0.102540177821725,0.0343702429799981,0.425692073067245,0.706259696333235
8601,0.102888352575673,0.03611436816863,0.438570676783414,0.646549836713672
8602,0.0968701101199918,0.0212932106947162,0.441786834310933,0.348164349043394
8603,0.102964698079557,0.0188671111742048,0.433778713002295,0.383243736964129
8604,0.107047579217127,0.0236733566280755,0.309236642811942,0.339868407751325
8605,0.0933947909863896,0.0253411312424388,0.439482009980124,0.574361821405082
8606,0.0943917971657508,0.0315340141425718,0.299952532730079,0.511687363683966
8607,0.0935294728612423,0.0279680472130722,0.429296860694695,0.618064581421738
8608,0.102095428626759,0.044284725138993,0.422175474061033,0.673840362357979
8609,0.0847034880932291,0.0344526465118897,0.446481463347991,0.660023467737799
8610,0.102246018374067,0.0182038632724338,0.440695462196346,0.550695000044648
8611,0.0941701353289942,0.0530297424702135,0.427474750540951,0.717263896163688
8612,0.0841491750616939,0.0309259917404474,0.44605398792974,0.559563197238622
8613,0.0829216096217144,0.0205103785224949,0.429156378013275,0.549266929795528
8614,0.0887796549477443,0.0605293177517757,0.422717441142967,0.714507074886877
8615,0.0961513774196133,0.0267997539703975,0.395517765141676,0.476174582582044
8616,0.0861418977051902,0.0556269463266608,0.447227789242837,0.685423752401505
8617,0.082462242536983,0.036515271142485,0.438799503178982,0.520544039375962
8618,0.094131677345044,0.0312337357353301,0.424291189910107,0.572296304114265
8619,0.0908730118000888,0.019681131854429,0.443237448682494,0.354689163668632
8620,0.0941580551781043,0.0584156519357993,0.437392851899612,0.801872503454651
8621,0.104726442979667,0.0495048308248948,0.441035928291239,0.708708702925683
8622,0.0921717872943674,0.0238260603368543,0.427832000277024,0.557773055367465
8623,0.0925174977359629,0.0287650234069096,0.426903604077198,0.521094872401182
8624,0.100574877597959,0.0172918983311911,0.316817238552719,0.340894203750715
8625,0.0876651577013732,0.0219901822208159,0.445335131668914,0.455697394203586
8626,0.0976161788663978,0.027646300284468,0.529634750036951,0.588564107194989
8627,0.083882031026532,0.0304228622210619,0.845135404785317,0.537465989809645
8628,0.0975516289590261,0.0867901304283085,0.881782156194313,0.846723184167215
8629,0.0777988622056299,0.0452683349820085,0.921410802810733,0.772504097697083
8630,0.070281441664356,0.0527870419481165,0.82684849446362,0.811296792574616
8631,0.0761849822046087,0.0389867500263812,0.980563023091991,0.593149087791156
8632,0.0923357178951793,0.0262735872394934,0.805971847253006,0.462932453637639
8633,0.0848238417197484,0.057876833903674,0.873979990846328,0.755869653067968
8634,0.0828946791271358,0.0273654277026396,0.856863671511115,0.38637861963338
8635,0.0930614511479344,0.054892849425112,0.772061003997537,0.734716551163813
8636,0.0937374524385939,0.0275345476235281,0.837772704271095,0.636289533561075
8637,0.0927716144917415,0.0521547428179551,0.927594726290158,0.794745109584533
8638,0.0846936116502019,0.0588874384500245,0.980776791265973,0.681610292778914
8639,0.083137712935539,0.0228705922707245,0.962501282936018,0.632071872674538
8640,0.084500748973797,0.0362538617154075,0.909709368612397,0.542681951792442
8641,0.0821848315702713,0.0322354303211934,0.848736139690513,0.541621748286983
8642,0.0877174097918058,0.0245684128093222,0.840979548054503,0.544391071417234
8643,0.08133932239485,0.0485929501070746,0.950837480739718,0.793690630854606
8644,0.0741068039286821,0.0270568525315905,0.920617533487526,0.653779091429373
8645,0.0888536042640592,0.0163641813546969,0.899873482920391,0.249418289826534
8646,0.0824472454944596,0.0818807018331291,0.857878826242265,0.852997832562156
8647,0.0780096046955833,0.0632728356350947,0.840682573406499,0.821418476231418
8648,0.0855838478357321,0.0595214356919568,0.799765982334394,0.817810736893188
8649,0.0740182808323037,0.0272409377954382,0.527095494697315,0.452487327616541
8650,0.0907558118122651,0.029268578897429,0.691661415794764,0.520904383021883
8651,0.0761855052609493,0.034453581564916,0.607673089261832,0.558816328567108
8652,0.0824253318046,0.0162238171890535,0.820240736660336,0.371178879248212
8653,0.0842894580823319,0.0218250165670831,0.502272111053472,0.288845642252593
8654,0.10011246966328,0.0239926249111121,0.601677267939165,0.539391096831655
8655,0.0921094844481895,0.0241367797881279,0.659083527237744,0.44767265752485
8656,0.0938954998550866,0.0205605899245872,0.730578984460169,0.499281429048809
8657,0.0869620870875451,0.0398200894368644,0.663332495622618,0.730921840027065
8658,0.0752011256187242,0.0909602753070429,0.589874180749507,0.79782786758073
8659,0.0962767777894104,0.0391836081221731,0.698122956951265,0.754897204671807
8660,0.0868324580411749,0.027890585036586,0.557539382858657,0.375073042008008
8661,0.0872895159295416,0.0217471030914371,0.330778506891292,0.305573478956102
8662,0.0800759527084616,0.0334045377470317,0.201545472804348,0.472685300123915
8663,0.0925183783723256,0.040383313338137,0.0502134040649994,0.428167078599759
8664,0.0831308944253956,0.0212652201360839,0.111422557006284,0.302591241984623
8665,0.0761735604494718,0.0274738031898781,0.143881934386098,0.19686758025739
8666,0.0988394906957051,0.0361779355993791,0.452872811351284,0.512412221731998
8667,0.0919768864179833,0.0367785639350026,0.48007506018398,0.664807085049381
8668,0.0939251909830032,0.0237009463094325,0.425586192166351,0.647322758747066
8669,0.0929543358025824,0.022676923564706,0.428038709297239,0.487977906992985
8670,0.0911814265506278,0.0599535713523913,0.433991455808613,0.768390107884846
8671,0.0992946558740233,0.0211819017094156,0.433921065991501,0.745508809993468
8672,0.0951148634362729,0.0311291323383969,0.4359220973755,0.537438263210288
8673,0.0946325537726748,0.0366184105593588,0.425793344053151,0.579432782065606
8674,0.0876546806888373,0.0235024707316226,0.430190003163534,0.46590508043112
8675,0.0898422195730271,0.0287205253630749,0.381546122525372,0.491248177423295
8676,0.0991700631995355,0.0320849798170981,0.452359814561194,0.706267788040309
8677,0.0940249613532386,0.0298368315153173,0.444187089884144,0.703580906951852
8678,0.115601199198277,0.0420766730612303,0.307028081087216,0.671863911600873
8679,0.0962119251235128,0.0260288588287796,0.437495519756786,0.588128258909745
8680,0.108549639625509,0.0201466728210745,0.446349386190485,0.419970383856177
8681,0.0823885665080992,0.0280767303611654,0.324873658196023,0.352134750909974
8682,0.0914751122975131,0.0392489141924451,0.40937775750578,0.675407933834083
8683,0.0965477793942587,0.0344500417691054,0.428410516393898,0.772117357442993
8684,0.0916778456261804,0.0456156833179448,0.707356009635047,0.711656385194017
8685,0.104823327622844,0.04022063065115,0.663915350418241,0.67073261183772
8686,0.0857928908252465,0.0243221629366973,0.672298302795512,0.395265379603792
8687,0.0803202077361822,0.0320540390349576,0.426346336669448,0.558783185886286
8688,0.08655782948819,0.0322902151084261,0.452239896997685,0.660173702208347
8689,0.0895750421063679,0.0449541173739649,0.430627388185061,0.774219324893987
8690,0.0940352396065746,0.0371960781681345,0.435568545176757,0.535437852194971
8691,0.0999644456526184,0.0261958518378672,0.245859870224359,0.276798025885485
8692,0.0865067012417536,0.0180777732772454,0.379445386277169,0.462924155066854
8693,0.103732772806817,0.028960050638947,0.433206293037942,0.490424987730373
8694,0.104001873339092,0.017533334402364,0.422948351048218,0.580992986086454
8695,0.0831036463284516,0.0675740778005873,0.445001117890439,0.793273623949322
8696,0.0882742535844418,0.0321282017062288,0.433420653961033,0.557618717339148
8697,0.0950215190175525,0.0210005195073469,0.461040209702481,0.528727053549402
8698,0.0947845863175996,0.0333156626483733,0.436369788330434,0.588637083437295
8699,0.087897155155456,0.0259697721357341,0.424231158589,0.628185804646754
8700,0.10083653481113,0.0230088205140563,0.422994951115002,0.580379972303798
8701,0.0752204886532047,0.0261940550641898,0.44308794672572,0.57602999974604
8702,0.102668564647804,0.031075999676649,0.435908568983169,0.615292771550764
8703,0.0845941243641129,0.0502348613850248,0.42958618422879,0.755816980830189
8704,0.0702177295939223,0.0219251960367137,0.44015529519284,0.518981460923407
8705,0.0931207768811041,0.0212146421011763,0.42476236648001,0.592490818635386
8706,0.0996674113582262,0.0278568226524964,0.44249799484161,0.473068334030206
8707,0.0916036950757076,0.0192221122366369,0.444835884633264,0.528710444247924
8708,0.104847442427348,0.0375215572935481,0.396875134774687,0.661182697661202
8709,0.0948605479250429,0.0254620966806104,0.388187941258594,0.582297294050499
8710,0.098275336626875,0.0157980102069294,0.437259050112725,0.459609515440335
8711,0.0882617457411458,0.0395298973419244,0.424614120772107,0.76996273937888
8712,0.0806015884038549,0.0497329050027459,0.446512723354214,0.678158183600584
8713,0.0912980263326842,0.0142135187122958,0.366279715659946,0.306803415967682
8714,0.0899534158257066,0.0346822647823103,0.360771397253227,0.582228278217608
8715,0.0936167073448151,0.029943358866446,0.422172433690641,0.613462425723439
8716,0.0942644235826983,0.0301576166604294,0.44142001442558,0.621802587469694
8717,0.0911143148162243,0.0337235639653597,0.43475033429254,0.546281810736443
8718,0.110761814863748,0.0319012624090092,0.393194707952597,0.571555842626484
8719,0.0892818983398771,0.0653234563222515,0.439172695792883,0.758670390973188
8720,0.0832607461703301,0.0197988003677798,0.433655319879655,0.522027367398069
8721,0.0790829708359287,0.0260973081563966,0.439614680047461,0.331931385533777
8722,0.0903448332920915,0.0200856120528516,0.442343779766934,0.335594452480449
8723,0.0922279774953176,0.0263316884170609,0.436226105600082,0.498346262651689
8724,0.0938270023407859,0.0224869489678993,0.332694320306036,0.523078382669201
8725,0.080922681277406,0.0193098856392346,0.0429146500691188,0.255792087293495
8726,0.0927156834552104,0.0172196594273129,0.314966773924508,0.377921945261897
8727,0.0807327420750849,0.0225916109040541,0.441062989345984,0.464349762346868
8728,0.0908581873377423,0.018970537328998,0.429003260344079,0.548997388989844
8729,0.0922530267228073,0.028186330502445,0.430839007940497,0.735696144536062
8730,0.101874290857902,0.0244986868548955,0.433702581103495,0.612336049949199
8731,0.0918352536192465,0.0578577234922981,0.445702383726567,0.782994276765829
8732,0.0890664865258729,0.034227636813795,0.423506947336153,0.519641100574289
8733,0.0964599176094007,0.0274851989607168,0.615450450124385,0.223104394749111
8734,0.0867521580175401,0.0266011197105247,0.447064371145492,0.468965745229041
8735,0.0731418283491879,0.034112110164673,0.424871211062478,0.60440602898424
8736,0.0961031638048146,0.0378474773724363,0.424775462429866,0.630105109770076
8737,0.0884927850419765,0.0371957865010715,0.445838429816361,0.736505744440049
8738,0.0669960981179393,0.0400973362721594,0.453893146400092,0.660497397501991
8739,0.0808054823163284,0.0552400569721919,0.43001016686763,0.813803314418026
8740,0.0929893107403844,0.0241524794040547,0.431606596878897,0.195860123191811
8741,0.0906130415792015,0.0285809366617716,0.431916185923518,0.372080554583732
8742,0.0905642855275108,0.0137608087279243,0.422110001153612,0.375951469480557
8743,0.0944297722991928,0.0499407716342559,0.394301481761765,0.627566723393568
8744,0.0869372125414678,0.0380689582093723,0.437223495342514,0.687686444938098
8745,0.0903776388098473,0.0321175637280261,0.429007390697164,0.586738803389133
8746,0.091926352172596,0.0363109335090064,0.44044701189162,0.582577282603078
8747,0.0917342731800606,0.0158186048194081,0.431452139051331,0.475768069731128
8748,0.0833179551413801,0.034899540842307,0.446373694319807,0.50411006043615
8749,0.079924718012842,0.0742967348243705,0.428684068335866,0.807727777526254
8750,0.0934370396202057,0.0325514561862082,0.441543559105854,0.607974655587994
8751,0.0846223358377276,0.0247736988041205,0.445632328969201,0.484676528545991
8752,0.0922410433169442,0.0231443878769916,0.412849881551269,0.421336028976661
8753,0.0844916587229569,0.0176280555566367,0.435733339926897,0.600820901723119
8754,0.0897989144099015,0.0390070355901674,0.415130851503087,0.69256059271613
8755,0.0990142223092926,0.0326074479753641,0.436348255050937,0.605005883607907
8756,0.0858060206758525,0.0214090998843076,0.414785411381035,0.586666834430575
8757,0.0912937172627145,0.0211042920400438,0.354927869197168,0.515137845576458
8758,0.101083707504954,0.0293366670385156,0.428457814665236,0.673772157487347
8759,0.0907273466441278,0.0416939132825459,0.438304292915031,0.659334919239845
8760,0.0853432814425551,0.0276825716969995,0.448454076355766,0.510364919099819
8761,0.0970171406724718,0.0427927019916144,0.571389497359975,0.699037718985017
8762,0.0930523812842849,0.0479422016348517,0.608700098859871,0.795665009358281
8763,0.0938375458229662,0.104849893525316,0.635418489493064,0.895527029006766
8764,0.0760363813276934,0.0516088161325638,0.593203208261766,0.822478409777087
8765,0.0825635089905125,0.0225968736641042,0.674670655617238,0.494541249846683
8766,0.0746007611117889,0.0193010013922707,0.638365416127013,0.456795328680706
8767,0.0823723399273446,0.0170442082286583,0.439368006939108,0.454077892571939
8768,0.0906664360540918,0.0275833090697596,0.500935906774425,0.337966561809404
8769,0.0954071141029704,0.0171327805283673,0.444264261674309,0.554085171755434
8770,0.0789254581948502,0.0281619615577174,0.695832004162451,0.533342927098689
8771,0.0662706754073464,0.0244183287712548,0.697717125536857,0.425122199398264
8772,0.0801177950101139,0.0237375390770497,0.731390440339379,0.392103410693698
8773,0.0931369068063484,0.0358939401646688,0.672285292895867,0.629605613465747
8774,0.0863846625960225,0.0343654772465593,0.802623617679639,0.512339870777817
8775,0.0890347655887689,0.0183812217594356,0.889153739029423,0.446327137174984
8776,0.0926683499116162,0.0210944457703107,0.954720992207846,0.296914829534795
8777,0.0884363351113779,0.0191213628574884,0.74943483380265,0.34584964347922
8778,0.0859005547208887,0.0399872408741582,0.870049994596934,0.594393012033687
8779,0.0802818204736631,0.022280199153298,0.63894269966605,0.467620419016211
8780,0.0785248426218324,0.0157985276023912,0.75051676914601,0.244348162422033
8781,0.0889498788277309,0.0284629857660545,0.648521063685395,0.474616914933965
8782,0.092404946973466,0.0196023352931516,0.484075462872853,0.179638890568492
8783,0.0837931891152962,0.0171291467226053,0.660108133496169,0.263645211681724
8784,0.0882313830665418,0.0566674036527866,0.876164681715229,0.610029694431282
8785,0.0926930315870797,0.0338905385765561,0.765533823973573,0.660121345077234
8786,0.0795523779466514,0.0399619465254074,0.861967133644099,0.668666678889929
8787,0.0829089992843704,0.0211198154363783,0.850786992387755,0.507676298619332
8788,0.0845487483707685,0.0278107803209909,0.886656523445337,0.507950798682206
8789,0.0811827760109083,0.0225437050669204,0.939678876557841,0.562190025816815
8790,0.0983208202458672,0.0302279875892288,0.879014755000508,0.571029108348813
8791,0.0738606615044356,0.0457922596446551,0.876333918887509,0.66981144933405
8792,0.0732738843077219,0.0301179273682655,0.778964049378248,0.523341414654464
8793,0.0781079626633661,0.0463392174386351,0.76572322384484,0.57386623880209
8794,0.0669225560504501,0.018997784201179,0.763160444956806,0.347114008243225
8795,0.0757854515140063,0.0327451955038494,0.860330578243871,0.547705254150567
8796,0.0737252288713207,0.0712329909674025,0.816996555727481,0.790979091756421
8797,0.106834991554085,0.0297470315671652,0.877665796873213,0.678863953386563
8798,0.0837747652749471,0.0280517885230885,0.847247174299124,0.498290881518439
8799,0.0842687860620883,0.0265664845394985,0.810038582334625,0.408183820518979
8800,0.0651498560121706,0.027118597652274,0.829804912282486,0.480686823674942
8801,0.0874816249827508,0.0256266460976253,0.772737246228422,0.449207449538645
8802,0.0834447980574254,0.0371827030673713,0.801267727978104,0.631551663112372
8803,0.0628552565350113,0.0185089940462948,0.625290031472927,0.561884508560437
8804,0.0590041359930457,0.0477831921474854,0.641696589405696,0.681228476022099
8805,0.074529316160657,0.0253622162487846,0.579914456708868,0.415378694585586
8806,0.0865304862698014,0.0566755156609117,0.734157852147226,0.802221882292629
8807,0.0835690634802885,0.0254425270640509,0.954652067670215,0.414257831896462
8808,0.076673184589884,0.05534729717917,0.95679097916414,0.753520438262928
8809,0.0911239448732661,0.0370665895072314,0.93136039557151,0.781541799079801
8810,0.0739869650938624,0.0344081243581629,0.867808166140249,0.552829342805323
8811,0.0911167062715589,0.0181063045529329,0.840191128927211,0.334250808941262
8812,0.103361553102905,0.0213108433404951,0.844953086462155,0.407072148365979
8813,0.0817304222406898,0.0277821763325867,0.592842739304575,0.531004092675402
8814,0.0879624708753653,0.0342985310717733,0.686207150770023,0.371674968313869
8815,0.103350475121416,0.0166739404274405,0.729535891224128,0.54155804179087
8816,0.0911233820591705,0.0697586767834221,0.642085643247489,0.760950559320983
8817,0.0691461286093071,0.146469909024649,0.649642315864743,0.863865582690151
8818,0.0824552376194707,0.164292453118288,0.851091830297648,0.851828987017
8819,0.0802029151325397,0.0340921581071335,0.592291837278984,0.647981089027728
8820,0.0782263093529104,0.0316987571173252,0.624507541827818,0.566007463988431
8821,0.09100817476982,0.024045303754349,0.463025356784453,0.498417840729124
8822,0.0860319414326272,0.0177638094548935,0.42296934023023,0.315061904573867
8823,0.0899276483043697,0.0249491849011003,0.423408033302218,0.417575944036188
8824,0.0890282964057219,0.0295926947894754,0.397626475733595,0.438228030646797
8825,0.100480156027436,0.0381319571242564,0.278581923221643,0.542946921938288
8826,0.0917947283873932,0.0249463757016475,0.427523406562492,0.544892587566308
8827,0.0845710948979718,0.0414472144918429,0.435911858295425,0.723582473795331
8828,0.0998184095387234,0.0274453885200402,0.397400433212771,0.543645058897296
8829,0.0824532521089833,0.0340039136813434,0.332220499447358,0.437522828457277
8830,0.085884396172785,0.0270518415480476,0.427487324989558,0.634716187940612
8831,0.0902821180267804,0.0266065409377347,0.370597046953611,0.610117357965331
8832,0.111283369874488,0.0299818806569152,0.430997719528564,0.646282228699219
8833,0.095254164750435,0.0228774263714782,0.424346834212951,0.544602536613445
8834,0.0956132216298278,0.0504775256132965,0.431873309434142,0.780184837072132
8835,0.103929883892848,0.0436473382397814,0.437122896795482,0.574483360234397
8836,0.100940985417761,0.0357623023794509,0.438759887391783,0.645265529549213
8837,0.0868874661615208,0.0610979795025254,0.436810168572348,0.781934786197795
8838,0.101272955720737,0.0784314901708892,0.445344026414309,0.826314239862723
8839,0.0876563840036973,0.0733158199715398,0.439138006165537,0.789273380393299
8840,0.106836312928474,0.0276264826677917,0.412554085467064,0.454332374526227
8841,0.0939529328292749,0.0199382232901781,0.433509815257187,0.467260418683454
8842,0.0958802345833641,0.0404086310531172,0.438187567710332,0.701701136351213
8843,0.0912920484742649,0.0344105185138442,0.431196963370526,0.723035540341634
8844,0.0949862414987793,0.0457524042414938,0.447329324062437,0.735829215466385
8845,0.0843570991206301,0.0301009109549085,0.430079217578785,0.621819133519496
8846,0.107527400086001,0.0268892599675808,0.442002959779435,0.634101797632809
8847,0.0858147970565417,0.0290340453789288,0.438458615420049,0.593051977852673
8848,0.0987743308240797,0.0422435263735076,0.495071107915464,0.57825094172799
8849,0.09981340952369,0.0471419336767393,0.433771467114361,0.71888271345878
8850,0.0917228294383019,0.0240117054014015,0.433994090618945,0.487918145761495
8851,0.096290208949704,0.125183381931842,0.444805732216514,0.909539864856644
8852,0.0950376986276508,0.0784838676998984,0.422819692301982,0.854628298068049
8853,0.0990109418918063,0.0576705294070276,0.437506457528264,0.785666272064205
8854,0.103644606919846,0.122699634522622,0.443887787073203,0.883923320681168
8855,0.0868949096288382,0.0382090610092527,0.446241851782784,0.707220850516852
8856,0.0886346356095551,0.027269638016076,0.433964497570077,0.588242749094026
8857,0.0922590309733864,0.0292136996045946,0.426861487912593,0.497914998168888
8858,0.0831930751642075,0.0261134588308491,0.443166295312097,0.676997934742953
8859,0.0893103261083222,0.0405465969363893,0.48596605931124,0.545716054072801
8860,0.0982816741007198,0.0237924144726616,0.561882937083161,0.473748858251508
8861,0.090300550179907,0.0269968607980403,0.578484461272412,0.567319353419433
8862,0.0869496295802218,0.0388530101252849,0.444768321065012,0.70985617743506
8863,0.111550218422062,0.0200866943428286,0.498134153427644,0.680365070748469
8864,0.0990311589395684,0.0229080642507466,0.427992296703874,0.396175067927887
8865,0.0762078399906027,0.032192905897759,0.422176529723416,0.472300376992787
8866,0.068111835845984,0.0152908280780871,0.435102490992149,0.37889778334384
8867,0.0980987823139801,0.0423947517626256,0.426757171172402,0.664270723049495
8868,0.0944999143465432,0.0352933121625897,0.423323778407501,0.56911203835037
8869,0.0816683959472415,0.0412993669366342,0.431477281328973,0.559572739207944
8870,0.0993518937799677,0.0400686578612647,0.373176661431883,0.566661443824363
8871,0.102337651747613,0.0223050160563429,0.431069695694986,0.719567554407064
8872,0.0918143460579908,0.0687805467840594,0.428391887208032,0.717590153632411
8873,0.0706614715919764,0.0242946657327726,0.437341984425368,0.505661938443364
8874,0.0768636461205153,0.0196083814306995,0.437628477337987,0.391593751369225
8875,0.088647194414477,0.022541057721429,0.333070739883187,0.297830517184204
8876,0.0980223928728092,0.0219584311044098,0.354216350438309,0.389387585434039
8877,0.087451307331067,0.0165350787582357,0.435225377331657,0.419252965066554
8878,0.0980433661204988,0.0239874043590599,0.441874148828435,0.520407209580965
8879,0.0928867031192861,0.0292839765232158,0.445193339378607,0.615262925351571
8880,0.102490718998514,0.027530327846004,0.425062707775905,0.632990560982661
8881,0.0959538656665133,0.0323562919029368,0.445686122554181,0.691590020113549
8882,0.104824705996744,0.0737022635048143,0.422823004526613,0.848306858286666
8883,0.104230295475659,0.0337573665319477,0.429344653916538,0.713915350104853
8884,0.0935162545711416,0.0307006463623594,0.436555779713579,0.685299778520753
8885,0.10577995841564,0.0345211701098341,0.437422971018093,0.755781911789479
8886,0.103107991990343,0.0253174221319443,0.431113956662417,0.348542497274834
8887,0.0914052568558781,0.0649972952479498,0.432516511473801,0.858424011958189
8888,0.0984450405684117,0.0591967437952516,0.440147981197201,0.698246098263844
8889,0.0947280965890403,0.0624773990693773,0.424510382024663,0.740350427513728
8890,0.0895826931755025,0.0338556689617848,0.338032266649227,0.525815321844172
8891,0.100129520473688,0.0240153465147852,0.415488419728175,0.397246518841504
8892,0.0996912886956352,0.0331666792660013,0.32792423381412,0.594525228745588
8893,0.107657359531539,0.0348811248042247,0.441907875565629,0.514973879924778
8894,0.0939409698407807,0.0259716260912812,0.425540192891246,0.535077311801513
8895,0.0948979905056902,0.0169671454609426,0.441869193435967,0.264019837343815
8896,0.0834826371062676,0.0179020061555222,0.366090145709868,0.352035100400349
8897,0.0933843311330298,0.0238592685425821,0.359332037271918,0.481870999584105
8898,0.107043254143093,0.0225208079508377,0.286077867874888,0.39964457781906
8899,0.100651025031167,0.027655269683739,0.150784430578323,0.4068209084459
8900,0.0978125210887665,0.0301424076213661,0.412672672061498,0.538136427296094
8901,0.0877778242854682,0.0261834897038666,0.305880744768722,0.448624215167291
8902,0.102008014725711,0.0235311954114289,0.445760716251838,0.480269050382331
8903,0.105064416898707,0.0256255592172384,0.438840538826812,0.611886577071304
8904,0.110732101138066,0.0481031966985229,0.431805588798532,0.718897300796794
8905,0.101785752653534,0.0381341704299233,0.43056026253206,0.751536618902025
8906,0.0825973445881016,0.0565398555957836,0.423965310188152,0.866024003169229
8907,0.0922037133989778,0.0384621500561051,0.445029485723711,0.675310475710049
8908,0.10662087170986,0.0212190421569669,0.398805206604441,0.424487330560471
8909,0.0909838750423475,0.0560425969350528,0.338764099716968,0.70755232893255
8910,0.0865643352866287,0.021721071830678,0.427462321350035,0.483708666052276
8911,0.0905251483341867,0.0327053324862192,0.434462081296441,0.408518248307823
8912,0.0886117864811466,0.0190809331077216,0.408999112124639,0.419704059522077
8913,0.0893422138587908,0.0232126722578768,0.392206673570274,0.417154207873292
8914,0.0941029980950573,0.0325047668933523,0.438513320330026,0.586456052221226
8915,0.100664977059253,0.0682845500059088,0.433931463281451,0.737554840380527
8916,0.10558350354611,0.0470014600572749,0.439257454287516,0.817063136232575
8917,0.102330157790926,0.144834262850853,0.42328900296404,0.926762629153356
8918,0.0952567267177858,0.537609243269043,0.501936920134091,0.976371955752343
8919,0.103503463331883,0.0932662052070581,0.615263418356677,0.868842983014871
8920,0.0894151346366538,0.0367444415215881,0.333559840059924,0.681440202114219
8921,0.0998233425293807,0.0219261553827064,0.285606949907021,0.269238035524151
8922,0.0758072846243553,0.0308567304186709,0.41534431956273,0.589631453682713
8923,0.101999068427039,0.0478911958149863,0.22788077203417,0.621441522816029
8924,0.0940589094167256,0.0228838041514543,0.299770222020942,0.410325968765832
8925,0.0848829965619062,0.0190767118307187,0.418631235443611,0.207731123075711
8926,0.092907499595869,0.0259387751463018,0.68842739420319,0.314261491256772
8927,0.101896574190011,0.0470436199587478,0.540427810276756,0.639518961615777
8928,0.0781710212965363,0.0587456078034988,0.869269581524937,0.665221967604805
8929,0.0848540942451271,0.0227563002300573,0.809121167161951,0.65667565092672
8930,0.0948408571239282,0.0207589095809449,0.843122066985026,0.415498926240363
8931,0.0951827779645665,0.0347032919114755,0.677733976556802,0.647995954328654
8932,0.0858140701480764,0.0282809134754178,0.577195901884379,0.377509204479098
8933,0.0899204951225265,0.0509711568933601,0.821014949479097,0.790133293371111
8934,0.0863260694673662,0.0657350724395624,0.794492221562368,0.852708618064036
8935,0.0767929343254355,0.0765226419500913,0.85910165807689,0.807355112969254
8936,0.0904152985722118,0.0833179962281962,0.739393137193948,0.834450696093687
8937,0.0786974254393182,0.032354134242442,0.734730074033821,0.337329477910774
8938,0.0622920953214042,0.0420276618097419,0.855607761942173,0.689400888361477
8939,0.0783756348996262,0.0236115748997741,0.885391628615259,0.44571542834746
8940,0.0800705000001505,0.0318487568241302,0.962002112095483,0.652072338578007
8941,0.0834397654935387,0.0229633598275448,0.826788569474511,0.442234831751283
8942,0.0770438927083225,0.0198933442670058,0.893397209142518,0.261344392117909
8943,0.0755344158003134,0.0980949016126865,0.79717426055712,0.815558774560067
8944,0.0966518013720096,0.0272294624612439,0.626782633460936,0.489543245225643
8945,0.084211236105539,0.0643454746457313,0.619597828543811,0.740619310265497
8946,0.0888481904664482,0.0425860556045573,0.663709715056183,0.758194200892048
8947,0.0787505218911462,0.0430701556418251,0.83089574689197,0.488056561786346
8948,0.0835231689069083,0.0314944755354548,0.601662165333181,0.302548911394872
8949,0.0882229198463214,0.0331115267044916,0.89253239825759,0.676301728185476
8950,0.0878983669258021,0.0299611466520787,0.681606872342436,0.575890115634576
8951,0.09136261583031,0.0765977339316312,0.63946671425995,0.762012260493151
8952,0.0913373585614931,0.0337759247802915,0.446847735286122,0.530692414928566
8953,0.091899805085355,0.047895224038352,0.42450659788743,0.80240212978089
8954,0.0982932873312554,0.0282181507660647,0.813108731119232,0.748083502378037
8955,0.0851335634088634,0.0355683959049657,0.914164631556438,0.677573137687449
8956,0.0805144896393422,0.141498882169772,0.957466786651366,0.916403789203456
8957,0.100486212644439,0.0718260445665231,0.838959828968091,0.879852608782454
8958,0.0783192063763224,0.463601435050317,0.7611613490406,0.969722155453927
8959,0.0779761176018046,0.163872964161463,0.650944550972066,0.941887491484059
8960,0.0706289036380308,0.190525111734473,0.612392591233385,0.903219607035251
8961,0.0688179334559336,0.0387087828305941,0.671197469818265,0.615147544760919
8962,0.0816359284522583,0.0201619187266854,0.630808015019113,0.322027154897863
8963,0.0896059020074617,0.0170097176294043,0.580794727974767,0.404177251307788
8964,0.0924387424317974,0.0185280744139977,0.644080076231501,0.298721803561049
8965,0.0770211504741204,0.0342283889901693,0.713767683243192,0.602826957304934
8966,0.0921800018901555,0.0309571654749345,0.513691183104574,0.716353164196932
8967,0.0969373400668337,0.0440455382554456,0.325898151750973,0.734381794778199
8968,0.115595807544116,0.0254083884340754,0.435457044884471,0.693640341318989
8969,0.0922385997802125,0.0343668386818455,0.389222157733713,0.661906555862763
8970,0.0956460174913717,0.0229490572629156,0.432340591048302,0.417242133403177
8971,0.093095875003355,0.0249130456998368,0.297070037272605,0.379642933960366
8972,0.0925957484645314,0.0178058242657103,0.439606258033968,0.549029279022412
8973,0.0975964758372843,0.0326372004772266,0.350916445573519,0.607102102128254
8974,0.0876643178339255,0.0250872184309915,0.442926191852235,0.498204517969963
8975,0.109809608793405,0.0527235366223421,0.434964217445051,0.80706079120239
8976,0.0869424520242282,0.0387099202871391,0.437451319736769,0.65424249581318
8977,0.100420440489875,0.0266001233558199,0.43372113765764,0.494095028809409
8978,0.0815828535539555,0.0413826680362871,0.399246296490114,0.604377024063872
8979,0.0844398204850284,0.0322551975672872,0.429929483565731,0.527235457579429
8980,0.0864018320688205,0.0323761557316518,0.37593159006607,0.644666059794451
8981,0.0908900852582241,0.0237449900444966,0.309497871867558,0.589328894277438
8982,0.0846386971333579,0.0222079722061355,0.424633092860225,0.461647332600486
8983,0.0747985051882633,0.0397802364142126,0.432984016056733,0.518945129109452
8984,0.0913582175945355,0.032055383635739,0.436774884588128,0.419546516070757
8985,0.0932533265369162,0.0307751365970737,0.443028379782975,0.637256235781402
8986,0.0967448370910498,0.040601797364925,0.4265321851344,0.683945833779576
8987,0.0867366608396427,0.0257559973688457,0.424763252382587,0.505446835253403
8988,0.105785578454107,0.0210678877762841,0.422451721193231,0.324078653879863
8989,0.0878842727614174,0.0220265134929183,0.388989566633127,0.53824225885726
8990,0.103061612438763,0.0472338926411088,0.416031114668735,0.682020988478289
8991,0.0969267713385816,0.0204164878352012,0.430585712596607,0.614909355936165
8992,0.0935120106224692,0.0343355350511877,0.423987092689644,0.757666540785974
8993,0.097047679009002,0.0187738007175896,0.431790577727868,0.289068240680602
8994,0.0910458628503116,0.0407188090103069,0.435781653876327,0.577473007432294
8995,0.0906502779817391,0.026753318274859,0.461088426374332,0.568793702563938
8996,0.0951477592630575,0.0183805013515182,0.415470650916655,0.46537836783289
8997,0.0913873965034426,0.0637276021078397,0.422766180091724,0.723168147622784
8998,0.0989514156678272,0.0340124346035976,0.434460917495954,0.677297136640706
8999,0.0913134221195511,0.0186501981117163,0.445945633537752,0.44508117526843
9000,0.0856002479498827,0.0370567778808948,0.429179079431091,0.711029465692123
9001,0.0979323326070869,0.0269005163983111,0.424993536371658,0.508655641016449
9002,0.0871160584306216,0.0259752827633967,0.433813323305039,0.600214455222167
9003,0.0750826002168708,0.0196296560128617,0.30967476570577,0.412696815466447
9004,0.0909077408509244,0.0224239846490661,0.360746948066499,0.494663035550061
9005,0.0978190548937685,0.0380536686930037,0.447353374328266,0.649041610643444
9006,0.0937479324852679,0.0428691392018601,0.432116148036479,0.748349348980676
9007,0.0879599197860496,0.0662328841284846,0.441123367865936,0.813400925898661
9008,0.103101746077582,0.0462027544796561,0.439283977224282,0.744945858045201
9009,0.107812802020162,0.124405855517468,0.428289258119449,0.891238571311284
9010,0.102676391931879,0.0348791383943969,0.434543085763116,0.631188361343274
9011,0.101534154482763,0.0253429722729749,0.447513630231632,0.690631934231931
9012,0.0934388338596499,0.0229648989690008,0.435505855691117,0.470030921391537
9013,0.0957241179820664,0.0233668141401053,0.43596498112511,0.503478130185271
9014,0.0989102776359796,0.0772452884320964,0.435103584614314,0.85714915131271
9015,0.103519737355375,0.0940205280243689,0.430423683573677,0.91002286861434
9016,0.0989234052865478,0.133701101940506,0.429177986548065,0.91000540640562
9017,0.0884166195014394,0.102982442393242,0.424609497138044,0.860113231377267
9018,0.105134067358596,0.0361799213248982,0.434966661782149,0.740695816896847
9019,0.0910228159835857,0.0433941283585366,0.430269563445176,0.793319384497884
9020,0.097476620366122,0.0286656630730666,0.447039631395512,0.567130460772337
9021,0.0999299854283825,0.0214590742821719,0.438632890839877,0.346570802965561
9022,0.0995423388469174,0.0276419684227434,0.38769019049379,0.593216095826234
9023,0.0928199003197306,0.0317930665434335,0.438228613938463,0.275183716266468
9024,0.104472664565103,0.0235799437929217,0.428005585282291,0.646529526573841
9025,0.0993262751240959,0.0168130660622328,0.428773454524147,0.581323408223564
9026,0.0834341437661301,0.024252042868765,0.447146268405594,0.505656420865593
9027,0.099722195903304,0.0207822842799015,0.465233863624483,0.501720049160781
9028,0.0912878756182345,0.020013942429416,0.429268211226741,0.326199672322124
9029,0.098961955479932,0.0621417568245801,0.425718889943176,0.858452397191647
9030,0.095174666540432,0.0620543025897062,0.434831179244099,0.82498736403236
9031,0.10869547407654,0.0406159691108304,0.445142400661834,0.770433739607569
9032,0.0883632507696148,0.0264083039878051,0.422580849177455,0.66216101912018
9033,0.0949276314435554,0.0354571816826715,0.432252860768904,0.70864610481641
9034,0.0898452491131015,0.0152270985008314,0.42650626786018,0.353710165692541
9035,0.105627520891126,0.0166052016936998,0.42274694155025,0.430150052430789
9036,0.0729429143834071,0.0295329476202167,0.4338436323608,0.365597410490157
9037,0.0714109228766613,0.0377123792290518,0.411996081453209,0.578446760530415
9038,0.0889740322648545,0.0312739652189952,0.4296801760611,0.658174187058009
9039,0.0884408681781571,0.0355574970119134,0.415638457680516,0.540238953612651
9040,0.100206931853855,0.0295785418911269,0.467121083281794,0.465963937155509
9041,0.105634775805585,0.0226616174298436,0.440908472113587,0.477298263444138
9042,0.107470168728768,0.0394682001754106,0.430034532532122,0.756871584427658
9043,0.106969834996729,0.0361389962927792,0.446020641274375,0.473600247960392
9044,0.0985381024680848,0.0941708757056281,0.437721313576818,0.836367947919852
9045,0.0846153635752384,0.0161508118272047,0.466845859028192,0.405968551674737
9046,0.093499963314966,0.0323188726079805,0.451148500628543,0.585111992779773
9047,0.0894494026584915,0.0176911667985324,0.301419504616617,0.212888895976761
9048,0.07813262853342,0.0355894182297951,0.402910821755542,0.57713689292879
9049,0.1029346012161,0.0771314426262026,0.440722066672249,0.855133022464063
9050,0.0913109728845727,0.0613865897911745,0.444534484043484,0.773472786630555
9051,0.0931452749556627,0.0258574158351732,0.422437487052084,0.623475283980587
9052,0.0878367845206361,0.0367113040410116,0.303425703293369,0.495929578223852
9053,0.0849473117036135,0.0598776340682778,0.360687652036569,0.626550626096349
9054,0.0967097281198046,0.023513532307133,0.441226158524989,0.520948493863478
9055,0.0944360295505534,0.0313038430563042,0.437839288521844,0.694403460328186
9056,0.0896671569653649,0.107244807208316,0.43385979237276,0.906117169442822
9057,0.0987318733056393,0.0509026220720234,0.428769610851331,0.65476116417943
9058,0.0974204128656527,0.0239229920465456,0.40689767033337,0.572325823369069
9059,0.0950888736318699,0.0168810829893923,0.433944167413211,0.420575930419677
9060,0.11034341641571,0.0227792006260338,0.438902352578809,0.497550369749052
9061,0.0737925870411568,0.0149226798938566,0.4404865410626,0.418589435383316
9062,0.0752843620478487,0.0269325445323684,0.431080756326191,0.440837426501197
9063,0.0913998568333615,0.0149785475692584,0.435372227777575,0.5359783550924
9064,0.0893952035009749,0.0253110960723635,0.390589689916801,0.565882612974447
9065,0.0761762308940883,0.0436156553449566,0.44021363633326,0.624096907600011
9066,0.0747271923358929,0.0285070464835062,0.438564021001502,0.556482730290444
9067,0.0782009624741045,0.0334738443253133,0.431652819341127,0.629385602096937
9068,0.0801385018714998,0.0326511775118336,0.412791215478598,0.391275750446193
9069,0.0795044792260299,0.0398004744121264,0.447032767125554,0.613758798696303
9070,0.0865957137393186,0.020060979821916,0.438737629609888,0.532961552007239
9071,0.0828445787042215,0.038990448612852,0.435011198587465,0.739768648819549
9072,0.0813303709990515,0.0409915994849727,0.441095088098044,0.651932475762731
9073,0.100493046476321,0.0393996016614947,0.430498477324752,0.770030355356779
9074,0.0938460694691973,0.0989418724648507,0.441723752672782,0.884615757081227
9075,0.0956696750619956,0.0310959111759712,0.400438592720572,0.604402033136254
9076,0.080438628960258,0.022265214065189,0.429366987719546,0.462905220692559
9077,0.0853475301135971,0.0210579091469223,0.386689460113754,0.33589911230511
9078,0.0886043965505904,0.0172732023119142,0.42722213486705,0.342853107583815
9079,0.0768728218179532,0.0302838673807163,0.449803798611802,0.559927918451858
9080,0.0920510095905561,0.0544126960148181,0.366733691515939,0.670408120546959
9081,0.101279370948992,0.0252253760627754,0.458153824387131,0.632417085453496
9082,0.100675111151368,0.0512123414357366,0.434839213589785,0.825429338731424
9083,0.0945958671251265,0.0663684791181405,0.434463111403436,0.856613192805168
9084,0.0934594854782163,0.0287456333436124,0.427480903104332,0.524304323446193
9085,0.0990829688519079,0.0447429466660945,0.44260379634213,0.764213116806712
9086,0.107505501554704,0.0906354017232803,0.441550840615723,0.842698388455709
9087,0.0917837061960582,0.0851128666126419,0.443604624233128,0.823831672712977
9088,0.0884577696304473,0.0447988690975207,0.429293264846643,0.713694259342815
9089,0.0995457640697746,0.0319517899958959,0.422486883565485,0.503701282729448
9090,0.0984508203602937,0.0598092968566543,0.434511887142966,0.790653108117791
9091,0.0800677173281308,0.0260601238442341,0.424028805731019,0.554433838826813
9092,0.0851164153732211,0.0495236794070767,0.439608701312142,0.716436813118341
9093,0.1052284182138,0.0709754580299931,0.432538482905392,0.851609478993818
9094,0.100300423980383,0.0318975420402041,0.441675542766431,0.728289255541291
9095,0.0912084270541065,0.0228193673504957,0.441962902499293,0.509063105694566
9096,0.10277201028993,0.0631469541145289,0.443886902708491,0.717538075972505
9097,0.069193953323208,0.0557329827899435,0.442024956537919,0.718888233958682
9098,0.0801941719880752,0.0288475054355034,0.43058221300343,0.421049645321978
9099,0.0818488786785804,0.0201283049129786,0.440369532752634,0.427587414984603
9100,0.106725363354227,0.0189582158201675,0.424054794108511,0.359837247901538
9101,0.0747869199507702,0.018875481726118,0.333558435623713,0.413897247163913
9102,0.0909577682896659,0.0226624135694979,0.423793404186163,0.532942596748246
9103,0.09885148304205,0.0374528910598814,0.428743596524365,0.763409184712446
9104,0.105999438303611,0.0570115166051863,0.42936352667898,0.825484665660509
9105,0.0992996891204343,0.0323829602141708,0.430409325653535,0.760362415241839
9106,0.108375447279177,0.0600179600824368,0.442154252574647,0.797500218902112
9107,0.0949819064420831,0.0399883674263919,0.431987848710612,0.734924169552811
9108,0.0907397090940217,0.0348649931060942,0.442412476542954,0.739764070631879
9109,0.101543803799035,0.151133253848576,0.451415844016836,0.91873644963925
9110,0.0891822026469787,0.2593445660068,0.301301110812729,0.912471414102201
9111,0.0964689925723715,0.0769083678827519,0.444156550382864,0.816622760425992
9112,0.09909562638351,0.0715924896282172,0.44590658349859,0.789753418941095
9113,0.0866663614173771,0.0176263107950365,0.444723666394438,0.461262186007865
9114,0.075713387923881,0.0428418717697886,0.436704894497721,0.737332505224967
9115,0.0938516824260169,0.0321976584897055,0.442020359031975,0.587832615484723
9116,0.103387374308274,0.0257439829673288,0.36559667308789,0.518592578539072
9117,0.0976171368964287,0.0318389579844974,0.401418080053311,0.468586671312583
9118,0.0992848954457572,0.0569184424853241,0.437497902883177,0.703673448402643
9119,0.104194846940271,0.107903612001033,0.423625842293307,0.853296045844258
9120,0.100169259755612,0.117615864680931,0.424376819538091,0.864488072045234
9121,0.0987141142338362,0.14198890079077,0.432305330337123,0.890104848349409
9122,0.0885086536869215,0.0324388006851455,0.440213860367745,0.670093495183357
9123,0.0997087800378838,0.0201198503154352,0.415436939292266,0.43698046931411
9124,0.0936160173468577,0.0275627032371045,0.442299509530193,0.633628828388875
9125,0.0978013655852462,0.0529537037061979,0.446884030617664,0.77405276261423
9126,0.099269617590157,0.0322724590325983,0.422143706997085,0.650744761631183
9127,0.0877803324669026,0.107701024498341,0.443586622983962,0.833883937569197
9128,0.0921820566180932,0.0457939006198669,0.438288379238304,0.659492177277872
9129,0.0900592929194864,0.0181642814624684,0.432993927600847,0.534313424174221
9130,0.108833273457352,0.0291049654460129,0.446682701183336,0.555234787234621
9131,0.0845237045639377,0.0239140947011539,0.40303221185585,0.516747627345857
9132,0.0892985336125894,0.0205102899981983,0.431706780898279,0.605066263912664
9133,0.0926031803707159,0.0224596932416649,0.441961521885144,0.483569265665174
9134,0.096724396402732,0.0284219982476685,0.431058057412013,0.498447176747379
9135,0.103452791989679,0.0236971476279906,0.295295182043445,0.330468624839461
9136,0.0781420209983699,0.019558549713112,0.29293344802317,0.427420440974893
9137,0.080298096955196,0.027095832204878,0.34123892283205,0.29018328471648
9138,0.099261271593777,0.0326307479397182,0.251325677684477,0.495216519385395
9139,0.0914542726650736,0.0210715470156311,0.320572735937966,0.26680521721034
9140,0.0965729167059112,0.0214990828645716,0.344451615296863,0.32098894182597
9141,0.0988538680282224,0.0224626074946354,0.290824047527528,0.453221593438696
9142,0.0739490940409272,0.0384861623576509,0.431699155940307,0.61455401287447
9143,0.0838626234031474,0.0516974289182825,0.43756695216786,0.722032424307239
9144,0.0832863268534204,0.0423064348013144,0.432474766632614,0.782440443904987
9145,0.0928214575582895,0.047529828130631,0.436313647627638,0.737361952364493
9146,0.100672434407302,0.0582866321350181,0.43939874484266,0.787812573999824
9147,0.0806846111038834,0.0310281528643415,0.440338418021919,0.451858653126672
9148,0.0782164257225424,0.0264991305947117,0.435475287609883,0.503362127116726
9149,0.0972683156634149,0.0424560262969886,0.445466708965457,0.782065274439499
9150,0.0980279109458967,0.0507792015768626,0.44116044874817,0.684475993977721
9151,0.102378467109273,0.0368484554309302,0.434169378577456,0.75410628156251
9152,0.0946275199256109,0.0264715046238115,0.439531142394912,0.563795672135962
9153,0.0891276070272807,0.0391708631162395,0.416311647942406,0.695688553718962
9154,0.0904909367658187,0.0280360880186889,0.394685119563546,0.647067190479925
9155,0.0765556355796305,0.0279137076860004,0.543023143912928,0.198505380458714
9156,0.0788410610534173,0.0296258332769667,0.342588948321936,0.432273082460627
9157,0.0952343448819778,0.0178527585964442,0.396612321093469,0.342760114913413
9158,0.0848195481311062,0.0290263489493741,0.323428335755779,0.478625744732517
9159,0.0986784933072439,0.0382991238655884,0.391308411987458,0.612719198661021
9160,0.103689578654224,0.0285949514364008,0.427106052745024,0.484027932817568
9161,0.0978446016618895,0.0229379794094715,0.424001862406936,0.497786245593949
9162,0.0965209818615106,0.0677611636832675,0.43428905677341,0.795771390238518
9163,0.103497038840017,0.0319510079540529,0.427859339621295,0.57281755198027
9164,0.0977782309656131,0.024148385109843,0.435735728116062,0.668649183829648
9165,0.0848075492659695,0.0303090683178536,0.44503524768576,0.58374757763603
9166,0.089266771265458,0.0213731781661441,0.445232253902052,0.549060724820482
9167,0.0900682665911283,0.0424822693121426,0.446820561314313,0.724197859390623
9168,0.0833209864808635,0.0190781282035648,0.434389732085866,0.425722274195697
9169,0.10443871355755,0.0247769975437207,0.456701586762599,0.485660593281172
9170,0.0827523875802046,0.0170547636718883,0.360055572448337,0.240438104977971
9171,0.0938025964311348,0.0291635255658137,0.453352137887772,0.526259997724591
9172,0.0980477446422664,0.0224186494302732,0.454378010264478,0.488830300791573
9173,0.0844754866976969,0.0283727468243446,0.491184140748802,0.604149914664863
9174,0.076685140251271,0.0352680624860934,0.414517859157315,0.613812661614847
9175,0.0902243539622844,0.0423624301694381,0.432528346727897,0.397577421035184
9176,0.0792648561451075,0.0289489917984791,0.431534399413955,0.42330561599393
9177,0.102447165855167,0.0355470120101473,0.442839324792766,0.698678320987115
9178,0.0865026225783859,0.0295796978009474,0.39104057444261,0.50352371287638
9179,0.0827665113948794,0.0819792991720907,0.432314859516323,0.788116557174614
9180,0.0948610165449363,0.0286008185311246,0.445192950094386,0.488158266570675
9181,0.09010366482675,0.0182636603841686,0.442906936673707,0.346288999245667
9182,0.091916472996572,0.0249641581132945,0.434423972037206,0.547312403499793
9183,0.09983885867722,0.0415126107473799,0.444083259239657,0.558479899833594
9184,0.107304354959578,0.0376839220409697,0.443227542017269,0.763712911578978
9185,0.0985982528828506,0.0276306135099458,0.437373326846021,0.571499065972919
9186,0.0892713155266342,0.0315160943020761,0.43033351444504,0.609351297154413
9187,0.089904446978171,0.0256300010924772,0.446132978928173,0.620932968116509
9188,0.096674009995162,0.0419334325218049,0.432233037580637,0.597441667403682
9189,0.0926182398074129,0.0316212536234145,0.424059039733784,0.613684203915435
9190,0.096904858136237,0.0515622977545443,0.429491502754658,0.633008287649017
9191,0.0986353559482358,0.0206761812820507,0.440316733657977,0.419241882776188
9192,0.0947793542203184,0.0466535144487009,0.300398079146959,0.65504577083069
9193,0.087760834447293,0.0248293926868231,0.103597701636938,0.418604618572931
9194,0.0724863312438714,0.0337988478613029,0.357737651210103,0.474746618914114
9195,0.0759488002382247,0.0160239059673232,0.311731577833844,0.289094467115607
9196,0.0855227271525335,0.0311492374137132,0.23599047317894,0.204377855183175
9197,0.0944789764515667,0.019917750714698,0.307856790025218,0.402284911838411
9198,0.0840868541227895,0.0255922723674335,0.431725335974607,0.362880962417679
9199,0.0967637402037507,0.0199021119298661,0.335905179849935,0.234113691475346
9200,0.0856545365861473,0.0459589919303779,0.223550960000743,0.405989420540499
9201,0.0901183098723041,0.0382695904163227,0.233355290790102,0.560752109786159
9202,0.0961877666672253,0.0235653594040157,0.252664939102705,0.392981292591121
9203,0.0816416034364827,0.0363563225702885,0.314788350823652,0.540860968825926
9204,0.104962120265711,0.0239004863545302,0.295554164883927,0.401384333703783
9205,0.107470206653663,0.0308611848624196,0.247088239988593,0.397541992557779
9206,0.0949106466858783,0.0226738908317008,0.373702166885692,0.485219260655352
9207,0.0813533619888646,0.0184076809772509,0.238425067505831,0.306263548804071
9208,0.0900304741686963,0.0183674742453685,0.440053430338893,0.420339122145766
9209,0.0908922956907878,0.0346799519659626,0.42589151210736,0.690314707335999
9210,0.0917738088522333,0.0208273865923806,0.431486894864612,0.523035150829562
9211,0.0917305670882852,0.0369083304773665,0.433442230354369,0.716129156896796
9212,0.102688875819807,0.0465572044058404,0.43594068731104,0.789578713655333
9213,0.0910237189030719,0.0176694441121924,0.444983790897329,0.496276833740993
9214,0.0928343762715069,0.060335667646773,0.431301798143985,0.775865944393352
9215,0.0953573318939949,0.0349773422224419,0.438884782159519,0.614165731609558
9216,0.106559197249767,0.0873038262313712,0.429143472125102,0.789679457675872
9217,0.0968288332297209,0.0483666883119432,0.424697618990267,0.779010901549702
9218,0.0870486616903304,0.0378584362197844,0.437972188640718,0.682186166923098
9219,0.0868876148949632,0.0278585146332799,0.373357674035704,0.593103776430054
9220,0.0815532717789915,0.0375181337676982,0.325525642287371,0.384908868499323
9221,0.0783903987916346,0.0168041449868181,0.291357864347301,0.260366731291797
9222,0.0904229871036665,0.0390273120831036,0.437208539544334,0.49107264214431
9223,0.0944745652191153,0.0409384492189916,0.429390439581361,0.736849926033089
9224,0.0895950410372362,0.019147582955555,0.359913011730783,0.375891441734053
9225,0.0762992388673675,0.0320296919543809,0.462060606993673,0.43122136827694
9226,0.0834305873408494,0.024222250611991,0.599534012600344,0.572897445002073
9227,0.0905708036600578,0.0318055674320797,0.951681090988569,0.484001686639739
9228,0.0755767124975635,0.0357415342264614,0.7730019205785,0.630720422215313
9229,0.0797803636105197,0.0300535194122702,0.557589233192944,0.573116294094011
9230,0.0948457949177605,0.0332308068177365,0.700258429814836,0.642151698443509
9231,0.0823413799831111,0.0324586340598809,0.89912367555622,0.496946955907342
9232,0.0917581352300602,0.0519058741344196,0.62145494250153,0.800827325250574
9233,0.086193639181555,0.0621709198463349,0.633488364175238,0.737322940222461
9234,0.0933933117723937,0.0363084647767628,0.571552168699266,0.567513441868548
9235,0.0797875807908036,0.038220523056063,0.608195722139041,0.636063697306226
9236,0.105325746882173,0.0320867814642329,0.710341189651369,0.586696525890074
9237,0.0796846310552454,0.0189437126805327,0.752549497968082,0.425872546778398
9238,0.0754593412189811,0.0245237513458198,0.764750063221972,0.547773966965193
9239,0.0914439214832477,0.0317764494367084,0.611565186444934,0.473409819882062
9240,0.0695997108552178,0.0181394456738423,0.608709391056004,0.305382611159255
9241,0.090057501448969,0.0488342856758473,0.687829205600171,0.729755975007284
9242,0.0905601202702544,0.0754036941378753,0.859550710697599,0.844790259593842
9243,0.081148408535995,0.13443580359173,0.975844215736216,0.896130408215968
9244,0.100727897208642,0.0722170608897298,0.686517302813743,0.779174639413831
9245,0.0982003733467403,0.0286761070526616,0.623054980174452,0.404678651432602
9246,0.0929760696968079,0.041242709936577,0.553036790485459,0.653671594211609
9247,0.0867345364392823,0.0366802320128548,0.468767052528215,0.491027664823681
9248,0.0985593579005466,0.0228865882724196,0.296952631652062,0.331693001221833
9249,0.094123378259552,0.0225765572376908,0.4147169755752,0.523209986301828
9250,0.094900190312836,0.0268623558440928,0.437090883962147,0.549960495560191
9251,0.0976526093943387,0.0370041677335996,0.437479775762206,0.646468321409312
9252,0.105536765541521,0.0279999740579491,0.445397386179469,0.533528814222081
9253,0.101530800690829,0.0308181278616602,0.446993173967928,0.650103639744716
9254,0.0965488504554456,0.0458222095282271,0.471470538351854,0.689550637901938
9255,0.105053011409167,0.0306102597137364,0.430092555732409,0.655359034368057
9256,0.095068208394548,0.0172953457401463,0.355052371641765,0.309631362311221
9257,0.0958703918356854,0.0239960575304452,0.378075396865186,0.497097927319289
9258,0.0993364156586799,0.0339189203799963,0.427039459320726,0.644981449750476
9259,0.0948011028873619,0.0219938811631681,0.430856976960049,0.445146571406455
9260,0.114662659476053,0.0227033688410409,0.256034355805559,0.468339911595161
9261,0.0860249548926199,0.0256893174498376,0.431876784486077,0.329328674477062
9262,0.0824504056068677,0.0295091303632667,0.44274352798085,0.649288573617328
9263,0.0885246833473157,0.025033077265589,0.434848006401558,0.58151278522295
9264,0.0964782256764432,0.0464781518619722,0.4709071627883,0.635615201581236
9265,0.0863461862449514,0.0409039658949662,0.429464051447681,0.467170943742947
9266,0.0791921399528533,0.0347874499105748,0.44100120440162,0.563920046094155
9267,0.0893129736712405,0.0471886673609259,0.437168865860922,0.627904213882083
9268,0.0915424846116807,0.030137274221773,0.407325722829485,0.474313540476969
9269,0.0941083631363714,0.019938698668313,0.274043231228797,0.200144223136417
9270,0.0862150019706945,0.0318207004726025,0.437447574811863,0.604359929500252
9271,0.088938000491244,0.04968303450465,0.442696105083229,0.74340999744438
9272,0.0828401412092996,0.0231694599422849,0.437496266283517,0.609037846790276
9273,0.11386717194423,0.0552029020933013,0.444153314348195,0.594864699070762
9274,0.0963645784014292,0.0439514274695245,0.426818702112735,0.83080695534032
9275,0.0880198605707487,0.0281878197831582,0.395265074706351,0.462232397174516
9276,0.085076641015911,0.0233201373359391,0.445912434531551,0.424447760639145
9277,0.0798780494203374,0.0237632351372815,0.475191158486236,0.466458574461733
9278,0.090959552075501,0.0278040461597213,0.42921070683273,0.384883297528446
9279,0.0772713157289771,0.0171748271992894,0.439758633951568,0.418678785277458
9280,0.100551027602982,0.0164993406211165,0.425101201110975,0.507972356372875
9281,0.0784694044384128,0.026437058620299,0.425579062179732,0.436714170022791
9282,0.0982174251612009,0.0239855432155394,0.428142343119547,0.497433930141944
9283,0.0897908930875285,0.0343624795492227,0.430948957698749,0.471192933856871
9284,0.0971688128120457,0.0255757851595867,0.340843310476817,0.24308720150428
9285,0.0852953872728502,0.0776355116699012,0.434178681956885,0.767203511700495
9286,0.0971263910400187,0.0653686671519638,0.436572549874447,0.842307479062295
9287,0.0893391572755803,0.0309195558362664,0.340257743584013,0.562096830804137
9288,0.087521253764751,0.0300589347993369,0.431877694544754,0.684391271333928
9289,0.0947418044073318,0.0269708457072227,0.441648797873117,0.602614474697902
9290,0.104656356120609,0.0219386073301977,0.329577161614653,0.560700375840025
9291,0.09920388778835,0.0355009830968853,0.443786295776287,0.602485314353821
9292,0.0855412243745681,0.0248047491636094,0.346977275857289,0.537128639040942
9293,0.0710052922163078,0.0308401976109901,0.763782856251803,0.635381608479192
9294,0.0775439059723301,0.0312471976475888,0.656186723108416,0.527043022409226
9295,0.0755739683985642,0.0480297871899,0.559440879495031,0.65225032148756
9296,0.0770626231988399,0.0207460710232606,0.777263960613226,0.427568741640179
9297,0.0774993279876205,0.0308789943992102,0.674499605610704,0.514669692051904
9298,0.0834115543415079,0.0199500164127893,0.747789920750703,0.419054483707432
9299,0.0893926791562719,0.0286129844954887,0.657721155883984,0.725895503268141
9300,0.0867517092426733,0.0447538922050867,0.635427659540427,0.727926112554167
9301,0.0787329241299773,0.0334264113502398,0.444230458418118,0.410408451130941
9302,0.0980262900416074,0.0270014214386138,0.630105981593321,0.507921231254844
9303,0.0702098664588287,0.0450277239404833,0.563704391709146,0.767839510834478
9304,0.0799998005343539,0.046777247332784,0.710026294843001,0.769295648573789
9305,0.0968636783800367,0.0467405893638801,0.828908730636035,0.724935215375707
9306,0.0942866419642187,0.0286497371756962,0.704129782311778,0.553731414948035
9307,0.0837857575599156,0.0760576087696172,0.644898366363903,0.821811766501878
9308,0.0837145828974098,0.0845639428310617,0.683485197042692,0.744444047731797
9309,0.0756630982638209,0.0202104724040932,0.824396478645504,0.501810457874859
9310,0.0775361394168812,0.0433961663439552,0.801356967403657,0.736595051469189
9311,0.0675495998974078,0.0388998517703263,0.847613787202598,0.62673920065878
9312,0.0890828180581212,0.0198049030476046,0.850642541932584,0.611994495610001
9313,0.0921647372258213,0.0427288860166987,0.770502383976838,0.677136896528377
9314,0.0911632304027936,0.0335565022071399,0.847590021102898,0.589093223165177
9315,0.0884251524930705,0.0302723816081693,0.92417260381633,0.460502663018731
9316,0.0818502701493637,0.0378685699397669,0.919227617853332,0.702436050896704
9317,0.0763652545088781,0.0290566594616894,0.882348485396709,0.542801408305439
9318,0.0910112457192465,0.0335966738829492,0.624134325884216,0.53557807767964
9319,0.0849798533525591,0.0318185326499753,0.615629817428203,0.363687578315344
9320,0.0774571428822541,0.0178294410750482,0.690277073019839,0.231239634949629
9321,0.0804033567466822,0.0270124819440241,0.809826171895709,0.532921430683779
9322,0.0789111671598098,0.0338798824686689,0.747109144471631,0.439956625820796
9323,0.0686356724926336,0.0300560115894217,0.668961329073551,0.321098093817332
9324,0.079476655968439,0.0326345528557554,0.583836916963875,0.209077834770355
9325,0.0898267495674775,0.0525411990095338,0.590225838357118,0.661085907701536
9326,0.0902233109416897,0.0333527134513254,0.687116757024912,0.623820802500241
9327,0.109324671462892,0.0259732174918059,0.647468584822728,0.482411196938029
9328,0.0954005598156405,0.0308098175748632,0.437048604592723,0.656122318189132
9329,0.0975442197717849,0.0384896842259828,0.372105342896262,0.524950428064627
9330,0.104730303516914,0.0231874708252457,0.43834432128657,0.674484846257103
9331,0.100832876666451,0.0203412238118772,0.434042054086009,0.448349828954248
9332,0.087269181266379,0.0271579473187567,0.402527068105493,0.450084442667978
9333,0.100270820942918,0.0187686193006575,0.436319504139916,0.547957274796224
9334,0.101215270570122,0.0328271125560306,0.224235788607008,0.363445232224915
9335,0.0924943027397788,0.0365352891023448,0.319704796841544,0.547703661311817
9336,0.0963471017290293,0.0268226770036993,0.438670064999044,0.465972864653177
9337,0.0824344819046488,0.0408833148593863,0.419025758398337,0.727767702537343
9338,0.0878069787736423,0.0205772783831566,0.395793181476152,0.44712974031079
9339,0.0999058070091756,0.0259776434512896,0.443638411526439,0.645751925887124
9340,0.0995471513548027,0.0264158504351519,0.4359498078892,0.637764872635598
9341,0.0927341176321363,0.0183721323802214,0.429946285490164,0.674641740912232
9342,0.0819147834173276,0.0232206887796644,0.435471220681501,0.48200371773909
9343,0.104228479552553,0.016500809631709,0.546449894177641,0.282735701255208
9344,0.0830495682446497,0.0244578019690657,0.430567379562187,0.416966909673835
9345,0.0819253379963572,0.0236235518912879,0.355917471715478,0.124341805908868
9346,0.115759240041179,0.0249230473824006,0.353952159622072,0.335740445846806
9347,0.0991471218344154,0.0227724566077964,0.354690511736611,0.424413566813831
9348,0.0889773169613345,0.0269886610596825,0.429802570813802,0.389738779902507
9349,0.0916210776170661,0.0300253906118966,0.436329734722058,0.5375970531485
9350,0.118592467458997,0.0391460860678072,0.444378101356267,0.706899094972487
9351,0.0967663923932542,0.0572367015178944,0.446297280210908,0.710319095689686
9352,0.0846556110354458,0.025571959332263,0.434864921563122,0.658740852150812
9353,0.099564728955596,0.0461204726925525,0.430415974964926,0.798908494616608
9354,0.0859636117400585,0.0194442012938434,0.423734180515637,0.552182054648976
9355,0.0854273147671275,0.081348940029455,0.435463970608126,0.752349759420192
9356,0.101767377825794,0.018990219657167,0.426088072023272,0.355334632374204
9357,0.0977221129826949,0.0346941689448491,0.423983867541857,0.59524491885683
9358,0.086163416775034,0.0245011225916146,0.43463526293326,0.636580249885598
9359,0.0803963848672596,0.0206029288447929,0.440499546986967,0.446549014203093
9360,0.0776357193958141,0.0244911436102804,0.427109918501265,0.531441945425347
9361,0.0640947073207237,0.0930814974482028,0.443965055291741,0.778184686737434
9362,0.0943299083888016,0.0411765204106683,0.438305530040728,0.628307461924555
9363,0.0815477745075382,0.0234859665670753,0.442213542098093,0.523008038071231
9364,0.0966712566007127,0.0324812418061121,0.43842630967241,0.637841145622864
9365,0.0955370842718266,0.023481511860559,0.441828695019366,0.524930547340961
9366,0.0815845926486777,0.0332334418675972,0.441883958228676,0.478740126781165
9367,0.0917491158294664,0.0236755581005878,0.43393081573999,0.485522018958711
9368,0.0969392350292742,0.0292729097694376,0.31049189842735,0.536191742508618
9369,0.091973179940284,0.0307179490929034,0.442020371319386,0.384938076276083
9370,0.105279750269293,0.0243788311999406,0.422085568213817,0.6203543943482
9371,0.0947447376014154,0.0217977572647874,0.434276662542646,0.540462640006843
9372,0.105884339433853,0.043297382356811,0.427809806206624,0.639388418386345
9373,0.0845003324064557,0.0157989435896255,0.599898955270767,0.394677780894897
9374,0.0840554902068605,0.0186014502601067,0.56801580770822,0.443089947282783
9375,0.0771762008399105,0.0194511899215918,0.677973530120121,0.432696904499065
9376,0.0824042217072686,0.0261029330407235,0.867497424759422,0.562881332501273
9377,0.0917858620927941,0.024662519114434,0.660470189727684,0.537285508719968
9378,0.0766057866253024,0.0271080288404003,0.88713188895891,0.512070017175966
9379,0.0918254591854585,0.0256034938696646,0.958439051863807,0.51581655825438
9380,0.0844724842124354,0.0192110191961398,0.956300070158534,0.365532712355131
9381,0.0740800511861097,0.0331732419584586,0.790191100646776,0.558395425160317
9382,0.096948523525466,0.0878205510119134,0.634849234562092,0.802097476430925
9383,0.0813680895041563,0.041755687182428,0.452551644857181,0.672730562148886
9384,0.119164198875155,0.0637488433635864,0.608320624226132,0.701080102522553
9385,0.0849144871409294,0.0666606781317999,0.651311826725462,0.737150709984545
9386,0.0868406943795036,0.0267360286186356,0.636712160022627,0.543432118798706
9387,0.0916782376092421,0.0264791587276092,0.6693516708545,0.552701131119809
9388,0.099354238024648,0.0291260862352163,0.66934879782615,0.611660002824748
9389,0.0883822544390901,0.0249294917616193,0.762314464910096,0.525721624790335
9390,0.0796996473245,0.0227036303506874,0.619647471385484,0.47962960211245
9391,0.095578362345899,0.0642659019740062,0.811484515408944,0.704847822231163
9392,0.082991636503821,0.0192997899823236,0.874019306794371,0.58041663833366
9393,0.0998442441403469,0.0469975797922579,0.843499330705311,0.744356378918587
9394,0.0900916292707608,0.082943220793348,0.938075003501469,0.819766380054589
9395,0.0728090167262071,0.0209224731430406,0.942777551125517,0.621201563604904
9396,0.0747887089767454,0.0253737071545237,0.871347542009261,0.608349507887624
9397,0.0872178319661356,0.0461171122254308,0.770191343983089,0.730536500514239
9398,0.0732895534459451,0.0312387716373296,0.842396925905446,0.5005268301633
9399,0.0826141914522853,0.0345789337250329,0.724644963139494,0.522455861510158
9400,0.0889522597392105,0.0245150580763735,0.651277843972001,0.258059641178082
9401,0.0878365440468797,0.0400191528612072,0.609390013581115,0.641979500223904
9402,0.0941755200269769,0.0449012045949343,0.825671332939617,0.779478448009306
9403,0.0755874005626763,0.119777419390701,0.879881971737625,0.83044864797358
9404,0.0620119375206335,0.0382077809543315,0.936124925534517,0.699692443392796
9405,0.0895370752529965,0.084367471647691,0.894879134491148,0.874978025249926
9406,0.0908405810666962,0.0426121450032035,0.784324398865241,0.755635265246091
9407,0.0836218817476647,0.0549931823808655,0.656384448602749,0.783133817650834
9408,0.0889896867634503,0.0493510787204991,0.632146850007944,0.70268576781612
9409,0.0814222390783426,0.032158962705152,0.662102628638745,0.4993142239594
9410,0.0843361954681463,0.0386801406885139,0.598379933331097,0.515583427412759
9411,0.0748985122472018,0.0277918480753732,0.73972816706845,0.506974060237366
9412,0.0988457717339155,0.0385802441322248,0.615555216444176,0.47920916828781
9413,0.0890372353059232,0.0208840172967559,0.614178063409848,0.338904774811506
9414,0.10203496936373,0.0384151882701963,0.440006747911967,0.594562428105309
9415,0.0889480362025626,0.0206970491807426,0.432684169057298,0.48458595656575
9416,0.0909027462941918,0.0284719667211145,0.292166007323993,0.448037132756385
9417,0.0955326676142017,0.0299642096840489,0.423996020402345,0.55565289701287
9418,0.0859900368092862,0.0452366622314608,0.441853541243131,0.742304308980296
9419,0.0979227424995664,0.0263381706510907,0.43294584121893,0.714401951664871
9420,0.0850196084205131,0.029873734978214,0.441198030761774,0.460664431950188
9421,0.0825673684024063,0.0225642253732638,0.422887057495547,0.444846331613927
9422,0.0983598309074146,0.0290691440054438,0.372610648743392,0.382621089897539
9423,0.0783060876666997,0.0230547824062186,0.431952087641301,0.532053768367439
9424,0.0547607651594097,0.0243397942427689,0.434121368932474,0.435970327642475
9425,0.0969881732203499,0.0928768986860214,0.427506109101939,0.83129579324741
9426,0.0942641199483994,0.0761219672919157,0.442084686974672,0.8863030758008
9427,0.108021034828375,0.034032867071044,0.438971587300684,0.674077219023562
9428,0.0840683608759407,0.0297262080222701,0.446197913822322,0.633547393275965
9429,0.101893951551698,0.0217730852813087,0.306426381544436,0.397793009976045
9430,0.0967035245470806,0.0338761330987443,0.511146649200931,0.69978840406887
9431,0.0910956807654836,0.0374571232586701,0.442784558145687,0.732702749107164
9432,0.0842859430175969,0.0441447957387607,0.336212455591301,0.632314202950749
9433,0.105744231753636,0.0466702953515985,0.431438923925717,0.793671871493058
9434,0.0876638977457881,0.0464359733568824,0.427628688286697,0.70791983682662
9435,0.0846738003499375,0.0310577732454937,0.445502547675841,0.698870642599106
9436,0.0963770811281733,0.0185779479953385,0.362911187112706,0.435682391667307
9437,0.0813468352812654,0.0304789052698957,0.389727018565408,0.302346945560058
9438,0.101574987110814,0.029593461052138,0.423463876876016,0.603675619816585
9439,0.103861906206389,0.0260575189611985,0.442688790809466,0.652046666418371
9440,0.0771414845069779,0.023168146939328,0.429841761767671,0.364448520465144
9441,0.101698689592588,0.0179901025595452,0.413303811086369,0.384635810925247
9442,0.0968113337580168,0.0275326196847234,0.386238272489775,0.444852310661159
9443,0.0795982897448764,0.0452049625844097,0.442906930471204,0.76817614789122
9444,0.105308707010953,0.0843205854424172,0.435950572891892,0.802506358874372
9445,0.0865465007916574,0.0482372414225012,0.702833743457133,0.767216631032337
9446,0.0746957116493142,0.0257474977434179,0.595647888489211,0.567190965699408
9447,0.0841324609994013,0.0461276282968772,0.59058548056659,0.604533463494966
9448,0.0834994241890584,0.0250973166578074,0.631368715427035,0.452478086458249
9449,0.0763754299163027,0.0244289079838536,0.72676203203482,0.370517912284658
9450,0.0808473207865711,0.135738041962662,0.594941866018412,0.882169012759599
9451,0.102378706445889,0.0357325016576736,0.435340409915013,0.607720481409038
9452,0.0989449129833488,0.0349431705469929,0.43981792113849,0.654530162243099
9453,0.0787479899198189,0.0237808876743894,0.43981792113849,0.55723007470609
9454,0.0942321582760343,0.0635031510260205,0.433029780747398,0.814836330117922
9455,0.0878046464824583,0.0820370086545242,0.444537189734199,0.851753966612385
9456,0.115096344585219,0.101450758517542,0.461092701715257,0.847795190680557
9457,0.092871561837721,0.0970114497410392,0.451860342513251,0.898428875216785
9458,0.100052705985163,0.0861353263991232,0.438552927470326,0.895133461265295
9459,0.0782266190189708,0.0817985644922562,0.44418161629975,0.872979300528346
9460,0.0862022823660097,0.0874726665824488,0.437435303688876,0.854995869546134
9461,0.0964282479278026,0.0295650585352204,0.436870831219389,0.696007799089084
9462,0.10350193637813,0.0358401529474888,0.438813362637982,0.621379236726029
9463,0.0924454305993158,0.0479103013458886,0.369833297086192,0.80540284720823
9464,0.0924598097782907,0.0165592593796479,0.384563214378556,0.464733395318737
9465,0.0799750838906651,0.0397665849229296,0.570984364917432,0.562704437822465
9466,0.0766222023084477,0.0269275103180377,0.697681163099476,0.258351040231887
9467,0.0837863193908854,0.0260375006182482,0.61504621970464,0.480161128195738
9468,0.0698616176518385,0.0274868138454752,0.964295748578333,0.520414153914616
9469,0.076871301884447,0.0291864090901532,0.868796786037386,0.62641381055345
9470,0.0846403776084297,0.0257258746162212,0.746544921975231,0.505478636558314
9471,0.086645679610533,0.0191916844534282,0.84055638331277,0.315731508988265
9472,0.0911493673154017,0.0208748890995825,0.739728511004454,0.507967114599505
9473,0.0855374051820926,0.0333351203153451,0.864548784916586,0.47778307724439
9474,0.0773442757834903,0.0230188138591363,0.816966193509102,0.389037003595703
9475,0.0704434913000285,0.0287027955969661,0.932252953041258,0.425206125801101
9476,0.0705545742645082,0.0293476446128469,0.863785623075173,0.491095227962972
9477,0.0799511809813691,0.0230240431155775,0.783037171497837,0.405991169961863
9478,0.0892632949388977,0.0241671911012551,0.870932093986486,0.502588797825255
9479,0.0813386821868865,0.0296502661598332,0.885235948016416,0.63929352350497
9480,0.0783394178915447,0.0698327907547305,0.936746680260525,0.785523484591255
9481,0.104625589403564,0.0451439905898413,0.917534164238528,0.673149627011812
9482,0.0894831829442716,0.0243434782528876,0.827432303943069,0.514710035464576
9483,0.0825832289837054,0.0241700925704287,0.585970162287526,0.459383938444285
9484,0.102199566336915,0.0311269778294671,0.429591420700899,0.624638793804837
9485,0.0962421516100756,0.0212475190344511,0.235581171342764,0.30527776674698
9486,0.0845661625406506,0.0259501593891284,0.320486487714923,0.365494462572565
9487,0.09130546129369,0.0382382695219085,0.386032485781158,0.651866516213569
9488,0.105354962997383,0.020935777349682,0.40003328761411,0.541633157163308
9489,0.107669361190781,0.0489293291190109,0.416913851888171,0.650333987309774
9490,0.0878349774704769,0.018537676887566,0.438826639025499,0.498168229123988
9491,0.089889905975362,0.0264352704658643,0.428699117496552,0.452264988647427
9492,0.0953005667225784,0.0417475312510239,0.44944829288491,0.767787572439775
9493,0.10956303379362,0.0178191382446366,0.425491129597524,0.398357698242772
9494,0.0875228582144718,0.0180879564625181,0.351678831032802,0.260564521139221
9495,0.0839052344548219,0.0241738554620211,0.43479119932434,0.531376496716141
9496,0.0942993336066034,0.0363502690378722,0.427372644552551,0.706226538948141
9497,0.0958205468978484,0.0207459832467492,0.44444303110458,0.540858236543771
9498,0.0869559695920706,0.0215835207645124,0.247585695869838,0.282141570549754
9499,0.0784692241480476,0.0199266019209076,0.0273240690112351,0.481964522181583
9500,0.0847290476024134,0.0228573179164931,0.287078906489483,0.296944734180042
9501,0.082265654233406,0.0180361356651188,0.394989208497281,0.429801656403995
9502,0.0849687938669645,0.0258644273468732,0.35960725715558,0.480583850488081
9503,0.0872380885034905,0.0636778267935569,0.340232010044986,0.699830727566807
9504,0.0916250540039077,0.0301794170994251,0.427104772849433,0.586161626814682
9505,0.0909449384683956,0.0266842808235962,0.363404446203584,0.505517357218604
9506,0.0874526055183067,0.0314140302328774,0.445326757431363,0.466085458428893
9507,0.0961711013777245,0.0283432699555899,0.446331712254341,0.52442171479098
9508,0.0985621686064184,0.0265524362320862,0.432969375435143,0.630118769805035
9509,0.0937244902036224,0.0318465621231922,0.332489005413755,0.641664430609577
9510,0.0919494911927925,0.0869448812937982,0.437597479115282,0.844237415942253
9511,0.0719402707317963,0.156665482711495,0.608504293927372,0.934775160291471
9512,0.0889634175329526,0.071465004901543,0.737040433353649,0.811168143452534
9513,0.0857118021602929,0.061366346052096,0.88274020512728,0.702834409640115
9514,0.0851017620157128,0.0767214757543084,0.872116110899356,0.853881440017469
9515,0.0978515801440122,0.0702718581655141,0.968792224043111,0.858486115006205
9516,0.0915855334518773,0.0603761434043171,0.94096409612694,0.815255342956044
9517,0.0775811683404989,0.0342634474017675,0.764928784363062,0.662027737005877
9518,0.0770502092529358,0.0359519831146978,0.686719263227427,0.518480635270169
9519,0.0820288605796751,0.0367369473003608,0.871836251101967,0.665218871932745
9520,0.0876308261423476,0.0218738891410788,0.777175618968037,0.516634596183451
9521,0.0720731682903832,0.0431257119070201,0.805012838679777,0.629166548607864
9522,0.0911672297731006,0.0367671449831577,0.604864923876499,0.698325099533508
9523,0.0921772749589992,0.0238066116403983,0.663826757101725,0.324604680082355
9524,0.0730683698831613,0.0189948207237631,0.763745573041381,0.300964773575817
9525,0.0926990851736834,0.0246712478780687,0.670789713856044,0.440104289177174
9526,0.0799358817361216,0.0182056051054233,0.433088852490095,0.278322421961398
9527,0.0828922109726647,0.0252057175410814,0.436719282231695,0.562037754835594
9528,0.104152471616175,0.0201018360348406,0.440168180939952,0.418561052495306
9529,0.0930351424757608,0.0435932444293891,0.437434027201876,0.674861595179802
9530,0.0932893067788267,0.0548265153308789,0.426945833080962,0.794960150269969
9531,0.098787163584503,0.135543370268764,0.480731261095326,0.859857224917471
9532,0.0943200936494808,0.0803751141975415,0.657553089780178,0.844213054640895
9533,0.0845462342973491,0.177943101411486,0.598881737989451,0.887921677717766
9534,0.0873177371255399,0.0571367980101253,0.59567713215426,0.753083916797809
9535,0.0629160756062667,0.0416597370980789,0.762281314714382,0.687659863899678
9536,0.0850306059131362,0.0330953581638867,0.694075019543271,0.710505798236024
9537,0.0562182168350761,0.031806868601921,0.757472899266209,0.517626113879676
9538,0.0949777265179173,0.0272696472899419,0.584401911387123,0.594007578835733
9539,0.076810952716314,0.0442531906120507,0.655749210257295,0.750090289451128
9540,0.0888437724005307,0.0464201008459413,0.676965068206053,0.666641210905502
9541,0.0821195411217486,0.0424599519077251,0.637549620653821,0.743914381120421
9542,0.0810214865454062,0.0295230054518359,0.726935174265443,0.49599511245957
9543,0.0821905158713013,0.0261486720713589,0.607203477985101,0.596103281157481
9544,0.0696776322852263,0.0539466911642582,0.456008677098839,0.600763223345725
9545,0.0874305123065254,0.0271652521193808,0.428306066569162,0.591031366415971
9546,0.0864867756821778,0.0218783964881656,0.437596533276746,0.278304503559639
9547,0.0897107315317218,0.0282094727011332,0.44623956773697,0.569610023477065
9548,0.083762059281873,0.0183573982477933,0.442336178530632,0.449277751202326
9549,0.093960516889549,0.0389796021698947,0.441204151878025,0.717191568458503
9550,0.0860072004928629,0.0531069933624673,0.423837555416291,0.765219268012998
9551,0.0984779644076094,0.0222777315203376,0.43467864569126,0.621572729165207
9552,0.096690036371447,0.0285116340275441,0.423302868034516,0.676684174127959
9553,0.0960527627531289,0.0431227337824831,0.427539037560574,0.652855607457129
9554,0.107774948869445,0.0342062061853908,0.445349042823858,0.537771853390791
9555,0.0826893546553663,0.0238487220515817,0.442381635978065,0.486157698823092
9556,0.0950571817969191,0.0351589340428413,0.414191183206716,0.670302028741253
9557,0.0995427805688499,0.0266770502408132,0.440798927329201,0.506003688323357
9558,0.089275392252925,0.0211511313846083,0.347029395813872,0.266379884016687
9559,0.086821089044002,0.0276963779530743,0.435764039209422,0.61505503664318
9560,0.0828428594752981,0.0550729675995765,0.439797307356609,0.795794407021552
9561,0.0902556143687038,0.0369950600672624,0.435106750242763,0.686672020895366
9562,0.0930390143018498,0.0548208885880002,0.435681029302775,0.688966772578246
9563,0.0807192412265508,0.0252645282295485,0.442573035911948,0.325798043607275
9564,0.0982757087088243,0.0268983257350854,0.446636308414811,0.587399358405306
9565,0.0939334439027756,0.0494324822859304,0.445478939990904,0.730961923028278
9566,0.0939542773845061,0.0246097089801615,0.39998855593825,0.569058925112123
9567,0.0917936257162355,0.0191233123804256,0.375466514983926,0.295179915227578
9568,0.100112672919265,0.0348428103282854,0.439430433699867,0.449865311768581
9569,0.0989977651904799,0.0305042790174563,0.447425470277797,0.389028273929381
9570,0.109026934415431,0.0251681973959071,0.422863737395153,0.700093163440865
9571,0.0826484929785962,0.0517277329737777,0.435110596238135,0.600273760917549
9572,0.0998665688986532,0.0285044338260405,0.442833902849098,0.65542892825859
9573,0.0825151738826983,0.0668931434989017,0.423894872135744,0.815483352155231
9574,0.108989280330591,0.0508733102142266,0.44466621620905,0.838013356406814
9575,0.0950980559965073,0.0237179238540376,0.437215099286226,0.660917249233216
9576,0.0929489706481873,0.023976317175087,0.442896020468679,0.64756240160147
9577,0.078739735316015,0.0567161297073156,0.44086186147529,0.753152594450308
9578,0.0947037528772407,0.0327331161085734,0.445344889134667,0.402207498876821
9579,0.079867742484453,0.0433691821555131,0.463582029562424,0.612948957883065
9580,0.0992642246754079,0.0543150755860904,0.345768634396507,0.68112388957613
9581,0.0804207017621039,0.0858510020459844,0.444684199052865,0.846809423411325
9582,0.0931093807449105,0.0279974783689878,0.363327711791447,0.4148505267578
9583,0.0857600412155965,0.0213152360354764,0.429122931334767,0.426918644625937
9584,0.0968540853787677,0.0255334903199736,0.142750521311467,0.301416551593653
9585,0.0947558396087103,0.030381297104141,0.244114588961599,0.502613658982838
9586,0.100329720999787,0.0227491788146316,0.439492486075357,0.532357802215305
9587,0.0916258507878256,0.0227669747821475,0.437485413275824,0.648608547504918
9588,0.0858394709853346,0.0335358768674086,0.447132664599935,0.7239037177349
9589,0.0912670524045229,0.047658440288857,0.445990558443261,0.647243757186332
9590,0.0891555659662572,0.0226174115569561,0.436865685135187,0.540592604190761
9591,0.0985700474262945,0.0261310408699947,0.441241845488672,0.605104673054579
9592,0.10209314414603,0.0309030710623447,0.421976443852576,0.641469916453978
9593,0.0882574097123212,0.0163226336974728,0.441736314531062,0.382406388466737
9594,0.085961948789123,0.0261559232540417,0.451265969260478,0.507866873370902
9595,0.0909713635560452,0.0180622419539831,0.455358100630083,0.456854133541176
9596,0.0937379590026797,0.0288638549934438,0.445198281358885,0.599520417538655
9597,0.0986903378237,0.0236767109265361,0.441749302435229,0.36231866710836
9598,0.095437896984598,0.0168429859633688,0.367595422916728,0.317256731595476
9599,0.0883000714541361,0.019991244681775,0.348680403761397,0.541699263696895
9600,0.112604015684206,0.0314743277620848,0.44648879679841,0.477351489822867
9601,0.0987803220055078,0.042539560300578,0.427920699696367,0.647364765217337
9602,0.0820629889886126,0.0207091549933423,0.428515427821328,0.379407296460897
9603,0.0960404050729705,0.0237027045286156,0.429523624119852,0.584755864104956
9604,0.0895593070951793,0.0459244423322374,0.431497185357565,0.639874855943829
9605,0.0793825922707707,0.046112682222753,0.440714711501653,0.786451346064875
9606,0.0944561038305343,0.0338353093980637,0.433145665016292,0.592508676834137
9607,0.0848768996737242,0.0193508587286556,0.430714167855105,0.525265782405158
9608,0.0941079877732883,0.0446819010327953,0.385098642341802,0.633106954761859
9609,0.102982280546869,0.0370356175877241,0.35997523330722,0.586793183004309
9610,0.0760247121671195,0.036203436928121,0.433610374018698,0.512441176923984
9611,0.118716186472002,0.0194558148016205,0.433539823486471,0.423077618486151
9612,0.0697479293842657,0.0257368551026502,0.851689611765174,0.394591000590389
9613,0.0764868850612547,0.0276326849261506,0.877013704642473,0.405812774644089
9614,0.080987687524005,0.020347276439262,0.770448958900836,0.451082415106088
9615,0.0836988016938411,0.0569695109243092,0.818898808395683,0.748706760574943
9616,0.102235148332665,0.0284793414747717,0.850030444649345,0.66966073852537
9617,0.0772932717374812,0.0413133603759663,0.796676848571543,0.652636009829255
9618,0.0812994222715624,0.0381100382965308,0.891463684824545,0.727947228846432
9619,0.0837326248147339,0.0338557083019847,0.969984717548844,0.658131375340579
9620,0.0917814596833724,0.0279991858946986,0.887013637529376,0.615847831094652
9621,0.0859968492708205,0.0216963225008958,0.96216243978188,0.451479727559101
9622,0.0815045480033075,0.01702160496814,0.889069663143864,0.412367289632775
9623,0.0875871726797908,0.0287075149790023,0.619766235179281,0.502822323545896
9624,0.0875375668346576,0.0197093147593194,0.873165777579381,0.522853097734967
9625,0.0780971702759221,0.0258944084228777,0.836516067402241,0.499518673895261
9626,0.0637373094542985,0.0223224255766761,0.643388829914541,0.308643472563409
9627,0.0666817183082323,0.0458004515576266,0.655257886574496,0.60109765960884
9628,0.0751363290060599,0.0386355951421449,0.733590287530711,0.593905022091153
9629,0.0704398824672409,0.0208340850866412,0.944113192436015,0.323334843376209
9630,0.0853237395738583,0.0226136798364955,0.962172802114375,0.285080985131167
9631,0.087265477375311,0.0241698967946377,0.970021437700192,0.441410871016712
9632,0.0751506850881135,0.0586240607464954,0.980029403726963,0.826547252427129
9633,0.072977420371475,0.0929260999749742,0.858900026900653,0.850572987713217
9634,0.103423499715078,0.126341598119139,0.61229867639356,0.879540877094806
9635,0.0899026511110691,0.157749744089643,0.636566647294033,0.929002040127586
9636,0.0911091646100664,0.270187787140058,0.87525820995966,0.956052696900587
9637,0.0866604335724799,0.165233589409923,0.975978533176716,0.896396349483887
9638,0.078654410717657,0.0648397566253104,0.844456607624169,0.866788424413912
9639,0.0863170369131793,0.112805238624939,0.661795498500726,0.928668793093538
9640,0.0868534192565428,0.246479533554379,0.686124280332742,0.938648078948282
9641,0.0929835898008836,0.0310531915303032,0.767199415331694,0.589053119530647
9642,0.084606668736611,0.0234996583283704,0.857675902610873,0.55844776418803
9643,0.0713535857121225,0.0226496970654266,0.701498646281613,0.445150188311434
9644,0.0773280848216481,0.0299977464994726,0.642940985876439,0.630232700422199
9645,0.0891010326037086,0.01569481644689,0.258735214376447,0.29276965770092
9646,0.072603512389171,0.034145587923455,0.208193160468031,0.318035297850518
9647,0.0744131947534382,0.0194235945385463,0.294113535328986,0.45332436369708
9648,0.0989733649775455,0.0310493425468432,0.440728833864973,0.655401143281934
9649,0.0778776778126054,0.0402826766879908,0.431233835266421,0.587238722175322
9650,0.0747737182224167,0.0386735411431461,0.426890661979514,0.505155076166965
9651,0.0809782231239247,0.0300772915559518,0.388169968899162,0.544594240579976
9652,0.0874248233865641,0.0297499301313449,0.323975525006869,0.510652496659039
9653,0.0942618649084259,0.0255655940376575,0.426095065465704,0.502006924129513
9654,0.0886657117314478,0.0276888368010834,0.379721481959541,0.362439165877189
9655,0.100098648574042,0.0330067641697044,0.42960180733733,0.731351162820872
9656,0.0780837543431984,0.0418837143562555,0.506230318553346,0.624625457144954
9657,0.0751146790476283,0.026214275685023,0.591765497295427,0.599839901887188
9658,0.0778747583413947,0.0198689260774773,0.658276072501657,0.393751259634983
9659,0.099858868578905,0.0518972298940845,0.628804257838823,0.643533759246247
9660,0.0819268036791196,0.0210790051115599,0.461394223481956,0.180909479122297
9661,0.0864202923008429,0.038605059117218,0.642930776246404,0.61492868021923
9662,0.091539919700283,0.0606257308891459,0.497011466969138,0.673028866815611
9663,0.105103837870518,0.0434740153034887,0.435033137407125,0.642016777360966
9664,0.0786440825975456,0.0233424172252327,0.441590782192037,0.517948276609535
9665,0.0985246526666255,0.0548221031056427,0.44194135981301,0.802139268331504
9666,0.107358245332031,0.0284637383481655,0.422117495536612,0.663432325852494
9667,0.0701692385423843,0.0226238372285651,0.436268897606661,0.498726028665814
9668,0.0791724059572996,0.026051488974279,0.440205639784892,0.325754787157537
9669,0.0832435946632374,0.0383202129005188,0.444117042784501,0.659184513578907
9670,0.0825002788437429,0.030469965693293,0.444759666678713,0.596192405039396
9671,0.0903974371557752,0.0461922644510984,0.422521574091389,0.798701838805363
9672,0.100489495958834,0.0193153341180306,0.430081487076382,0.549856309124526
9673,0.0870140757037615,0.0317131461318585,0.435129188534451,0.621330266468603
9674,0.0965074014814673,0.0270527559247403,0.437222932608202,0.500734271071463
9675,0.113840726708593,0.0288154330534634,0.438448699400061,0.594017216114497
9676,0.0918030338379985,0.0246339402897621,0.433106087762885,0.488774806012298
9677,0.0848964280133579,0.0607266026290428,0.434211560078865,0.794909048708881
9678,0.0855204041960761,0.0676129351548426,0.427090683481768,0.851850445311081
9679,0.0906324994140119,0.0234562577670568,0.526155666511927,0.399725334366134
9680,0.0915355251183066,0.0185561839395002,0.288971946369334,0.387594241424239
9681,0.113540127540819,0.0176073558647475,0.432975140376904,0.469781151103291
9682,0.0938396098898558,0.0293534917492137,0.422432315914432,0.443029441355901
9683,0.0957233282257481,0.0737201006557324,0.426118299914725,0.859051132790866
9684,0.102113400789705,0.0234629867867084,0.439167447303718,0.610003528006078
9685,0.0926529482965281,0.0274433463376464,0.383372132732207,0.529914778712379
9686,0.108975298870768,0.0210429742257254,0.344130629538401,0.278902903220743
9687,0.0975269662915885,0.0189952015257441,0.537906900834616,0.327862477803532
9688,0.109668881440309,0.0181147481964555,0.420710112090316,0.429667915777846
9689,0.0990515483777438,0.026213902903497,0.357651894170121,0.50037331105563
9690,0.100252038099165,0.0577785688056723,0.436114881096981,0.703916323924567
9691,0.0747935795386514,0.0255336084894632,0.433089640780578,0.492401660436294
9692,0.0983251180566258,0.0228102298441894,0.389851947001276,0.434684221716738
9693,0.0810634498522576,0.0173645790509414,0.439703835000463,0.324116788082327
9694,0.104338687452902,0.0295623931951405,0.422194581859962,0.533859317598882
9695,0.0903718971712243,0.0371350707316976,0.422447626518169,0.708688890162884
9696,0.0996634267872189,0.0547607461898107,0.449743913013858,0.809262924399619
9697,0.0910041104842592,0.0902269616214966,0.435368318744706,0.894966713938819
9698,0.0702922759165552,0.115544056346693,0.435637516070803,0.885597392016196
9699,0.0898817646177141,0.0852361177788138,0.439019106317213,0.783334728410175
9700,0.0984858132715847,0.0525352835889086,0.430382062682704,0.829045080510411
9701,0.0730960769739373,0.0790459388855973,0.406237497268626,0.685473936456337
9702,0.0802794614383832,0.0290380617171974,0.279609309112959,0.377671334332978
9703,0.0990735970845969,0.0270728678943387,0.293779400275768,0.353608414433574
9704,0.086249010435094,0.030890131737309,0.390949002545895,0.557414806832733
9705,0.0985046465417569,0.0199485459270713,0.37791558403063,0.404407314890897
9706,0.0918888963819789,0.0272899818502912,0.377415999266324,0.488885132019139
9707,0.089901403917928,0.0269614256992134,0.425657841105607,0.45524474441006
9708,0.0779216709937777,0.0297127810285314,0.337713666429078,0.635032454727016
9709,0.0981165232184522,0.0216555230305442,0.373672461229133,0.505133342680521
9710,0.103058683292525,0.0326419167708775,0.430170426073566,0.768300975241293
9711,0.0969347228009103,0.033121465667933,0.43751440358931,0.577262907278285
9712,0.116252411586758,0.0600140938643528,0.514331860195276,0.78661603559683
9713,0.0795476954955772,0.0441402146888054,0.4374919875542,0.749639058985416
9714,0.11620967459833,0.037135916468097,0.445379080915544,0.756483913680343
9715,0.093995539386855,0.0267125275646116,0.429114437740086,0.568917849230975
9716,0.0922376812562667,0.0515813137228827,0.370373850920548,0.736719314369076
9717,0.0938956604703365,0.0273360326332723,0.427440448385963,0.574182323225984
9718,0.0891848507380318,0.0405415271049761,0.422576077808467,0.498260023025901
9719,0.101010813230389,0.0370758876388731,0.422202252040945,0.563079004707112
9720,0.0918344614870669,0.0241237177030692,0.434206294484641,0.533146911089484
9721,0.0822230633851514,0.0483183819919482,0.311912141340041,0.632183097171933
9722,0.0884432325004715,0.0167318971172419,0.433104258889613,0.338146940192746
9723,0.0930115160004829,0.0302474599377758,0.439000645253355,0.475479164986052
9724,0.0936783572146346,0.0337278648923195,0.430413964618237,0.617192028038598
9725,0.091894643145392,0.0290753972792234,0.422745767252286,0.623628535104506
9726,0.0881723401322053,0.0410677927807016,0.401598408837892,0.763517036003795
9727,0.0972654077919904,0.0307934183946968,0.441039432006,0.558131312181141
9728,0.109316637166155,0.0330501832947486,0.396955800005216,0.334074644220134
9729,0.0877618729487136,0.0222335582547292,0.236823374661558,0.414699326483987
9730,0.0849617298056961,0.021457163536093,0.337256473517335,0.453135925667982
9731,0.106610924910085,0.0315005423849111,0.424505931997463,0.585949671869982
9732,0.112551189187913,0.0476266225523322,0.444629754927776,0.7327719257097
9733,0.0919899211854368,0.0213781474312354,0.446452123141254,0.431406743665776
9734,0.0780301836077967,0.0298939453685376,0.669120043821446,0.667408277871482
9735,0.0937287065949601,0.0318772840679084,0.694739932533352,0.678524076537923
9736,0.0929459700810705,0.0540970880613482,0.596629949397007,0.848118354496132
9737,0.0779689910213276,0.0733326781273709,0.68112723925744,0.799806112362431
9738,0.101831714553432,0.0197564155431959,0.619812370103881,0.385178808961288
9739,0.0790775465162929,0.0234795609607223,0.622278054829753,0.413270319217069
9740,0.0985167488142831,0.0406077046933702,0.853328686499343,0.707423058680356
9741,0.0871725580912797,0.0387022848427508,0.763845401871969,0.587602381743784
9742,0.0791590405481552,0.0453044365804375,0.715641139460322,0.766976088205842
9743,0.0807768714651947,0.0278000663685079,0.604406919229831,0.364766547661228
9744,0.0889622876349863,0.0227655636701229,0.663001498230318,0.62496676234441
9745,0.0954425404370107,0.0424852739207389,0.619163749546254,0.603498263112714
9746,0.0792727303423307,0.0836013958033833,0.912873730603381,0.830907490974611
9747,0.0761125932887887,0.116159047159114,0.763320167113441,0.901555492014841
9748,0.0806035186994869,0.0396442589596559,0.616656550783215,0.705521609530443
9749,0.0734101595689603,0.0216856864268212,0.84992626146904,0.445546548246916
9750,0.094622528944489,0.0266367884353163,0.702684950482249,0.436553820954709
9751,0.079988854752864,0.0257668851145177,0.677859714546364,0.500386832200988
9752,0.0707933371804533,0.0229097254451424,0.628112202275617,0.526848443206321
9753,0.0901995553173074,0.030770306186898,0.836930070897135,0.538827434046336
9754,0.0761012425859929,0.0212720445647023,0.842538987218096,0.522971827859623
9755,0.0994124113200538,0.0362122354062394,0.649277262114141,0.572590874793818
9756,0.0665651759802515,0.0134109000242038,0.5228660297057,0.342393451329482
9757,0.0880993490404215,0.0411147673664028,0.563507328270778,0.75673465881265
9758,0.0906507431230113,0.0237298779177709,0.726330246738935,0.611774511659641
9759,0.0998915115473975,0.0207729339094336,0.599518810902602,0.412730978310683
9760,0.0816716069496723,0.0351866995304357,0.593271618017345,0.576624854902077
9761,0.0892981770745812,0.0429011477678053,0.62991975866153,0.647896850762632
9762,0.0860087412236222,0.0310512497796832,0.721576115565589,0.514243098823875
9763,0.0948613797835106,0.0280062190465293,0.975629929654086,0.463939767170208
9764,0.076601543618889,0.0168488068423588,0.888006003792653,0.462582987384573
9765,0.0917173734479379,0.0190834327204577,0.836738296539072,0.378436337378789
9766,0.0858675279742735,0.0169622475903855,0.659193300611806,0.432954595040424
9767,0.0804555234381664,0.0272023369549617,0.604894250350602,0.458284215470482
9768,0.0889801296040205,0.0374384016514172,0.690249145628055,0.623863829626752
9769,0.0781961620244875,0.0397408328232831,0.592757767514695,0.657208906077699
9770,0.0789695157905405,0.0214023250475473,0.717221282852281,0.413720422996643
9771,0.0822779913361725,0.0204526399615486,0.674391170053004,0.398395291482115
9772,0.0801667830793465,0.0286680892178094,0.882441900788583,0.481179215173218
9773,0.0720084783626993,0.0569660420520943,0.649558885183192,0.705742075663716
9774,0.065395167099444,0.0322637940392115,0.869248384545514,0.614578597849569
9775,0.104177734943032,0.0315206487592084,0.964753385596427,0.615404472378532
9776,0.0820340708248358,0.0283927808259586,0.960229809393273,0.278769733534354
9777,0.0637859278808899,0.0349702165531776,0.772270563516716,0.638642278666574
9778,0.079362949153678,0.0463168849220811,0.87542976544138,0.778014558615695
9779,0.0796548984299741,0.0522283394325204,0.897699400478722,0.763825717226909
9780,0.0864845001676005,0.0455426316801891,0.895786410157958,0.68263689275511
9781,0.0941577995547331,0.0301191994214277,0.856640088362849,0.487434045058257
9782,0.0769361076016112,0.0276905552407215,0.803883080650899,0.30240976212023
9783,0.0807741053496588,0.0275187583062733,0.778376901225201,0.489985704796441
9784,0.0943181212862135,0.0226988737751299,0.688844412521527,0.376546508981087
9785,0.0756105130089879,0.0173968935619993,0.583877129423424,0.330866883276841
9786,0.0941115111053129,0.029874629217047,0.658662902770351,0.647932101479522
9787,0.0854869675975505,0.0273589438487148,0.728411452892674,0.665882086560208
9788,0.0709040224432054,0.0185534366275585,0.440474139301957,0.103134148743807
9789,0.09940125511319,0.027446208628981,0.348039825175463,0.58912905269917
9790,0.0924808443453702,0.0314953617085433,0.424253736450722,0.479575673615329
9791,0.0766273812697967,0.0232823280101491,0.440684669458919,0.486525177287599
9792,0.10432637369704,0.0742118601005759,0.426813280758374,0.765398845390546
9793,0.0938982295919236,0.0396833097334495,0.441619562687648,0.749430676412369
9794,0.10311495599902,0.0643020406212244,0.442686559645504,0.8275055273873
9795,0.0911627683851779,0.0587660243442082,0.422079251175673,0.677690627200833
9796,0.0919624393438224,0.0442480791198389,0.425051787051095,0.669078655321214
9797,0.108170246438816,0.0401914925000259,0.446654403093704,0.59238804658215
9798,0.086609831198984,0.014280815895855,0.435482321456125,0.41351280698944
9799,0.0903669057519121,0.0220116999711449,0.430207346503462,0.414888143059116
9800,0.0939290896305029,0.0149034757699897,0.422529708751982,0.449959801386166
9801,0.0990877269249775,0.0474357113625719,0.42855391699444,0.738102372038097
9802,0.0923030894479635,0.0394374570361865,0.380774443753337,0.624992666737247
9803,0.0940294749067874,0.0442844313877884,0.425465957839196,0.751164146387847
9804,0.0781983172425496,0.0290820893335985,0.425669515085648,0.619301807415751
9805,0.0882428478823825,0.0503524600650162,0.435763143471434,0.775012610055875
9806,0.0913736177896805,0.0279117509409081,0.439509948831138,0.508218359925723
9807,0.0882979318223457,0.0246089228221083,0.445152306595051,0.374446800378782
9808,0.0952829014776944,0.0369285285937467,0.431017507899142,0.649380435212839
9809,0.100711078779146,0.0559359833880808,0.428333132378101,0.777423941941085
9810,0.0749904830652942,0.0775321626810318,0.434338919664397,0.752225924530467
9811,0.0951542774441805,0.0353545509854489,0.431255567976955,0.703416121045659
9812,0.0935433774053509,0.0293569125840897,0.415218284196156,0.688949705673698
9813,0.0998962799695601,0.0230838939962339,0.252105081508057,0.517298451361712
9814,0.101853098159643,0.0165665739448398,0.256198706134234,0.262530323078841
9815,0.0879383706126607,0.0263806158863378,0.28974061578196,0.294497497311046
9816,0.100560478646916,0.0229100220392276,0.436194764422548,0.489431570707716
9817,0.0979364940941414,0.0241055264832018,0.440585990468891,0.498484269590913
9818,0.0818978579167238,0.0300269620662772,0.603885127183936,0.559406076720309
9819,0.0965316000072019,0.0246919032359682,0.452622347578139,0.454028948894671
9820,0.0853976377881448,0.0275572597323623,0.355777820711187,0.460780677877741
9821,0.102122800934198,0.0255796780725021,0.45465062418886,0.389634115384164
9822,0.0910804757247302,0.032515555145121,0.445766208351326,0.657668146917134
9823,0.104122916458029,0.0347740747392997,0.443981203577733,0.54674232231619
9824,0.0831863331900088,0.0269779889508683,0.276199713936131,0.522470960446543
9825,0.0835197118442839,0.0537591862276009,0.294020217405607,0.523390728131784
9826,0.0724747799431463,0.0296555100970551,0.415327082587461,0.630528044251232
9827,0.0872830467038717,0.0290415223422484,0.443500342341738,0.583612016461332
9828,0.0917263054332683,0.0539163716753928,0.429303495787161,0.694487651717826
9829,0.0995165802955653,0.0275357134647034,0.432942673737098,0.645079468022939
9830,0.0953012221108666,0.0336340790304167,0.434903039724385,0.565894900303941
9831,0.0984852544333372,0.022077489817306,0.437115321430077,0.441041250318133
9832,0.100824767082058,0.0402070751192006,0.436720917771944,0.657814665861485
9833,0.0824427337866824,0.0187982625291631,0.446294663219806,0.364301995651
9834,0.0809397852086444,0.0322825709985431,0.447565032413742,0.647790454386428
9835,0.104848635312537,0.0318463121218298,0.428345413187612,0.472071359023026
9836,0.0858184777338903,0.0442611671999289,0.40557127454467,0.530348096391532
9837,0.0864699288831823,0.0342227238462327,0.442018435507296,0.578691085973484
9838,0.0956977881865043,0.0352173261991046,0.444685163610318,0.540802106414531
9839,0.0725820925681328,0.0280686485419635,0.430478525177075,0.223587186413441
9840,0.0697786287023474,0.0235094687109604,0.44064653765407,0.526391917626305
9841,0.101110877613849,0.026830341473451,0.423763263780597,0.475749970756774
9842,0.0991047923492927,0.0312120439701278,0.421546394468022,0.424290311376336
9843,0.0916184456462264,0.0318092684208152,0.309891112574188,0.537109468531892
9844,0.0704295039022535,0.0244397053783752,0.367850817703672,0.448859108136592
9845,0.0920891589359141,0.0313508986409664,0.599380999117096,0.625233698555861
9846,0.0860876930727948,0.0213611305696703,0.609546956284712,0.232642945110449
9847,0.0970183511321835,0.0242940700689445,0.441768123665373,0.484926399018203
9848,0.0999006262879088,0.0159924746869943,0.422071568453245,0.581080431687747
9849,0.106832817533426,0.0260183896826416,0.433703913003683,0.413314067171496
9850,0.0947587642232573,0.0269153343565515,0.334358481184942,0.180925667086881
9851,0.100574424047079,0.0183300818524893,0.315157798421084,0.259920862304695
9852,0.0968694399190392,0.0353152085211418,0.427187992211702,0.778537839975033
9853,0.0892964787632338,0.0269567689129691,0.438871394226791,0.52422165131563
9854,0.0918162466806941,0.0199179523980999,0.441387378154626,0.490528515238913
9855,0.0901835632415195,0.0356621065618084,0.443776978301653,0.573794149049775
9856,0.0961689766718043,0.0353950508924848,0.439940105513352,0.633339172420149
9857,0.103320793489213,0.0283757820723386,0.428357237324725,0.592201113346205
9858,0.0892387389054214,0.0219507470495963,0.333398630405022,0.550122730135913
9859,0.0835371855537204,0.0328132901623212,0.453854019854156,0.443872349805141
9860,0.0967405685165301,0.032063821223912,0.328830133223275,0.564081179407724
9861,0.0942012290653465,0.0366692293169152,0.430403154753861,0.627284776775753
9862,0.0853956331725668,0.0381247523914907,0.433314122081026,0.634135863611929
9863,0.086232657951088,0.0396867978661945,0.43840903879331,0.70359085712759
9864,0.0987339015306683,0.0267102879665627,0.456788522502551,0.502068013167631
9865,0.0894027216170116,0.0278953100203251,0.414943393706452,0.383856354231029
9866,0.0878698140396877,0.0252789664711579,0.44160952120906,0.485005196846449
9867,0.0984570647077959,0.0245817014568963,0.332769728560206,0.523756058709691
9868,0.101074594127625,0.0370867383990029,0.449082924968928,0.668015261422734
9869,0.0895157467092746,0.0553617795409975,0.440335054794243,0.693974728734575
9870,0.0991156422861723,0.0476021401372863,0.432635822771395,0.77541138065152
9871,0.0968422445862118,0.0342366720637107,0.424111664245576,0.655326717785471
9872,0.0833919449820031,0.0260588078988288,0.428114708773193,0.529211137679633
9873,0.0921272621271413,0.0382972675669054,0.314713223573057,0.454337893348563
9874,0.0809000760179472,0.0222018540329114,0.44723562504722,0.429474676831125
9875,0.0835856189957552,0.0338204547938988,0.41854748476484,0.610998148010374
9876,0.1032987239734,0.024614285862141,0.426983103812719,0.610219399255065
9877,0.0862340367741461,0.0283650409079069,0.696424460875396,0.623484402986591
9878,0.0782331810749348,0.0462836636017936,0.787102140969992,0.617711268797757
9879,0.0840515129974445,0.0191259828666338,0.937189123204297,0.457577167674813
9880,0.0663522946844982,0.0297797602224282,0.865033762334267,0.54198075951848
9881,0.0706562796761612,0.07090415807748,0.788554074638796,0.797186002386565
9882,0.0770015221054419,0.0336345633777345,0.747233199394917,0.591538179942669
9883,0.0771929467790357,0.0365676202061564,0.936696298994009,0.433321064320846
9884,0.0700792512420443,0.0824169737776183,0.879768288450262,0.838460810608854
9885,0.0825612314721488,0.054061034050436,0.871084067996304,0.727372068021264
9886,0.079506322775032,0.050431331960275,0.67039772518561,0.740047601277387
9887,0.0899633072353155,0.0411929652490723,0.715000472816998,0.652335664972206
9888,0.0745401153214623,0.0396897138131812,0.660602452319806,0.443812987980631
9889,0.0730174017600829,0.024293840465021,0.679164891833378,0.327298337423505
9890,0.0661374094532684,0.0259158242197071,0.668936288987648,0.46706685592579
9891,0.090806243920454,0.0285339920678454,0.625364743645075,0.513157742122329
9892,0.0760606558293664,0.0289722714904712,0.649345404733261,0.687107784789863
9893,0.0842796236524389,0.0854250640610286,0.618317678387917,0.836906797089798
9894,0.0826500362174234,0.161317821520059,0.890889605803675,0.887283411563782
9895,0.068378799295274,0.0365862661945149,0.949635398876982,0.768878868332798
9896,0.102038547868326,0.0461432387459516,0.890295099483572,0.761623587475818
9897,0.0808771682929181,0.079986091897845,0.847991906351458,0.791387960083239
9898,0.0839395739470904,0.0243209197465594,0.980602009501414,0.373283774921027
9899,0.0833837791377823,0.0316465318303086,0.974123180334731,0.645491002995412
9900,0.0878078240334641,0.0205571408126418,0.65970392826541,0.305886554864257
9901,0.0805952979875017,0.0322879335571658,0.641188799867166,0.637978362247882
9902,0.0862130963541226,0.0308487410834924,0.674649261025428,0.638195062086358
9903,0.0651027236446943,0.0257578811187629,0.57596999501102,0.590075070305538
9904,0.0740598227884922,0.0248953239494537,0.688050119212699,0.678009117907586
9905,0.0806910234251101,0.0606967698026715,0.643766848276743,0.755187273121583
9906,0.0731544220590707,0.124279931252969,0.8846458460834,0.878942359090921
9907,0.078485255116937,0.1244796459168,0.717135701308869,0.893181952264766
9908,0.0887290381362814,0.0360081840514424,0.640674974808733,0.725562911296169
9909,0.0830919253437291,0.0880278690855637,0.625343785536372,0.82843090523523
9910,0.0792112446387277,0.0334883921380431,0.718961514309779,0.631103400107537
9911,0.0732849498568173,0.0398901564848659,0.891288921877312,0.460450486634804
9912,0.0886576398040646,0.0289564707215849,0.783023142651424,0.576901281237024
9913,0.0883988923669265,0.0200178890614572,0.554884857815475,0.320210459029024
9914,0.0820113221790418,0.0298954962108801,0.807334205714456,0.583619814327324
9915,0.0791341717978966,0.0251226984928758,0.877822316804957,0.512287661769334
9916,0.080732917174174,0.0413477031658626,0.823931378918126,0.611382119513512
9917,0.0896593193444701,0.0224228440740259,0.821461395165292,0.602419877006922
9918,0.0828679052555173,0.026693431109687,0.68469665480873,0.528926649674504
9919,0.0772173136707942,0.0339485628836058,0.599461629440078,0.406842815264057
9920,0.103402838465449,0.017905578190071,0.717763201556459,0.464331197307737
9921,0.0857777952719574,0.0272220384646264,0.839081538508855,0.469749632840507
9922,0.0871595340277043,0.0240472973964437,0.967019540544304,0.713256721003756
9923,0.0899232907353085,0.0209842869931158,0.916861715719927,0.363556183221569
9924,0.0726569283390918,0.0221224848821035,0.948564172943257,0.345864375036749
9925,0.0907761193202783,0.0206417775514423,0.832140636055761,0.384191179222504
9926,0.0875852385294711,0.016907391389764,0.656154851272325,0.229439899497125
9927,0.075036461677927,0.0370379095411796,0.682012902750384,0.665941965457826
9928,0.0811911805611297,0.0364626374319406,0.820297132746688,0.607338033316763
9929,0.0871056631739213,0.0219850998503606,0.775651784032187,0.463723925107071
9930,0.0787153635487287,0.077959755226229,0.716833019464681,0.818539872300238
9931,0.0947282837649526,0.0268369291750258,0.639793872023773,0.550544559991463
9932,0.0979004510042527,0.0344947922412519,0.644228435567677,0.733948793943089
9933,0.0967764845146387,0.0844707823040037,0.623012874641706,0.846089181366701
9934,0.0924404314481716,0.0239091168463222,0.553149969996262,0.44409433716221
9935,0.0845627073584866,0.0206558501243181,0.444689178684156,0.505233303451353
9936,0.0769853345924776,0.0302506796517785,0.288076591136136,0.533773396855274
9937,0.105177016715138,0.0659345023986411,0.436784747747271,0.767040361608496
9938,0.086874316029083,0.0505063473230376,0.424676360377833,0.814664726294349
9939,0.0971705397206485,0.0360698343517383,0.426736990549903,0.729898799399762
9940,0.087471363740446,0.0691905067768118,0.437183043410908,0.78643720472665
9941,0.084085925619118,0.0342990879301452,0.38505439613852,0.654277530832244
9942,0.0974162861545777,0.0282367237639087,0.422077640582677,0.598304929825448
9943,0.0957031783174206,0.115962578161921,0.433889042713012,0.90771885756944
9944,0.0928592443681374,0.15010339657885,0.426101320518523,0.899411653555489
9945,0.094168368755456,0.120704484879546,0.431150524557528,0.897232707999483
9946,0.0841309521149339,0.101761109520387,0.426152600613468,0.864317259475297
9947,0.0939173374280855,0.138144023350624,0.430594519067804,0.931536737730672
9948,0.100557651464904,0.0951298917990877,0.425208612326445,0.899573850487245
9949,0.099494855167387,0.0785867810573705,0.422314994235624,0.835417685896016
9950,0.0961420196726142,0.0446623599347984,0.441684558731951,0.711743327553998
9951,0.0828751821105431,0.0667402674937066,0.43800294048588,0.682832753825685
9952,0.0949508451469817,0.0361807973726707,0.399326237918656,0.572765903075245
9953,0.0858874500499411,0.0273675021103323,0.446322079324752,0.613446838264749
9954,0.0923517685472571,0.0369264029977391,0.432532105283953,0.591914465974113
9955,0.0804818163382066,0.0380768838737722,0.42847138757281,0.566442521735099
9956,0.0831141508669247,0.0257960063659495,0.440492240961882,0.686610199816012
9957,0.0924836000547466,0.0204122236460189,0.450361039061973,0.530343959761726
9958,0.0912308981557272,0.04505304016082,0.455871707116257,0.596097672333036
9959,0.0859127885309394,0.0439307290574155,0.75913768255558,0.576648009382008
9960,0.0919516474115855,0.0276660140689788,0.433073593272084,0.365208137672266
9961,0.0875889390901489,0.0191541145967226,0.407235410763624,0.536142245661262
9962,0.0651823376666933,0.0237052322488628,0.297560346563258,0.468816564249755
9963,0.0880157649644052,0.018198075504793,0.440311310125486,0.293620328515158
9964,0.103535064769591,0.0164266754932491,0.440745702306125,0.295253937886267
9965,0.0904848528413853,0.0265339844615757,0.426966064943201,0.445818916914545
9966,0.0947749126903314,0.0214213212483814,0.407440620971634,0.559291639755198
9967,0.0824534403475279,0.0155342845189512,0.285261288374654,0.320139610578247
9968,0.0834417196262288,0.0175487674240754,0.325442485083467,0.368298880184318
9969,0.0818065050661912,0.0195114526510185,0.425266860976464,0.478650402509223
9970,0.0860587321925777,0.0254602809738923,0.427255209603471,0.576029344482844
9971,0.0914103052048196,0.0258908696961832,0.436222131704203,0.448753094938592
9972,0.0877168277520306,0.0396475136736348,0.441801275384477,0.744044463102937
9973,0.0892324546253418,0.120799818925127,0.442143491333585,0.884844211270089
9974,0.0855981344906363,0.0302107804513545,0.427680763458891,0.574201095046575
9975,0.0986431576287333,0.0313897672692961,0.440273732484483,0.48247418796606
9976,0.101397390004871,0.0389785332428029,0.509822043924773,0.466808085967075
9977,0.0954782224051353,0.043593692519668,0.436530795863988,0.780695814185466
9978,0.0764759174694683,0.0409850224035452,0.441033202921991,0.675774851566741
9979,0.0921578498791873,0.018643182242726,0.653920355246467,0.42306198571103
9980,0.088182568176111,0.0308272489332577,0.441332488504093,0.433807985427119
9981,0.101672648916515,0.0252321185357075,0.285214396913179,0.424252952749891
9982,0.086498164665624,0.0248892042273264,0.580793310009491,0.495963569095813
9983,0.0677145041547066,0.0972936507707629,0.658976406146508,0.825582219707446
9984,0.101105281925304,0.0386396864758792,0.445703013182331,0.70700754527474
9985,0.0969239478763598,0.0270607931976636,0.443394643182746,0.631078609198701
9986,0.10058232323534,0.0289686594426427,0.441415972621844,0.594983051090299
9987,0.0827496807480434,0.0360305494439651,0.31468873725129,0.524035368845555
9988,0.103354993356089,0.0241252822534432,0.231585874432165,0.618912138518846
9989,0.0888235230694908,0.0235603713157711,0.348925847462545,0.288591738761809
9990,0.0878087731301878,0.0244276022447722,0.390948733041176,0.474031863503276
9991,0.094822336103819,0.0195485265923007,0.442838640367967,0.562264248271359
9992,0.0839233397557783,0.0627718875822015,0.44176174047346,0.814242533108862
9993,0.0910933856887072,0.0247958360237495,0.425645476988318,0.510362976771589
9994,0.0941395807465687,0.0199243151175855,0.446749427112134,0.381138218290945
9995,0.102225234918959,0.0235542285877164,0.311646963605376,0.43916681793932
9996,0.101363066503292,0.0298165708644772,0.337269022340033,0.504793649624733
9997,0.0772041632637064,0.0293644206447638,0.43136885517456,0.5060234168307
9998,0.08736263634152,0.0237669939546038,0.426743317704067,0.446713830255694
9999,0.0935853491064106,0.0165482699770186,0.423542720478763,0.419596505561636
10000,0.091903375431162,0.0163588212866764,0.322838544561948,0.341363336350404
