"parameter","median","lower_95","upper_95"
"beta_0",0.0912525457199784,0.0725688943542436,0.109054218687449
"sigma2_w",0.0301031928775903,0.0162010153703949,0.108308388310942
"eta",0.438501754682171,0.257876601073572,0.725409498262566
"rho",0.570381369800567,0.263040028071755,0.878619090305251
