"draw","beta_0","sigma2_w","eta","rho"
1,0.0228104549418483,0.0149165238005616,0.470025928857803,0.629795572252969
2,0.0224085647711987,0.0150034778834637,0.395175606368605,0.642077570453017
3,0.0161165582918807,0.0137702827445587,0.421276542478698,0.676696267535123
4,0.0180434343124093,0.0111355743495481,0.404603144003712,0.566617636449878
5,0.015390908538447,0.00970492438906268,0.276856083617656,0.582286315164329
6,0.0187923683588947,0.0100376542062947,0.219742007190092,0.467719983397754
7,0.0200790211365023,0.0136977468891652,0.217954842339466,0.61067058567763
8,0.0250048981566961,0.0143062665655284,0.251063398522041,0.684140724189687
9,0.0280353687825803,0.0141242883020191,0.265736278042854,0.669674397113647
10,0.0203483334227617,0.0225938708366828,0.258723510032159,0.708507832528377
11,0.0167126093183288,0.0194870617997624,0.392947294375257,0.712402990354067
12,0.0166180771864481,0.0178639540953921,0.483402864489993,0.783465409920982
13,0.0232777868690225,0.0162457371655832,0.404528357042331,0.650948702650056
14,0.0175434257460986,0.0226773459660548,0.439083368827438,0.813561213266242
15,0.0163273704627241,0.0243555223646415,0.389391441097548,0.782441046718846
16,0.0217339756275943,0.0284992666168306,0.387149870219413,0.794742857839053
17,0.0202348260310408,0.0261325256708676,0.373946114517341,0.802201970369474
18,0.00885104775153557,0.0180163637345849,0.523999658838858,0.794299355405173
19,0.0184864915800341,0.0239445785365068,0.483965821884239,0.816341824000062
20,0.0153084085277025,0.0256983205641616,0.485443147849797,0.813810487436608
21,0.0162349682828303,0.0249347217582766,0.395140830215036,0.809765555182854
22,0.0150256729843726,0.0274259173590852,0.431291582927144,0.800956931037111
23,0.0160476696464527,0.0235535195861233,0.458758270873234,0.773791732201101
24,0.0227232762871168,0.0269619111726984,0.466592569653043,0.753915421632919
25,0.0205981468594341,0.0364421186193586,0.504088304382044,0.838649114745644
26,0.0212575437703165,0.0237282003095135,0.507423339930726,0.779140236661834
27,0.016472169873007,0.0231125010033431,0.488002418110019,0.764239614601254
28,0.0164765897366731,0.0238671134076287,0.360827725300553,0.758841070267787
29,0.0207675779857698,0.0210384334629119,0.44979078073633,0.829502229553911
30,0.0228186847525136,0.0207505155839795,0.469535988439714,0.706321811893051
31,0.0177689678927971,0.0193063315667081,0.442862681587562,0.578503200184122
32,0.0208524179513997,0.0112679660212003,0.508069419681903,0.557342893629457
33,0.0249959195079749,0.0127290734437272,0.453521348599464,0.591820228271794
34,0.0186189230599285,0.0112806318782865,0.394978550345743,0.479053712266167
35,0.0153874193363461,0.00906516537124306,0.380678295464443,0.456964019413368
36,0.0220067012711847,0.0168285851050308,0.4368022594006,0.660677334607088
37,0.0248904816802964,0.0172111969644786,0.419826610405012,0.66893285786731
38,0.0218795372677153,0.0166798863468094,0.408232163563142,0.649869638731813
39,0.0251947897627811,0.0143746642302177,0.42138995650613,0.576515107478615
40,0.0111451240936975,0.0143970615035815,0.431158992308841,0.654870300996736
41,0.0155988611544847,0.0192469821094375,0.434362420413402,0.693485470617382
42,0.0197203409651633,0.0155925037829192,0.446975908945147,0.728214173012015
43,0.0182762140225933,0.0151318691588708,0.46054577654973,0.720804602472474
44,0.0137331776056808,0.0150494251907453,0.438280210935417,0.668335860021386
45,0.0261693562537421,0.0141152005921505,0.460470442442835,0.668811658092196
46,0.014132045480576,0.0128355471018244,0.410314366121784,0.603079124038432
47,0.0193537996385546,0.0235471310231291,0.416794951852134,0.782916323228871
48,0.0184985568103481,0.0319336290209117,0.427309789787299,0.782173413978639
49,0.0255409662530301,0.0162735121138948,0.406669620231515,0.718517267774648
50,0.0140978718514586,0.0210788099661145,0.422181050862445,0.730136269044469
51,0.0130870416737444,0.0155566108561852,0.463597654856884,0.675485929645137
52,0.0144309363531211,0.0132301590039706,0.394756493225306,0.53211533320715
53,0.0234845119365189,0.0174642950408453,0.284460776157402,0.68066321701963
54,0.0242687262059825,0.0108078837574696,0.244526288702756,0.508107691625928
55,0.0142430407922552,0.00949257387969077,0.265528988171506,0.463851918335435
56,0.0150871993357219,0.0111380203076767,0.262520741003039,0.547940342984379
57,0.0202930909568627,0.0146796997865799,0.260147635795274,0.676730956706971
58,0.0287485074499982,0.0130325305375487,0.209408001554255,0.601660355616185
59,0.016482259500021,0.013686240593877,0.249753833296201,0.597954357157838
60,0.0264076945713547,0.013616294452556,0.244159118870145,0.608277144414881
61,0.0231226540895904,0.0122851585769733,0.260556479302662,0.548781357580515
62,0.0211087780394417,0.0102220892515427,0.213991348971824,0.539793554172715
63,0.0221534090977718,0.0120538841100313,0.266420670549327,0.646114891849007
64,0.0146165214710253,0.0139188817729098,0.265668342035933,0.59038491283212
65,0.0181110350610193,0.0116103758953544,0.293195088214804,0.489539921239088
66,0.0216492887624468,0.0126851556060343,0.267151359553466,0.500761824554033
67,0.0238154549848107,0.00939610512447372,0.267955404238078,0.557957544763164
68,0.0159043844385916,0.0137701164641514,0.237583708261843,0.559513817537376
69,0.0089500539432135,0.00904915777487483,0.262145790822502,0.516270930800831
70,0.0205760499816928,0.0216587268441101,0.324475268543144,0.680864905571394
71,0.0203940220571922,0.0195820654245845,0.273818625471689,0.627729297334422
72,0.0224010903144947,0.0143258009062366,0.256300494255929,0.654538911381731
73,0.0207427904701657,0.0074799617974412,0.191372773225747,0.394312647461487
74,0.0197168460618295,0.0102559494390614,0.217420579352431,0.498856416281339
75,0.02531523472294,0.0125765893069017,0.266164809620349,0.521102244387225
76,0.0172966416996138,0.00809600124428608,0.272680649311777,0.479050998733333
77,0.0191344096920225,0.0108316887044269,0.23496861259749,0.543986530384088
78,0.0224049597782347,0.011111914569604,0.254063615321172,0.589449702996621
79,0.0222571412576694,0.0120734951644283,0.229133278547773,0.534724704351138
80,0.0208303757667402,0.0123338589825837,0.23486357406169,0.475741016611284
81,0.0186924776022224,0.0108924615677834,0.2481410672815,0.543501280077531
82,0.0162979194471574,0.0113195508872864,0.254804704835375,0.535003199588941
83,0.0202515650001504,0.0139050019312455,0.267343644869145,0.62363576701168
84,0.0240766559698744,0.0184413816942156,0.289452075591542,0.632024855277844
85,0.0162826208891368,0.0163351299499302,0.428925073433825,0.666945291175559
86,0.0168234712836104,0.0168217519868344,0.430871859070375,0.69211884366032
87,0.0191191110504333,0.014411895046293,0.504228838215403,0.603663250937103
88,0.0172401457104994,0.0195890237424715,0.508691033106531,0.737381543672027
89,0.0241792154313846,0.0236324695324436,0.50732851929681,0.791917653024707
90,0.0133381690450615,0.0261613625797798,0.478644229804006,0.801223929947929
91,0.0211429697111855,0.0195502333077687,0.516811718502177,0.68492298805527
92,0.0208480948561234,0.0197962857444741,0.535343899175852,0.71952335731319
93,0.0262881105916631,0.0227126136827011,0.493190290122235,0.736748748349989
94,0.0199338839862885,0.0108403941857621,0.427400625280289,0.656152354759132
95,0.0198735946471387,0.0139480947338899,0.372579903568132,0.631548666808786
96,0.011248286410234,0.0107618882783416,0.414295617968789,0.569023118479037
97,0.0191245314157952,0.0139012559967841,0.259573230611175,0.561292610751835
98,0.0199040166953304,0.0162754255589216,0.21318715856688,0.670247168031548
99,0.0258133306487032,0.0143482098112964,0.24259878553229,0.636929537006864
100,0.0184507134042587,0.0141739151013816,0.252582497741704,0.670801764144811
101,0.0199004028360123,0.0119357048516976,0.283048077666988,0.677550801095881
102,0.0140546962241725,0.0109000759129346,0.25410546292853,0.591969168224256
103,0.0236335126850079,0.0105138206684478,0.238146819887172,0.550647495296553
104,0.0229642520426653,0.00874227857560663,0.259868536043365,0.536884911435077
105,0.0218841067163553,0.0118767459378067,0.348631659676353,0.509205492795526
106,0.0199931605504517,0.014190639723036,0.413332219793708,0.562656532860211
107,0.0165973136867133,0.011288950986599,0.443657774596952,0.602758719294757
108,0.0115580266819707,0.00971207629120296,0.428431524466496,0.568278414824911
109,0.0234601344547718,0.0129813926138844,0.425597187745149,0.622024717786657
110,0.0176901505270222,0.0133849477226294,0.508204523601935,0.535830424888465
111,0.0146630623139535,0.0133084522581532,0.428673565247438,0.571958663417854
112,0.0150173216892947,0.00851854351097058,0.447259609706002,0.432011654520732
113,0.0149788480357556,0.0102487177179788,0.369119955875145,0.597197960284672
114,0.0193638076982428,0.013499185007348,0.361414778263659,0.543867395600861
115,0.0190194295081654,0.0213549493918343,0.415950338260116,0.722239532403764
116,0.0250925938185516,0.0136316727660648,0.512517310603496,0.650266820372388
117,0.0171718820202774,0.0186811703705187,0.393634418269737,0.695281317187876
118,0.0184126370652622,0.0165835945430376,0.435083389655736,0.703381293367275
119,0.018834688673027,0.0178662844336263,0.386932039927423,0.682702535455253
120,0.0233923569295716,0.0359371611495304,0.258421918989743,0.828255395509232
121,0.0169754464794464,0.0351373633797212,0.239970154097261,0.827037757741475
122,0.0223238024629232,0.0330341089853543,0.244279076746727,0.807002188096446
123,0.0220888639056196,0.0281355239121571,0.272948970530657,0.801843301361201
124,0.0103984442521636,0.0170302624841824,0.25883075317835,0.674597817669336
125,0.0275241713025468,0.0144455206557849,0.287131198018422,0.639917515916137
126,0.0204691437363698,0.0158250646643683,0.388413086470253,0.681507177130562
127,0.0195873905747019,0.0144485040716194,0.402241702605534,0.694041477153404
128,0.0239957165731124,0.0095480259889094,0.445816064639306,0.526071596396522
129,0.0237259735129638,0.0109008780117309,0.262460116554198,0.477337282138139
130,0.0230457523305952,0.0160295059747254,0.253855292134057,0.597518656898541
131,0.0247177379049133,0.0177446342393112,0.217585960886192,0.650431507728633
132,0.0205390836117332,0.0113357736079082,0.26451755934496,0.530768955061509
133,0.0225227982152444,0.0118208350720324,0.255207250935392,0.597038353318954
134,0.0209985417925361,0.0128914147886175,0.258101953716932,0.522378603951876
135,0.0132528142039585,0.010940968385987,0.203782936374658,0.501241013503309
136,0.0190346275203511,0.0112597272485705,0.246973479037547,0.46508443182833
137,0.0208496905148804,0.0119434056551195,0.175971966051281,0.450100560024886
138,0.0295150399305441,0.0101778010670042,0.271737371258053,0.449929205087628
139,0.0171445242267085,0.0142446511630787,0.260936329682526,0.606204882653378
140,0.0211570424873572,0.0107316107384319,0.286772621054822,0.531568926645843
141,0.0144212395195341,0.0154520000042451,0.272408379501333,0.503535916645109
142,0.0131458394539913,0.0116681704849968,0.25768913050337,0.497113774557207
143,0.0160369745956409,0.0101078046434097,0.296451572875146,0.493969104121041
144,0.0196138718021921,0.0121034413487533,0.227720793359102,0.486746863687747
145,0.020751468794629,0.0131555296919773,0.250810308488951,0.560112016213569
146,0.0158465281029731,0.017796937951848,0.246797747709984,0.745984188946263
147,0.0231067496210214,0.015770156472437,0.269669419419555,0.666904213821623
148,0.0204525559195849,0.0139565836633527,0.263796973976,0.625934473976716
149,0.0177782886060523,0.0184237275742091,0.242080551015393,0.726186502001103
150,0.020215887297171,0.0142327721177424,0.221602195736664,0.650345780522627
151,0.0187534777704475,0.0127057962006148,0.269418151488288,0.485063783853572
152,0.0222359826152022,0.00884856458884314,0.245084112154809,0.3843174755644
153,0.0182698757600343,0.0121060404982617,0.260464270293146,0.474011133211508
154,0.0192412660973683,0.0166502715944662,0.234341503284122,0.632915592194743
155,0.0210658921782823,0.0138539233497365,0.278980278755234,0.555181170832061
156,0.0285475293715709,0.0106347846611455,0.313622775156625,0.427925978379858
157,0.0129944658756786,0.0104446486850622,0.269952296709962,0.437775018248931
158,0.0142468873160987,0.013653708019841,0.213535785354535,0.68781206495435
159,0.0203010182889336,0.0188032057219653,0.257821031754107,0.691343155997292
160,0.0184706008660719,0.0101537662500814,0.367907162377204,0.463734672078311
161,0.0247254474777767,0.0132397456280134,0.258781436712289,0.604450503878142
162,0.0163359548202924,0.00954727850280017,0.221279634408806,0.553073932826923
163,0.0241142925094642,0.0102598919247094,0.250886117204875,0.495012653350192
164,0.0189997607863079,0.0145735624133558,0.269961727940911,0.639269733466546
165,0.0160710807913723,0.0113035406045598,0.268355520511661,0.597997963698086
166,0.0147487319454382,0.0163666914208103,0.224609772964511,0.637459934179596
167,0.0173494659410018,0.00782538409839015,0.243306518186905,0.407885971691736
168,0.0150149081459244,0.0110915995219532,0.236117996464725,0.507856114867884
169,0.0218088283392435,0.0102011108135294,0.270628915161616,0.519371836326744
170,0.0216720940887358,0.0134063558515803,0.27877034831771,0.658606289280124
171,0.0227262230559823,0.00990810452363553,0.240100836596675,0.411606224550704
172,0.0239807755708376,0.00893561824674182,0.243813368939278,0.429692528243891
173,0.0207444902517152,0.0100437451178326,0.261644719977692,0.464890670464455
174,0.0183177937726289,0.0142341967364835,0.255908266211552,0.485063823689452
175,0.0176727688262842,0.0103313866783143,0.267732563891468,0.426174851904873
176,0.0177877291551174,0.014832728899744,0.238133955405745,0.528508405976254
177,0.012819966777601,0.0128288344392442,0.312575496650122,0.557747125913912
178,0.0124166329143534,0.0123942059956554,0.421276608465738,0.591251108197988
179,0.0187560472039562,0.0120104321562973,0.424925312009127,0.561701637292072
180,0.0233514355792436,0.0127627420623775,0.556889704870453,0.548080737623181
181,0.02294003666927,0.0121043761670887,0.372875373855572,0.600972101070201
182,0.0185338190071559,0.0132790505257103,0.436006984574597,0.577389976153965
183,0.0203089027019829,0.0102795664790245,0.468737021455589,0.525965393301675
184,0.0201999016293876,0.00977623458194159,0.423324380691468,0.49860232379518
185,0.0172036892314901,0.0117231217393427,0.449299328602232,0.636752789025931
186,0.0205630937781984,0.0107827405315608,0.462799184966489,0.596434857108614
187,0.0168951942986932,0.0169773500856279,0.385156495673469,0.664002827021792
188,0.0236252968136356,0.0112884132170475,0.272491754862315,0.588854901334062
189,0.0208362258302576,0.00969034220523825,0.250191732754777,0.56422143142218
190,0.0180130181715459,0.0233411845925493,0.260796635971898,0.688498793468496
191,0.0187651038614848,0.017913732885733,0.235909526184379,0.635875675447988
192,0.0153319320293927,0.0106768666066859,0.278321111615581,0.536244588850309
193,0.0226470402263479,0.0086443485319611,0.240279605063376,0.396204617588996
194,0.0141847790372424,0.0121371166851387,0.218251348139427,0.51010217088576
195,0.0141366793001983,0.0100671159364682,0.412933093361824,0.570022254368717
196,0.0166061382062225,0.0155132721022211,0.426013399008706,0.619261889166305
197,0.0153907616407868,0.0110776468032724,0.451962082847431,0.60030410945376
198,0.0258999296594585,0.0128317694297391,0.457923257918457,0.701944794838062
199,0.0177249308857754,0.0116457609716342,0.430139186969735,0.54950149195083
200,0.0151526137912804,0.0130704849152488,0.271857979863863,0.565668781082534
201,0.022370930918501,0.0112791765228076,0.217974778355451,0.452256245709785
202,0.0206389052508009,0.0107798940611355,0.194706870458832,0.444405496777344
203,0.0190192701303273,0.0141617366744179,0.257969738032174,0.603003919530395
204,0.0148928005711874,0.0103531454395387,0.263176160227711,0.543854434290046
205,0.0228104361360706,0.0127871397060581,0.412926272235766,0.424827355095556
206,0.0256120304325738,0.0160046964987392,0.439433896672036,0.638582016854371
207,0.0152247880361962,0.0150403939831843,0.437019586030835,0.640410399687045
208,0.0253149280662203,0.0156600137123365,0.43164884123632,0.696198700532512
209,0.0165641530639438,0.0123705820165885,0.493985155537119,0.611198673645567
210,0.0228675379353682,0.0146412822268591,0.441237645485185,0.641143895678499
211,0.0217006514792899,0.0209002367763665,0.434431728555271,0.764348520576349
212,0.0135728010229353,0.0297580924458786,0.497784382229331,0.800182187841656
213,0.0233735316964559,0.0147726846584639,0.442172565519748,0.724427489604992
214,0.0109889841642178,0.013897085931813,0.425254972086169,0.618379497701319
215,0.01738797077273,0.0147386634502158,0.427212973921053,0.648371479980912
216,0.0188444385916545,0.0123122177723737,0.427212973921053,0.638409326843856
217,0.0204122571667074,0.0155340794691312,0.383963413724419,0.633401002490803
218,0.0197667197984102,0.0146219093085903,0.417935279978366,0.644670125375086
219,0.0201132930785044,0.0169755978297914,0.434386941142423,0.675953082941551
220,0.0219157495802152,0.023131758439434,0.342614441701908,0.739221381434524
221,0.0253815352642241,0.0307429533061155,0.417883261722228,0.791487041566596
222,0.0224450127525128,0.0156477962772531,0.479722276658143,0.696698777054583
223,0.0176319797500969,0.0191228229499865,0.43714493023072,0.683230646583701
224,0.0161785578170302,0.0128134114313244,0.485520366699587,0.664915687157224
225,0.0237087563279014,0.0174334518669021,0.512573023207976,0.727611741762486
226,0.0217947759544722,0.0154229089300518,0.372647533400114,0.712373465168117
227,0.0174226812260748,0.0215145742653508,0.50835934177147,0.686721840840772
228,0.0214091936029713,0.0211276060462899,0.405595777128681,0.739827532425413
229,0.0163286988601562,0.0168604878851067,0.508293935835665,0.594203525737472
230,0.0113403877514857,0.0235475607557626,0.448601925086717,0.623391660611643
231,0.0199178840789843,0.0121728008389961,0.452941290617172,0.572563657066054
232,0.0173954441490235,0.0104327873061505,0.425412527250477,0.553272017737639
233,0.00963493041496802,0.0130005669188267,0.454944131332033,0.62216227838904
234,0.0131901952618457,0.0194056364662412,0.453234098898926,0.778625865268189
235,0.0211034649665901,0.025368889758864,0.312160610514135,0.799824272438477
236,0.0195765410369248,0.0191916442941837,0.473998122949996,0.801179240918465
237,0.0191969293183369,0.0195101663744622,0.427215882175067,0.79794906549608
238,0.0241893662480626,0.0168503739219564,0.494488016646423,0.721309141270724
239,0.0210042531426745,0.0208034101640515,0.41750369302522,0.806021004466365
240,0.0229647497342233,0.014125235095169,0.408167486246449,0.641260609002106
241,0.0116911571129953,0.0173350131295356,0.428861250612402,0.67404626559267
242,0.0252763785713774,0.0160572925233784,0.398779504647455,0.738575476610747
243,0.021533487482342,0.0189131373991099,0.461321427028791,0.700534983111069
244,0.0266167571434621,0.021484269057021,0.466591428318353,0.752985792988981
245,0.0218017194762717,0.0213856822116244,0.429920414614398,0.79264249989072
246,0.0173113866761295,0.0245571075250669,0.451415074640221,0.791995580587995
247,0.0285671645823902,0.0152794481116405,0.455994916687169,0.669051684912175
248,0.0156959699448155,0.0282078027659593,0.430779088628986,0.83475074851935
249,0.0171702471832836,0.0243984953427895,0.432033623597632,0.758821433533064
250,0.0173936611463009,0.0233304839529608,0.426686893401646,0.804411145687487
251,0.0231307322279969,0.0172346549690459,0.453702840052694,0.719647799086156
252,0.0215309417435035,0.0155545089137687,0.34923133862715,0.700180697031394
253,0.0154608448412717,0.0276160287622208,0.371202562130252,0.810723748276116
254,0.0231594763034258,0.0222415060632447,0.269555645796447,0.770971128633329
255,0.0228829484783154,0.0248387893173101,0.508335239464897,0.770960301966349
256,0.0234883952535937,0.0277489566397012,0.40712319498514,0.76206624965272
257,0.0175529862849572,0.0148249483795507,0.522271216243405,0.661115170074087
258,0.0248383940620598,0.00965031555675919,0.436584087405551,0.554029780977556
259,0.0226046087660411,0.0123157028183318,0.390696912813032,0.616663159932625
260,0.0131478739182684,0.0205348591876822,0.502579764600974,0.726226754761211
261,0.0129965427452545,0.0195939174993381,0.444515234894618,0.695531379386719
262,0.0228402418897829,0.0191822581466395,0.393865731963861,0.742106534667763
263,0.0204359747884073,0.0203957644436136,0.428865686073597,0.671397787731515
264,0.0195845747236504,0.0144903662461933,0.433738577514843,0.556386334428213
265,0.014307448293462,0.0115598388162379,0.426707059642659,0.569853876928048
266,0.0232186538977635,0.0172688823340646,0.324115818840204,0.570631766779376
267,0.0252554408667523,0.0144065971943853,0.270824239386473,0.683078413878067
268,0.0270300920669051,0.0136903555120592,0.245826196070433,0.607276699557694
269,0.017938359132416,0.016430953770377,0.228909378984892,0.663844932954427
270,0.0187187137804894,0.0210927029733978,0.271439579221566,0.708998569804143
271,0.0187306198411422,0.0158283593075684,0.230690374919054,0.654817291790385
272,0.0237561438048461,0.0109441503968136,0.247152141779382,0.567730554919851
273,0.018833894522626,0.0127700131392536,0.440063500219031,0.565810180825157
274,0.0175699895242193,0.0133398951787928,0.44956320988224,0.65031872486832
275,0.0232963066667207,0.0109329434577637,0.432510100282359,0.530031952737082
276,0.0154065435597842,0.0115912249697682,0.418991209305022,0.526135552584931
277,0.0143242099487263,0.011884650907665,0.415032681212427,0.532232239057744
278,0.0122366500310383,0.0149698991229861,0.593582428741763,0.730443188290473
279,0.0223785483814657,0.0119802728652221,0.484628277784075,0.68229868420562
280,0.0202861710792031,0.0137033405230222,0.4463629835146,0.554204833040372
281,0.0219618604630408,0.0138900267032013,0.437640846387344,0.623852295554218
282,0.0201719420935051,0.0138332796055904,0.406514432104923,0.593001080584453
283,0.0191253732167641,0.0134169121861074,0.443858929062782,0.603605818333343
284,0.017516588220763,0.0181098677598264,0.448059026065268,0.753734232799528
285,0.0191147017296726,0.018265477158988,0.426873119590808,0.693727111923791
286,0.0228114935828549,0.0161565868445556,0.42521694676992,0.674769576639602
287,0.0183005348988792,0.0113438134294731,0.416454126668402,0.546320035283989
288,0.020342608697106,0.0129968394360113,0.442603956427581,0.557208941552504
289,0.0134990672734507,0.00980271551456957,0.432246405093661,0.525333693657042
290,0.0198744960025386,0.0124856830987941,0.407949087918676,0.539370796684739
291,0.0217277628823391,0.015241806160442,0.468240149265635,0.569001203024642
292,0.0194745782740073,0.0228363300720227,0.500577665894912,0.747052813988773
293,0.0171531492204239,0.0117148240901361,0.432374459078686,0.576350375037274
294,0.0180215717358933,0.0122886684658556,0.443862231720898,0.574106371879159
295,0.020454782598566,0.014690221938845,0.441793130931634,0.596844627395136
296,0.0271410204516982,0.014301095796047,0.457315129883138,0.637201504701099
297,0.018626960031482,0.0240213870141233,0.494271615226693,0.766644204795428
298,0.0207947534466961,0.0212033506489372,0.439092170909855,0.747615505887317
299,0.0147234263671438,0.016750917350549,0.442205329107198,0.711560028735934
300,0.0153208293377978,0.0129872303082593,0.439414224402528,0.641336310772208
301,0.0223092029055273,0.0141980737973854,0.402819586297776,0.547577451027338
302,0.0188126496013352,0.0155935875518915,0.42801557053755,0.652368283017471
303,0.0157546448982198,0.0146660507941512,0.559487034508104,0.620848443875161
304,0.0232172636491052,0.0158533366580038,0.426512960908741,0.597534640591133
305,0.0188088085484067,0.0191007574353923,0.415144746385294,0.755699448236709
306,0.0230096469202443,0.013750032485723,0.445014376500405,0.639399993439726
307,0.0179832401107875,0.011462853135015,0.434878375092688,0.505598164643299
308,0.0205428234960766,0.0113894903237848,0.42508579189167,0.563691109215481
309,0.0224623594235969,0.0250628048250085,0.404130455499394,0.788383915479974
310,0.0201346094512222,0.018569832501688,0.428220323311266,0.652974176910836
311,0.0175049701143447,0.0145914053983973,0.381225263015776,0.578761415188418
312,0.0210886672851895,0.0104435886794406,0.427491714234328,0.548516076555182
313,0.0165973077922812,0.0122402763791887,0.498513893369273,0.543673953397384
314,0.01055288025619,0.013084819082543,0.467200397788076,0.605190630686769
315,0.0162501820412444,0.0139942253810032,0.521115585492066,0.683092424608628
316,0.0197964278064236,0.0161388345018171,0.445697805905641,0.717191634734937
317,0.0119174796933147,0.0127090352323352,0.434540281676033,0.622704657038798
318,0.0212980928311969,0.0108828694009318,0.516600514281798,0.553729970292439
319,0.0205825004480983,0.0134963562123754,0.44249276710599,0.602618465780205
320,0.0139568917634178,0.0161068973225589,0.523868184266976,0.760610172293087
321,0.0144675162900132,0.0191257765983664,0.443509998811799,0.774148944433231
322,0.0156782617664855,0.0263647536835828,0.447136857801089,0.814345025151467
323,0.0213850513031955,0.0270916145607299,0.382495546437151,0.742419768256666
324,0.0230781023170203,0.0172010483193574,0.501951599881472,0.689077270504595
325,0.0205676890493121,0.0172035014744745,0.40091132955449,0.68383955423283
326,0.025137867229805,0.0125058232345244,0.405395557980684,0.637793748218649
327,0.0213645398422879,0.0168333864625477,0.433362042884518,0.686738943642897
328,0.0279750544189567,0.0109302497509975,0.45237988439999,0.611578801470405
329,0.0152046381705333,0.0167554360780806,0.455533183240695,0.693438697413387
330,0.0117212829833592,0.0235173610233856,0.402420927753836,0.736142648786828
331,0.020666518712363,0.0174730805176178,0.443283482697225,0.734732588120889
332,0.0272334096525752,0.0148884946065745,0.432599081782615,0.684076222399297
333,0.023024770604821,0.0132458602228796,0.286265237647682,0.657889907950464
334,0.023502222903649,0.0135753974226707,0.211493264391987,0.564808478173076
335,0.0158923022546194,0.0123958894475232,0.227129599762827,0.590238105759174
336,0.0183215495172712,0.00879103710869571,0.173166842500558,0.428639069330299
337,0.0237745283444174,0.0131953116889393,0.281106063220137,0.512604849078433
338,0.0240386423800573,0.0133885893774367,0.224323269693191,0.532249507501034
339,0.0174500932679892,0.00930886987886036,0.215747398236619,0.517563195367054
340,0.0209086450192293,0.0107639778755691,0.255595907216641,0.542495530363213
341,0.0258414829704623,0.00923594931003256,0.249880185048822,0.433857163791192
342,0.0253570599245513,0.0126671625226697,0.253345044250111,0.567085879762663
343,0.0199543603620544,0.0118366088206097,0.246358142982752,0.588322960407629
344,0.0152898729606071,0.011643635951499,0.245668241908431,0.530308986845482
345,0.020383062156029,0.013509574782867,0.278853231263592,0.576320881351519
346,0.0140089337049876,0.0135958730589078,0.222340853196193,0.610792560113606
347,0.0149513541613781,0.0180740950512566,0.257465888140339,0.732025898466804
348,0.0215305127646212,0.0135522077595946,0.268386571657072,0.604217162003139
349,0.0126334833473113,0.0102948470993976,0.259234460504715,0.472341216646854
350,0.0117937964854345,0.0100687863464272,0.270637860584405,0.563207294128988
351,0.0183743512481484,0.0112049604767987,0.233280584549755,0.51646813273699
352,0.0191030740347848,0.0145968627211889,0.255543515586467,0.56479062637732
353,0.0147988867504947,0.0129510140656656,0.26687058661297,0.551238934621424
354,0.0191281974994619,0.00945122318063532,0.236398093379987,0.531102304427231
355,0.0124620153610991,0.00920698534166192,0.265791781363702,0.415641817785164
356,0.0169620612049262,0.0172451303372911,0.241859776775808,0.603420188284536
357,0.0213357108709618,0.0118237288116037,0.221034908559616,0.472096870951867
358,0.0267310179950272,0.0118820843710862,0.244825816548235,0.547878157922421
359,0.0140396135160637,0.0161205072191504,0.228744584899242,0.573001873962286
360,0.0220724366911301,0.0118686719125524,0.263299014823098,0.540994811028005
361,0.0123196720089452,0.00919224562654131,0.244279603717602,0.413353335132463
362,0.0220638986959947,0.0115087671053144,0.269318936696133,0.534959621640714
363,0.0262432768591631,0.0166946252980127,0.229928380722087,0.652579022243895
364,0.0201378940142282,0.0126550162568144,0.240046799972648,0.637654650363352
365,0.0179319195924223,0.0208021302617314,0.283168597351048,0.658375366465029
366,0.0209710575746267,0.0191555056315266,0.422085621960228,0.670449195096844
367,0.0181068065939647,0.0146495584591566,0.436901996111834,0.689998911772989
368,0.0165715361381271,0.0146405307636029,0.356871743303783,0.690736538009645
369,0.0185727840402436,0.0194027910470263,0.436601459043614,0.727122247537391
370,0.0196324497558874,0.0140803184793792,0.467012977247441,0.700313338859074
371,0.0168041275442619,0.0139951622431727,0.252196741299242,0.655185014719757
372,0.0179459653115312,0.0142791595837376,0.246865395684178,0.591974318001047
373,0.0203200966501072,0.0129869823269007,0.266434363961784,0.571677176687701
374,0.0176519787459476,0.0168261455525194,0.254790867367242,0.657661177577177
375,0.0211743302361315,0.015982816591693,0.263901996903703,0.658662707239995
376,0.0190038920427202,0.014876455805279,0.259545680217655,0.632969010650657
377,0.0227271855944696,0.0151078170733523,0.240662777023782,0.612537180434467
378,0.0261826613547229,0.0159727852592774,0.258421517908854,0.653286503575316
379,0.0250676984499553,0.015689168987683,0.269603893361077,0.564319271168641
380,0.0183803037571988,0.0114922415163993,0.347329767333707,0.530813055573201
381,0.0181124349952989,0.0131333595878707,0.437677579381257,0.627942274877407
382,0.0204495366005254,0.0196503505018093,0.348280277855004,0.655124761953539
383,0.0284685916850263,0.0169663131915871,0.209105155863002,0.685409719194583
384,0.0264015872487689,0.0105262975542235,0.26376529233865,0.553495591346531
385,0.0156502274327363,0.0237553354207692,0.260474282027084,0.770341299789996
386,0.0188925863650223,0.0210457869335586,0.427551150828871,0.720174787231491
387,0.01734665905563,0.0169235079405942,0.427957448163476,0.756757300930984
388,0.0208113274655649,0.0216827062454025,0.44682272494932,0.716445627620831
389,0.0170836573537899,0.0271574809078897,0.440196315141612,0.811920442914373
390,0.0159690325654246,0.0200954649845674,0.426075461248359,0.749378998515866
391,0.0189905621262874,0.0150679386929263,0.41726445712306,0.513811063312452
392,0.021281363311581,0.0128312378886818,0.432363832487812,0.636231322316747
393,0.0227591821180004,0.0183221857465211,0.562576786571209,0.711324514631226
394,0.0200320511308649,0.014400835342,0.583812317302271,0.596194895411412
395,0.0201434220485249,0.0179793284593986,0.462078414069855,0.68346132566942
396,0.0172409544019254,0.0172014742821913,0.417005529786857,0.645930136833436
397,0.018471682136472,0.0191071546788463,0.502919451106541,0.693277066036388
398,0.0129088488149019,0.0251426302605902,0.521608268441587,0.790973916350334
399,0.021833372441192,0.0762181587417617,0.485052045503767,0.939366038698108
400,0.0109497129850669,0.0837536942242553,0.515355681043134,0.940961539611229
401,0.0234676589241877,0.0350296304563961,0.51446788122,0.87160592794066
402,0.0141866961602163,0.0709406335600425,0.499600660794254,0.920495988399918
403,0.0220010599160342,0.0485541547888332,0.481425496860091,0.90643907401313
404,0.0147640483549667,0.0490709017170897,0.411754462452494,0.86473359269072
405,0.0168303273646988,0.0372815338480974,0.442557826975798,0.852159604288021
406,0.0228087184059934,0.0402296712266576,0.422021064359272,0.846255960042087
407,0.012556366961633,0.0217659704008809,0.442833429756614,0.718057450459178
408,0.0162638980738057,0.0143970701708822,0.478328608237545,0.67161735380915
409,0.0207285053566161,0.0163145677320485,0.425629140861229,0.625035286936341
410,0.0160144402800872,0.0132384639406112,0.427567074462839,0.551560087641268
411,0.0230692745538423,0.00727414383679513,0.439398946941586,0.458505439687865
412,0.0171136505047325,0.00983446758148526,0.4284019055119,0.521876352586566
413,0.0223639273318676,0.0164290203983618,0.202950796125956,0.655572730237016
414,0.0189231727366547,0.0177850826498503,0.255701080050912,0.630642499926379
415,0.0217307543692237,0.0127507753955767,0.224792653443485,0.594127882968817
416,0.0248604704289821,0.0148110741627154,0.240935744116921,0.577033703119411
417,0.0172238594194274,0.00967126902448639,0.228318233399462,0.481799870263863
418,0.0179276229188153,0.0109708632712614,0.225977240804197,0.55988194048734
419,0.0265120749136181,0.0249201628876108,0.269504789031977,0.722019484418104
420,0.0181964159631051,0.046615352868241,0.215507070962631,0.85982862288915
421,0.0285610703143233,0.0181846982497459,0.213893427943128,0.727261635138631
422,0.0124987918701635,0.0187616992379994,0.251618578563815,0.676643207283673
423,0.0177566787368255,0.0137880698316249,0.22556549467875,0.563749418631493
424,0.0200166545845251,0.0109254665423553,0.230466889044708,0.549716271900776
425,0.0170072684176449,0.0122180234618192,0.264307287903757,0.549708200979419
426,0.0224685861769908,0.0117287321542438,0.278141335440354,0.408881281101477
427,0.0122314008869212,0.0138829234409487,0.35362668450442,0.570818355893085
428,0.0155878339060707,0.0109469658053422,0.264494397418881,0.669607846272237
429,0.0150013920057111,0.0138077298768069,0.282444987093814,0.651781465857693
430,0.0211182871760162,0.016214116301998,0.292247468286019,0.667727261116367
431,0.0234638320650127,0.0144925630364312,0.223730403707336,0.647853935261939
432,0.0276726342175839,0.0124953803572618,0.247213129346663,0.615419999575627
433,0.0229826907100241,0.0147655808280041,0.265716842691257,0.664711379498268
434,0.0176644783456211,0.0136057158423681,0.25528951105019,0.501335924195424
435,0.0215879916872906,0.0125117514985823,0.270281648914796,0.573232166562828
436,0.0224390387740936,0.0191338511724725,0.264537785159678,0.607881567531448
437,0.0184131017297444,0.0121999790912918,0.211347524702812,0.531442779840349
438,0.0205539582513479,0.0172306482440358,0.243433839747678,0.646226240068728
439,0.0238415172238626,0.0104824417908432,0.240175872895034,0.531357429988025
440,0.019177503979806,0.0135963696816977,0.22047318522314,0.640020412508879
441,0.0226552238850865,0.0125786190991443,0.229788377889346,0.39573278831979
442,0.0154497904200757,0.00714285458437564,0.176316327513275,0.305064092793817
443,0.0163126695597409,0.0140546285461804,0.269215598951004,0.487731800300938
444,0.0209202331824412,0.00880206300495671,0.216546305857872,0.358201941318359
445,0.0156621479651759,0.0108374658067575,0.2672503843777,0.514135668707182
446,0.0149649461536483,0.0128863599318278,0.230578696637204,0.509226891889844
447,0.0175789922514267,0.0127591159105087,0.231340806589109,0.503974171139954
448,0.0156523845771465,0.0105443315264742,0.193865384189046,0.533484377366654
449,0.0131387873673365,0.0112799126648082,0.251753264517005,0.557336794282694
450,0.0193819264691642,0.0113116948057266,0.249550067568088,0.468879492615009
451,0.0157329758619069,0.0162398814371144,0.223402366312449,0.61518593214599
452,0.0203380343098064,0.0125979444736385,0.226807647319156,0.575209716873585
453,0.0250591388755926,0.0114775363970181,0.305295552993562,0.509221941985746
454,0.022360683028115,0.0113860315689937,0.238878724000053,0.54489924747546
455,0.0205311518822052,0.00868109486229453,0.254334607818447,0.546337950965046
456,0.0143828564394101,0.0138081664991119,0.415223327498176,0.616867420702151
457,0.0136132619575353,0.0178068004171065,0.478875429093774,0.674612477248206
458,0.0182113192832023,0.0185630897094866,0.383071288134181,0.732636261882281
459,0.0144090086281779,0.0337485390365349,0.392155145950447,0.801085009884575
460,0.0170684477776994,0.0201494408061674,0.4305562546817,0.738520118557935
461,0.0180626555935933,0.0168065139768696,0.435814452502597,0.707436668166525
462,0.0231842170291357,0.0172635120354655,0.387632717714864,0.620265178023522
463,0.0263284785431524,0.0130393689771285,0.352964687265504,0.653012742597265
464,0.0154284083755417,0.0295370619558601,0.496048101167604,0.780723552189492
465,0.0115576245734811,0.0123336048574392,0.263595772436134,0.588870944945109
466,0.014912271500171,0.0132302574038812,0.245363484912301,0.540024173768228
467,0.0166860631662012,0.0140419184037291,0.26717797381154,0.56027679914055
468,0.0213135275191707,0.0151304838302685,0.262944627998694,0.661526913197209
469,0.0233142320174293,0.0108453229088693,0.425360019127461,0.482640214665806
470,0.0224254661497923,0.0169371352118514,0.381336492387252,0.644658699649151
471,0.0183509947876147,0.0105328493372341,0.395841999234314,0.4823735624747
472,0.026068977578921,0.0155702559836901,0.425314795801595,0.683191386625074
473,0.024747680920326,0.0176953761376129,0.475659044442387,0.775874059283936
474,0.00922640813759153,0.0423258884173377,0.438309166146944,0.84496801283875
475,0.0268358272114125,0.0330727849137072,0.506912223804503,0.82428098320265
476,0.0193212898494305,0.0322957336768356,0.51651236533514,0.868770955191384
477,0.0191112454324972,0.0341973038458229,0.506371882371749,0.889661245536372
478,0.019088807892431,0.0743030170803559,0.498582492417403,0.924821565401007
479,0.0196302583251232,0.0503091743814763,0.508595229629494,0.896188868020777
480,0.0182814754206795,0.0916617407717393,0.49554336579289,0.935817114691776
481,0.0173494481225892,0.061385620265712,0.463859397831175,0.924947397400484
482,0.0201357911296145,0.0465497003297045,0.517221372936886,0.899157342619957
483,0.0180694201134895,0.0346305465967129,0.39618230753302,0.842050145119231
484,0.0209284703414033,0.0319862961663002,0.408217714749664,0.82019092183074
485,0.0169903612668186,0.0139420846746253,0.412247083981762,0.572169674065038
486,0.0196749907906288,0.0135478617948363,0.423452117717636,0.62304313893297
487,0.018698303148178,0.0131009881789186,0.418274643617815,0.680003374309181
488,0.0137845942017612,0.0244042260924812,0.433723610046804,0.808529813224281
489,0.0150896655943681,0.0344622342323825,0.437199183502094,0.828140438123095
490,0.0185216034246915,0.020258359554438,0.396826994662432,0.789569579678151
491,0.020913571214548,0.0178105966279992,0.459700564863791,0.790719359806323
492,0.0233546593171242,0.024270598905013,0.495983996500282,0.819839299844931
493,0.0161948174241496,0.0263514301022148,0.500957754997985,0.787705922224443
494,0.0190003199966656,0.0195838016514356,0.489891956390503,0.709941138289406
495,0.0211986374679657,0.0150640482722608,0.442571851142935,0.59184663196288
496,0.0180674984930024,0.013139506905321,0.427896008623125,0.623277712084372
497,0.0213800613034726,0.0147837961448382,0.448136154048853,0.641753982717696
498,0.0185267168069324,0.0144810903270418,0.419351821911814,0.621719402245345
499,0.0211845564687203,0.0161186491610051,0.435871362184318,0.734068196832146
500,0.0151983283389345,0.0220368084119569,0.269969246060542,0.682368049938822
501,0.0199787189850942,0.0160088471362975,0.219419894870585,0.663713153200873
502,0.0224227608841086,0.0190552616104337,0.234913492527564,0.757878330339629
503,0.0170636889523317,0.0115208446589841,0.243821659154148,0.636112061097038
504,0.0222266609001864,0.0151771496678239,0.276697056648025,0.680309092235086
505,0.0221836391430893,0.0186848895207214,0.218038125252079,0.633694429289419
506,0.0179380807793786,0.0153027775946472,0.275499885523478,0.581738960809462
507,0.0236213567114946,0.0145433439800354,0.271404571429674,0.623533669800182
508,0.0157586310801504,0.0158980286645609,0.25948990518939,0.664269751554401
509,0.0268100057748855,0.0160779487502022,0.213012027017633,0.607926643479487
510,0.0176896127871653,0.0118939144568099,0.234677135106462,0.540664693173235
511,0.0216937234629648,0.0104026422788086,0.219050487687997,0.468897808592057
512,0.0216393708744587,0.0120179777932485,0.26165662882112,0.523517335074235
513,0.0188777923806034,0.0111894363773741,0.250784718144576,0.451745452368309
514,0.0185325487456824,0.0101636259087211,0.241929637171069,0.482205861561017
515,0.0226412644646828,0.015369027955998,0.219244706885559,0.653111880529369
516,0.0198356312618205,0.0132802782113002,0.222772649378188,0.597065742786543
517,0.0282636010269619,0.0166996648903934,0.219611456344952,0.66981422186007
518,0.0175005288486918,0.0144215901530215,0.268587486602641,0.555796149612229
519,0.015313637133789,0.012823314969612,0.255983116446992,0.6661420268033
520,0.0219380149767373,0.0101648173818194,0.224977699556051,0.629378608231279
521,0.013302509829315,0.00876644714200516,0.258634695849102,0.466535436271935
522,0.0113324031973182,0.0123089781178798,0.21442810985013,0.55411345965865
523,0.0162408619908208,0.0129054662692675,0.215261206576648,0.565337148515583
524,0.0193349570877603,0.0123779771951135,0.234406775261751,0.610402441377672
525,0.0222652197689082,0.0268745152893607,0.253880904528004,0.75763905798744
526,0.0132302942748007,0.0128073993808677,0.255827054037884,0.670586852064388
527,0.0178089812651417,0.0102434078449154,0.244570819512702,0.568076029169489
528,0.0191496437591154,0.0113955044357858,0.257510150868152,0.550572433707792
529,0.0159190512470888,0.0143016106190075,0.233434902497194,0.542787002739517
530,0.0205421102197132,0.0157278361119165,0.372535665605143,0.63524330874844
531,0.0252117815673558,0.0206538843167819,0.424405039416396,0.708446589155311
532,0.0229973357352181,0.0134312354198713,0.461337773565925,0.577484947976748
533,0.0246725423487362,0.0121688264764694,0.368820760216318,0.470538182428092
534,0.0238056604658915,0.0160282192345614,0.230821877250899,0.608618973304773
535,0.0120610752593865,0.0142774022140633,0.218956033633845,0.552079399189699
536,0.0177103993353247,0.0132239430551319,0.211766851416949,0.587452358019389
537,0.0180531184605781,0.0161515225033874,0.23152874764149,0.617942901341143
538,0.0178955387196413,0.0162886837560153,0.269022122210459,0.591972680019827
539,0.0155497289520411,0.0161151638009313,0.240247771579211,0.743526850704267
540,0.0210817040647794,0.0118365065725425,0.238617173980163,0.55968413230679
541,0.0223594376968688,0.0150996900233987,0.255216723261693,0.619480927716016
542,0.0189261369125084,0.0157639691220684,0.273025484135888,0.735666049787161
543,0.0187081945533318,0.0220573451592465,0.262112809077058,0.756319498630078
544,0.0219627638064715,0.0166225081651178,0.235916494938161,0.692792957509394
545,0.0187263559065551,0.016170921708613,0.270281659845726,0.743254169958965
546,0.0195890907161122,0.0160243055991044,0.27797315803202,0.658458510194332
547,0.0160033859560125,0.0224130635297226,0.358485842793649,0.740309444303303
548,0.01561501448861,0.0140351344296384,0.26485812760417,0.616487633112121
549,0.0195808200404004,0.0153799295578825,0.280896735938875,0.659422787538647
550,0.0171982203518037,0.0125216747299103,0.265520655007568,0.677292120819925
551,0.0232469509570395,0.0199362844579684,0.24691329458112,0.747891603420003
552,0.0220478822006931,0.0126952242113324,0.263259554567886,0.688917016140823
553,0.0141502658573504,0.0116296294354852,0.219431106258493,0.526405159442578
554,0.0146830440293703,0.0108929479644917,0.262528678315605,0.413970569049995
555,0.0145328485538794,0.0123877487192189,0.212814666981154,0.539049804792124
556,0.0252124678597366,0.00764054791281109,0.269591760912489,0.519427934798349
557,0.0201039118329369,0.0108611200722536,0.26181460050747,0.6139251753854
558,0.0218086533680064,0.0100566609549296,0.214474270673607,0.565530852371118
559,0.0208791920907601,0.0134403240377133,0.342834653329511,0.509037715177054
560,0.0226308675021302,0.0122064904382687,0.446659947673686,0.665054406898482
561,0.0212557570049604,0.0174249970486015,0.414516571658522,0.71632084044817
562,0.020714510567506,0.0155763200772434,0.375289930176417,0.684864735246716
563,0.0213500534736615,0.010723659243478,0.431716847630596,0.559747077162881
564,0.0217740732800928,0.012167769281309,0.438723732230876,0.615110446751836
565,0.0208839400389056,0.0148618798176213,0.434557831700812,0.666721267709682
566,0.0183663964541987,0.0235871365193183,0.508965033909801,0.746224601484015
567,0.0181350037512849,0.0174431811728098,0.41912498095119,0.722538714664887
568,0.0146371361328034,0.0163155705271591,0.400261948887572,0.724278366630632
569,0.0246989868985573,0.0201393151528011,0.259698520559236,0.724452673874537
570,0.0176075492362593,0.018353720228331,0.22853441784987,0.633776910318482
571,0.0194618846580701,0.0114682905599041,0.272100750025994,0.497065176031057
572,0.0213259531784076,0.0153563215380683,0.268581989603819,0.515422698924887
573,0.0199536510488533,0.0134446347189705,0.229280738717555,0.422109585181693
574,0.0160253759315721,0.0112178293495373,0.273339605917314,0.439246926046781
575,0.0170797016140379,0.0122714762832397,0.239811169522846,0.467137355844587
576,0.0265576452734255,0.0118664719957683,0.249241450510655,0.59397360037835
577,0.0219097034164784,0.0198733268640165,0.270644489932446,0.695034728746467
578,0.0272264997169295,0.0148338171036977,0.27045135170104,0.64898948565524
579,0.020023085857151,0.0157746770204278,0.26921422222901,0.589779279960284
580,0.0201607601502987,0.0110071725564577,0.299684488072079,0.515878148902885
581,0.0258147312465338,0.0105977969300679,0.434528736319017,0.458031039503856
582,0.0245289794194666,0.0144115897030367,0.434513889071815,0.532354731020022
583,0.0208529378932648,0.0124798176321639,0.259790351689892,0.533091627831837
584,0.0227643956628322,0.00998197206289131,0.215966012517656,0.504861847131012
585,0.0194524176860962,0.0137588841059052,0.236209948342125,0.567846110322197
586,0.0185400995200582,0.0148710101377115,0.240724209247282,0.679562331372395
587,0.0198155664341618,0.0229842656598119,0.261912274582324,0.706039910066848
588,0.0141847030439855,0.0171835496785521,0.369035577634031,0.708628592094713
589,0.0188744912737258,0.0189528107280839,0.437733937667288,0.669575504004319
590,0.0189272098114477,0.0130572840853513,0.379461536909989,0.502296051269967
591,0.0179259498370916,0.0115135789641363,0.428128829904792,0.538770589984664
592,0.0175848932676969,0.0118162175214484,0.432622234074208,0.496745351159946
593,0.0238981892226,0.0135548310317877,0.443958953126226,0.652225344918288
594,0.0172989178963457,0.0141086522564865,0.440649188987854,0.646228951819249
595,0.0158457344528639,0.0273146387993186,0.500058298059959,0.790314319331947
596,0.0223885475438912,0.0171854445415169,0.442254455048292,0.665777060076349
597,0.0196661084084155,0.018556873145998,0.431571065991895,0.679720249645302
598,0.030356385445656,0.01274578865718,0.363809635733397,0.653133732960783
599,0.0164882325737296,0.0123507499186514,0.236844472014463,0.637982412052221
600,0.02770063247395,0.0161486445273455,0.213405753628915,0.721429347652318
601,0.0166703694300571,0.0237148154980124,0.255399329935002,0.684612001803678
602,0.016239234373846,0.0106401489453227,0.25912296557817,0.564771422237482
603,0.023020644277032,0.0101900877521971,0.218088236553786,0.566773180007354
604,0.0115790346675063,0.0111339910570816,0.350459802003608,0.526253249521597
605,0.0254933946939843,0.0152722509867967,0.403559807283232,0.630340555771159
606,0.0231261177504114,0.0176615954409581,0.346821583011568,0.64145277793927
607,0.0196084473856587,0.017884939092595,0.445126817116102,0.657092894764904
608,0.0236890462308091,0.0128196926252195,0.519808414279996,0.672394216186004
609,0.0210084556708527,0.0158048706466601,0.407298535559346,0.665344582810899
610,0.019441221982734,0.015858831926381,0.369506082355966,0.62490629322707
611,0.0274503656649252,0.0107859395392416,0.232582874380464,0.549599490055329
612,0.0278981283381559,0.0173965320017419,0.255507252292126,0.656462255961548
613,0.0196133961034545,0.011427752459446,0.268236808440382,0.450424460647992
614,0.0230252300107992,0.0126979777440287,0.281665037649416,0.440582114586108
615,0.0170667867673393,0.0110144686653874,0.219611262739866,0.515574115986255
616,0.0282033578621938,0.0108193323311436,0.263642167481221,0.523042621138361
617,0.0139902965609899,0.0116606313880658,0.243629485239946,0.531602308347734
618,0.0189411672494609,0.0105032156807436,0.248097819032972,0.605502281971708
619,0.0211728051727099,0.0192501303164995,0.266371543284824,0.688517948243666
620,0.0230048601057978,0.0209782398443525,0.233257281942352,0.710894042617425
621,0.0212402939214553,0.0252239609896365,0.240645702679847,0.79397158752775
622,0.0194715729990148,0.0129375672798891,0.362562807164672,0.568172173792058
623,0.0178911840017999,0.0135255658223645,0.288006249860878,0.674434335298673
624,0.0204416914990741,0.0155891612649858,0.436059765715171,0.629086415266813
625,0.0189131971565266,0.0135810305771643,0.464492476092428,0.616539020421443
626,0.0165847852903863,0.0112313225285558,0.378000600775087,0.468169941659051
627,0.020217744335479,0.0144178867343155,0.430189930967369,0.6152156026523
628,0.0214498479163695,0.0149348236963702,0.437075751195418,0.637446558002252
629,0.0249319282986416,0.0193809117553423,0.442721830195901,0.715990200267786
630,0.0254357656348004,0.0115404392658085,0.425217053142932,0.551767874504218
631,0.0132065054088434,0.0107748315553703,0.374444472299916,0.582393483392467
632,0.0206995893397897,0.0106939936475229,0.274478704115356,0.564887069891078
633,0.0217540746906371,0.0112533302254292,0.222490702786343,0.479005700797988
634,0.0228495306644435,0.0134545369831159,0.253634382806819,0.574257962135515
635,0.0203390591241948,0.0158210042765944,0.233360838857898,0.596131032131318
636,0.0176598706263128,0.0199582035988137,0.248678334666428,0.692639813158768
637,0.0187356636241351,0.0162396480334059,0.242823669233257,0.74583453597562
638,0.017025023998,0.0185674218997314,0.241390749047684,0.690787611181815
639,0.0164258093439137,0.0166675781496593,0.237566389319087,0.666321863942337
640,0.0199383201950452,0.0117714624747603,0.26128346498029,0.558648329307958
641,0.0126870258357112,0.00910576201355643,0.255131314048668,0.463086696084683
642,0.0200612853234815,0.0131213037232632,0.268808540920822,0.517594434434206
643,0.0192133937245892,0.00971926098956131,0.265614311238509,0.484980866931902
644,0.0250429409118605,0.0109807084168341,0.254316561564457,0.558929409178267
645,0.0178710690676539,0.0164716040564885,0.235923310196144,0.709479604902005
646,0.0243694877039193,0.0185512144668723,0.215572778097625,0.670598931381595
647,0.0206683752521142,0.0134802736743565,0.260782634576054,0.638566579866006
648,0.0235131691519466,0.0121406779775023,0.229978569096013,0.449330227331934
649,0.010736901836619,0.0084037065740344,0.257467128539449,0.416824435229828
650,0.0196784786922106,0.00921220379978718,0.219262150232451,0.36058693915132
651,0.0211914710673408,0.00979791459794933,0.220683657042412,0.465155414432193
652,0.0196938766327916,0.00912234013227266,0.239641038989801,0.446727004751449
653,0.0212363968705482,0.0101651677802066,0.229759529484243,0.480802160622163
654,0.0254584600332458,0.00770894041100638,0.235358660732581,0.422594283174643
655,0.021152495310281,0.0134120369753253,0.248628670532584,0.565229448987234
656,0.0161162464385225,0.0151918727053848,0.272809603075898,0.538492765857019
657,0.022847005113964,0.0105579308747967,0.264923688342141,0.57770175660463
658,0.0205551638472671,0.0131981175594873,0.237078868807068,0.59096167405377
659,0.025295945245816,0.0120891103881408,0.218715679273052,0.531297316837787
660,0.0222329175633015,0.0134110542032102,0.301510108391105,0.625829994768246
661,0.0177727111716512,0.0135225123077308,0.213360184394148,0.648890950111077
662,0.0240501912095125,0.0141673467612687,0.232203935395401,0.650849501281852
663,0.02703014235103,0.0109885679212451,0.231777186941626,0.442834893192948
664,0.0202058636384525,0.0128772489430767,0.240830642416664,0.4790929565974
665,0.023070091902741,0.0092406552059567,0.222839823014246,0.528084456509365
666,0.0210537836835857,0.0110387432971613,0.216669370238271,0.508778942096821
667,0.0195397643714955,0.0105547682112813,0.276045288850768,0.498820793260639
668,0.0193698077339284,0.00966618311335041,0.255491313301275,0.427344305082658
669,0.0168794786752516,0.00945014724718143,0.223203315441007,0.506224085541973
670,0.0214869884762333,0.0151556243392918,0.243523753238975,0.638799667531326
671,0.0138014747401194,0.0185065481444023,0.250759492864024,0.646362024358683
672,0.0237104151219712,0.0110414342878105,0.212530461692344,0.646529651904649
673,0.0236740294416358,0.0173976510455668,0.218761972344446,0.641163634353169
674,0.0195756550311701,0.0213328757478677,0.264019352151348,0.77284156265654
675,0.0217234516433434,0.0211697700703037,0.230981856746881,0.748672610960163
676,0.0131156559973289,0.0208414427460015,0.311170489064304,0.773584291642997
677,0.0127744948100611,0.0166165641364004,0.469540845403193,0.708954473201205
678,0.011866139747934,0.0126627663104038,0.44054383302432,0.656604844218356
679,0.0162899713205113,0.00864437957634552,0.401392222786342,0.516833669491148
680,0.016605312215459,0.0112123578098168,0.414402647332256,0.593053382018717
681,0.0102920107330057,0.0107684456121375,0.402463192277076,0.576634886031032
682,0.0182285467429921,0.0132305639498914,0.463256376578249,0.626943234092527
683,0.0184826462245265,0.0147494761045298,0.474174470148309,0.651980342807555
684,0.0121624281756889,0.0114436886848743,0.43886983946566,0.526231313910455
685,0.0222478410311108,0.0102062666201178,0.221660042521606,0.408950625594776
686,0.0187781903557194,0.0103956454436108,0.217565057693014,0.522450388318075
687,0.0183503307053744,0.0163643188943171,0.221500659026822,0.597095496044745
688,0.0236554763972668,0.0244622419078874,0.394907933647399,0.715680725388513
689,0.0204148504187295,0.0200219700549201,0.284225495268614,0.71740336767402
690,0.0172832362724239,0.0135999090631127,0.228259291527153,0.561459178014136
691,0.0173367296601514,0.00921001937740138,0.26148194589781,0.647097482696965
692,0.0173035425041974,0.0150064166025147,0.267304362937061,0.594378302141433
693,0.0181045080152827,0.0161890661192587,0.262980021645019,0.710000040841812
694,0.0187754585943514,0.0151017014706339,0.238460052024897,0.619159008925458
695,0.0182291189059848,0.0116099967990161,0.26231266014293,0.652653221033377
696,0.0173032984936726,0.0171491998727174,0.232723392839088,0.63268472389733
697,0.0203063182386759,0.00888714568720241,0.26964256922719,0.457807023526334
698,0.0263357587022165,0.0116372451361196,0.256417443711979,0.559540408414443
699,0.0231319146656731,0.00896372913160472,0.263433424429678,0.386331013024141
700,0.0175143441763278,0.0193654690739923,0.265518912982315,0.697547347197333
701,0.0268946811970818,0.0143423649030787,0.227920258339598,0.60459075084119
702,0.0254969580253517,0.0123846798011651,0.262960706469235,0.591842367288147
703,0.023218394407574,0.0111470105579119,0.255671100017924,0.524771875348137
704,0.0216124085868421,0.0148234454020266,0.212438745932955,0.634388068082905
705,0.0191962201162744,0.0124174497454454,0.216044381855008,0.608626950528039
706,0.021063945253305,0.014788896013384,0.228943567069323,0.677945341684268
707,0.0145204924985558,0.014656538099758,0.238930512343086,0.668931232605176
708,0.0224934755653981,0.0158595697378149,0.382734820231707,0.706492321893924
709,0.0192034737578425,0.018667594244073,0.444343949555724,0.656028357707682
710,0.019924447979888,0.0209456417730066,0.39909412181756,0.816742230219777
711,0.0114644302372916,0.0181807144095425,0.479959249724361,0.70816477625575
712,0.0230485386688806,0.0189763848093988,0.424057355053355,0.703661676990737
713,0.0143938310331096,0.0125849633746908,0.435566534722082,0.621941442893524
714,0.0146834008431264,0.0157662131529707,0.390822229482413,0.620418027212179
715,0.0169706502854771,0.0131782826952407,0.43566171148337,0.624128376542911
716,0.0204926940459646,0.0141480201732623,0.445543276966401,0.687970336523822
717,0.0138649813200407,0.0174858265383564,0.431748808172382,0.702404383636111
718,0.0188793416898807,0.0240036166786349,0.430347105839812,0.816724964507923
719,0.0272308644464221,0.0280467552084718,0.498385388328898,0.814382785550824
720,0.0226012100381367,0.0291597284972713,0.508604053396508,0.831090189689279
721,0.0245751135463421,0.03523200655313,0.516441271791261,0.843998889525569
722,0.0243005391631002,0.0478590668873201,0.431908365848361,0.880900954431893
723,0.0123338901264413,0.0431087765077267,0.435007970614986,0.873348912915027
724,0.024843003386641,0.0397978141445076,0.487266868648976,0.892837788261145
725,0.018612970690336,0.0421587711865052,0.391531714439024,0.823795878298782
726,0.0140326063105045,0.0369388873616484,0.447814581086828,0.848698866015072
727,0.0146722121154234,0.0258027850168205,0.490405434077062,0.840552246636244
728,0.0138461954366818,0.0297273472029624,0.441359958050449,0.858244306981845
729,0.0188714960335785,0.022644098370792,0.510969929304364,0.78249032668397
730,0.019923472233812,0.0142756640698008,0.474100985596998,0.652053252215683
731,0.0158084387858281,0.0109418542063321,0.408579398607635,0.571929266843266
732,0.0242077292975228,0.0105671945390899,0.442038683993953,0.51428101070498
733,0.0254131662472345,0.012637686745882,0.435628272854904,0.591973387712087
734,0.0159110605851182,0.015416427300267,0.419699504008338,0.697521672372227
735,0.0174773116430118,0.0247889208112151,0.41535360675388,0.810964141229308
736,0.0173871292153008,0.0300215886463589,0.441137135686653,0.841216000476486
737,0.0240229557492819,0.0587180340702476,0.437835385316943,0.900372364772631
738,0.020577338086065,0.0334453923191463,0.450376753217646,0.838435946261755
739,0.0137690495269132,0.027114418627633,0.404670312744781,0.832485952249056
740,0.0231048853464829,0.0173030275983558,0.404722352664036,0.680803058295971
741,0.0196342933175608,0.0257739757099111,0.429203559860689,0.783761488734653
742,0.0233309411676348,0.0244096886614611,0.47159132606953,0.78750992894051
743,0.0184842075017969,0.0281522921941499,0.43339150153968,0.765994135824725
744,0.0180837076133126,0.017098617543679,0.507150265278527,0.694869018059467
745,0.0241691739904761,0.0136710873169192,0.444784132639164,0.613505520195559
746,0.0162171659044676,0.00868037486465169,0.410362743941224,0.470033216087154
747,0.0221870992159811,0.0108476850615637,0.3801776166847,0.581332080434322
748,0.0174698273615188,0.0132813034162476,0.480261306154307,0.617449491218322
749,0.0219152943921565,0.0228034858416271,0.419116850068395,0.734320374387065
750,0.0210811569954887,0.017013759868549,0.382598394974756,0.743602608014768
751,0.0200716562128015,0.0327690843086204,0.512665306170986,0.799818711559941
752,0.0191474399541881,0.0165201200101894,0.435859639792179,0.684648601981218
753,0.0169993557360579,0.0220388580291461,0.405305150359858,0.714973320574626
754,0.0210117394239493,0.0135590885175193,0.493963846213122,0.557804934576402
755,0.017862013234101,0.0109542948736179,0.410598775876164,0.564409425698072
756,0.0140315608369542,0.00836388060309923,0.426795375050595,0.488250324774062
757,0.0187521045074316,0.0123663390322682,0.447431597840492,0.590135483434486
758,0.0110153549888005,0.0151650533377117,0.465364038272508,0.650491840143956
759,0.01915797964846,0.0161799507778663,0.440392367048223,0.665336820837647
760,0.0178544383260902,0.0137826474939654,0.455373121590768,0.563013394327174
761,0.0195114088190936,0.0114842640447281,0.268624073537383,0.502264731045601
762,0.0234605480425824,0.0109906867971675,0.224288431520511,0.527403297615906
763,0.0230939681831165,0.0114568172844367,0.253450134302442,0.495080234018873
764,0.0173538520856151,0.00943162740106474,0.22280034977822,0.440409120923548
765,0.0186735144396205,0.0134217378895745,0.238086824975989,0.60470805360268
766,0.0227417348002527,0.0156959806496796,0.260377968190022,0.63832696810623
767,0.0248454264960384,0.0140983060783188,0.245083019780312,0.61256455551544
768,0.0111486887949326,0.0149857609978182,0.245839316899644,0.591510620932136
769,0.0151244324141102,0.0106681282934625,0.4144522660987,0.571167055997925
770,0.0138735893869435,0.0111509997299666,0.515801753419789,0.693272905205984
771,0.0162374766549987,0.0145120516871641,0.472487304329369,0.650612701324899
772,0.0154257276885679,0.0220654378306681,0.409259328121696,0.740477767307549
773,0.0165911184174186,0.016529835049281,0.439042710947627,0.744245988905297
774,0.0185190626754617,0.0227928447236399,0.459353401258661,0.826563900559851
775,0.0198942669080738,0.0532756671277508,0.489746673707879,0.873625017076424
776,0.0247198292055991,0.0507473179850898,0.488114844676244,0.899576351501616
777,0.0179395710549224,0.0378341112333078,0.414299878808651,0.868329765125466
778,0.0246867765315514,0.0828878812201305,0.405187864503801,0.930462843298672
779,0.0190301596487718,0.0451713473452178,0.488428986013684,0.921052830531584
780,0.0147581588662518,0.0374348148432646,0.494833611333116,0.883811015537363
781,0.0141212939311605,0.040844256641614,0.50794022405048,0.859426123171223
782,0.0229611346346656,0.0358824095683148,0.398082200240583,0.809694577221225
783,0.0158027953319737,0.0173111820202394,0.437027439199898,0.693600502848615
784,0.0143137175007517,0.0138275908829219,0.449000995338549,0.649398950322372
785,0.017927674380045,0.0121290883158936,0.425526809163019,0.604630467853424
786,0.018375988286301,0.0177753967380767,0.406955889027013,0.571925156167876
787,0.025246892012569,0.0124496007567589,0.387676154639183,0.632146701545814
788,0.0220054053871414,0.0139800754772578,0.470384085011237,0.611843991281537
789,0.0245723912231596,0.020958229583393,0.409786508579056,0.746057844759757
790,0.0201320535962624,0.0134668548799131,0.439907398681737,0.642516775592111
791,0.0209753786413032,0.0111395864951311,0.44252322471616,0.496950368672802
792,0.0172283984366695,0.0158672881386988,0.467562042986212,0.585797868877369
793,0.0133797200239775,0.00931491024252748,0.436064567960771,0.520218011846483
794,0.0174676126333756,0.011330406493695,0.446455901964077,0.588590616854062
795,0.021349256777913,0.0136107612965021,0.442081017045633,0.600957137780733
796,0.0192094902354893,0.0124370869299009,0.445190136046941,0.67426487190307
797,0.0182065797500098,0.0146982035866745,0.439257535338194,0.606199780544723
798,0.0177068914148675,0.0135516849054684,0.485158078276395,0.626329519006945
799,0.00781215009961105,0.0170474911880631,0.443701110973708,0.688455144809765
800,0.0163004307758035,0.0110114089762336,0.430873886816347,0.605392728614041
801,0.0264296787893649,0.01536299853646,0.427667060562342,0.639553112929686
802,0.017991843601506,0.0131750267267548,0.422754250911898,0.490670760899116
803,0.0189564116499589,0.0101119048862398,0.426035027729445,0.548257442440265
804,0.0172730238016174,0.0168701356980256,0.418025239551007,0.650616278508243
805,0.0240149030878043,0.015300134369836,0.233694529840952,0.644023423368306
806,0.0121111949307504,0.0304947082616614,0.295168829439923,0.766256037427098
807,0.0193823389581084,0.0184892523236562,0.2527107950675,0.678582516979107
808,0.0125142465612764,0.0114226238275377,0.236884280653962,0.602253898720237
809,0.0142433867901526,0.0173962856041558,0.217444552893483,0.681042777766671
810,0.0205376196127467,0.0214118835649982,0.239784905972769,0.751898405414001
811,0.0180746007111572,0.0189560684996241,0.258351895214938,0.787050019453236
812,0.0165537528755487,0.0320307133257016,0.261742699761864,0.853707246840494
813,0.0188722019098161,0.0308101419521655,0.273328639101093,0.823488573808473
814,0.0139636339000625,0.0264551450292263,0.308448787202908,0.795328952009134
815,0.0178432274832514,0.0263824334570106,0.257777732697847,0.826956274921788
816,0.0173313680622703,0.0245756602901563,0.263460840373791,0.764413154060026
817,0.0192287600679804,0.0377071300985169,0.286958507009733,0.794671847054345
818,0.0227562126328949,0.0171508549201209,0.240162379849047,0.644184301848941
819,0.0202370573085876,0.0145740935055442,0.234038332702144,0.62414202153442
820,0.0158007923515655,0.0198699411054244,0.260857145930175,0.683053443853807
821,0.0220801542006899,0.0149001316859441,0.278455969819122,0.66012353088114
822,0.0188883895445768,0.0132950443014184,0.401933609923419,0.626941896684885
823,0.0234885018058015,0.0191852306021833,0.436483783852862,0.681098902279719
824,0.025309417558095,0.0139285440935413,0.440778722679902,0.588173611228719
825,0.0173534641154035,0.0169686584587594,0.426938072884502,0.654917141229591
826,0.0174499840914326,0.0142518879024474,0.440306470059443,0.604647352070225
827,0.0197016019834082,0.0103676984044103,0.488213644371329,0.57784181929441
828,0.0197983065524519,0.0167684109925494,0.447132509904933,0.756944833516893
829,0.0140845878578314,0.026289357094501,0.461341323827561,0.796750269171035
830,0.0173782532852131,0.0213721015729375,0.462545353041449,0.762988235568913
831,0.0211199813998275,0.0181870711208177,0.507284813957901,0.736521697791911
832,0.0232198090438939,0.0156974762187354,0.497961885897092,0.723912455550903
833,0.020101235055455,0.0186653525406222,0.520678872145075,0.750785012126065
834,0.0186085738474588,0.0322081516296539,0.374618088743282,0.800496072584986
835,0.0178282097559746,0.0265765946053243,0.436573528613651,0.825095632669591
836,0.0231353322932424,0.0240917727401932,0.515346333745404,0.773067108226475
837,0.00873549463066469,0.0162377810247292,0.447262280131008,0.734042150249748
838,0.0204178945148084,0.0206918858230525,0.435451233272559,0.784574784870306
839,0.0194614077124388,0.0135968801233323,0.382084647390653,0.524493424168953
840,0.0234563225302957,0.013540191866366,0.368376426818602,0.55790500572404
841,0.022305170959137,0.01242680386195,0.4880614621458,0.585933628590786
842,0.0224205401704958,0.0116140957531467,0.449624555798453,0.5221105099281
843,0.0159313009473627,0.0109436227217791,0.377996434805064,0.518275328132892
844,0.0147548518526684,0.0112642320333133,0.424094756700291,0.569298640728735
845,0.0227279719976074,0.0109592106385434,0.424215713567326,0.544853994549113
846,0.0229627457184854,0.0112251879087382,0.441387240676372,0.493312990981999
847,0.021819677986336,0.0144660590052695,0.429929680783964,0.637565023944713
848,0.0189731838147973,0.0183387520793468,0.45264765589998,0.645610646875252
849,0.0225124734091,0.0111783855413975,0.407102750400853,0.585719686093031
850,0.018633616673328,0.0112416849037403,0.436900265103349,0.589404500402743
851,0.0196643632312312,0.0193790308258304,0.426294334444767,0.70905597433644
852,0.0287275419241152,0.0283609558411477,0.483587228202703,0.79529722295142
853,0.0174479973770481,0.0262434579234459,0.433711871500695,0.782973135160529
854,0.0204328798294221,0.0440692025901848,0.512386129018615,0.842305212160353
855,0.0190991411386024,0.033957707015435,0.427998458537069,0.83880144913034
856,0.0211649619023142,0.0255720969940049,0.483612409512379,0.790136340083244
857,0.0198819162710762,0.0103781234211103,0.417824955041495,0.539338174339047
858,0.0197691474344816,0.0145188261518774,0.45893906501137,0.670465305289903
859,0.0173007182679645,0.023322620192632,0.407323740918637,0.752055540214722
860,0.0188360202315823,0.0207414560057572,0.429464574622656,0.719734856712609
861,0.0207720420931627,0.022427112049712,0.405018724386401,0.670221206753001
862,0.0228873353939588,0.0182175886727371,0.441662342669397,0.696320137457828
863,0.0270488037795069,0.00955988978310177,0.37046337570892,0.593133212841301
864,0.0223987837989435,0.0128528399765158,0.443629817762125,0.569247411527967
865,0.0117790360489275,0.0169676363017461,0.46013931628629,0.662102763647505
866,0.0202799645712123,0.0126829408806801,0.512843912830448,0.669395269648969
867,0.0281796668175792,0.0127912478276123,0.492261943264503,0.551150571913761
868,0.0220426710786176,0.0154007599318756,0.441193101197926,0.643552558834286
869,0.0165241289632663,0.0132245216338102,0.417030165135013,0.572528006180962
870,0.0146147504645596,0.0151633973672149,0.458981923928474,0.604781931952625
871,0.0210299418440472,0.0267482957132748,0.342035962917098,0.759988935135873
872,0.0241568174531503,0.0226700403790295,0.227252934681617,0.723946677448273
873,0.0131497217347556,0.014004563354007,0.287291244102166,0.606666003084454
874,0.0210045447003152,0.0207633093765058,0.251958804595183,0.692413598254573
875,0.011910291960128,0.0181185446039766,0.229717662282711,0.681568278814368
876,0.0141987115916233,0.0152548125022706,0.279651081674867,0.635365288168265
877,0.0235635922745975,0.0107091938084164,0.261700477297423,0.439956158891115
878,0.0285488239550262,0.0133475378156467,0.237383136402299,0.456459396935869
879,0.0155359663434673,0.0151872449108154,0.247115532976606,0.680242867856707
880,0.0221019604615781,0.0150434827731759,0.27330120897872,0.632279947803456
881,0.0183436934974141,0.0158844941905695,0.249041119212618,0.58819553407812
882,0.0180524403743502,0.0113690017827637,0.250549504416934,0.561679091232122
883,0.0194319504732363,0.0148650191877766,0.24216820003141,0.50527264272845
884,0.0160482563142464,0.0102180073050486,0.268394472369758,0.511725455145668
885,0.020896039899625,0.0119024013557438,0.234509465325342,0.647037267045912
886,0.0200608030166248,0.0134357243550206,0.230157916145067,0.566412088438154
887,0.0143354272419421,0.0145192226484279,0.252266147305305,0.563254449329465
888,0.0246211512203813,0.0120395336901364,0.261569622335967,0.61645873757999
889,0.0208973114859487,0.0101537442718331,0.268887812479166,0.505422305171711
890,0.0174837963891919,0.00967623456800037,0.24718425342872,0.496963540806233
891,0.0151181077790789,0.00865274873807303,0.258122061892842,0.587269651527498
892,0.017241575078409,0.0167497828270027,0.214853256015294,0.682296318374594
893,0.0164809766077537,0.0131691076014452,0.21466000772991,0.597200826312271
894,0.0189601732117178,0.0138170750172113,0.212179064568761,0.508666059600826
895,0.0184950662633654,0.00673514504911986,0.251648189294491,0.383656495078071
896,0.0125896158087475,0.0109538706479151,0.271881605990275,0.483731983583639
897,0.0207810943900151,0.0106849071499185,0.289757227234902,0.454265331974411
898,0.0128119157509459,0.0179276691397169,0.484987632107482,0.656128220458263
899,0.0133182394898123,0.0153228731045511,0.419949038948656,0.662662703882527
900,0.0161147477092923,0.013894713485068,0.444577698521949,0.669809118051071
901,0.0189047991340691,0.00964982733886848,0.439782224269269,0.583999382382127
902,0.0236397161023584,0.0159633647609493,0.441210988869951,0.570777697651869
903,0.0250025387889926,0.0138486533774278,0.426334866225397,0.593578833038685
904,0.0166138496533611,0.00940589040530558,0.450507463380925,0.50643027454911
905,0.0115721493812778,0.0121641053644284,0.367300360502382,0.516573586882445
906,0.0268921489707386,0.0187853905228793,0.268903487297871,0.674804553141447
907,0.0191692229541906,0.0149604930311825,0.249076810073138,0.570018053074562
908,0.024379656616172,0.0113614740951985,0.268090785064256,0.553655113279094
909,0.0244229421729276,0.016512235912042,0.216979811789077,0.710914898284981
910,0.0179867207260847,0.0154801163786833,0.263818541691272,0.693464152599712
911,0.0258715040839047,0.0167536634833207,0.263086671250943,0.67570971938423
912,0.0230143469495973,0.0225057708014785,0.261264868507828,0.762591973110997
913,0.0168302721681177,0.023825732014267,0.236727952042005,0.694868643750213
914,0.0210977049718572,0.0162458871592185,0.265152521578317,0.606059237224743
915,0.0225041895207157,0.01472518275175,0.266185355717436,0.556844634226061
916,0.0210404145892526,0.0180878053907687,0.269546588743476,0.710549073298602
917,0.0201375978349661,0.0221695613905006,0.256499748184844,0.766141235007646
918,0.0182777496487533,0.018727935526104,0.26399984458649,0.733057839139277
919,0.0220939236522779,0.0261832725395615,0.214722475684655,0.781459906016903
920,0.0200285743210079,0.0252411561333312,0.225700703031611,0.700490866730408
921,0.015961152713546,0.0121281978108267,0.240786494348572,0.514443711287307
922,0.0221022791849028,0.0114664977134281,0.268487187502913,0.492716028717723
923,0.0213646910677863,0.0152118198130769,0.254264403850839,0.6624540172408
924,0.0212603600569427,0.0151235373162028,0.259052003380887,0.646572422481756
925,0.0185069968151878,0.0195041132290084,0.260358019745302,0.686793664666901
926,0.0214444060803411,0.0190350114137383,0.213742428924518,0.717590943118501
927,0.0151262543751463,0.0145195952538825,0.240409549406236,0.579899837668593
928,0.0189539333187752,0.00834358567923455,0.241674497489359,0.409369904736501
929,0.0236446961315091,0.0113908052841133,0.226698697576199,0.446282189120128
930,0.0224814019481264,0.00915207055212953,0.2574477507632,0.47524615448809
931,0.0219201362939824,0.0126078488525466,0.232678986273592,0.519401676924238
932,0.0210256107575861,0.0102413000585548,0.269931396723567,0.490813990311719
933,0.0281657161516866,0.0121201209561839,0.249723035199767,0.558719573780322
934,0.0148192753766564,0.0117868210078487,0.269455476333287,0.556155057590597
935,0.0135114583645053,0.0124142082190998,0.247734310007704,0.513940127156299
936,0.0195509605235762,0.0105814259573142,0.278878861694646,0.481556103587007
937,0.0263049129340973,0.0116062766134119,0.244358713916456,0.535869332497356
938,0.0218370463079263,0.0104322098212977,0.261878720421651,0.521690373425554
939,0.0222446288266522,0.00971584248066315,0.216374916029145,0.496780310758443
940,0.0203793503865854,0.0109660059821635,0.255737167498729,0.405728474488858
941,0.0230443326203735,0.00953736381910555,0.234688018055542,0.49583924082385
942,0.025370778977543,0.0162446278293695,0.246377928964381,0.653273940700352
943,0.0189066668721316,0.0238098521371987,0.220300987306784,0.720705728748786
944,0.0228379235853907,0.0257229379997636,0.283128699056167,0.805844466452859
945,0.0154920491990785,0.0267387750380793,0.242663938715794,0.716615527716381
946,0.018394943970326,0.0132808940351248,0.225469169958157,0.548756237781705
947,0.0281781983230207,0.0129231430073577,0.223347852916248,0.567231296278752
948,0.023102856739148,0.0139799846978204,0.251744403516067,0.491892803511695
949,0.0152752343545685,0.0109203039359974,0.216098485202224,0.42785569531674
950,0.023311178567029,0.00993936901543862,0.259149568840319,0.536117544001362
951,0.0254046381883177,0.0121031665965353,0.267238111834376,0.543715319076948
952,0.0166037784118047,0.0154224192455403,0.280169520027365,0.528799668070405
953,0.0276897825050241,0.0130673535242728,0.30884582183683,0.625133751475636
954,0.0161495142398383,0.0156647167639157,0.389502519463062,0.712362664255558
955,0.0222467604233612,0.0137841056016311,0.453327447001778,0.693019074312853
956,0.0218241254405151,0.0127589368993655,0.426428522306481,0.673057473935575
957,0.0181316184064026,0.0221110835591138,0.491942439184616,0.7859670911113
958,0.0133666005175802,0.0246435612240864,0.433231005131542,0.783189086783895
959,0.0182960958988653,0.0310260999207276,0.422787158016672,0.812231079899888
960,0.0183591391184798,0.0271218204927257,0.413791778070158,0.80822054002117
961,0.0170134154434214,0.0291151593068858,0.420264588813712,0.795981218058577
962,0.0227938468762514,0.0157597573966344,0.389552134573906,0.701932511026352
963,0.0106126576407904,0.014472676514774,0.442014790277674,0.578135005298159
964,0.0155797441989602,0.015793974323012,0.515271430191347,0.716618222914447
965,0.0206310049356756,0.0310703079465969,0.488836719271722,0.855754278922093
966,0.0211820473020814,0.0205398019512658,0.409828848180966,0.731276868526836
967,0.0184799489314157,0.0264886530978382,0.485263884537416,0.761422577220046
968,0.0197907869067735,0.0192601244973558,0.524145651672463,0.744474432240777
969,0.0196898708822725,0.0224241533606141,0.513688859037147,0.768788478814286
970,0.0186625056703535,0.0281808827376756,0.488727287640734,0.809020456087105
971,0.020296448503483,0.0170771315868464,0.521101849348745,0.777510320712128
972,0.0218409479775976,0.0229838226321632,0.420828520009833,0.757301142671965
973,0.0169420652221845,0.0159153383906557,0.47055377403108,0.713368523980253
974,0.0198249566224688,0.0123219878556556,0.408584989555474,0.597271522436453
975,0.0196835870004989,0.0149461916034296,0.392158311599375,0.676740458302377
976,0.0114692450223247,0.027365918676863,0.415451505732685,0.770618753875032
977,0.0217072800931977,0.0264701050524188,0.445770923678496,0.83230223728671
978,0.0165709994047047,0.0238602468564029,0.425270857336438,0.817567413828916
979,0.0231082331610946,0.0347806699072079,0.426301006262514,0.869371798406296
980,0.014999040177005,0.0601860560784382,0.420591484716013,0.898014003086567
981,0.018402499942849,0.0260604441773709,0.514393053049697,0.832108992641259
982,0.0203377055540464,0.0370280159121561,0.419933710376768,0.81363611080909
983,0.0159618943769717,0.0270726911136799,0.55190271000491,0.800593164176837
984,0.0177662562357856,0.0246395845253255,0.449365117088277,0.794534291056897
985,0.0275061161059598,0.0233495245683565,0.397047525856285,0.778434053253915
986,0.0223604170080347,0.0195569258823013,0.406283409116266,0.767425980099814
987,0.0253956893136159,0.0259367607981097,0.388970149147308,0.794563393793383
988,0.0209781007663786,0.0355326331286137,0.441027533486368,0.843602510414699
989,0.0172319003605892,0.0260599124677846,0.370778241613469,0.808053007707301
990,0.0194779845650451,0.0304323295816308,0.450280922739607,0.805997927512185
991,0.00935383273584512,0.0170708678630134,0.430015658936268,0.660552997287766
992,0.0164770459886857,0.0116167692772672,0.456323938845978,0.537065883408775
993,0.0240088980444562,0.0130736478736453,0.368815371867013,0.611476499265331
994,0.0119671976079327,0.0139527975969716,0.372760130657609,0.609673663730083
995,0.0207185195263589,0.0152653109858406,0.461147410872884,0.623022293589503
996,0.0168872335187324,0.0168036973333898,0.423684729658828,0.645973127184032
997,0.0246651386037428,0.0136804851514008,0.433812071286516,0.672671058855144
998,0.0219569943544237,0.0159166096278116,0.402593891772467,0.674139320705964
999,0.01920438392359,0.0133369580933739,0.286716204820159,0.656415353892957
1000,0.01890934239565,0.0164166496353714,0.253595524852811,0.666630721957485
1001,0.0228931776959811,0.0145260433094832,0.501142383338035,0.72475310461985
1002,0.0272103175696314,0.0293194255687313,0.438805535680634,0.775330064533558
1003,0.0206427246617004,0.0181045631378896,0.460216162346937,0.737741524760848
1004,0.0228851991974845,0.0231191721957417,0.365901098925364,0.709292525446679
1005,0.0214905789574183,0.014208578104269,0.218373861666226,0.57745384263808
1006,0.0222020237613474,0.0113454985801751,0.212620587848114,0.589479504829109
1007,0.0211428503120873,0.0115898629025811,0.24729558217312,0.618510002169398
1008,0.0212554165104233,0.0143343056699409,0.23317056221645,0.539491099314879
1009,0.0171782293226352,0.00808967322250831,0.262444370838321,0.434803553210196
1010,0.0146381392050076,0.0111723047567684,0.256593656802234,0.588683626194959
1011,0.0184903383583258,0.0094207700076906,0.249564796707003,0.462045879212474
1012,0.0263794564224908,0.014122169800492,0.265889885330963,0.507323456463749
1013,0.0251566876034051,0.0119243997970971,0.236980506333122,0.549172042389666
1014,0.0170415329070806,0.0182620411017885,0.26754309381375,0.657792805242534
1015,0.0152208441716602,0.0116156932361262,0.239604566803666,0.611677882503632
1016,0.0182819381333276,0.011718684650949,0.221722567008686,0.638777385562659
1017,0.0176391871782862,0.0115655081151673,0.218834304841694,0.596038956596866
1018,0.0154158039065115,0.0114168380093974,0.255031533432926,0.613278417865444
1019,0.0220819467787887,0.0132575352422008,0.238032289006788,0.51819734940218
1020,0.0207650074627779,0.0115814733461974,0.235177821816043,0.551848180255741
1021,0.0222071186755133,0.0114819776121005,0.260576527037671,0.52269438196264
1022,0.0251567279518076,0.0139349766822428,0.25058932731506,0.566573132452097
1023,0.0275617688370398,0.0106394857272156,0.293191095896987,0.500208266982969
1024,0.0200723228698034,0.0120958008244292,0.253595209466366,0.506921193703276
1025,0.0185317229061485,0.0093821221061711,0.255457917166048,0.381333311351748
1026,0.0215606583083106,0.0113332821638917,0.240287993874558,0.467605737378675
1027,0.0206816143059505,0.0107076374489987,0.229037770501198,0.526596106424827
1028,0.016828132693653,0.0107282997147431,0.271446202557919,0.37748017727865
1029,0.0167190160475373,0.0117129584877646,0.211396816663381,0.567045960039794
1030,0.018159266357452,0.0113302157151386,0.269455520508832,0.631744954734992
1031,0.0192082980458182,0.0151434749843253,0.255852050627667,0.667126970694306
1032,0.0186891864098816,0.0185310544188582,0.258504927286444,0.702353018683126
1033,0.0171431406712135,0.0189367763019791,0.262963419387153,0.632874760300308
1034,0.0207351423335037,0.0102231548168176,0.230613829218888,0.508907213763237
1035,0.0174318074261806,0.0109024565113845,0.216261620325122,0.473600747392702
1036,0.0228206856335849,0.0114846664069765,0.220841390763718,0.552244503702496
1037,0.0174548005235644,0.00833510471442041,0.267077224527389,0.42756194436635
1038,0.0168753326815956,0.0149234589808891,0.258630030456244,0.620754112390394
1039,0.0206831169211397,0.0105822629974717,0.313484586202234,0.547677909982276
1040,0.0173285762984728,0.0125122684748866,0.245100495035381,0.63188386859685
1041,0.0183020602390193,0.0195871893149567,0.220568560226913,0.708059283871471
1042,0.0177190988364783,0.0133277161242358,0.275334583916106,0.578935300724801
1043,0.0197054311159689,0.0186204785930598,0.222770998156633,0.731310229863667
1044,0.0253199053873833,0.0153789168926187,0.251093679849039,0.714113773670593
1045,0.0224676508013365,0.0179784809107859,0.225391570511232,0.696615808332243
1046,0.0199030023668892,0.0153258805097318,0.19510682960413,0.622823748268262
1047,0.020787245752188,0.0110888569339393,0.213259090296702,0.482830730053268
1048,0.0187046731924041,0.0135598947753983,0.251725679589241,0.591592583359047
1049,0.0164649347184336,0.0162668613197315,0.220087133190999,0.653771605198698
1050,0.0170521536341368,0.0129857911292255,0.269059816148348,0.52081435410325
1051,0.0194561903510884,0.0107372568993519,0.230847108326796,0.540897013191236
1052,0.0141331807932625,0.0155798231829475,0.239282423881351,0.643999779625845
1053,0.0217722662125058,0.0139555768364058,0.228665751058516,0.620532754068919
1054,0.0161892157901077,0.0112124660670836,0.212462841823502,0.551734472741845
1055,0.0152534590143042,0.0131492181103141,0.261634501023472,0.55540635652716
1056,0.0198696082640532,0.009259853901639,0.266366090436245,0.506802790983052
1057,0.022576875805982,0.00977720213576644,0.254095602977255,0.464647615826205
1058,0.0232770091942808,0.0137368890465399,0.226892637490386,0.523982425670129
1059,0.0227156880991838,0.0154129366585287,0.251811009753952,0.571259915839149
1060,0.0190160023797112,0.0136472241412159,0.225686137619636,0.649663913917099
1061,0.0279679599147272,0.0159502056762508,0.219324367518727,0.551262098032463
1062,0.0203522057921111,0.0125494566220765,0.213955259440917,0.555640021330271
1063,0.0217833627163526,0.0112188761846087,0.251156723898985,0.507647476498935
1064,0.0215779604053675,0.0113138647103892,0.237945231804347,0.522956623711642
1065,0.0183866628163597,0.00655370938376642,0.263090684872309,0.388946213212463
1066,0.0172495554875625,0.0118590124083272,0.262168753151013,0.557806727902061
1067,0.0190706733489561,0.00746231753302636,0.259870594021709,0.392402515845191
1068,0.0273418594420984,0.0157168346710867,0.257215297737654,0.57443544792833
1069,0.0173703700935582,0.00923541630793859,0.287199953352665,0.475319756636405
1070,0.0252906241963579,0.0103200344862051,0.221889598067823,0.536489020461216
1071,0.0225026611218331,0.00915097150196832,0.232941333980561,0.519548437641858
1072,0.0190625540941563,0.0123491536112598,0.260780080811409,0.590687692750701
1073,0.0235650307906372,0.0132099975767038,0.232129451668573,0.499195709783121
1074,0.0238102381858736,0.0118630342838664,0.233683534252102,0.559407356281308
1075,0.0225659838765489,0.0125931327989357,0.235630576934023,0.576103961673397
1076,0.0180414109415962,0.0138160478008688,0.269313304192135,0.608294887637949
1077,0.0214433777604699,0.00909662726941358,0.266989262558583,0.535257345742432
1078,0.0269513504488174,0.0155121384586174,0.231072216861374,0.628254242990646
1079,0.0203267996850176,0.0179845812003488,0.26209459661833,0.699990729439503
1080,0.024215412299678,0.0126138913954214,0.25833227323713,0.643398285843329
1081,0.0200082850096948,0.0157339122656514,0.282735403617218,0.616952156761763
1082,0.023405242031557,0.0123577560356442,0.235572846598987,0.588070458652095
1083,0.0131687034449438,0.0135939307177133,0.224244908570653,0.64091869789157
1084,0.0275560610831096,0.015663267129007,0.263854542769381,0.624773014946255
1085,0.0175544019815316,0.0109125228398552,0.223953137382119,0.464340976200336
1086,0.0257689866840022,0.0130554785898402,0.244470235898802,0.576417885856712
1087,0.0191420443634775,0.00984872554395625,0.273742866435801,0.401742127258621
1088,0.0269299531805163,0.0242050989209132,0.281241692769725,0.734908802124672
1089,0.00987727643225676,0.0214113190779937,0.228671016158133,0.800187411375846
1090,0.020476573519327,0.0126285355646347,0.219811511377349,0.600195613388517
1091,0.0206537100441046,0.0136785316919981,0.252638331101121,0.633125570707669
1092,0.0197440656417677,0.0200349986915136,0.248967344985753,0.723031729238631
1093,0.0215562632884989,0.0173651972158976,0.265513204599085,0.654345225763256
1094,0.0287052912618848,0.0168245828844611,0.230568340521169,0.64622940602317
1095,0.0185234883468232,0.00951753841733754,0.34660678600976,0.441141917963114
1096,0.0240254000566946,0.0196258951226187,0.300122231693188,0.659461813530913
1097,0.0174027590504252,0.0219314412031449,0.24822116729616,0.746535987258983
1098,0.0194412918680188,0.0121077034205105,0.276837721721337,0.576671413623737
1099,0.0165485128449791,0.0135307702832817,0.205669081282391,0.48731617023807
1100,0.0198556551723613,0.0139923456967445,0.267562630750971,0.590574470099007
1101,0.0102435194994591,0.00993256642368913,0.217691931710798,0.527349767161143
1102,0.0149249863287587,0.0115162818162293,0.232534178962274,0.464319081127882
1103,0.0217059531089087,0.0192582313959523,0.239872339994159,0.709007258378984
1104,0.0143007693702574,0.0183293538578748,0.222264047208041,0.65141269463623
1105,0.0177756174144547,0.010345185202972,0.213160762242928,0.513020225939972
1106,0.0127005480426499,0.012636350120363,0.325547825291237,0.495741467377724
1107,0.0163540989765547,0.00977953365204222,0.200546828183923,0.509840377453833
1108,0.0189186136936185,0.013512535446233,0.418571265992564,0.634131885401572
1109,0.0224518948977405,0.0116274952477326,0.368403991170884,0.596285253721194
1110,0.020630709817164,0.0170197290003572,0.23852143924909,0.65524781607063
1111,0.0197056854786668,0.0315355671949309,0.255934412162907,0.824074947059108
1112,0.0190196751986447,0.0138584583211367,0.237440501759066,0.741934020484215
1113,0.0150634397971567,0.0191438414704405,0.219350906655468,0.721207747198814
1114,0.0178035987228557,0.0189331191457536,0.258862143898054,0.727982875897886
1115,0.018430314301844,0.0147603239082535,0.268068251641677,0.622173208749606
1116,0.0184797523411804,0.0105982943559732,0.250403551870295,0.563427913871374
1117,0.0183187226499239,0.00923628191763152,0.344169520979417,0.453727370033402
1118,0.0202471801378137,0.00965838731863902,0.230779912757736,0.497140908724837
1119,0.0188267790072502,0.0135089575318775,0.213219299566057,0.483911190792626
1120,0.0237484480064744,0.00971690684965655,0.253319393240413,0.426576433601059
1121,0.0179472658897008,0.0097897638288571,0.256582330778474,0.440302291932957
1122,0.0261555206741979,0.010387919081011,0.325448612851314,0.473079022086857
1123,0.0157247580133411,0.008633858934969,0.264888265563887,0.425134954742365
1124,0.0149030622229468,0.00921677896371199,0.225159143762163,0.515464664061188
1125,0.0287856653390322,0.0160026525703191,0.240812950257822,0.600383465684514
1126,0.015242031401881,0.0117253774538534,0.262423016608563,0.543353344482594
1127,0.0179443662312728,0.0127008571981048,0.248464308000745,0.539121715427994
1128,0.0179267552757989,0.0143803066184287,0.23363718466205,0.591950037210536
1129,0.0233249870166614,0.0115427164489878,0.37278804912725,0.584124309353252
1130,0.0214521677864598,0.0140662499364653,0.397549404724964,0.602477999918399
1131,0.0120563041034932,0.0217989070097981,0.354784494038596,0.767512071944801
1132,0.0215891790790356,0.0235065098583874,0.37903245261172,0.761408048237394
1133,0.0217278303467508,0.0306829757883918,0.394277144811065,0.816918433842121
1134,0.0164621691426203,0.0229481096362461,0.467653870207514,0.811804470774033
1135,0.0120574490573922,0.0170536479511986,0.465454418472165,0.742866917320118
1136,0.0254132758463035,0.0126159891311118,0.42390952954613,0.584619093617134
1137,0.0167013110591525,0.0121127997568506,0.469018770822667,0.618556151716218
1138,0.0174088713802517,0.0119655296458289,0.468155654789274,0.60259809834006
1139,0.0221870871975829,0.016192666794742,0.493771576652951,0.772834013932734
1140,0.0167634198988862,0.0194190172919869,0.446022109824068,0.749088147982611
1141,0.0157311222542432,0.0173194958528992,0.446580410202673,0.742472433184402
1142,0.0138588848758892,0.0152279485078245,0.450835836812426,0.681098090223232
1143,0.0148380801684561,0.0114046456458304,0.46480473825128,0.594616043856689
1144,0.0264987770950935,0.0171083953842065,0.403108153565914,0.758436365050898
1145,0.0159470590633899,0.0215079915210548,0.490223517485719,0.765831730989306
1146,0.0183722731230275,0.0187014924360303,0.487729182039907,0.727287414885545
1147,0.0173230414795921,0.0193353104648233,0.488589449966622,0.759901552443674
1148,0.0216813667318391,0.0152784953032819,0.520346330635798,0.717592127222169
1149,0.016280246342528,0.0237761608379147,0.485281191106815,0.785317850230887
1150,0.0194061092019911,0.0178558261073566,0.491771542815097,0.690017756289959
1151,0.019709944869695,0.0153567332000431,0.451595558198124,0.602978961336504
1152,0.0165922854441101,0.0140104164102174,0.498788234733056,0.629095203721514
1153,0.0208685450203918,0.0141809388042106,0.489701124458012,0.596333843437563
1154,0.0167430518975556,0.0143634773801487,0.511942710202933,0.611491245732322
1155,0.0165873907932686,0.0127374936408546,0.4385710369552,0.660733042639068
1156,0.0187303659441151,0.0130545624641775,0.430162588388734,0.608987225090353
1157,0.0213330427655027,0.0148962265691677,0.487457160757011,0.61621168518071
1158,0.0203562134572792,0.0182085769249758,0.45713707368952,0.73592268025518
1159,0.0286525594259233,0.0283299898646052,0.450382917821963,0.770655486865534
1160,0.0142131554355683,0.0175567400755328,0.385771494098063,0.714612857408593
1161,0.0158088490886593,0.00943303169309248,0.46732629180694,0.577604238401537
1162,0.0186441307531936,0.0144272530292837,0.44090379330842,0.575267145362478
1163,0.0200546209705435,0.0246139233303316,0.429811603762957,0.772571113787268
1164,0.0192224947870025,0.0143889026116631,0.428041665584392,0.697117120370442
1165,0.0220960418810836,0.0184567487546833,0.447540139487156,0.760033640788407
1166,0.0223567314667256,0.0153862235397019,0.389148101805155,0.682648841722099
1167,0.0197869937008539,0.0151559645484614,0.374859546286972,0.673290188674644
1168,0.0164502319769788,0.0192350147384787,0.514935655051786,0.763111525753387
1169,0.0148501626159149,0.0211446312103276,0.522789554574676,0.715457732966674
1170,0.0174297238500049,0.0187797022651329,0.472195422267658,0.719932775016427
1171,0.0182831869216286,0.0119480432750716,0.393855045747709,0.665334699745769
1172,0.0168535437363846,0.0195698181681147,0.443059996914587,0.709601264040671
1173,0.0132944313532709,0.0129053183558992,0.498706893874542,0.625934814815104
1174,0.0193223673916482,0.0161552074797879,0.448971907565699,0.630683120016676
1175,0.0152570654580545,0.011682791770436,0.361818096953518,0.60198286235197
1176,0.0189456875867007,0.0131638120690183,0.467600714467283,0.670593453341782
1177,0.0192732445005435,0.0170600717174272,0.429941187526063,0.649498788531276
1178,0.0271718626206606,0.0177319003652499,0.377996292914966,0.735332740534095
1179,0.0163076033682396,0.025791363810529,0.419939990992784,0.802321086619037
1180,0.0162499865796855,0.0156134869784569,0.444720615341966,0.554184779139723
1181,0.0206116329708908,0.0116804081628084,0.414959152246374,0.554349133858492
1182,0.0184664940525104,0.0107587411208553,0.391830789360026,0.643196977698723
1183,0.0196902978747418,0.016256614432673,0.426394586339726,0.635816324735079
1184,0.0165620820329073,0.0122768147667457,0.438055782641676,0.597119879285292
1185,0.0191421564205119,0.0125697281709909,0.499154613848158,0.623113739801919
1186,0.0201422377373207,0.0121695950211523,0.45182832198071,0.601081752719195
1187,0.0202176030063973,0.0168241511636052,0.391853235852806,0.669764978520824
1188,0.0157228505541178,0.0139849288494779,0.225555658605659,0.574813172853071
1189,0.0223620654702541,0.00952521918495185,0.224632796712059,0.517740411308717
1190,0.0211180968259248,0.0111405446822275,0.238587221518137,0.406709789583466
1191,0.0245554594559392,0.00969212184134525,0.241178539289807,0.500584402706915
1192,0.0183602615011546,0.0124302599077754,0.255658653267433,0.579102546122985
1193,0.0208494470095529,0.00950454896609009,0.375176833233469,0.538895283134006
1194,0.0217998472160653,0.00975907996044069,0.440956603636728,0.534623790093488
1195,0.0214715040746438,0.0118162376857031,0.379897287212263,0.625623157015205
1196,0.0197312200726526,0.0128821436503561,0.386934679847717,0.541885383789811
1197,0.0168522889988987,0.0132084772654047,0.389085466043381,0.4046618666048
1198,0.0254251283283466,0.012571306796788,0.389004257656108,0.564995427604777
1199,0.0171973873900724,0.0132033719255471,0.441837619682901,0.621456415285657
1200,0.0127134992194583,0.0177161689829871,0.472164843543259,0.632094730500677
1201,0.0158419176125954,0.0110607811469909,0.449522212414922,0.632805687712255
1202,0.0291444792390999,0.0151635609297451,0.503014812210592,0.657747153986142
1203,0.0224861320901067,0.0169968172279333,0.395990737492532,0.642081329071205
1204,0.0196794137404244,0.0120697069050391,0.381118081524529,0.594637209658141
1205,0.0202307476889699,0.0211436743505355,0.441345842941245,0.747883647972162
1206,0.0240062179785328,0.0270322406730793,0.500323081674151,0.757175991488211
1207,0.0170811284665816,0.0191531880386571,0.515844656735904,0.697496066500896
1208,0.014856756375134,0.0129489738790613,0.433850839645409,0.487889078352451
1209,0.0141134692286988,0.0159829900536624,0.435956718375437,0.715342680063317
1210,0.0129147680359766,0.0159587057594228,0.505757697544597,0.765977530598719
1211,0.0200029086955524,0.0178250913887487,0.441573807793566,0.714971296583707
1212,0.0192285744502387,0.0233719394578375,0.402262152988731,0.786520830438781
1213,0.0240638375544468,0.0176209479550809,0.441456664073126,0.742380352016654
1214,0.0205904569858186,0.0162886614262656,0.442998224978424,0.63844083194559
1215,0.0175605149079504,0.0143018543888751,0.400851676024376,0.62568343115831
1216,0.0152675301666099,0.0129469128617082,0.49703951271429,0.663870155819502
1217,0.0158614846075517,0.0262330977568978,0.424061537723184,0.738579199312222
1218,0.0211328178893891,0.0251367994844064,0.387785157527469,0.785272678287732
1219,0.0207498743409965,0.0150883160861559,0.441538706594876,0.7337807870361
1220,0.017389546649439,0.0147717893711523,0.397427241776746,0.683726091410274
1221,0.0206461249019123,0.014550149089153,0.407870064985308,0.588048388161186
1222,0.02033364040349,0.0210049387098835,0.480613640205693,0.718565417207447
1223,0.0170908339231668,0.0155140057980534,0.449699758422844,0.663129936466927
1224,0.0198384785344931,0.020173029592377,0.495802565587163,0.643183809457903
1225,0.0179288813020175,0.0101896599453941,0.449630026751506,0.528342551615033
1226,0.013358641132747,0.0187160641079119,0.487636452167466,0.738906182178573
1227,0.0130106967956143,0.0181545939195964,0.484475485326954,0.726228772535311
1228,0.0187878132183927,0.0140260675854166,0.481122313161906,0.630867520021207
1229,0.0223352820897506,0.0214803977593715,0.394244556012866,0.721255917499593
1230,0.0164255680656563,0.0142411552170104,0.476575038994712,0.689544236686652
1231,0.019654696630611,0.0194608533859496,0.452524579163341,0.732417603399824
1232,0.0185118808145814,0.0260907098814857,0.496814367731733,0.743815297631003
1233,0.0162297797564613,0.0266969382842172,0.41602130755027,0.734030418698515
1234,0.0190682524286282,0.032814548168671,0.357752613378516,0.861045159080851
1235,0.019272620656589,0.0584370034769552,0.478116218017041,0.90513566423023
1236,0.0257044674016047,0.0657768233050272,0.514447909282206,0.916505280123508
1237,0.0150062827893898,0.0559216539117421,0.522287121738336,0.890501027599642
1238,0.0108739556726465,0.0423836705134938,0.487546892819119,0.883858829520294
1239,0.0175111960742466,0.0215132111261753,0.51463947854023,0.8042364485246
1240,0.0198584896772396,0.0202393696514283,0.507650857266359,0.773152366895709
1241,0.0177735134179954,0.0212542761489051,0.303045700332169,0.792356552116944
1242,0.0164743416497842,0.0248227364834254,0.483076742466797,0.758353974315622
1243,0.0144715719659552,0.0147186814092394,0.412213289072371,0.61796801526998
1244,0.0182582761931671,0.01283088784623,0.410722768774918,0.533636425745654
1245,0.0205667363633614,0.0102116114817095,0.480058537903046,0.618843193991372
1246,0.0141580803801838,0.0182078769737919,0.351922670020642,0.638794104669968
1247,0.0228275357267291,0.0120132201122817,0.422226167084176,0.539588035753469
1248,0.0154343049900499,0.0170725825467305,0.437299559195772,0.66581346980796
1249,0.0199402039543565,0.0132466380533857,0.426178846539246,0.627845201010548
1250,0.0115506693349762,0.0112805115699352,0.445280648469668,0.577941932979596
1251,0.0154157409353957,0.00870255777330928,0.279320448214356,0.511628277004271
1252,0.0232500765257241,0.0127770172358002,0.25319299373488,0.493059552850974
1253,0.0179072930745516,0.017504175616559,0.250640758354024,0.689078805818862
1254,0.0100147404168628,0.0242855083684271,0.248794834418624,0.718182530863664
1255,0.0138352478776298,0.02107147446496,0.225275637391545,0.743344838733069
1256,0.0159044019644394,0.0158295709952836,0.243729027598969,0.629981539490252
1257,0.0198766755887621,0.0149415017892222,0.231944513920795,0.566687355331055
1258,0.0245537389579259,0.0151804849832249,0.28129897190433,0.565799074512242
1259,0.0202492885622255,0.0116296036856006,0.212156796376439,0.611661449234037
1260,0.0244198722115923,0.0179755064461681,0.264995745237364,0.658701583600029
1261,0.0143963406130476,0.0114761535210045,0.259835033774791,0.601769558776628
1262,0.0245278026888081,0.0116208558893899,0.269974007750329,0.578544191252948
1263,0.0230305866254312,0.0136786456609199,0.248974820092742,0.621298054875862
1264,0.0240551712133576,0.0115544811913956,0.211527273808781,0.522525945493033
1265,0.0209383307071098,0.0117843358617185,0.238022300694026,0.48582587109688
1266,0.017042770923409,0.0142942839735412,0.245163169459816,0.634456168120677
1267,0.0223602488921386,0.0176050980885382,0.391464217549704,0.715795704265888
1268,0.0216478505500477,0.0140378676219823,0.396520458603018,0.685027905923438
1269,0.0203809719521685,0.0145786793904062,0.448972482849431,0.611577135270359
1270,0.027644066034475,0.0122902053643013,0.399555718506919,0.544524017904642
1271,0.0237618224813302,0.0121790296412854,0.24722716783029,0.607942611232098
1272,0.0128427780326161,0.0114471406616737,0.21821813240879,0.630051855495253
1273,0.0227414088959899,0.0122010508064005,0.251269887232882,0.444011359444986
1274,0.0184394752549747,0.013568129115345,0.231963686444128,0.575692679352864
1275,0.0227628810882667,0.0131283504007921,0.271719513198039,0.502094360939726
1276,0.0173032529445327,0.0124601030806786,0.233074448251061,0.515418912933581
1277,0.0148702309481841,0.0136444319993045,0.278105764350934,0.634511815800492
1278,0.0219221948968997,0.013279858317332,0.435518533683517,0.615035572745988
1279,0.0185614624027921,0.00875849637595197,0.45185144127748,0.578165958673414
1280,0.0187580102787374,0.0194371914213937,0.444227921196681,0.731911105394126
1281,0.0254999624779903,0.0159078271022315,0.440736614135979,0.675968102631164
1282,0.0260277348917516,0.0112149778988988,0.39972714621274,0.667042807373795
1283,0.0238609223057039,0.0102450295459385,0.425732947417965,0.603828550007674
1284,0.0237257301266098,0.0175822856310528,0.493750793883074,0.68732669723222
1285,0.0149346948350852,0.0127435649392728,0.372953844377219,0.50547620072581
1286,0.0163809405601145,0.00956274512167078,0.419914559880711,0.439151973572285
1287,0.0137270392974735,0.01704603833436,0.300146389181639,0.607471503042554
1288,0.0264670979220571,0.0124240290493542,0.219958803882518,0.434258489331587
1289,0.0178908349002317,0.009913418919578,0.189809261025932,0.44614906876989
1290,0.0212502115306637,0.00833659065998402,0.225631462056945,0.381074756418571
1291,0.0124299171777798,0.00937782959453933,0.226735126887881,0.447975410843253
1292,0.014084418237407,0.0101099902808589,0.239116288998866,0.45874779206008
1293,0.0133977518088332,0.0114668852268276,0.243885576043079,0.471798977364904
1294,0.0263838977551725,0.0127986815918516,0.259004916107101,0.553915985912563
1295,0.0170664991428205,0.0137006141102102,0.222466831424656,0.592761867570304
1296,0.0203291489130386,0.0128147677746685,0.256060410387699,0.573965186120528
1297,0.0182030995670578,0.0151485787531945,0.258568568302731,0.581438196853344
1298,0.0213606849814504,0.0155471174588153,0.26168708815822,0.646672617708249
1299,0.0155264207822455,0.0135412316197447,0.213214951480014,0.691031689631422
1300,0.0192828648853554,0.0331556211977389,0.237817018278916,0.765446782711444
1301,0.0188640852442785,0.0143940379394773,0.246154695054349,0.594525871007792
1302,0.0197013020172544,0.0130821206494566,0.223872759564351,0.617451277951705
1303,0.0155328715157982,0.0131585384582832,0.272549005329945,0.717782854997724
1304,0.0178878103359983,0.0259245979338026,0.213192806425999,0.703484018052942
1305,0.0173271813356281,0.0128772792081677,0.260217723434202,0.528180594284725
1306,0.0184489855156901,0.0127160716821428,0.265885647171986,0.476366240557465
1307,0.0186004384470643,0.012287241776395,0.212634728796992,0.463481354181669
1308,0.0142775683266239,0.0109650131220523,0.252660586374757,0.470030485958644
1309,0.0179607164549821,0.00972380546830171,0.241334262609839,0.502085005067169
1310,0.0191559507174681,0.0139434654557968,0.249251945084258,0.635592506194776
1311,0.022385089679278,0.0131817005253234,0.246408775145496,0.488813300076869
1312,0.023275148965138,0.0167953647322632,0.26261849787181,0.649822233616099
1313,0.02148569391589,0.0121326948423639,0.240297827204913,0.523843140350158
1314,0.021425360793455,0.0130176704353019,0.210757630098006,0.584615443901637
1315,0.0179374785970385,0.0124209629109665,0.271157540590708,0.580453882373274
1316,0.0200978153648324,0.0128271063646309,0.239184843233129,0.499504698865396
1317,0.0168808387836447,0.0142616275493262,0.267346048900157,0.568688951443144
1318,0.0185520735524029,0.02277666887171,0.245962927514806,0.753956041798451
1319,0.0131402094358496,0.0239388473911352,0.320770117192626,0.774650329560236
1320,0.0219028842541168,0.0525166459286702,0.277978094905021,0.875622681938641
1321,0.0239898986088281,0.0491667575739414,0.442973233134376,0.890614530352767
1322,0.0211846484233357,0.037598038220958,0.443641650376042,0.839892018529444
1323,0.0161564093761745,0.037692982067073,0.418917424619213,0.858725487515957
1324,0.025873934120322,0.0448430795371291,0.431253314339754,0.859306934271525
1325,0.0176023693080332,0.0137551900628622,0.460749210740213,0.679141359246058
1326,0.0238712017608986,0.0124209590674623,0.445246885099087,0.586333268980447
1327,0.0179498633905253,0.0224929632795511,0.463439566764814,0.717014149298051
1328,0.0173103412857213,0.0145331981491677,0.439334035245112,0.549901630798378
1329,0.0221547386166217,0.0101154456005055,0.435834495059277,0.546964191261079
1330,0.0162946316032123,0.0170192518167673,0.408797169736463,0.710098146901951
1331,0.0154315000456615,0.0152243398657872,0.324154127701657,0.658752167378926
1332,0.0156184395475676,0.0107162926536094,0.253843479450785,0.487642864218011
1333,0.0196068093728896,0.00993095982108766,0.238059513653243,0.517392370738887
1334,0.0227954800476937,0.0146570992573726,0.24422428175835,0.637018560008518
1335,0.0220410055699237,0.0139126198137988,0.269358194696847,0.624018819945638
1336,0.0246985436035305,0.0123833131625875,0.267790488963865,0.572726083605594
1337,0.020853028166879,0.0143640635482642,0.263398938814203,0.640508383003918
1338,0.0149298172670553,0.0145315914259912,0.216598827066367,0.674359884066075
1339,0.0160013832245264,0.0156095162232301,0.239313068510071,0.623479651639089
1340,0.0217886835460295,0.0118088604272434,0.249840840464572,0.563217761300103
1341,0.0174816012618227,0.011829730623893,0.263279193538978,0.465263309375073
1342,0.0153705342534525,0.0104676618351029,0.222949777542144,0.443175176113143
1343,0.0175893999356219,0.011365420923544,0.284453700134337,0.561990581823626
1344,0.0157939237705726,0.00958007865760652,0.254406576897723,0.532568674062601
1345,0.0221540045884843,0.0197309169417738,0.287396888279232,0.671106574779499
1346,0.018539556876602,0.0174811960738722,0.265987361990194,0.592161414618053
1347,0.0208163269796995,0.0172639946806779,0.268880493192853,0.637111703666899
1348,0.015817272298729,0.0113118642404666,0.285824611462155,0.544351634668025
1349,0.0222799518545173,0.00972128413154651,0.242736087756742,0.504791685676629
1350,0.0216987828400723,0.0186605864625182,0.309948879587121,0.688863522906259
1351,0.0138081606013508,0.0186724887809384,0.43698418902952,0.753641363700889
1352,0.0204508490669648,0.032177648394955,0.412094396429167,0.814789966102327
1353,0.0222780694130509,0.0415498442633763,0.269364337632814,0.861032656720571
1354,0.0211901259496704,0.0297864888100668,0.254358363566681,0.848463489925003
1355,0.0222714663350523,0.0338447276638062,0.423882816035523,0.817572340816769
1356,0.0152481052203817,0.0262380417994543,0.418538822283193,0.786916745366533
1357,0.0161386916663753,0.0311521070824803,0.397428283041117,0.787500028031942
1358,0.0143193172791211,0.0365753198772127,0.270752012271485,0.858897826518345
1359,0.0221289456973462,0.038319146315535,0.26176635991549,0.802502195026346
1360,0.0251741669405057,0.0235960037888941,0.375662002558561,0.750358609621279
1361,0.0216247467094056,0.0148104156980712,0.432769535411985,0.727100976786451
1362,0.0238941018440431,0.0129883073188323,0.408581459154127,0.707420865912553
1363,0.0241584053116978,0.0152104267694937,0.446017058304836,0.690878372707222
1364,0.0188847531331333,0.0232019841308788,0.429171237315515,0.791728729053395
1365,0.0198598732699412,0.0208827691995653,0.433303998632211,0.717833733694674
1366,0.0200426969261533,0.0115547984426774,0.402279658853021,0.601359839754622
1367,0.0199759263696727,0.0111204850879188,0.446267103431211,0.583166201306616
1368,0.0180138694816789,0.00844172480471502,0.444190750187307,0.524229598587678
1369,0.0112006550658007,0.0180914222313622,0.396979433007446,0.632992854319305
1370,0.0214360999186789,0.0180461753934509,0.455410718368283,0.688871264235681
1371,0.014602141441085,0.0120376391046539,0.464021513890017,0.581286830106042
1372,0.0121989652704536,0.0218117484701444,0.415420667485475,0.768307346841095
1373,0.0171860126754706,0.0145549374623591,0.41062890245224,0.590659256181951
1374,0.0175559412291636,0.0129217114910636,0.418928333638426,0.513518518567669
1375,0.0185064991186131,0.0131117853112787,0.353414626709805,0.652560754363781
1376,0.0170147985313849,0.0154358622877579,0.433734252930598,0.674995180487594
1377,0.011894483622622,0.0224748247605884,0.448867191152583,0.772199850460674
1378,0.0217273390950935,0.0178876839542845,0.420753699691567,0.754787253626285
1379,0.0219851178357446,0.016723899135341,0.437321214808235,0.713302860634981
1380,0.0225259423107788,0.0233992737327692,0.430582804211451,0.762875958247212
1381,0.0219818758227652,0.0128616444421778,0.450135346929141,0.618337317994353
1382,0.0217223393409202,0.0148153015081375,0.44951624309972,0.629790668730663
1383,0.0223478050016544,0.0159533851104698,0.450358462279996,0.730764562998478
1384,0.0209422435673064,0.0313114391946888,0.492432789384941,0.803323052730776
1385,0.00914588746912813,0.0225249786144902,0.496343638105762,0.7843420870295
1386,0.0180645767131944,0.0567690753692783,0.49517991122081,0.906307257901347
1387,0.0221704396201083,0.055405357036658,0.415436117680344,0.910412173284882
1388,0.0215717613989634,0.0529215272925387,0.506812230441571,0.901484019079661
1389,0.0212950727298649,0.0267702142462518,0.426244919095868,0.849243069152407
1390,0.0110334316017589,0.0250094900582693,0.432825519589694,0.825053918621981
1391,0.0190341557020637,0.0261035816867428,0.515299047169064,0.840575552590909
1392,0.0223426805347637,0.024712252485629,0.517187282608914,0.817497904078661
1393,0.0251705088492042,0.0220132278141834,0.453935191227488,0.769385915874788
1394,0.0302707201075769,0.021628182771467,0.461051053194903,0.73462869080987
1395,0.0207037993900564,0.0156494975163706,0.430538391852792,0.693914252705384
1396,0.017849220155167,0.0185858689927692,0.384138710210796,0.699356336956821
1397,0.0176414969039971,0.0188309620631948,0.434206602952229,0.716024038410153
1398,0.0147722754415444,0.0200997241673756,0.447831439879243,0.769103157013681
1399,0.0159271192197882,0.0209791839863399,0.503912088739322,0.752186202689393
1400,0.0208739135503164,0.0198182278626919,0.496786432690229,0.809162979037832
1401,0.014518537791244,0.0192399007182795,0.447030523303318,0.727727377930763
1402,0.0117770305067599,0.0141590898716224,0.513688802475207,0.610219438192744
1403,0.0239896789718172,0.0210718150711619,0.513701470782557,0.726033090375174
1404,0.0225708326650503,0.0240360282748575,0.247786713273825,0.730428672855287
1405,0.0298754618924814,0.0278578207186025,0.233235124427339,0.772225316994412
1406,0.0250525564687386,0.0191810078562753,0.225553143174116,0.63557334853375
1407,0.0223797128969677,0.0102946211346803,0.231356718801252,0.524883242360626
1408,0.0166675078226032,0.00992678408032618,0.248530029120741,0.488754520922202
1409,0.0227095303852152,0.00910613581631185,0.328026392226515,0.4769050074946
1410,0.0198304756949014,0.0141009107468376,0.239135781243352,0.688992766304197
1411,0.01554988177732,0.0126160445679215,0.224317984506561,0.503034009114459
1412,0.0199355918401175,0.0120395315673423,0.21129662366172,0.610421303780853
1413,0.0176704036690909,0.00834542127134056,0.264458595861946,0.400622548484496
1414,0.0143323792453884,0.00882220104625558,0.232444438096951,0.431977595626444
1415,0.0149366037158146,0.0114597137594307,0.230605757049839,0.487651685180687
1416,0.0229688718769076,0.0158411010299403,0.25651502519758,0.634525496297458
1417,0.0260426522050108,0.0159576046474657,0.242428156140515,0.616491690640484
1418,0.0187475729887481,0.0128973508342697,0.210574403809546,0.45692723736278
1419,0.0196936451732452,0.0122354086359809,0.215119433965178,0.567025408223533
1420,0.0269297295647982,0.0143492525034221,0.237815014343504,0.560042632280869
1421,0.0201626864077615,0.0137975064034757,0.197841206615647,0.689125294309687
1422,0.0164639240241282,0.0227856754504649,0.273811291233833,0.646041594052391
1423,0.0159896227313609,0.0119341002350805,0.225417313970542,0.574108178821013
1424,0.0166039766818411,0.0106571917085339,0.220275834426324,0.546689736296651
1425,0.0239438208950723,0.012399552241703,0.262700497721825,0.64455729972235
1426,0.0207419410212075,0.0111919330698091,0.266032841528159,0.591018764199259
1427,0.0198825904098111,0.0148882952135915,0.237882371021623,0.595343541054034
1428,0.0224894091861882,0.0150816840243101,0.258891283825234,0.651350705719679
1429,0.0198579750269899,0.0195909907801054,0.245083086980343,0.69729786099748
1430,0.0151015634226125,0.0175413242991673,0.247791148988477,0.577066801872025
1431,0.0182582153735489,0.00983317492305819,0.270151156809923,0.487310410078665
1432,0.0219439068109252,0.0131868759089371,0.267305546742132,0.590104760238172
1433,0.016086974448494,0.00954408282633622,0.255448054623237,0.492221433721039
1434,0.0171877595204632,0.0153327135246858,0.25707772601235,0.638243379379132
1435,0.0164477321999846,0.0121605723420212,0.200948152789406,0.551662304766734
1436,0.0256079449297724,0.0120696592992153,0.262006161571423,0.486874033763414
1437,0.019460794444297,0.0128421108929903,0.278302835770373,0.516910348773673
1438,0.0150995706997282,0.0125717829268159,0.415374098175688,0.620723491562704
1439,0.0160962842868379,0.0147735561879761,0.499467998411181,0.654907736049782
1440,0.0217349918554738,0.0131391113087261,0.426321038868368,0.616181534937799
1441,0.0266309591192997,0.018705744598526,0.450296812234776,0.684341016462779
1442,0.0143483824282339,0.0133798084523546,0.30226459064196,0.637466517410298
1443,0.0210380470994076,0.0133139395860638,0.218583892023396,0.519957132703642
1444,0.016773682700941,0.0116186052453423,0.220619650157966,0.553075422389115
1445,0.0125317062368612,0.0162746585956788,0.246809719421333,0.602958865609448
1446,0.0170873894004875,0.0118934252497511,0.238986758750302,0.628608544837922
1447,0.0216792232703015,0.0183792774479521,0.3757882141751,0.682085940572611
1448,0.0223594265383035,0.0201392001864515,0.381658233249144,0.693227509565334
1449,0.0193462238211997,0.0158604686820479,0.467353617344909,0.693322299538091
1450,0.0183652368493913,0.0165843798811079,0.439493907117778,0.684294820314291
1451,0.0160774531930975,0.0131502051518931,0.42856461448795,0.645773044378474
1452,0.0242000824691176,0.0148481623463386,0.438543030244965,0.597392509136185
1453,0.0227392642282291,0.0185274752313512,0.442094092215809,0.726640318846468
1454,0.0187870386783809,0.0133136730054938,0.452159356609759,0.615616551080139
1455,0.0191263223798709,0.0102923313021475,0.410790046579319,0.536733932645052
1456,0.0214337699016753,0.0157784370560599,0.446075686562189,0.670642629374396
1457,0.0175622584367899,0.0175726690215549,0.397794114765755,0.71216289706731
1458,0.0229313287344259,0.0241384024747729,0.442339221241754,0.709093587494899
1459,0.0203329961190153,0.014837843731246,0.464421378815695,0.695925865181211
1460,0.0230524147079617,0.020071417366163,0.537344356914385,0.718005197296419
1461,0.0200795531077792,0.011819783750325,0.426080665533203,0.586462273678879
1462,0.0232624320337003,0.0162362807174128,0.427053358002793,0.635885961236446
1463,0.0193265541009187,0.0129366604312457,0.438358566131684,0.6223622101673
1464,0.00946244708246641,0.00948940904673548,0.449902112730263,0.51180835118801
1465,0.0158492343935818,0.0120322507996622,0.441863005785897,0.585591752316597
1466,0.0180007661721667,0.0102145892434814,0.428795246161985,0.388292739079511
1467,0.0184592789979843,0.00911341234006209,0.441142384307403,0.46579291799482
1468,0.013186748410983,0.0171416944810978,0.477287638008044,0.661890629422171
1469,0.0192933422636469,0.016996355816975,0.41148066492327,0.682541526869152
1470,0.0188266631912791,0.0145432589748956,0.391044413598158,0.720284788545091
1471,0.0263617977023591,0.0312105721126147,0.394805783842998,0.848793181919069
1472,0.0230542744783405,0.0436711803209871,0.50838988790163,0.861570349168389
1473,0.0158769543641327,0.0507805000110528,0.481542801866537,0.867039409300927
1474,0.0155532071925337,0.0408014410351741,0.518733043597513,0.861103925129437
1475,0.0212778391521354,0.0353450134775369,0.473297956580467,0.869394333216734
1476,0.0110728706496451,0.0318139746976882,0.402796374399873,0.840631931276874
1477,0.018032219298547,0.0570790045934184,0.386425151404572,0.912375496802538
1478,0.0159415353956243,0.0906973531252739,0.40298575480931,0.946386094354859
1479,0.0109592309966639,0.143677479031235,0.410278742411302,0.957306897653123
1480,0.0125132254087956,0.0881331937142046,0.387261287066516,0.952401820792878
1481,0.0175264521154229,0.105669275038859,0.48361404484809,0.951175041515882
1482,0.0228852886137486,0.0911285175108957,0.513542372175231,0.947457731433024
1483,0.0159727136231297,0.0759713720835154,0.489063963253103,0.9352089718242
1484,0.0182097317023158,0.0652628598864603,0.489574785322241,0.923646276920263
1485,0.0239764083730391,0.0405050140335752,0.504800831191959,0.888239247693188
1486,0.017012625612455,0.0432960058000475,0.484044489203462,0.897918350158866
1487,0.0158479167652103,0.0265024507157557,0.444582003751048,0.783893711352645
1488,0.0237908754677532,0.0175718786511551,0.435561483511075,0.625073727340989
1489,0.0224555333163796,0.00873273808427432,0.462630523279024,0.541641458959574
1490,0.0165372815138411,0.0188427987840909,0.425481950912303,0.650049584966439
1491,0.0218672389575925,0.0132086041006748,0.312716643324499,0.654307953576247
1492,0.0226271850101635,0.0171600559569903,0.222037187353408,0.651492508392968
1493,0.0167543622584942,0.0112531356641375,0.292218688192442,0.499674329942439
1494,0.0170891274815437,0.0102861942887222,0.209767412913496,0.388722801655254
1495,0.0204386412092416,0.00975086163122831,0.221815716978239,0.453472901931287
1496,0.0207983665716311,0.0113235041671979,0.248450280225362,0.47549913926229
1497,0.0246911103827014,0.0110288564683462,0.215085462892197,0.492999455649678
1498,0.021684751122124,0.0090981221995781,0.246307817960692,0.461394470959913
1499,0.0203626771223324,0.00923459776938065,0.224582623960042,0.357498658036734
1500,0.0244749255368498,0.0132117231529283,0.2681213334961,0.568107927469085
1501,0.019426527252253,0.0119316347209579,0.261158925807516,0.624914130156543
1502,0.0160701659061022,0.0115686927672617,0.250450288546099,0.399751354143017
1503,0.0342920619951652,0.0118475946876229,0.2520265048099,0.562101729676875
1504,0.019613415445603,0.0112340092099554,0.228260647344224,0.584438462741705
1505,0.0269421332356701,0.0254769394496144,0.245262303949329,0.757405584298345
1506,0.0252373085492659,0.0113405972162016,0.224780543183368,0.568278704849319
1507,0.0162373848344999,0.0111071427144269,0.21467610406978,0.486708029130453
1508,0.0208243361404613,0.012237094007922,0.272269919633185,0.538626492112434
1509,0.0176772615137954,0.0121783371785897,0.224005995796888,0.437489619965631
1510,0.0295959482990244,0.0136461666420083,0.302637959649847,0.582242740518625
1511,0.0245789910303961,0.0113152309960466,0.425537961136726,0.573964010554242
1512,0.0274515389514488,0.0174181323258701,0.430512498414254,0.620578955052438
1513,0.014268541415356,0.0142409144170486,0.438705556247052,0.705620129967099
1514,0.0229483000253148,0.0189154113008588,0.445728020590154,0.754017176693358
1515,0.0155429147104119,0.0159182069557192,0.493518293227496,0.742961222628121
1516,0.0219347824361531,0.020944383167398,0.435707952023267,0.693085641200604
1517,0.0198892996858207,0.0179051412468724,0.300458047126137,0.651694980464233
1518,0.0195016144524789,0.0167259421816529,0.214593243082067,0.648884303309033
1519,0.0205637710244929,0.0158097569842959,0.265449245070747,0.611596960498477
1520,0.0226981292090897,0.0140522994328574,0.217053404897116,0.628970227998747
1521,0.0262511143718685,0.0171372678136925,0.218643766910475,0.621971541772731
1522,0.0223596631197742,0.010871796954262,0.223294560220786,0.531031707527561
1523,0.0262155243352783,0.0124374927076393,0.262781971235462,0.674660947490754
1524,0.0242350917071836,0.0116563562938191,0.22351060275993,0.540535792451847
1525,0.0147342521918131,0.014777977876177,0.269014707940765,0.633957340453803
1526,0.0241619023871051,0.00773170521814509,0.265906141505791,0.473989366758719
1527,0.0164871978110854,0.0226411322024815,0.214388227586885,0.66103977155549
1528,0.0208654830674546,0.010883903678303,0.259131078108508,0.578140960553198
1529,0.0186114767006607,0.0124113290571332,0.259191599126077,0.574525670044801
1530,0.0207059046416758,0.0108438630303635,0.215567851482166,0.466124207767604
1531,0.0252638210336693,0.0123123650166364,0.246372933132556,0.564238658704991
1532,0.015410656967592,0.011759245600696,0.224454582712935,0.501797805844014
1533,0.0195974263300205,0.0135700536783248,0.224975617309186,0.540008852957962
1534,0.0195239747609822,0.0149377214124183,0.252855718705515,0.651917064524987
1535,0.015278173515426,0.012738277754213,0.239471481282633,0.528354344294233
1536,0.020497334587746,0.0168256872146258,0.274507423264494,0.632285649409196
1537,0.017530529441498,0.0177730193184938,0.240697905941817,0.658860482909873
1538,0.0186555600215734,0.0173224020494658,0.21526788145984,0.677921816543832
1539,0.0263766090408305,0.0132505056413275,0.25861015568921,0.606895342679607
1540,0.0218009536777769,0.0147292798071883,0.395811821517213,0.630573700993629
1541,0.0195860856391997,0.0103768104775109,0.44991028537489,0.529157814911124
1542,0.017292208196931,0.0107597360434617,0.400715357636107,0.411034368288688
1543,0.0192034553027696,0.00883291858142662,0.227188242483782,0.456124247438183
1544,0.0218168919104964,0.0139251818527371,0.225709367421998,0.595542965130654
1545,0.0166851928957764,0.0129834914220035,0.189978457349156,0.613487680615021
1546,0.0213101881446343,0.010329479273908,0.228870814019194,0.542015478314783
1547,0.0213531746965003,0.0139344532033876,0.211845541818809,0.472433825429912
1548,0.0224437834149833,0.00941522381008236,0.229462375533672,0.401963632696671
1549,0.024936852816746,0.0113802201177902,0.220391637711903,0.529030290779423
1550,0.0188401301591929,0.0152008790025353,0.238685841991775,0.549152503314371
1551,0.0209584654997533,0.0121774527732407,0.223174478085598,0.515922588345612
1552,0.0175986378224716,0.0103098163217439,0.195013569649412,0.342580743836092
1553,0.0239113053330911,0.010385327185945,0.247814575875809,0.523861679918745
1554,0.0138842460362583,0.0106308551789053,0.385394492659208,0.592339104910142
1555,0.0178646795533216,0.0106794949775091,0.416485316462654,0.58328244721025
1556,0.00784440795443237,0.0142880832300586,0.435705679040491,0.684462551534623
1557,0.0137213506011864,0.0104601843693009,0.345068070097003,0.611120912902322
1558,0.0152564571967627,0.0129926258895071,0.418575539429271,0.529723360572943
1559,0.0164493289277542,0.0121597691230607,0.448758014092912,0.488328411703044
1560,0.0118351798091788,0.0118410769931374,0.447631774485039,0.664577278183867
1561,0.027610895715415,0.0175044986539964,0.417440568141032,0.579539440020175
1562,0.0263346338923577,0.0132364550854842,0.436822566868031,0.623165303001974
1563,0.0133875395733152,0.0126584102259007,0.470633865737148,0.667014334756833
1564,0.0248769425387163,0.013378297482105,0.388985073906752,0.646222293392921
1565,0.0169953505001915,0.0139684047010397,0.373545568988973,0.717041339358237
1566,0.0242933515836148,0.0183790125151639,0.434513513701898,0.742057137919357
1567,0.0235778516790405,0.0182756740401817,0.454235781870735,0.748198401089803
1568,0.0196214306327594,0.00925502494932184,0.419772126806262,0.606981935273476
1569,0.017333620314084,0.00921828078005006,0.488776339606172,0.5225512927916
1570,0.018227131322512,0.00979233903561152,0.431849664807711,0.476881182180947
1571,0.0207542935337397,0.0182892793008258,0.446678302051516,0.69472257927336
1572,0.0211430612126612,0.0156616251398246,0.370380288767799,0.610892923129079
1573,0.0167170148292928,0.0093878338385714,0.258433006717239,0.491143512674538
1574,0.0181261626193222,0.0122591371761273,0.226703890590945,0.626241157211336
1575,0.0186716277035562,0.00978631929173448,0.223048750594138,0.478643197142306
1576,0.0222576843373663,0.0142343733006236,0.236625898954623,0.622285607001434
1577,0.0193090514253563,0.0140378211517106,0.249304780379557,0.62650308201754
1578,0.0120500502632352,0.0245889730106121,0.259663018803776,0.728936507686391
1579,0.0194342220168312,0.0143275037627887,0.261310398288544,0.587770936952447
1580,0.018781253811573,0.008420992378482,0.250323971005869,0.371227741112423
1581,0.0168761228075951,0.0133887225452954,0.242484840621073,0.430517516748736
1582,0.0182567469604331,0.0122786467078759,0.234508184809732,0.466471199580614
1583,0.0207188718029687,0.00998692047044953,0.19689401634652,0.462498104292769
1584,0.0184660430965227,0.0168545508116327,0.257893296103692,0.601785418267776
1585,0.0192668326543216,0.0110173730736634,0.252051587165584,0.533579878587984
1586,0.0227200610378959,0.0133328325153421,0.257537866469946,0.579778100791613
1587,0.0219261167206843,0.0119752050474199,0.255376904738046,0.534251486027447
1588,0.015491485124215,0.010910597428781,0.261351546765921,0.637375922166995
1589,0.0182955488406634,0.0163939271065123,0.36129399128202,0.684662212843398
1590,0.0233623617094794,0.0129064889171411,0.264436123803163,0.578842083685282
1591,0.0175982579073891,0.013512893879402,0.216144089106716,0.59386668967876
1592,0.0244358621631948,0.0127400497588491,0.271056231972091,0.627099260767526
1593,0.017819669133738,0.0170471813289553,0.27093614554064,0.686751638502802
1594,0.0224886400603318,0.0211523310691247,0.263106858256968,0.683969930915237
1595,0.0149666536745087,0.0209937368104502,0.219763768841621,0.675373736220275
1596,0.0221915075548253,0.016771647282181,0.26558634519935,0.706385347795574
1597,0.0237169984732014,0.0161444986112687,0.431335022297507,0.618225115764917
1598,0.0219320742339986,0.00986103021463602,0.383843449015818,0.591803820457171
1599,0.0206935668241172,0.0115036113956327,0.368657583695975,0.597885130085354
1600,0.0216610077918533,0.0109155085454111,0.217186661312157,0.523812741098909
1601,0.0178077283942869,0.0189464130566107,0.233232409222423,0.686560659974651
1602,0.0146755357967439,0.0123615394348688,0.279180575447372,0.575733100270309
1603,0.0143327117016646,0.011536099891608,0.4460968182594,0.579709768660274
1604,0.0237005816267276,0.0120703066729399,0.355631357151624,0.617596968986986
1605,0.0151380576402738,0.0174251501986123,0.440481762376611,0.665120083909166
1606,0.0275305595302155,0.0134859362580355,0.427730726087223,0.654444780529503
1607,0.0245049053230875,0.0122029005863961,0.417399596926881,0.650009107587865
1608,0.0190947052933074,0.0119603604169455,0.436588292374181,0.687459539766713
1609,0.0211115747903661,0.0168355517545657,0.446987764748899,0.68641774713206
1610,0.0271629104208838,0.0185631456030349,0.278192313280174,0.674503371358069
1611,0.0255598119770721,0.0158467221419864,0.277757195893647,0.619601445490086
1612,0.0171540098325615,0.0151211898379137,0.427775007164193,0.636636744388044
1613,0.0141802306000454,0.0156017200265028,0.43582913237437,0.75663210553595
1614,0.0177568907746948,0.0187147983175531,0.461898988002203,0.743327536316957
1615,0.0171580335936069,0.0312033823250188,0.436926855448245,0.795868648054802
1616,0.0195714394557664,0.0240686892031156,0.425628388096377,0.6706680527882
1617,0.0182804046469865,0.0172039767933555,0.397929527278313,0.737681952485954
1618,0.0224218120257564,0.0220460458833717,0.432802828825673,0.690590327400872
1619,0.018184626992803,0.0144447819713766,0.497795470119091,0.658598384771334
1620,0.019369021814763,0.0176638337323815,0.384814742786324,0.68909384612091
1621,0.0172940377811655,0.0296129000929951,0.447662109466223,0.839727967332624
1622,0.0191716476999073,0.0278551733216148,0.429350964033077,0.770714664829003
1623,0.0186453325441887,0.0240327357419181,0.322473139908587,0.742034354258948
1624,0.0141144555109718,0.0220479943942142,0.22908715820709,0.732748418153202
1625,0.0181707226827777,0.0175562442914299,0.453064910172224,0.658731694555289
1626,0.0226696330078581,0.013667680051916,0.446366765999745,0.659520639356696
1627,0.0184626051872079,0.0174967567764627,0.517607737801973,0.745240317912657
1628,0.0190285819213607,0.00866032704420207,0.443391097212682,0.375593962983783
1629,0.0199405520274393,0.0185735053800905,0.393554406639782,0.657116624181997
1630,0.0233608589498895,0.0164365321409892,0.425261491059857,0.671030004686268
1631,0.0151511531244946,0.0192705024262206,0.498595769680845,0.636687530252048
1632,0.018007378867017,0.0104874997301073,0.405977200706105,0.61107894848509
1633,0.0180311397715316,0.011819952946206,0.392225174151027,0.554305341160562
1634,0.0242782076443184,0.0132421441929493,0.364889819777738,0.54578947156921
1635,0.013543519463336,0.0173279670171572,0.395526162904857,0.700188342445795
1636,0.0211373144255766,0.0291242112052106,0.445092583222666,0.843894352441518
1637,0.0153508378174072,0.0207110778553702,0.496691155010525,0.648192634433171
1638,0.0152285989379194,0.00960246887478746,0.430063066760971,0.557082227535989
1639,0.0189680053640003,0.011412376720714,0.381388410363187,0.593955327158905
1640,0.0205765545523578,0.00883936965071668,0.427324258724777,0.537653403300881
1641,0.0153460405876609,0.0133648284803709,0.407128280081286,0.642006270295613
1642,0.0205666330746367,0.0201770482029233,0.250978866747475,0.655028325846324
1643,0.018634971147497,0.0253937109887547,0.258929150277998,0.768232214118279
1644,0.021668842266196,0.0183235269130928,0.236956246994967,0.704425012403507
1645,0.0255098049154158,0.020232907925842,0.226295063649198,0.73170647049901
1646,0.0241432449905455,0.0240506392456238,0.246046639162608,0.725531739750459
1647,0.0187149529352719,0.0200704976383308,0.216071184808077,0.664472045192326
1648,0.0166207875290341,0.0115450188865798,0.224526626179854,0.530533093841465
1649,0.0109754726526895,0.0119286376186447,0.215984246506456,0.554519206525978
1650,0.0235248759531122,0.0119297839998736,0.234739406790052,0.566681302322444
1651,0.0211816073305403,0.0151849268575529,0.220850937924686,0.656495714955483
1652,0.021206101244726,0.0162009213087585,0.278369580658651,0.73274783868336
1653,0.0253761551720554,0.0140415232456987,0.211848803581938,0.594494867355164
1654,0.0242392636329105,0.0112301282672079,0.245060426910799,0.574935880964181
1655,0.0141526262235996,0.0167960377055903,0.226143081733432,0.656675753633374
1656,0.0261869806874336,0.012835766806121,0.220320765332607,0.490798198341422
1657,0.0135944237356693,0.00743292952923954,0.241356301491137,0.380949526602927
1658,0.0216241755048964,0.0127398565524064,0.246273019331872,0.61164199801502
1659,0.0250339285789743,0.0116591569208261,0.260762071821536,0.554083307012277
1660,0.0166792869438785,0.0107692435580981,0.272412142450562,0.45138028706944
1661,0.0147580441727497,0.0110282636617433,0.238411802173023,0.460525305250479
1662,0.0173386834351428,0.00992474125050302,0.256670748997041,0.428645114348672
1663,0.018788713741722,0.0102876137081723,0.271433137079029,0.454928226123367
1664,0.0178814611024643,0.0153634185970771,0.303993335846795,0.614640956826498
1665,0.0173505275854885,0.0140944700796074,0.248352296357676,0.615210997240284
1666,0.0245952384810214,0.0176506395532241,0.223115029274444,0.71198264521547
1667,0.0267698949865314,0.0136337236905835,0.263826659023026,0.618972457158965
1668,0.0230277542999423,0.0146738929509915,0.257595091928582,0.597413618100306
1669,0.020581892539957,0.0128293070282103,0.212018406676471,0.488305613598722
1670,0.0198578323916153,0.012076552436239,0.268706744427164,0.488109418969786
1671,0.0250518129522293,0.0129766176699367,0.221771461568922,0.547709587496131
1672,0.0210837257821801,0.00937163913726557,0.225024617265719,0.496549712463338
1673,0.0216555212420667,0.0138542750362999,0.265557355140384,0.63839871292197
1674,0.016679229816867,0.0122276233981667,0.406368728728051,0.612964511772971
1675,0.0165840986472398,0.016939614598073,0.440075226237536,0.65878029955937
1676,0.0193709506856274,0.0102196640537848,0.443935753307914,0.595478983564934
1677,0.0158623974234548,0.0116556811992626,0.438615289944291,0.587422720888293
1678,0.0250758670201911,0.0158662259161913,0.42578884205493,0.63049125840228
1679,0.0236911748077587,0.0141515359089548,0.43685856667406,0.528691200529718
1680,0.018762961468735,0.0119457736219477,0.445329532974187,0.644546348953194
1681,0.0200149272851353,0.0143730938024526,0.417149321904365,0.585220440552486
1682,0.0145262969158448,0.0184022450928698,0.441613056361819,0.711290216610155
1683,0.018668656113227,0.0185539328454904,0.258356164381957,0.703491874475837
1684,0.0174238540875958,0.0121903564217826,0.266489477232617,0.562931283928825
1685,0.0178272201749197,0.00940447337583936,0.243286615857435,0.424251464806991
1686,0.0251578073340915,0.0115002893838337,0.259994916976835,0.577332244473983
1687,0.0195582875418668,0.0156709478379873,0.427759335773417,0.569382861443231
1688,0.0143909215282347,0.0123634461845702,0.485208933602532,0.701250317721377
1689,0.0199765924058592,0.0213854974293253,0.412764157564545,0.702405065626459
1690,0.0134509767645899,0.0103538673277342,0.430253910280242,0.54498608699532
1691,0.0201460860338723,0.0115222206514375,0.272656686057066,0.551567055225678
1692,0.0170438792688322,0.0146603005522631,0.233323278633939,0.587266486525815
1693,0.019775709760555,0.0101041444995898,0.240757620818305,0.406928400552387
1694,0.0260147356921095,0.0115158527924049,0.245146580116839,0.52245481749868
1695,0.0210879087104581,0.0140671152231471,0.240374849240267,0.634800767587954
1696,0.0211830175234429,0.0113147095457567,0.21701456361837,0.374886850433844
1697,0.0146845193111263,0.00820942476344692,0.260102311409519,0.516426944844246
1698,0.0214596522953634,0.0126768745378988,0.242222504217924,0.533066273640894
1699,0.0213454057760439,0.015257035654603,0.267458587112427,0.503643277654848
1700,0.0257939285571557,0.0125093721633374,0.214606854141823,0.488223018401013
1701,0.0165120146601261,0.0107345183626129,0.214327932860317,0.448321702904579
1702,0.0202805544592099,0.00769444847472567,0.243402925164788,0.418885785120135
1703,0.0174200617067969,0.0118207569889294,0.308077542750204,0.512154883774614
1704,0.0187441368549341,0.0079085591861906,0.285534783469311,0.451641685168203
1705,0.0162959863104316,0.0112178396582726,0.255770383446859,0.53764871663954
1706,0.0121266921485479,0.0140661480641891,0.259712844872732,0.648173729947308
1707,0.0238354426578424,0.0117651089488894,0.28874306711463,0.497970141341654
1708,0.0174817830462323,0.010150072238747,0.249974564266643,0.498148722687597
1709,0.0146800630223972,0.0100852225134722,0.234604555942242,0.547295762807865
1710,0.0279267828290335,0.0193444811439356,0.249828462192439,0.640676768247772
1711,0.0176844553900522,0.0178593070285229,0.226519606647991,0.725241184984201
1712,0.0199884723770488,0.020235641268012,0.221348789936673,0.71472681171901
1713,0.0191993060447107,0.0198546540919749,0.237735399168233,0.765033869008264
1714,0.01791614622262,0.0304974454620273,0.255906451514205,0.814518952538398
1715,0.0197723782829495,0.023490219032464,0.260723670431112,0.775139239412038
1716,0.0180380844627519,0.0219643277370378,0.222854781607699,0.742492144167914
1717,0.0175496754276931,0.015984126133118,0.273166517088365,0.729212634960228
1718,0.0155004622302575,0.0132097960634335,0.276688116112472,0.588564325712924
1719,0.00676358354414585,0.0169831047768002,0.233541025515777,0.651521763566263
1720,0.021847285245307,0.0184517180985003,0.211715584962212,0.680389950951848
1721,0.0181003444577265,0.0195313795976885,0.216845094600698,0.69921976139801
1722,0.0280339650225097,0.0152671470455949,0.289901583979169,0.652334255123402
1723,0.0256283018506283,0.0116900732969139,0.266482861478294,0.54046041889018
1724,0.0140059974513815,0.00879754478006358,0.244007456128079,0.323772692526126
1725,0.0239559737997682,0.0119156968010266,0.296511785302265,0.487397157780884
1726,0.0148677712011518,0.0109907760320752,0.228008984721062,0.444007587299968
1727,0.0187287926393338,0.0102144590313482,0.218168326360603,0.540445239408653
1728,0.0185365700003028,0.0146613925102542,0.257432573728193,0.529772048463078
1729,0.0224652627441492,0.0119734932102335,0.255886718098249,0.507849688643872
1730,0.0303780290313127,0.0107742463962017,0.395982546374543,0.439504700201891
1731,0.0187110159841195,0.0103131931518171,0.450072024368933,0.452739229584422
1732,0.0250419976124277,0.0121873404974947,0.362855336928439,0.520734365441192
1733,0.0151501495282617,0.0147627970190731,0.413747410049897,0.58004438486645
1734,0.0233059330197871,0.0102615194423547,0.465165947606143,0.61536447927031
1735,0.0191220110870508,0.0139082675004189,0.439304856554448,0.60326350772057
1736,0.0283133469124935,0.0120358073911435,0.329505981964987,0.529079558671613
1737,0.0231710489733677,0.0102909104314903,0.223170277414334,0.421611764426015
1738,0.0217875596730811,0.0105451728292766,0.226617415187307,0.475666450918685
1739,0.021310685739697,0.0147795484421818,0.219872108497431,0.65440390087646
1740,0.0225692371195686,0.0103578856481884,0.258103947221554,0.490024040798679
1741,0.0225436068489359,0.0161725467783143,0.267120731576637,0.608755929332975
1742,0.0207849812771366,0.0172641554367396,0.211635849343987,0.599319969704965
1743,0.0216230794512701,0.01111271238605,0.212378229184033,0.503304402909901
1744,0.0237305105208147,0.0131153958161775,0.480500837093732,0.544256626985877
1745,0.0216213904899916,0.011624711664762,0.456007329443514,0.597937992718069
1746,0.0215569876344217,0.0110657687495975,0.419263907248911,0.516863070083028
1747,0.0174998658290135,0.0178376147505188,0.431790874601844,0.681391546495495
1748,0.0173919810667136,0.0201144075758948,0.437222283667657,0.715708018722919
1749,0.0253308851561881,0.0258389026851817,0.425938731755744,0.808328892437164
1750,0.0190191435339896,0.0147257140612891,0.449538849408845,0.71329494614177
1751,0.0156455278736695,0.0205253010992237,0.503284705473094,0.728284292704702
1752,0.0158762595350927,0.0150305565386696,0.425716719182849,0.635483958761865
1753,0.0268489554236213,0.0220091833443017,0.390967100737002,0.707165813509376
1754,0.0253084619164066,0.015497479223454,0.381732739167144,0.674361094404406
1755,0.0190525114207288,0.0283631832353272,0.371721076455297,0.775837337837116
1756,0.0252720338682746,0.0232511847011346,0.503284247077635,0.804624968222698
1757,0.0137143919004554,0.0196293354309669,0.429162580389225,0.73962586258697
1758,0.0130639241003831,0.0318258344484264,0.44452908657955,0.823290258674934
1759,0.026186553352826,0.0240200585051886,0.515884938079614,0.758932781048859
1760,0.013553422673045,0.0212046408905538,0.452750471547961,0.748596908046826
1761,0.0195879889789088,0.0200883195653914,0.485122150897527,0.737469767724522
1762,0.017944691141935,0.014484026799076,0.489447049237286,0.598367149375538
1763,0.0197833158507114,0.0186632266903816,0.445523932331035,0.737791782420267
1764,0.0245058231129196,0.0283850758984796,0.425474341045204,0.746004252654642
1765,0.0246353442966927,0.0252599929111002,0.425165631985698,0.735006049491943
1766,0.00945935558116807,0.0133160596084449,0.491926530641663,0.571905728054561
1767,0.0164430648725977,0.0138390192939052,0.424386056718066,0.606420141516638
1768,0.020155503560055,0.0118212287083452,0.42938822947459,0.502421889926696
1769,0.0189919105031515,0.0104515636649205,0.340686064982321,0.42317565228809
1770,0.0198348289162007,0.0154667369689529,0.368982503762381,0.531033574406923
1771,0.0231124502011383,0.0106611021610729,0.41464962923181,0.506172883478068
1772,0.0154170880781843,0.00986531171594023,0.441411801431337,0.59222239763009
1773,0.0154592441015597,0.0156127472414503,0.48675800069158,0.742637518728795
1774,0.0207341653970294,0.0130454737988479,0.375188712951192,0.642054387251438
1775,0.0172037882582864,0.0167728929741791,0.387157005179109,0.714663494872714
1776,0.0198949397842822,0.0191235798119111,0.51506789365381,0.709781220085807
1777,0.01624612865094,0.0197185877236142,0.493804655740392,0.771008544762855
1778,0.0156805615257763,0.0205004158324368,0.511596355524635,0.787938469726862
1779,0.0217996131844385,0.0238364033556647,0.488221793223183,0.834735077558832
1780,0.0200799333321527,0.0415198105168944,0.436003311885853,0.854342309656042
1781,0.0240022457386112,0.0289023309496534,0.492672630916434,0.838804823017999
1782,0.0114511580256579,0.0239217259522632,0.518978734585395,0.817846120603089
1783,0.0159346331273958,0.0258629971897641,0.475469244458124,0.863270517597258
1784,0.0181943290988717,0.0217948694576412,0.448769064793564,0.735736027376954
1785,0.0239763510691985,0.0196065652644437,0.444807153079128,0.775563321795437
1786,0.0228848141446927,0.0165689813835859,0.431458036744556,0.703659405744857
1787,0.0140704785643926,0.0115923130700043,0.429843431924013,0.627266818766898
1788,0.0204627675086495,0.0158685784602956,0.476797912538181,0.743450770474478
1789,0.0240008689665099,0.0199766067444483,0.449701458454227,0.735248453307285
1790,0.0242992400407984,0.0158250449631701,0.378860748014454,0.737604106437012
1791,0.0180850895640875,0.0131426018902217,0.387027364979204,0.558939297716797
1792,0.020032467866918,0.0107124681590747,0.365345074102357,0.580390899005553
1793,0.019403356018997,0.0100682312002591,0.449422942038226,0.529248961990753
1794,0.011007534729341,0.0136809221747058,0.431113751553189,0.660326491578361
1795,0.018478429882821,0.0160073733452286,0.505062249840619,0.6640990508527
1796,0.0233168304346041,0.0172978719364938,0.437484810397905,0.711306506402876
1797,0.0285115043338604,0.0198510505293282,0.437609887732727,0.662008035545893
1798,0.0204905493312162,0.0159692188302888,0.427614689568586,0.7062077307046
1799,0.0139480106369327,0.0160308109626016,0.449484545589647,0.667239384782567
1800,0.013995923908869,0.0122435259094967,0.444059096946724,0.688101681308032
1801,0.0192048079492194,0.0167736328715418,0.45016621886463,0.674671830356745
1802,0.0214721463638996,0.0110937340188456,0.226354384005988,0.587538138624303
1803,0.0244220353578114,0.0259343729570507,0.224972861062811,0.737744806644392
1804,0.019571182778894,0.0153523572960088,0.248907290440234,0.603783131408912
1805,0.0244708928474683,0.0186869264902354,0.228967148727918,0.729739504867793
1806,0.0184363028109547,0.020406797737226,0.240357882425011,0.683920764501871
1807,0.0149437091180947,0.0161866080138799,0.239863120308049,0.596133752143922
1808,0.0211668841497973,0.0175024567009234,0.338230905358978,0.650256600505616
1809,0.0237271966762551,0.013937790044483,0.255966514120954,0.58523282714904
1810,0.020821104684589,0.0109935852079369,0.264705696057998,0.479775469335809
1811,0.0173046899000796,0.0094046631588854,0.360183041653195,0.541489122164422
1812,0.0140739550241323,0.0170650894418876,0.42622600416473,0.676466917856315
1813,0.0303096405162008,0.0129524030837595,0.397360272380482,0.639019581840495
1814,0.0152828404439369,0.018961754328347,0.447974853623787,0.709859595248507
1815,0.0153108534834267,0.0191231501938274,0.38029995894677,0.698398816685981
1816,0.0196343748314247,0.0116572404215888,0.264492351741897,0.629109489636197
1817,0.0136259572494755,0.0156796040544999,0.303058460670937,0.61970286960328
1818,0.0178791942870733,0.0137435105341991,0.43197609995534,0.608021065170269
1819,0.0183310128139278,0.0158104441057967,0.490280980235662,0.685074755040403
1820,0.00604064366838522,0.0181699571698348,0.434448168209714,0.69422214158598
1821,0.0143054321326717,0.0130888208652249,0.425285134970043,0.632395346718861
1822,0.022589549900776,0.0130117991125348,0.442754034093801,0.545833078148221
1823,0.0185181848237404,0.00952761026078989,0.427599774242205,0.59162763230533
1824,0.026681461656267,0.0187675989540701,0.455615728016304,0.763075283540488
1825,0.0157095784683787,0.0130576588115851,0.426016827655958,0.564007372350594
1826,0.0151722704138899,0.016354209040793,0.495405159389041,0.652381263830827
1827,0.0158848667336588,0.0106545062760821,0.375065872685416,0.607386513373146
1828,0.0145110486646179,0.0201708822090279,0.444969462787365,0.743944153598462
1829,0.027647508231458,0.0202047789755682,0.439293728015197,0.783104403296128
1830,0.0216338546157836,0.0159683644749519,0.50396242009804,0.706419942520862
1831,0.0207024528572369,0.0137203040445686,0.436437333506245,0.657443945194804
1832,0.0202276821631861,0.0256716718822251,0.442524220801825,0.831765063340788
1833,0.0161831197017535,0.0242032736883904,0.442753237160944,0.787077542560648
1834,0.0157224476295104,0.0140582769348284,0.480423870308491,0.649472972379891
1835,0.0148687376147268,0.0183742772056202,0.465789390252371,0.712468253047277
1836,0.021780444143827,0.0113286478508483,0.464804883176854,0.616938181841976
1837,0.0232545593029396,0.0167737325910148,0.384874125745061,0.706320238381749
1838,0.014525835113978,0.0225284879257904,0.438235283770465,0.763172826193535
1839,0.0239146247493031,0.0170237410421538,0.41753580185403,0.767718747514953
1840,0.0190556123175422,0.0312206270390707,0.50457717992369,0.833195508463883
1841,0.0198539018007558,0.014615447177578,0.516463599908918,0.721829861175451
1842,0.017797179208518,0.0120228169363,0.414724547664325,0.513544200277408
1843,0.0162189672670657,0.012425376954374,0.324246604936333,0.474859506106822
1844,0.0193319764100557,0.016234936085068,0.434781013814628,0.727970406608396
1845,0.021711061781755,0.0148374254222036,0.447434264781722,0.647566987475842
1846,0.0194872608459718,0.0152793736989265,0.444944757381076,0.536691467757985
1847,0.0179141726271983,0.007601891679399,0.447596126254954,0.582338335260031
1848,0.0176294746716831,0.0101609653122088,0.413269825359356,0.546509038892303
1849,0.0151866612075754,0.0121258449350063,0.395611894187003,0.615519171946377
1850,0.0256295411083417,0.0180643065061918,0.509361114205795,0.775589284126123
1851,0.0133057758202569,0.0149289774553903,0.522277478259553,0.711265489583926
1852,0.0205919030185839,0.0177248898124543,0.460055607409192,0.73474591612822
1853,0.0214043065306371,0.0197818569613248,0.430272129688428,0.724234701789982
1854,0.0183223118597793,0.0199717080823482,0.426756666802977,0.748141077800933
1855,0.0215417889454766,0.0148723852000357,0.364805985526699,0.61174118306768
1856,0.0230288189298203,0.0155905730502941,0.373926688336476,0.686867548746881
1857,0.0182942991201316,0.0223681988652322,0.418276678360374,0.730229078269373
1858,0.0173814570509993,0.0221705604577911,0.434830000343585,0.718268819870214
1859,0.0221336777744939,0.00987040180318443,0.430187539247305,0.506716031486685
1860,0.0189204372960775,0.0108718905938968,0.376971124226499,0.497154162539106
1861,0.0178194806364405,0.0180388316536872,0.254422278860904,0.665880504883173
1862,0.0213066440340485,0.0218802977369574,0.239013469637098,0.66451666306585
1863,0.0225318331569642,0.0200131371906241,0.220192552793791,0.713570173689914
1864,0.0261497605540898,0.0237780597347137,0.342615136223678,0.755397911628894
1865,0.0125709597100926,0.0256798558382173,0.433846513014511,0.805119336794181
1866,0.0219963215779437,0.0178882837864988,0.460028525753216,0.724985790895645
1867,0.019191766704807,0.0143652906881066,0.442980917109576,0.677799452027604
1868,0.0214650902935132,0.0152375868128627,0.416316152782587,0.619870739817873
1869,0.0254321540891106,0.0196984116340259,0.446558927029882,0.68440535762746
1870,0.0181040728314385,0.0154163977075278,0.442161147016466,0.589985255701612
1871,0.0201271858343389,0.00948488056090574,0.382940129257838,0.583291993716504
1872,0.0193783927989058,0.0156243563616213,0.439483782230189,0.692992049289446
1873,0.0172256926884128,0.015137289021697,0.445775624903508,0.617922841042349
1874,0.0258980478474496,0.015604001087366,0.433723835685616,0.691449423166049
1875,0.0171113395487072,0.0227826202034207,0.331379775643844,0.756745027224293
1876,0.0215069528107736,0.0205107619600747,0.265066618183959,0.739447822744549
1877,0.0201523443646781,0.0132631888584691,0.194876139886293,0.589348192076764
1878,0.0305735798324022,0.00887770655166121,0.237067405687394,0.43968402448332
1879,0.0192620563193952,0.0125497758843357,0.236935064997421,0.550585710359197
1880,0.0123231225988628,0.0130259733822859,0.271802462917902,0.611300348112058
1881,0.0223261477380804,0.0131840396021014,0.226386093655633,0.644336900867482
1882,0.0194727026081011,0.0111340043536496,0.224784327189414,0.371506499998894
1883,0.0174706480876083,0.0103686006349817,0.26249160832311,0.486558939421942
1884,0.0171137623860748,0.0102843512150352,0.242399186839838,0.481141861186714
1885,0.0231733627751242,0.014948590785802,0.227922446664912,0.610962162698943
1886,0.0126950048954375,0.0173727402151958,0.270848878133391,0.671757063619501
1887,0.0235916523969384,0.0174156453199575,0.221186193267977,0.617565276880433
1888,0.0198349285051165,0.0144600559442807,0.25199692090093,0.616710171782892
1889,0.0164217644868045,0.0118216569491609,0.277431505248455,0.640430853923238
1890,0.0226682830373368,0.0160349439783454,0.251128724052655,0.600752705423544
1891,0.0193518133172338,0.0086937526817272,0.240737406782971,0.499561311095468
1892,0.0154428383279939,0.00940778259182642,0.218761745500835,0.476451828716371
1893,0.0174485431895584,0.0153006923130685,0.257934101020261,0.634117673206503
1894,0.0224155651078001,0.0151032769054122,0.233979017049149,0.623418106813555
1895,0.0119815862716169,0.0165884795539625,0.218070958378115,0.672532019998753
1896,0.0225807468049794,0.014012328543621,0.193716612931621,0.630687923423098
1897,0.0220046168353759,0.0121654233920312,0.211218229764867,0.534803570730859
1898,0.0152047120489536,0.0118391499068738,0.378817487898576,0.454829963083063
1899,0.0273328450810918,0.0165881619536262,0.352049559437688,0.699829236521213
1900,0.0174149996592708,0.00933607530271856,0.234857830302437,0.565970795903854
1901,0.0162215861958223,0.00940252262184022,0.255927158788341,0.472809942127679
1902,0.0276597979634751,0.0143908409265444,0.232067282240404,0.654488928131799
1903,0.0199655118265041,0.0108768528406942,0.258223013241304,0.502467556092086
1904,0.020058361722684,0.0129168909374178,0.272666274367349,0.580208927447004
1905,0.0215825697016654,0.0170737192441075,0.261939453531646,0.675344880308337
1906,0.0135465997520235,0.0134273994128366,0.24743005215016,0.598702625903681
1907,0.0161741422286633,0.00953258278623629,0.238779552926467,0.509605944520606
1908,0.01544536461983,0.011343023910947,0.243809201197868,0.491242287054507
1909,0.0203017251019017,0.0135314795590125,0.223011801308016,0.579446411409409
1910,0.0249458790831123,0.0105015032269054,0.268104548289648,0.631724618287522
1911,0.0208953527379582,0.0161607214162271,0.256724869733433,0.63828457831717
1912,0.0211601264329577,0.0114291641943423,0.252049080430806,0.499798125968294
1913,0.0143207292754807,0.0146061460027154,0.212054096626896,0.541004626203563
1914,0.0136153658535482,0.0119361629263311,0.222056862070701,0.6343327946444
1915,0.0222529164106916,0.0152400575831044,0.214355852041703,0.56239668095225
1916,0.0181541807733484,0.0109910165514025,0.254407390940582,0.537657465097503
1917,0.0234870122728571,0.0117515551852421,0.21844921318078,0.535371728811868
1918,0.0178844604512152,0.0122480533184881,0.227110560609084,0.527058236375438
1919,0.0232920655304097,0.0140934422836777,0.269557671936371,0.629942735448749
1920,0.0177494623728672,0.0182700376364147,0.266666043358163,0.692320515373964
1921,0.020662130785198,0.0440704310324776,0.299703562511511,0.873363865621679
1922,0.0222997720514224,0.0329169280658087,0.277008855595891,0.840137211546302
1923,0.0247666553626957,0.0294627743292902,0.255561822923049,0.78223421280822
1924,0.0221582963639465,0.022469741819586,0.235892037476205,0.723429292988833
1925,0.0209689745518438,0.014382637510234,0.234933529889415,0.461759044451774
1926,0.0174877913856862,0.0192255887629375,0.277915768014563,0.640643728335526
1927,0.0195188072839272,0.0160313998226934,0.240951084255493,0.558989781739861
1928,0.0184631391066619,0.014475852369169,0.22552902517511,0.592421714613218
1929,0.0195966599149241,0.0100760509093565,0.218643130899069,0.549298036302442
1930,0.0181915515614523,0.0130547673262596,0.269314858746268,0.500513310527057
1931,0.0155472214675218,0.0105547172858078,0.245915061757162,0.508288523946987
1932,0.0177512064489672,0.0110056146586124,0.225424768871572,0.477518603672403
1933,0.0191713279991346,0.015577182537356,0.282255625113747,0.586497350502871
1934,0.0150480600811368,0.0146122411516377,0.219514828749545,0.655781291190827
1935,0.0277955742221772,0.0221765057105337,0.267306275438336,0.74725864898572
1936,0.0270934611845232,0.012094237636696,0.401765155782887,0.570515462409941
1937,0.00735711653744073,0.0137865236556596,0.430469141420281,0.582908524296489
1938,0.015015854554069,0.0088339607368303,0.449993175783707,0.589455968147459
1939,0.02055291085119,0.0136291536135587,0.421493661795061,0.660376066972763
1940,0.0185445561180208,0.0111405070783954,0.416472983180014,0.601798430764571
1941,0.00906227924434048,0.011876504568319,0.421082768967412,0.534214941999458
1942,0.0226605110793184,0.0128911455104282,0.418200828859517,0.501175363109929
1943,0.0262995790123999,0.011816725694332,0.45005462173657,0.680185298577378
1944,0.0194722454029717,0.0245409998187518,0.434715552004795,0.826178055453897
1945,0.0178435500657469,0.0224222339801183,0.426174841160632,0.752781161225361
1946,0.0162528661876908,0.0209505784490619,0.453774242073947,0.782404286052554
1947,0.0246650678135113,0.0277365420936862,0.446078794436893,0.75500561954182
1948,0.0192999792161997,0.0284169123263688,0.425414758935572,0.813401573112698
1949,0.0153421987418873,0.0204803124845452,0.501577471970965,0.733899096532064
1950,0.0151983231486276,0.0126709564410107,0.406657477737261,0.590681821493777
1951,0.0164130680384408,0.0147192254659444,0.419122389448318,0.668329377447961
1952,0.0183602793940567,0.0142935404709262,0.4242531154781,0.601080126820461
1953,0.0186331592096614,0.0228784366006984,0.4595164852479,0.763421263561594
1954,0.02232349352138,0.0107819721916619,0.467323496527091,0.557527538324522
1955,0.0194378633844618,0.0123953720851633,0.439531215304938,0.630819109257567
1956,0.019525289593578,0.0224807209535044,0.410926176420497,0.724696344094263
1957,0.0185629217041975,0.0158776338901022,0.423796913991479,0.760903288730057
1958,0.0169733466724215,0.0159468424266052,0.425415621814158,0.740084846093898
1959,0.0165211996198442,0.0185134499553104,0.503308473484346,0.708435476567172
1960,0.0185058984627362,0.0157012383964091,0.394796846341275,0.732350298752596
1961,0.0196722730184213,0.0130921625497609,0.427255099304988,0.674498715269813
1962,0.0173506977159657,0.0120976471867923,0.42284708998479,0.650034324973996
1963,0.0214279128482668,0.0177907465078664,0.445541724236572,0.684727362715307
1964,0.0192725778802092,0.0154990902113564,0.391060504624614,0.599176116035866
1965,0.012366351444667,0.0130775189829977,0.419225362780398,0.553063217676025
1966,0.0157525449353448,0.0170386385158584,0.252674708132569,0.611791183619587
1967,0.0175107858162758,0.0111577440762281,0.221880062266098,0.499613086117517
1968,0.0150859660404138,0.010575535937981,0.243383248496436,0.464330233930828
1969,0.01020476473013,0.0103159706341308,0.254036941119626,0.467419078767565
1970,0.0139054995428836,0.0105013275652343,0.2583300123047,0.348753801386274
1971,0.0148481704601394,0.0113950312728655,0.222126290680636,0.499006838813243
1972,0.0160828879142956,0.00834916662766115,0.219219849863988,0.483786442155495
1973,0.0218553347718728,0.0125445009630973,0.21213784672188,0.583317002427106
1974,0.0231664825947429,0.0214025869201744,0.223082881571392,0.684168163340783
1975,0.0178315635406049,0.010013750972562,0.233427090795886,0.427333450081732
1976,0.0142190291585436,0.0113170468793373,0.231538504051729,0.634297875143648
1977,0.0243684944881808,0.0111758458166876,0.226682164101817,0.554640879575217
1978,0.0165445215315692,0.0137815450895399,0.270160758326877,0.52103014777647
1979,0.0190215869122965,0.0100218928082792,0.269738908602684,0.540840173706667
1980,0.0169619236731545,0.00953260246053006,0.239148349911429,0.548201259906481
1981,0.023746913025293,0.0113044462211493,0.255079550231832,0.514786546345301
1982,0.0217653880475822,0.0172157625593128,0.241614566978417,0.713741723421498
1983,0.0269914024761295,0.0112748283704132,0.214651056312285,0.592163212319875
1984,0.024264974669925,0.00879493145615309,0.261497681196829,0.44963290413529
1985,0.0189613496162102,0.0116004775252106,0.311479271034285,0.511179420614401
1986,0.0236597347965457,0.0161399502422849,0.241283914164319,0.651102116123786
1987,0.0176862841012043,0.0156390382962042,0.234842226901757,0.558400363139882
1988,0.0177935078737548,0.0112982344554446,0.260642391397132,0.42422411559745
1989,0.0247030526083403,0.013428022134772,0.258626296909485,0.4990324758985
1990,0.0235546212832575,0.0134025253253867,0.269487398786922,0.567249359848301
1991,0.0171394963998329,0.0104378158188432,0.241816175060087,0.478797342115067
1992,0.0170778934397501,0.00860534636442291,0.237136597539915,0.454915863897296
1993,0.0176496458096565,0.0131658253948081,0.255743599769624,0.534437886661633
1994,0.0192754434248153,0.0120389503754178,0.285536348231199,0.533299106948361
1995,0.0254791324529954,0.0107883102875081,0.252290968480563,0.544364432307891
1996,0.0193181981364613,0.0149633603921866,0.271760146038401,0.648034295752991
1997,0.0188342592479786,0.0134843281685621,0.226176916339106,0.656158143979028
1998,0.0274430811016532,0.0102432339628925,0.212561939730211,0.438306669242266
1999,0.01696245927228,0.00745316590950599,0.345385045327609,0.435534448706995
2000,0.0240388909002023,0.0120557651972508,0.427324044583829,0.533924344171564
2001,0.0212173290054636,0.0118023733658183,0.471430434171567,0.697350712862301
2002,0.017396091015269,0.0209644098104667,0.369550223760162,0.730882017439073
2003,0.0254119544994955,0.0123613975601998,0.403610327194356,0.548120756176929
2004,0.0166063458474503,0.0229141926067416,0.259213262749756,0.684022871219435
2005,0.0163238467238286,0.0183363720808748,0.263047997102796,0.696046787537083
2006,0.0141103858148708,0.0130496852993551,0.223308501222148,0.626247906057167
2007,0.0177954468307152,0.020388361005853,0.276792227835181,0.729856218674419
2008,0.0208710743214853,0.0251067491099409,0.217232125295483,0.77194243712297
2009,0.0148833295517998,0.0308411476282664,0.436409957672605,0.839119345939917
2010,0.0205411702806388,0.0259912942247971,0.455408651590553,0.805903205403788
2011,0.0255228352291566,0.0256502742167716,0.39030097001854,0.797208396927279
2012,0.0188667369144953,0.0204979292317545,0.43104553813402,0.793299844947162
2013,0.0140947918112115,0.030932996584323,0.439955957428511,0.817398100808308
2014,0.0188416181923592,0.016071066573494,0.441255258122672,0.72377396274721
2015,0.0198748518288535,0.0423788546386256,0.4412061645364,0.876079235628733
2016,0.0171213014827422,0.0236634837959725,0.375750312054295,0.823265695436686
2017,0.0221352811621253,0.0255814215811122,0.434913172193389,0.796328201361144
2018,0.0148065235689861,0.019089455658959,0.421454352252546,0.712266008599243
2019,0.0166323491518545,0.014899434478367,0.448695472097572,0.699730551309166
2020,0.0179541073153229,0.022811076209524,0.430396083311568,0.794407553076679
2021,0.0198262760025804,0.0193170322158004,0.457223576881848,0.756462105199204
2022,0.0152028361993057,0.014851822194671,0.428339104955141,0.679144793253483
2023,0.0215339842644097,0.0167320268360744,0.443081560101734,0.680380401523039
2024,0.0196433651500367,0.0224201475364716,0.38784397709689,0.781562383104793
2025,0.0192220802164844,0.0167607881577695,0.510828818302232,0.668811072642181
2026,0.0120705034915384,0.0141183135051711,0.538806523704608,0.718741647284376
2027,0.0177344042831169,0.0236898503841458,0.439596953282095,0.789612567866507
2028,0.0168273943518182,0.0125623132115404,0.426500641492317,0.624036291379941
2029,0.0186684393199165,0.0109478870999351,0.454482432331674,0.61211222879603
2030,0.0214123085984358,0.0115208774617649,0.378994172343664,0.504804233923877
2031,0.0160033541979313,0.0138941261024523,0.268626389275125,0.574976813716349
2032,0.0177293760996029,0.0174102086796012,0.255435185699991,0.614792174802945
2033,0.0156373988190738,0.00983676371534782,0.255477639643704,0.416274359010586
2034,0.0174403110243679,0.0108543180209344,0.241638920822214,0.532432552253741
2035,0.0229615571580257,0.0113197251690027,0.256374149396923,0.543996001688318
2036,0.0184714660771617,0.013200447868434,0.221301851306758,0.659675697207819
2037,0.017653420227208,0.014371313380317,0.294294574158883,0.580460302786686
2038,0.0127587489159824,0.0114970290354224,0.270290150336394,0.525034570752577
2039,0.0217368939238126,0.0132229177154248,0.260964539386005,0.585906395262975
2040,0.0250394884080158,0.00995625636046353,0.221885837667428,0.533860685609981
2041,0.0228806630524774,0.0115453873108291,0.281921523804106,0.516441803892139
2042,0.0215847248483105,0.0144720778757445,0.262542893015695,0.500910704717734
2043,0.020773165852509,0.011326148791048,0.25863553781996,0.495541410670866
2044,0.0158287778603079,0.0121642897117125,0.193831751176702,0.526181613354889
2045,0.0237890006638005,0.0148095768256111,0.23530975206973,0.528522239944273
2046,0.0173812020223525,0.0133768227988565,0.243793587918981,0.546076607864993
2047,0.0210470914445465,0.0145606308512299,0.285354791188786,0.590869135013603
2048,0.0178449462336905,0.00828524754146838,0.251590815481432,0.52329898266706
2049,0.0203794813482974,0.0231724784839971,0.259241415490835,0.728270409126443
2050,0.0254358346040433,0.0148928309403223,0.260320526559869,0.655494167918568
2051,0.0230476643588966,0.024387842542075,0.276386977116463,0.740075816289326
2052,0.0187307511597122,0.0185533338029634,0.262155590262992,0.747280855218713
2053,0.0212500235034712,0.0208429047687825,0.210299891559909,0.793962291187487
2054,0.025509408016044,0.0193702017935554,0.267563745674742,0.629403596074049
2055,0.0205752820781761,0.0199429355443801,0.238351186669028,0.687157900042372
2056,0.0221954579718807,0.01524712938954,0.274452185016399,0.636135529590337
2057,0.0195163079757142,0.0172609677519778,0.270754818692215,0.609614736400887
2058,0.0174560614287535,0.0140514145811833,0.253964605751351,0.566655502936303
2059,0.0231645357696369,0.013316593418387,0.218817790812987,0.622962992195007
2060,0.0214292842368843,0.0103847330081443,0.192726548415366,0.456274426384689
2061,0.0177091423478042,0.0138799763126578,0.215435273962821,0.655588712588122
2062,0.0174506464970727,0.0113393313169749,0.260867477980192,0.574329340252426
2063,0.0267868278027281,0.0195662065197299,0.262173157300684,0.717637862495559
2064,0.0218593225961407,0.0130859650039672,0.448605555916606,0.542963457820935
2065,0.0208401763551067,0.0147708660559197,0.495876546299015,0.701354005793171
2066,0.0205230153043357,0.0141008041736927,0.427991744075084,0.625067326046491
2067,0.0178619750589369,0.0147739464020074,0.440836972910981,0.624674475340246
2068,0.0200174741181903,0.0136497580633204,0.42220910152614,0.577642755463891
2069,0.0150427180827397,0.0160707713142993,0.467653428746923,0.561064586026564
2070,0.0223042934698327,0.0131371477218898,0.436383656715857,0.610284615218473
2071,0.0198414070259222,0.00947644662746539,0.417315755252764,0.508447947951735
2072,0.0173346850823728,0.00907547269609293,0.383316851526001,0.477819776692159
2073,0.0208912837897821,0.0075390171471,0.230558845493992,0.494571931434673
2074,0.0177187076362062,0.0159507350911528,0.21282056241224,0.626307672219459
2075,0.0128918536423508,0.0120553649522361,0.447796988241711,0.560745667057126
2076,0.0194716116772555,0.0130626307494474,0.440291058835829,0.605820041903809
2077,0.0243216973704989,0.0146040838400804,0.429310063930902,0.625126017307698
2078,0.0219762780737816,0.0149432506207301,0.422413382133612,0.643735172967238
2079,0.0218103330362495,0.0252704505760534,0.425771767166461,0.803078682366961
2080,0.0138637975039312,0.0174404560746608,0.418190531208681,0.698451126454213
2081,0.0171687262540294,0.0115584446545141,0.439930057354049,0.598137998992949
2082,0.0165262351466016,0.0141452837136907,0.437355185952913,0.566325987925116
2083,0.0203714122438399,0.0139768712985898,0.468931033563792,0.530731908896329
2084,0.0157100599821008,0.0109590384732041,0.433689661458023,0.529440881690962
2085,0.0197563118143391,0.0141376242582388,0.447113704236513,0.717878261451293
2086,0.0180730736327765,0.0128539232478225,0.499333457418986,0.658642221900577
2087,0.0242388149194736,0.0183156558361348,0.483901418971782,0.745065257515128
2088,0.0147487565494888,0.0240289986429528,0.441853386894544,0.749900466011234
2089,0.0204869582061569,0.01497249186057,0.432654574767416,0.647633985149443
2090,0.0195451574711763,0.0197484529695452,0.506299815283017,0.712114397551251
2091,0.0266037320358551,0.0225466192307308,0.502806998251281,0.80453523255039
2092,0.0208188904753417,0.0238680068754417,0.498877881702513,0.81709495039078
2093,0.020513419547021,0.0173911795018806,0.468055775879303,0.753069531210697
2094,0.0171631419107706,0.0115591162401307,0.413148184137792,0.647883611710466
2095,0.0197269080721212,0.0116199425914252,0.444507485056138,0.476161741097447
2096,0.0209489862825295,0.0156859006157127,0.416251177059451,0.638170357856559
2097,0.0161370709642875,0.0190576071348595,0.389924648833583,0.734506715302441
2098,0.0232795821264824,0.0246373792160496,0.44144418223141,0.777638931306964
2099,0.0176381042525539,0.0192941996765191,0.428198800868594,0.767796218533144
2100,0.015488803430886,0.0247384062256371,0.366225455505157,0.740065093434648
2101,0.022080631183007,0.0311630756162167,0.44406746182646,0.83347284476061
2102,0.0192509444454859,0.0248212599276232,0.514107355938276,0.818274726982134
2103,0.0130073617042155,0.0293825368240393,0.50132547561027,0.877981216143111
2104,0.020839465474242,0.0369427597337339,0.496086896792192,0.890422733910517
2105,0.0261575719546584,0.0256014494096258,0.407225674522654,0.849032093176608
2106,0.0194564783899932,0.0204220972027806,0.520760141424975,0.732689546587545
2107,0.0219790720905827,0.0143577328619199,0.513442880017788,0.707168470997492
2108,0.0239498854078377,0.0197485035447315,0.434616642576262,0.704453239904126
2109,0.00705440084033317,0.0271655952599085,0.508417530158553,0.822624821223879
2110,0.0249339064067796,0.0257557620126475,0.488141810042505,0.811904845649395
2111,0.0185041213953696,0.0267334890590578,0.505814773466086,0.798743238200657
2112,0.016635160941726,0.0350974251794948,0.487812458171193,0.856692944776257
2113,0.0169947494291443,0.024913699599481,0.449902795239002,0.827549842453414
2114,0.0217916964585969,0.0339106169690847,0.439208747294983,0.825339877963762
2115,0.00994555180883827,0.0129248482617312,0.48718672255767,0.642863080171482
2116,0.0198452684223406,0.0130551872003738,0.441880406423772,0.611149317702715
2117,0.0164326607400759,0.0217800765244635,0.500451718264168,0.792432782138059
2118,0.0186944599524467,0.0165175941241831,0.506047050911462,0.694619192928897
2119,0.0195384287041282,0.016663888676206,0.489312393197612,0.67165312197226
2120,0.0259555549949649,0.010629605529113,0.413420600233876,0.556709020013484
2121,0.0250194315377645,0.0164201500529674,0.514491910214057,0.592727177796083
2122,0.01147718038155,0.0110415613729014,0.413829444696959,0.614699394725086
2123,0.0206256524507965,0.0178034127705713,0.419020178748455,0.691590769652563
2124,0.0206529828451779,0.0122008212099739,0.435940632020101,0.602842000788781
2125,0.0167875665127536,0.0145361933303382,0.452060857737448,0.605799510736477
2126,0.016982119903049,0.0154100249981677,0.485070689673962,0.635272269538203
2127,0.0239434798718316,0.0189604037756687,0.409978644990173,0.754627613871445
2128,0.0214834277612171,0.0185530441595266,0.394046523983075,0.757405077090757
2129,0.0147018887748427,0.0155029963215467,0.464064571451127,0.758273015650983
2130,0.0224718400594469,0.0244647641009989,0.439260437710935,0.785003350117509
2131,0.0160116205438952,0.0220354288999779,0.444610277020184,0.768494174900386
2132,0.0241699435902761,0.0184308935204016,0.450350722822916,0.700570042262457
2133,0.0155103759870979,0.0215081868282363,0.450814228040459,0.739480064346685
2134,0.0194211423197721,0.0292565713043968,0.441640284013273,0.782178183826553
2135,0.0186054220237191,0.0391072201722591,0.495500611944741,0.864954085902257
2136,0.0248926964487469,0.02630409116225,0.437754648253848,0.83397650779984
2137,0.0170617686506835,0.0273165047532671,0.493985173271391,0.803095060243762
2138,0.0178122598591947,0.0257081008969077,0.394335779827759,0.807450968420146
2139,0.0119078210190748,0.020883035336155,0.426548046125961,0.765830508042134
2140,0.0161162827836863,0.014373554619251,0.261230589288804,0.631075210895353
2141,0.0241584015213191,0.0184553861364674,0.222401336548467,0.633483753303608
2142,0.018415683085614,0.0163418568212973,0.272143324569498,0.671239276994318
2143,0.0186859062791573,0.0106433953747952,0.219409355858603,0.528823488778146
2144,0.0258596666336857,0.0138683310880582,0.23491288565683,0.472609980578038
2145,0.0129741647679913,0.0134036057707789,0.266916434420287,0.588670052932588
2146,0.0155178087383386,0.0122820855563146,0.269028576014044,0.589662811486399
2147,0.0206271826286208,0.0155220608680753,0.257292048285172,0.634513309570403
2148,0.013220209586542,0.00993452024378203,0.266477397677075,0.543240788173881
2149,0.0132330450270712,0.0112126420049667,0.215326370120385,0.56841478043921
2150,0.0188641477998203,0.0122432861063574,0.256501618302276,0.48519020390296
2151,0.0184245398862924,0.0138190368650698,0.243152115923514,0.630631283315212
2152,0.0215087919067359,0.0117459167349841,0.240515060978198,0.615272299434877
2153,0.0196707862491531,0.0161167535809261,0.260296894115845,0.667322977143319
2154,0.0151694855832247,0.0116115041126588,0.217054078510697,0.59374144267305
2155,0.0240750504650827,0.0138032090976423,0.232826307575483,0.650483002041575
2156,0.0140632302524329,0.0105442797119569,0.281808002978343,0.583652031726084
2157,0.0213820204596388,0.0115593759896192,0.222518099723819,0.581638950573581
2158,0.0175559871213761,0.0122148947777289,0.228051605763364,0.535400159545926
2159,0.0143629588933808,0.0109531949113519,0.241384543542047,0.509149001051395
2160,0.0222452783304954,0.00866789773180938,0.220440696020361,0.494604912164533
2161,0.0129785476665384,0.0134804686001098,0.240827134979129,0.547568154230031
2162,0.0186557913114717,0.0164890645668067,0.225713524642319,0.652352614112007
2163,0.0216742928347617,0.0140428907476757,0.264425002788106,0.613970520624771
2164,0.0259900519465196,0.0142090543451,0.261222669051222,0.623142197496407
2165,0.0189867368490354,0.0152428560949927,0.235684194633775,0.612497085027867
2166,0.0240150625370705,0.0128625020240164,0.239931553064412,0.629372468630804
2167,0.0187109766257269,0.0115705414677802,0.230129726757078,0.589699169318968
2168,0.0238545123521716,0.0138099800314216,0.238611668703189,0.578948870837387
2169,0.0190918545620755,0.0169914762851056,0.310716651728106,0.595692526704342
2170,0.0245067219116309,0.0134398368729769,0.238697047472231,0.605174811637818
2171,0.0259694195699188,0.0109910485621985,0.22680606077844,0.515587523134079
2172,0.0217237031166002,0.0111415672393122,0.268034877953266,0.510316428465488
2173,0.0162628775157453,0.0168108758077463,0.254803480159025,0.621879996493662
2174,0.0132437413594622,0.0138592512680837,0.259753712506351,0.59890528831544
2175,0.0267170006093837,0.00983661761187934,0.225904645449805,0.548866953590547
2176,0.0122535249735873,0.013758532930931,0.233993405840239,0.67759411240048
2177,0.0231496329669891,0.0174729774442159,0.262941214512703,0.674505795995828
2178,0.0204692794727425,0.0183333698284776,0.238823431252027,0.639541983755581
2179,0.0191165252618931,0.00823503465633005,0.251910555783365,0.364654180128272
2180,0.0180521651484103,0.013457710558611,0.262332507620817,0.676429159354139
2181,0.0224183329042644,0.0126614498153705,0.254805922481802,0.628320996830908
2182,0.0182263050924384,0.0179900931800485,0.270989341605418,0.714101410954626
2183,0.0203262603222386,0.01196606376436,0.314997094215069,0.513917082553255
2184,0.0261624693668538,0.0140070316649554,0.216498968077491,0.544682721701787
2185,0.0167996998647216,0.0220345583682506,0.21572845367018,0.72333074443646
2186,0.0182884200440689,0.0190288253373561,0.273357056027789,0.752312446691872
2187,0.0220568104227883,0.0162704381040328,0.261256278674038,0.681518636471668
2188,0.0140250190021367,0.0142510910492187,0.249888030862505,0.474104879181536
2189,0.0138883909061191,0.0124068242379505,0.209052902569827,0.509067420814148
2190,0.021245390137971,0.00999310780714403,0.224126693047669,0.442928704030049
2191,0.0186194944104593,0.0136560486600329,0.409894059493174,0.597484616913119
2192,0.0245268557935201,0.00930542407315305,0.346128566692066,0.566204133069311
2193,0.0234421960012774,0.0153664593463473,0.273542583200626,0.549706106098223
2194,0.0200466140010259,0.0126713791349059,0.220160843553016,0.597377241208927
2195,0.0281037597413591,0.0181959014239135,0.234317110177775,0.655500824299932
2196,0.0156842275951586,0.0155700382803181,0.255745643079131,0.654635853037334
2197,0.0231269492415875,0.00969412890274024,0.214961731125064,0.480638229051181
2198,0.0265568999261224,0.0160676481509965,0.305163042730076,0.653269397300028
2199,0.0178222529129737,0.0163487771404604,0.281591796555245,0.666254123364743
2200,0.0186406702743546,0.0220821716932799,0.232673436311456,0.672856993790129
2201,0.0209408356870855,0.014650797493978,0.269598326483498,0.590833682414861
2202,0.0210899999530969,0.0109707680383704,0.225805854482218,0.608261399240744
2203,0.0169717281229382,0.00956097786228111,0.215327338308473,0.377883251555866
2204,0.0214301843577561,0.0104804859730191,0.265389271108075,0.456038858466569
2205,0.0173526712342745,0.0106721974102444,0.258757150365731,0.611119614369431
2206,0.0239539894081078,0.0100719792980099,0.243483098350341,0.571576492779365
2207,0.0280869452654606,0.0152224101426509,0.217470405601549,0.629163351748967
2208,0.0191448813437743,0.0128912086517222,0.218400899901916,0.548991488705293
2209,0.0228100015121219,0.0102376354156965,0.241173359771423,0.543750056480075
2210,0.0184077457125128,0.0139320526885224,0.251796551314544,0.559811428090256
2211,0.0249197096421221,0.0110454993419983,0.203018185511311,0.508971939392296
2212,0.0250454406891429,0.0114427660687607,0.214437374694595,0.543517259201802
2213,0.0137910847068217,0.0128945074392305,0.221369630638977,0.479090242692048
2214,0.0243602370669156,0.0114749718509825,0.251379423641657,0.51318532204408
2215,0.0211968044035071,0.00906310562419255,0.220075099526236,0.471479374729535
2216,0.0155883618959493,0.0160208503140324,0.261498110926145,0.660762012767671
2217,0.0114748819617257,0.0154278560468178,0.26332265587274,0.681010460871341
2218,0.0230489939076677,0.0102453822330861,0.25943102907603,0.55173471046627
2219,0.0152771782447383,0.0153640944751786,0.248983993843043,0.60883551761645
2220,0.0203139099836887,0.0124850825008502,0.271427798915805,0.620798004906769
2221,0.0174256586903297,0.011710587614182,0.230945262279639,0.463919542154273
2222,0.0205417578769845,0.0123642825813933,0.215039351667384,0.586460478652823
2223,0.0215918840536286,0.0171402153029491,0.224478415019751,0.606614807873206
2224,0.0201385153818185,0.010477063858316,0.267573279632502,0.569985354425674
2225,0.0146219625925937,0.0136576781317327,0.236339233421318,0.565672249779059
2226,0.0175922188443289,0.00812554570581349,0.254506506440652,0.46468516707427
2227,0.0196915334075407,0.0182072260237942,0.274860193091459,0.656334914208134
2228,0.0193481604130875,0.0182429728901494,0.251060378758504,0.622235485905395
2229,0.0174469514295025,0.0144217327937214,0.271607070658024,0.619413005824959
2230,0.0214768728781217,0.0140165131864965,0.245972573862325,0.634377877012954
2231,0.0214399831482722,0.00853373915419639,0.253423756184356,0.525818179734449
2232,0.0192360840914646,0.0115550678890481,0.267844531352925,0.480481852337094
2233,0.00447570997729379,0.0115796070288595,0.214521141921872,0.57744586310481
2234,0.0188904327442382,0.0198163253966677,0.233343460436024,0.723987385829501
2235,0.0249568980648965,0.0150390257391302,0.22105244520903,0.628503357613601
2236,0.0160029883769003,0.0102979318255307,0.25506415268424,0.511943149585634
2237,0.0207692583230773,0.00923030391975892,0.224702417916458,0.500084481335621
2238,0.0238650210080002,0.00998233476246972,0.218836027404871,0.542596061966502
2239,0.0187436643932363,0.0128965069934621,0.257543406309576,0.615112740084072
2240,0.0202529973627849,0.0101290197551778,0.211659216034091,0.527842395613242
2241,0.0165756315670529,0.0135682678097133,0.263027704469405,0.628008963248441
2242,0.0181725722636172,0.0129007966477969,0.263558094646111,0.610787366726368
2243,0.0196263608951809,0.0136536123438289,0.266155487183717,0.534065448516061
2244,0.0184703313115745,0.00997518791412182,0.255606334859252,0.487323526398171
2245,0.0138971692063376,0.0102172420502702,0.244483208873311,0.542221584132691
2246,0.0214699094808117,0.0130218877875702,0.208031071210615,0.517840944100678
2247,0.0155043169333291,0.00898015921796882,0.247643216277056,0.454495879131185
2248,0.0232893396687905,0.0110926937256168,0.256792600510886,0.450739701602706
2249,0.0240130649957151,0.00998905220009477,0.255567104237202,0.478983748472754
2250,0.0199087663566238,0.0117936590748504,0.219146411820494,0.424197809246501
2251,0.0207893740495816,0.013788102074713,0.223602925417642,0.56707267031863
2252,0.0144184059994963,0.0109811316194787,0.262986428866936,0.430647828595073
2253,0.0175437791191447,0.011441973067311,0.234364800109177,0.560595229586245
2254,0.0204510489713458,0.0108886485405278,0.21429909438979,0.428575015527835
2255,0.0181746638306438,0.0129539857844983,0.272657107757911,0.6207302099744
2256,0.0138499155426458,0.00925494823809318,0.215584852080188,0.458930893070592
2257,0.0218133157470171,0.0105877891087454,0.280879121287696,0.472999663116395
2258,0.0185919906277736,0.0216611386407361,0.449523110071297,0.68431186433314
2259,0.0249911103138804,0.0259602995133032,0.490590943608537,0.728089131075881
2260,0.0156521700922462,0.0158175057413163,0.391510662962026,0.643334898935467
2261,0.0130304671240593,0.0161528229286576,0.501044748727393,0.615765822848693
2262,0.0147118339748339,0.0204249916966359,0.495889470555655,0.70367173522772
2263,0.0309321811216013,0.0189281544295748,0.406059230773005,0.703847149397558
2264,0.0207668352488118,0.0141871599272594,0.427830127121464,0.716933006520716
2265,0.0215864577173784,0.0147029496798796,0.429522340126962,0.608556293824239
2266,0.0152819538830451,0.0165903386283881,0.439094609610761,0.700751874138899
2267,0.0221580128574634,0.0122366209864965,0.419812555137056,0.469887350116701
2268,0.021512181014984,0.0114390599913599,0.267888725324242,0.496209221323439
2269,0.0259116231947051,0.0132968753012338,0.245146801871071,0.592531435905976
2270,0.0171269532798696,0.0131165324491786,0.269754505019721,0.623630062914372
2271,0.0134477242132432,0.00961974980802981,0.253393885495573,0.367495843635679
2272,0.0207393341731197,0.00833187148041566,0.262174084019309,0.468824549004407
2273,0.0149331851900051,0.0113635783458976,0.267953742919365,0.501148181607951
2274,0.0104460684138817,0.0122390322116679,0.291321674230522,0.548343612024355
2275,0.0196509516576897,0.0101109234333095,0.27508345716535,0.536094563661703
2276,0.0214483267042881,0.0160496036368533,0.269324964278949,0.613466778730308
2277,0.018357447122218,0.01377648727982,0.204297610078778,0.570131186425373
2278,0.0170460752228555,0.0110481573515969,0.425468251873637,0.465883484975734
2279,0.0256596479416514,0.0152844323274079,0.517682505411723,0.61791270976813
2280,0.0176389268846085,0.0176751534574478,0.450171710472856,0.637022756583115
2281,0.0159297237414906,0.0117738559044991,0.461441968044474,0.573651644766063
2282,0.0172213987601379,0.0111476260421035,0.415913232543212,0.588414229285797
2283,0.0138034302555866,0.0148604973353034,0.4363924340745,0.698401072340172
2284,0.0194744145305097,0.0136443989098899,0.524132476764697,0.649536881019157
2285,0.0252949339974374,0.0173729973243774,0.403767857265432,0.614415761909197
2286,0.0148569463660449,0.012173147512286,0.380841706958407,0.531301036159915
2287,0.0260918986361184,0.0158501567943071,0.432637761823767,0.694204438736012
2288,0.0186053336208414,0.0110850111207656,0.402728984593763,0.539644331537636
2289,0.0164135141382016,0.0145640968530606,0.465709348567259,0.691203123229913
2290,0.0180779748442676,0.0260717885197631,0.460175224827599,0.775175327946992
2291,0.0208451178570195,0.0123965268402626,0.448331302623734,0.521575337022009
2292,0.0127133007712276,0.012448445874142,0.440789884410571,0.633827761803269
2293,0.0252314696517809,0.0164203012245936,0.438181497700822,0.66208779257593
2294,0.0198459054105441,0.0145229460091483,0.460707030992943,0.736486036759311
2295,0.0136406083185915,0.0269274953919343,0.466886545340629,0.764196388270649
2296,0.017298884415266,0.024974959259173,0.524053864759252,0.81850265462415
2297,0.0126608643217407,0.035900176496474,0.434996512342679,0.857625218785774
2298,0.0218360587402865,0.0314827817370954,0.420427866283728,0.858005366934124
2299,0.0208068466548948,0.0396131727004672,0.391995133025148,0.869915012356208
2300,0.0148499353690852,0.0415714661232911,0.42545586365273,0.890310520085865
2301,0.0199284469005483,0.019308798530743,0.427883336502266,0.737673405711442
2302,0.0150551047440916,0.0277951252226699,0.445851403655018,0.85273903353022
2303,0.0260257685021287,0.0216818965860671,0.430019117762177,0.791858871549988
2304,0.0168793850652951,0.0156472040850358,0.427936816866348,0.649032039187381
2305,0.0222517110634859,0.0196347759827247,0.438571511594359,0.728915699540676
2306,0.0175496565887302,0.0194182788922866,0.396814085197946,0.785759171165548
2307,0.0223315939598038,0.0337568186655845,0.441330536983249,0.818268463068721
2308,0.0127313947556809,0.0256606834322167,0.412963647167494,0.804048841127199
2309,0.0255109728143599,0.0242006575744429,0.435676711352732,0.799115389048807
2310,0.0194455633122387,0.0168115554539755,0.500027428505122,0.765345180846315
2311,0.0192944514585479,0.0195148909537365,0.427283900949415,0.717724292607242
2312,0.0194646000928617,0.0136256186172953,0.391378706512274,0.653778685978705
2313,0.00991628456810435,0.0220750592654862,0.447067887298525,0.754507052383839
2314,0.019979260646498,0.0304368592729442,0.429729387981824,0.781940372847539
2315,0.0212772274374524,0.0220873720189335,0.419472894859896,0.784591695167053
2316,0.0150135780924388,0.0241047889548588,0.457365973141081,0.814881757725304
2317,0.0201196826415732,0.0174032908415269,0.370972286586755,0.719917486339904
2318,0.0203289249593278,0.0237625705112446,0.388889546115918,0.820232802684079
2319,0.0206226305714224,0.0300435280570935,0.486767181435504,0.788413534198264
2320,0.0252858534278101,0.0180088867991918,0.428680513237312,0.717755911623946
2321,0.0190234985791587,0.0193468724645836,0.413382830303345,0.735373471066424
2322,0.0197780238797649,0.0434398190837921,0.418654359324244,0.867465938337887
2323,0.0258029664063953,0.0351391732222375,0.514858717074853,0.846398352820675
2324,0.0174427436312752,0.0324015510484568,0.484558338395949,0.839757879366227
2325,0.00998250168581156,0.0338540154649579,0.439383482329211,0.86072381106056
2326,0.0206046018512518,0.0207920285229056,0.383323535846273,0.833646659516839
2327,0.0214769980977995,0.0308260058588153,0.232450527895546,0.820064025991977
2328,0.0211427563812686,0.0141023356902861,0.261436259957529,0.615876451818664
2329,0.025788229679633,0.0141366959259434,0.27264900706165,0.616231894330191
2330,0.0224686008623298,0.00917125010819374,0.248649590074615,0.453795502848035
2331,0.018336209610918,0.0129691094646783,0.264858660608957,0.55254636268183
2332,0.0170888796058252,0.00828276105028418,0.228880151926685,0.466820588884211
2333,0.0174638235827754,0.0108857066915997,0.224359013361851,0.56019274957387
2334,0.0181415985742906,0.0128371748511542,0.247240497716457,0.594663432683331
2335,0.0254498113017175,0.0118733039814643,0.317827265977841,0.599670145245643
2336,0.0187821640816489,0.013647531476112,0.221468558091794,0.584978439528001
2337,0.0172055714318942,0.0115765156561419,0.219338167487951,0.523658451145525
2338,0.027646035990165,0.0131629375081951,0.217647741228514,0.630804995998644
2339,0.0247123225336105,0.0190073035256012,0.229641283282682,0.682295996780524
2340,0.0201548613660256,0.0203493891105892,0.346044742910244,0.762829487103892
2341,0.0214417274045049,0.0178025970454846,0.370270192208903,0.686393328564716
2342,0.0173206858070433,0.0157598427804452,0.38765473968503,0.696740277625406
2343,0.0160854862231434,0.0133886494005171,0.442445043348856,0.673723539230723
2344,0.0121894819033173,0.0137132809685461,0.421737751147989,0.698604088158649
2345,0.0153089154200035,0.00923100508028693,0.440736994280763,0.547185686375053
2346,0.0193188582006814,0.0150662031262737,0.441686454436653,0.661838325230388
2347,0.0206504259530856,0.0161530146354114,0.416846093337466,0.626170570032341
2348,0.0181313775178818,0.0228462674038917,0.315840369251483,0.760588384744075
2349,0.0217924081007863,0.0212018888429676,0.468148641607907,0.759008930774341
2350,0.0153960659518285,0.0199144815842499,0.418767174971316,0.705952831380187
2351,0.0211723215450331,0.0125629654471929,0.425433772946022,0.559913080323751
2352,0.0258421807540016,0.0156725170632347,0.403396860081685,0.535810311386052
2353,0.0114927024364701,0.0108255579968443,0.434646400477431,0.587005810117879
2354,0.0205887918922426,0.0110737084423309,0.438322273801875,0.590855896533077
2355,0.0191487183355007,0.0181445612241941,0.436916470335773,0.710363833728207
2356,0.0189457824687658,0.0152195134225669,0.445755506361885,0.660403478043074
2357,0.0169787961947226,0.028758818041893,0.383491818520348,0.836281178168918
2358,0.0167951390687048,0.0258987872413658,0.43864371563049,0.767703149913983
2359,0.0162063166784341,0.0171568016309262,0.4918781422523,0.661298624299685
2360,0.0171488983230631,0.0116587466620735,0.440482450156706,0.596700999363221
2361,0.0228575458426866,0.0244787723713496,0.480477406965958,0.738593459907909
2362,0.0141014174088824,0.0202500682797536,0.505257402836987,0.772821570154055
2363,0.0235597337194,0.015433046668468,0.434133519604235,0.677819681252058
2364,0.0223528929763691,0.0198664085118359,0.449176778799628,0.717952840799762
2365,0.0170957291625015,0.0132392515453221,0.5109990733614,0.601285766988698
2366,0.0187946252939547,0.0168739264109843,0.443114613092518,0.725553296804318
2367,0.0265166356911354,0.0148953129714532,0.37567870510928,0.643988117788031
2368,0.0272850656395509,0.0190219203959917,0.385761979032307,0.703517970020386
2369,0.0176572240690619,0.0101460768894509,0.449371889421234,0.584568629978861
2370,0.0174141546744872,0.0134522324838287,0.430329034228516,0.614778098441342
2371,0.0185378538957724,0.0124500560802026,0.400054675149567,0.579219878312942
2372,0.0179645762339287,0.00940989726437532,0.445448756841107,0.572163334561164
2373,0.0226033426247967,0.0115215147525092,0.496846191910337,0.625197313117419
2374,0.0172945784254342,0.0157721850782813,0.434511181544592,0.644289468956187
2375,0.0164370351151255,0.0143918193220679,0.423050613177799,0.713968145377559
2376,0.0156642629893039,0.0120810382256394,0.470033563922223,0.667793530148063
2377,0.0182053730752826,0.0135183684312355,0.427883055290265,0.629440410416814
2378,0.0197001275650978,0.0141312579443814,0.259325114142545,0.54607750214506
2379,0.0159585645500289,0.0130086510432947,0.215309785253549,0.485829591803783
2380,0.0136379758760073,0.0104643499806547,0.243812764730758,0.496658591011549
2381,0.0233421672354609,0.0170261646339149,0.249089813919329,0.683202685026368
2382,0.0163318057093025,0.0185415662215871,0.264682855740215,0.709170980093668
2383,0.0140558977901173,0.0123652183521733,0.236155106952936,0.586657206459835
2384,0.0225104464599047,0.0116259356368558,0.239629224921238,0.517497138557558
2385,0.0227895882966128,0.0132665516984136,0.228914875898946,0.555984194850837
2386,0.0259054716149169,0.0122603843211081,0.227167297787076,0.539822458108219
2387,0.0203891533801956,0.0111589613577941,0.219489188901355,0.55709809193434
2388,0.0153225420267172,0.00753557689230696,0.24576954927355,0.417407469677763
2389,0.0163849716565778,0.0117529428275037,0.223985664111277,0.504576539712113
2390,0.0175469723196928,0.0100859275993545,0.189531384487149,0.452043412117485
2391,0.021077440988576,0.0119884403309971,0.235189284637118,0.509828538000846
2392,0.0174556940115806,0.00953672671736185,0.246018966896599,0.356113327007526
2393,0.021180690872079,0.00961569186002608,0.239564048671617,0.366658561781158
2394,0.0180932982412892,0.0100430610027958,0.256818394778706,0.566601027771432
2395,0.0282907459117723,0.012801285447144,0.239297511543387,0.553317571585832
2396,0.0107014708960097,0.010676863439052,0.270968305511847,0.547709568656037
2397,0.021369329249175,0.00990547447097181,0.254434000445437,0.533695458899554
2398,0.0199867293708347,0.0112896993889261,0.268953791054264,0.544536359814032
2399,0.0222253226119548,0.0186641431310736,0.417816589555422,0.75727951788299
2400,0.00631537249379631,0.0190707902272666,0.399157072278019,0.719917078994627
2401,0.0224265735216062,0.0201802366907876,0.399434281764075,0.717424444348899
2402,0.0156621057996656,0.0164896768079304,0.390920650014906,0.720901830757277
2403,0.0171539270033369,0.0132568122471647,0.516836738414092,0.616864086433821
2404,0.0152186789994498,0.0114324714639603,0.44783409199139,0.548427851469724
2405,0.0170800650046685,0.0199277592489958,0.428281269174331,0.701380700875128
2406,0.0180429776399798,0.0135455344087442,0.419268759041888,0.59178669020859
2407,0.0185600815505555,0.013132800873634,0.447008481379885,0.567055283538828
2408,0.0234043354111929,0.0139998426988158,0.409015465918297,0.652609096368494
2409,0.0225563669588465,0.0125251129563456,0.319014687054367,0.653524142541368
2410,0.0147546087334771,0.0147493514077071,0.219556869858463,0.667955573977983
2411,0.0244709584027574,0.0138295005604749,0.226741220115282,0.572697759819552
2412,0.0241545902834451,0.012468358738207,0.298074334996254,0.56445818175093
2413,0.0194118998429135,0.0126684809312653,0.440372572190041,0.655496696683533
2414,0.0142194171121984,0.0181413243409887,0.400353949672542,0.638693926876452
2415,0.0176457600569975,0.0123264915851418,0.397312432589434,0.654501883592191
2416,0.029280427346747,0.0167787415508987,0.430803477847082,0.627267001615009
2417,0.0235861965404561,0.0149569884692087,0.397627269849805,0.71306740182905
2418,0.0148141166587524,0.0119889665189942,0.450778732944995,0.634504292397504
2419,0.0165993161840576,0.0176474195051661,0.515155184830608,0.736758862388986
2420,0.0229721343853601,0.0223235058925366,0.399239812453149,0.773130884912194
2421,0.0190365465978745,0.0153577989131116,0.434344353164859,0.714785632948555
2422,0.0177843240263077,0.0160151288975948,0.440046227582568,0.622913040963163
2423,0.0162679124206018,0.0134166805532531,0.31091032415281,0.582878684581852
2424,0.0236570508944264,0.0150045590869911,0.244200110377422,0.560481573712567
2425,0.0147493641621466,0.0128387531620822,0.219865240878486,0.567802106169379
2426,0.0192026406251819,0.0124394213743732,0.255725387577276,0.617437124224456
2427,0.0246325897470757,0.0108850759027262,0.447272426183442,0.530072923460282
2428,0.0159596809579908,0.0175593707595302,0.485501642605719,0.710183173609125
2429,0.0233132902714915,0.032075981685065,0.429485486679905,0.756503997407531
2430,0.026627254511075,0.028116063331493,0.388074894491424,0.83491618774672
2431,0.0201357861134131,0.0135441913990038,0.394506906245297,0.667898069705392
2432,0.0185024641111561,0.0182739758923096,0.426601045035453,0.713264580339684
2433,0.02075777474809,0.0200903884356372,0.426681692758109,0.762046460546695
2434,0.014030909614156,0.0207369223734648,0.425554020741229,0.754140255880185
2435,0.0214543480192446,0.0189808401252165,0.490209322869949,0.748769322221906
2436,0.0201984160444401,0.0166351593459994,0.427600965196138,0.648961101851258
2437,0.0200612632237272,0.0148227307524045,0.404056556350457,0.662843488437529
2438,0.020017308512716,0.0133767594944995,0.425403369511004,0.552756150902566
2439,0.0146305994212956,0.015195731622219,0.22385334903633,0.502540459493048
2440,0.0180537395627561,0.0146458148956582,0.228208454241675,0.528061938507378
2441,0.0251454040924603,0.0154537195543672,0.228634310581785,0.608766031077163
2442,0.0196949438878137,0.0142414982538706,0.262182521518464,0.566920331903812
2443,0.0171422048751433,0.0152541104750124,0.229386010992685,0.63099451729326
2444,0.0158900805455121,0.0108156289204757,0.251781196037375,0.514686990786203
2445,0.0134942012252273,0.0103878311520096,0.272554807702646,0.524337106588693
2446,0.0191245286184604,0.0101556461872564,0.239941593154067,0.564806702429697
2447,0.022309631545885,0.0123889329986947,0.300131506749882,0.631778643987741
2448,0.0171077452873001,0.0172121161133742,0.251418376538296,0.637480863307375
2449,0.0198627220020238,0.0151380309953367,0.212879595358857,0.632799608323016
2450,0.0185305450467941,0.0116314087407254,0.254873430150398,0.521771671663922
2451,0.0266013346588621,0.0101401840474211,0.278413529479169,0.4708481674799
2452,0.0210233415399548,0.00932295395100124,0.254383378701346,0.342907462592021
2453,0.0273875764786732,0.00909548190021178,0.244422307296323,0.458074962309656
2454,0.0156420649107659,0.0114258326091664,0.226625899563784,0.502485550556766
2455,0.0149146131611813,0.0111691631946182,0.255710732542441,0.496212967688974
2456,0.0219543787388264,0.00856977866981966,0.211784718747508,0.369966733629957
2457,0.0184819406474908,0.0157434498582406,0.259070759713071,0.666181811094252
2458,0.0198561321754589,0.0126309646176913,0.257815514607487,0.545743442833975
2459,0.0208062011801937,0.0126006591181246,0.289710848999852,0.565622789482391
2460,0.0106471907464742,0.00896219828089045,0.263943958818825,0.501448462695487
2461,0.0175420637262367,0.0179987656772668,0.251497982758545,0.616569101755241
2462,0.0219518261752398,0.0212105958464063,0.275527979989136,0.687691852135447
2463,0.0202049210802073,0.0151157012102104,0.250600408320557,0.620830445997217
2464,0.026284703965046,0.015204279361556,0.212147271093842,0.634883038162593
2465,0.0161004499054071,0.0236178337606987,0.378000699829383,0.676642189631142
2466,0.0183149685856353,0.0235602998113531,0.451675649240784,0.760250688075013
2467,0.0205764379009281,0.0336293473561641,0.427948308582752,0.818593211914026
2468,0.0241824009136934,0.0348134534468955,0.485833784465732,0.838543927230104
2469,0.0195002206915559,0.033233754734314,0.346732753963215,0.872415449392046
2470,0.0230767074470428,0.0483541982093075,0.249283338065631,0.850918426933078
2471,0.0190277445107457,0.0460082639840099,0.25046353425943,0.829219216299623
2472,0.0156033071996374,0.0266640241054951,0.243114965573527,0.775492834071284
2473,0.0249943197025645,0.0249830080256426,0.261150527323789,0.756057391577499
2474,0.0174521552238635,0.0146517686300617,0.221463536486114,0.656605379715493
2475,0.0274570181804657,0.0186014891344178,0.260295606604493,0.574652080512892
2476,0.024262580751368,0.0146912455466533,0.347370467478734,0.688885736511847
2477,0.0231227813545051,0.0179868009172615,0.252938309040075,0.709593196094021
2478,0.0200611608786123,0.0115476645393592,0.274845206887355,0.546806260746206
2479,0.0132034467834197,0.0127406435507818,0.271837691345059,0.609024454145544
2480,0.0240241027074766,0.0139823230059726,0.186047932304138,0.514402131979592
2481,0.0128812365931568,0.010900750208156,0.258651712474529,0.457234400454975
2482,0.0196380915102354,0.0195956555320191,0.244722036301574,0.651003637846905
2483,0.019983770699542,0.0221889153326595,0.344896450051092,0.705942521378493
2484,0.0275208852138719,0.0252702946223958,0.387422785575067,0.753185632546489
2485,0.0196719702552419,0.0096561940093129,0.463153248867038,0.503077355832342
2486,0.0204363467739041,0.0169571678749603,0.445155833844875,0.681554975879044
2487,0.0125566111479976,0.0136215171374586,0.462906438912546,0.556556348423709
2488,0.0235318244910298,0.0151047324892692,0.259544658029672,0.702298139490402
2489,0.0244950500357309,0.0186603715952899,0.219070118357475,0.658035414219782
2490,0.0175893323712349,0.0126792538637267,0.23429061795267,0.566196365484963
2491,0.0221358230667484,0.0175267617653374,0.21889637702199,0.654268968134446
2492,0.0200935638508235,0.0121836271132112,0.212695249073343,0.552631489301415
2493,0.0193974687925335,0.013655624653865,0.261170777691008,0.556025111917273
2494,0.0150603590181202,0.0128763613721689,0.255854265238718,0.546115829397159
2495,0.0156402511807401,0.0142372407953672,0.20938114170562,0.597144173890479
2496,0.0159588643607224,0.0107173382260806,0.22285394564147,0.53255370047662
2497,0.0142082703696665,0.0114643069678815,0.218363636131062,0.471630731122343
2498,0.024166071110111,0.0133455327227255,0.227536159444334,0.644987569661176
2499,0.0222815796311376,0.0101966843631968,0.252743249224204,0.565844768659339
2500,0.0253486209438136,0.0104879256456151,0.246583993180675,0.4434187252792
2501,0.0228459695697319,0.00964308893777241,0.237184560368917,0.480138835666697
2502,0.0178893233409044,0.0110413262163604,0.266177613260671,0.397612209900716
2503,0.0237552087248084,0.0159752125005854,0.22031365372633,0.604399562493633
2504,0.0139359377427189,0.0112606992890015,0.298449918729382,0.549437556121955
2505,0.0128391120717685,0.0147770360679497,0.257500731263812,0.652397468311045
2506,0.0179336778790753,0.0150878194484461,0.271267335375643,0.696216917945025
2507,0.0212564208305224,0.0192230232742228,0.239740721456247,0.686735391075367
2508,0.0201083200170626,0.0184890617920901,0.240077313524229,0.723871687643114
2509,0.0242626628107558,0.0184998356103451,0.26732941365798,0.742360357412336
2510,0.0260180333687775,0.0192535097026848,0.232970426827397,0.760447146444924
2511,0.0139719257580826,0.0196176519572463,0.428757800457531,0.758534740279692
2512,0.0114038735794279,0.017045939714046,0.456414789719271,0.661709948876869
2513,0.0199156528012258,0.0400892317576716,0.43645565215967,0.837742206410859
2514,0.0172081893989187,0.0775670905601405,0.455811570068772,0.937314867355263
2515,0.0199800457897998,0.0753116722965785,0.408885144957385,0.911203704389075
2516,0.0247458602137116,0.0671064560902849,0.405749446715428,0.921931965297544
2517,0.0191861596585638,0.064344920837533,0.492118645883615,0.934280533385723
2518,0.0174916596120178,0.0678200948767852,0.504264373518988,0.920125369303832
2519,0.0167542700485698,0.0518031503787655,0.520640857381863,0.912323940063481
2520,0.01967269673456,0.0575954826971847,0.503064349890964,0.92897805493422
2521,0.016167319270823,0.0711406418178461,0.44238844399906,0.922971602177975
2522,0.0157376400394964,0.0573618830496403,0.428596760084959,0.880271336744018
2523,0.0120272982039503,0.0241172865784183,0.399172694643351,0.791976865236313
2524,0.0295818875231554,0.0205148531681813,0.370527979399511,0.786488677900975
2525,0.0200215852966167,0.0193623027647171,0.433654740748528,0.759498952773398
2526,0.0221153610107001,0.0214367084916039,0.511332405132157,0.728929752394831
2527,0.016535855597278,0.0257812339394345,0.451457064052221,0.809643724962764
2528,0.0229271711542118,0.0176871215341289,0.42188465980464,0.752918610976897
2529,0.0173940190752749,0.0241537908931126,0.397836692029468,0.799434619942861
2530,0.0213370251136138,0.0195726974207447,0.398763527179728,0.732644762198029
2531,0.0192907628646563,0.0215969289383827,0.407957687218315,0.775126347665978
2532,0.0274849700181498,0.0374970315395777,0.394901347511859,0.888196916481467
2533,0.0194179623424519,0.0442413088970865,0.435560356052245,0.887684616157676
2534,0.013339654320868,0.0290833063169487,0.493098292172324,0.850454062624939
2535,0.0169234042723654,0.0227052900620214,0.498445496513543,0.740937113988145
2536,0.0235933371066123,0.0158940147660928,0.415622703706602,0.726090990730208
2537,0.0225503683895634,0.0175269989508163,0.391436767775997,0.713165344351802
2538,0.0291585148480786,0.0131579048688003,0.416904451635405,0.603650343202808
2539,0.0195626959265754,0.0135032649649223,0.39360836404685,0.677843185929447
2540,0.0146710436363697,0.0145010271483621,0.485432151388206,0.755617955543598
2541,0.0185526105409471,0.0247946817631822,0.494334057432347,0.769966288758098
2542,0.0180834983529253,0.0184348555163515,0.387607631658937,0.754662214137055
2543,0.0151733057404411,0.0170215925692651,0.4422169308647,0.692412162890182
2544,0.0163790243039112,0.0166486091157086,0.442617361241618,0.696990212787607
2545,0.0185319155944481,0.0163447861870454,0.445139809413009,0.718469626498194
2546,0.0232651329341779,0.0186190729867192,0.414279021608596,0.700153357652882
2547,0.0162953040028275,0.0117553189060499,0.418025295371688,0.677432217988314
2548,0.0212258307038904,0.0179254827264449,0.450071046790882,0.772730655927443
2549,0.0205566406776964,0.0396334736633764,0.512200682181267,0.845326919153655
2550,0.0243299859028665,0.0379387834009287,0.429054397063677,0.829253959507849
2551,0.020438479544487,0.0294828413500174,0.277528700124822,0.775706945262283
2552,0.0166915267085894,0.0147978187919034,0.267136606991692,0.685041229631856
2553,0.0222846228671459,0.0176723860109666,0.25335146045386,0.685840532943128
2554,0.0155788741727714,0.0179218688459026,0.217889700656507,0.657830743838502
2555,0.0254283886151304,0.0222942758812026,0.254411871595127,0.709511475827036
2556,0.0205150660330575,0.0145557256996191,0.234365303496728,0.630463702072661
2557,0.0175961022866667,0.0113680047836716,0.223300249158728,0.545770024351868
2558,0.0220786157677565,0.00945942204447213,0.270423528273608,0.479923918288346
2559,0.0185487916111686,0.0167026535577653,0.246762605121498,0.571989667207957
2560,0.0206114245514052,0.0135511547044343,0.241334434597131,0.564507079514993
2561,0.0231062816489195,0.0106484078646729,0.210060392391845,0.475567872244067
2562,0.0183963492609588,0.011054709607809,0.259874283567703,0.552398965368268
2563,0.0202458094177837,0.00967402903616413,0.391772529203253,0.550204923022817
2564,0.0180464180374333,0.015481861592613,0.346362706661969,0.527629307892426
2565,0.0215726139759907,0.0100045515657857,0.202859486256271,0.511265057138129
2566,0.023251413264325,0.0128455223728878,0.221553733192812,0.596955004536222
2567,0.0164613910878096,0.0168878997639835,0.255516463059077,0.565474191055843
2568,0.0147430465636369,0.015287569856226,0.479558499044843,0.667561187036478
2569,0.0157067464723909,0.0177875937172395,0.440058857547001,0.668318511857315
2570,0.0207052516820441,0.0122935066520868,0.288725626857153,0.584080885299428
2571,0.00446456598218317,0.00983414336296164,0.253584936153462,0.458338205445286
2572,0.023060853896423,0.0117098660399241,0.232975487799895,0.61492481746164
2573,0.0201707422478791,0.0137271429444139,0.272198629846182,0.496766088621464
2574,0.0186899708917562,0.0147106489421191,0.23102513591874,0.619074267961101
2575,0.0266482180026107,0.00933553796732136,0.264046830447138,0.407858080058289
2576,0.023111255419987,0.0146686044073387,0.283235453145368,0.593326479262883
2577,0.0187483411483804,0.0121442639225523,0.22228418588112,0.483223560424885
2578,0.0138270887626565,0.0120090281334558,0.237887302484629,0.635506048282509
2579,0.0217684241472825,0.0134904356143877,0.260648035381392,0.620680363810291
2580,0.0246961661605891,0.0109295753615452,0.23463593016405,0.58122541618493
2581,0.0156074986791388,0.0171601811469804,0.305717581176406,0.721523195186698
2582,0.01766633368666,0.0183379822698023,0.298075416381157,0.723693597574906
2583,0.0215612398031271,0.0191197171678503,0.349037407689404,0.777935185592904
2584,0.0240464714944565,0.0262618668449486,0.444758498912272,0.788647079528768
2585,0.0117750167623264,0.0206743129472058,0.483474964277226,0.76237291190918
2586,0.0200769729917697,0.0251601539701964,0.468784316079591,0.797067013676549
2587,0.0161475227414239,0.0243023612480311,0.506577862038739,0.821662656550123
2588,0.0166418136190505,0.0200009526776922,0.506370989402013,0.770356540540967
2589,0.0195443392111382,0.013523562211239,0.441830149177604,0.609747574732619
2590,0.0205497465335022,0.0158935513374387,0.448428830794422,0.688060688616895
2591,0.0147005541695519,0.0130804106994503,0.469482117851324,0.656234802447629
2592,0.0155469378945941,0.0112655964835602,0.442816302893116,0.599425179352076
2593,0.0167214124659285,0.0170516752099721,0.469094272365384,0.665599057981059
2594,0.0222207421028135,0.0112517082696749,0.453850057215962,0.63326066720248
2595,0.017498991130933,0.0128087673003864,0.432288349013274,0.652540821530632
2596,0.0177662940590533,0.0217154577254371,0.430536085253898,0.689084095138363
2597,0.0186269595448919,0.0135728996562063,0.423946778900382,0.62022504088233
2598,0.0229445961960601,0.0157470179683741,0.428854562368781,0.702588419985875
2599,0.0248847886311268,0.0156574017813909,0.429052163652047,0.719023492325883
2600,0.0167491758925222,0.0143311964077306,0.40918947365194,0.662451834171673
2601,0.0174473862912795,0.0120268314326189,0.430080256094738,0.522728475682376
2602,0.0177151272875264,0.00826394715608354,0.438328099723827,0.499028908418524
2603,0.0182337604498957,0.0116260903745307,0.387330005424702,0.573351783846557
2604,0.0224360136080757,0.0136821474501816,0.444723522340794,0.574369376069755
2605,0.0243205217528806,0.0134997211915855,0.373788991385641,0.476641296289579
2606,0.0240241753119405,0.0115423481400224,0.429928105295571,0.577140329068389
2607,0.0201874763014283,0.0116343287424874,0.444548927155463,0.62797506400988
2608,0.0212891631552415,0.0151435957792364,0.441182693896388,0.63595589083399
2609,0.0297151832751318,0.0122737566611607,0.405583016523447,0.597051743598482
2610,0.0203361939283522,0.0158725870076408,0.435055982996052,0.566199772062778
2611,0.0149959826791957,0.0139463941870576,0.435679134576809,0.605927808363033
2612,0.0134076136655262,0.0215570793890765,0.429143344061585,0.788075529724303
2613,0.0210319724146261,0.0229701268074917,0.397591923385438,0.839265608931729
2614,0.0205570703605006,0.0300746676723006,0.392736683752915,0.853213097375892
2615,0.0196860798960879,0.0231870475428691,0.434049864577765,0.808719399491757
2616,0.0226674314468525,0.0273066329352947,0.389207315780082,0.831489170637699
2617,0.0180357617830952,0.0266035839676037,0.455483424457088,0.832718726893737
2618,0.0240935944920461,0.021889716998069,0.425931463157668,0.766293581849905
2619,0.0217282474085008,0.0172779645559452,0.503198636290706,0.766964994583354
2620,0.017706359590544,0.0177835671644873,0.413373744767372,0.694170463025456
2621,0.0175572894628363,0.0156391917317018,0.401143142296618,0.590130819963673
2622,0.0212869329454027,0.0118700974028229,0.409607948853579,0.621435645528553
2623,0.0132563002636882,0.0133302724523148,0.404553235905289,0.689369883261797
2624,0.0234175883527376,0.0175153869875421,0.526586547381258,0.747905530371234
2625,0.0204087380146995,0.0133706385964738,0.512628899338234,0.714360470493662
2626,0.0127934024080432,0.0215069376879595,0.522348624599534,0.786475821158665
2627,0.0225058363356142,0.0243717697404295,0.49163113176258,0.765272155085183
2628,0.0177093609387047,0.0339106181934355,0.383272781670597,0.855919344674182
2629,0.0214928855890811,0.0348310333615424,0.462768229269364,0.86082612046429
2630,0.0203790409448698,0.0303828074014228,0.441788041260405,0.827734802020784
2631,0.0151722070279252,0.0189485070976498,0.437128331174016,0.784671075558753
2632,0.0144339328265393,0.0128856734559882,0.482371859265428,0.649313291368785
2633,0.0117044181281344,0.0168761505006302,0.459288214882873,0.734749495795431
2634,0.0178186065083477,0.0184905111448596,0.447280309837589,0.733533163884292
2635,0.0163993367784371,0.0216268769197007,0.406190650021548,0.770074500298132
2636,0.024111284066892,0.0168187058182275,0.434521042305342,0.704600896131714
2637,0.0213274816607781,0.0170877488108565,0.442585091709452,0.691169811568677
2638,0.0223540577071234,0.0114998651528663,0.471147982250706,0.610476084351372
2639,0.0223517217246586,0.016804956076011,0.436259371879995,0.70682603181011
2640,0.0191524989967977,0.0240046446565612,0.420898280434051,0.794520817568514
2641,0.0133108835902281,0.0159346945378353,0.442672870182001,0.676883234869427
2642,0.0200863449366076,0.0144709548860373,0.428625511983436,0.652024035706123
2643,0.00653359286923032,0.0146930761288152,0.438338969562759,0.701924962763702
2644,0.0239912258802828,0.0155195214733101,0.508106039294687,0.690813099407834
2645,0.0157451570183985,0.0196646555066307,0.463032379343789,0.706177194124728
2646,0.0130362285116257,0.0160397590145438,0.416651014308244,0.70039244053461
2647,0.0129750061884034,0.013960768912853,0.428513813172679,0.647749517282563
2648,0.0201204316829802,0.0280688556655839,0.485646686155517,0.788626565479394
2649,0.0156646749071316,0.01716577459266,0.480512159327929,0.663259450046385
2650,0.0185949799282705,0.0260832763644453,0.448785559763692,0.809297566929941
2651,0.0275088910548458,0.0203339963450859,0.439479783060394,0.740602397330578
2652,0.0133089270613089,0.0202653486596168,0.444317241743762,0.733118875716722
2653,0.0206421966266126,0.0153541265957483,0.259120172016112,0.615259513484468
2654,0.020144324049831,0.0135349631517689,0.441003701245323,0.618472943350727
2655,0.012702694927936,0.0144751579495638,0.449947302654429,0.597786628653741
2656,0.0129057614334493,0.0193604758854134,0.454185849056323,0.736024803647019
2657,0.0126380767749717,0.0284084485882627,0.501258220229562,0.81443815641445
2658,0.0201587681959489,0.0295577610086931,0.391993266459727,0.799345172432959
2659,0.0228648050183698,0.0287485282667899,0.26636631016959,0.807988024828705
2660,0.0196090110687564,0.0255700134610808,0.293605179354238,0.709007180540601
2661,0.0169810550807383,0.0158267217792094,0.231598302963017,0.616221132626112
2662,0.0240092100733871,0.0133438453377489,0.235116933897265,0.553351591906266
2663,0.013437691098025,0.0164402466781691,0.261535074499433,0.621040793693537
2664,0.0218875688979038,0.0171053827521459,0.247690942137238,0.6220412534602
2665,0.019671598000464,0.0129102202796526,0.223559953593787,0.597373400771873
2666,0.0164815571544045,0.0151956885637826,0.258054690041595,0.523358264411189
2667,0.0199948589647386,0.0107586077959999,0.222511225700098,0.588957482587424
2668,0.0191832389081693,0.00998979343816644,0.275824367722941,0.518749381681561
2669,0.0224125414942986,0.0129193149524868,0.261480752897905,0.566468010611627
2670,0.0273941898137877,0.018208104782818,0.25054400301219,0.66137722949215
2671,0.0170223003695001,0.0142923593221586,0.265368615845267,0.648643891579253
2672,0.0203726415241681,0.0118186823829697,0.229257158176633,0.529651861217721
2673,0.0137854890568195,0.0190477584864008,0.343843927241057,0.663650698644798
2674,0.015343635048804,0.0245831064864186,0.270136768001795,0.745262412203907
2675,0.0300058615871809,0.0173557952914271,0.246547718494243,0.66700293741718
2676,0.0145854456978257,0.0156190378696274,0.282577232757578,0.647548897798585
2677,0.021757800354679,0.0113479295106876,0.296661349375702,0.616565844115306
2678,0.0213881213937507,0.0158872827507717,0.24785688171106,0.589510497768282
2679,0.0253947257381174,0.0110613756155958,0.388992029708481,0.452569566866276
2680,0.020220470300864,0.0120691466304345,0.391451423148265,0.6103404675485
2681,0.0276237642057167,0.0204054033826379,0.4438468556622,0.782749604205055
2682,0.016956966358171,0.0186176653123384,0.450723017759562,0.745422862583565
2683,0.0118563268169768,0.0218278550865774,0.481661836310972,0.762692507907871
2684,0.0216156155875284,0.0210071395697426,0.458518529153919,0.766255970935449
2685,0.0256539374240599,0.0177776798070272,0.487930796520544,0.753697874562974
2686,0.0187452645135152,0.0261220362874667,0.483375412444942,0.782353160593134
2687,0.0169102372282354,0.035973817112679,0.430640172556105,0.85116386372704
2688,0.0227917798438999,0.0293311274018176,0.34469669081896,0.782995044862405
2689,0.0194393873474287,0.0173198348763585,0.391758584426212,0.764564469784727
2690,0.0161801566675335,0.0227388905773386,0.392184175154347,0.755310599228872
2691,0.0119345397826287,0.0150572550671789,0.49383260931033,0.65011991173235
2692,0.0146600834640417,0.0192547581578224,0.435829278339615,0.706391848924722
2693,0.0203580747082873,0.0141400984570944,0.264566681200527,0.657131590785052
2694,0.0250073207298106,0.0182365645552129,0.266001105732898,0.665711882460139
2695,0.0193390303026207,0.021035956913695,0.243866612626536,0.708884124895927
2696,0.0226627991429132,0.0112895591849893,0.231242882912643,0.575916765352756
2697,0.0231464925624545,0.0136751553467432,0.260856982008016,0.549799558773275
2698,0.0166399099901263,0.010404743285977,0.255721223324118,0.599124088329597
2699,0.0137582997149323,0.0157750402597756,0.25844774515541,0.673750000799454
2700,0.0191120176331256,0.0113429124329282,0.246921109361553,0.48244561246554
2701,0.0219319667658229,0.0138387359720465,0.273111746860832,0.6007718178969
2702,0.0229204683726801,0.0170036016035934,0.220304646660023,0.628778425152335
2703,0.0224928011584573,0.0108767672468626,0.261515063946161,0.454154690775124
2704,0.0251401088016783,0.0150731566023071,0.37392462158164,0.680372105201127
2705,0.025378294548735,0.0147441239655168,0.433667119463866,0.572685506557443
2706,0.0147312721948911,0.013805214161447,0.420818982141567,0.593627060220533
2707,0.0233492789770343,0.0116926424677197,0.405111976105932,0.555535979698467
2708,0.0207627723731266,0.0231266333642843,0.460246082747804,0.773879757733491
2709,0.0147388057590192,0.0245760747091731,0.50087230225272,0.802540244885261
2710,0.0192195037506948,0.0400118369772956,0.421773620609624,0.848118399909672
2711,0.0191378581506986,0.0269439394753706,0.500059482346684,0.830515458023181
2712,0.0228529935830991,0.0192523188293285,0.483808886515971,0.763272384308349
2713,0.0118134102769143,0.0189024493868483,0.501446779021424,0.763671439395373
2714,0.0252508728833749,0.0174984404864151,0.430826049078842,0.691270298869486
2715,0.0152302197616515,0.0195389973842734,0.43795487410108,0.773687618090872
2716,0.018096728249367,0.0279414048946201,0.429956759456549,0.827074019126139
2717,0.022543031583459,0.0191536419049275,0.448394639950085,0.714838186203249
2718,0.0191907736386864,0.0129166088472233,0.450742843914359,0.624025594676431
2719,0.0198832784430421,0.0105052851920307,0.444506490207243,0.644115658884921
2720,0.0110663167979518,0.0132293417483942,0.444470954087479,0.545398469280999
2721,0.0183314711653293,0.0119151465520767,0.402261825957532,0.573189430418047
2722,0.0158856037073111,0.016517661461012,0.437204000960491,0.672972992246977
2723,0.0147447104863812,0.0109991974467585,0.421250083721424,0.433633282234946
2724,0.0259947339389744,0.0123328243469706,0.378081363097823,0.383011842005981
2725,0.0225998730216475,0.0117878737458031,0.263558294709457,0.49369352737506
2726,0.01934809232263,0.0137411926356418,0.255375739922958,0.539121090743774
2727,0.0225612161196115,0.0143382592416328,0.270917105213913,0.674774655299099
2728,0.0173656831806523,0.0149435283655707,0.41952348471464,0.622777044870704
2729,0.0183378405495387,0.0147722419699205,0.277461082710047,0.647011629315443
2730,0.0197315495021804,0.0141327557142032,0.216926395036775,0.631535267541067
2731,0.0206726539975248,0.0147995925045198,0.262618097693533,0.636976603910203
2732,0.0203224989051206,0.0108046187136374,0.222270754969233,0.611257548583684
2733,0.0194585249759392,0.0161707667570374,0.441132070383576,0.765515441013343
2734,0.0131027412215396,0.0181381564207207,0.442245742384304,0.712912464074154
2735,0.0161931231582866,0.0217025123139697,0.518924736202866,0.743022472376453
2736,0.00844885860432949,0.0374415935788099,0.483344351492654,0.870218209119056
2737,0.0261569817176107,0.0280352879493542,0.394972101368674,0.843145064769253
2738,0.015418936362861,0.017625090801447,0.399153673763826,0.700624156697936
2739,0.020167037644978,0.0210194916807594,0.42607982309509,0.730676779492155
2740,0.0245475428155773,0.0105991645440309,0.445217566045926,0.563254005947479
2741,0.0191486492316156,0.0185510534571039,0.395863283739109,0.697838591182873
2742,0.0190745975960287,0.01865389395158,0.423632238266859,0.679768907230513
2743,0.0201097326334305,0.0151467163698192,0.500517580656157,0.63941332498481
2744,0.0192065125666631,0.0130048658135161,0.424674338539719,0.6344458626408
2745,0.017040628927608,0.0150725989357191,0.390042141740715,0.646299660210141
2746,0.018519895773088,0.010984877906492,0.217658476158565,0.541601729042769
2747,0.0239274373325231,0.0258903867388692,0.257596942230076,0.755772382432291
2748,0.0174333238895712,0.0140412111384666,0.217581681314002,0.657171635529967
2749,0.0232707659984725,0.0136074553205733,0.253139512046804,0.638417442883915
2750,0.0185607864883264,0.018783524455885,0.254972037723005,0.649301807145982
2751,0.0194553014313263,0.0146412879506216,0.408676358982584,0.647123783855069
2752,0.0212388815362732,0.0103595936104222,0.428841137168824,0.557934482787253
2753,0.0186953423239625,0.0152393736432465,0.430106349489925,0.595891938323809
2754,0.0154866563833452,0.0121450487126318,0.445846092162209,0.697582572999511
2755,0.0230433522371221,0.0205357134683955,0.441113184882614,0.75078529661334
2756,0.0253159671901614,0.0153014558346607,0.413841894740481,0.60255894097707
2757,0.0149159839452209,0.0191193366191172,0.258863042675396,0.668645375818561
2758,0.0250327812948885,0.0216540792474352,0.26264850882039,0.767344325255239
2759,0.0160018138709973,0.0330721059620498,0.321787551958048,0.835290478126615
2760,0.0192660615899627,0.0496007674323774,0.27850439203236,0.85793456957038
2761,0.0175809197350848,0.0221879104440987,0.224101687352096,0.809955855311174
2762,0.0185338381881987,0.0406976158287534,0.351347786801692,0.86060339092522
2763,0.0225023195013899,0.0306653253344976,0.427811538926598,0.824372656275994
2764,0.0210475945565336,0.0199725348096708,0.440712773011949,0.822682329604997
2765,0.0211771807801569,0.0300033969009555,0.375257304621951,0.822910318958303
2766,0.0190437512448917,0.0128699013800346,0.429793173226376,0.647062063236925
2767,0.0171742144450967,0.020961213951744,0.38814859008268,0.610687847889066
2768,0.0226155083851381,0.00895138514036252,0.416459719560784,0.551819064372292
2769,0.0169870993587846,0.0180237676831188,0.404718963878831,0.629861265564969
2770,0.017197570229727,0.0167662350330204,0.436414219996888,0.687811696989493
2771,0.0195738138040773,0.0176345758783477,0.43927690178823,0.690436347608501
2772,0.0207838845430603,0.0132381236774952,0.49127105418792,0.603438957379463
2773,0.0241354104754659,0.0168789181647764,0.537508313287591,0.64344575994596
2774,0.00704887256165381,0.0117589257292452,0.554142184853442,0.724940516522703
2775,0.0184624800635301,0.0142374800097614,0.576128718232848,0.664675885876818
2776,0.0193335608360815,0.0213482696196914,0.503469627769454,0.76155224078972
2777,0.0174603887850748,0.0213479021118016,0.442677759500062,0.754810741691046
2778,0.0198325467080365,0.0176362537085047,0.44025593720118,0.669180278587269
2779,0.0164085163485752,0.0103227213593563,0.4194336937187,0.611782107266456
2780,0.0225029788094057,0.0108000819856473,0.427116630664622,0.596525072741164
2781,0.0090381611273016,0.0228532266560895,0.381294874074334,0.701825617749327
2782,0.0222202507715718,0.0140711180845988,0.456106254440205,0.591342748619769
2783,0.0165443890040308,0.0103255298788932,0.276369846269441,0.511119307354047
2784,0.0190000652957871,0.014024741237338,0.21336112908147,0.586841702597297
2785,0.0183112997325651,0.00893035164513007,0.258788838806565,0.516343441219659
2786,0.0274806398045899,0.0108044014628539,0.267324426123668,0.553503417235408
2787,0.0321055006388395,0.0171020584930352,0.270419628693283,0.680127107660769
2788,0.0203570250897441,0.0141646659713044,0.262164333585177,0.614029380409234
2789,0.022881992241525,0.0105722779891582,0.233910972298222,0.486047344221693
2790,0.0208920654103841,0.014856300840182,0.259224859652936,0.602740918119035
2791,0.0233274826303096,0.0110124801448147,0.262837759942156,0.473255027797316
2792,0.0179348135644725,0.0149363407999772,0.262775030327668,0.60302314947675
2793,0.0158599663465419,0.0111085943890395,0.251567519456175,0.589561042276794
2794,0.0181203056996145,0.0117880678511341,0.252694610171781,0.576661395466655
2795,0.0173403301235243,0.011860950358288,0.22322495970864,0.64525130989062
2796,0.0182235955681471,0.00953739889938188,0.221527883506781,0.582810112202609
2797,0.0266225805124079,0.0119728181896966,0.300978828750998,0.652699149334111
2798,0.0189458759719453,0.0130938081883248,0.213208634950897,0.586427362049728
2799,0.0225974961399492,0.0144901408062613,0.220358066511539,0.544258147947477
2800,0.0261227796750836,0.0136153407729372,0.249666884940852,0.530106009431258
2801,0.0171970911989545,0.00940760217669432,0.264610788817632,0.569472043169988
2802,0.0175443630685705,0.0107640898991015,0.28113545832451,0.502025005501336
2803,0.0193545846154322,0.0160005075296558,0.214896796940338,0.635764024393083
2804,0.0152207396924715,0.0199897728174632,0.267271041712487,0.673636670009221
2805,0.0183682525801673,0.00926111545656584,0.234660330330605,0.539665441001474
2806,0.0228371678565546,0.0141924438668346,0.256033605730657,0.581044327905454
2807,0.0214643156732555,0.0200018089421836,0.22506238229575,0.679061835836558
2808,0.0177506063912457,0.0166153645310766,0.271549772612018,0.715213359307459
2809,0.0178234377965528,0.0101704600831974,0.217591689485915,0.507214407971695
2810,0.0200378591156247,0.0119705843321539,0.282952925423349,0.53078191312513
2811,0.0216051529652493,0.0156250692372439,0.253982097384279,0.626103337973248
2812,0.0150560739863295,0.016568293410304,0.233394198775202,0.635689760759443
2813,0.0187286331841106,0.0131335097952797,0.228684442467911,0.699225998212313
2814,0.0193489623015748,0.0138390787094955,0.253526133217358,0.667052665604533
2815,0.014163807749655,0.0221794910722327,0.276387352898688,0.652091351143599
2816,0.0234855984850533,0.0187456254057822,0.22644305644284,0.645449853889795
2817,0.0198041562095135,0.0177836762805795,0.425432087949701,0.664408184050822
2818,0.0208356754644107,0.0190480987128671,0.345820943943413,0.738741345749196
2819,0.0173046025112122,0.0123566757544011,0.431745073299531,0.623627579148484
2820,0.0182925109967148,0.0136860865586411,0.443123831226059,0.595114964586143
2821,0.0158712436665811,0.0121507881719258,0.433555888801525,0.484917952294869
2822,0.0223111137256633,0.0125478386656636,0.44481743163685,0.575745732546489
2823,0.0146980697359406,0.0174594650754869,0.431546539899167,0.659343759314092
2824,0.0140728152008981,0.0106778092810192,0.447864847616797,0.454304512527699
2825,0.0141291407749521,0.015300779327746,0.415903108465837,0.529876356496271
2826,0.0163546008360115,0.0150666419164868,0.397517621116587,0.719627873552255
2827,0.0222098467067461,0.0109986702815016,0.522281746083996,0.578891349695035
2828,0.0178294257168014,0.0163618849771533,0.506172173900361,0.536930689770853
2829,0.0209974204956104,0.00999858268961502,0.448645143507475,0.344502493207299
2830,0.011008457427965,0.0256024017340955,0.449528039292471,0.768751517506137
2831,0.0163774309786887,0.0208903716869399,0.428548259505878,0.735359639329241
2832,0.0243765027317448,0.0250919306887877,0.49181248566582,0.841666203654576
2833,0.0204873368099305,0.0362793398940233,0.48963737811004,0.885160609618521
2834,0.0215503502652567,0.0535319677056688,0.439496312140441,0.884096437717593
2835,0.0200291570289509,0.0327384876025434,0.496636696638588,0.842268234959788
2836,0.0221819899265186,0.0209851993070858,0.493330718794108,0.776217685444623
2837,0.0183731642494308,0.0221333576576199,0.509838249918774,0.747124982775811
2838,0.0140400669738415,0.0254855841815502,0.506729387154724,0.801640869648567
2839,0.0244522715053979,0.0337781332901674,0.513517061126914,0.863487790058775
2840,0.0143247913138059,0.0257477319251,0.538103366715091,0.819129501249366
2841,0.0147100438676809,0.0245264442173326,0.516727022606242,0.794399287529423
2842,0.0173189440982716,0.0251245276800702,0.426545448662027,0.805668411084632
2843,0.022268918771323,0.0243199328669675,0.498480251356909,0.82342291402499
2844,0.023213650696781,0.019226497285957,0.45318285568915,0.760428407949078
2845,0.0174135385244009,0.0231117080669752,0.43737805333528,0.795928793756827
2846,0.0128884621494594,0.0130554046287727,0.429066014825756,0.643787054086323
2847,0.0169568471931809,0.0147854015000609,0.48846022027785,0.606028464934524
2848,0.0284179510654553,0.0159297666828549,0.426005710570142,0.742853888577525
2849,0.0173372553171754,0.0216451613025355,0.397825632163034,0.772458319189425
2850,0.012407398927386,0.0206753775752019,0.391118944494569,0.746715103488557
2851,0.02179953565123,0.0198866688764278,0.508032792088437,0.776138052153376
2852,0.0202337525225282,0.0155420825136382,0.433546830214703,0.765641962776158
2853,0.0232768301913946,0.016829679113538,0.426009661614702,0.628730066736702
2854,0.0100517412704734,0.0190649451643896,0.446776018666599,0.72318913419689
2855,0.0159494396023104,0.013220755898666,0.286580767183709,0.602205983998399
2856,0.0234728443448895,0.0154723397395112,0.256341066100785,0.69286548723811
2857,0.0176681165629516,0.013952345130667,0.226890056562194,0.650228961866513
2858,0.021533420133356,0.0162311279300238,0.32124661777163,0.626682556041719
2859,0.0197940094024828,0.00979233123966548,0.403665742092805,0.454787799601311
2860,0.0210416044870712,0.0128218113426796,0.452907840779974,0.535331459325688
2861,0.0182331730430468,0.0122983244125851,0.456917258022317,0.578256098931887
2862,0.0184341797318508,0.0134517540319457,0.373271229483472,0.496267752014433
2863,0.0202542074884921,0.0154685829002449,0.256587359837096,0.635006808221249
2864,0.0173150523242956,0.0160355213013621,0.272298658501457,0.669283189483413
2865,0.02385267082456,0.0122770642101081,0.264382323684716,0.530714590683073
2866,0.0221065043436829,0.00965611901134164,0.229476960558773,0.479413110472466
2867,0.0212462451676577,0.0135045456593356,0.230187936509887,0.537101530502428
2868,0.0262410579769651,0.012587545472412,0.288039978685856,0.573989577269287
2869,0.021974198835516,0.0193731525648036,0.278638238112673,0.725124549515378
2870,0.0257684303333332,0.0134951447884711,0.391987721423151,0.536248695521434
2871,0.0208110496079435,0.017674979180097,0.427990679324357,0.66123666699526
2872,0.0190157211187364,0.0158959112516633,0.443958603533285,0.652955213978032
2873,0.0179160144960309,0.0144680599841328,0.440175834226249,0.699563975326842
2874,0.015583352764703,0.0172361043840388,0.452403089646755,0.624829133063341
2875,0.0178687299747508,0.0227481597520242,0.552125776033785,0.74084737120338
2876,0.0207338457137864,0.0222810261130048,0.524294450636676,0.771963293963381
2877,0.0123754270718665,0.0359015020914595,0.505858050493307,0.836938972292546
2878,0.013823292270261,0.0325882335352424,0.441775258739582,0.809581263934972
2879,0.0196356329216712,0.0220965467105726,0.456396848964424,0.779182654701267
2880,0.0169236347986481,0.0290684480474771,0.407835763919458,0.812122747558943
2881,0.018081769482851,0.032414167983973,0.370863099162704,0.828355774530968
2882,0.0170342943474895,0.0132837125194547,0.426952832119592,0.70597428300688
2883,0.0175647544893798,0.0129849384395149,0.456574554070361,0.627539896355239
2884,0.0250493179275389,0.0119521376006213,0.401663549664947,0.620220778380418
2885,0.0135840704016507,0.0120933887345175,0.473240028918591,0.578423005728841
2886,0.0154492812292626,0.0189241605791153,0.485891665651927,0.749863121528815
2887,0.0158020891404441,0.0250060289796069,0.404066749159196,0.784884901279342
2888,0.0229896872781793,0.0124727124815345,0.484668322854774,0.728930931126701
2889,0.0163943775156368,0.0189262604068603,0.447663278339201,0.748217534556312
2890,0.0248717604521407,0.0147361793825673,0.426131928410786,0.727017566923145
2891,0.0187048236154364,0.0162982901972012,0.489542667970084,0.699030063101128
2892,0.0280033742075309,0.0116203800237373,0.404837032368069,0.531582931289577
2893,0.0189063926879132,0.0117986371194256,0.45352164586366,0.547979140980678
2894,0.0241612716145311,0.0162114801355673,0.502105963496525,0.612584843831033
2895,0.0234511596769047,0.0128120510974299,0.403819379147657,0.615751132052907
2896,0.016707397224092,0.0137984078506544,0.442587753793197,0.60671152343837
2897,0.0196087517819699,0.0147837413348605,0.441308346939179,0.538258897376663
2898,0.0156988400594238,0.0128519170637714,0.41830561182299,0.517818204337546
2899,0.0199915306979572,0.0133535781386312,0.435354392747232,0.577006731070295
2900,0.0212056761648319,0.013136861499675,0.34374845480755,0.521377175044058
2901,0.0284431989479024,0.0147372533537366,0.265338242217978,0.616808391402373
2902,0.0170050967920957,0.0140673940315857,0.212016828990177,0.553192315728163
2903,0.018096645294751,0.0113148104348598,0.311201649403118,0.483406615577339
2904,0.0184770460831976,0.0176926050518934,0.22495169043129,0.675295741232608
2905,0.0205817381017966,0.0151145542581472,0.253766700009059,0.619070589138951
2906,0.0166119039411346,0.0149445285802534,0.253004138226212,0.635671317973775
2907,0.0214561875464072,0.0179676912733506,0.261230329377879,0.692374339176529
2908,0.0251074207673473,0.0118317886623813,0.234755221205647,0.56869914546212
2909,0.0180607833525595,0.0120511507193946,0.243057166599534,0.57620165872017
2910,0.0241906916220033,0.00984441050661531,0.233234896888581,0.384454998103514
2911,0.0141665235122959,0.00978337863216022,0.259270779599334,0.435129800382446
2912,0.0174396830855084,0.012833517064843,0.244964440267264,0.604101762237022
2913,0.023538892773739,0.0103570361986235,0.259874244276049,0.516593202220613
2914,0.0231664806653606,0.0147788819243021,0.235329480667977,0.644811848537093
2915,0.020724681627935,0.0119823882997729,0.269294408287563,0.474564056093448
2916,0.0206085728102559,0.00887342183211675,0.249173750525518,0.478620578081312
2917,0.0243118286320394,0.0140324175677859,0.269474043447012,0.685815371774762
2918,0.0165492744479658,0.0115138646854871,0.252594650868097,0.594027312899292
2919,0.0243788780536819,0.0122756450923225,0.243118486709115,0.555014714917742
2920,0.0208869053008727,0.0172069628952625,0.274017429329825,0.654956619012677
2921,0.0154383085385181,0.00991054442942693,0.316662720652817,0.432698723884618
2922,0.0191736117986007,0.0145832204948121,0.430709608986001,0.597468372356537
2923,0.0205492372755648,0.0133899344865168,0.427837758677185,0.627415273521974
2924,0.0169929133984677,0.0177920367731231,0.438256938560925,0.670293164080073
2925,0.0196455760695703,0.0203114808328543,0.416096586240437,0.700999212891256
2926,0.0276714745654329,0.014133733751431,0.492107721526212,0.619781547238567
2927,0.0189253984664844,0.0133824503730409,0.407680997001498,0.618112944021921
2928,0.023925877636033,0.0114484313814283,0.261975835891816,0.587246081786589
2929,0.0282094969436597,0.0106972152704982,0.275933373570989,0.516439221654664
2930,0.0175322451052944,0.0121204729477284,0.217615100503678,0.571171705833459
2931,0.0213709517840554,0.00958387699372372,0.2523938092381,0.485938440692592
2932,0.0210187128830013,0.0117193788460777,0.262440507361754,0.527993662229864
2933,0.0182546499979807,0.0223867162204623,0.305449037902888,0.733718919926737
2934,0.0199950500294212,0.0169826686410659,0.260959072897826,0.683014817604274
2935,0.0166903317949707,0.0182055625529751,0.222383140601108,0.646344620869896
2936,0.0202480218848766,0.016268131806695,0.303006760101389,0.67354175067389
2937,0.0196268974333349,0.0118889234235885,0.239631819253894,0.600352841580611
2938,0.0215300342654334,0.0132311972025332,0.183261300286245,0.522029466849127
2939,0.0133145376959615,0.0131762372121931,0.213048764903248,0.601312805656429
2940,0.0234784258263346,0.0105733730515907,0.227962598894073,0.461821622319183
2941,0.0229178412064978,0.010256456293111,0.257987333586411,0.476206416056619
2942,0.0197308757819142,0.0104632273453289,0.257693720272646,0.488677592727866
2943,0.0153440796931847,0.0107976132011393,0.243179970888361,0.5132907201129
2944,0.0199678326858452,0.0148387858887426,0.231054159360875,0.587245338610344
2945,0.0262682039785474,0.0148768059300974,0.41915533570678,0.649894484733542
2946,0.00903627304654972,0.0106937922397019,0.424231018900041,0.530088917244001
2947,0.0184994402751893,0.0122699486584238,0.403872975596097,0.568597367519807
2948,0.0236377988743565,0.01732951691288,0.227968486506328,0.668719116497277
2949,0.0218048711891462,0.0145305792260118,0.271474547293716,0.642032161814203
2950,0.0181047010004801,0.0106063389180222,0.258412443602119,0.400584681697522
2951,0.0172792605111027,0.0103427211695921,0.270947452749535,0.405340400539714
2952,0.0210753785840488,0.0184116616869614,0.242267714477372,0.620409416609646
2953,0.0168874840701682,0.0105650561377105,0.268076438419942,0.465604720607779
2954,0.0152589182381723,0.0135006412944655,0.248088349969925,0.541037694312522
2955,0.0217783199169859,0.0112479067601914,0.240440840405985,0.600549096900867
2956,0.0199968667841145,0.0236382587818908,0.222668339202645,0.746826296438883
2957,0.0227051991324459,0.0158466551616188,0.241955062994588,0.665269161508043
2958,0.0215088343310348,0.0132436165025938,0.263737459195001,0.551139445959041
2959,0.0141397406826841,0.0130665420861054,0.267703490330794,0.570205820823444
2960,0.0186231068574532,0.0104409658437972,0.2660039436586,0.528181260433312
2961,0.0242422417921922,0.0130900241158174,0.254337080222926,0.581265334969574
2962,0.0172874394390094,0.0220932179968619,0.23514587321236,0.752733946942071
2963,0.0246735592415149,0.0254238583088938,0.26741329895322,0.73996702623096
2964,0.0108899164705463,0.00980215123064758,0.259425212053838,0.485998637863049
2965,0.0208594024143796,0.0185747021556748,0.232346468468646,0.680813944529173
2966,0.0195764815997425,0.0153177797497168,0.231582439830362,0.641130201441538
2967,0.0163492913712813,0.0107896225030411,0.219562328035299,0.467247770727445
2968,0.0155161230143289,0.0117559982980351,0.253607758925937,0.487476608066056
2969,0.0214501288284859,0.0121697096455745,0.264379752977255,0.501039653531636
2970,0.0217223662855613,0.0138575585204474,0.249821391910774,0.562432738818586
2971,0.0226617963782346,0.0130042429761788,0.291120481874331,0.581739965393685
2972,0.0295230520897252,0.0115527043967965,0.245485942455103,0.457552099658248
2973,0.0247441419747402,0.0112432093155729,0.256509923924988,0.456673261784828
2974,0.0161352934208712,0.0115473448777152,0.272546998024507,0.608462862270015
2975,0.0151990177692,0.0182061185534137,0.237148351785079,0.685497772475085
2976,0.0216861601466579,0.0121366114808993,0.240327987993487,0.648741503070506
2977,0.0148810053738267,0.0149653051703933,0.226418667318593,0.675352216553312
2978,0.0267981584517272,0.0109645398501663,0.261833116852061,0.474144393377978
2979,0.021578565456498,0.0131430072534829,0.263518259521221,0.535413310432056
2980,0.0198110866278843,0.0112727136940559,0.240923497168422,0.631021099015301
2981,0.0222489951751314,0.0197218051808775,0.237836361456356,0.717654329169005
2982,0.0180358640469419,0.0173728093581451,0.251776147717618,0.708489437348025
2983,0.0183700022538331,0.014524653307527,0.220924539382598,0.614800743004631
2984,0.0239466087991612,0.0140728278216186,0.241016474539669,0.667634813330979
2985,0.0146800448906252,0.0228944432453739,0.230125152353482,0.676354439240994
2986,0.0179149102387496,0.0138977370924958,0.271393395716078,0.550336088949601
2987,0.0178997189998049,0.0114996279144342,0.268548714465372,0.508051290794117
2988,0.0208428867813056,0.010360405043829,0.265608877687532,0.560649575555126
2989,0.0244441728809069,0.0172747680123365,0.239002028347696,0.594202280632413
2990,0.0239149387628364,0.0114164031869806,0.440485406836334,0.543917718184109
2991,0.019121520530775,0.00969411399593631,0.410061550831561,0.515092535787314
2992,0.0172181167768229,0.0115653784237839,0.379909966563006,0.601036704382781
2993,0.0218562197216883,0.0180141337958898,0.387942373828456,0.710940696218634
2994,0.02090180918284,0.0174440846001313,0.437282894526993,0.708797566541578
2995,0.0183496353425541,0.0199612951983953,0.457137546969075,0.737117749550555
2996,0.0134983832073378,0.0206783310087774,0.448833232740367,0.735792501225425
2997,0.0188000443563289,0.0145159941079114,0.450886508245473,0.618522820926092
2998,0.0126883073749876,0.0184950053197593,0.407210684329235,0.721549708356841
2999,0.0186901354083414,0.0216094702533787,0.431101247878813,0.772088439847514
3000,0.0200381139876414,0.0148180361748572,0.429090981698127,0.689006036239634
3001,0.0262107703621346,0.0176774639219775,0.435669560128685,0.668194760050128
3002,0.015906179754332,0.0139266412642661,0.440541786224251,0.579099760800301
3003,0.0217097427943253,0.0116240789576712,0.390737798622515,0.592507759801856
3004,0.00391901423289529,0.0148127203959549,0.404898280991661,0.602948295239786
3005,0.0145878250754387,0.0129958243833063,0.435389371394216,0.559243852445042
3006,0.02330293260641,0.00856794574878735,0.446660973853647,0.576226223823292
3007,0.0179309667388846,0.0213522803967926,0.43343810737166,0.774941800832052
3008,0.0167063543499879,0.0195564398630511,0.429288417976588,0.758057059524511
3009,0.0201156426358677,0.025921697511528,0.486015930433514,0.787188571436897
3010,0.0142332449624667,0.0164066580957104,0.398394444306524,0.690670513397274
3011,0.0205509376799796,0.013180683796556,0.31016611760078,0.614682499520227
3012,0.0210667056560631,0.0132700447769262,0.440570683222425,0.633513315835296
3013,0.0205423061757206,0.017436631538488,0.449300292746422,0.702676784345446
3014,0.0146399903345427,0.0182827260160112,0.429023612928056,0.695244565676385
3015,0.0263031236061215,0.0163254163973529,0.522921263760586,0.668207200252108
3016,0.0242426894540636,0.0148800062660622,0.435029350191318,0.588244663424114
3017,0.0179273306496785,0.0120784860899539,0.416926165164241,0.548011733682469
3018,0.0133073541889229,0.0152320477709372,0.426553192067499,0.70776657091668
3019,0.0169337334315119,0.0206778347334395,0.48549163148962,0.72714844194114
3020,0.0167591111186965,0.0127957796492228,0.464598462301519,0.633708521175958
3021,0.020424443529552,0.0106362620900662,0.396453284046336,0.513958361504989
3022,0.0186430368090355,0.0151727024228337,0.426450095988226,0.630337998277585
3023,0.0196132759587445,0.0131646672426729,0.447465745885903,0.608528520907698
3024,0.0214576167221374,0.014016017510609,0.409857978226307,0.6699652372277
3025,0.0230422566977683,0.0180571049827898,0.408735151797203,0.6697749090079
3026,0.0259834240121968,0.0102816749900194,0.404550657600304,0.537727246689304
3027,0.0158127345606025,0.0203109562178903,0.439781758981687,0.714135330943731
3028,0.0215134481296218,0.017793814359071,0.434216194408078,0.636857695941734
3029,0.02792853491687,0.0148142204758427,0.4497455718937,0.678663298826693
3030,0.0214939262929529,0.0220049771690255,0.459825253536189,0.742703086788834
3031,0.0175465995854743,0.0129790027830482,0.396780958600984,0.632906047649732
3032,0.0223158249985307,0.0091332698585126,0.446416468504697,0.476859484299304
3033,0.014172189107637,0.0150971922144843,0.41596395379208,0.575316981066953
3034,0.0212096672790071,0.0204314948924298,0.466244408201742,0.705724071096174
3035,0.0229740773236802,0.019924298280056,0.425355372032633,0.652119776122475
3036,0.0190928687860052,0.0121121807379607,0.373387192470951,0.562191773207186
3037,0.0251571960054113,0.00870841984522817,0.212691997793277,0.418039406263269
3038,0.0236058978276512,0.0120832639474802,0.252101878389389,0.419067426703482
3039,0.016316844986319,0.0110922200598506,0.263127666920926,0.514393295584966
3040,0.0135912721159499,0.015984332887939,0.263025417632461,0.628523375950258
3041,0.0268276708099786,0.017139338322682,0.247107264040042,0.637182276900009
3042,0.0245710872858368,0.0149939481367006,0.249396927668541,0.635009207253422
3043,0.021121239467933,0.0170651318476184,0.313605712323096,0.727049980514593
3044,0.014243862090966,0.0160481187847172,0.221057102927702,0.649046909638405
3045,0.0211401392326445,0.0106877800152621,0.366512483660443,0.553952247269036
3046,0.0135868759915995,0.0152235143117932,0.41906790369346,0.57440190369905
3047,0.0113339927936753,0.0151486303067431,0.451960943521835,0.687323596583904
3048,0.0235866381194494,0.0133825070055106,0.463339267104656,0.653690114704858
3049,0.0115371184789068,0.0150317040815186,0.430043125194506,0.648675261698323
3050,0.0263513197707348,0.0159828800115271,0.439543344904762,0.614277858126944
3051,0.0170757127695427,0.0121361226055436,0.441906484696856,0.658171896806612
3052,0.0180306248013142,0.0197697510360219,0.468562431675264,0.769263491522793
3053,0.0145530003849893,0.0175077132849567,0.435378943956541,0.722523978710193
3054,0.0221490724323572,0.0230151811125047,0.418690374764499,0.811996949041772
3055,0.0210948768826705,0.0263778785162097,0.486084657521161,0.788531311535117
3056,0.0168832387666662,0.0144579390697326,0.388455093528253,0.613901927581411
3057,0.0231247973897935,0.0115011557854823,0.416365564267682,0.494028466251839
3058,0.0235062128060304,0.0112309478794396,0.396367696070772,0.545753733435431
3059,0.019389988541421,0.0143514658963621,0.437347535718449,0.637084832406809
3060,0.0273384704244833,0.0205145845007306,0.45260611727646,0.737352627342484
3061,0.0224670028485134,0.0255039147019386,0.426639849202669,0.758332920692462
3062,0.0165182107616051,0.0261517457860103,0.389435361857296,0.849888691840028
3063,0.0202098477592892,0.0351118656239026,0.501843983245143,0.875832645791856
3064,0.0180225621310833,0.0302478260971516,0.512562046742388,0.820665967780019
3065,0.0198455528766576,0.027199722022679,0.428463171355895,0.784077435693368
3066,0.0228833671902466,0.013982842211841,0.45053856454689,0.606828495891237
3067,0.0147294515048286,0.0143549015654788,0.440809012959787,0.717288473053432
3068,0.0116391480407471,0.0145112170338606,0.448238077052891,0.652289929154919
3069,0.014641024443073,0.0172233258112061,0.398534810838213,0.627389601141874
3070,0.0112285222860611,0.0131758812652162,0.406520463205725,0.652021675993361
3071,0.0172663978876255,0.0149756231608326,0.450021626006604,0.700142843920853
3072,0.0131634459319722,0.0190633142190253,0.446087031289685,0.730286054894126
3073,0.0153727707956481,0.0179863616119891,0.456424235583062,0.73759712292423
3074,0.0240493013709597,0.0136053820885514,0.414906883188568,0.643550407153231
3075,0.0244454112948135,0.013030268584141,0.255981416565285,0.632272203362138
3076,0.0194121409222301,0.0216169186432869,0.332488016346131,0.755136916859826
3077,0.0140831737114895,0.0175100896639583,0.406625337923379,0.734322588549157
3078,0.0176637364585593,0.0210039537615947,0.438898621159918,0.807581894169787
3079,0.0167255455144679,0.0260065050203492,0.523089936964235,0.838440350529512
3080,0.0178622451946114,0.0480837465024105,0.491883627308811,0.920810526116825
3081,0.0228514259935542,0.0610298514775609,0.500271473895326,0.916602868947836
3082,0.0202789294739832,0.0400415211862178,0.497164188022959,0.882695491173492
3083,0.0197652841524724,0.0433435716023796,0.430083889144815,0.838539906917222
3084,0.0197532635337363,0.0447884846902246,0.488710699774111,0.86425026005195
3085,0.02034345317927,0.0381248138270958,0.468909566640108,0.874018957325728
3086,0.01759949937041,0.0209343427941631,0.521365409559865,0.813287070258927
3087,0.0142462474105989,0.0310549653280967,0.39501247101819,0.856113726224773
3088,0.0164950244157626,0.0479022888011875,0.461246234670859,0.896645305473341
3089,0.0163111001174217,0.0422992142417798,0.489835666881719,0.909767634758744
3090,0.0207354074929916,0.0521059258202726,0.510493873157948,0.902310715672962
3091,0.0198312489945911,0.0446083108226583,0.508630926081368,0.893987232209063
3092,0.0307201224165139,0.0358882818514759,0.483419478654277,0.893496413750366
3093,0.0207024396078078,0.0377976616896753,0.52286506942733,0.876837709544146
3094,0.0210113690041624,0.0476902128234749,0.506763301022474,0.90156704647845
3095,0.017589520932756,0.0402941529551759,0.499492451246598,0.892846329038796
3096,0.0190703050727648,0.0261192608612549,0.448945916321548,0.777711286110337
3097,0.0155802069985176,0.0216672265083504,0.493504845911755,0.753305066595066
3098,0.0179378410313198,0.0114785545330004,0.427343007542897,0.664144154278971
3099,0.014269783694479,0.0171553477596758,0.422541541589336,0.699645943343264
3100,0.0190710770511034,0.0118473008599108,0.531847519969568,0.586587191220819
3101,0.0221648784679817,0.0129174557735216,0.458215363103807,0.681739222221582
3102,0.0224633099790196,0.0163286093506192,0.48204543544746,0.711051785202517
3103,0.0127642242397792,0.0120234133029836,0.430080408114196,0.572959999488793
3104,0.00984435240310663,0.0150875711332143,0.437319044622437,0.659494617649664
3105,0.0176254513067564,0.0099276588262643,0.432226181373386,0.505040455660368
3106,0.0220365276664472,0.0128544198712724,0.403686133473683,0.528272033612537
3107,0.0182624142324866,0.016492969727282,0.378715540406262,0.677465703520362
3108,0.0174745392452769,0.0198934119015673,0.393761744907053,0.751252012345603
3109,0.0179143377451954,0.0318243772445626,0.41992908090911,0.870318707478877
3110,0.018285034595715,0.0297500326842947,0.50042192510427,0.820746257710127
3111,0.0176101843748651,0.0257757306118692,0.498366435558402,0.819576772208117
3112,0.020434978812235,0.0165637991404909,0.427187222898315,0.607044042106452
3113,0.0184833805053144,0.016043825122099,0.3566194350858,0.653235625836818
3114,0.010289811633206,0.0113240546125281,0.368596887078537,0.555608564033613
3115,0.018137838033053,0.0111810991064067,0.406130673744715,0.593502803063499
3116,0.015922979135455,0.0156799113405006,0.460390004386329,0.601629024385027
3117,0.0201948305924299,0.010496103205154,0.463578192003512,0.580678465966433
3118,0.0192417835296384,0.0147153242921791,0.479337029457142,0.680180472577859
3119,0.0249614278967235,0.0247780841667896,0.462821394183717,0.787246860164652
3120,0.0140650055810972,0.0248440233816676,0.479184544991994,0.791952668163878
3121,0.0209307873631265,0.0204147981242043,0.469204269559458,0.675274472365337
3122,0.0232798879405469,0.013262160395385,0.437179219456561,0.581016386160539
3123,0.0155692517273457,0.0120204762779459,0.440917252635095,0.638620496271774
3124,0.0204056262486413,0.0137920294615053,0.426486691598667,0.640061110024302
3125,0.0212395703318221,0.0128455283210813,0.437620949666917,0.620338202459214
3126,0.0214501694493502,0.0177779662492245,0.397034223257534,0.620522197814931
3127,0.020742242419783,0.00991434414121372,0.376842855481611,0.554434493155599
3128,0.0158084436746233,0.0152340732229127,0.42543088359697,0.595032736087215
3129,0.0176053779323394,0.0109494482660547,0.429122750168591,0.544894074635898
3130,0.017347657427246,0.0101419910377249,0.440859273244067,0.505124580920278
3131,0.0177863457284931,0.0199223348796642,0.393031726093187,0.58718408682099
3132,0.0224348252675355,0.0147720506209406,0.312796025056165,0.592248858296611
3133,0.0257294753854656,0.0182133541662132,0.257987936807287,0.706034841965883
3134,0.0218800997560699,0.0123925682612891,0.264105026204243,0.553406778636849
3135,0.0185504062779102,0.016634134718406,0.26902382668282,0.565401117534133
3136,0.0206467828068903,0.00862986240663478,0.249164752979254,0.461625795246289
3137,0.0206814626678836,0.0156143804106181,0.248260450342843,0.544695108015943
3138,0.0119793850756913,0.0127213386903725,0.235262834136215,0.554387308822533
3139,0.0202605963702887,0.0189003137257545,0.27323088907179,0.682343368099226
3140,0.0169896683317199,0.014613191493041,0.234521482278126,0.611623292794201
3141,0.0246383299504051,0.0216416136961119,0.229952867910103,0.735563313493253
3142,0.0163952730921528,0.0183756042697454,0.211813642725619,0.727187464969309
3143,0.0214693171181581,0.0158234893505484,0.220600510699588,0.67079281932206
3144,0.0229572454994975,0.0155741078743592,0.260289608193946,0.706420866301579
3145,0.0189744004297088,0.0179902288475856,0.245585833602007,0.707071172369151
3146,0.017794194859961,0.0155358525467681,0.268882917484271,0.588277394847977
3147,0.0225302501496345,0.0162798440658858,0.250903165961568,0.635346232891404
3148,0.0157447626655438,0.0121436002937846,0.17195917199465,0.536347045370831
3149,0.0203514297448632,0.0133800257080091,0.222585823475427,0.618772713584815
3150,0.0137905521169726,0.010799997828723,0.26059675370395,0.485925979966806
3151,0.0122027106391174,0.0104772165474477,0.218257722471365,0.5439526123138
3152,0.02409835317031,0.0179945373496606,0.263049263440722,0.714712404489741
3153,0.0135216768410032,0.0106907693894476,0.270053341720753,0.541942538225285
3154,0.0150155466116267,0.0110137403818227,0.272403545292778,0.431540375886631
3155,0.0217453737868221,0.00898404674593252,0.267476113198031,0.516405532855553
3156,0.0255340346108407,0.0108907753955978,0.305785951368977,0.627306492843843
3157,0.0264972097814786,0.0114707325096387,0.222934408758035,0.535883443079253
3158,0.0186817342595323,0.0104934922440447,0.264605315620615,0.5392518635078
3159,0.0192172287204333,0.0101887869706563,0.224947284065595,0.544471419361831
3160,0.0215119924656424,0.0137784314841731,0.258074961722975,0.571533718610275
3161,0.0137678005740888,0.0264001163058994,0.268679572182422,0.788612458587961
3162,0.018013592367094,0.0208361764409477,0.215370615135979,0.683216690938558
3163,0.0156514233077504,0.0167031799144822,0.249259458071082,0.670291451186352
3164,0.0253205083344181,0.0216173443291328,0.250216596584383,0.691225709318078
3165,0.019800086450108,0.0143514484175791,0.242435149676805,0.57671700168095
3166,0.0124136184583293,0.0131134569537526,0.231957076710545,0.549802284219276
3167,0.0194506270015437,0.0151558773230067,0.214658883907712,0.628677524048565
3168,0.0295097971402578,0.0117852635482156,0.281581332926385,0.624422192243627
3169,0.0230680751167323,0.0133718221681741,0.238828857710971,0.630429744807561
3170,0.0127438383173993,0.0247350328514919,0.402777627634053,0.728474096904615
3171,0.0225321526678292,0.0184929458769532,0.396321982113464,0.670945340511477
3172,0.0221480137945325,0.0149522408376853,0.428732879814154,0.637550834018827
3173,0.0149773244146978,0.0202475130275718,0.367261662405308,0.658463430726734
3174,0.0258801095217874,0.0140063877680392,0.453518532084441,0.662481162420456
3175,0.0174821368369315,0.0130396541144032,0.438295844836527,0.665629253648412
3176,0.0252205975925264,0.0224669011073488,0.443858908747378,0.767062655109848
3177,0.0118514613672659,0.0222003074331059,0.466995538748339,0.782977553377492
3178,0.0219057863983208,0.0302108444913436,0.497835577625082,0.825789126913092
3179,0.0176102930480592,0.0202946040203257,0.403537381239692,0.701291848487535
3180,0.0180985914261007,0.0223626049279854,0.502760363504632,0.734173477359832
3181,0.0166014652464642,0.0194799053932648,0.454300780810368,0.785524289082597
3182,0.0131974188799268,0.0241508882358958,0.427613747091573,0.784154585405089
3183,0.0190712176885278,0.026122136843475,0.488258628242704,0.838269177882187
3184,0.0200164123839937,0.0246944305235329,0.491278980829003,0.790649440080227
3185,0.0277558845572624,0.0209308850558773,0.377425716595191,0.701412524529275
3186,0.0222942441178665,0.0156400396898305,0.404585968263534,0.657191184257773
3187,0.0235917973374462,0.0149807636177695,0.452792386100671,0.668915082759535
3188,0.0183698818010965,0.0153803223005079,0.484237195995451,0.725881000940601
3189,0.0251204299892027,0.0165133963233015,0.520695371207184,0.660486124306494
3190,0.0133143486891329,0.0154213960992726,0.428667248437,0.60057442373039
3191,0.0172153535106378,0.0104034453552501,0.393248741637602,0.46971807902923
3192,0.0182528380540373,0.0148376240850875,0.255448850375492,0.619493899896352
3193,0.00905974843706827,0.0176931699769609,0.305810482564289,0.695875342865878
3194,0.031241370382885,0.0188578852361391,0.261266358362276,0.701153972820385
3195,0.0201154760200125,0.0169957880928103,0.219961106785903,0.646933257028482
3196,0.0147463390834303,0.0172785034136556,0.408464246918518,0.678134750189833
3197,0.0138412811631955,0.0180097097140385,0.466276212408389,0.731664294205487
3198,0.0211320501262396,0.025364791774674,0.44024711127457,0.819722312926933
3199,0.0214272892529543,0.0201867129028114,0.516042497229199,0.766957770689395
3200,0.0200293383817322,0.0133698539182658,0.415167475319157,0.583373988324925
3201,0.0185527205092568,0.0126644861374113,0.44455520090534,0.619147397801215
3202,0.0134576664337133,0.0145877299145994,0.446279761054112,0.700737278710704
3203,0.0233000283171661,0.0175893692016515,0.434556255208722,0.701849271295769
3204,0.0196781288477226,0.0200955375135017,0.447694201345675,0.721167708333326
3205,0.0186312630486551,0.0143171806027294,0.441991129400976,0.678312065647344
3206,0.0229801002780292,0.0122723289240002,0.454990779455895,0.611520482950949
3207,0.0160695673855193,0.0118743969974213,0.425740288940702,0.668917070520749
3208,0.018715647975888,0.0138196819972514,0.368089498447021,0.701146635192562
3209,0.0148394961525775,0.0190096534607678,0.378853827139922,0.703042683759855
3210,0.0228531637261343,0.0210891448265585,0.247550258806027,0.73316986361093
3211,0.018639094443428,0.0167185417024599,0.219861423463068,0.646080861966234
3212,0.0223457876424896,0.0174947421834622,0.251046040687017,0.640423917662289
3213,0.0187740129669461,0.0130095404931724,0.243199627327066,0.56972789067619
3214,0.020949526863262,0.00903397715252106,0.243390349150622,0.594778944289055
3215,0.0210275546302438,0.0142296386697847,0.262829901977409,0.635402658175093
3216,0.020579766500842,0.0100238226437627,0.225268977055024,0.459007203286473
3217,0.0159871018832862,0.0112367249271751,0.234019002007515,0.596448379448158
3218,0.0274198067146504,0.0193955241285773,0.258509654645614,0.68754803779346
3219,0.0171211286870447,0.020683185685447,0.275417333229513,0.707235240364775
3220,0.0175617471734603,0.0101551210304156,0.261032252909329,0.530423579249025
3221,0.0222297066169735,0.0132178105528252,0.341607344961969,0.570513810602868
3222,0.0175385121802463,0.0122066475357489,0.370639372238299,0.489335481457512
3223,0.0196728812531838,0.0154594983089401,0.397318817616855,0.605632092268424
3224,0.0206237272646369,0.0148839846001976,0.433360752467249,0.693230337462537
3225,0.0152038251674323,0.0154094579901981,0.44308797143582,0.716197869524648
3226,0.00927421498960347,0.0164290488162139,0.452121902180354,0.696889510551554
3227,0.0211178223113085,0.0237024501671072,0.445822951154408,0.75583096739811
3228,0.0192148988522861,0.0168004831215578,0.444373550432251,0.751998050476201
3229,0.0146911595659358,0.0259852175793564,0.426863408086426,0.795750025467429
3230,0.0219623305919614,0.0250082029755498,0.3715630077678,0.806105774122423
3231,0.015062086156747,0.0190578226856325,0.522587052947348,0.737629187680248
3232,0.0192401452901909,0.0155963847088157,0.452414999618814,0.587479667587735
3233,0.0147230516443665,0.0118240271388835,0.491238085113658,0.62510661778985
3234,0.0170389136734152,0.0150902701050864,0.416739534313194,0.624405852854805
3235,0.0127503520614197,0.0160025875897993,0.500277397906073,0.703228348357894
3236,0.0223820535550518,0.0151575339820199,0.520148138847175,0.659854621276618
3237,0.0191597585440745,0.0204732154988185,0.487734833388433,0.70565261082972
3238,0.0206611836916141,0.0202072315758324,0.459613896132995,0.760355239418674
3239,0.0184698404859365,0.0126249133312469,0.439155993999695,0.606280059066704
3240,0.0183745215970881,0.00960162680222135,0.298284867189464,0.456742114155012
3241,0.0147380183564889,0.00960401822438124,0.215812058551206,0.506401021691438
3242,0.0187775392049125,0.00998217452131388,0.234602197903603,0.474628475599827
3243,0.021567238317124,0.0150042249846593,0.222643330958855,0.628429567184616
3244,0.024406583232101,0.012001220335877,0.262404974222353,0.539355245250302
3245,0.0233014611895869,0.0120698641929166,0.223366842391182,0.499193328941741
3246,0.0218389199246706,0.0122928996433208,0.268188547380422,0.568881653264838
3247,0.015101274170189,0.0165774588511955,0.400577453527828,0.707074013030272
3248,0.0180083499701135,0.017398678735856,0.221034865929468,0.723269497597666
3249,0.0184040983471094,0.0270778569174614,0.2756235802833,0.779216980777474
3250,0.0211052830382492,0.0269677111581878,0.256715788045766,0.770854302923982
3251,0.022759662722849,0.0269374575581296,0.27069241426771,0.751787596776898
3252,0.0172655301361751,0.0140315226074403,0.243069808541697,0.659648691197282
3253,0.0243627474073735,0.0173050236666616,0.239468212524994,0.659850893242249
3254,0.0200858580651225,0.00892926576871292,0.266165376763457,0.488991318648276
3255,0.0214772413475294,0.00884370735601198,0.267871512767192,0.509591649145249
3256,0.0226604029160203,0.00895952687710466,0.238466671104737,0.500397055398554
3257,0.0175624098385046,0.0116250593720479,0.215036497849813,0.61820474238129
3258,0.0199813991490155,0.0126259686445364,0.261922672239186,0.589966501550469
3259,0.0243345733532321,0.0111516101756386,0.251985119944107,0.441073095648921
3260,0.0216840649585465,0.0122381159283694,0.442778544180757,0.518620938470479
3261,0.0208638813356825,0.0198929716822768,0.38901753602271,0.695611449318259
3262,0.0185515346903201,0.0159597795486129,0.438970261654321,0.70003936675879
3263,0.0192381737406393,0.0177401448864077,0.472282687752611,0.673024306128002
3264,0.0240401402700438,0.0133671300791219,0.390526899457411,0.633700619750256
3265,0.0146556595193284,0.0135123566274188,0.392129832430011,0.574016855346649
3266,0.0185200043015945,0.0166463945410461,0.43920518989244,0.658948624864922
3267,0.0240255060407414,0.014572664585362,0.495479546768503,0.706161770296315
3268,0.0115318065472601,0.0224424891726375,0.529131777148232,0.814567357623448
3269,0.0165701781228721,0.0273957282188755,0.445115226764947,0.762600829295462
3270,0.0237667124911286,0.0238106691195417,0.456592830663362,0.724653712756579
3271,0.0224551071204695,0.0308819947670687,0.487377899913301,0.858045290957866
3272,0.0163225982216023,0.0278768809508669,0.403467616105775,0.811896321222141
3273,0.0182131691620408,0.0152622296336871,0.388504518502635,0.669428334059861
3274,0.0183721276461156,0.0151597132913422,0.446256378402487,0.670269661997699
3275,0.0200260284392292,0.0174413648649902,0.395525826889519,0.727357891776756
3276,0.0165705514405492,0.0269011411948785,0.441694926611177,0.803223590962076
3277,0.0138550509581588,0.0163903719272106,0.425665092482346,0.666213783773205
3278,0.0130393530217385,0.0228040461523281,0.535158281926353,0.79808302311403
3279,0.0132967824000065,0.0193478877246427,0.446029900368253,0.781522037850887
3280,0.0232980791671556,0.0146798429090179,0.439133651747295,0.722297642369987
3281,0.0232825073285785,0.0306247068191463,0.427176833687782,0.828639543381866
3282,0.0212007925697151,0.028895073654733,0.438285818198059,0.828622112783992
3283,0.0196181804501771,0.0258120422977171,0.40560348728725,0.799899018617724
3284,0.0157076693870283,0.0246870772388224,0.486405638633815,0.806845150657835
3285,0.0168724528819311,0.0266312261964121,0.516589506450785,0.83331468335925
3286,0.019015862059419,0.0338250267068248,0.531584477832861,0.867350066393842
3287,0.0176958376475533,0.0374807445378912,0.535271879313817,0.865235374027859
3288,0.021826479128681,0.028575704851869,0.447796978126291,0.853459358819835
3289,0.0175570758095613,0.0479031181696803,0.439966135472436,0.854453909906725
3290,0.0140392388202065,0.0324854441054388,0.451874598055524,0.835681816065886
3291,0.0226062694478776,0.0175244845236924,0.428271301054448,0.744370597262567
3292,0.018188268909726,0.0191617032722144,0.442258870745684,0.765743118494638
3293,0.0203729684255281,0.0192169013966607,0.425822708056437,0.771086058620922
3294,0.0201480134269222,0.0143192273714274,0.405616520008173,0.622752837310176
3295,0.0209717036894093,0.013489765666245,0.434407963332403,0.614560378992357
3296,0.0254054405251882,0.0142005411444224,0.362502525213488,0.631432281136422
3297,0.0192163452239686,0.023340937499188,0.489530878157706,0.7554124897928
3298,0.0213904377647083,0.0155718583783406,0.438778058283994,0.707126273620812
3299,0.0200950597143193,0.0144566139718779,0.433656831576253,0.600516839984258
3300,0.024289401104093,0.0127157546200324,0.4901253104762,0.617841386001012
3301,0.0267925566827239,0.0157457616075179,0.434986042481684,0.73071159944749
3302,0.0190021334766278,0.0257660608516275,0.447432820721879,0.745840852397013
3303,0.0193623181559605,0.0201773064361455,0.426133038477158,0.760041066304219
3304,0.017425326705591,0.0260155823321454,0.426293057176206,0.778632846276648
3305,0.0186183399807475,0.0202949261750053,0.464043834916952,0.754809315206031
3306,0.0181623397857507,0.0147366174183133,0.439327065971276,0.715078516433576
3307,0.0252096123540016,0.0146374234782065,0.414621621187683,0.57382266787058
3308,0.0192556681235918,0.0106571956062383,0.438633995826158,0.525633318348526
3309,0.0187371692126929,0.0145460823995012,0.436329290010015,0.693791262112
3310,0.0238843182790821,0.0188898482457743,0.440044258961417,0.740186455902332
3311,0.0148545040351804,0.0207328089786968,0.435348572129755,0.742479197797233
3312,0.0238810394157118,0.0166672599078223,0.408409654294928,0.691353992037491
3313,0.0181071240849587,0.0137349267012804,0.399471984748446,0.663548142473101
3314,0.0232404357864595,0.014976555023481,0.442532836083722,0.670817408913069
3315,0.0137424274528152,0.0150602272748341,0.425906867909485,0.59642237903557
3316,0.0174166333893031,0.00965022379634627,0.400162459518499,0.560575326084401
3317,0.0182669598324552,0.0141905978564833,0.350932461655715,0.608321208788806
3318,0.0211780242220796,0.0115560191264748,0.473672282155669,0.578386399641985
3319,0.0118368084376967,0.00957913531178982,0.460608258201932,0.534242848424118
3320,0.0162960993959642,0.0133716891601896,0.418507419104684,0.623799526215655
3321,0.016818587546068,0.017419488097866,0.416536666466157,0.669245062648792
3322,0.0202640879459102,0.0166151906484582,0.496703375342952,0.650620825697089
3323,0.0177017909346132,0.0184835906270683,0.491359298502341,0.735875935800385
3324,0.020338177112775,0.0184340734427281,0.483416530250713,0.733551769971374
3325,0.0156051525321024,0.0259530685517782,0.40159758615313,0.80481789188967
3326,0.024140108394657,0.0228989443391894,0.414122485325853,0.835056574038065
3327,0.0121922475213501,0.023087683553894,0.462625744367687,0.772378715531616
3328,0.0210584063859098,0.0144428025319847,0.427248636903163,0.709735758546779
3329,0.0259343376208635,0.0311528404333115,0.521931293364466,0.845651368225523
3330,0.0213259062172909,0.0613393632043742,0.563178951253142,0.916796717347785
3331,0.0195415079155922,0.0498843900303469,0.488364165171842,0.904156201591802
3332,0.0183349626626562,0.0304015646080946,0.527366606675181,0.849621570192572
3333,0.0138819774633141,0.0297201487345825,0.447048605490169,0.789751207080095
3334,0.0146679290402012,0.0308760762137823,0.465745205404982,0.865730357898678
3335,0.0136885395296194,0.0260164704421658,0.444640499888533,0.820437635386903
3336,0.0145183863330243,0.0215283732645119,0.508326528736138,0.787248449430244
3337,0.0212223065490953,0.0185961390472857,0.415056337333147,0.708253951535958
3338,0.0227214524436583,0.0141569302771746,0.444650177681904,0.673385750715288
3339,0.0184558540415548,0.014939077703708,0.471599672382785,0.681171882149608
3340,0.0216385894579437,0.0149282493801735,0.523820791887756,0.703478844707389
3341,0.0191116250506652,0.0129374099786695,0.462739796520697,0.556986068572797
3342,0.0226377496366805,0.0106057255165929,0.442855452233495,0.48771787566444
3343,0.0194251810266326,0.0121234547892918,0.37626350578037,0.604505404916098
3344,0.0209706378397785,0.0115429935157478,0.435944701436249,0.562078896358268
3345,0.0215502139069901,0.0188191877390112,0.433945264790433,0.720625539650337
3346,0.0263518812542443,0.0140697578742705,0.392062328130563,0.664038086348426
3347,0.0235164869362672,0.0110535292122604,0.439138070614213,0.542481726567264
3348,0.0225013892641108,0.0144612846242106,0.399508410507201,0.626533907292183
3349,0.0160198861358153,0.0122131117585556,0.372326854895547,0.524152117191193
3350,0.019276581856662,0.012757508033177,0.394594918077818,0.487278886717805
3351,0.0138863053440339,0.0117065645585758,0.42916341476841,0.625661723783001
3352,0.0132365237266083,0.0125020570542375,0.404546058674116,0.585076447437851
3353,0.0209011202764802,0.0172669253851382,0.424540378460804,0.650086036755131
3354,0.0161162948124816,0.0144475104571025,0.439695694499079,0.640758655102347
3355,0.0130709907777234,0.01039005023418,0.438505483164519,0.618059001259146
3356,0.0150163643484685,0.0147217783535629,0.445272224636924,0.64487199712257
3357,0.0206251001862708,0.0186359930544264,0.432851750722022,0.766641697291667
3358,0.0202798496439975,0.0228040081236648,0.250440327064313,0.704390923499662
3359,0.0247865736686536,0.0127229173666844,0.357870404744982,0.606921325900759
3360,0.025536468946117,0.0102297487504378,0.348924102089832,0.43924516341735
3361,0.0150756403848354,0.00988000463383217,0.445520944220765,0.515189341426356
3362,0.0202791972831208,0.0108486563072515,0.379551318341224,0.605740050600156
3363,0.0248847923563003,0.0123596285806192,0.183931184378785,0.546718390009053
3364,0.0152077472461882,0.016528813042709,0.211694111666092,0.643268182847998
3365,0.0160032108869309,0.0137002064400975,0.215437469723485,0.59702267094199
3366,0.016910936894432,0.00873560175343745,0.241496594216757,0.373533488188222
3367,0.0192120364753982,0.0104715091886544,0.194870247104527,0.510823242833598
3368,0.0184881548793266,0.0107014146539593,0.315495093001631,0.483366857893823
3369,0.0183788524375482,0.0151100810057489,0.235883507401769,0.651600527188698
3370,0.0172848605037001,0.0160493446853355,0.26310432462778,0.669413668794401
3371,0.0209693291779797,0.0176762192176355,0.234951060615927,0.717756680294437
3372,0.0255918967315773,0.0231298581876994,0.255047877744631,0.644666537394516
3373,0.021440759165089,0.0114461616210874,0.268635571526446,0.518547770332439
3374,0.0248542137004502,0.0116605966397635,0.312671596749521,0.550384738320248
3375,0.0208501622372741,0.0134302344391356,0.261728369343121,0.589390311101277
3376,0.0135054247952724,0.011383989759054,0.275074089075119,0.619029303327321
3377,0.0201548792849114,0.015471085237555,0.236603145208989,0.515550345296799
3378,0.0221694986668237,0.0107110396461473,0.239779588618378,0.521894727210871
3379,0.0235059113852424,0.0107006509170157,0.223231190307245,0.57197757372258
3380,0.0186680928760776,0.0128486502778145,0.275259542909886,0.481777874935553
3381,0.0188843202620923,0.0102177215571664,0.267917186180577,0.503675667995137
3382,0.0146475183781251,0.012929293856305,0.261346106353765,0.51052129702361
3383,0.0171282569741267,0.0100832083655208,0.24141737000894,0.578546790620475
3384,0.0233843438240421,0.0165188378735354,0.446760463333833,0.6020942061044
3385,0.0265792206509685,0.0175501938651721,0.429337607139255,0.707200411324176
3386,0.0246953712628349,0.0165006734589743,0.43486962457158,0.640500493690273
3387,0.013514754875008,0.0128491373857139,0.501214719812173,0.574595254996656
3388,0.0173807150602144,0.0159637059198257,0.426692645530412,0.691001059672671
3389,0.0124298939202111,0.0150611923801342,0.445885895334329,0.655909031671903
3390,0.0201375788056728,0.0139240102238107,0.429008358062564,0.676493059702612
3391,0.0155287394003838,0.0118593929368857,0.430918420383067,0.604166023763248
3392,0.0175670850728036,0.0303746276659952,0.414664545230436,0.794759979136064
3393,0.0186070284457649,0.0356535253468812,0.491292844536366,0.860762329422433
3394,0.0221516941468745,0.0305013806712387,0.475891816511952,0.816074866263933
3395,0.0165074669989002,0.0325454720674158,0.434326336625929,0.815848846512006
3396,0.0194701606458781,0.0492453220203962,0.441794937685414,0.869441261071136
3397,0.0137885715160584,0.0331649914419794,0.390327807360894,0.762467249051528
3398,0.0154924570571938,0.0201815567616448,0.501695962425627,0.749279883631628
3399,0.0193833114896748,0.0186344323800773,0.509869797805572,0.707396521241259
3400,0.0156781506649226,0.0138170677064642,0.432015591125165,0.62597553633628
3401,0.0184166863445833,0.00851961470538884,0.399895994911152,0.460048633283844
3402,0.0192631564431924,0.0116712257883002,0.438860144449249,0.613613881572962
3403,0.0194998054502468,0.0102172283517639,0.442381523983588,0.574868286430138
3404,0.018651509015671,0.0138209616236538,0.419068610366938,0.639507504214914
3405,0.0189517239495015,0.0139834691563441,0.479859866662019,0.7402772281531
3406,0.0165745150477514,0.0196738659203518,0.522087408377219,0.765574673016576
3407,0.0259818561638514,0.0229419139665665,0.516092715503303,0.819330347576256
3408,0.0150436543878293,0.030505313530836,0.414001243966471,0.799840023294078
3409,0.0211131087317955,0.0202119205366554,0.442929212652471,0.755411446924094
3410,0.0196201802060691,0.0125282731911054,0.418007719994531,0.595468778322805
3411,0.018689893144895,0.0167971374995572,0.448301768942787,0.611780249430438
3412,0.0196619000078065,0.0163341695425994,0.444510995938122,0.622591119814453
3413,0.0216359197497546,0.014453146300359,0.413259503148097,0.658037346989831
3414,0.0151867802336896,0.0233461125675195,0.39914042559374,0.724386903682675
3415,0.0133904689487528,0.0153078196360907,0.386160416014359,0.646799088588604
3416,0.0193422783672961,0.0147879501157016,0.502515001877945,0.651328960221043
3417,0.0120454178607201,0.012523895731639,0.431248502843828,0.646980509028445
3418,0.024686316817138,0.0221110677114017,0.323346039425413,0.731843395958106
3419,0.0185886833433296,0.0133714138628317,0.301506786679749,0.622513579270579
3420,0.0165903582349375,0.0113637327747909,0.231981477541054,0.54247217692028
3421,0.017729710843088,0.00980431567146231,0.283499763513836,0.482502924006486
3422,0.0272109124079547,0.0103526531551692,0.246964268173614,0.549978662439386
3423,0.0159735899730057,0.010247073095888,0.258041211423016,0.562482869082666
3424,0.0187610859665674,0.0152572867116189,0.216559115015295,0.607088622435665
3425,0.0222171789853172,0.01075675195136,0.258180972203408,0.553434162797847
3426,0.0170059683449993,0.00971083322689761,0.26192633474521,0.416435147715362
3427,0.0175258607920097,0.0110319727423907,0.262090791054125,0.506515505602039
3428,0.020311934755284,0.0124542994372485,0.243043121732981,0.605955339450557
3429,0.0119614889849679,0.0102048693633962,0.256157670720159,0.525218548402578
3430,0.0217231920507874,0.0155931031419702,0.230254766575362,0.574537620922139
3431,0.0241357093219847,0.0171521193029034,0.40774980305474,0.649189699093046
3432,0.0201685438428092,0.0191923272487288,0.460251625429422,0.676101475844864
3433,0.0174177380198894,0.0171110955351298,0.422157876057167,0.68732877824207
3434,0.0200158001411805,0.0192718371766012,0.492102572253481,0.695582689160965
3435,0.0214326437721565,0.0267977694803541,0.429281803674194,0.779254716469137
3436,0.01648037619924,0.02316795179175,0.440654031845914,0.794909507596533
3437,0.0238905981094421,0.015907395023941,0.443350921858598,0.722874994167056
3438,0.0227932722422225,0.0250176770398114,0.419985500758505,0.781709101739787
3439,0.0153528391324406,0.016160986568794,0.427099681693136,0.674096158439877
3440,0.0137558994478914,0.0232687504097637,0.373769909141978,0.69306764619939
3441,0.0211579425755791,0.0226299536483022,0.438059872206169,0.781126081310091
3442,0.0200105911298686,0.0282846737051618,0.498806390629964,0.795500712782074
3443,0.0232272828393321,0.0164974989255012,0.502282360075088,0.829355904975792
3444,0.0191762299160275,0.0205504011432771,0.479189070090172,0.772419239807205
3445,0.016257528673421,0.0143360249882286,0.371496654292232,0.709227845863231
3446,0.015459309931362,0.0134778001410677,0.443091957780281,0.616631125214609
3447,0.0197211573430445,0.0164353120512364,0.476171961648503,0.715534311100924
3448,0.0244651058195151,0.0184003333345775,0.515549745899781,0.735008755781798
3449,0.0157424285859029,0.0229792145910453,0.444120116893581,0.814971205836793
3450,0.0108256308216472,0.0144630924313628,0.404492616776184,0.661817867853186
3451,0.0251578664911548,0.00974036144624857,0.320067398200166,0.521149951907405
3452,0.0238961682261771,0.00998115411257855,0.276693113700502,0.505561113671893
3453,0.0224812180486202,0.0206514170483215,0.25764022984776,0.655289298735988
3454,0.0227005365799611,0.0206942301924231,0.252418876827104,0.694605948192456
3455,0.0197828898565086,0.0161052200149832,0.270688018099214,0.620686561214471
3456,0.0189991945843399,0.0141565664711153,0.212764919877184,0.507456732183856
3457,0.019691355581758,0.0100514512298736,0.225021769869881,0.529948130046207
3458,0.0215629342523274,0.0113053869757788,0.250187772243294,0.507331445757224
3459,0.0214718093428104,0.0106180337693593,0.224795647725401,0.518772889182826
3460,0.0107310343195376,0.0120822259179926,0.23961718304332,0.525857961246843
3461,0.0143877467250468,0.0151598358206519,0.244773949427718,0.581489124541604
3462,0.0193604145334681,0.011149635953936,0.224344281939584,0.585961302068802
3463,0.0162659187321128,0.0122398851858632,0.268808016393686,0.580886079728787
3464,0.0204137338001786,0.0117649819580705,0.244875025680882,0.561988330300326
3465,0.0165438924263514,0.0110919042786787,0.226550515734466,0.563291590375046
3466,0.0195273283242023,0.0221355940363751,0.428183064367227,0.721536084983431
3467,0.0235206817496378,0.0141086578007443,0.402595506105961,0.67253432119506
3468,0.0188137293409258,0.0148597836521227,0.422235521610202,0.609492208469723
3469,0.0172553815057763,0.0173372171409079,0.45697805429124,0.673215617595738
3470,0.0144760062188159,0.0247780118755142,0.42463948791117,0.761406517744226
3471,0.0150151651092292,0.0160845261542423,0.450986327287545,0.712403098888191
3472,0.0173681199094274,0.02376663966682,0.503685923611097,0.740656607728957
3473,0.0231143394407406,0.0204294907862604,0.489210905688267,0.789232269538861
3474,0.0109288941322698,0.0238623261860867,0.515349361556993,0.791856804201563
3475,0.0155881772709612,0.0255881953605286,0.495140368042231,0.779159305393032
3476,0.0200389934330564,0.0175003718684668,0.400491734172819,0.669770143273382
3477,0.0292539757800844,0.0210964437112922,0.448694948024333,0.70209786574497
3478,0.0229696917975553,0.0229195397573467,0.462150146617537,0.741439313932407
3479,0.0160798600141013,0.0231423145097322,0.424296234583432,0.742395561857818
3480,0.0184059543154318,0.0147090851532828,0.438360549684311,0.545978238427731
3481,0.0208726929629194,0.0136378085197239,0.43951658078956,0.567047796992288
3482,0.0229347753875208,0.0174399590809612,0.49146732819242,0.750262925958015
3483,0.0256345080176662,0.022759690391705,0.428399436482467,0.672811440745445
3484,0.016766363431177,0.0103547395387698,0.495734799082049,0.683366727835567
3485,0.0211006751393569,0.0117851730566818,0.406231715991146,0.583918345277814
3486,0.0236085474985298,0.014766713500393,0.423243498922985,0.564981887682567
3487,0.0160697315128106,0.0161314131494554,0.445255872003942,0.652883972107765
3488,0.019473211130531,0.0225349509904769,0.486647698921695,0.734419518327698
3489,0.0204947908903649,0.0180487937887753,0.393951953619974,0.705850902881547
3490,0.0105679343602971,0.0159228732111178,0.446868689170455,0.66700031972841
3491,0.0137484508232189,0.00980728283475392,0.45067996963387,0.501859402322649
3492,0.0207879595722304,0.0100308054984461,0.252065791678374,0.468310157710311
3493,0.0212174287813954,0.00961498040630835,0.393159713686273,0.513903652255639
3494,0.0197758975155316,0.0107014811899409,0.230560932966875,0.521729996130677
3495,0.0158713535141454,0.0114418507794626,0.220196409716305,0.556844824884802
3496,0.0169633444906438,0.011849649639596,0.226778504100145,0.572984362059844
3497,0.019587854569146,0.0111772291194257,0.237053294684206,0.533914965007834
3498,0.0173926075009727,0.0132963585725195,0.224992446442221,0.598244110445249
3499,0.0195689685451965,0.0125930056631542,0.262152908534623,0.503660995952691
3500,0.0146471125188709,0.015444011063237,0.212004919195139,0.540487359800137
3501,0.017544612382248,0.0142253104636083,0.257543118613796,0.610302824744312
3502,0.0160578934016668,0.016836178398387,0.304501441851012,0.630198807110063
3503,0.0184926913500821,0.0145751074623735,0.429995138995514,0.566836568635816
3504,0.0136945910605255,0.0158974160409066,0.441301343027613,0.707315909033616
3505,0.0210826799054326,0.021530998819501,0.429684512762102,0.795253321049026
3506,0.0180960168475608,0.0285274559076796,0.429642961004354,0.817666618307968
3507,0.0120178558462103,0.0380386256548466,0.427645225590321,0.867649835057391
3508,0.0232960549776855,0.0219571895949733,0.423395803180529,0.821292649261395
3509,0.0256559636890337,0.0317306933074098,0.373845231293674,0.834837811817173
3510,0.0101440223705806,0.0299004246590494,0.39035061344985,0.835984341242949
3511,0.0189446307211364,0.0404369593673167,0.255755972636438,0.885962810179052
3512,0.0171296875912159,0.0418373125944738,0.27477395499656,0.894968749442917
3513,0.0237535399077253,0.0390249888638056,0.270381422550303,0.837039452046861
3514,0.021165198952941,0.0369359984250796,0.270284386223413,0.818113798737091
3515,0.0178280977119965,0.0233303240882771,0.256890839098285,0.730991838907552
3516,0.0171453316177203,0.0180879377329268,0.249767300340581,0.71972070019991
3517,0.0194047297926128,0.0256980200655965,0.268374767657599,0.741635783960407
3518,0.019249971308029,0.0170024288867776,0.260483593834716,0.706645482111134
3519,0.0173327885928259,0.0207240779931173,0.262069324133944,0.652549293878806
3520,0.019491849393728,0.0183504341135061,0.243394166281293,0.605428444559723
3521,0.0314811776412257,0.0117270903253636,0.24631439251627,0.555865201612698
3522,0.0176867285550798,0.0172776117950449,0.245863517372427,0.617532054192434
3523,0.0154452052747473,0.0105182777400413,0.247148669716394,0.480675930950063
3524,0.0226810584000102,0.00895573403716816,0.257016841329693,0.446035965917971
3525,0.020264527793711,0.0116878994896965,0.224617531101692,0.521215603702038
3526,0.0188410671111803,0.0148787358132574,0.256320712346657,0.693432675428317
3527,0.018131092767526,0.0108990099377754,0.417652853279345,0.497309735182009
3528,0.0208004227862701,0.0167142681621351,0.445831372419519,0.681766894176272
3529,0.0195699604998573,0.0160202105692612,0.432957861570523,0.64520440474125
3530,0.0225501117899699,0.0133089650060257,0.495106323998741,0.59994757511222
3531,0.0134068854354709,0.0139093688801656,0.432155708249328,0.613747488860717
3532,0.018222422989012,0.0257727317381937,0.428917106405042,0.787730070049216
3533,0.0159506791513533,0.0243799546051232,0.449269676863081,0.7407120397668
3534,0.0224073904765159,0.0243022591829706,0.40774041472763,0.792054712549116
3535,0.0179372956812776,0.0212475036475939,0.489830997469941,0.737840204274186
3536,0.0167004856353178,0.0316364299397966,0.489286437003046,0.817215245181987
3537,0.0120267014737949,0.025154546294706,0.558080843820987,0.7441362010827
3538,0.0120595790939423,0.0120847771163278,0.456698757911005,0.589579572776484
3539,0.016926367250473,0.0137631326713946,0.374202890628345,0.586249879664313
3540,0.0163930666976206,0.0145379653930528,0.374608768183272,0.679760657282551
3541,0.0150277742469309,0.0161084688832056,0.444035586690869,0.616207387923249
3542,0.0191913677814498,0.011746099021207,0.448272921958063,0.529596881448338
3543,0.0213509590364832,0.0138839387689304,0.440387587080356,0.566823166124083
3544,0.017420796241666,0.0148509807554928,0.410601530269068,0.596752272419457
3545,0.0247936899221828,0.0132895981809718,0.494905413791897,0.587288839880023
3546,0.0183617322621221,0.0185546021765272,0.506350367163384,0.725254381722005
3547,0.0125583372704895,0.0211298926816048,0.451187777883471,0.814615519091388
3548,0.0225730874628629,0.0348347520742597,0.363210574560268,0.833266568148975
3549,0.0243383891680677,0.0189614207776856,0.227710793343628,0.808877054543861
3550,0.0202358209750083,0.0157243959480241,0.414548822453922,0.597397297030504
3551,0.0227009529848078,0.0119670460975863,0.415963894478797,0.666460216291684
3552,0.0139412210608155,0.0158712532435711,0.449807903508362,0.676484306346248
3553,0.0238741706463889,0.0120305053062924,0.474651639586529,0.538866005259317
3554,0.0110521070506559,0.0105441695902248,0.461402397949515,0.545910073066733
3555,0.0231121697194268,0.0239670896703255,0.410195038065677,0.707678951143781
3556,0.0148415656896957,0.0200792368984811,0.380586645187311,0.76856904595472
3557,0.0227699340175641,0.031752570086836,0.3972912809483,0.81601155564725
3558,0.0215329169157657,0.0292763957595323,0.513725842359131,0.777408756964738
3559,0.0162129697258224,0.0183986225908329,0.444043913828536,0.794608012077849
3560,0.0146405020375808,0.0209128523368407,0.405441703575967,0.75639872681119
3561,0.0213942837891057,0.0210096277110862,0.374464452807924,0.724122235927121
3562,0.0254255456969284,0.016023787492681,0.426237442627274,0.655841162302168
3563,0.0172806559105801,0.012179250410066,0.434441373448621,0.647319650794425
3564,0.0237520201211481,0.0149562955176668,0.427724329190348,0.672169472721672
3565,0.0188033834823641,0.0122536403887408,0.445844801432184,0.502788630553462
3566,0.0218426966411483,0.0118440003137448,0.37244450628668,0.542058434447383
3567,0.0177241151428856,0.0122118512389204,0.256809071745153,0.622714562327714
3568,0.0252081296034776,0.0158525755637385,0.183964970895192,0.645501198772221
3569,0.0219544398039491,0.024399166070968,0.238756296338235,0.694251848015046
3570,0.0180349257663479,0.0166982187179772,0.252395209369306,0.694750644439918
3571,0.0165367492271406,0.0120359290511322,0.263569263612733,0.577766082855579
3572,0.0219501555716402,0.0139827730860561,0.221760274563758,0.600776767040758
3573,0.0239144204404919,0.0198790427195669,0.244971693749806,0.670138029525351
3574,0.0188936889467083,0.0113841738261444,0.226904258546818,0.549928560540434
3575,0.0197608840351123,0.0124031834182115,0.232416527187153,0.555072538273777
3576,0.0161539020471735,0.0176324510761955,0.268047236686512,0.697775733102454
3577,0.01998060695873,0.0147715315421182,0.224580838234538,0.654716523648695
3578,0.0209652944712527,0.0132699880997203,0.214590019441408,0.620335229171777
3579,0.0223344118124006,0.0120932641943378,0.230984182263467,0.636240105750882
3580,0.0213898914368402,0.0106715489648756,0.233949301253621,0.515944295146504
3581,0.0157129113909527,0.0101069359459515,0.223432759062019,0.431625683622609
3582,0.0196064215099775,0.0120496088387117,0.211684876062983,0.537196124231872
3583,0.0205443965573243,0.00816659776863815,0.242725234196441,0.377745659743739
3584,0.0197875063113396,0.0126802018314851,0.247409711736077,0.555033841161119
3585,0.0244841413928452,0.0121396071350954,0.234028456930642,0.554020871067316
3586,0.0249101503077438,0.0106136607897392,0.267033943086752,0.498532232944768
3587,0.0129330610479832,0.00965152772968906,0.237494250166615,0.351581741772615
3588,0.0168541543334098,0.0119021057208627,0.246103389240462,0.541923579516683
3589,0.0199036528379614,0.0118744846975109,0.22009418730362,0.504815634489073
3590,0.0233648432364763,0.0111320161685382,0.262677258168254,0.638867833247264
3591,0.021249576999242,0.012100845237607,0.223936501314289,0.50484492355447
3592,0.0213127437429241,0.0161447738213907,0.237858470090213,0.606374166434193
3593,0.0190276650742084,0.0120113214894756,0.245829367451753,0.567441823895095
3594,0.0149695855614018,0.0129860647230277,0.257784145988746,0.547946716433062
3595,0.0235426403772575,0.0172871128893749,0.24912070711574,0.707936139445661
3596,0.0254203021573581,0.0138934799763391,0.281745072552736,0.621324568417105
3597,0.0187789029439003,0.010616203630597,0.251969513897093,0.618146166492344
3598,0.0184610733294946,0.0150022688715363,0.213302467956772,0.616638614676496
3599,0.0178032792185331,0.0138978514144159,0.275520091236541,0.646628712898587
3600,0.0228648817856385,0.0165171469985632,0.231405474167165,0.599111505908047
3601,0.0225585632025185,0.0113692033187223,0.257669673005886,0.571089549422098
3602,0.0237631543903167,0.0185145850243479,0.245702554968094,0.670199542743277
3603,0.0210488602900667,0.0193568178687646,0.259555344053114,0.712972721927711
3604,0.0212587542516051,0.0191575955104302,0.264441769922422,0.723946732322757
3605,0.0228187164764236,0.0166447475011265,0.252521782239282,0.674123157375611
3606,0.0242108010665479,0.0118874536655324,0.273322642130057,0.523347232684044
3607,0.0180018972353526,0.0142151180388803,0.228209058726546,0.549807132194778
3608,0.0154873488768194,0.0114187246930448,0.250425164731063,0.472568549868365
3609,0.0231318316297394,0.0104833481054774,0.243838890763433,0.591125256999767
3610,0.0202479140631063,0.00993852472666963,0.224877122986924,0.515569283694551
3611,0.0235941745290299,0.0133703260168576,0.243785932246274,0.637443955262602
3612,0.0124630620560825,0.0147601403461668,0.249375669703113,0.633732771159008
3613,0.016717313703639,0.0204543520565935,0.224022396098097,0.626232119183
3614,0.01471703155924,0.0130679833654324,0.266191409271787,0.568774778018544
3615,0.015743389847202,0.0144623887832385,0.273003557738596,0.490403752613751
3616,0.0203585713329957,0.0153831259259912,0.230198578842421,0.662171789709956
3617,0.0206603404878202,0.0108169080186001,0.264807427235826,0.597900814288475
3618,0.0165387241922463,0.0130829793712429,0.215358825593286,0.59420340799611
3619,0.0205768169414573,0.0119587949623101,0.379099092220364,0.589270367956999
3620,0.0184916046356918,0.0184772359437126,0.468226616143757,0.727063741546138
3621,0.0176305618471337,0.0189475636643807,0.448699291415142,0.704445025321972
3622,0.0174032048891659,0.0112861915888011,0.435628712972788,0.658495703467847
3623,0.0225462432675942,0.0123296067049374,0.414170330779033,0.484867709053468
3624,0.0131099231330348,0.0163888137549431,0.439324845016487,0.582735612240831
3625,0.0234094193668534,0.0154910192037659,0.389988030559975,0.562878706687866
3626,0.0192658513962378,0.0101973991342818,0.323221188337815,0.489081642422239
3627,0.0199045840734592,0.0131351845882722,0.273096242204063,0.682721600081495
3628,0.0152421272531591,0.0253784169766318,0.222943188167821,0.754793337303702
3629,0.0149549786086184,0.0178693522624056,0.230982360906172,0.738533867643245
3630,0.0153986315716974,0.0125258045872621,0.276902649606837,0.680973442063538
3631,0.0226348168624494,0.0154878480356894,0.25866293247283,0.740987680427439
3632,0.0191677331813423,0.0144967061958634,0.270426444813516,0.651144778573649
3633,0.0108035865030618,0.0158619789190589,0.249496374439325,0.686718262848821
3634,0.0230336838367192,0.0156855286606963,0.224427016395589,0.653021535247499
3635,0.0186540528218367,0.011839781842278,0.258406105335586,0.630916959808567
3636,0.0260503481936953,0.0236031140384529,0.273239067177766,0.710533128789091
3637,0.0171838604478103,0.0133672194659665,0.213350258875742,0.548202072325974
3638,0.0145378022063303,0.00897063992331376,0.256635390363568,0.370336781086216
3639,0.0239758907058059,0.014060875670859,0.26865896560978,0.530380690741992
3640,0.0179083490509117,0.0149949114081062,0.260431216410385,0.550691532053054
3641,0.0236795623785086,0.00744682336433362,0.186579995287592,0.408858572044628
3642,0.0214202612647423,0.0145293999827259,0.231605534892525,0.558600304832221
3643,0.0165103982613243,0.0105888292575407,0.247503940352066,0.552145831065991
3644,0.0204438272382436,0.0103517300778975,0.231961159116204,0.574601821062187
3645,0.0158856999614886,0.0133393697009575,0.268420007039809,0.659856386015043
3646,0.0258676591905136,0.0172592681627491,0.259814429256732,0.584205530434253
3647,0.0184287245247861,0.016707422923256,0.268207491091918,0.679285419456403
3648,0.0226196857785126,0.0225318831924452,0.267130943667742,0.64162480117718
3649,0.0203238998678993,0.0210938232992273,0.280810334801379,0.698934119793249
3650,0.02057671785899,0.0262240129788779,0.270721535615076,0.768681317857537
3651,0.0221462908189562,0.0157736263124219,0.233975397459537,0.540040091979913
3652,0.016660350566248,0.0152870341521688,0.259453454625166,0.678022161072306
3653,0.0106093675928154,0.0271508789102839,0.243856687203928,0.767461803615
3654,0.0233821908333149,0.0160536183988267,0.21828304143566,0.701554405903731
3655,0.0214460834553989,0.0217757227286901,0.282839352844157,0.704046057656004
3656,0.0261932260759608,0.015603280106707,0.26108643532315,0.64023018673224
3657,0.0243551577034182,0.0104418741241768,0.247254651082367,0.473452495205896
3658,0.0170037687578641,0.0118963216731717,0.245439744443523,0.521303245775455
3659,0.0163414672126048,0.0130596524626716,0.235343280293446,0.545007480918863
3660,0.0192731855390145,0.0115549530744963,0.249395715480647,0.566652822600241
3661,0.0284221032612456,0.00936008542550464,0.20494852876994,0.397095548426846
3662,0.0214484474326445,0.0131863946833219,0.269597296990855,0.574674577497831
3663,0.0227538001229936,0.0105683072116155,0.225005551459303,0.443329005648179
3664,0.0247770249286254,0.0127283569598666,0.270530152970445,0.497150507955641
3665,0.0122990337182975,0.0148711657622328,0.409296285421667,0.652392231512394
3666,0.0123529565707634,0.0171541928707598,0.366088045482163,0.609326637458234
3667,0.0122010816638241,0.0189455593973945,0.425363958217038,0.704817690053546
3668,0.0221540217362354,0.0209820280663565,0.431947514600956,0.658023504353921
3669,0.0186712443761203,0.0226190042028889,0.432269580233523,0.801080709447807
3670,0.01592985378609,0.0264775301201486,0.435253520200041,0.838163800255221
3671,0.0141755651544823,0.0313951746927433,0.511053661598298,0.809478006224175
3672,0.0249578825153421,0.0139532913591963,0.519772033208585,0.71772484239605
3673,0.0210192062876747,0.0148373322005885,0.388211627760666,0.648814343629145
3674,0.01759599850477,0.0117834768172888,0.221746039089831,0.532096664896225
3675,0.0234854807369126,0.0149380256758407,0.260075063137234,0.67512380711668
3676,0.0258892242829722,0.0141564198649121,0.255893010162468,0.57672590732742
3677,0.0236788156506875,0.012946505627323,0.219273494565046,0.63673232352665
3678,0.0146543421351278,0.0153587166176736,0.275093249996483,0.706419717553061
3679,0.0210918622369952,0.0173271156781414,0.218943717822079,0.482822886726642
3680,0.0159155990330237,0.0143462287994171,0.266824266970993,0.568868020296467
3681,0.0222491555888337,0.0144894944652097,0.268441280810156,0.634408231975193
3682,0.0209215973553723,0.013028526066309,0.267082611338913,0.563293817753154
3683,0.0235249012177553,0.0126629910273591,0.260379913705359,0.557861045454335
3684,0.0195194202074807,0.0151493210963901,0.224212203606335,0.68062121854993
3685,0.0211187214306275,0.0130861428637621,0.242604480236384,0.567712627603504
3686,0.00939713224426703,0.0207809625972604,0.263078096766796,0.673800775485654
3687,0.0155520303986267,0.0108427179780507,0.213472902551907,0.604135383855989
3688,0.017966629093513,0.011523334739936,0.28279963647235,0.571491859838068
3689,0.0212922063072954,0.00967433964338727,0.2587875399694,0.483697855801277
3690,0.0184157177531066,0.0107529520815601,0.381441123860399,0.547797578910731
3691,0.0173236166396954,0.0148098461416001,0.394273044373225,0.673349359120627
3692,0.0142969635768398,0.0204795630657582,0.406549440883044,0.762817708182761
3693,0.0218691068620881,0.0174760601857936,0.457347203560439,0.756000494250568
3694,0.0177813864944023,0.0304250405486305,0.470797626890324,0.839747760419257
3695,0.0288664905438539,0.0107599833150032,0.402124086673747,0.567434616239373
3696,0.0140015714572828,0.0135047465503268,0.214305327979966,0.582538448697881
3697,0.00972240430592815,0.0131429589361958,0.436539031122625,0.664301768171257
3698,0.0195573428891035,0.0130319412278377,0.381924447680972,0.592605836288541
3699,0.0243452671375856,0.0130072711336281,0.355196649008159,0.517546613401938
3700,0.0210881151287121,0.0116385368008174,0.439877811563369,0.618691434998204
3701,0.0185879673958902,0.015254010839023,0.443042241990942,0.660360504199282
3702,0.0185028565945748,0.0145982669431266,0.26158339321306,0.652531034364386
3703,0.0211400754215463,0.0137801711366458,0.254634101628799,0.579570828757217
3704,0.018268153803871,0.0156684791158315,0.250270906590932,0.668067978428244
3705,0.0118187866800822,0.00897169207060096,0.216581569952069,0.531562886065765
3706,0.0208563678834229,0.0129531635307111,0.26947825427381,0.565526931555243
3707,0.0138708837105552,0.0128865030596656,0.248057618319943,0.563067362856957
3708,0.0220238163939362,0.0146775404089112,0.254588138923173,0.620874233344464
3709,0.0190226895740288,0.0134356253525741,0.221849339815324,0.532962480505361
3710,0.0183039704383657,0.0109713113905789,0.221188062416059,0.38576193016447
3711,0.0193488962910315,0.0127165116776973,0.247132843381259,0.57360420697744
3712,0.0283149588831559,0.0198727223047003,0.260436471472844,0.611409124055772
3713,0.014391876051259,0.0111565585221082,0.241363113591768,0.570344737863702
3714,0.0172681820704375,0.00998745900977726,0.245833161140986,0.527071737743086
3715,0.0226267754855008,0.0167922026746565,0.265021788998142,0.589117854107139
3716,0.0130809705309568,0.012492014321976,0.306120239041011,0.537855172233045
3717,0.025312153274734,0.0083456700903108,0.2287880615037,0.449962997012368
3718,0.016379924092803,0.0113539777490339,0.261722251934246,0.508736650386036
3719,0.0192215719070296,0.00900293791582768,0.259820590090236,0.445552246133163
3720,0.0180092133244679,0.0151752833621931,0.290170425948354,0.584578945458984
3721,0.0163034469657457,0.0112712254788948,0.294707308038821,0.586497445358122
3722,0.0182220218767977,0.0159533033200314,0.217713595914664,0.63104276214434
3723,0.0193129438517885,0.018850721867094,0.26680525944327,0.685225305259921
3724,0.0188560010256208,0.0121891970992217,0.211561642622524,0.469436151216562
3725,0.0205733988003262,0.010258621718158,0.22447537866782,0.52801704888617
3726,0.0148498567733694,0.0124296164646444,0.266420256177263,0.579944233987133
3727,0.0195610975718395,0.0119817884060546,0.255744542562081,0.532574850350184
3728,0.0256264781868301,0.0112031311402905,0.266159633038911,0.49084105627732
3729,0.0206449723290288,0.0131866239085812,0.242186312682612,0.637966484545583
3730,0.0214083449933415,0.0151031970264072,0.232725558621225,0.55320597786312
3731,0.0179099207461433,0.0136286391786966,0.244575829192148,0.674625597714808
3732,0.013160224191929,0.0139935054268446,0.263388583510689,0.625779668067167
3733,0.0167916844294976,0.013343977311918,0.264903102498977,0.696962928157234
3734,0.0248033391152621,0.012973804486277,0.217305964797832,0.554778432292237
3735,0.0182366093609005,0.0136819226269798,0.258474425455471,0.576972512499815
3736,0.0247550104551258,0.0186523224210509,0.273115820094452,0.647840690007761
3737,0.0148202062747752,0.0189181356158413,0.285733675616346,0.640352641218113
3738,0.0225565576725331,0.0086924219940034,0.267579715476288,0.448511471717192
3739,0.0259058850970921,0.00833764692874433,0.229466021108217,0.536527221785513
3740,0.0213546629218725,0.0105245263168578,0.24682530649003,0.499739291953173
3741,0.0198007426444419,0.0100043052647995,0.24693521567139,0.46003908204811
3742,0.0169373304176363,0.00977602524194696,0.249474811271071,0.527710414826716
3743,0.0228579578426716,0.0107157849912803,0.377511179025916,0.444005649227466
3744,0.0229429342164367,0.0184157708529699,0.482478958872837,0.671884734848743
3745,0.0233149530241429,0.033209604379908,0.429834378720183,0.817248236935611
3746,0.0227996920880411,0.0368690274817822,0.370979815957543,0.838211457099035
3747,0.0161389647955128,0.022362886668739,0.4829592779255,0.782659717728
3748,0.0206984104669664,0.0167398406222737,0.436109600695951,0.717396494112672
3749,0.0211285212279382,0.0207015584136033,0.278676163405519,0.69626543845336
3750,0.0134398636848126,0.0109615123700432,0.262225351848452,0.534714498576453
3751,0.0156573668454886,0.012854390868035,0.235479652428214,0.605003491544203
3752,0.0188314996438366,0.0190212088432019,0.216975015133062,0.679241136272129
3753,0.0201693774813084,0.0259039644801672,0.266402264044019,0.805056523083342
3754,0.022738256478244,0.019240360241534,0.445992545490983,0.713921377933724
3755,0.0128173738280345,0.0159657249315755,0.454842009535806,0.615190608486287
3756,0.0219240969913857,0.0198168032335126,0.43487878193447,0.707894502392541
3757,0.0205215864602382,0.0172328817577444,0.262166859004803,0.630950589473004
3758,0.019743527104636,0.0139165508643632,0.433339660959178,0.615028725581581
3759,0.0177307798856017,0.0131841743097074,0.227105434451865,0.633347059567638
3760,0.0134224901448014,0.0179346024936949,0.247469705477651,0.679168722821125
3761,0.0228401833483234,0.01162712353464,0.300895082915511,0.483093844641448
3762,0.0193957539659127,0.0156457017651282,0.427762934652179,0.666394799517286
3763,0.0134923541016695,0.012075404957698,0.443682902922281,0.503856555341438
3764,0.0179030120780234,0.0122158111781104,0.439779357915163,0.654707150285768
3765,0.014454912829396,0.013001895124964,0.447240092772621,0.675949528454654
3766,0.0147753968041463,0.0135699809701955,0.415123045786204,0.579138663117341
3767,0.0193674473345938,0.0164402731639841,0.499911006516969,0.669490921229397
3768,0.0197233331553842,0.0204230915099739,0.438686564505186,0.735721775199004
3769,0.0174746304756957,0.022129928354517,0.44110656248449,0.754974534576369
3770,0.0190669058681578,0.0347921516721885,0.435460469087576,0.794563344209817
3771,0.0251886831689773,0.0240657582989332,0.461337392985502,0.769158756691112
3772,0.0111202948246668,0.031494185235449,0.508036988127011,0.81665786956773
3773,0.0223832260225494,0.0234663529307846,0.485182982557166,0.795285476550036
3774,0.020897113559061,0.0156870245849855,0.390447585784142,0.623156623589111
3775,0.014193015250884,0.0104771228834307,0.408250483728408,0.560885278393017
3776,0.0182203954489749,0.00887691028830186,0.453625804332703,0.538432584922155
3777,0.0155260928467213,0.0150735563351878,0.439665326711969,0.671663253265255
3778,0.0178349878988098,0.0298255774087413,0.450048449106381,0.842507733339216
3779,0.0184692466449624,0.0277736730327652,0.4368764246325,0.763666123470133
3780,0.0236750197449414,0.0168777597796911,0.438741093425576,0.750854960789834
3781,0.0149574197094419,0.0162815998060169,0.435242219770035,0.742990874580379
3782,0.0178633978270006,0.0162552464025963,0.39158175423191,0.706499422026352
3783,0.0241176291474188,0.017235851241891,0.269330270252974,0.655153163086042
3784,0.0226557193058808,0.00978857632359475,0.285648167694462,0.49159005309957
3785,0.0155489372800899,0.0120317392252138,0.229602191993615,0.6010280615807
3786,0.0169102995742461,0.0195013956308923,0.270917718854948,0.706053028282585
3787,0.0232721172969847,0.0127065488070257,0.23065088113153,0.539938330100947
3788,0.0210855343990598,0.0108731492465114,0.262423151503899,0.456236839233207
3789,0.0175315444812879,0.0103874464058917,0.224441907289511,0.556968193882828
3790,0.0179619784189862,0.0112666368866178,0.447045221333933,0.638178502170033
3791,0.0223075430308969,0.0148419849317675,0.464589914502759,0.729786661405768
3792,0.0264108744893038,0.0208637760472645,0.4178894045591,0.719147235300549
3793,0.0173296222181054,0.0160641714290459,0.447156240052554,0.684453756434616
3794,0.0162797053130322,0.0136177306670004,0.457857261799738,0.663121329667092
3795,0.0164225916209065,0.0113772968505567,0.436382069012805,0.556283359435925
3796,0.0145721245753914,0.0143152102539378,0.406278898678975,0.591248414144804
3797,0.0162202343151411,0.0127685308493959,0.527465565676652,0.553007066582132
3798,0.0171883911258177,0.0108139896458426,0.460445969043462,0.514991125257999
3799,0.0259651684758914,0.00984700809888087,0.396023005909506,0.465475284853695
3800,0.0298741982411483,0.0105874607800454,0.320821406551412,0.37915527633555
3801,0.0215177785218306,0.0108800507055938,0.211527116197504,0.492854899445666
3802,0.0198429770766723,0.00972871167206936,0.248056669690158,0.572001756437968
3803,0.0169448880287053,0.0132426031952701,0.271661341829093,0.56141613517416
3804,0.0259613392994553,0.0103746539636921,0.245794266379342,0.513208505044707
3805,0.0199042810759305,0.0137158598062255,0.254015078714829,0.613974722774016
3806,0.0213890019816089,0.0129147897739821,0.274468045124422,0.528769782915392
3807,0.0197279118337103,0.0131572732185283,0.195054389566278,0.554006050320384
3808,0.0182612019482303,0.0118455070757199,0.242877949520622,0.483088070581713
3809,0.0128885030347805,0.0119354218069537,0.269919803288355,0.580659330844304
3810,0.0235269831282447,0.0105339824997645,0.259274947927636,0.52897684778455
3811,0.0176898476284673,0.0203598495341694,0.243381348842048,0.724331274648933
3812,0.0228933457505665,0.0146401912557982,0.270579485906047,0.633614964038485
3813,0.0244011398051775,0.0184294758527124,0.261963677191875,0.664680725496983
3814,0.0198463655161398,0.014833928293255,0.265329636559103,0.663503126426035
3815,0.0162451016981866,0.0156737867778546,0.332704202568254,0.586244925519959
3816,0.0251508440163945,0.0114401878999778,0.273419872460509,0.594280006375054
3817,0.0195305545927424,0.0203176279839372,0.248428735705128,0.697058230569478
3818,0.0175392744405008,0.0339210075291494,0.330368461905146,0.825483105772413
3819,0.019641838485163,0.0379012643231011,0.231256535624129,0.838065180093947
3820,0.0192382605884371,0.027380873123598,0.265077023773612,0.773012131954949
3821,0.0155563230287567,0.0185256969192681,0.273776750318163,0.722910614319593
3822,0.0284689740577258,0.0118550273058591,0.249242938304996,0.641089849062034
3823,0.0128625033243469,0.0283237219742902,0.214408807873069,0.736124401695803
3824,0.0204933016109745,0.0126546861358989,0.270604662951435,0.496661696385941
3825,0.0145648436636451,0.0135332818763221,0.277083927951656,0.634545195424813
3826,0.0120886942859822,0.0146796021817609,0.239598421596491,0.557373927395193
3827,0.0121513572949108,0.0129071246715369,0.290471276138486,0.558963991941379
3828,0.0245165798409064,0.0126225197320897,0.255289867782492,0.55389379597033
3829,0.0165415936722845,0.0155176915253809,0.23943498030275,0.607311571069875
3830,0.022920988585085,0.015585111809356,0.22369134505388,0.676777659316679
3831,0.0229749544599941,0.0153973976217365,0.212165812653105,0.610137047850558
3832,0.017416411211026,0.0112935074713279,0.251413340858972,0.612346289701199
3833,0.0207889929818729,0.0112541359878811,0.217025933923996,0.620800009656878
3834,0.0211997915686185,0.0157626538359162,0.403299142851186,0.654816018213486
3835,0.012662362073561,0.0185816400833932,0.441484476314296,0.763707757050883
3836,0.0192846955520578,0.0164681964815098,0.410165848893196,0.568121807440648
3837,0.0108391229512113,0.00927170725312487,0.410878864845872,0.567711401089701
3838,0.0171664919089298,0.0115549972832347,0.212027700386343,0.444584547690505
3839,0.0192210079980866,0.00884205837417441,0.264845576966858,0.529124357364054
3840,0.0204936503880261,0.00893046406421245,0.229177451234441,0.410314534298988
3841,0.0218244939295056,0.010187200666134,0.240327400797346,0.431415662666926
3842,0.018697610741393,0.012255715454716,0.216549528597794,0.520589968792569
3843,0.0204858909578036,0.00977329835877722,0.258047566282259,0.433756014535484
3844,0.0182594470358802,0.0170299498690417,0.232113785514227,0.678380877615825
3845,0.0205797999410979,0.0138365954670135,0.223568675873478,0.670993455027232
3846,0.0168640126867295,0.014444476795743,0.265931570827055,0.4376390245008
3847,0.0230756737152667,0.0133876940575142,0.208183547567964,0.443542877124582
3848,0.0177165337544388,0.0118474060757843,0.240325639382626,0.598947488698231
3849,0.0172558991221003,0.0136789023551649,0.221271005769603,0.576436412667071
3850,0.0176664528922028,0.0139687291882157,0.268931643925907,0.632185522582012
3851,0.019949302394836,0.0116828760292165,0.274896892262643,0.625897342469011
3852,0.0239556449880391,0.0154195304884772,0.232626126496734,0.633655041061847
3853,0.0189196239088097,0.0142020416550937,0.216245773771635,0.509656594678095
3854,0.0215892675910784,0.0104291954594763,0.351190638317145,0.449170271607331
3855,0.0249855596904495,0.0128467567630917,0.241274309845366,0.609792433334756
3856,0.0225366730739595,0.0111102786294148,0.209161392067178,0.533541738736961
3857,0.0131873611647844,0.0107960826290155,0.291183677508451,0.50787253356222
3858,0.016907572441601,0.0110266298156444,0.283136898561252,0.368000004757725
3859,0.0242289187222697,0.0114651643964964,0.212315367682118,0.511203084713448
3860,0.0144776588437071,0.0105025680812177,0.256115801705179,0.510527866409615
3861,0.0244606896650493,0.008765180098596,0.238410556636654,0.480284247639348
3862,0.0268515817381011,0.00906042526010326,0.256168658401936,0.466974710798449
3863,0.0272348871190731,0.0150144042586755,0.219048138788247,0.544779497490064
3864,0.022561572790455,0.0110620967843822,0.227055717077844,0.54637319379079
3865,0.0221901779085385,0.0118920608981114,0.262305258632002,0.602887533879208
3866,0.0212244749176703,0.0143151993969467,0.270225264757379,0.612599554420332
3867,0.0241321555042591,0.021254901021951,0.244575570750418,0.750262813271386
3868,0.0163349830910272,0.0159349765965353,0.253880295092248,0.721820246228768
3869,0.0125072215451298,0.0116685060390856,0.258432880491182,0.546645562826496
3870,0.021147650906793,0.0121872785518539,0.262846812510074,0.597644990009279
3871,0.0211343470662242,0.0185750382818014,0.32526548980443,0.730065665015746
3872,0.0168280111721233,0.0167783399115288,0.445856352520827,0.694264181868561
3873,0.0138786379949026,0.0106825835429209,0.378239836318938,0.62724331555106
3874,0.0236804566774773,0.0122905645407947,0.489959575783685,0.583217880430554
3875,0.0243697207911166,0.0130482978226248,0.401406351246416,0.545278018656397
3876,0.0163617636086585,0.0110104303308415,0.407319539127266,0.548563304871571
3877,0.0236090827445124,0.0154335780449883,0.432185219180067,0.675090841280443
3878,0.0190040911456836,0.0187729947532508,0.502767778666939,0.723451015922053
3879,0.0227186742197286,0.0266551668395366,0.453590099070596,0.790354615892788
3880,0.0192063262697183,0.0121316303059743,0.483952163952929,0.644505173019297
3881,0.0224040582899821,0.0197559813074891,0.418930090574505,0.686642683987603
3882,0.0219739157214805,0.0128038559571568,0.374703642361489,0.649520981877758
3883,0.0153548661843483,0.0193485856812305,0.457065192540972,0.738625037487541
3884,0.0164650739151519,0.022808085092307,0.424035130330631,0.708567018023786
3885,0.0252407348552831,0.0179113227301338,0.451465046432609,0.725333481493617
3886,0.0170879226782338,0.0100225542126813,0.439323484281189,0.577850661405132
3887,0.0243823447225868,0.0155261215059283,0.485926208274872,0.677025975259866
3888,0.0164723593575304,0.0185139008561166,0.44485037953921,0.714246847933336
3889,0.0191053444985879,0.0199388747703188,0.483574197200804,0.713038487218167
3890,0.0222228306185377,0.0155281967882255,0.439311281054435,0.680511505054357
3891,0.0189441916585223,0.0133636397253703,0.465847072553331,0.680614418732359
3892,0.0232313100249612,0.0174228586626017,0.429472549683483,0.666097636907859
3893,0.0246175990840947,0.018835967035878,0.428305029628954,0.717525550292449
3894,0.020533769202204,0.0266097061375807,0.400584248906652,0.76357657835341
3895,0.00994286072333678,0.0119840053516497,0.46492856751881,0.646053794248392
3896,0.023609431163196,0.0152524884418904,0.41598779847873,0.651004190764058
3897,0.0200556764231592,0.015976197850723,0.433215582490191,0.619792762405042
3898,0.0193304217191117,0.00965052289939505,0.3782505620607,0.531460125576239
3899,0.0210088450292649,0.00842539528551614,0.443230650769397,0.595988666548874
3900,0.017085499940492,0.0128593367365779,0.437591579196425,0.671073497663346
3901,0.0136930875523934,0.0086520296358262,0.438290273263408,0.471473039964532
3902,0.0234358400950548,0.0101641346982956,0.341771708644403,0.514186327236491
3903,0.0216696124583195,0.0143839383847315,0.431673536002469,0.589261847211226
3904,0.023035393996786,0.0133817446154953,0.377765902146917,0.505849711323078
3905,0.0217435557338146,0.00949986343136585,0.420838057143004,0.59621623081063
3906,0.014267826837573,0.013615767175921,0.458670323565797,0.605520038185697
3907,0.0191553089191337,0.0213606394490157,0.562620412637156,0.736954653868439
3908,0.0143780201802421,0.0210856910834362,0.501041590589633,0.769700092778513
3909,0.0114410574691075,0.0294287515370732,0.45421061073548,0.810784041423859
3910,0.0254375575963738,0.0206922521889634,0.439403826185204,0.754435933981252
3911,0.019140355285577,0.0158372170054766,0.393895924973966,0.641990630190171
3912,0.0179936425455788,0.0140720886123897,0.264105627139409,0.619009740432903
3913,0.0161887817664113,0.0153930140959132,0.218745477614492,0.570973966229927
3914,0.0134851059823283,0.00921985000397304,0.259278956375082,0.466912536989625
3915,0.0194605662987418,0.0123692681526664,0.248078502037285,0.550289570007947
3916,0.0202518541715318,0.0118814864875514,0.22878285816712,0.625431470299653
3917,0.0138357655513756,0.0137305265264118,0.236931947579426,0.589858695684497
3918,0.0171072530430793,0.0095633640131313,0.26655834061589,0.560735102230043
3919,0.0191342723786744,0.00997627580941394,0.269520983312031,0.510711652828528
3920,0.0208042102136211,0.00968720437762487,0.261428041639877,0.548700179933562
3921,0.0283732879958173,0.0089560444424941,0.251352639019596,0.472183422734104
3922,0.0125108587755734,0.0115198403769121,0.223004827444696,0.475405028748396
3923,0.0145435389159706,0.0124155440734751,0.240208396981781,0.598296962806236
3924,0.024333013642648,0.0129196364244314,0.221395579668725,0.5597062454111
3925,0.0269236712137725,0.0101573043568818,0.259368779806057,0.498808537593946
3926,0.0248815737815338,0.0129555934820271,0.25617340289524,0.460677845933383
3927,0.012505327371205,0.0130970979043236,0.215728972295452,0.551412221248403
3928,0.0262696603792441,0.0167115732224154,0.234891632557788,0.51840895958487
3929,0.0168530264394915,0.0125942884294549,0.229948783192025,0.542676874183296
3930,0.0174440814647798,0.0147053251720274,0.256089252165649,0.57416812676811
3931,0.0112401594032028,0.0149400715837001,0.241173530641833,0.534851229762037
3932,0.0137014479155744,0.0126994102311619,0.260246885311658,0.502807671566361
3933,0.0178824537794014,0.00870181990269528,0.23303796167393,0.526318711613856
3934,0.0234933943816285,0.0167240832136485,0.270645980494382,0.566933497216364
3935,0.0213312697121548,0.0122490240898124,0.216084386587662,0.469851648071355
3936,0.0196936742312141,0.00917798843392494,0.257267523551504,0.341446905266804
3937,0.0203889752484454,0.014005026561423,0.195930323330351,0.593133691525541
3938,0.0212788593792022,0.0114219601343991,0.190238170676735,0.555083423328403
3939,0.025662365567458,0.00968823225381301,0.219448324398701,0.459860844763995
3940,0.0202096545504853,0.0146089605337483,0.233970705323649,0.592576449580433
3941,0.0207004825664326,0.013960174967336,0.265991083465424,0.604114890585726
3942,0.0203952703424261,0.0180012874226157,0.26990521926261,0.650384833576502
3943,0.0153869834828991,0.0155543210171853,0.263412636764839,0.657231453582349
3944,0.0149099624967841,0.0119605334368219,0.26561281589399,0.61117982231072
3945,0.0243434271720006,0.0130865157270601,0.196482586576031,0.56355448943178
3946,0.0217281892921415,0.0116455662924307,0.28057054213451,0.583459048968783
3947,0.0193986580958203,0.0131784701389586,0.249376896257422,0.614672256299334
3948,0.0190983968309382,0.0116977190647687,0.221597353196353,0.550342299820832
3949,0.0154334122967098,0.0119859375387736,0.229172214871656,0.573890515775886
3950,0.0222158596979621,0.0103790823288126,0.225922514149489,0.538835295648505
3951,0.0186828544819971,0.00969727972744155,0.245545292473273,0.549272001412525
3952,0.0145985425335914,0.0261043267473062,0.512779385555645,0.750679466635417
3953,0.0207735928901915,0.0197805853260442,0.542195254023279,0.747057617049936
3954,0.0167433326715749,0.0146516904181193,0.452824985598446,0.651947097439823
3955,0.0162820794780866,0.0171476577025618,0.39152669926759,0.571212210564189
3956,0.024632063610583,0.0184468046385956,0.339189442809031,0.599617256627594
3957,0.0215485450132203,0.0219033645358211,0.428800709008626,0.768656810884832
3958,0.0189984767549227,0.0344768180334983,0.402325272647371,0.840616055440726
3959,0.0113936642862746,0.020828055117738,0.455412568794827,0.690991774656345
3960,0.0111702662843263,0.0181967659116224,0.449557126096922,0.716047643799533
3961,0.0166254496670109,0.0196750873470087,0.414080735567183,0.729424314497375
3962,0.0180351034286521,0.0245264583494736,0.389029992198543,0.775828100125083
3963,0.020365238460743,0.0273256137397887,0.400569098507057,0.834607136836986
3964,0.0240889413410198,0.0216848968602516,0.462478235351903,0.795769863401497
3965,0.0150825778751748,0.02810928357335,0.514977027253385,0.755619163762345
3966,0.0164267666900896,0.0181184349098168,0.40536188648357,0.699801692099068
3967,0.0200127658565468,0.0141369330810929,0.501994018013904,0.609967735258754
3968,0.0225178285449886,0.0130786162085872,0.439621456666148,0.603016970874553
3969,0.0137992354404698,0.012040675681552,0.337104572710539,0.562708804816516
3970,0.021256559872533,0.0100864127408475,0.431204597446925,0.548580302266268
3971,0.0150390740795799,0.0178105892853124,0.439483080865267,0.715459131881685
3972,0.0183854557204347,0.0172975690702256,0.385047294720466,0.737352079628682
3973,0.025095262974125,0.0201521620970976,0.252622638508798,0.652609444950574
3974,0.0164551391333974,0.0228916063341257,0.248272769175338,0.738300632001215
3975,0.0120066636384244,0.0136360798961444,0.325939470963239,0.613976135358824
3976,0.0150168919312631,0.0148841083148217,0.269693016257827,0.639403046133629
3977,0.0183441703491832,0.01380471210363,0.24272018388354,0.658585417118211
3978,0.0219604104422342,0.0182856418710943,0.247053890412543,0.708719866124775
3979,0.0108943086852327,0.0199447293326271,0.277288937938423,0.71798297697365
3980,0.0150027155012606,0.0120806214159846,0.257381393486558,0.543530651326326
3981,0.0193983266660829,0.0121062417468345,0.211979512734303,0.505863281807078
3982,0.0151698547355971,0.0109492361068759,0.20914519104775,0.442321824818344
3983,0.0175230075172594,0.0118494472366654,0.267219723195449,0.490609061168029
3984,0.016414764615195,0.0129395736423908,0.257066979708674,0.526120784632217
3985,0.0241110445968707,0.0136386165483693,0.246129296510185,0.584852974298919
3986,0.0139372168811204,0.0161961855552263,0.266690881062468,0.661268870204505
3987,0.0214642333422054,0.0107223780050584,0.2548687452832,0.598539849867663
3988,0.0162615665653875,0.0111052457961778,0.218663811983608,0.599193375051636
3989,0.0200200734134965,0.0118761651792496,0.270429685859298,0.532242099493385
3990,0.0203254674649931,0.0150487629719003,0.223368783117951,0.643747702141303
3991,0.0145398474196733,0.0112346035378887,0.407301269014937,0.532193111969874
3992,0.0182208181858379,0.0154930989749326,0.472826407348367,0.64608998105645
3993,0.0109902579636965,0.0131514540169503,0.432955395625958,0.547199668183236
3994,0.0134875716032202,0.0155938034143558,0.470966271524106,0.581339718838015
3995,0.0185593346594236,0.0205230210740975,0.441254646794833,0.72558688754548
3996,0.0199591004480858,0.0180894324132873,0.513482628251652,0.649143763806269
3997,0.0165644057583682,0.0128249741853871,0.408002773254575,0.641342948868102
3998,0.0123309539966269,0.0136162883002877,0.383937814577298,0.577627024142111
3999,0.0213696367879947,0.0162229295673379,0.410710274654089,0.618483130563461
4000,0.0184927903467637,0.0129048991025217,0.402506091280787,0.477670776598838
4001,0.0217283953498759,0.0126477750484463,0.435652488931724,0.669678766550143
4002,0.0241401525996782,0.0240774152270877,0.409519003101906,0.794486736445753
4003,0.0162092838717906,0.0325037866151525,0.375366040134546,0.835619048879184
4004,0.0179411401378372,0.016986790649097,0.408048910022308,0.715907916560267
4005,0.016344329493586,0.014545058430553,0.376152062830731,0.68260065515632
4006,0.0236702017840664,0.0209028868436161,0.274442952657494,0.737648720167357
4007,0.0264110900046112,0.0250496376579524,0.232232067018821,0.829375728627559
4008,0.0156734683706797,0.0279926140203467,0.319570420366817,0.809136177320658
4009,0.0197246846997064,0.0263288661826048,0.395815284058628,0.781698079778954
4010,0.016246557357828,0.0122575959670138,0.234460517526937,0.693817686605576
4011,0.0140126799489307,0.00946830758195043,0.245358832100966,0.551983595360325
4012,0.0154467807029413,0.0196317964541814,0.248919028361343,0.609805489520927
4013,0.0198662310212633,0.0157331640051045,0.473824868844406,0.593722201437561
4014,0.0176057647648298,0.0168233215745209,0.500451034771036,0.757891650365039
4015,0.0228606700809955,0.0154037331819097,0.438779037166079,0.741350657544303
4016,0.0254076596432585,0.01598835928658,0.429843343984618,0.672467782755817
4017,0.0191007206434946,0.0236522974381214,0.450556449198153,0.77160578624852
4018,0.0239429565248395,0.0181802144067346,0.416593941454618,0.756051849804265
4019,0.00822881368722964,0.0223999902045724,0.398772905922764,0.753746990783492
4020,0.0213422722660394,0.0342129591983741,0.48668705904537,0.787548090927251
4021,0.0182141244782185,0.0131295070718379,0.368605936026168,0.634448012061807
4022,0.0230520666853129,0.010566030980901,0.243277135617073,0.572882278589563
4023,0.0217362537035606,0.0150679780889025,0.259907751890431,0.722459082399691
4024,0.0205550891990913,0.018235854060861,0.268920090425006,0.64471740552457
4025,0.0197522621838708,0.00841828041638105,0.249510320011317,0.414142468902002
4026,0.0217837533339262,0.00948030039497662,0.224537793999898,0.496289978290203
4027,0.0118919484202484,0.0111245323944657,0.263967665258311,0.542638500645941
4028,0.0210325513336639,0.0114044221798045,0.230192576915225,0.563380629994352
4029,0.0234667181333746,0.00987292570502876,0.237852821550402,0.47898341360538
4030,0.0213249148828353,0.0128044155991374,0.281944455209707,0.531206503019637
4031,0.0119117423357503,0.0166657519411349,0.252402008904468,0.61155641618525
4032,0.0110871544432068,0.0181944000930666,0.218321543657853,0.601997691546452
4033,0.0194490573774993,0.0100030689022457,0.213934876301715,0.537182859515617
4034,0.0126247152276015,0.0125767414798348,0.212414642666342,0.532368069131176
4035,0.0211647474068919,0.0179357454976599,0.271681125681466,0.655749521845182
4036,0.0169284484352044,0.0139664377901002,0.224963773109395,0.561120262868803
4037,0.0148949104265904,0.0103281928394565,0.269027008938669,0.501215112596572
4038,0.0275411749349311,0.0139890451527972,0.228535399707427,0.566903570699477
4039,0.017492745405092,0.0117229343013486,0.366761477354113,0.550381680113983
4040,0.0130643724809504,0.0169316596840238,0.41539578682668,0.686389129126031
4041,0.0220264780326031,0.0157278126512854,0.389621682047288,0.593687260470005
4042,0.0160503500170054,0.0132314165271465,0.401862894260918,0.585200190079967
4043,0.018680102356501,0.00973438397751447,0.36456021657752,0.521861906155185
4044,0.0165431220403156,0.0117748436203658,0.376826543060594,0.541490521948198
4045,0.0226075799055234,0.0112660175022997,0.420006122005526,0.551207430783386
4046,0.0201120632045634,0.0185181819910958,0.411812481754755,0.705830122303484
4047,0.0203787843253397,0.0238437610015257,0.590129385933616,0.815256642976888
4048,0.015214559367166,0.0216730439019675,0.51544322406382,0.754598227835637
4049,0.0230327238180024,0.0337604498752116,0.514961465910055,0.851624834075992
4050,0.0187040900285418,0.0213475357624921,0.508213304806771,0.782131765862151
4051,0.0185153503832682,0.0358171832479813,0.427158958162103,0.83110175490148
4052,0.0130491501910058,0.026983402396676,0.402183450956163,0.781562674479691
4053,0.0237727690677461,0.0134964383985555,0.43776100859664,0.58157453647712
4054,0.015275711545114,0.0125973691992989,0.440923148916338,0.65363424845909
4055,0.0182785821101018,0.0167030560607314,0.444168134037492,0.686147319645492
4056,0.0187729360117389,0.0153583568513206,0.445810924004672,0.636880063339417
4057,0.0159374453666359,0.0204044230321497,0.400448115613738,0.809902878709126
4058,0.016531380998608,0.0188184757202474,0.406662488584309,0.73911717933135
4059,0.0231353988274574,0.016621668230806,0.40545521179457,0.716414420670652
4060,0.0194634911788054,0.0195005416299692,0.427652858564024,0.73657198900824
4061,0.0215882655737873,0.0124191893194329,0.269948741734572,0.623681218807878
4062,0.0186974493849508,0.012613108507811,0.26402791099655,0.517322562189798
4063,0.024939540882952,0.013075632482837,0.24719846628029,0.604411324818213
4064,0.0269385552754331,0.0111046619996962,0.309510799503336,0.581769783660903
4065,0.0172933597893559,0.0129211006573565,0.230923681667646,0.552999010721708
4066,0.0148156595369633,0.018668651188049,0.240649999215011,0.656341549454439
4067,0.0213506583846869,0.0117594953481973,0.260128651647071,0.591838350365249
4068,0.0226815886945903,0.0191232112657589,0.398452395094394,0.772886834524506
4069,0.0183895733928879,0.013421278224304,0.419210284349539,0.665547952725536
4070,0.0177885663070192,0.0209114485955222,0.452519388731089,0.749946851743309
4071,0.0228329245681815,0.0183745925851654,0.450496842572372,0.69396558010277
4072,0.0242773941710782,0.0163156640170685,0.435277814379234,0.605223844818053
4073,0.0196074935043626,0.0105136698476704,0.404351841266799,0.560848901841957
4074,0.0227975395970257,0.0148656147224335,0.393321994556882,0.685928385468659
4075,0.0201504653540903,0.0153910139126882,0.245398962128916,0.636416558473385
4076,0.0225305680515029,0.0164522483860955,0.298373651203899,0.703196006530835
4077,0.0195405662027791,0.0216303302988823,0.441605474078413,0.700641460313573
4078,0.0154345424581273,0.0191696734728884,0.425847539489661,0.698297666641049
4079,0.0236888761402925,0.016273704072599,0.353311400288944,0.586887369530821
4080,0.0197865903009248,0.0124556512560048,0.444791064302522,0.613873235174684
4081,0.0221785271211634,0.0167526267873503,0.232050132272029,0.651460237947263
4082,0.0149259127596024,0.0103767858689524,0.368250784003676,0.513688784783152
4083,0.0175086023136052,0.0167284284964564,0.442821789086535,0.664634162170588
4084,0.0209955331488266,0.0148447042857672,0.374576285467185,0.532503713305577
4085,0.0195037525749824,0.0145139439514721,0.44725780932489,0.671826661764029
4086,0.0210517508347029,0.0146527530645808,0.443889917106086,0.673881228856367
4087,0.0200698783467471,0.0143586089323852,0.492808642904216,0.646093902561041
4088,0.0220897742297246,0.0176774039563144,0.394560716447187,0.686213684177403
4089,0.0185092735124314,0.0291706729431217,0.449883938992345,0.843680207503415
4090,0.0139024789605775,0.0453408149949073,0.459046670487804,0.856394899195977
4091,0.0161800686400625,0.0190377000134677,0.483228041999343,0.799587330151571
4092,0.0170872205140193,0.0216710207817872,0.522644933954389,0.725752858330623
4093,0.0176430587785649,0.0149607978764527,0.444657667077732,0.687784127347438
4094,0.0161194565563877,0.012598473617926,0.443457980483694,0.655512231624193
4095,0.0160987341346081,0.0095124015883976,0.223285281284305,0.430921344463111
4096,0.0291230519761545,0.0105238064524183,0.230941921861782,0.501012671444564
4097,0.0168557650962338,0.0118550922546393,0.521471491960689,0.644686012799309
4098,0.00843067308256624,0.0177389330796812,0.492731860342639,0.686240635215289
4099,0.0179338389709456,0.0178740031920391,0.504572583751019,0.741943234324839
4100,0.0196448712109129,0.021424033137816,0.444274628595,0.775125581797076
4101,0.0134295917873141,0.0175247715572491,0.433516791734441,0.5843266491925
4102,0.0171584481722321,0.0158188959848536,0.517710794691407,0.686073661935866
4103,0.0164580497454026,0.0161240021046512,0.440264942897694,0.693896865243199
4104,0.0223358664802209,0.00952555081759884,0.415454359574969,0.537578118051511
4105,0.0208687141571696,0.015873172802401,0.46445076335657,0.670857296898227
4106,0.0139791377546681,0.0173781854721634,0.427059984063752,0.675419891082648
4107,0.0269064522166946,0.0133808375008889,0.300623780090369,0.459984109251994
4108,0.0155455876745325,0.0119353652960688,0.449398581724432,0.468430567534644
4109,0.0180115357091575,0.0127962804922398,0.424893206517959,0.511905356580147
4110,0.018386203628256,0.012711810330545,0.439001669656418,0.690086980848681
4111,0.0161696900139039,0.0149198369055532,0.42603242500014,0.629192630818988
4112,0.0146036142699621,0.0130617314993215,0.430104884553522,0.63562052473588
4113,0.0175272516832703,0.0154381536104608,0.472410824582806,0.710159220586579
4114,0.0168046583881379,0.0138266408694197,0.502574893668005,0.639073118296502
4115,0.0225398025339006,0.0097618598750142,0.461160315751514,0.492328773812897
4116,0.020897188580104,0.0147439738201804,0.362518317144079,0.631752311948642
4117,0.0206265879838692,0.01550317894437,0.48456736598045,0.75344895408492
4118,0.0163046699725042,0.0280729578289735,0.425781859275263,0.803832927431
4119,0.0179461992777965,0.020969548843386,0.47283962624729,0.684443820289478
4120,0.0183527672140625,0.0186330817140881,0.42784635031394,0.711355119294795
4121,0.0138134130611857,0.0195244464040727,0.491713893832671,0.747519035292546
4122,0.0135922885532231,0.0290161106730209,0.457038579929057,0.827227148255522
4123,0.028521630415835,0.0181150186493756,0.382505417162331,0.726378331911277
4124,0.0198514949832953,0.0133055507641378,0.403738415386611,0.588552058768579
4125,0.023078951311627,0.0209389894716982,0.354998775297533,0.745246388308162
4126,0.0191474869545239,0.0151690797047932,0.368397890064955,0.661502098592482
4127,0.0185092914584107,0.0163405966187962,0.373900801504022,0.660391950543524
4128,0.0184783587542344,0.0171940060142494,0.350565745393032,0.668101263206729
4129,0.015669670800575,0.0108949453757746,0.427930265089056,0.569624571745011
4130,0.025507335855439,0.0181533344167687,0.47698393027619,0.595101480527628
4131,0.0149921532637836,0.0142078122605146,0.478125703520258,0.626707377516337
4132,0.017570221445444,0.0115071896647219,0.420263489373032,0.662706184602557
4133,0.0131832210510586,0.0194536034645009,0.387990447266133,0.708910452947909
4134,0.0187059305014432,0.0156682608504947,0.387991207162144,0.658731497934133
4135,0.0119147801995604,0.0136354354971904,0.447284740641609,0.62330878900988
4136,0.0169782091734901,0.0148170526076309,0.431567451724006,0.700505285293134
4137,0.0212515582181499,0.00938639932933746,0.460185707135933,0.512068765051211
4138,0.0203780989850772,0.0157626729500214,0.429794836712084,0.586611340802536
4139,0.0140813599929456,0.0162532004070951,0.442569843823702,0.643771036526053
4140,0.0233265272843775,0.0138351079511274,0.4326240658993,0.693196360906458
4141,0.0209520793585356,0.0169946573531566,0.285707178907861,0.637445532261348
4142,0.0162025539669832,0.00922753094209527,0.26944634319582,0.483274870885501
4143,0.0158684195245807,0.0128256734518782,0.443961379329055,0.534006440166202
4144,0.0230924553550313,0.0135951354696375,0.426933246396943,0.599193920619206
4145,0.021088546306712,0.00841444188254834,0.415404813449021,0.426375541245667
4146,0.018230579819938,0.0144504141045732,0.26294973465019,0.617965025060474
4147,0.0176933518421419,0.0150221806458372,0.226799057489914,0.676060435631602
4148,0.0213164706611217,0.0168829841773927,0.233571949154553,0.727679158700954
4149,0.0179979450845882,0.0119811808216952,0.243304091448895,0.580075603245776
4150,0.0224376632787176,0.0186860300182663,0.25656418835948,0.638655744803335
4151,0.0188798254737004,0.0116143512087353,0.220430564049137,0.546971068062305
4152,0.00886231661037848,0.00946425128282842,0.269074701995988,0.401676243535496
4153,0.02225203950457,0.0103835217376949,0.251152768122873,0.519301531856968
4154,0.0240101919939126,0.0113080540230248,0.319494416587826,0.536056027212922
4155,0.020123302504224,0.0118283393455942,0.253235400113787,0.59218770213104
4156,0.0259714612474597,0.015814071958306,0.400007299128445,0.639327952250323
4157,0.0162830592475574,0.0176824005618633,0.430246295115309,0.686137032406163
4158,0.0202385537403678,0.014216766672257,0.311616942042588,0.617016862459551
4159,0.0246490856846004,0.0122332966550608,0.268067833786363,0.571547043695487
4160,0.0267418626292435,0.0142025816650377,0.265860955819657,0.671448444004957
4161,0.0204611734278789,0.0182347073128988,0.322631667623281,0.743853688213784
4162,0.0106553890473593,0.0167543017863426,0.43309978302125,0.638700389843071
4163,0.0199303365447888,0.00858448778709403,0.428249926353498,0.503856312921198
4164,0.0258608993588709,0.0136204784321751,0.389530322195314,0.635918616413013
4165,0.0163371012442883,0.023350994718655,0.403260176884425,0.687045405621756
4166,0.0183754104758825,0.014806057256841,0.396941436637293,0.656243602170861
4167,0.0200881944313217,0.0167685999989369,0.370834913495575,0.712290220749445
4168,0.0198271283052877,0.0179563913524514,0.246794026539528,0.63236429865795
4169,0.0176261345181577,0.0148242236008903,0.241065175170665,0.657198345280294
4170,0.0180807905883088,0.0120946590335181,0.244951096883293,0.460443165886442
4171,0.0228902298011095,0.0122565326818761,0.23436371863493,0.53359038882946
4172,0.0142030891610704,0.0100611812653424,0.211355679709803,0.438729943112158
4173,0.0186532014616093,0.0106745617455262,0.235447803237306,0.561880359003838
4174,0.0154449453543892,0.0125905102544621,0.277775905715387,0.664377591153206
4175,0.021220676294911,0.0173082595200624,0.232433143611744,0.643523865688801
4176,0.0188230673363387,0.00984513028102678,0.263227034982678,0.479426423935794
4177,0.0206265327150822,0.00973396584124573,0.219018339980662,0.5804836204646
4178,0.023565639926672,0.0117311673896192,0.268803485107594,0.635893629126634
4179,0.0204146849200064,0.00984540017161206,0.259726703756821,0.445261824865717
4180,0.00991745318719735,0.0132026445883215,0.24595212971277,0.620975063333462
4181,0.0236437041770783,0.0108978370605404,0.219723538252514,0.50707625185718
4182,0.0217975359510162,0.0119581665391522,0.186748442207528,0.481827338824874
4183,0.0192970643670714,0.0176299823423892,0.261382844712202,0.668571224155605
4184,0.0254522001943809,0.0104772487385591,0.224296657616992,0.540502679186018
4185,0.0132829028088522,0.0114486390836719,0.232386782544514,0.605242769365794
4186,0.0161872643958169,0.0133193675879334,0.217962842476494,0.612698858977486
4187,0.0211723231841124,0.00925431231816858,0.254786116000352,0.368100550395521
4188,0.0219765316969096,0.01522726298766,0.256622068376773,0.628111772770065
4189,0.0172164281449495,0.0141280550719129,0.255626756416474,0.590465528598231
4190,0.0196828696820805,0.0105314859372556,0.230823673050924,0.492783458130933
4191,0.0229779921103328,0.0120191266396106,0.261153676008376,0.560902574597196
4192,0.0176937544890825,0.0184926117408277,0.217663324697169,0.635664478684085
4193,0.0232079258415754,0.0158817763844255,0.220403456003,0.671525062605562
4194,0.0140355296992441,0.0152202149725096,0.271112343405066,0.678403846980554
4195,0.013214672593944,0.0145716813947825,0.212341097371448,0.576208647187957
4196,0.0164386211165353,0.0167993844279918,0.247618999118524,0.598617725137076
4197,0.0224202443373348,0.0127016008816612,0.23702625118649,0.561745014890838
4198,0.0135648001212728,0.0091296508079239,0.268867777140054,0.50075697709196
4199,0.0210940619740868,0.0132672930842639,0.255821436399376,0.56336826710199
4200,0.025351841464472,0.0210865800686699,0.236812423502992,0.642188487947506
4201,0.0116522449803068,0.0145550321904273,0.267604338044713,0.562659404505206
4202,0.0240622400157847,0.010244200235071,0.210395026332387,0.465511406520803
4203,0.0168768732152769,0.0124946861721685,0.233429384290572,0.521192828172053
4204,0.0226157474165636,0.0182884070579065,0.251805571421809,0.648437545378308
4205,0.0221635667684675,0.0205426930978116,0.2628141608837,0.682487720738731
4206,0.0217582820212943,0.0143301858704001,0.311299677998008,0.571818976080871
4207,0.0153030854292619,0.0114242258989466,0.26921849414349,0.470356148701207
4208,0.0256279802706214,0.0113266883969635,0.250831109478744,0.498724853388708
4209,0.0144813022015297,0.0161229215976368,0.261625195334861,0.618849693045758
4210,0.0181800578483454,0.0147194873174731,0.224533930453785,0.622422175546677
4211,0.0192753100800306,0.00957552610575559,0.27239108134573,0.507599122816037
4212,0.022442410489436,0.00925115939979905,0.247202645677943,0.435932580154929
4213,0.023282897518276,0.0136128629491316,0.222303791783677,0.688784945180992
4214,0.0194389383577853,0.015047313382462,0.269515939929447,0.640936588641045
4215,0.0277475327774732,0.0117840474840934,0.215958473355181,0.602361370394406
4216,0.0162475717806974,0.0185921343782599,0.211723120721829,0.735545600971323
4217,0.0217162181047906,0.0199428980466782,0.230449484473205,0.763705088887636
4218,0.0259397745662179,0.0227308960829139,0.21960942829772,0.75407210481234
4219,0.0207299128080257,0.0202335792817606,0.255078423055272,0.712008215839245
4220,0.0216211659676928,0.0171138676333989,0.213980603312844,0.686536346756067
4221,0.0217232445671378,0.00859644430049549,0.293146679632627,0.45492953852471
4222,0.0224246568448923,0.0131945430351403,0.256772343661551,0.587185489908212
4223,0.0197381462705191,0.0115857730370009,0.2652692577184,0.589546610067539
4224,0.0132025818993518,0.0145478526322496,0.221812071043417,0.555938809505141
4225,0.0176026629715816,0.00959936647875259,0.260017398031863,0.481610909748016
4226,0.0162763552444675,0.0165143022306803,0.222584324890205,0.615244641173186
4227,0.0220528318982931,0.0100020066978875,0.260426231515019,0.521443956214314
4228,0.0199767573918305,0.0156543608867873,0.230144140597889,0.645545425157025
4229,0.0167848752504548,0.014882006794633,0.238922663909168,0.647147100304088
4230,0.0199960234700651,0.0124688250896844,0.222403853533034,0.577942554220293
4231,0.0203742816922018,0.0117873465056313,0.265856006327126,0.527879219447608
4232,0.0172170085800644,0.00947861937991807,0.243816737354108,0.535925775615504
4233,0.0174819879200425,0.021037460475554,0.250081359850127,0.710409656525707
4234,0.0187977726935728,0.0166874413646234,0.214986764615514,0.629965019619102
4235,0.0237956827080481,0.0148036632220168,0.227722593576984,0.626081413331415
4236,0.0259248356970378,0.0166385988663366,0.223804826544092,0.693589696245621
4237,0.0288390400741783,0.0136705571285545,0.212888899144758,0.608926388684262
4238,0.0168113577859123,0.0175221147776379,0.263816203571512,0.672624112175519
4239,0.0180587760080387,0.0236718693915818,0.227306911692735,0.741043520787035
4240,0.0189447125736823,0.0185337725155222,0.242776156334086,0.677925743001325
4241,0.027847743659723,0.0161175334259508,0.273088355471419,0.71367733416571
4242,0.021756311220084,0.0131665424655903,0.260531355217354,0.546678089392879
4243,0.0147989035139222,0.0131694109614565,0.25664060785532,0.538147595884895
4244,0.0157649525095634,0.0129801622816678,0.283072057943625,0.508628445358289
4245,0.020898815099062,0.0113050826298711,0.266578128286302,0.496707520276394
4246,0.0163661970299512,0.0130325013371675,0.215895592642963,0.584982719691118
4247,0.017105678432049,0.0149198490666769,0.258161412990291,0.562605465431617
4248,0.0140196473976978,0.0140861177134834,0.255226135591768,0.642600265444179
4249,0.0150811660455791,0.0130244794861985,0.265138348636909,0.449224566988994
4250,0.0186052666504144,0.0106056926384181,0.260661750035119,0.423741290550056
4251,0.0171422068855376,0.0143153926777651,0.219508413259233,0.592506487207396
4252,0.0200020315314283,0.0419610344751486,0.279550044576753,0.802381250035794
4253,0.0200644893291891,0.0234273230398976,0.271296942470464,0.749721765201833
4254,0.0246380812683125,0.0134215142226222,0.27220044581847,0.583159066148536
4255,0.0164064808355572,0.0151876020548774,0.231583621657225,0.597715491360959
4256,0.0224919119550478,0.0146018352373353,0.439112935358972,0.545878456333305
4257,0.0210793406725953,0.0117794815744891,0.424182651857754,0.5466100477151
4258,0.0182733167118527,0.0177973196615693,0.234236130177122,0.707099451527657
4259,0.0265233098684577,0.0129240858891675,0.247748529474014,0.574143748358579
4260,0.0233493811232092,0.0130769988503801,0.207387068297775,0.578253903334045
4261,0.0222765880652784,0.0110882910653664,0.231543512881954,0.562518849955039
4262,0.0238635084475424,0.00941155648213444,0.26127407864097,0.500732823367933
4263,0.0171962955318798,0.0156661427328524,0.270774213523422,0.652650002776671
4264,0.0180238741078114,0.0133349126926154,0.21266118993609,0.63876674459813
4265,0.0164961663573118,0.0173602830685638,0.255396737276817,0.617111916522759
4266,0.0201537191361445,0.0347831694804221,0.311770066598576,0.795368137697359
4267,0.0199173613817695,0.0238289273665401,0.250332291195681,0.773495415195107
4268,0.0163319315202821,0.019630383319626,0.428659709483557,0.73027168708059
4269,0.0163874541191509,0.0178900642294531,0.447517195553378,0.782749982790714
4270,0.0197407546105866,0.0252573452965958,0.371404369687023,0.792331114111798
4271,0.0194647019304157,0.0212152799226765,0.488610799008422,0.768226123444587
4272,0.0143783118172212,0.019737601159029,0.496129779323269,0.771828669915848
4273,0.0203021780627327,0.0142806465160158,0.485782231016878,0.661909259836744
4274,0.0165139915132648,0.0144485964427203,0.434990755762893,0.670436610920799
4275,0.0219599081410201,0.0119065341611657,0.439426335416362,0.609860639750443
4276,0.0160393240925429,0.0147776622256058,0.438241344070695,0.61640945193441
4277,0.0222349724672752,0.0160337044193263,0.4085862706661,0.655785697435827
4278,0.0148276349912362,0.0132652999831278,0.516319487101136,0.658539860058522
4279,0.0219477509179529,0.0100121432569612,0.263791168618213,0.440833908612521
4280,0.0227565906298056,0.00956530996318389,0.26537403807376,0.449882932818743
4281,0.0196262036665401,0.010928916748147,0.2454583036455,0.514761899181467
4282,0.0197596159527885,0.00905523364955022,0.324487410748736,0.500800900157243
4283,0.0181572711089834,0.0155001539283428,0.264639843422896,0.550212627592323
4284,0.0206436545354397,0.012896335246332,0.326937264805593,0.5714116722314
4285,0.0213185229835278,0.0207159504029132,0.265786908247446,0.643168221774707
4286,0.0166681115921514,0.0200093964403399,0.233904088341868,0.710602035931095
4287,0.021962292502092,0.01008312689965,0.233759638511997,0.530857486417642
4288,0.0253374033383112,0.0158491866623233,0.275481949511486,0.565138982631311
4289,0.020574857997004,0.0120903770628522,0.314939029938941,0.536829097144129
4290,0.0181445790052323,0.0143793724503666,0.269948754055713,0.532988996900165
4291,0.0195661195929191,0.0103894594775868,0.2278910410011,0.555115382081709
4292,0.0215955947026113,0.00716898231860345,0.282221474481209,0.462728145049055
4293,0.0238033579974029,0.0111726124982872,0.226278172771481,0.556842632601667
4294,0.0130226174721552,0.0124068155777652,0.255885462783914,0.589215312409424
4295,0.0210114480623149,0.0114408016009051,0.335398145157861,0.542664496366583
4296,0.0168557582643306,0.00843084389960947,0.420874190277645,0.450455488362549
4297,0.0208480554839763,0.0106766791507911,0.441546912343918,0.546717939406738
4298,0.0193689804031088,0.0128998238182432,0.40314740573795,0.588366154295231
4299,0.0164475174893784,0.010113576653622,0.397570275844002,0.603427308424236
4300,0.0191175048526096,0.0159241863200346,0.443332708689564,0.615061368747181
4301,0.0140418176975309,0.00965016286171111,0.425873299389486,0.522669246539255
4302,0.0155951177649882,0.0163250844843128,0.383220839590342,0.647174186985046
4303,0.025401747314827,0.016354899651723,0.50032242806271,0.709312417101812
4304,0.0227362531767859,0.0161440528312759,0.485094341900426,0.711620610233836
4305,0.0262580661932768,0.0173947876716229,0.437569039525498,0.70109817871053
4306,0.025274077708851,0.0220749746729887,0.447702801689008,0.73358889311939
4307,0.0151615034581154,0.026894894564419,0.436994025892656,0.792684938755309
4308,0.0199444801548694,0.0162167052925293,0.44939110190992,0.651619273156235
4309,0.0212233175042396,0.0107085254933029,0.391830009484352,0.599107616013567
4310,0.016099667291434,0.0117911686130749,0.260325711728093,0.580204468926512
4311,0.0159189800304392,0.0125160558083433,0.249952626018876,0.495615929378842
4312,0.020329952498553,0.0116708111594375,0.218045050904383,0.497093969845252
4313,0.0204822306448967,0.0104016890587088,0.245386785576598,0.468868707538436
4314,0.0138896702605525,0.0132801950021171,0.249415900804152,0.607318500677439
4315,0.0245285975553697,0.0166509375247634,0.237196518150423,0.655643395291615
4316,0.0181214431205517,0.0139600040094744,0.237698509637887,0.624199675324539
4317,0.0234356129427278,0.0103906380758546,0.250746890406912,0.442105372755898
4318,0.0262296366411553,0.0106418294165174,0.222874293804045,0.543033718343432
4319,0.0192632930402366,0.0122560226018828,0.214914154569363,0.610794713620265
4320,0.0164384636831211,0.0145339667092343,0.410073421204707,0.703260205115858
4321,0.0206379245400298,0.0148694719388483,0.244566047100848,0.490294551902795
4322,0.0217128106020645,0.010479783128452,0.259942603652291,0.50442203656022
4323,0.0171147525012861,0.0101870715491196,0.247455773257901,0.485242108624519
4324,0.0222111440801073,0.010292482847942,0.25570663840793,0.441701158498071
4325,0.0156441750520573,0.0119773173632457,0.254475100665708,0.43609228003064
4326,0.0208387849133576,0.0136058891569579,0.242051829368254,0.542597855900646
4327,0.012553282788612,0.0108372588229836,0.224880884386429,0.445297381926418
4328,0.016529479227768,0.00959734303685247,0.220056257782449,0.539347151984077
4329,0.0227092140699483,0.0226063623541698,0.31681117431533,0.719640107975074
4330,0.0208345473883505,0.033154034039734,0.257151216670022,0.807483944356657
4331,0.016204722447064,0.0338021141263116,0.217802235268715,0.800194028185693
4332,0.0169125548233796,0.0247315382954958,0.270050684642744,0.807790384820445
4333,0.021298275367758,0.0185342714742081,0.370214201244092,0.780106197407765
4334,0.0181103406552469,0.024888855158669,0.426326836828484,0.809269318749129
4335,0.0282486692783881,0.0211285989016692,0.499848022272585,0.756023246963939
4336,0.0154479577159612,0.0214909051713553,0.484855052631635,0.761510811702004
4337,0.0183789648793321,0.0216895035332001,0.497158442723679,0.760018788279665
4338,0.0194136300687997,0.0237824971498914,0.450272681575511,0.739298473970323
4339,0.0181085731326866,0.0189771276858457,0.422661556139643,0.737274759651279
4340,0.0206916448785443,0.0156496628453706,0.454795088411758,0.678590945032643
4341,0.0198645742312814,0.0206375185085016,0.440699389467358,0.723503057054739
4342,0.0217958346334541,0.0161840030439666,0.442807996834832,0.6510334065809
4343,0.0217467529575576,0.0152911557451109,0.437873856269697,0.662559114796915
4344,0.0131802745420348,0.0114154208849784,0.446396251264968,0.626272374225687
4345,0.0224290423452225,0.0109132601515991,0.427036255663117,0.515675685735592
4346,0.0182845600778978,0.0142344092973933,0.425418384208233,0.55065451242048
4347,0.0215361786549113,0.0141078569840814,0.375694394745203,0.605861804773436
4348,0.0195528646407687,0.0120279237077628,0.361620052684945,0.494438613635987
4349,0.0179677563478985,0.0178188406872288,0.425705412962656,0.738035992539763
4350,0.0133620293978471,0.023062891006422,0.383249024369972,0.728057671038196
4351,0.0166336512377517,0.0155321482436586,0.415946636368401,0.679245116772171
4352,0.0231002841665643,0.0107389957734462,0.436421059229628,0.655436144093869
4353,0.0188134855297085,0.013045551095248,0.43738570815951,0.534016918148939
4354,0.0166223206261928,0.0095538706463948,0.386365409884071,0.579545770279635
4355,0.0117824346482422,0.0148132993737274,0.243301527117176,0.628983812091182
4356,0.0246694608908599,0.01274331992777,0.249783770995303,0.502868666257112
4357,0.023615398142508,0.0100584035410765,0.246159235649726,0.553557707560379
4358,0.019777331487356,0.00992383031909706,0.267689914240695,0.615069500403033
4359,0.0221538660468476,0.00957030237165837,0.254537930092876,0.401297400347631
4360,0.0168772621213231,0.0142855621804956,0.3527043540741,0.507994948461862
4361,0.0157303522811358,0.0105183589366954,0.235624654358686,0.461403057967788
4362,0.0174894901016692,0.0110163492590715,0.241353587795132,0.490203105139762
4363,0.0212647080162203,0.0105776566505748,0.231447159827099,0.481444516638435
4364,0.0239762446371748,0.0142112296704776,0.253491839839132,0.605665269767256
4365,0.0219319180573742,0.0102647115363992,0.264570708407487,0.534503267828503
4366,0.0100609724791285,0.0129732574154269,0.402184030548544,0.666518176269613
4367,0.0120331121304347,0.0171246581286054,0.493544669828536,0.676368143693088
4368,0.0130538325512577,0.0159114635311523,0.432266385696798,0.693447264406642
4369,0.0148628368300926,0.012213232638233,0.40351147675982,0.711183091622034
4370,0.0183218055570631,0.0259692951968112,0.434594491678446,0.778511197410396
4371,0.0210826155248624,0.0261324959612589,0.389694774684703,0.804745392816186
4372,0.0200281151625886,0.015843058851545,0.396262584171421,0.726880437564555
4373,0.0209104849188883,0.0173811988924237,0.431805849392222,0.634154258460889
4374,0.0216179299157667,0.0168865658636663,0.424837150084585,0.690701589485842
4375,0.0193404667156104,0.0130792010114547,0.45959101389116,0.676043374334862
4376,0.0180355834889965,0.010456048095744,0.401778382755095,0.619245323894879
4377,0.014689215172578,0.0268496927308515,0.491638326258333,0.808960809103182
4378,0.0188837831355932,0.0176921357739802,0.520909060015435,0.741213231750146
4379,0.0199507038555021,0.0199354223884373,0.522984830059148,0.631694162013465
4380,0.0145371661667954,0.0191105092735365,0.500802378082753,0.622586202146774
4381,0.0147571680659309,0.0108212794596342,0.441646431686844,0.578181336907004
4382,0.0216380481108129,0.0137348105065813,0.412989419575426,0.615416729481813
4383,0.0205906925982564,0.0120863794426327,0.31368406649047,0.537000482646598
4384,0.0216006391644847,0.0220507965204392,0.344179871565646,0.701330128730951
4385,0.0238426513064837,0.0125136691899663,0.328957267044867,0.578975185522796
4386,0.0242840081531545,0.0157286698939939,0.226703146462788,0.597337999147795
4387,0.0162817803049384,0.0100100318772236,0.230221805951263,0.470831965052435
4388,0.020474691280779,0.0172602869642674,0.23754612480905,0.640648364259211
4389,0.0254070160897837,0.0282067289784425,0.246087288034551,0.777350370929572
4390,0.0209657102342926,0.0299468037169873,0.215300606007879,0.796898058233772
4391,0.0193206857226659,0.0197038715681731,0.249827695787391,0.743755673101768
4392,0.015449230773646,0.0194259709066404,0.271726597478755,0.700086554889858
4393,0.0162812681148852,0.0408760973144076,0.372785830717009,0.793156438489394
4394,0.0165140043480344,0.0278204451556179,0.415665157868682,0.793638927586227
4395,0.0257124682348799,0.023229811101477,0.506491668984205,0.795693324408478
4396,0.0165248944962842,0.0157069299149382,0.425751860736089,0.715201266988234
4397,0.0212330721412349,0.0136981717361007,0.44800175921602,0.672548772869072
4398,0.0174322246072174,0.0187252023606122,0.461696618761256,0.688181916411355
4399,0.0222602848587051,0.0166168097858042,0.415200899053741,0.705604640207285
4400,0.0121117017112682,0.015207589505968,0.484446148481782,0.676674503724797
4401,0.0168580413800165,0.014664379093283,0.447480705625606,0.624720854564912
4402,0.0162423110383323,0.011109906307794,0.38908223169677,0.539790025220407
4403,0.0168910409954069,0.0148977453974634,0.452649918116584,0.576822335651836
4404,0.0144246512581737,0.0132868068173096,0.503459982025167,0.68654879788517
4405,0.0216596146375418,0.0198858842816798,0.393719532078718,0.696436251665564
4406,0.0119405505104267,0.0118861760920943,0.425380817980524,0.630265758267676
4407,0.0122647402755122,0.0159625937134263,0.375102486347737,0.66881244731611
4408,0.0202312925095365,0.0190807121423022,0.425420577021538,0.692287838417216
4409,0.0211982665977561,0.0117769470384048,0.430835339375156,0.631626382402995
4410,0.0191876582673104,0.0143674342215624,0.425608525006164,0.637454337425222
4411,0.0174841942730981,0.00982063637431211,0.438499657669567,0.452490719097214
4412,0.0176914364808774,0.0119856437789218,0.433370666022403,0.539768941496974
4413,0.0147293227981442,0.0110619863644535,0.44273220411735,0.508635758419207
4414,0.0183126647713849,0.011052313566351,0.443694289311548,0.500972751886843
4415,0.0185969726318446,0.0112044539573591,0.523820539787583,0.56665854738064
4416,0.0169095501039754,0.0145237993587408,0.440391076682249,0.625866185322441
4417,0.0108569346030093,0.0156802708489462,0.442174467272186,0.612700001089556
4418,0.0116009117368751,0.013084498735684,0.516933894516805,0.610283196862654
4419,0.0196645002737141,0.0119967408088768,0.584081303640598,0.616660983085633
4420,0.0197854126612675,0.0141405261763602,0.434717528347892,0.662711959757891
4421,0.0177724353308103,0.0164042335748868,0.322532387576882,0.665434051869877
4422,0.0266730698429046,0.0133013791803758,0.256996870389022,0.485918521226551
4423,0.017618596134023,0.012722608066546,0.261239483756582,0.572585211851098
4424,0.02885263098158,0.0117272921103746,0.253221806288856,0.552910797476168
4425,0.0201340955947713,0.0161140256797271,0.245882497493603,0.597678007368634
4426,0.0197618000655098,0.0162229790548616,0.221866794908418,0.652166062191787
4427,0.0269236933105928,0.0122625741663555,0.253547731321715,0.57303648391471
4428,0.0273430058951785,0.017873282385515,0.258036175385815,0.708681089306561
4429,0.0245343399843965,0.0124753195912144,0.262075731977677,0.558065831912471
4430,0.0176338190608131,0.011809078622005,0.264686754829571,0.485212956218374
4431,0.0185385161458036,0.0149836188299768,0.238288967980753,0.527257132580831
4432,0.0196478571824371,0.0152791180663861,0.236873625673605,0.540025348161375
4433,0.0245003014721092,0.0107264860983569,0.232838575492467,0.471237839295946
4434,0.0154224791863907,0.0105479292624268,0.333715997914255,0.447074402174433
4435,0.0207981388847702,0.0126596782252983,0.21494141369974,0.472313005212645
4436,0.0247206263379158,0.0137796011493386,0.250215531463488,0.585008979263877
4437,0.0262970379866329,0.00986259874135817,0.255481731170384,0.409526017185596
4438,0.0253477803440354,0.0139042053892382,0.237880201966816,0.620946587742712
4439,0.0236164052551601,0.0136700087040253,0.25703842685151,0.665524403301069
4440,0.0164812284762498,0.0150233416859206,0.272486659877667,0.484840999042643
4441,0.0231340026515698,0.0110637195467008,0.230419103192952,0.345716996287281
4442,0.0218658511064391,0.0137542587953353,0.272842171107262,0.582600186200287
4443,0.0250930590945633,0.0153160799836641,0.258681915815962,0.526650979835207
4444,0.0236918024946353,0.0141580922314635,0.211425677931496,0.566704250275215
4445,0.0122691425434332,0.0123268887556261,0.237676242390534,0.536408909549241
4446,0.0236258845291061,0.0106897175992608,0.249916316185336,0.598964376445414
4447,0.0256064966666737,0.0136917477994859,0.254122232924083,0.656640575248966
4448,0.0211682728837297,0.017378475979481,0.264297498929594,0.721316150369213
4449,0.0153075585722991,0.0187158859538502,0.262672054710854,0.66607750985814
4450,0.0216494042955312,0.0137752713826303,0.226657313085639,0.509428761503951
4451,0.0229843144548348,0.00908593051213094,0.249163823844426,0.443394866851859
4452,0.0136305854235123,0.00839909986604501,0.242838790393155,0.41259781040073
4453,0.0233606933436986,0.0103210897773262,0.239705054650738,0.507065889143823
4454,0.0152333858140608,0.0140753648289284,0.254585197150249,0.510236054495649
4455,0.0264209030684754,0.0135559518231684,0.297178950648483,0.604262992728454
4456,0.0226005181583181,0.0176714829305153,0.216060346168315,0.675381072882141
4457,0.0208076414187914,0.0213446438508762,0.257171183249107,0.685136179206328
4458,0.0202949714366124,0.0149497476810905,0.228285274841337,0.542854248211746
4459,0.0188557066083193,0.0109111928342797,0.223500917639195,0.494226036806996
4460,0.0235448174358283,0.0140624302640198,0.236717711294879,0.542409429392465
4461,0.0226875288176473,0.013111045434065,0.247829304680882,0.538581920407341
4462,0.0199633175999627,0.0120483806305123,0.26124467673372,0.529529259249009
4463,0.0220944848852392,0.0114292336640117,0.253606679557898,0.512927780576694
4464,0.0218382319179313,0.00938074230074845,0.23460863269923,0.502948456908762
4465,0.0254761713361685,0.0118348254963465,0.245872719523671,0.549336342033013
4466,0.0160158751628632,0.0155517982038553,0.242946517558049,0.605891545157788
4467,0.0206118047473675,0.0101123798218994,0.25150340165848,0.446748311249572
4468,0.0175336092405414,0.0102968205459047,0.435412986803061,0.495488722004396
4469,0.0225211828880344,0.0138158752885323,0.43704459682898,0.647983945631548
4470,0.0190870189958195,0.020376907818959,0.424837854301426,0.702432135720707
4471,0.0185575040377699,0.0210232927812549,0.494198683158824,0.745406593725042
4472,0.0234558686079868,0.0198156451513095,0.408372861888543,0.725652871840553
4473,0.0240897035103072,0.0148577166250491,0.449142118416307,0.616415821953899
4474,0.0234200578193741,0.0132185572844805,0.345304569366919,0.56404265351706
4475,0.0126393005315358,0.010370171295365,0.194457636469402,0.434347039511816
4476,0.0171257874853134,0.00890714141264355,0.224104608931016,0.455705072055683
4477,0.0135962294822498,0.00800891156317794,0.264797171663894,0.374029764504579
4478,0.0259310069918044,0.0109624116865426,0.215324551671731,0.504500896568595
4479,0.0238057998699332,0.013302379419724,0.255554894754985,0.663279453117746
4480,0.0251778020038657,0.0177154093564043,0.223211498605584,0.727721891864423
4481,0.0100977651010798,0.0134374075023286,0.249884921204315,0.661870553716783
4482,0.0180617668665743,0.0174477325968605,0.227862132368319,0.559945869854522
4483,0.0173195524604121,0.00812934603677937,0.267612507773959,0.497957963633534
4484,0.0147053881161363,0.013245893199198,0.259856666543914,0.55804563312145
4485,0.0215018327036182,0.0145556744346876,0.255456945321312,0.595637039335217
4486,0.0240810553179891,0.0132739754247769,0.260515377782036,0.635142140480536
4487,0.019895597226322,0.0163218443001038,0.273046445990856,0.58037684444569
4488,0.0203204330838987,0.0114382767436263,0.241913934339094,0.531746222810298
4489,0.0175502340700915,0.00952110919937039,0.237821055286099,0.47788024003797
4490,0.0248617201113027,0.0149685779343103,0.224456856137326,0.473720030548756
4491,0.0190507101174462,0.0109880588349792,0.265192238618449,0.52742301178809
4492,0.0238838155548553,0.0130878861670925,0.229157132669144,0.599471194296152
4493,0.0173464953865866,0.0109267520993608,0.242312676953881,0.477081434783213
4494,0.0178180126731634,0.0117266973549825,0.239661710386903,0.467399294010445
4495,0.0171459758254126,0.0131787759868134,0.254824226628707,0.634488751657677
4496,0.0124013777958796,0.0133586719944884,0.341822295197451,0.646333507620645
4497,0.0143031305437637,0.0165663107820618,0.481208446135152,0.73941747729344
4498,0.0185126102256214,0.023880129926569,0.503467601996389,0.787829051806318
4499,0.021243693589631,0.0233847323563294,0.414436288933631,0.74463667968307
4500,0.0164717823624669,0.0159118690223612,0.463968440796874,0.619035067940446
4501,0.0208956658633354,0.0203484960045179,0.505532248355652,0.737109642374915
4502,0.0130514089586054,0.0205798052992455,0.437959256007259,0.77628365528696
4503,0.0229439251791228,0.0143970222556628,0.458785226931232,0.637934903876723
4504,0.0183858557139972,0.0173171964156429,0.514240799591816,0.682055689411656
4505,0.0157572313017249,0.0145234076048914,0.405140227995353,0.611035525097352
4506,0.0196316310381793,0.0161280667719051,0.464516435647255,0.727368615819505
4507,0.0218498683057788,0.0149036604764339,0.408216219286766,0.658298344388789
4508,0.0237490457839294,0.0182224489296328,0.410370649846765,0.686409539193675
4509,0.0206488135448239,0.0257333251405978,0.459010216495346,0.824485871445389
4510,0.0199707205088729,0.0512691307466261,0.495037901561492,0.895115445171889
4511,0.0254450757420022,0.05224990768475,0.403326285902494,0.895851200823446
4512,0.0172877269098679,0.030057831346767,0.495026580944046,0.868985468530464
4513,0.0255445530343288,0.0280097421148245,0.487880476361071,0.819053651305553
4514,0.0171765790388799,0.0427514489098158,0.444260518706204,0.870756661363767
4515,0.0110948867623539,0.0549259095416445,0.37028968144028,0.890135164655599
4516,0.0251061346855241,0.0361091010848831,0.397138283844686,0.808184737870873
4517,0.0153221966638474,0.0182820357040036,0.441799404868809,0.696797841649701
4518,0.0228131956377687,0.0284237889977643,0.381359224434773,0.800838919179213
4519,0.0232904934749445,0.0169552341996319,0.437667840817123,0.669758267269649
4520,0.0191652835128576,0.0118947037341542,0.417318835128393,0.53236156054496
4521,0.0213024336202453,0.0195357839856719,0.365179926622644,0.737488622992568
4522,0.0139022940557523,0.0148413122137078,0.40401246499467,0.686498866693222
4523,0.0102826188598578,0.0143577518333499,0.416212483928701,0.593048185079428
4524,0.020413779496982,0.0113879762451797,0.38102663356588,0.559191153112999
4525,0.0172001264908404,0.010944783011181,0.417917815857489,0.513062819103275
4526,0.0153253510979532,0.0148991175413854,0.420436722490174,0.550567410092341
4527,0.0169707987813351,0.0120977370906907,0.4434093925513,0.475805011887437
4528,0.0208697451688883,0.0107369362762888,0.466214180510157,0.62394105834839
4529,0.0176137180634437,0.0115257043467888,0.491223941105128,0.622211589008673
4530,0.0187484096843033,0.0124404588723239,0.484055478294468,0.573999629922644
4531,0.0156554992203942,0.0144102435910266,0.426425210506947,0.664290033186553
4532,0.0189058588232125,0.0190499684433648,0.489635214392149,0.713902404869935
4533,0.0175461364100696,0.0161630525078527,0.258272393311635,0.681694997442327
4534,0.0266909820695331,0.0249841851180845,0.280672367407969,0.738134612394345
4535,0.0265637328922994,0.0220327402236729,0.222402835196204,0.754980662301041
4536,0.0239920969567286,0.00992825165431022,0.262174802932816,0.587644138123415
4537,0.0205251983057993,0.0139666052443113,0.256598731001898,0.647286979883105
4538,0.0280605425981004,0.0173350825318767,0.43990897476128,0.670169283921141
4539,0.0197407696760068,0.0278900468388712,0.428911960235195,0.790924563620825
4540,0.0131943749465234,0.0264210548348226,0.484204095194501,0.766264346635903
4541,0.018419239349232,0.0237314000456714,0.449228334655558,0.774054505047499
4542,0.0212234392452215,0.0253170144340347,0.374378732275096,0.792103839204439
4543,0.0199163558416356,0.0309222463652464,0.447612629196829,0.857878581574292
4544,0.0131959447326458,0.0441303268265604,0.444332517307259,0.913356200666707
4545,0.0275464542911125,0.0412477248205965,0.381433911262979,0.876374189678227
4546,0.00919003462963771,0.0301388314169894,0.457444758686331,0.861402032110719
4547,0.0205615279201083,0.0315380964552986,0.442449104455265,0.808564368102357
4548,0.0154680118935616,0.032893629251118,0.419031618150151,0.842392184147318
4549,0.022121004341,0.0335588986650484,0.417181229517993,0.817903809526947
4550,0.0145196475421287,0.0332430327752617,0.465356216224466,0.867838818914948
4551,0.0211078128805502,0.0241647514663869,0.491514505059181,0.805043775949287
4552,0.0237214492634487,0.0288889495011471,0.498647608093553,0.820826512353459
4553,0.0213496839884001,0.0290786361132728,0.46438811107661,0.828416727848374
4554,0.0124083931767532,0.0438789115493178,0.423739091837967,0.842853927402461
4555,0.0243324037719647,0.0338438052200485,0.486389432609652,0.856443679292774
4556,0.0119357913424166,0.0224631743372009,0.483856301474665,0.820247013501963
4557,0.0230659864909706,0.0367191776744562,0.503977216200014,0.864041614155944
4558,0.0195737259970058,0.0353149866049818,0.406344933380003,0.856947340477911
4559,0.0201973390340958,0.0361462715403438,0.426867784558327,0.864579788230159
4560,0.0223844399682347,0.0530754632831769,0.388273107679168,0.906760129756907
4561,0.0186742557919968,0.0626086723171442,0.375488963617672,0.923761596394055
4562,0.0230472253171276,0.0247881918755941,0.370053788702319,0.827479756116208
4563,0.0122900158526607,0.0249031785472391,0.488566226028951,0.817211337761052
4564,0.0171173956482185,0.0199692930274174,0.418091088266057,0.770404906157984
4565,0.0218298303174952,0.0175503760264629,0.391797636319303,0.669178697024452
4566,0.0187320340681313,0.0152321298710724,0.398180630540316,0.558038527899015
4567,0.0206219144871233,0.0148198062022667,0.430687481663331,0.608710469577192
4568,0.0219389533470829,0.0168563983658998,0.44101997082062,0.675689319353068
4569,0.0268595605541346,0.00975551151195352,0.384516996847424,0.48125747433501
4570,0.0199298882593227,0.0127305911361578,0.253914677455527,0.4712636770371
4571,0.023250044797098,0.0128965412935757,0.395175635295277,0.692841872039186
4572,0.0209392484987174,0.0134968489947683,0.415954011424622,0.628422689773158
4573,0.0207286522652286,0.012451493885972,0.37722309686569,0.512115998002696
4574,0.0208295338675136,0.0187044173790348,0.313745669094213,0.563373416539961
4575,0.0197595698011533,0.0146550049106396,0.34443219114161,0.546933907339938
4576,0.0175865316153296,0.0102904790474084,0.443484885370112,0.537413357266511
4577,0.0292792991126174,0.0126974733076012,0.422223703040231,0.609084506831375
4578,0.0219947670866475,0.0127828937901193,0.364004519536467,0.487365781612803
4579,0.0251181663156701,0.0110795707603747,0.269665019402106,0.524295618876238
4580,0.0277079091311072,0.0135813756475338,0.361161083466634,0.656624242741777
4581,0.0223819656363906,0.00905011918348066,0.414900749100503,0.479926414686653
4582,0.0252528857287623,0.0194131007427807,0.379167964499496,0.661796750065049
4583,0.0221897141407417,0.0281127307063159,0.372534219618681,0.731457349532768
4584,0.0212504401068777,0.0160787038535473,0.416314814963866,0.668233176165338
4585,0.0192671816962897,0.0138060555954674,0.413826886049796,0.556949284687842
4586,0.0132763987048844,0.0106700177327985,0.436931608897194,0.496458087582144
4587,0.0203984956542311,0.0110433117860114,0.223530651646635,0.407923405821327
4588,0.018675283564457,0.00718415184803695,0.268039488995238,0.430808737158405
4589,0.0160010911389647,0.0125552340229558,0.268019552978049,0.576294834148383
4590,0.0204654884458101,0.0152785295456885,0.252958495561483,0.65705422942951
4591,0.0257200546114605,0.0137238565912754,0.247705889965108,0.632643320756145
4592,0.0209421765775848,0.0147424668209633,0.243069964314785,0.614116381247408
4593,0.0169130683456179,0.0159373385322429,0.228369614445316,0.594509183300092
4594,0.0221011820170725,0.0111143665695912,0.282628685384971,0.462223809575275
4595,0.0161644912874589,0.0182687513213464,0.257126466400195,0.638891372262563
4596,0.021705756813376,0.0156174177279388,0.238466042548307,0.649664269760303
4597,0.0225787385656146,0.0105113470627765,0.219826698317676,0.563446791225081
4598,0.0110263920570204,0.0101149632452783,0.265637513562964,0.504992980611304
4599,0.0247693150111339,0.017370528490153,0.283696444526362,0.723931167046346
4600,0.0183982578080644,0.0103408363736984,0.257799976250328,0.583864763870094
4601,0.0191364514554359,0.00882848622189897,0.2729898802685,0.495352112023435
4602,0.0226965043388385,0.0138218223172891,0.267852199639019,0.588050101158795
4603,0.0175052568671114,0.0176488979653432,0.268781253354074,0.678523747046787
4604,0.0196806697089296,0.019120283451807,0.402965676770332,0.672839113742479
4605,0.0228350490844779,0.0173845616860299,0.430465425755943,0.686901956769262
4606,0.020889492410529,0.0128587834461422,0.4391560253629,0.558886780402836
4607,0.023719177039879,0.0106388834280414,0.417360360758683,0.505315705824885
4608,0.0201600698271306,0.0134390978630919,0.388169976951419,0.611129277117464
4609,0.019277808160058,0.0117870313565779,0.451489445061583,0.596194487617529
4610,0.017523840624722,0.0134095965664675,0.449630178183106,0.499886093195268
4611,0.0157320465613793,0.0097061410689263,0.426495636538269,0.61501480884736
4612,0.0200109765069167,0.0176411789949337,0.478420117128773,0.701009640065087
4613,0.0248059811877824,0.0184855779576391,0.45723543385542,0.619280379949168
4614,0.0151271666972722,0.0153031904800179,0.384724041568629,0.692600136710449
4615,0.0183955855294155,0.0137856974271619,0.373183206215511,0.673412057293283
4616,0.0138629398776558,0.0145358250428519,0.438191717215964,0.729076832156686
4617,0.0246754823742491,0.0224898658022569,0.408257539920635,0.708598694493558
4618,0.0205316776046902,0.0175409929030038,0.374394700937659,0.699997136017712
4619,0.0270473408616096,0.0167487859810527,0.285252228140006,0.622540972837495
4620,0.021744064607661,0.0144451215182467,0.228921876733291,0.612106194524587
4621,0.0159115740446641,0.0125078398208121,0.23583972003994,0.493573160556185
4622,0.0158096541672932,0.0100834968124151,0.234894739727887,0.496912287725427
4623,0.0254934945469352,0.00887956087535609,0.2237228343883,0.420023772164301
4624,0.0160211381021205,0.0110848429077686,0.27676342680593,0.44510059240733
4625,0.0241000460346591,0.0113042646166179,0.257813044242096,0.570894529851469
4626,0.0136613465225172,0.0100738120920828,0.237751693711471,0.499382233580078
4627,0.0184420963225483,0.0163011538078124,0.24792771777017,0.54191203369277
4628,0.0172526392909058,0.0118633482684244,0.267612375417343,0.592476544652775
4629,0.0182168543232099,0.013655791322841,0.230015692628914,0.545233866028165
4630,0.0249422548940111,0.0155734608150138,0.251759602285221,0.639006492750419
4631,0.0226565673911925,0.0126738147489893,0.268144417232862,0.528911635866456
4632,0.0184472409359716,0.0115625534378101,0.280508658568939,0.51605487509555
4633,0.0247751477698859,0.0151371983662272,0.21293924951193,0.561830894673683
4634,0.0195082188605952,0.0111733381003442,0.217104520044672,0.630372596415353
4635,0.0167549078437951,0.0125877904931629,0.345585361510745,0.547837032310982
4636,0.0187844649164253,0.018526194825,0.390678744164666,0.702969901612892
4637,0.0222646290887125,0.0162151370281562,0.443378408587177,0.655653003707913
4638,0.0162236944898045,0.0196535642716751,0.406448818301048,0.737241311853744
4639,0.0183635985224758,0.0111897098887926,0.405191039494876,0.612909399724369
4640,0.0155104979275517,0.0214482163033688,0.379694171665541,0.716931142279654
4641,0.0185533050656114,0.0145099511055314,0.407092814063072,0.653303889088698
4642,0.0157359851751344,0.0221247382819641,0.413521429305154,0.757081109232574
4643,0.0171835552141853,0.0288098871929567,0.394699107181819,0.835405330016895
4644,0.0207626188847003,0.0341987927170277,0.449283949107548,0.872440312659297
4645,0.0167842000887685,0.0364618016819883,0.490598865617831,0.871566343700417
4646,0.0221935584017416,0.0240625262758781,0.530699453474613,0.784063638831228
4647,0.0135552380264682,0.0209362656451548,0.50428173375639,0.756825383163081
4648,0.0193032018575949,0.0306683639958974,0.510952507366988,0.789629325639248
4649,0.0209505698850081,0.0257556352802794,0.423488969233521,0.76699052653344
4650,0.0194971980617185,0.0258689732003715,0.426485492810238,0.786232484080434
4651,0.0255496628549695,0.0159011365600583,0.425843377349605,0.685545374011457
4652,0.0203331521846293,0.0148519633119412,0.429378779204114,0.683601736779275
4653,0.0191802613545314,0.0143916553479484,0.444491411007952,0.609845666646589
4654,0.0190680813723548,0.0143367983389922,0.442024342291166,0.621370399162176
4655,0.0296081710596209,0.0112810156323894,0.43302693642684,0.596435276692005
4656,0.0206913150565852,0.0143468636011199,0.40040504336625,0.621040817724382
4657,0.0142973804044785,0.0114982028860091,0.425761938073257,0.592488437927855
4658,0.0250913430730649,0.0149528283189568,0.422315782694441,0.677220793205754
4659,0.0258398716731223,0.0132290796935267,0.413481487922847,0.608653216285551
4660,0.0243902217034018,0.0128919901627018,0.397782030412713,0.646368378629834
4661,0.019330636902028,0.0316039758909273,0.375047226730345,0.763546387968783
4662,0.0177420445829011,0.020657588952342,0.423864452000498,0.682918688436567
4663,0.0114347861531673,0.0181060306945241,0.482616929847166,0.687441322894668
4664,0.0117563798814027,0.0109215875576138,0.453175892210141,0.641929813831786
4665,0.0187045981880512,0.0164369435771625,0.44335701833621,0.714524597091214
4666,0.0111484343078537,0.0120159110131024,0.446913144788013,0.591148401570196
4667,0.018269186039085,0.0228664382152471,0.427177608049211,0.698058829501124
4668,0.0153846727977349,0.0128586247709499,0.503382908482112,0.660346369384315
4669,0.0155617552210894,0.0209891693020484,0.508097510815796,0.833639678200523
4670,0.0113299312989313,0.026662529964731,0.483804880375988,0.80190706824262
4671,0.0189876014533686,0.0155433855094101,0.426655262721294,0.649177906732836
4672,0.0110046500252849,0.0105114007428095,0.425895409323307,0.603034469218046
4673,0.0184588586155371,0.0112258945221492,0.445583310333044,0.595489452058372
4674,0.0205453106984679,0.0158566017097636,0.447445199600999,0.678005488719094
4675,0.0253140614432006,0.047560703160933,0.42108995344713,0.864308318446494
4676,0.025980351243962,0.0441019045358115,0.431995534767518,0.867095265759795
4677,0.0193535586473998,0.017444955350233,0.415082590928727,0.706443218684387
4678,0.028390282363703,0.0183959720669212,0.356263283138187,0.716179575819142
4679,0.0144641735830955,0.0221489427345969,0.44145871992842,0.749062119879306
4680,0.022138713720669,0.0227765247701876,0.438149715657063,0.772508222844174
4681,0.0149133573345196,0.0168417021903771,0.428213185746166,0.677179043506718
4682,0.00803613604742307,0.0221459147944957,0.426042340566653,0.760278180068193
4683,0.0185060972750751,0.0262325385717043,0.425828428592175,0.803302626216827
4684,0.0157222496891664,0.0147413742726417,0.43332474482696,0.668582749934857
4685,0.0197200981740514,0.0133666671318481,0.400889007007448,0.658054730714808
4686,0.0179928813471528,0.0153194006418584,0.454643004515381,0.55851709570535
4687,0.0169954596090272,0.0172451702103487,0.402878464076693,0.734633795225434
4688,0.0235074349637236,0.0199036785896015,0.355887142215418,0.754487423418286
4689,0.0175344509134675,0.0187322781031882,0.425548914621354,0.695063311779142
4690,0.0180437484293467,0.021256851624557,0.441256756156513,0.778636946594263
4691,0.027673307186905,0.0238445345864326,0.425533339688532,0.771764615868255
4692,0.026022727322151,0.0165320589871893,0.391446080760269,0.781514694083325
4693,0.016647590755469,0.0228227824252188,0.444858859055376,0.673320171064204
4694,0.0160119026188015,0.0111703615710159,0.408606530638436,0.607993438711416
4695,0.0255408846301897,0.011069047682443,0.408415428128088,0.524138039508437
4696,0.0241872897183322,0.0114639134019706,0.424747409816883,0.561468501050387
4697,0.019816582380863,0.0109721480195953,0.416574021858969,0.535954300400023
4698,0.0225870412791715,0.0188094862171121,0.426194972700891,0.726160290848283
4699,0.0218547584207946,0.0210329118783749,0.394115550832932,0.763849107087856
4700,0.0164753398184161,0.0150219454521124,0.422337428568909,0.630253348083828
4701,0.0216718880141291,0.0192315649861942,0.385869676903534,0.641038248507507
4702,0.016448592993666,0.015790279286388,0.406074707306835,0.647790774437881
4703,0.0232123813910062,0.0202996915757741,0.243385857391389,0.725985498057655
4704,0.0174452767157808,0.0161248336117714,0.257675582917517,0.681198441078556
4705,0.011004696471845,0.0162945252525089,0.266642848944825,0.690375528505483
4706,0.0172833918579813,0.0146594859813755,0.246952021615835,0.631541748379942
4707,0.01727188850086,0.01412190339715,0.262406422779818,0.664047587289001
4708,0.0143878013215533,0.0182419037922252,0.238892653114496,0.699092406412838
4709,0.01615452161568,0.0181580824044801,0.277576067212842,0.689757402970291
4710,0.0199880998221494,0.0119501219053281,0.252861848809753,0.643643790426128
4711,0.020397912253393,0.00764942290380177,0.252621067358633,0.326277202916644
4712,0.0206185314606346,0.0114083151527622,0.268357237436412,0.606227198928734
4713,0.0128860246787935,0.0150818738112933,0.254370431458047,0.656269917851109
4714,0.0154768218513061,0.0118790939309768,0.229529117259385,0.555164121246434
4715,0.0218442824560806,0.0169556648681146,0.219861559421633,0.67452023643256
4716,0.0117211931334369,0.0172930433616332,0.272259929687006,0.600350246219744
4717,0.0216424582991643,0.0100807563417426,0.23811600729075,0.451485635090324
4718,0.0182414777169787,0.0113934103597943,0.244087732201409,0.580979185917594
4719,0.0196383927491436,0.0131652345184337,0.22038870846191,0.541345622589995
4720,0.0267311993566895,0.0185865617526636,0.284858892764445,0.696207986799867
4721,0.0204050434917135,0.0188573852404096,0.256297099280549,0.714453516644161
4722,0.0183662248613287,0.0172090752610394,0.247144669249391,0.554379431947238
4723,0.01307507195425,0.0130012636696212,0.3545971382883,0.631167225991586
4724,0.0190529392065869,0.0369144345231194,0.230820875720452,0.844408273888965
4725,0.0199397884621597,0.0216276263473288,0.214008316620519,0.815659192878139
4726,0.0130494149787046,0.0213972614367595,0.22012622087429,0.741813725858874
4727,0.016503291725798,0.0147118430787684,0.258410555072834,0.652102454344473
4728,0.0201783757800751,0.0131582062242866,0.272617001650871,0.630958769928438
4729,0.0211353049597751,0.0130933378157157,0.238190770111213,0.557745545263424
4730,0.0214723280334254,0.0193089754515795,0.245122260592396,0.677570864428875
4731,0.0191862847207373,0.0121274423590863,0.266805305720231,0.490745378266009
4732,0.0198629698603733,0.0111953680944042,0.2100854991153,0.530282183540248
4733,0.0218212621491524,0.00863698804809032,0.246112657604788,0.440845734610788
4734,0.0103409833775015,0.0131676882217738,0.249378236645406,0.55550268703921
4735,0.0172816832508168,0.0172740422058094,0.246468175655049,0.646447086591623
4736,0.0258561595453406,0.0128198102796069,0.22989270474637,0.556685668565768
4737,0.0266460641197738,0.0192119411711584,0.258446003679135,0.657239628741615
4738,0.0140192715304878,0.0102306336347638,0.430801720844497,0.545946861078986
4739,0.0221531706121609,0.0145829671948525,0.38450868043956,0.591174632959965
4740,0.0244962123515873,0.0243272473352747,0.413868924595283,0.726379625922861
4741,0.0220701783244852,0.020094727532368,0.444460142073967,0.739264666115201
4742,0.0123778873098188,0.0276539097555731,0.42502372700392,0.788332819021978
4743,0.0162729589230665,0.011258978126594,0.397480388508584,0.536014104136556
4744,0.0237426392106022,0.0113464743786475,0.397144189251768,0.528362289580042
4745,0.0226675789779942,0.0083344478022687,0.384995555692888,0.452046152390661
4746,0.0118492280338873,0.0100474674021665,0.425213022919456,0.520214145521718
4747,0.016656327840042,0.0130633738587287,0.440203482687627,0.590125585405919
4748,0.0200948105719059,0.0131903299200684,0.44391861564984,0.676334234577417
4749,0.0249384528389293,0.0154027161269939,0.422251171430572,0.666474762255725
4750,0.0199985808458581,0.021004215274975,0.434415078899944,0.725117668040893
4751,0.0264132543220208,0.0179963830345793,0.445692747397053,0.718248330754299
4752,0.0197181711904206,0.020483538071695,0.450658734821332,0.753110836491285
4753,0.0231605772624605,0.0192907833080625,0.473120670465597,0.655959677982673
4754,0.00822554502798456,0.0164336811711279,0.414447854405406,0.643653881867254
4755,0.0243225505451024,0.023339670338511,0.440859786660235,0.7475957124399
4756,0.0165831036880892,0.030698832838312,0.414815763258602,0.800279609726553
4757,0.0187618335401392,0.033472540961172,0.448752695065155,0.797226099056527
4758,0.0169250659255524,0.0182545626245432,0.513488448554272,0.783234170921089
4759,0.0150281501447733,0.0177154247580659,0.486850663956557,0.710242859227508
4760,0.0176363858240634,0.0216027800941983,0.502299149081236,0.748899672669848
4761,0.0162434870532306,0.0286709613011926,0.512301583025418,0.782689952349417
4762,0.0253053090595241,0.0189480480040001,0.443494124609512,0.696507400605803
4763,0.0187968398619828,0.0133109183253285,0.454266277894105,0.664681433788712
4764,0.0178479314964239,0.024611612115219,0.464263575167106,0.757228407127493
4765,0.0232535168290729,0.0174957266274651,0.368289654154165,0.728858165988348
4766,0.0219642030322401,0.0182078363286175,0.245018041565373,0.736595441525306
4767,0.0231881235530007,0.0212425487862232,0.195222066615104,0.697885970399483
4768,0.0222305959524946,0.0197648439942612,0.261478303943379,0.738621116324859
4769,0.0226657898645861,0.0343244334833531,0.21443224860014,0.808164859350129
4770,0.0207287033253,0.0298701520751726,0.219995517774828,0.819079000694095
4771,0.0226444588393389,0.0369703026280473,0.255302164755898,0.84904904156851
4772,0.0119428712027737,0.0312723928516899,0.260971904432256,0.812084176619297
4773,0.0211223532852859,0.0215085384624815,0.28206642958178,0.791216594772985
4774,0.0158656479810168,0.0171011017203094,0.22424354418888,0.654179353961267
4775,0.0226254264763259,0.0203954288403955,0.241569751004257,0.680144831179498
4776,0.0214976141488489,0.0131294004621997,0.243891179147415,0.606349404867721
4777,0.0188368823233754,0.0118025639288561,0.264046719657195,0.622951040410283
4778,0.0201691932520445,0.0100464472714389,0.345815166972739,0.599031148210575
4779,0.0226317098988389,0.0227172629347094,0.427107644120327,0.726398320337351
4780,0.0198710578028408,0.0116851028672114,0.464603355864034,0.51645722632364
4781,0.021482255169096,0.0124619075221595,0.399359972430741,0.537098865901313
4782,0.0222232320445492,0.00994390332438185,0.391644117352831,0.542931342522127
4783,0.0148521999948488,0.0118494073524875,0.440814139286124,0.552098184058963
4784,0.0162099956887256,0.0140705694999506,0.44570115421754,0.533550994211892
4785,0.0189405422465119,0.0123703778307826,0.421111513400532,0.619827991437471
4786,0.0205249733520363,0.010265436676979,0.414227958360711,0.517915526159704
4787,0.012418644039018,0.0245640091820375,0.413291520729111,0.701540195447138
4788,0.020705359090911,0.0239903747191364,0.503018067549215,0.779559695424998
4789,0.0177366002268364,0.023104956430873,0.437244541686431,0.780245606731592
4790,0.0190811891967436,0.0162725560779419,0.510090818050719,0.685474635438423
4791,0.020321735170794,0.0166849555139991,0.463621918755478,0.612128777428892
4792,0.020138938186511,0.011952977707746,0.387316642784835,0.563626985551033
4793,0.0243105825371558,0.0253358254835995,0.482211990654971,0.725216606309237
4794,0.0157823902622363,0.0297567039395118,0.38567943863411,0.798620044540013
4795,0.0155470753085489,0.0200332526417092,0.505432651701288,0.775155509689196
4796,0.0192775709601065,0.0124804224779814,0.492472851005841,0.698975564807731
4797,0.026482266841529,0.0196511662006506,0.384778489176659,0.711577507312907
4798,0.0181949287974899,0.016876628940166,0.42272997531143,0.666217272985137
4799,0.0159184087250855,0.0142246798765865,0.433225302908458,0.60475094130644
4800,0.0166995092549317,0.0128899815089524,0.413572759460925,0.562367646675766
4801,0.0136863130080598,0.0156108551290443,0.469946591690413,0.69604564239109
4802,0.0169463902045411,0.0169572293623631,0.43497472804016,0.699299478622248
4803,0.0166987440971765,0.0151813333923072,0.449913289324392,0.664087395893743
4804,0.0159587614395799,0.00977796965596462,0.428947756218544,0.529352648237758
4805,0.0218034638394796,0.0157214704654606,0.509055653704139,0.745243205631384
4806,0.0164665077570261,0.0343114664965196,0.513261915858713,0.87468674206322
4807,0.0234651062751743,0.0399533581088006,0.491034544928196,0.864974574608722
4808,0.0184677799074447,0.0328972466765316,0.531986729337702,0.834793457236306
4809,0.020418586957075,0.0348698978437304,0.486757061340266,0.85446883632695
4810,0.0152294894045529,0.0323208375355098,0.434052457686731,0.876594947520687
4811,0.018187871576231,0.023574136619704,0.422080934652925,0.775779865757706
4812,0.0201431402962949,0.0183679979680115,0.445770125016736,0.767372925397456
4813,0.0230851584742817,0.0146753761879792,0.47897220487931,0.649524805343439
4814,0.0107429905201029,0.0150486525623248,0.373991149921166,0.623054621216497
4815,0.0268613471222753,0.0114276189285495,0.45188212601332,0.617018953999541
4816,0.0202106953015821,0.0209417474224361,0.483838721342022,0.710626237875649
4817,0.0199455778291954,0.0153564518904893,0.430833343509766,0.651496737750653
4818,0.0192458088620854,0.0186077228945787,0.388622867289627,0.7085621998696
4819,0.0211245175489317,0.0224950407683015,0.455346344318363,0.746681500794146
4820,0.0185692744929497,0.0218064494184451,0.461033494957076,0.724341107926544
4821,0.0189262071578437,0.00969825165413019,0.408323533587804,0.57468406359258
4822,0.0229363209629059,0.0219416033147875,0.398037149540083,0.75822837339636
4823,0.0154894320127094,0.0148922221890244,0.44722390915571,0.653224173763418
4824,0.0166525440033431,0.0244101788096539,0.429388866985582,0.738397204705122
4825,0.0121080546129453,0.0126082740880232,0.368357576549428,0.650392841630104
4826,0.0140801267989967,0.0184632654527559,0.353449478834833,0.741455656512936
4827,0.0158223261387909,0.0189329287789214,0.219485768860957,0.702302799181528
4828,0.0169014449366968,0.02003722237011,0.251229660592123,0.692322170168259
4829,0.0165729292111771,0.0142598628466061,0.256567858686624,0.610690145519716
4830,0.0268963210788048,0.0120876865158553,0.253058877262731,0.634679104385764
4831,0.0248844012175235,0.0164956679080086,0.264036716569954,0.67661143965127
4832,0.0186043072504759,0.0193585677631149,0.272354716934476,0.654821436052846
4833,0.0181046878701958,0.0176473058498014,0.255308243574481,0.692775111818578
4834,0.0223204010929574,0.0127853811770208,0.220996038774857,0.578249878124617
4835,0.0158163073374821,0.0119961155539777,0.231007945859961,0.560556151671403
4836,0.0233424463381777,0.0202214704582476,0.265130340551178,0.710925253380974
4837,0.0177941630481434,0.0122952960665377,0.247268856836231,0.577254955279167
4838,0.017159932008258,0.0092259276853986,0.263195362738768,0.503493735088152
4839,0.0253977104997621,0.0104180772075178,0.222845591913532,0.54305608020656
4840,0.0194129966426085,0.0115499368978103,0.229150367961773,0.57290061682988
4841,0.0179761099859264,0.0116533212841138,0.256083469793966,0.563213667566317
4842,0.0147379619991033,0.0108131992133546,0.235737006886457,0.449441020848196
4843,0.0232165021887384,0.010148819711265,0.213363944017919,0.433003641285048
4844,0.0156377066330914,0.0122000004157209,0.243357890636495,0.576445779001941
4845,0.0138655901062791,0.0207387150918994,0.228794224743515,0.725196463439066
4846,0.016144710436513,0.0267104297266236,0.367022946580356,0.824512136262762
4847,0.0255905337918298,0.0229033308466222,0.266525586571307,0.783380666664981
4848,0.0189051299583041,0.0131156421487855,0.380283628753383,0.582289291883895
4849,0.0150091937102269,0.0117491421305928,0.253996269187158,0.567131188628561
4850,0.0150970449004625,0.0136393356303134,0.237266245622762,0.615008793581326
4851,0.0198241655085623,0.0148444216687423,0.254354015708708,0.650470480315334
4852,0.0177414858616723,0.0149370209936019,0.280766127212308,0.548513144957838
4853,0.0221388521970158,0.0129506696895008,0.287350259289506,0.565646200073595
4854,0.0187984635911679,0.00954219867213704,0.271662115474773,0.521644078194045
4855,0.0200340284395889,0.0119609321103922,0.254169486747547,0.462687069607261
4856,0.0238476848416661,0.019023649897076,0.275486289517929,0.637558533143951
4857,0.0256250860951619,0.0109319123101151,0.219887617307339,0.510391132174906
4858,0.020960761365711,0.0143231544769279,0.234507971550091,0.668773536407208
4859,0.0165363626795895,0.013183337037649,0.223343663709836,0.576448962987015
4860,0.0245442400499388,0.0147379780776108,0.255197499383886,0.56331501545276
4861,0.0230083459300904,0.00950016734332346,0.227079261335659,0.440929820229592
4862,0.0243900638837746,0.00989111181872667,0.296227875610385,0.459228101072828
4863,0.0266470039492617,0.0136527091326173,0.224839163229752,0.5216574706997
4864,0.0118481163328019,0.0130725386866245,0.217450260713859,0.581723747748761
4865,0.0156737503846104,0.0109131906192945,0.235140069511669,0.561238251671034
4866,0.0239098302717782,0.0146855066867084,0.272763691065043,0.529113960071512
4867,0.0156472800679769,0.0131837099057195,0.222855861958052,0.51418824065541
4868,0.00915502589186337,0.0136226759769045,0.28307281069693,0.527729391744226
4869,0.0107022842534464,0.00994543624513094,0.223575924092798,0.540376485653272
4870,0.0201569583189609,0.0160605483468121,0.250406005205768,0.628275563545677
4871,0.0190990898525717,0.0117807079839387,0.270047238100545,0.605077788542293
4872,0.0186695273637831,0.023118768705456,0.237408091061439,0.661027464475008
4873,0.0255627324206083,0.0161520098375777,0.230863309833306,0.668804216160267
4874,0.00848195064197371,0.0140839502249625,0.292952717392722,0.643121006089023
4875,0.0220339421680852,0.0107874822625592,0.264243319110378,0.556344074445804
4876,0.0155867613121116,0.00993980752505474,0.262993124049923,0.477450991790791
4877,0.018897399401952,0.0097699545476833,0.228643059857422,0.529955346311132
4878,0.0213933800743002,0.0097347853001602,0.265541893818023,0.574315625567158
4879,0.0130416278204986,0.0111050797485776,0.256145592609545,0.654795006925765
4880,0.0228151167337192,0.0197724254484905,0.275585623719028,0.612563920031416
4881,0.0205147915717664,0.0151889160761098,0.249763456639391,0.643262481364627
4882,0.0187628011418202,0.0174509640030252,0.25447349913422,0.682731950750926
4883,0.0207167767655867,0.0156971379961391,0.267731336678954,0.646011864024566
4884,0.0204477353902912,0.0282893074462036,0.237363863349143,0.780707688408313
4885,0.0189338336499956,0.0157062180929993,0.250312204480257,0.679763493364811
4886,0.0227242498581799,0.0153986416947251,0.225199855717731,0.709394578097708
4887,0.0215663654580124,0.0116884442880973,0.249170988329435,0.614248044650351
4888,0.0213607657037144,0.0171310108876006,0.25495872959978,0.722367396447715
4889,0.0172425736885951,0.0130552846478233,0.261275238562342,0.669349153886006
4890,0.0215416661070775,0.0186992485385325,0.242368432045085,0.728205337389238
4891,0.0224466383632043,0.0142464158553915,0.273078479235463,0.645092414391421
4892,0.0180861116220073,0.0141718996967918,0.262884401551605,0.57955197993991
4893,0.0171492951322091,0.0115270192324394,0.271637004689112,0.601001806217014
4894,0.0167796425035431,0.0103876531686074,0.246948693231879,0.514038302141485
4895,0.0193497361125908,0.0134887511334558,0.0640451285300064,0.524736324160315
4896,0.0251379412529925,0.011829167866131,0.126540586099503,0.460006272169106
4897,0.0260787827015343,0.0128857386679049,0.038887748367243,0.401874615221468
4898,0.0172121712139029,0.0118249908717151,0.239764664016194,0.517926944453846
4899,0.0216971771242273,0.0153041606499897,0.261957749553088,0.670146372089495
4900,0.0215612054180384,0.0122620163719699,0.267698757493483,0.548160994364434
4901,0.01286926967459,0.0137681731041832,0.323402687201977,0.607724798362076
4902,0.0238234905216504,0.0122053492723567,0.462512881739074,0.527388051803272
4903,0.019186425936321,0.0142320298010201,0.428382460393293,0.666842754878217
4904,0.0182496890195577,0.0144727122658552,0.44640496889904,0.616617290572401
4905,0.0168383561939416,0.0183572931352936,0.510580672507911,0.703356972442193
4906,0.0138957079125203,0.016575886151704,0.446552967281159,0.70424592564205
4907,0.0188511897964264,0.016811296524068,0.418019980958473,0.753801183531264
4908,0.0225023896069866,0.0111884475984265,0.412148838565817,0.508715981943951
4909,0.0294447578955392,0.0127338170221951,0.270791536792923,0.499195887374007
4910,0.0206866239759801,0.0108823320949823,0.263698545506031,0.527899555389832
4911,0.019022227128077,0.0108042687990976,0.274791151500556,0.555993067201718
4912,0.0190884728910509,0.0100989950311657,0.221562880576777,0.5298758300702
4913,0.021728281575244,0.0119429121922061,0.237366821534172,0.527331235862791
4914,0.0250936339985967,0.0162522461619559,0.261334600443888,0.665360219162714
4915,0.0177679429951505,0.0205501942206891,0.223881572322058,0.733890668451721
4916,0.0192041825652715,0.0193449330523217,0.262276204091785,0.724666338911892
4917,0.0190946781353527,0.0202614611759209,0.24699041746488,0.718206930825238
4918,0.0199171031673675,0.0112744157057492,0.434870299453628,0.590749831852528
4919,0.014354500233468,0.0141279675240547,0.490276465348672,0.629324367395266
4920,0.0216677802737779,0.0131169315165931,0.450129077419425,0.614367340067821
4921,0.0175485826416385,0.0143668586044246,0.460725014128123,0.628613352180467
4922,0.011085449508784,0.0131555853618282,0.432883410405074,0.539185209970403
4923,0.0197010822233537,0.0139881003693969,0.375237782317011,0.53286249350409
4924,0.0201031622074367,0.0103837445123884,0.440307021629586,0.558455795540375
4925,0.0214654721234175,0.01137075908282,0.409759434506506,0.505720223743458
4926,0.0166021141900821,0.0099463259803811,0.435977539664594,0.546280459077086
4927,0.0198724265085624,0.0155153673315819,0.436596246576595,0.599953719491589
4928,0.0121407369757563,0.0107296532271325,0.348444190059178,0.640895355915277
4929,0.0245674492072304,0.00991212474260905,0.248127689589972,0.56893042355592
4930,0.0188869478862883,0.0117640263101151,0.219112711106826,0.472577045537544
4931,0.0244454868952063,0.0123855645984184,0.25500849758394,0.534019945841649
4932,0.0238995755433865,0.0102593055572708,0.226688986403125,0.558919712668841
4933,0.0188138264104273,0.0125245534995509,0.263043709374268,0.602821853818382
4934,0.0215325846454449,0.0153895335005372,0.218005655149701,0.573090964084537
4935,0.0181572571597224,0.0112819356230824,0.211065634740394,0.423031149846126
4936,0.0224010812721885,0.0109402020899938,0.263112898951715,0.506561166845501
4937,0.0139464974956328,0.0154532689434136,0.280265208758878,0.621458829328714
4938,0.0171811668933513,0.0120985395366749,0.26543270651201,0.61026684456051
4939,0.0159345282931124,0.00974565711528423,0.227268659670232,0.386973480122351
4940,0.0100622186576008,0.0127135730387459,0.251444329496525,0.543567222467358
4941,0.0238692884547271,0.012168646065485,0.282045516076846,0.582558070014476
4942,0.0228609888390291,0.0119308616231011,0.229214526047668,0.609667877441888
4943,0.0184123562676833,0.0117015964492593,0.235343190309134,0.589116094950627
4944,0.0161218768022588,0.0149450201403461,0.264419053890163,0.60769206941575
4945,0.0205967192547492,0.0128227707790801,0.214493917135323,0.608694951126261
4946,0.0202946515331253,0.0132897226574539,0.225842842852451,0.55912621551171
4947,0.0234622223685102,0.0116936656572687,0.217045864668342,0.548570725081215
4948,0.0208614021191691,0.0122222739605383,0.17787146523089,0.448909139385831
4949,0.0255774198414328,0.0136900358342856,0.241247799806508,0.536519523716528
4950,0.0215768755388796,0.0148704826770922,0.26061418148911,0.648298687535919
4951,0.0237163980521085,0.0128536942602945,0.260943267140195,0.571630863093861
4952,0.0206135759141338,0.018045973799365,0.230322782572783,0.706641244934581
4953,0.0199468562689935,0.0177185618053341,0.26776790163189,0.750633524785437
4954,0.020833280792768,0.0118760361667459,0.369062003752262,0.597971816360932
4955,0.025643475619491,0.0120289332389463,0.379639515028208,0.429469483656309
4956,0.0226101362679633,0.0112279349568559,0.37931491883778,0.501704623598431
4957,0.0240856923051997,0.013965375739986,0.414827085115074,0.590376042192889
4958,0.0199487827683192,0.0135192834742298,0.409990912820925,0.548096398718111
4959,0.0169372394841025,0.0156542418141064,0.419819892929253,0.597645644810156
4960,0.0234114450798619,0.0186366852653737,0.419011644375831,0.740709506845257
4961,0.0174925783121984,0.0264304510165688,0.451996923753996,0.853350088513309
4962,0.0220196893846107,0.0522219804130246,0.427785458272831,0.919441575231062
4963,0.0177764110367458,0.0561782151493368,0.454756988387068,0.883278333137945
4964,0.0234481682113815,0.0831813902599012,0.444100264240723,0.932660161603615
4965,0.018437260973439,0.0979006049330099,0.427175908309962,0.938879794387657
4966,0.0235564874002776,0.0720726082756097,0.517297952827023,0.913680231905821
4967,0.0185800183848441,0.04248356175609,0.505606041208622,0.900337224660275
4968,0.0149270166203116,0.0313975493571032,0.516052543155145,0.835625627867266
4969,0.0171596565590207,0.0427418918727367,0.477718348561996,0.848430329022881
4970,0.0195886065612852,0.0177911146449381,0.490510216355653,0.771597396199559
4971,0.0149113952009763,0.0213006942346329,0.487134562278697,0.740579124027168
4972,0.0204774794448361,0.0222108020773342,0.434830555591019,0.764318818725491
4973,0.019514942616002,0.0237848416826378,0.446194733903809,0.82669891996122
4974,0.0200250157791522,0.0285843902862558,0.438252530955273,0.772426064018942
4975,0.0173838571746105,0.0198309787873053,0.362145432717552,0.720118605602184
4976,0.0257988130931678,0.014221451714272,0.219148662713133,0.614097979492611
4977,0.0178667732922728,0.0147091871954692,0.23077072695341,0.635873668486518
4978,0.0193275504814354,0.0160559087582329,0.246447266200755,0.646907671802952
4979,0.0141548353073214,0.0103653755275217,0.237278692321686,0.532396001410397
4980,0.0169706039666284,0.0103162590302906,0.24993558502177,0.487082527410071
4981,0.0252979473887072,0.0130995591908488,0.225113953884275,0.601693711136297
4982,0.0172281127214132,0.0116280833748465,0.243366602264655,0.503712127499835
4983,0.022587218595591,0.011839909298778,0.243637771909844,0.553310831847532
4984,0.0223388672091691,0.0103729545001357,0.270468704845954,0.61235291223301
4985,0.0193317056513765,0.0153779213375729,0.345847791506232,0.570221635297652
4986,0.0204263508519878,0.0174106700084996,0.28654261218818,0.646617951824217
4987,0.0197625429993916,0.0166199858156929,0.296986142648815,0.615373022426512
4988,0.0148522534301839,0.0145353313229498,0.237370522993626,0.661541104513749
4989,0.0246536412224635,0.0110802620436396,0.259106017628858,0.542777606441228
4990,0.0210198893974529,0.013437017682591,0.237979331687963,0.583099054666415
4991,0.0218930909157567,0.0171948488928992,0.224882748659591,0.65305656758811
4992,0.0206778516102224,0.0135236534235213,0.253005280126422,0.573828188577113
4993,0.0188418365041352,0.0159132479239181,0.23274128798049,0.657366079867745
4994,0.0225676670505306,0.0212629552458521,0.312898373954797,0.689298371425178
4995,0.0239910557052522,0.0107580664128981,0.437552880132619,0.6138812172408
4996,0.0205721904342204,0.0138521930357982,0.388561659821988,0.640021054317144
4997,0.0196373160535037,0.0189613441232872,0.495305217862186,0.714489213209515
4998,0.00978073061833537,0.0124208074782328,0.429139825216038,0.625526209235188
4999,0.0173869740651303,0.0138198225515723,0.442527250132674,0.601695929742625
5000,0.0128407306985746,0.0101104371736822,0.428316451088068,0.515143401798863
5001,0.0154246087085087,0.0135759797212898,0.343393550350959,0.615521454229019
5002,0.0189338944324587,0.0163374062955147,0.372510515650572,0.690092894118626
5003,0.0180006868569684,0.0196112615880401,0.431495383469587,0.721828491992913
5004,0.0179604724859569,0.0315723526239448,0.509420220297606,0.836852483320592
5005,0.0142318052098131,0.0251765754668554,0.552377924460794,0.840056799713151
5006,0.0172871739199466,0.033540242295668,0.583779062561734,0.792617823312834
5007,0.0192306488548279,0.0176349295759052,0.434228290669308,0.696521706153188
5008,0.0197549948114017,0.0122499748136442,0.447990586080661,0.588337889677763
5009,0.0241596570614034,0.0146152872945581,0.375286832855421,0.643581472917678
5010,0.0210779714807372,0.0115761162629511,0.426634948845459,0.644826161455975
5011,0.021865938413709,0.0108054492242135,0.427716045042576,0.605739499512116
5012,0.0127986419701728,0.0155097566068017,0.425451877750902,0.713611783462821
5013,0.024163850130958,0.0157872265152935,0.4267195042823,0.653387668534663
5014,0.0183716376654526,0.0107798606621523,0.362915430941478,0.535062254215615
5015,0.0202891070272375,0.00947871569646468,0.268216362952108,0.320573701346422
5016,0.0250456545796848,0.0149025791525292,0.227538855690862,0.643556883965927
5017,0.0143184958320439,0.0125530813057638,0.236190983404404,0.631042134882261
5018,0.0145602454946,0.0125630530565733,0.240354719411818,0.578369655014785
5019,0.0212602058136971,0.0102586436155401,0.255244496317008,0.531027570346822
5020,0.0193865930153566,0.00897596521479121,0.27716078781203,0.522328177356763
5021,0.0183678264752297,0.0179558415267113,0.222283499357228,0.662834759581326
5022,0.0161991489404472,0.012001691159758,0.25502084657529,0.514640962874901
5023,0.0237208815921624,0.0119211135897718,0.256062592872337,0.441188960547587
5024,0.0272112813496187,0.0105954494760312,0.240071216099006,0.481743178345601
5025,0.0214437369573222,0.0102205216064557,0.228403537330507,0.446298131048352
5026,0.0229962529563389,0.0165709955072682,0.234389652666787,0.542074494955938
5027,0.0253931353306729,0.00941599959791936,0.330956845143666,0.537525266813072
5028,0.0176471355854721,0.0110974663896164,0.220532497417415,0.53407317814775
5029,0.0182974401826568,0.0141475289136283,0.205390319453629,0.528058483692484
5030,0.0191668261180786,0.012068861283004,0.271104615568934,0.589076837593385
5031,0.0162670892697137,0.0141080108577657,0.29769988138454,0.646601977754469
5032,0.0171451060089641,0.0147985899495118,0.349455081567647,0.623030849648093
5033,0.0216176191369667,0.0125537338417009,0.44786675412986,0.56975005922767
5034,0.0212389113195624,0.0147192648511553,0.434906341086038,0.592885947671244
5035,0.01561864857,0.0119889794504518,0.460499490570174,0.63633320237746
5036,0.0169516451374279,0.0138169775747264,0.384036169154679,0.64757635222187
5037,0.0201133972652031,0.0111062106478836,0.42889094877558,0.614813837716521
5038,0.0167972421891792,0.00990221505760532,0.433553892808171,0.384515208288807
5039,0.0140603365169601,0.0105570610884312,0.380027338808778,0.552170981871135
5040,0.0139089086249526,0.0130731054781546,0.360238825454231,0.577831726678644
5041,0.0216808714885862,0.0129196184106225,0.427462528284663,0.603483192655075
5042,0.0153576635279112,0.017232820602557,0.416785488720393,0.642787263331928
5043,0.0213120553873287,0.0108408251904752,0.47355364462148,0.571062449677204
5044,0.0209551923966345,0.0109995850439812,0.44673525068251,0.536524607935819
5045,0.0220861752625618,0.0133085887750032,0.417129210742032,0.636852876871594
5046,0.018672788181545,0.014472677331601,0.431049289408443,0.590248930313177
5047,0.0202705224512333,0.0180838582238873,0.491569456795241,0.739480401636733
5048,0.0166569467193785,0.0224862457943781,0.490187938468161,0.816792700668187
5049,0.0232158021272712,0.0158140355995713,0.516304909610089,0.73873652048231
5050,0.00834144562952371,0.0240641518164956,0.449726640955564,0.821328647200415
5051,0.016660272094481,0.0365650379436277,0.506569004208488,0.893772459223173
5052,0.0232863568402835,0.039865995648455,0.517254654628052,0.899761334137369
5053,0.01365262194587,0.0337288895710309,0.488563059095685,0.84307439356974
5054,0.0159412888755485,0.0341470563384353,0.38315471346984,0.81998845229054
5055,0.0189038888115962,0.032773783150389,0.40515321804637,0.845092262285785
5056,0.0186231050486593,0.0218207557578958,0.408159999245318,0.753815328941076
5057,0.016215481135424,0.0195352514003754,0.435587756537484,0.728706858887611
5058,0.0205322486089852,0.0149741691880365,0.442966352773076,0.638898496133706
5059,0.0220869668786504,0.0191903405013399,0.37616938660259,0.672108375396077
5060,0.025253263351401,0.0128125555429932,0.422765374603272,0.457409799101491
5061,0.0208337485238535,0.00994418001657931,0.331616983579206,0.382652481309696
5062,0.0168091679645566,0.010126997729402,0.433219857889742,0.494267406286786
5063,0.0148904591164863,0.0103736587174302,0.37719900767148,0.557766379380126
5064,0.0119676175233598,0.0111353941092923,0.459430502941437,0.584228707451421
5065,0.0241550554261885,0.0169550814248321,0.432737186567257,0.721799001799384
5066,0.0191270650158468,0.0155636636991195,0.425216215716057,0.563802454239687
5067,0.0168221313713434,0.0104552599511738,0.381706035987863,0.586387473133703
5068,0.0204203624056888,0.0173984954948068,0.434293471613944,0.678376739471431
5069,0.0225970895368324,0.019261064267963,0.406231677690627,0.741323446716721
5070,0.0153315248137037,0.0158731913465787,0.445018544566973,0.729362550993999
5071,0.0134206806883958,0.0211143039002867,0.420728186162584,0.763693068284774
5072,0.0243868005942489,0.0173545314375141,0.486415836748484,0.684754161315423
5073,0.019341800003574,0.0174432030882153,0.462571352842173,0.713311616566582
5074,0.0182437416420284,0.0137657647988412,0.501421450243505,0.721390896937967
5075,0.0204163843587963,0.0225448508466946,0.58245104128324,0.750216232012198
5076,0.00908716870638392,0.0242447963508085,0.487148065560369,0.774190670976174
5077,0.0172916106258564,0.0206704611515438,0.425465029335729,0.720801770379268
5078,0.0160676186875059,0.0153686688815812,0.433744923164888,0.709973980834826
5079,0.0264367619283078,0.0184186807907048,0.425951064007302,0.749605906019877
5080,0.0200403955107502,0.0210573156697934,0.486594297622439,0.762837984703463
5081,0.0176348125797572,0.0267706377436496,0.460755991096386,0.789110189922146
5082,0.0196911682102459,0.0179933298855901,0.427449801296258,0.636121780057881
5083,0.0152857393712381,0.0125624108254527,0.410356613228426,0.609522637379175
5084,0.0213123038911376,0.014637215015364,0.238701261848028,0.613786455588765
5085,0.018299525311762,0.0134487003247664,0.271806229478508,0.594494447182177
5086,0.0218350615135202,0.0124244262474381,0.28227215282841,0.472605042091092
5087,0.0199087552385799,0.0204080402430997,0.213296517614279,0.665191101418755
5088,0.0133881548740625,0.0156843861770947,0.25445120285268,0.617233033966327
5089,0.00789096117711025,0.0146269660610047,0.249285164441357,0.642472221616126
5090,0.0187224424714522,0.0123358841623564,0.346510037131359,0.625268737263143
5091,0.0196682762186482,0.0198420448437886,0.440630494790291,0.76527425888862
5092,0.0193020423383497,0.0298295548068752,0.456230425012304,0.794923630327646
5093,0.0102992979068527,0.0160617177398945,0.516875000990221,0.669647473080342
5094,0.0271106717861876,0.0124489168053627,0.423584155400645,0.566184539743062
5095,0.00773157991354098,0.012855777659163,0.431453212071359,0.602770088397245
5096,0.017882191460305,0.0119611825078304,0.447593392212768,0.512001128373405
5097,0.0290944353783557,0.0212686038250537,0.5176419545284,0.765180369664494
5098,0.0293599530461408,0.0163989751544762,0.425633425130916,0.709844255387342
5099,0.011535504076106,0.0175860868530662,0.426463634894515,0.775999164440711
5100,0.0169857405220312,0.0152179033456359,0.449596669415092,0.660189017771328
5101,0.0167201995053462,0.0188347072446899,0.507218483507777,0.738144154354087
5102,0.0207028608439308,0.01827122337718,0.437739111755683,0.730373822955564
5103,0.0214397584530854,0.0203891680380847,0.462345473772888,0.780320615828755
5104,0.0153665796245427,0.0171031830211926,0.392201232878102,0.747664151978327
5105,0.0157015637336555,0.0127191962422389,0.519995096260931,0.644298665670208
5106,0.0177612592181569,0.0186408486888671,0.395736462429858,0.681567878470505
5107,0.0255468170700392,0.0103568965854975,0.403462601969049,0.485494836490702
5108,0.0194255747781934,0.0145174144923736,0.414839643147607,0.642947925964414
5109,0.0142087041497734,0.0110127355661543,0.353100165317818,0.496104410013507
5110,0.0175277619637866,0.0149515203918156,0.403757580216998,0.627829900465705
5111,0.0168305167953947,0.0127447563309172,0.450684797118512,0.581553630135484
5112,0.0249813034023103,0.0229237688355613,0.387554113902423,0.759419657044846
5113,0.0288195065868781,0.0210588940764957,0.448476802458842,0.7838455700141
5114,0.0175729324374834,0.0242121892920416,0.494349594914313,0.805420514971913
5115,0.015874958181373,0.0324109769771624,0.497253797717568,0.837600177112697
5116,0.0207992765622496,0.0304555463430101,0.5088450345945,0.850124345908779
5117,0.0177599102592738,0.0394337933638739,0.489960989061997,0.884704356828642
5118,0.0146663736489156,0.0387997543758936,0.444312770863351,0.865374965674116
5119,0.0244332781012663,0.0327087339448844,0.406980771734519,0.827801104952822
5120,0.0239630820532254,0.0224831792488275,0.371540024982978,0.785498512747206
5121,0.0158790845912544,0.0249511032214008,0.400009249605731,0.767288578681576
5122,0.0180918082825926,0.0111935335672378,0.379561122438374,0.664793665482266
5123,0.0162818160463322,0.0156876142806284,0.447516130882446,0.653456121901376
5124,0.0226272822002299,0.0294387400183968,0.416322479407977,0.818798645157969
5125,0.0211321024596666,0.0209447381680409,0.463798891810389,0.768439717413866
5126,0.0193078983871063,0.0192035426220376,0.419805287302615,0.75151095036408
5127,0.0157948512573821,0.0214670692545868,0.447514918751668,0.772727043876088
5128,0.0220624215329505,0.0358800617438929,0.49252380967703,0.880028170352947
5129,0.0215741660280686,0.0350184170718659,0.400610340015577,0.840746715814545
5130,0.0216801489624367,0.0375771550941028,0.441940325809381,0.870534266318354
5131,0.0153061989102504,0.0394055225329426,0.518535451467433,0.869116550484914
5132,0.01921297736753,0.0227473825685873,0.504574257735876,0.78374871756417
5133,0.0216035291415418,0.0377686176288921,0.452186530414918,0.849450184883904
5134,0.0213858140661056,0.0239650571978717,0.496385803921232,0.808527290125096
5135,0.0169870936145417,0.0209667718896547,0.493288476803767,0.765078648836443
5136,0.0161619707087239,0.0193817435111208,0.446763816116217,0.723943019051
5137,0.015693043611552,0.0179407467497815,0.431063423690644,0.674451885616212
5138,0.02781067020168,0.0165277349222959,0.39687718053116,0.6235359290808
5139,0.01966789747607,0.0144757200955429,0.424984288871935,0.64694241486003
5140,0.0203309271644873,0.0095270003869155,0.429916910469737,0.515955584461481
5141,0.0200765227141912,0.0249812320767498,0.425068850693049,0.765524460983639
5142,0.0226265869628411,0.0157758763594901,0.551401648625363,0.709385031981275
5143,0.0167187081468176,0.0176213426047982,0.369808466962126,0.705676077354093
5144,0.0223362751514043,0.0239853059080526,0.31261832042282,0.741494567042142
5145,0.0215394227051446,0.0270035799058291,0.255710107728327,0.808789318125493
5146,0.0195491158181898,0.0158506506627787,0.258494900389201,0.647720297606103
5147,0.0224903771402771,0.0184182287164045,0.253076301019197,0.667527606470497
5148,0.024003799545526,0.0126540939006293,0.262285802065912,0.578072383555101
5149,0.0165020979214068,0.0134694780641619,0.271564776666185,0.506514962444388
5150,0.0156152506766236,0.0116419770061608,0.259259701617402,0.583352962264755
5151,0.0194315967539309,0.0161828242168316,0.346792062184261,0.534227955389019
5152,0.0195065260868603,0.01507655555931,0.234520582659069,0.517728179478882
5153,0.0217898254683331,0.0183012975646962,0.266894608563616,0.695195295728538
5154,0.0222219207928214,0.012712852637559,0.268982577002202,0.583233298923401
5155,0.0203079646947906,0.0159074342952068,0.32091757336667,0.727459434371436
5156,0.00652706585472395,0.020727385090642,0.252798482406839,0.737796329542177
5157,0.0209683902176482,0.0169462630358453,0.315366476119385,0.725155391237872
5158,0.0203669432623615,0.0155048687146907,0.256776636431888,0.638417671678408
5159,0.0144701798211032,0.0135374934279072,0.233575647187048,0.605374227046209
5160,0.0199330408299952,0.0120418307833165,0.416427002832486,0.550008253445786
5161,0.0250893533720757,0.013250263147071,0.516370676522557,0.678332904849499
5162,0.0172835736124097,0.0166152712127827,0.447529991610881,0.773438839339408
5163,0.0108988431812607,0.0541029135842916,0.459481977033157,0.889367031403857
5164,0.0174293253168043,0.0682615452660655,0.474269325572249,0.936905449717175
5165,0.01976606700789,0.107267485754914,0.444683123867743,0.949624065642476
5166,0.0249030781840508,0.148163556244522,0.509944343505818,0.966389234957315
5167,0.0213441217419687,0.0738864813754495,0.491260663581082,0.940623462826128
5168,0.0139319571139129,0.0811991799093147,0.492414619922481,0.949550867969615
5169,0.0162790546031822,0.0595204219375079,0.492193689334849,0.931301882488456
5170,0.0191354848299249,0.045604633968557,0.437250864047682,0.905401523040975
5171,0.010113992658139,0.0320430359182316,0.499801858561813,0.876177408528
5172,0.0186307744165691,0.0289441401672372,0.494662670549567,0.766845953621408
5173,0.0225902249709298,0.0172768816793336,0.425465939417887,0.678684858480672
5174,0.0185020028782568,0.00889078149404432,0.448601197674789,0.60595694743686
5175,0.0224757875204151,0.0133138030746567,0.479021605059575,0.706067362599655
5176,0.0227477955293421,0.0209638514341364,0.426693093295942,0.740889248666936
5177,0.0175578904040099,0.0235703996747366,0.487225646541732,0.754226668979628
5178,0.0219192241808168,0.015488309748473,0.418056533039217,0.632659390908236
5179,0.0155231314395632,0.0207892738310983,0.416136477886959,0.683250595999631
5180,0.0245878763889423,0.0155969541297939,0.413501663318664,0.657163667185501
5181,0.0238881708641224,0.0152905050524643,0.367728177746849,0.686134885029292
5182,0.0214937395604003,0.0132121262018847,0.242137121596462,0.628768879826626
5183,0.0164911430869844,0.0146087842456349,0.224864920265042,0.569860651463984
5184,0.0197305772342977,0.0113312733691506,0.253405830263661,0.39124979058759
5185,0.0202112139979011,0.00769284948252958,0.247032407462402,0.417139781318495
5186,0.0135296920571377,0.0112128602307163,0.230376197956068,0.520201333390359
5187,0.020706919761589,0.0102498112542917,0.423291391147011,0.585438163240295
5188,0.0179067784177531,0.0127517917729747,0.428195877163706,0.458324980272462
5189,0.0163696860247336,0.0154357287576297,0.407211651393986,0.721085529842308
5190,0.0231675329217449,0.0152655458260265,0.425145660928789,0.631431763296463
5191,0.0136699707869764,0.0192052802183752,0.389977827664122,0.741492614467476
5192,0.0180161713891081,0.0112532360347251,0.437755648835952,0.639934005775445
5193,0.0228005652328464,0.0175135878231235,0.268278618148974,0.670417206932345
5194,0.0112678369701931,0.0141923516409116,0.234648995544661,0.626792823741478
5195,0.0231970997529669,0.0167530027734684,0.278526201417144,0.669476956853851
5196,0.019877859774803,0.0223550171845041,0.263178271873083,0.802360652264341
5197,0.0220687272425171,0.0208288027362304,0.22272461029084,0.72305501684261
5198,0.0169911645545022,0.0225614952613797,0.342099637144814,0.747079085332076
5199,0.0201622442609572,0.0145345567146411,0.241437507668345,0.576932588633637
5200,0.0143795935086887,0.0142259091312957,0.237131717839599,0.581485651853421
5201,0.0147845788958654,0.0180177904298914,0.260032113976564,0.674741191409822
5202,0.0194280092180797,0.0218811364033008,0.265028974358401,0.785647941398771
5203,0.0158892755879543,0.0148580301476558,0.247079908654386,0.601793297960041
5204,0.0242699119961244,0.0184424815497192,0.273845700606854,0.7147127611656
5205,0.0228629630583943,0.019485159664688,0.231529194153448,0.703360228084539
5206,0.0202679454848161,0.0144788627898991,0.230952827591235,0.636019645939702
5207,0.0204361987799286,0.0140806413328506,0.255772545457311,0.563032188838314
5208,0.0231920345574118,0.0165391688098742,0.238126973634522,0.497079115240085
5209,0.0172577571408621,0.0122031722382794,0.273540093862105,0.534098720232989
5210,0.0219713263915254,0.00945703922456867,0.262848677929443,0.480972508859692
5211,0.0232971588517776,0.0105294201563895,0.214904249083919,0.509959647945174
5212,0.0191781028781641,0.0138521050460114,0.264708409125095,0.610843838820155
5213,0.020078432207988,0.0160299910208018,0.234895429166249,0.565696562140674
5214,0.02644228484828,0.0107364338654285,0.264534426983426,0.548947950293237
5215,0.0122477392810733,0.0108694058167062,0.21283274749528,0.463272162581031
5216,0.0140819165489696,0.0123836589667195,0.223272610015984,0.448178419711477
5217,0.0196532586385546,0.0101533614390383,0.233501873528581,0.541770367453653
5218,0.0229354162228919,0.0127052302629984,0.240752531435953,0.57884440976333
5219,0.0130742897077489,0.018982706562906,0.255267360853593,0.652938832306888
5220,0.0203528694743637,0.0107555201034329,0.282568518265802,0.55603519393559
5221,0.0176437338237468,0.0128363419701281,0.263174306813266,0.549203652039672
5222,0.0200879499558377,0.00993422685828668,0.256778235593585,0.547318816918545
5223,0.0158639574042624,0.00980606713396632,0.22022616042344,0.472888089999171
5224,0.00554572398398694,0.0107684951493364,0.265071388416689,0.533842283461135
5225,0.0226830634554817,0.0131587773892322,0.218034020838469,0.659862200649945
5226,0.0203649638172049,0.0113633631029262,0.216773938431368,0.556467894316256
5227,0.017265910989402,0.011541176482978,0.247545020606682,0.482857146456601
5228,0.018708711278336,0.0139199623814057,0.227301223666018,0.694082922001602
5229,0.02311818126507,0.00994706478502949,0.266442427021024,0.524265205900434
5230,0.016050908669307,0.0113160281990178,0.255704609739597,0.546404753045704
5231,0.0193897396917916,0.0106649019140704,0.226343289308564,0.497578679326982
5232,0.0219676314097928,0.0157191406029163,0.273431805453159,0.649741376893638
5233,0.0240637559516562,0.00982399736512298,0.278455556257172,0.481594811796247
5234,0.0184781576165634,0.0172852398504185,0.430611657112445,0.688163527405643
5235,0.0235735239698605,0.0182984794603918,0.44347253877909,0.663404686292901
5236,0.0170359754966414,0.0129257062980915,0.587255535136748,0.711112761740298
5237,0.0202863727987724,0.0210461879464127,0.486374588752095,0.785619576200793
5238,0.0199836029465942,0.0172545289298626,0.516185369524358,0.764007282380984
5239,0.018313833281866,0.0212547947331728,0.455522121466707,0.769881451689725
5240,0.0227045922603397,0.0208438497151701,0.368897185264828,0.802111582355554
5241,0.0110468283111393,0.0183470936620725,0.359580675201832,0.73620672140926
5242,0.0152753607313633,0.0238484974087129,0.224756927711676,0.781838010330513
5243,0.0180368882676302,0.0113684149732362,0.259235268357285,0.52294302311918
5244,0.0196828711734398,0.0137779770640524,0.241543379544089,0.577428838249212
5245,0.0133817087037145,0.0165952933588838,0.231163273334083,0.61017284064217
5246,0.0239359073181033,0.0130644795014545,0.229850692363101,0.448517456224012
5247,0.0248511632778573,0.0173860222550175,0.255066832241739,0.690572369592465
5248,0.0233290032280307,0.0165060285433545,0.230958203186267,0.684560818869702
5249,0.015979587144393,0.0211183710611208,0.256678723556879,0.728269604009055
5250,0.0285913866341799,0.0152667771047902,0.220288106215967,0.626663964067421
5251,0.0251762360643387,0.0106195453004167,0.26573594714891,0.534070084903234
5252,0.0259008792423872,0.0101514341785945,0.217049786205748,0.497780874677157
5253,0.0205128423100875,0.0183568528147381,0.297401738027815,0.655436544784462
5254,0.0227975958273539,0.0175025789815448,0.25230484882978,0.595680668509642
5255,0.0208559444711269,0.0114902319947109,0.280139506784446,0.39975744185099
5256,0.020086823163829,0.011351555425734,0.260808875524565,0.438717166501404
5257,0.0233931673134328,0.0120330139685831,0.258243420325439,0.458208647794881
5258,0.0172551240934254,0.00825334702278948,0.227639787074829,0.542924742238986
5259,0.025613379596301,0.0213246753006523,0.250309152359714,0.691457092467298
5260,0.0199453822797676,0.0400280395683376,0.287568874595553,0.800880201442641
5261,0.017584871713312,0.0174980946679492,0.21346957576707,0.676259172138215
5262,0.0185169198314576,0.0136759277758559,0.248043960414378,0.639335513315999
5263,0.0260164706809983,0.0116841833579584,0.260072224879666,0.619633830142807
5264,0.0210878190116776,0.0143984900067202,0.275755369726565,0.656142218722636
5265,0.014037311537721,0.0254705255544844,0.255539338880994,0.792554050816706
5266,0.016615203034339,0.0180272646145281,0.213847555556674,0.717389325749375
5267,0.0153354838195776,0.0200057045568671,0.251618073561274,0.734265732764162
5268,0.0265810214065865,0.0130995159429188,0.255755100841314,0.545912785318831
5269,0.0236727118715188,0.00902204646059102,0.266541173140692,0.500291616930512
5270,0.0212578549136687,0.0146817241157042,0.278470904813896,0.659034048893347
5271,0.0233729750891443,0.0172165538273643,0.235240958462391,0.634182710943479
5272,0.0219587761625426,0.0181795767578863,0.26077937402945,0.609225852827863
5273,0.0161763346189645,0.0142918646320223,0.220297156823375,0.593438174357243
5274,0.0166490741708072,0.0147622818536769,0.254482482154064,0.645596869607885
5275,0.023630359219118,0.0108132507738307,0.245836523787226,0.497403433817841
5276,0.0196463454781323,0.0133712646424326,0.264286582681,0.604174099051471
5277,0.0267268349621406,0.0155361043815879,0.360824736421478,0.62348514405691
5278,0.0179478430399074,0.011261910274199,0.253354383983767,0.468953534350439
5279,0.0266764822247423,0.0093472279407879,0.28347351726647,0.479722013296391
5280,0.021219119693711,0.0183854694893721,0.265181059865672,0.717937255378985
5281,0.0204432218016377,0.0219319636960336,0.22064620380746,0.681998842152622
5282,0.0179667477690555,0.0115356976809011,0.224114662788987,0.531015101994894
5283,0.0152274228082076,0.0136454633782245,0.250504924138242,0.586541683982526
5284,0.0216191422045686,0.0120330135593133,0.395331668431885,0.519231893082423
5285,0.0232761877868643,0.0138421837367684,0.412407307742499,0.592590774659064
5286,0.0290775582469059,0.0219023697786632,0.441859097727346,0.669561736745132
5287,0.0200595160902655,0.0121428229632261,0.393288694622842,0.559687477683133
5288,0.0151104429385025,0.0120091912111558,0.27261784275675,0.644505489441783
5289,0.0127478375066168,0.0117786943770609,0.23756166098363,0.538929414884514
5290,0.0230767422544606,0.0142252097470255,0.226132625713088,0.60516345907052
5291,0.0172671621917039,0.0111996183877926,0.26153845135327,0.559466170111975
5292,0.0173943544441291,0.0124018178544241,0.258668079845648,0.601267674852403
5293,0.0183305018264792,0.0150048030468202,0.224838535145278,0.686745743548722
5294,0.0160748275540433,0.0185787985280345,0.269908597850732,0.699220531740811
5295,0.0167625013655367,0.0134461925782776,0.22693084807825,0.635284811630286
5296,0.0258398117523838,0.0136690228516825,0.227345863635817,0.620026356810533
5297,0.0228017955617539,0.0168543579886112,0.266892466571355,0.692498101668431
5298,0.0183671606949147,0.0194662897114274,0.244161583184384,0.663279123161611
5299,0.0195818560710342,0.0189979800618261,0.247373937135326,0.704199785078897
5300,0.017653901363151,0.0130229482650628,0.239115272232045,0.632932688942277
5301,0.0225941686326583,0.0225544372695568,0.235805216098676,0.764279205906553
5302,0.0186269731806814,0.0148441116244797,0.444079384075808,0.603124860341088
5303,0.0189208130569281,0.0125871070008772,0.427547004002337,0.538254751030884
5304,0.0202955014118553,0.0145742387349455,0.414837760166155,0.626318056797438
5305,0.0177452302668357,0.0115609017772228,0.432299811524472,0.585978929659005
5306,0.020435894798982,0.0199908049828581,0.422071284689332,0.716314966683434
5307,0.015151606077676,0.0147156786915739,0.507159793972323,0.676782535260696
5308,0.0179037367318021,0.018385712226064,0.582765639388615,0.682671629811498
5309,0.0167097831379685,0.0216182707034832,0.467635360751298,0.758125192988261
5310,0.0209130833159751,0.0155954219371564,0.351913675694666,0.678192495585895
5311,0.0178112485368117,0.0241849641721328,0.429863450985823,0.794940126808519
5312,0.0159943447299266,0.0282336588667082,0.423899280060472,0.803715094483453
5313,0.0163951509567392,0.0118363678264094,0.425253631357987,0.605634836859879
5314,0.0170290213849285,0.0169949242696356,0.375735425119957,0.633728794438616
5315,0.016248703030238,0.0120535748762431,0.24460007860609,0.529590072378907
5316,0.026076374753526,0.0135102009515776,0.227960188805813,0.587265569649044
5317,0.0177954623084971,0.0145893554654892,0.243054680203318,0.618218358003002
5318,0.0209083242629423,0.0144566327519421,0.270134090717922,0.603252115348337
5319,0.0161400294741244,0.0125538936993224,0.253977474432561,0.514463235696223
5320,0.0173647895726894,0.0135778667321096,0.2379881734248,0.482174046397625
5321,0.0216994462110174,0.0136915063314114,0.232543892449788,0.578571288261664
5322,0.0198897056330952,0.0100011625924904,0.268991147264146,0.420763373668221
5323,0.0179670589772564,0.0128171958969132,0.220727750568798,0.601215411660098
5324,0.0127383668099343,0.0173172302777814,0.236365657431082,0.720277258269847
5325,0.0273313495875302,0.0189064539900086,0.256295759449475,0.745103703665589
5326,0.014497307093694,0.0161199714743078,0.241234984203638,0.617970567462308
5327,0.0117409526570437,0.0160346898831143,0.239793105845703,0.632553500421052
5328,0.0199516387353997,0.0130829118094663,0.253982615640984,0.620981132497155
5329,0.0193354475145665,0.0178179044549117,0.241609481162581,0.692565828107208
5330,0.021942589554229,0.0298266419685245,0.235200417255807,0.749861650213418
5331,0.0208413285582596,0.0271279182388457,0.237266187688722,0.760608365071041
5332,0.0264025351827506,0.0177796739883232,0.2237886462261,0.66172442871248
5333,0.0169516718609051,0.0091545047980685,0.232374185437538,0.568593107017705
5334,0.0192911023999102,0.00907072065116521,0.227263948809031,0.58652243147789
5335,0.0196574036344081,0.0118157583091452,0.231281354782078,0.482230947846974
5336,0.0264035344011088,0.0133861558581312,0.268510920618877,0.576968235815326
5337,0.0214788505757198,0.0138407318776924,0.237252466368267,0.578705940016099
5338,0.0194140817328744,0.00903987296224082,0.235197305215045,0.471600826728222
5339,0.0240940610729857,0.0104403182973283,0.227747023080701,0.534795908613497
5340,0.0164038939801457,0.0109027711414589,0.222896927080859,0.580209018793755
5341,0.0168942059541826,0.00972944710835951,0.265247788879676,0.547983952357539
5342,0.0222312591932917,0.010711562025477,0.251195523987547,0.398070988288629
5343,0.0188801276980548,0.0091807144546151,0.262597324871476,0.394093912576522
5344,0.0174036201585003,0.0108130163477437,0.262839404710244,0.57373613043727
5345,0.015723503025512,0.0127312961584516,0.253261926703119,0.558225694877941
5346,0.0194294530331955,0.01290698094401,0.250892444783092,0.550207159307185
5347,0.01587524077391,0.0100911701364912,0.265219873979575,0.492149747088675
5348,0.0157926128408342,0.00960787776463544,0.270244623556055,0.417115922837053
5349,0.0186315802296096,0.0136267318219653,0.270964485246821,0.531152814131268
5350,0.0189214009453228,0.0171881421805095,0.265461989317703,0.661210096737325
5351,0.0168033227666221,0.0311504904740671,0.451460724884365,0.793019923254258
5352,0.023663690425615,0.0198887904244649,0.390507280507026,0.737508823294026
5353,0.0203867875910603,0.021641768498896,0.4346387525333,0.733003742599504
5354,0.0207737520553541,0.0181756949693352,0.309881029496402,0.647344614389308
5355,0.0218872558614533,0.0158066135544121,0.240618068395921,0.59277649746269
5356,0.0162402647931742,0.0150802553938767,0.227042058778812,0.59378294949113
5357,0.0193324580864294,0.0153292012556075,0.26809540938981,0.617783835388052
5358,0.0226514829506563,0.0186921549934278,0.39372839312339,0.687808882699013
5359,0.0230962465158601,0.0135154305547923,0.448179526287141,0.623637374600817
5360,0.0181971256230214,0.0185400192396386,0.387233799011828,0.650702725271139
5361,0.0190271003707777,0.0482012918614777,0.444927375954858,0.89384145662579
5362,0.0208010846217013,0.0713545127105577,0.561729551661818,0.935272098615551
5363,0.0205770148322324,0.037181820518952,0.590125090890995,0.895640687019991
5364,0.0154830996519295,0.0402411301577821,0.494608452029317,0.879296406066245
5365,0.0161590100122133,0.0353158253020653,0.498171356451958,0.844781633612156
5366,0.0209757549958446,0.0334245900452831,0.505083667103884,0.868595364680665
5367,0.0226957918618095,0.0217388455913545,0.474743242552468,0.752889834656074
5368,0.0241597029875119,0.0212736813469807,0.385463575121044,0.706503488381156
5369,0.0192930283966287,0.0239349854290684,0.510983875505039,0.776602998000976
5370,0.0114130743389822,0.0205012281977943,0.450231039143336,0.758927314204057
5371,0.0257772257789578,0.0177700030432527,0.376002175339987,0.732559539020663
5372,0.0179471930777955,0.0153920163991561,0.507266481523079,0.707135612658421
5373,0.0154137733283787,0.0146465717904499,0.44789831296553,0.633183006254369
5374,0.015371581910279,0.016009751442669,0.443931739721549,0.699884768542856
5375,0.0134179296874042,0.0163911656103566,0.428124300721718,0.693973319777834
5376,0.0238188994951429,0.0175825700298192,0.412564534608262,0.712207567697906
5377,0.0204129349221141,0.0193157922962182,0.219802811863656,0.682307455079684
5378,0.015797262391998,0.025289901507558,0.427481387505793,0.800812383070057
5379,0.0191816750426349,0.0291885121894186,0.449397331619434,0.817336787345111
5380,0.0220177612793943,0.0380279004960814,0.501073984307811,0.893000516452651
5381,0.0164481963050169,0.0261156610890132,0.529744187612856,0.822323960321569
5382,0.0205733063770983,0.0290681964477987,0.515810231130545,0.872123167432861
5383,0.029864286855312,0.0414281566229971,0.491624446144636,0.875593463789167
5384,0.013045694849985,0.0260135430011306,0.5183703237742,0.868102079534633
5385,0.0153358954114245,0.0423528778549872,0.446746758882711,0.897132606972023
5386,0.0115882586012082,0.055833203047589,0.430724634815423,0.923031318271881
5387,0.012003967440646,0.0523969299938098,0.443676288203271,0.905792102049394
5388,0.0114703113160901,0.0444507850560507,0.486363165005671,0.883518131359281
5389,0.013399557912801,0.0311574897521901,0.442135910831168,0.819896951408584
5390,0.0243186235243026,0.0209434789514924,0.388015791984723,0.771822011348443
5391,0.0212258926175585,0.0199533581327955,0.450075902412393,0.76739355166253
5392,0.0224157368627065,0.021568273907754,0.461663379128011,0.77357052407364
5393,0.0185375784401946,0.0242059165671913,0.434972361410985,0.797590370276339
5394,0.00825285799945258,0.0188041695959691,0.420446761195772,0.749653559264411
5395,0.0281522163004489,0.0240932159329612,0.45240087749467,0.774852508405181
5396,0.0251995599723244,0.0225939769741505,0.43955014139934,0.728229045216305
5397,0.0197945383955132,0.0104833857532529,0.524098567111508,0.592273076692613
5398,0.0205838169658127,0.0214147178976273,0.446773769531354,0.745355752487435
5399,0.0168257366644753,0.0210926881847557,0.526535076816743,0.774851660748036
5400,0.0198580972264831,0.0226995776022414,0.453804449642953,0.782593907004338
5401,0.017093727668553,0.018749460931748,0.46450979277773,0.797729777159773
5402,0.0238191711205192,0.0263000768806012,0.448015713811676,0.784152362469081
5403,0.0241485014721694,0.0175115109678844,0.504291887390017,0.749819051893397
5404,0.0232409202417965,0.0220934199684646,0.377735993387175,0.787048646630967
5405,0.0161376011935028,0.0222407667074394,0.439499260250132,0.770854502989218
5406,0.0164744668668374,0.0150926321451051,0.436801685520958,0.637270492200642
5407,0.0264021196362521,0.0123569581268027,0.41712171036005,0.543355925695182
5408,0.0193805599494169,0.0117818679394697,0.476833290500153,0.716802414588986
5409,0.0209987726533289,0.0118869100938726,0.490951287040427,0.615019319931341
5410,0.0213253597818146,0.0128562622689022,0.45021050468452,0.633919115807053
5411,0.0114521616629977,0.0230831203545029,0.391153923496735,0.761398687224238
5412,0.0209784783989681,0.0181480530152483,0.418002511110194,0.724824547322158
5413,0.0105530393746163,0.00980685856790373,0.456944352483906,0.572398667932536
5414,0.0193234464702038,0.0131418578073622,0.447089242886746,0.605854456683843
5415,0.0255606505918819,0.0161946063301272,0.396117221403912,0.623304882171597
5416,0.0222328220745669,0.0193804333131971,0.435264903856462,0.724846523836613
5417,0.0238380154835708,0.0207228563667522,0.450864095626169,0.810002931885406
5418,0.0251426334865279,0.0372668379407986,0.438539972806475,0.851216862780679
5419,0.016874091917102,0.0186205779055622,0.418176587685853,0.777892295472421
5420,0.0181779576700103,0.0220480145974077,0.36388259740967,0.749639630210332
5421,0.0190456624512409,0.0267484992895715,0.430525284877844,0.796906331234955
5422,0.0181225309991067,0.0265392949362723,0.478570837840116,0.794334686989028
5423,0.0175085111776202,0.0163353757426309,0.421551868419055,0.649336353566503
5424,0.018639557574233,0.013640764832464,0.517328644938403,0.701475819219718
5425,0.0212482272260086,0.0191895983230915,0.466401613725951,0.67965868124745
5426,0.0158240450010066,0.0203291552191801,0.446874599538443,0.708332172389592
5427,0.0223803549792989,0.0259488449762082,0.425900621273395,0.80280907854785
5428,0.0168378579075263,0.0204391006624814,0.392402158051283,0.780203949918745
5429,0.0173267962970554,0.0220311098469116,0.502988119691543,0.760493133108747
5430,0.0138282447548389,0.0135204636513598,0.487542282715254,0.670847965009965
5431,0.0194138157101439,0.0137682124244183,0.401393730308535,0.640198532981901
5432,0.0187228868247655,0.009681395762181,0.404841012566627,0.485816988901516
5433,0.0179841763922837,0.0114660495519105,0.394117664217875,0.522126003683573
5434,0.0175442236542682,0.0105204413379272,0.247044443189567,0.440787942131585
5435,0.017696724177805,0.0115772819577271,0.312910764603289,0.619124384298543
5436,0.0119109528811601,0.0118184208728339,0.395412727485862,0.634521031456776
5437,0.0192958599467594,0.0166989915409533,0.437933078023514,0.723797727012393
5438,0.02714193630115,0.017685985700706,0.417041515562647,0.748691467127145
5439,0.019736146077806,0.025767899202957,0.502033451034618,0.853606461691842
5440,0.0163680415348082,0.0445527143509365,0.485010261721544,0.878798880294231
5441,0.0200511317438437,0.0329449458729366,0.50120048665887,0.8313083270866
5442,0.0167700364277505,0.0247503665317659,0.483639228702971,0.817008591779161
5443,0.0201652565885809,0.0228201959222539,0.486022948638699,0.785057240107936
5444,0.0152928633344234,0.0173012470462525,0.443823921466834,0.710612035169866
5445,0.0132074582552674,0.0192636617738766,0.489071558953778,0.771419956312721
5446,0.0227601277941648,0.0287342187787771,0.512736359006209,0.854983412416618
5447,0.0238353837402428,0.0367540322731034,0.460602890957786,0.870166873034288
5448,0.023041851802762,0.029515518430237,0.424219240944932,0.811145549942202
5449,0.0191546479458681,0.0395697722322706,0.438407967764963,0.872179855652303
5450,0.01686178497464,0.029908241957973,0.424826864506753,0.844695165146013
5451,0.0143618118733642,0.0248126615886319,0.461749808420983,0.785612463566554
5452,0.0211718098919139,0.0246290635343012,0.316471722813715,0.728887408438139
5453,0.0142660218762706,0.0267121916778843,0.252000782584787,0.831885275602531
5454,0.0141007654557584,0.034383825040168,0.403335467050073,0.81936372831432
5455,0.016444084975157,0.0287250243768335,0.423938248995407,0.829999146388742
5456,0.0148313636105528,0.0169141495522411,0.429903146709392,0.723386137347853
5457,0.020703523482997,0.013441502511487,0.45637158922152,0.603103726786785
5458,0.0179669427326377,0.0137575303730507,0.477947213259168,0.413629457314878
5459,0.019766752682813,0.0149109552756949,0.42542157415405,0.611603249270699
5460,0.01892858159144,0.0138593943952339,0.460756169939804,0.658254893924413
5461,0.0179778695649565,0.0201472929962103,0.400615620224117,0.73568613305154
5462,0.0208205615625437,0.0154660988245766,0.333680961809936,0.63320540459029
5463,0.0182058155395343,0.0112186431035148,0.230688934628721,0.612358209455798
5464,0.0231570271291647,0.0139637336677676,0.239582091784537,0.596920772850981
5465,0.0249226712179446,0.0108261302566273,0.186422369817624,0.428612100679136
5466,0.0237608370041088,0.00884597599015063,0.258286038179544,0.456749734524208
5467,0.0156227292520962,0.00929033197548991,0.222017336307793,0.432554449660495
5468,0.0136993102826127,0.0198256120740303,0.258600249659705,0.589182573442989
5469,0.0203829410336879,0.0122081827166756,0.267900936974049,0.465437723190634
5470,0.016750070510441,0.0123860789898076,0.221653493067051,0.525062896224533
5471,0.0284409469550232,0.00934330941717378,0.237560119671849,0.473703858961708
5472,0.0155132847233906,0.00987344245401204,0.256846130867259,0.490249850453011
5473,0.0204165319228058,0.00830696597342765,0.279816504242968,0.493559197884709
5474,0.0218259793004021,0.0147537451259525,0.209464961240376,0.620181486866718
5475,0.0183213787326708,0.0125775327537545,0.269626465800864,0.442432806033515
5476,0.0243462084743287,0.0198687239446972,0.229694534905797,0.630301559857461
5477,0.0230697341097007,0.0143244745977955,0.2726318275063,0.54368057889299
5478,0.0149332543107994,0.0124333798401554,0.247154224026814,0.60396450659363
5479,0.0231057662129142,0.0140968267479454,0.228704886672623,0.606177751276664
5480,0.0185369127216225,0.0222701007687281,0.26015730804419,0.72050362991585
5481,0.0221592511641656,0.0136220478921006,0.241172752983284,0.688199309939061
5482,0.0211213898739424,0.013124838551086,0.233999112797217,0.553549378630869
5483,0.0236087351302509,0.0150485361072671,0.257499353280741,0.634392528222379
5484,0.0189628776193547,0.00918128179870995,0.237980730634997,0.465213508799566
5485,0.0172435938391354,0.00974865999252975,0.263477870566175,0.573307491775111
5486,0.0159373677059408,0.0131154438866246,0.270844868996431,0.555892478797928
5487,0.0162133391893538,0.00906290144615196,0.268281837009554,0.47677650947051
5488,0.0196892406832569,0.00842553535028851,0.252541290214912,0.472572702954835
5489,0.0226083006168858,0.00910949735259952,0.241289646423813,0.464512815288139
5490,0.0176857593873147,0.0127882994175494,0.272001982721671,0.606384195859625
5491,0.0141254420968677,0.00965671589655186,0.253578116267273,0.469195369428972
5492,0.0168984996735758,0.0147860100026153,0.216137889240966,0.507369571711586
5493,0.0156936259383007,0.0130218205975528,0.279500972384926,0.688294125014706
5494,0.017495206724183,0.0161887587892284,0.326977452743701,0.611031921463657
5495,0.0255991211000688,0.0121782665530517,0.449531590805635,0.564208424209529
5496,0.0195843725580417,0.0222771662408834,0.492306451556372,0.741535799349044
5497,0.0235212984999385,0.0137210819013661,0.428226278938497,0.739060170596668
5498,0.0191207732921353,0.0160219277850236,0.435611678917145,0.734721039487484
5499,0.0223836336608858,0.0178077050122037,0.42803945015974,0.745536704745513
5500,0.0249541183304427,0.0160413070984284,0.40207329897888,0.675977897832047
5501,0.0140074831519621,0.0187486653482425,0.366040423478955,0.702135002207437
5502,0.0177491644176086,0.0196162519672218,0.417411899680329,0.733808332944137
5503,0.0130090922224464,0.0158634608555277,0.446158266722042,0.680736668219669
5504,0.0236164511476501,0.0308947295306835,0.397714813781656,0.800151732591835
5505,0.0173977823971756,0.0176041360792219,0.450440670039594,0.707624112200963
5506,0.026058519548651,0.013463576102629,0.506126199775619,0.608641423883167
5507,0.0206988449358495,0.0092458853313734,0.417322209988141,0.486129925466043
5508,0.0140170010103252,0.0156662068063842,0.242731070765005,0.658118177872423
5509,0.0185974893089353,0.0188637647558247,0.304115941157378,0.721476827338305
5510,0.0145258785033823,0.0144635644754209,0.344288989760226,0.658326634556683
5511,0.0231952087130305,0.0112578168401059,0.395697894149544,0.576988957450724
5512,0.0219679489155291,0.0118985916408087,0.403005389568988,0.645917701462138
5513,0.0184157209930763,0.0156393130052281,0.251302643016619,0.670026603851982
5514,0.0209646497607502,0.0152820714284831,0.235574352537624,0.593780888075248
5515,0.0143233416366172,0.00880376052709096,0.237634537607386,0.527299247421818
5516,0.0232501782270794,0.00978764789734397,0.268801622532614,0.485532174641494
5517,0.0191023097111528,0.0106537448605665,0.262432523580186,0.443303818937046
5518,0.0230846075082204,0.0116719916036592,0.21201786060829,0.579840765903676
5519,0.0168986219205561,0.00844179058244444,0.238440873070329,0.420042068835921
5520,0.0143719175407739,0.0114635545873589,0.202890801067214,0.44018054841916
5521,0.0173659644954403,0.0103552854499985,0.2519377721269,0.458598348457205
5522,0.0127064216284038,0.012557691745767,0.267947139147952,0.631324299773019
5523,0.0177578709028244,0.0128697713046191,0.220000121570829,0.550233816442619
5524,0.0240438791711451,0.00855537681181229,0.213415589910242,0.393527326549584
5525,0.0216877868672872,0.0147759029035407,0.258323596652179,0.590445090390982
5526,0.0205706245110197,0.012252682105113,0.274435170689374,0.609251135499219
5527,0.00945828761408266,0.0148871943460058,0.43416667346194,0.500463609154322
5528,0.0208156682782468,0.0149331620768122,0.453503331518813,0.691052335119175
5529,0.0160561960532555,0.0187312191142969,0.42143710728128,0.740544912484073
5530,0.014071455163223,0.0119834171311974,0.426576624510003,0.519337222144193
5531,0.0116423043392893,0.00963855603931859,0.349619378757283,0.42090815339414
5532,0.0205417031704917,0.0128589115778684,0.429822088781878,0.605245298292004
5533,0.0165048870586321,0.01304439222884,0.415453616285692,0.65931629821043
5534,0.0137451113986144,0.0144608352116259,0.456018385138057,0.641590038174595
5535,0.0187401411258549,0.0160377846269022,0.34905046969077,0.56258865978427
5536,0.024124629781315,0.00876775057757241,0.450580106755137,0.505054231558279
5537,0.0169014477784898,0.0153029027151997,0.496180168792358,0.624047904559356
5538,0.020479130691802,0.0211589744386513,0.475693301565298,0.680053090490192
5539,0.0154377543830174,0.0145717293190703,0.439954417946844,0.658868319937576
5540,0.0186982397701725,0.011448141360264,0.483901760804237,0.614742191293911
5541,0.0223609407187827,0.0178062001606549,0.463395444657714,0.701600155319011
5542,0.0140128989573124,0.0125809648602903,0.439606525007506,0.609516953374882
5543,0.0174062543913834,0.0186845119481478,0.425703482039128,0.719388991714145
5544,0.0182491294550053,0.0191668925401938,0.435364928989649,0.729157883456472
5545,0.0186233841911744,0.0181367481324009,0.425243644288407,0.748652102043024
5546,0.0178976929389636,0.011744227813655,0.428059348466929,0.598510132140954
5547,0.019688531994017,0.0135601807560201,0.479192218268813,0.593516545930074
5548,0.0263361986389569,0.0130671985404334,0.352313707363087,0.585459102782931
5549,0.0190783861008867,0.0113951700580002,0.449085212749065,0.62504852693672
5550,0.0102440122103168,0.0155167733008823,0.430531520163137,0.704967222322119
5551,0.0245812146252177,0.01558801075183,0.370185674097451,0.603934143999231
5552,0.0149222188775535,0.0122634549094149,0.363713147185526,0.522179671211653
5553,0.0304942918875959,0.0123218401413986,0.225832071541046,0.558887991076688
5554,0.0211397565535387,0.00822451115479405,0.242945236345082,0.51294382380314
5555,0.0242102703045872,0.00919910092040933,0.265611056609343,0.469110368415892
5556,0.0140007470059453,0.0122001589864527,0.247086386449158,0.566545305765646
5557,0.00912311170562876,0.0150177389376753,0.222822014815212,0.645101557572697
5558,0.0264192125461647,0.0139349830979961,0.250596361566532,0.439929701342577
5559,0.0219515930587282,0.0157547887206958,0.242620763829867,0.660136157391729
5560,0.0273015756576025,0.00965304012158828,0.229262945939493,0.474623225264106
5561,0.0224229938776643,0.013678325245479,0.229554985939386,0.635594869805579
5562,0.0239790800465102,0.0113292228367326,0.2436735858107,0.559654009538629
5563,0.0200717392689149,0.00868651137676789,0.242189604358222,0.441399824510334
5564,0.0193140782715962,0.0114890107122254,0.28000538627601,0.496037458597965
5565,0.0208678933592999,0.0137151166221621,0.214029851362278,0.442274943177234
5566,0.0218753176318094,0.010597013128328,0.256147883489425,0.399149787453338
5567,0.01942948343261,0.0124277356477277,0.273270745240183,0.505155319050121
5568,0.0229104153745838,0.0113869316232697,0.218194527163548,0.475493408311161
5569,0.0255651786973602,0.0112833589672778,0.268312643567874,0.521025353193929
5570,0.01487791698624,0.011003370509719,0.241054542943556,0.570368011864924
5571,0.021116819334091,0.01333086542388,0.234246014559181,0.610720218098081
5572,0.0227066420038948,0.0114716147417689,0.264047204840801,0.621512758751444
5573,0.0128966209881173,0.015413899959673,0.297027733479227,0.68293024211013
5574,0.017416446676446,0.012053875285724,0.249242809891665,0.566064148461642
5575,0.0281256944838106,0.0129663455826991,0.249051390742498,0.52214297115671
5576,0.0206042288114924,0.0142542068107069,0.270593225491285,0.601626039653253
5577,0.0195929152580189,0.00877425948068534,0.213910118859525,0.351196172696353
5578,0.01648179804976,0.0128885086517819,0.220683918712498,0.597980323600138
5579,0.026794212370197,0.0154647460936968,0.25946015690331,0.661328361463483
5580,0.022482518036147,0.0132663346075213,0.258699886298549,0.659741404712102
5581,0.0193006431514855,0.0151310074109973,0.283348328415142,0.629292018143377
5582,0.0189721251091136,0.0147760298868013,0.266931575078403,0.650086487783774
5583,0.0241004820661179,0.0122635867376315,0.356296930263745,0.58268459817264
5584,0.0252359702775757,0.0084460502947479,0.269914335455074,0.492525964039981
5585,0.0224252624209204,0.0101198256586263,0.270297612941819,0.446076494175226
5586,0.0233859466744629,0.0133655854860717,0.26786158934274,0.653631227008812
5587,0.0215542845452235,0.0149191760638881,0.229069532959164,0.584419000084681
5588,0.0194141552606268,0.0160467404173468,0.211929481614553,0.658154377675698
5589,0.0240525725768255,0.0142902938003641,0.385725613887752,0.585031595932888
5590,0.014977180669306,0.0166422383164697,0.420322947257629,0.594022747342165
5591,0.0272374066839081,0.0152027652606804,0.39066811574474,0.633092955214057
5592,0.0204134650338603,0.0177657284630941,0.476486859027002,0.642388165751676
5593,0.0153130855575552,0.0192768474210528,0.436941117116737,0.753640606356186
5594,0.0148774914647014,0.0212061136253015,0.432442261870613,0.721001021301818
5595,0.0189848374342701,0.0188781318102869,0.440584144273787,0.698392479384911
5596,0.0161208802900059,0.016204682188555,0.523737636395219,0.69775316281644
5597,0.0187108197356206,0.0173569960903301,0.442296642295909,0.710621238761078
5598,0.0229717053026155,0.0144624259562101,0.431545600995169,0.591082966849463
5599,0.0228884263208722,0.0184439181000646,0.443184419136117,0.663288418003815
5600,0.0232355840127272,0.0140273207891515,0.42498558792458,0.605545343494592
5601,0.01487575446106,0.0157631801582365,0.403269674372868,0.70615067621551
5602,0.0198903104882795,0.0235222935197576,0.430687662323008,0.799807907264985
5603,0.00921785266718678,0.0309865810624519,0.461577458984176,0.834077776271367
5604,0.0153755983569931,0.015779620816283,0.510138883641534,0.698438745953635
5605,0.02380762121777,0.0389404807363166,0.447626528684128,0.848857974676761
5606,0.0133484424635046,0.0264884589739188,0.472176507635697,0.788821469549549
5607,0.0235074602409126,0.0156204661849707,0.38339145730873,0.745752388736735
5608,0.0156598866541681,0.0277274194515452,0.48265402225392,0.828706543648429
5609,0.0188378736362838,0.0245083456739036,0.387640911490212,0.785207189377063
5610,0.0226762818751688,0.0161150620515318,0.262119356449977,0.740038378719789
5611,0.0217371451075472,0.0162714557159717,0.261238582175808,0.615870080912874
5612,0.0174923217266712,0.0138173325588595,0.25649464437383,0.643772001976806
5613,0.0231503500787456,0.00787109197296981,0.236852653864601,0.31629059973465
5614,0.0233596487077657,0.0132793370584787,0.2764611578446,0.565541901770017
5615,0.0261032225229631,0.0126600193878474,0.252211282129936,0.490271369437204
5616,0.0269203533373564,0.0161654670652262,0.26931928056073,0.630060028457019
5617,0.0287537403212485,0.00802527890114452,0.219157169932613,0.498468138627503
5618,0.0208836385012569,0.00925643034313215,0.226398475342722,0.461201118855347
5619,0.0258555538694079,0.00948051440940022,0.231563511661421,0.521013783971282
5620,0.01403038812111,0.0173801048200997,0.213688415255227,0.655710613083997
5621,0.0231414132279651,0.0126587213359423,0.436779675915311,0.542553729984088
5622,0.0228460759852654,0.011492790192831,0.373299736524258,0.554216692234426
5623,0.0187889518063045,0.0101291164322143,0.439995978469618,0.493339553111171
5624,0.0143476487499065,0.0143065964670683,0.457143614390646,0.647227234922824
5625,0.0232546206634082,0.0225285548655744,0.411889705748928,0.746893178913417
5626,0.0253196878998128,0.0227070948999483,0.230349549251638,0.741053257132187
5627,0.0153363925125891,0.0200060707713309,0.393931115718465,0.760176096553361
5628,0.01607423812167,0.0140658326513698,0.324357811940859,0.571019553370637
5629,0.0201298378996371,0.01338518799965,0.431424818199272,0.635439335141525
5630,0.0173955006272422,0.0115114917519591,0.372749888632425,0.553379799576874
5631,0.0183532551731834,0.0136934502301359,0.479263053928229,0.680140225937398
5632,0.0174364224700916,0.0192907220680372,0.363395753125182,0.715875190246511
5633,0.0173755953238552,0.0126325864366874,0.387940421410781,0.69528428212878
5634,0.0183127314222596,0.0149593818424457,0.488644115582404,0.701052480904389
5635,0.0123994931990889,0.0164116595491767,0.265863149759408,0.704240847312224
5636,0.0266929498454777,0.0144297581345234,0.263671737863995,0.683947192763979
5637,0.0207665271943544,0.0149313123303186,0.236614507582142,0.641273199115217
5638,0.030336432269185,0.0142020607876523,0.261761916296574,0.515526109619424
5639,0.0206482901556065,0.0113184862830662,0.21831760738995,0.490917715827998
5640,0.0189490583863064,0.0116532565839454,0.240863154894663,0.544380886496299
5641,0.0256404561770462,0.00930090821502543,0.246590768100379,0.483910461805702
5642,0.0224870323368059,0.015307362173947,0.271235163949154,0.570014136420504
5643,0.0120892952249104,0.0159587183344039,0.210394230287457,0.593130175553286
5644,0.0181917597365467,0.0208226850146841,0.266371207273745,0.718533352263578
5645,0.0173451755535476,0.0150676914547841,0.273670259295838,0.606842806471133
5646,0.0228001881761544,0.0166288069236178,0.22009609814266,0.637155869126707
5647,0.0213556289898161,0.0150743919855616,0.255971015737624,0.626159082463331
5648,0.0209295978615816,0.00832508189243623,0.236209115316823,0.444825796656231
5649,0.021471402552649,0.0149506239059188,0.229200804483468,0.522923276397524
5650,0.0235340564196498,0.0134248672376466,0.344974792484884,0.591334225534582
5651,0.0181070988183904,0.0116830216130762,0.24407795482776,0.603288063173813
5652,0.0215789282741667,0.0148391408168989,0.233263867506584,0.586998192554258
5653,0.0123710393002742,0.0212413400356139,0.235050824799436,0.716922809835739
5654,0.018314401630017,0.0156396601719079,0.269241341070561,0.619730925058224
5655,0.0192866664545539,0.0120337129049828,0.435292297950076,0.623606558276136
5656,0.0215340851051294,0.0150301768988589,0.413590717326448,0.653734401787468
5657,0.0182059493559471,0.0178359947930872,0.435603267307216,0.616262330717984
5658,0.0136986068882176,0.012504193401228,0.448092655781294,0.594437615663758
5659,0.0207996163868706,0.0155867025908758,0.444736535992585,0.66243080328132
5660,0.0233771182666779,0.0154596342494359,0.42705234971895,0.709389137556254
5661,0.023499236474733,0.013053760278656,0.431501907828202,0.593406423192904
5662,0.0196699380858157,0.0150513461785772,0.437346133818357,0.647471846033466
5663,0.0172773894817309,0.0230101791733275,0.371786628690042,0.794351208144524
5664,0.0186017677143065,0.0179157513996123,0.429683915402262,0.787116954431792
5665,0.0160895861492429,0.0274693237473383,0.390466848432847,0.787268791008316
5666,0.0198948987367996,0.0266804373370355,0.43977494501579,0.774822668121745
5667,0.0188716742529539,0.0231864460507469,0.487021040604362,0.766811679179731
5668,0.0164285924067371,0.0271285536544677,0.501619090354485,0.799300164177346
5669,0.0203116323245797,0.0274600616944806,0.458591170627573,0.860024732537453
5670,0.0181635678667732,0.0252475575707937,0.513832436014965,0.816826986536641
5671,0.0185470127426094,0.0386202555995293,0.500228054425365,0.897467199293621
5672,0.0248235325711058,0.0523921082459581,0.502878598526914,0.893440103542377
5673,0.0143356333114942,0.0314205723475997,0.441764458471759,0.827444441863072
5674,0.0180615580981154,0.0219893996589538,0.218916057320125,0.797650827979789
5675,0.0243042375675637,0.0274336170336772,0.23763848058246,0.758204126449034
5676,0.0187088886156854,0.0288255641392129,0.221911446777423,0.794374772070314
5677,0.0169800485197476,0.0302451490296972,0.280067616951339,0.780418693807843
5678,0.0182366595926421,0.0234434908029677,0.219354964476302,0.740486680902747
5679,0.0179997724574271,0.0187804365894021,0.28294618306024,0.713723579623183
5680,0.0186953469432709,0.0216872494407675,0.261838696095976,0.738417397709379
5681,0.021406949960349,0.0250040724470762,0.227237820380287,0.751599103133689
5682,0.0284951120593937,0.0135429981710458,0.243312430197428,0.674851697111861
5683,0.0205137636007109,0.0142292118211006,0.243568277333033,0.674078630869655
5684,0.0236031210770494,0.0123485388701277,0.26777494232431,0.577933938325565
5685,0.0186203004683608,0.0134622205910967,0.262874095018605,0.592740958486568
5686,0.0173710466712006,0.0183724963389423,0.251373014932885,0.605989382581546
5687,0.0232580832905355,0.0115019193342847,0.258224174724386,0.601079352511261
5688,0.021736397052948,0.0138155254799958,0.253431878581606,0.51729383533259
5689,0.0169742326568125,0.0114842530330294,0.257541337115442,0.585657168495467
5690,0.0197647771568409,0.0123175810058316,0.266029917564769,0.578110309975951
5691,0.0150686749777031,0.0106762437515007,0.272174367869772,0.454019603436161
5692,0.026413196620082,0.0104289374419903,0.25950177360573,0.560426847193893
5693,0.0164544214112673,0.0157038444696516,0.264724112545799,0.59800128503396
5694,0.0198389112344737,0.0131206321087206,0.241804430391862,0.571644155945725
5695,0.0162527378504854,0.0110323290058698,0.415219256219181,0.54496214467379
5696,0.0144584538437835,0.0156254165100813,0.456541136966551,0.655670188365206
5697,0.0220283642381442,0.0173554606885754,0.391354398689808,0.61617121177825
5698,0.01374388445081,0.0173260020624458,0.250975058912531,0.687183990917582
5699,0.0188078365740625,0.0137586627786576,0.23220324384191,0.634156743333766
5700,0.0236644001552753,0.0133038936579128,0.216770466327441,0.611320346688536
5701,0.0166330488575479,0.00990829114539927,0.268911924417277,0.493721263065984
5702,0.0138490559485999,0.0121148602554001,0.263823810169367,0.594111278766176
5703,0.0209527597899691,0.0163399839098973,0.243659301243275,0.651365062031566
5704,0.0186064730593081,0.00967479084327117,0.273489595485185,0.432251118810055
5705,0.0196751698386641,0.0117464909114292,0.271003552196813,0.4569215627094
5706,0.0240874286622849,0.0173030343919271,0.257126757712977,0.608888582946292
5707,0.0179276860436566,0.00856676955465578,0.313684558609638,0.464312718173919
5708,0.0174297144015792,0.0116173291821136,0.252800257367346,0.611665180432485
5709,0.0204058467077967,0.0187767795461176,0.250302525704228,0.674051540797784
5710,0.0179120699077889,0.0111396703723545,0.261051619401726,0.648804592123096
5711,0.020237591856628,0.0223781135178317,0.252295714882782,0.712629043663303
5712,0.0173665016355304,0.015718778770958,0.254058047426262,0.635109814408186
5713,0.0262226472906104,0.0122308436467228,0.227904109054265,0.475656087385565
5714,0.0227365602177952,0.0132094195536134,0.247675221575645,0.522742857384695
5715,0.0195647315435627,0.0183019603048568,0.21789322355777,0.672089958617208
5716,0.0102136406350588,0.0120943666943729,0.249161145709843,0.57021386986384
5717,0.0162321589152544,0.0151080568326156,0.267966144552785,0.670831070093458
5718,0.0242237470566979,0.0175230263137771,0.231440191199642,0.66548693206173
5719,0.0114157955164784,0.0185862614896747,0.247748782974913,0.667950869988317
5720,0.0224092126621616,0.0205523770177054,0.227808487399022,0.754945324510575
5721,0.0181683799845295,0.0141842961266217,0.27103081059873,0.671061122567969
5722,0.0196953165093536,0.0156116218455864,0.273056903249487,0.664438530423511
5723,0.0155395933013629,0.0164963015120913,0.251208333544262,0.703408962339146
5724,0.0163356982676504,0.0248585313512325,0.25816710625171,0.803702266990922
5725,0.0129008899898962,0.0338250288083401,0.229892492264643,0.829566331189254
5726,0.0141102697252403,0.0232475489128803,0.318859208498758,0.695784179197646
5727,0.0206012844538551,0.0158967251384559,0.252969019319326,0.665400699293111
5728,0.0200118106925217,0.0146478201236692,0.234522681409738,0.620441229215559
5729,0.0169150397391521,0.00959945105615738,0.261628829477719,0.460952469291343
5730,0.0217551129878724,0.00961803090441757,0.257935631610141,0.502718657992475
5731,0.017094153490085,0.0130159964290656,0.278592953700637,0.543469471985328
5732,0.0189999662189091,0.0120057702492835,0.265538173063758,0.550977584437366
5733,0.0199956811876978,0.0161177112204491,0.263071110965253,0.666903961482578
5734,0.0229302840070715,0.0133407765277676,0.25751746484004,0.619603137423836
5735,0.0230752278739514,0.00971308569867317,0.265426849737396,0.558658629390497
5736,0.0192037411434375,0.0137015031765114,0.229376982907499,0.651396374344301
5737,0.0206956609016404,0.0167572076130764,0.290391001978778,0.642026172662309
5738,0.0152635924461667,0.0130088569868343,0.23670355057093,0.575154656383171
5739,0.0235932235124792,0.0116766126160123,0.24857145114766,0.598883351604827
5740,0.0169037518810241,0.0255943256975305,0.2721682600818,0.723319612607671
5741,0.0215406110659402,0.0188122106639445,0.225076269464436,0.727692354325145
5742,0.0200379995797848,0.0109031826901335,0.340781879358159,0.624028737561921
5743,0.0194300746686181,0.0124624819655102,0.26237458393153,0.630155811158581
5744,0.016740963186718,0.00960729997835964,0.251197516968676,0.383445048280709
5745,0.0235830916158662,0.0104219152839568,0.216493155443247,0.490903892567462
5746,0.0224270399219461,0.0120973217899855,0.223618167754306,0.541219607005905
5747,0.0212162423495247,0.0138256271663018,0.23925002041781,0.53241366154364
5748,0.0162155369459085,0.0134324363225055,0.215927432198083,0.549520832436784
5749,0.0180261131573995,0.00952774562746669,0.215098914733775,0.468325095885311
5750,0.0214179586207363,0.0143405094821079,0.223420667739574,0.620081248922942
5751,0.0133185430500392,0.0152049045535704,0.258216644487131,0.649986235247145
5752,0.0182079765135746,0.0127991273123067,0.285100677150556,0.585542766160978
5753,0.0171430249803751,0.0146296750612626,0.24167107923557,0.56506002151248
5754,0.0158845130168219,0.00922089418375291,0.265021324845984,0.534512889139992
5755,0.0220408471604998,0.0102467735150111,0.239208547164623,0.487729072230565
5756,0.0156841482016361,0.0132569184262175,0.235433198175488,0.628594684313179
5757,0.0238681101552355,0.0117020710316397,0.369551559665333,0.622903557300211
5758,0.0213788857039508,0.016455138393062,0.391143173690056,0.602486613774461
5759,0.0220718739674499,0.0178067816026337,0.450510581629252,0.62698820266528
5760,0.0187888349983852,0.0121531451155589,0.452949123443967,0.661172596581472
5761,0.0195527125597321,0.0140333975604083,0.449840640944086,0.632930280026927
5762,0.0223720940877232,0.0148740846294339,0.477009559821691,0.624813549268901
5763,0.01512126304307,0.0124137967272599,0.479973055686014,0.543782219588922
5764,0.0203068688266769,0.0129803003601631,0.405854343970591,0.574505574641951
5765,0.0176967154648615,0.0142727757804257,0.383591192890568,0.669889854637472
5766,0.0188409551240545,0.0309618331343372,0.436601548421666,0.835809055254538
5767,0.0217615467720956,0.0287603985464572,0.443644325215894,0.855071339793318
5768,0.0160746293265981,0.0372268872273804,0.38399611663366,0.859771151936988
5769,0.0201663890622899,0.0265317530664238,0.483686108630526,0.823476481162918
5770,0.016463771933257,0.0171987553761441,0.42820866388029,0.744901288282618
5771,0.0214032809094316,0.0199262131988645,0.428413442981027,0.757336398992265
5772,0.0103861977859864,0.0181012680305274,0.492311685837499,0.698138640281427
5773,0.00954454725892475,0.0112397624283521,0.426023823535834,0.571078589726413
5774,0.0220168255025624,0.0172558867428849,0.431928442114871,0.622289862447912
5775,0.0152341775866385,0.0123627271950958,0.403988795482291,0.654382997844991
5776,0.0164064173234353,0.0161125993012898,0.415386566982414,0.706214110055025
5777,0.0208900917251409,0.013075385230849,0.418196100847055,0.667287134994176
5778,0.0194384698861152,0.0159475293844176,0.445010093397334,0.63349568997871
5779,0.0221301799629458,0.0124922232334546,0.419042721699996,0.53934338633107
5780,0.0214654505482405,0.0163391158627847,0.383540038935012,0.593663019166979
5781,0.0159723125539918,0.0135246063408095,0.447112972353763,0.5790705736551
5782,0.0227881316223388,0.0157150765151554,0.40180099077877,0.61581825330885
5783,0.0147987451014776,0.0132877006819469,0.371246679723515,0.604150066204679
5784,0.017230196168964,0.0306603850775232,0.305045629690309,0.785765735774024
5785,0.0143786368400773,0.0334510049215016,0.50309758716365,0.852543493172202
5786,0.0242410384475243,0.0290150770875151,0.44829786174881,0.85835707710042
5787,0.0140533429994894,0.0179843510565227,0.433808809913285,0.755472363942887
5788,0.0158937253394736,0.0239515415516226,0.44172236636401,0.775300407252264
5789,0.0152274130038625,0.0155732485439967,0.456292795633184,0.712217220189249
5790,0.0174583909714184,0.0159244302855937,0.450744452506241,0.633383854965945
5791,0.0189926564261515,0.0155487128215472,0.416576960674648,0.633247505942977
5792,0.027353537835595,0.0141197471818707,0.435413970638843,0.637530505017404
5793,0.0178275142455689,0.0148173393599963,0.427656739908949,0.703190048994354
5794,0.0172258195521964,0.0115132629358796,0.461009909894451,0.574651677532693
5795,0.017094764852817,0.0132109848151616,0.410430553057404,0.631391731507208
5796,0.014055119266768,0.0136024198830907,0.413647912088136,0.648937958925993
5797,0.0200275666925066,0.0210242927457157,0.367751261065713,0.699185738197063
5798,0.0137967716050477,0.0203811218209693,0.402749422818086,0.748826172685832
5799,0.0157540633161292,0.0265083123294004,0.499903870990096,0.860324435395519
5800,0.0192038445346432,0.0318565301677032,0.469401316912388,0.850682918224929
5801,0.0208342950911462,0.0309014870338487,0.450850077084136,0.847200415022153
5802,0.0250366206708263,0.0437007780928686,0.493422232660868,0.863530909369757
5803,0.0177573255449791,0.036783127644823,0.490180773533774,0.841828085453379
5804,0.0217512318404314,0.0219938224128042,0.506031610455243,0.811217939630576
5805,0.0225675739893007,0.0125046850043183,0.426775871261693,0.645214098965954
5806,0.0210869606189506,0.0124808378973991,0.38144767510681,0.630596822169919
5807,0.0159790461248439,0.0118939398476245,0.43723212858215,0.629491649287485
5808,0.0226632293394426,0.0135946388194756,0.471879511197242,0.580608823214977
5809,0.0192722692273462,0.0136611132596441,0.391022387822785,0.545393305664522
5810,0.0273875202042164,0.0166615532029868,0.42781111240939,0.590253018611299
5811,0.0193533104590613,0.0138442096313604,0.442273090431551,0.579115619476632
5812,0.0210077793663289,0.0213783637582134,0.419273002059146,0.706925331832931
5813,0.0207074685618684,0.0154015507648948,0.426735858230363,0.728630992180938
5814,0.0226113790590131,0.0133290372618875,0.429488847612784,0.643304806942878
5815,0.012838861780517,0.0188874062857193,0.440687084167494,0.733775421051978
5816,0.0223811757644236,0.00995578873729226,0.338477113782502,0.453687095842675
5817,0.0155453155475663,0.0143848299228054,0.269615277807492,0.613166096450502
5818,0.024128114143321,0.012031948378847,0.252338449675586,0.647671204617869
5819,0.0227021854990795,0.0104851396506439,0.247084477307445,0.531182476017525
5820,0.0181865245862178,0.0102018606068469,0.2440001955673,0.568017203519079
5821,0.015791293948373,0.00995645570810337,0.259655914898235,0.583335047390644
5822,0.0196572788974841,0.0119333487273817,0.265147933568613,0.567085345070317
5823,0.0245513301311554,0.00863610345039018,0.225336195094588,0.456914856338128
5824,0.0226149424248357,0.0124346240370029,0.256062831814383,0.570769216768104
5825,0.0115497175946778,0.0120525251104724,0.220522762295016,0.537128579602938
5826,0.0214566546030202,0.0136023551358269,0.262111918213452,0.637827493056996
5827,0.0253070957466374,0.01619283187706,0.253453271215414,0.6317417159842
5828,0.0186498486335682,0.0155812348407478,0.444309343074484,0.702873659039942
5829,0.0165216292865026,0.0110645650426177,0.340830856486181,0.517425774966295
5830,0.0238453257279813,0.0110761990675052,0.228378722387059,0.474210748456218
5831,0.021754741203143,0.00842391291486854,0.261457962437867,0.51836848191415
5832,0.019506670320898,0.0104338523398983,0.240595366032934,0.565844903445583
5833,0.0187612460905683,0.0198057314835462,0.256847351236426,0.703666851210542
5834,0.0129859999143335,0.0222724980803146,0.233601346755845,0.777358352408011
5835,0.0258285226538229,0.0298958268039378,0.239850209262749,0.83849106826676
5836,0.0244367724255338,0.0572465513357905,0.244070400846295,0.903811680868668
5837,0.0197054112931861,0.0512229967266969,0.25806062673236,0.884399730528374
5838,0.0208603484962528,0.0324791256047934,0.217766916021273,0.800306030723474
5839,0.0176491222096581,0.020771821798076,0.266405867460086,0.709796006869506
5840,0.022416014300383,0.0148336958767984,0.268735371028616,0.558549279507624
5841,0.0203965236797604,0.0114665821253152,0.257251278784068,0.618454145490341
5842,0.018163667034102,0.0141541489223457,0.257162058116156,0.670266923172067
5843,0.0188263351641015,0.0238052756790065,0.246275052247149,0.688031655892934
5844,0.0122563538660112,0.0126352797128488,0.26595794334719,0.569591946211558
5845,0.0181040372574495,0.0172879432227572,0.309345007422661,0.643394858404721
5846,0.0174397119821886,0.0175451126440362,0.43487233483754,0.622246382400838
5847,0.0175952215723714,0.0107002484876496,0.395245421076985,0.579120765601239
5848,0.0209548213013296,0.0136507451465476,0.396507558870042,0.672231802968819
5849,0.0209839181460144,0.0198849316390821,0.438382617072487,0.766990272836463
5850,0.0141646280780754,0.0218746671136336,0.4268991875286,0.731276460214632
5851,0.0244106828204838,0.0188810627442397,0.414738004987452,0.734952049136352
5852,0.0224100855399532,0.0170753848649587,0.426172083445745,0.619370109054316
5853,0.0215053757697131,0.0207152673096146,0.429212387505687,0.719362724524557
5854,0.0256873656763929,0.0248267729095359,0.425789104161123,0.745251783043505
5855,0.0208274210092898,0.0193134893230928,0.408865370479373,0.741624814460473
5856,0.0248994187824434,0.0217764806354482,0.376748155033841,0.72592323709708
5857,0.0230419171086281,0.0243240988481963,0.495955677999182,0.802907346652085
5858,0.0244571758427708,0.0201090543884496,0.411904344515916,0.716615686488191
5859,0.0181180987780052,0.0136464122702707,0.238742928254372,0.576767024559361
5860,0.0222944047420044,0.0126430536880489,0.27826972576606,0.55987258238927
5861,0.0195492811035053,0.011148083356321,0.263602199207713,0.514890477627977
5862,0.0214170775915032,0.010432897665173,0.272629569743215,0.601646632960936
5863,0.0247619463914429,0.011242921670367,0.275474255491102,0.55935060428215
5864,0.0200616357777915,0.014729462568539,0.226292643154733,0.636326225701046
5865,0.0157252074020076,0.0113299564966055,0.229801471255652,0.548413080922065
5866,0.014530427251676,0.0118239139858851,0.288333107060688,0.634433365041992
5867,0.0213795876527611,0.0125974161416577,0.213754269562941,0.474577243631712
5868,0.0212952281920277,0.0167713911072289,0.261177182839381,0.59278226461404
5869,0.02054264046894,0.0130623788476485,0.257673869445765,0.558425195962398
5870,0.0192114816239762,0.0139453219016203,0.229955645846524,0.47930137269547
5871,0.0144617564353246,0.0263209966336651,0.245368665034211,0.684571058467479
5872,0.0203972018053725,0.014972903530215,0.237570358338835,0.660981741984273
5873,0.0128650457972597,0.0232494563666495,0.241288232139871,0.739103793499107
5874,0.0128266611661058,0.0178193779870495,0.219182397961428,0.72178328259398
5875,0.0156404104736605,0.0133157674592293,0.266805475175525,0.598410947637557
5876,0.019067697671244,0.0144944063004509,0.220886747999959,0.597789501457503
5877,0.0233533102251196,0.0160602339768835,0.195963709139716,0.580283600099893
5878,0.0195742127428472,0.0112649429846389,0.267109524447331,0.563898047068789
5879,0.0216502398870997,0.0104928247604563,0.367348874110247,0.491466777751415
5880,0.0165608246071544,0.0119097210753375,0.424065341215664,0.579971655769287
5881,0.0166800341959996,0.0200724603853672,0.379317892233153,0.719429315609844
5882,0.022944057773824,0.0188390404193314,0.455111652032115,0.693699394614473
5883,0.0208736200002705,0.0130003267286876,0.488227560106753,0.687847076262278
5884,0.0245581182176496,0.0218370218378109,0.501970949737725,0.777543157807841
5885,0.0157157273004425,0.0168197514968967,0.440561280102308,0.668705216822629
5886,0.0218001856770075,0.0177083110929887,0.423242548914016,0.686672774759642
5887,0.0204016856263393,0.0210039499431924,0.417783773719705,0.718035260329253
5888,0.0225239157666918,0.013530100776999,0.439738105456797,0.651735403564834
5889,0.0252548435897709,0.0158253712620559,0.427183743713364,0.677595408995046
5890,0.0229185209577881,0.0256967237899555,0.443584666059406,0.799986410716226
5891,0.0192553849342997,0.0369873152192927,0.452629470841258,0.851807161120559
5892,0.0161530188943527,0.0261080130637392,0.443772387607083,0.763269666056773
5893,0.0174635764373855,0.0111320179819735,0.489463075157393,0.606853434281221
5894,0.0208335091427306,0.0117923985602029,0.437546334075001,0.611435900379299
5895,0.0176783745986148,0.0137077687563209,0.428146752781743,0.586434272278484
5896,0.0164888861292633,0.020171267826904,0.431452901012662,0.732599019101095
5897,0.01344009355845,0.0159108407889002,0.427793953916296,0.683396245512965
5898,0.0161036487479872,0.0282995207969106,0.452615931376195,0.796020437519342
5899,0.0214675778749026,0.0170832286742454,0.444858884908042,0.616908012517836
5900,0.0204046010015794,0.0202963165101358,0.426874365242297,0.710100812587623
5901,0.0284669948576974,0.0160679727833115,0.445301557342714,0.581006181552007
5902,0.0245247519175323,0.0131235364370912,0.365593035624134,0.526126153934061
5903,0.0193615010396542,0.0102476155056651,0.22446164262696,0.477064607432962
5904,0.0197154475785206,0.0128561550685393,0.280159470478866,0.460416767262696
5905,0.0185203556079067,0.0107762297322716,0.232768857015888,0.487256056020575
5906,0.0216745107414449,0.0134136935484965,0.258387068381723,0.556601753589738
5907,0.0193027975217833,0.011951764171932,0.258201798612789,0.566940293260997
5908,0.0208388289264941,0.0106849122556298,0.249070636673808,0.487161695866677
5909,0.0190071428827739,0.00991377850222293,0.214549978372749,0.464000809210613
5910,0.0197420068723425,0.0170495359552156,0.22621050703464,0.654744856237309
5911,0.012193139255527,0.0204091623858522,0.262854310905412,0.675388294395067
5912,0.0143143073949433,0.0128884504143621,0.26456258338488,0.607958525600205
5913,0.0211393641016347,0.0157252905347718,0.262019164498871,0.58323226971738
5914,0.0196878385742699,0.0194670495726916,0.277191158299113,0.687335862419163
5915,0.0175284176852146,0.0125796686451149,0.261125337997824,0.5883895431488
5916,0.0159630383172009,0.0125072905496252,0.262309353287851,0.582931269799609
5917,0.0201345009892586,0.0148530642822405,0.250040819115149,0.66373922558631
5918,0.0109978396123101,0.0177585346041031,0.254042379167438,0.59129875026508
5919,0.0200884474972748,0.0138229332485314,0.250863248597875,0.66984457241793
5920,0.019714636133635,0.00806871608763904,0.255919555231404,0.459540655604953
5921,0.0203609090803749,0.0116834986666823,0.264969307279443,0.43665378125726
5922,0.0213026160134726,0.00985885675357366,0.244596000630044,0.53701577714313
5923,0.0194291618050549,0.0100438345218105,0.361479892188642,0.548225394642147
5924,0.0209230302913752,0.0133691603130556,0.421776220559587,0.71218235978639
5925,0.0190288465060265,0.0152706707813231,0.479782835731466,0.738909491606121
5926,0.0163255351081636,0.0188382897356755,0.508763547669355,0.728109914019904
5927,0.0149560817696389,0.0240507329142954,0.462465616271035,0.760916349624102
5928,0.0146670241384782,0.0126110879577746,0.436680177532061,0.608071732681878
5929,0.0140000708126589,0.0189344791235182,0.434787425898507,0.714337416277545
5930,0.0180271338656262,0.015688296496351,0.44940587270895,0.576354351497658
5931,0.019247001753104,0.017564506643625,0.432403644329208,0.635965048670205
5932,0.0231303700838366,0.0127847985351938,0.449384183150779,0.557197057739907
5933,0.018948770979202,0.0241638389964886,0.46471948204965,0.832810274089071
5934,0.0150425496425777,0.0161657741028251,0.51658636897558,0.719083328097221
5935,0.0133535003120754,0.0121811946633591,0.491004054687771,0.654357639697841
5936,0.0238212109771127,0.0113902829565777,0.446589355759437,0.59807898563395
5937,0.0241530632577884,0.019885740053079,0.45058351225611,0.635248975290004
5938,0.0199646035786403,0.0109550137628879,0.39828850318572,0.591569543378568
5939,0.0183513056191369,0.0130352327460905,0.34284797487126,0.638016844688397
5940,0.0267455567440503,0.0188844060497661,0.39948559393963,0.707991625156967
5941,0.0160513318025371,0.0150997677347845,0.450420770070853,0.749223582358286
5942,0.0235833675590751,0.0254869913787568,0.48274178328502,0.774627011469572
5943,0.0238999594590557,0.0156017911747238,0.431579762294308,0.646064924402528
5944,0.02087786698109,0.0237460497589736,0.286151404837395,0.687025766258559
5945,0.0168565769243536,0.0209169281712406,0.215124728794898,0.646586974263239
5946,0.0200092964819532,0.0148432989048389,0.219006285777485,0.640022444438808
5947,0.0156324632364289,0.0157399568092283,0.263360562322809,0.680148952474562
5948,0.0208864631845381,0.0157660431043749,0.2501477478445,0.691505915039052
5949,0.0134263406644333,0.0148446883322706,0.246178593385434,0.645169995918407
5950,0.0211443763741244,0.0127100899697855,0.236588275196542,0.645907437714745
5951,0.0109988106244509,0.0175295859473825,0.33464548381114,0.632617201592775
5952,0.0120736778839041,0.0147738114143495,0.264850789078603,0.591285345010638
5953,0.0202922148585028,0.0142986540420457,0.44103580335943,0.548399132052143
5954,0.0220695580326885,0.0178484957852919,0.4013519007977,0.642077517924491
5955,0.0127485497957992,0.0125179272023233,0.417202526687623,0.589973671259654
5956,0.0131656378607814,0.01563202951297,0.441345981267953,0.687310815325817
5957,0.0275501519873336,0.0151124822044187,0.45973518978067,0.649289097462503
5958,0.0166949661720846,0.0118057180998913,0.454054240762014,0.554860657134206
5959,0.0174307557129106,0.0243614004483214,0.430163699669079,0.834624739601861
5960,0.0161154462634332,0.0258054372461975,0.483814140885081,0.778524815026495
5961,0.0203206635257784,0.0184518840409928,0.424709083040059,0.787429845563341
5962,0.0173343723657928,0.0327414399003946,0.374183307422796,0.836680110472529
5963,0.0206880882622761,0.0136836330492198,0.445713446371174,0.666706089437393
5964,0.025508441334031,0.014054093216519,0.434355460417803,0.601896834743844
5965,0.0186878273494803,0.0105142030024316,0.401204259224089,0.594236732136622
5966,0.020677698661739,0.0214511653222583,0.431215153527763,0.699714013270397
5967,0.0186081561640453,0.0161066140563358,0.432861560355086,0.713015652148283
5968,0.015706627438868,0.0204203604601422,0.490110894558803,0.704210032506115
5969,0.024497045444217,0.011541745308359,0.427483731056837,0.611953770073403
5970,0.0194199322107912,0.0114421919699999,0.42272493304768,0.620547399951093
5971,0.0211401067648372,0.0131971258000477,0.448714444504185,0.634768248473947
5972,0.0231203400493379,0.0141763043704761,0.534578340757674,0.67988384259854
5973,0.0212972952597155,0.0174828931605517,0.51888703040314,0.694858792786221
5974,0.0245623884313704,0.0189685528195776,0.468909631242729,0.723047662705042
5975,0.0211805908210113,0.013805574307593,0.481588639586081,0.585061735863744
5976,0.0209338327349084,0.0148575210158736,0.433079024682693,0.65238814970951
5977,0.019784277408414,0.0184605850880578,0.273968363455048,0.750294988171032
5978,0.0185778276780706,0.0254825142347615,0.357275989309182,0.807411933534771
5979,0.0232365025794499,0.0158474606408807,0.441323643350851,0.732629952948845
5980,0.0229794161522221,0.0277005022426454,0.452656768996126,0.789366191294988
5981,0.0208072908356282,0.0243841904685873,0.429126668667629,0.73493712369676
5982,0.0195809109268434,0.0146753094319849,0.427601240058537,0.611060095450834
5983,0.0123232437153694,0.0151470049708976,0.468839709506932,0.609467463446661
5984,0.0168951543965421,0.0109361866118759,0.43694680460424,0.453881498559121
5985,0.0192225271818306,0.0136184758519303,0.453447851009114,0.598048335076611
5986,0.0228992854831066,0.0193551970993743,0.390709535853661,0.724328697977503
5987,0.015312920966126,0.0171192694071693,0.466794530090954,0.622002619625068
5988,0.0172709970679652,0.0205945721756762,0.439643293578203,0.783235879314689
5989,0.0166369479313663,0.0158352742910739,0.422842863385241,0.687188186291731
5990,0.0212767292667763,0.0119156180648386,0.407871350444202,0.615396395258402
5991,0.0184931276498199,0.0137824078562042,0.43058478671026,0.634220076542299
5992,0.0214122364650182,0.0204711776712422,0.500154384731211,0.764213217828135
5993,0.0164802740113717,0.0150773931074967,0.426100021725406,0.639273209867693
5994,0.0191662847249639,0.0125165977984478,0.390248143409542,0.577827487522299
5995,0.023797419972986,0.0120167434442414,0.342540017343677,0.470977246318298
5996,0.0175171156662905,0.0114921019601199,0.258264752192418,0.540228252084357
5997,0.0236108822252097,0.0098585844625371,0.241413425337221,0.404947477164116
5998,0.0225580871610643,0.00975872117142474,0.184221723020305,0.435255934816898
5999,0.0205218384202911,0.0114355378357222,0.227482481951087,0.544986444437303
6000,0.0207363835052483,0.0100651008566305,0.286630051430214,0.471075568888938
6001,0.0212899800726243,0.00920454722529504,0.258954261133412,0.519895685820276
6002,0.0225461281326781,0.0148713399010321,0.262680366621814,0.528260589259527
6003,0.0192157462100327,0.0108689778054239,0.259222350529176,0.502206207319291
6004,0.0221968113978068,0.0101586192181171,0.241595664186787,0.570250397237061
6005,0.0156540247220128,0.0122259145602691,0.244467951431644,0.627801057932468
6006,0.0196136494354487,0.0175143820959,0.212467811470887,0.620363053159393
6007,0.0230387460505822,0.0150171796886882,0.308097982446276,0.597932881102042
6008,0.0184782955937273,0.0167403035670536,0.231472462042651,0.698500276878366
6009,0.0196541745550316,0.0191842204562037,0.236972101480917,0.687599666517307
6010,0.0189904328763876,0.0196161481247231,0.276321621432484,0.716713428456164
6011,0.018682404805705,0.0134677143192304,0.275015809834882,0.663357444282442
6012,0.0176133587659716,0.0186422537962907,0.282541820846673,0.689249024766697
6013,0.0162519498336336,0.0129209216077462,0.240420599468239,0.657735431344479
6014,0.0135710227283047,0.0152231742999466,0.258489890716179,0.702465034465234
6015,0.0241122611521918,0.0102298686530293,0.183820518984175,0.44113337340233
6016,0.0171087302836438,0.0129663052330414,0.247661012110071,0.594460615387034
6017,0.0161076471797228,0.0138156585799898,0.216210975895364,0.663652703883312
6018,0.0217116773234494,0.0111163937107085,0.270482678335995,0.537178486424583
6019,0.0221569797704047,0.00893978288205639,0.23356048523578,0.485346692713919
6020,0.0231301690772316,0.0075525524898677,0.255023072468829,0.42058550745605
6021,0.0229041079814019,0.0116857473352747,0.236604019168199,0.494494745217033
6022,0.0191919997051166,0.0196544007410322,0.236740267637908,0.638741510184846
6023,0.0268431319537965,0.0172511286147764,0.231342165610569,0.682388165252459
6024,0.0184563131546027,0.0146963355760063,0.26211957669719,0.581298378483332
6025,0.0218953983772872,0.0134808062982234,0.247372210271641,0.602820276003253
6026,0.0222329200273004,0.0203632282088988,0.24385753914702,0.691288276776269
6027,0.0194979882792389,0.0100763753336852,0.266409809295597,0.568206305018317
6028,0.0234626990926339,0.0197183059554237,0.385124443485803,0.716316595825947
6029,0.0206673384124477,0.0177477433040235,0.441565617465802,0.778910157087832
6030,0.0207533407019336,0.0178448472222664,0.420840167040011,0.765506141845505
6031,0.0191163157126131,0.0154404847478631,0.471033584627157,0.672918089321572
6032,0.0172947700487934,0.0180281431926993,0.437018462884662,0.713895731490797
6033,0.019584136878277,0.0259317029652409,0.401637888543677,0.753290051637689
6034,0.0203407303693238,0.0230310056835613,0.422701988105453,0.717688253206308
6035,0.0147148334789406,0.0232942910163974,0.498837456079505,0.692502680917301
6036,0.0161598772839959,0.0168035298231076,0.432992809441763,0.705994384014709
6037,0.0213875890336388,0.0155474994746736,0.364434320811517,0.66421682777376
6038,0.0194856510204255,0.0139176033069175,0.470072029527482,0.650474240725181
6039,0.0275908071355295,0.0175484023420738,0.475789829655679,0.675806850868547
6040,0.0217596072105992,0.0142819428480728,0.416800136990418,0.614433358824587
6041,0.0240080946995399,0.0130759630912425,0.395534450488574,0.603584368892792
6042,0.0133932708282463,0.015676118445975,0.263321040168764,0.709959818973537
6043,0.0204691983881241,0.0201276518174454,0.278353646981226,0.722391316515437
6044,0.0239393688857624,0.0263237948787139,0.256828289703099,0.774498764470914
6045,0.0173560091182113,0.0236177383627426,0.275781914032135,0.821251227766089
6046,0.0232805042077999,0.039012392479495,0.252480130949629,0.809592472487741
6047,0.0206676596665623,0.0171462362384038,0.262764610809893,0.674617906483206
6048,0.0142800210433367,0.0151047089397185,0.249575157640592,0.660452889717379
6049,0.0205565634705864,0.0153836558357054,0.227890464894209,0.594018115939214
6050,0.0302168103682375,0.0133473599322262,0.239459057209228,0.5761169094234
6051,0.0198031358527603,0.0182808034383664,0.222806123909794,0.639690357940215
6052,0.0259829537083425,0.0123819625960842,0.234183918533072,0.511851408954667
6053,0.0217260985049912,0.0114906379141278,0.22828055720799,0.462265184017505
6054,0.0234272328597982,0.00867536282445239,0.412050491147628,0.455000602186998
6055,0.0239211113328284,0.0131140187625198,0.43534113833647,0.588525602775389
6056,0.0184021344123973,0.014452071501279,0.384400572010074,0.616748107113324
6057,0.0126371710194035,0.00936464614643208,0.413362571377639,0.544840423197731
6058,0.0154277406174077,0.0122055511053155,0.458143757551553,0.50430430784559
6059,0.0176398058721354,0.01080098029304,0.464930823584932,0.593607598956572
6060,0.0201799683448239,0.0179060695619148,0.444598011207334,0.669251683585059
6061,0.00897841762901013,0.0214078185415249,0.427343286243516,0.775364831197299
6062,0.0158059026651625,0.0188347054794927,0.404176275904418,0.790935840158632
6063,0.0200033834292242,0.018227055472343,0.429570408848883,0.783260958732797
6064,0.0228705108945958,0.0180197635261745,0.424756785983872,0.716345394755778
6065,0.0158356377640386,0.0122905143705794,0.412534425952658,0.614849989125366
6066,0.0110769976246379,0.00976411330915361,0.269133556913206,0.45182064904106
6067,0.0239027093520905,0.0118014413203165,0.270090034785052,0.592443470226535
6068,0.0223206404555381,0.010446512788596,0.227599943544005,0.487172154781004
6069,0.0204406667869686,0.0141177611825441,0.235264772683149,0.556715416243345
6070,0.0128841121825692,0.013330323128229,0.183406592359748,0.503623900415159
6071,0.0181031744738027,0.0122098081991798,0.258258519568185,0.521054766093888
6072,0.0219970202363894,0.0099146789486188,0.230494142636658,0.445358846670032
6073,0.0175351534993372,0.011953155691917,0.2211569913511,0.551912443713954
6074,0.0236231954663017,0.00845114803651285,0.220414052895076,0.481305528242298
6075,0.017751426406155,0.0191384108040689,0.292270345227928,0.654382408426117
6076,0.0170330218326098,0.0132709084101502,0.454205038907594,0.660596929777522
6077,0.013350255901108,0.0165936470571351,0.436770306526464,0.54372314877431
6078,0.0159592026694037,0.0112087487213669,0.402524163632968,0.513550093287486
6079,0.016620120471439,0.0126103593921901,0.450882238699563,0.577302682468181
6080,0.0158059907176526,0.0125595469636906,0.431965606960334,0.530307443925388
6081,0.021816330333711,0.0112037368304745,0.240496515576118,0.512491713361901
6082,0.0172536781305305,0.0115339237664267,0.227381026620724,0.586650969361544
6083,0.0199729502900463,0.0184520358740963,0.232670278697648,0.674144985062211
6084,0.0172983289046444,0.0178166366865624,0.220127916565896,0.668021224188805
6085,0.0239729021496201,0.0180712414686279,0.26063071582906,0.636335985461248
6086,0.018363895397934,0.0146076584609141,0.272927622558437,0.642782210325309
6087,0.0155412053381362,0.0159462468555032,0.376696621529576,0.715121227093426
6088,0.0273345470935499,0.0208057680416762,0.21400694291658,0.757622022567566
6089,0.0219181758374552,0.0247456575612007,0.239547458244564,0.740983900352181
6090,0.0198359988892408,0.0229491179820518,0.271537996718171,0.782314116301217
6091,0.0232846517894842,0.0222308256540078,0.267111184175251,0.699740568835136
6092,0.0263104090459012,0.00958679016657901,0.277979856259054,0.60567819249093
6093,0.0194766499526266,0.0128617125875159,0.256788991584645,0.645040495324752
6094,0.0206320603795563,0.0127022524165803,0.252669712870188,0.540935991082932
6095,0.0215812070488526,0.0119829898822914,0.287755631858931,0.61609664758476
6096,0.0216907307858969,0.0142119668660634,0.290694176491462,0.644900683300969
6097,0.0265841244595666,0.0108532638683973,0.269436844971432,0.443715201634196
6098,0.0130113841310544,0.0107845196059788,0.232607465316287,0.490512912901772
6099,0.0205659727805127,0.0113104495788542,0.261427653246842,0.503350047528378
6100,0.0173950479907009,0.0161589186603773,0.216982642370211,0.53372655687661
6101,0.0205101168627094,0.0111738332824732,0.255529905406749,0.449914613951956
6102,0.0235240030047534,0.0115299145921577,0.214871204236661,0.642785392157184
6103,0.0168698628279802,0.0114836257421299,0.240342227613501,0.565781723011418
6104,0.0187067703982175,0.0148823849463766,0.270308029758792,0.618734552856872
6105,0.0184836445751201,0.0176333549916964,0.445944121270957,0.739596258949445
6106,0.0214384377412435,0.0117315728168023,0.4286106720372,0.669419218415761
6107,0.0165472852312333,0.0140359979983366,0.392684677626962,0.702697378963923
6108,0.0181973477047331,0.016576783073695,0.41799881244818,0.619030913772312
6109,0.0216990249604115,0.0121413124499894,0.376868024806692,0.64947652492077
6110,0.0115394965468781,0.0156347883500051,0.447794131918844,0.661100433171485
6111,0.0155623210345891,0.0117240761462748,0.462579925242522,0.655787681016653
6112,0.0199541206780296,0.0109991829783496,0.397637040692139,0.60757088352254
6113,0.0210653358327789,0.016470613694069,0.428170834600881,0.721872268819433
6114,0.0198141658086267,0.021826378958444,0.415337508835438,0.78678012867577
6115,0.0174441418874074,0.0292194393880928,0.512452021540914,0.847758638209573
6116,0.0175007960837528,0.0232231892864935,0.434339950542557,0.815244157225052
6117,0.0112503522015613,0.0205443277796974,0.447626788584619,0.760817626437934
6118,0.0208966831672484,0.0140571451798041,0.425536989540828,0.577102254151674
6119,0.0206310423203794,0.00953048823124592,0.356029453562622,0.427099841725874
6120,0.0255958467721672,0.014766302529995,0.500420010155369,0.592373983291502
6121,0.022106680136651,0.012970111663293,0.388128469428242,0.615022564675724
6122,0.0193578344395144,0.0141617480440035,0.447228490096508,0.587338100506434
6123,0.0199630747290227,0.0130587158213563,0.407341282939515,0.536455600372937
6124,0.0196201519099347,0.0113034472455042,0.444599461877238,0.582500534796447
6125,0.0258661939201189,0.00945663797953555,0.436530305732191,0.591336513916706
6126,0.0226189349539626,0.01842760394898,0.508936977658165,0.77052773987169
6127,0.018972935355414,0.0186718296299944,0.44168613389541,0.762188424974381
6128,0.0236762536373651,0.0224623961878205,0.484177449678527,0.765442500910411
6129,0.0182356579237141,0.0206497927087513,0.495868972991512,0.761186220304274
6130,0.0161207910922903,0.0168309575438117,0.428168167241561,0.649822599575556
6131,0.0126864908306632,0.0162276683696542,0.397162829855973,0.652531977285841
6132,0.0265475285448744,0.0139856179641717,0.27067193079111,0.680866465341525
6133,0.0175227297522692,0.0119899423877834,0.260199937995263,0.512562457481388
6134,0.016650994852407,0.0116664266590024,0.268720049138827,0.597045842961192
6135,0.0186954652634091,0.0111231538223965,0.222208546369317,0.438283588153229
6136,0.0195557921456208,0.0141969602011062,0.215506372207684,0.541574210415968
6137,0.0223765725917786,0.0159388000597422,0.27117049497099,0.68049867312173
6138,0.0186493828596196,0.00687341374635604,0.259699309705309,0.453582682408135
6139,0.0136520457848696,0.00989903451266642,0.258208614254471,0.4420908819515
6140,0.0229934547281787,0.0138660661241503,0.23638410116586,0.554621155356438
6141,0.0181144069513249,0.0117600755486726,0.238427888963077,0.4912279566089
6142,0.0208804056988422,0.012422514730606,0.262665575627459,0.585973167906583
6143,0.0233158178389511,0.01910860426466,0.254301773005486,0.661121130154318
6144,0.0147111535678944,0.01352882343389,0.237254648104113,0.586476122828423
6145,0.0183772350505335,0.0141949756039819,0.25832511887373,0.596207428922748
6146,0.0160687312587216,0.0102512461343678,0.240456311829192,0.524574493734019
6147,0.0230208313603841,0.0187190039667583,0.239476385081622,0.644561304874356
6148,0.0166487220779243,0.021757637831186,0.271192110603334,0.722228934578728
6149,0.0151761806541642,0.0150491920358518,0.261250300399664,0.630277806766459
6150,0.0117720288267385,0.0115922960770897,0.265157237276723,0.629344136377388
6151,0.00892535008608074,0.0178028140954444,0.256754889993332,0.641626623327332
6152,0.0197164940422718,0.0173380127804668,0.223990461827797,0.596448651202478
6153,0.0237779397461162,0.0134829282725773,0.217881148032969,0.614509863190762
6154,0.0171764100297641,0.0188397602824208,0.266203212030973,0.710365856643139
6155,0.023652377554848,0.0257030465358888,0.22404512297248,0.743051995865941
6156,0.0260662291235633,0.0187096402835626,0.272425149187716,0.690586120002703
6157,0.0207492048466033,0.0140576145225673,0.443766974178868,0.63806237588341
6158,0.0145851977303456,0.0143772787760603,0.417230842528504,0.582864622222561
6159,0.021986854693063,0.0118560300390125,0.412113689439771,0.615582980110724
6160,0.0115223861079395,0.0170842947760636,0.386193541864811,0.626075208732224
6161,0.0209642902675344,0.0153077605381744,0.387749224202754,0.625906241261925
6162,0.0187400056548871,0.0119317935697448,0.445718433872643,0.598698565609491
6163,0.0217026718379421,0.0128482501047487,0.446806151565871,0.50739752431044
6164,0.0159772270730558,0.0143137148706515,0.429244230044004,0.673147418515424
6165,0.0125847261980283,0.0111986072899242,0.449646127318885,0.603551021948148
6166,0.0230193347625244,0.0133798365446954,0.451421405898159,0.660457393499636
6167,0.0192801760350462,0.0150714711666025,0.404989823090771,0.624468375599456
6168,0.0233559857518067,0.0225879309635972,0.440898722484197,0.749402191170214
6169,0.0175433625469596,0.0184652172272879,0.373676557562061,0.629841399999103
6170,0.017179104001665,0.012379785468138,0.436466526908394,0.577459774518421
6171,0.016931809012198,0.0137466881012006,0.427406033460713,0.589252164659443
6172,0.0187746665773215,0.010060368697443,0.442433186226713,0.468641892614966
6173,0.0193852376057523,0.0183318841374345,0.406255752050073,0.649639586825521
6174,0.00690161680250584,0.0144888975353005,0.437485721020781,0.629476229653985
6175,0.0215739664704605,0.01939290227882,0.521125752015508,0.693285726897322
6176,0.00942408332155006,0.019075256920577,0.432457726534813,0.632712851140672
6177,0.0193269546025215,0.0147503192061025,0.459405051027118,0.591321963299271
6178,0.0225203443667634,0.0208352388657966,0.436203773666062,0.75653201198897
6179,0.0256379632497011,0.020239418735146,0.44230300937177,0.711542250025462
6180,0.0155378170401395,0.0153408801982056,0.43523053460716,0.673715280491906
6181,0.0267750483382766,0.0216429520346556,0.450010150989526,0.692446008216607
6182,0.0241402859103467,0.0152036376258473,0.437616945304924,0.661447907213576
6183,0.0212237208747017,0.0142395946795817,0.403879509431953,0.606340019450008
6184,0.0219538678506136,0.0146531461443101,0.44371178254926,0.610648580058815
6185,0.0232060860445546,0.0133046384576475,0.44475664167018,0.596250345731826
6186,0.0173652259067103,0.0147705902360321,0.399639014576645,0.651501685931435
6187,0.0249161322048132,0.0179792030814562,0.485386099516632,0.760497310520948
6188,0.0142688233111514,0.0176857042057207,0.426154048500394,0.722141920804534
6189,0.0199993071065869,0.0147171754385207,0.442325248238018,0.643883925293623
6190,0.0204923153093193,0.0151891019985352,0.445918675186057,0.614164637209933
6191,0.0180698925945935,0.017580042330614,0.442935463492745,0.674754189048964
6192,0.0153643223257077,0.0155625765733796,0.413015576699205,0.699931969462195
6193,0.0183654633167613,0.0221355956757678,0.4464699387685,0.735448868756981
6194,0.0169658115885556,0.0142366266919789,0.448020293030377,0.616841678200397
6195,0.0157811306143651,0.0126363813107871,0.404490220422457,0.680514761226357
6196,0.0245741669260085,0.0126271532763993,0.369497876488009,0.462587494007174
6197,0.0206713759663583,0.0128624722805761,0.424427068214397,0.586608867938094
6198,0.0213356445450167,0.0131014996858967,0.492849718082695,0.671677360237397
6199,0.0224879520678333,0.0212526504439823,0.446716889096725,0.733080504035105
6200,0.0235046593395078,0.020324362343495,0.473290108751838,0.74437115182176
6201,0.0195669514617861,0.0158358443553687,0.412850487166753,0.657252772149203
6202,0.0179595543966787,0.0120049386113002,0.425073123766174,0.632811679317564
6203,0.0198247770830341,0.0108331871147252,0.508258961135079,0.549903324186544
6204,0.0243741084771609,0.0178994055611814,0.404217407624575,0.664231808179906
6205,0.0152262608955647,0.0154795037168478,0.513414984376406,0.656677364495028
6206,0.0174335610516176,0.0212065230695228,0.493761903061921,0.731043782011026
6207,0.0192489730616934,0.0219159351091008,0.427362792869846,0.785482945024954
6208,0.0167278446940758,0.0118641591521656,0.444744977897672,0.705541814338334
6209,0.0237836934237323,0.0147410853234425,0.428606676270803,0.727978610469216
6210,0.029208363827299,0.017282510581177,0.429148146735278,0.712674048497641
6211,0.0193712142316854,0.0151993294907028,0.428820717605355,0.632098118359194
6212,0.0176904347646078,0.0137961107402628,0.439873401841779,0.628429319549782
6213,0.0258094191991517,0.0188072666472126,0.423762857296766,0.664216209892763
6214,0.022119726637991,0.0147636608467239,0.407938011144066,0.609634339308859
6215,0.0157602264661611,0.0157659858667891,0.408670490972075,0.676251467934196
6216,0.0136433399165243,0.0146123249709284,0.443003801251144,0.638235863179494
6217,0.0291874197593299,0.0137888910069748,0.378451906616676,0.549995230164349
6218,0.0109971875865107,0.014165087930975,0.428302849532179,0.635852214694361
6219,0.023684010463065,0.0190144890188871,0.436200972768677,0.716041232870716
6220,0.0216451561498791,0.0090251207509941,0.414819101952836,0.526437565248105
6221,0.0191717289510479,0.0142412558841667,0.422766299007444,0.627262034012737
6222,0.0166103002304109,0.0148336861092725,0.263233596428374,0.647899016778426
6223,0.0229822094765592,0.0170123831783429,0.265105886511965,0.683484623138277
6224,0.0115688746349591,0.0124402646876007,0.214032480306713,0.644697354622429
6225,0.0133552707962616,0.0122669402562635,0.185820290406426,0.374759118743857
6226,0.0213483434536324,0.0130643279426822,0.220781698412582,0.551620808889437
6227,0.0213352582769142,0.0192921518352811,0.217269014093161,0.665456286574903
6228,0.0141745134013091,0.0131739637023579,0.243493980749335,0.592939035672056
6229,0.0172729581428086,0.018438328013928,0.246919199584613,0.574964452382896
6230,0.0209378605380304,0.0174228280565918,0.240406396649613,0.675058945361973
6231,0.0180635443061204,0.011257074641456,0.281423083931044,0.587407896314863
6232,0.0168947055380197,0.011317939649107,0.211682067044802,0.564993780784682
6233,0.0193187645896353,0.0135796733908091,0.24298517253315,0.528729384332345
6234,0.018076864503385,0.0136173637180199,0.257278608474209,0.619480073143036
6235,0.0170317004168333,0.0122573413354277,0.24922442291447,0.545569007039667
6236,0.0177322008484852,0.0124977617909527,0.265234601688489,0.58915642875023
6237,0.0186863772577964,0.0114643974842852,0.258431989542556,0.51319162184468
6238,0.0241547208334862,0.0135736217711531,0.278878499010463,0.572783023679927
6239,0.0241245702518269,0.0111367439543842,0.277098117961582,0.521431190426647
6240,0.0143865337455726,0.0105759552409761,0.261749956767633,0.532431617614004
6241,0.020442211597354,0.00905104605892635,0.242769363777952,0.480271669443203
6242,0.0228261505925318,0.0125851112253308,0.271219534145412,0.612864786917451
6243,0.016998481273076,0.0101596180450429,0.270822382140686,0.42923956564882
6244,0.0221061895521293,0.0136305960654519,0.255538979022097,0.578915263355413
6245,0.0182703721016143,0.0158488262274164,0.228753480705103,0.62808595043305
6246,0.0188199576009719,0.00942232750014359,0.265041333617566,0.413579118298278
6247,0.019311894912257,0.0145320890339269,0.260816522915705,0.565654954245612
6248,0.0206133975778223,0.0160950604480077,0.203067783891802,0.551061818388682
6249,0.0224751521361523,0.0227573606594852,0.236090228374126,0.735665865815399
6250,0.0176214237512696,0.016471687033633,0.227116907560549,0.678092305899453
6251,0.0121887277750105,0.0267097466884815,0.35074187354281,0.802297095773627
6252,0.0200056406895805,0.0250524468866588,0.514579699295564,0.80338077280848
6253,0.0171726888707136,0.0160865213926425,0.509245556797606,0.729464739531321
6254,0.0135893085422799,0.0155760006130874,0.450249126740288,0.693162325235684
6255,0.0186783902667036,0.0217221037585527,0.443440457242586,0.749345985309292
6256,0.020111657070688,0.0131409804776769,0.427827567753392,0.638877734967605
6257,0.0133822418877529,0.0200345207162229,0.489541734470189,0.741701086264122
6258,0.00821587772630466,0.0186603006062496,0.384157254523234,0.681885975020322
6259,0.0153564139227509,0.0201415553840234,0.39302712809546,0.760344613187073
6260,0.0210700832108618,0.015929003771563,0.26154790639417,0.678102551161342
6261,0.0227679163934473,0.0110408292056788,0.261112533433176,0.505256135074511
6262,0.0181332963835538,0.0141394947601585,0.261889470087681,0.611098951896168
6263,0.0176360637986879,0.0130014121974949,0.255803514353759,0.625337762245766
6264,0.0200394041354087,0.0208579378635235,0.254639670780896,0.714068049234365
6265,0.0218440692320669,0.0165926272312533,0.267446741374164,0.63882887886375
6266,0.0169001959507689,0.0159189186525327,0.234275496037478,0.610428229749281
6267,0.0193629630909602,0.0136005252349442,0.281490862922619,0.582730470467816
6268,0.0133634801082016,0.0109621189678382,0.247293906659177,0.549930522942298
6269,0.0199050585124405,0.0150996399225683,0.258541416103611,0.704595128536251
6270,0.0206780499566143,0.0248036980805299,0.251087224084856,0.769186984113975
6271,0.0200426171746103,0.0165772220545757,0.261061137816926,0.627859393644605
6272,0.0208452235181677,0.00933016896876851,0.461113239031265,0.561220631289918
6273,0.0156363438276424,0.0112307265133009,0.434946929906057,0.534082622376518
6274,0.0193525440541623,0.0146371574684874,0.448371844930596,0.654980138329385
6275,0.0154707849737434,0.0162108085858049,0.42773365383609,0.64766985097787
6276,0.0228590311297976,0.0161896910423784,0.423380324730465,0.732378283662916
6277,0.0174717655847451,0.0214570152113795,0.449348827612188,0.777669261984284
6278,0.021117003248519,0.021954653764283,0.449333116390343,0.778302925805868
6279,0.0174782298174703,0.0198986558919801,0.405740427437025,0.721020647333358
6280,0.0124954047787197,0.017469062136535,0.249900653499616,0.718817616602945
6281,0.0247218808117394,0.022565606287654,0.43272348980223,0.733990292782772
6282,0.0116582770791415,0.0231917357783571,0.395855842049449,0.807828155157544
6283,0.016943933479962,0.0249075434878243,0.396535723222719,0.79845366419279
6284,0.0208066545826555,0.0194352279368754,0.484056627217095,0.775830102989294
6285,0.0178285417682129,0.0142386809831943,0.446334887621326,0.663351007451337
6286,0.0267230671098931,0.016038630890558,0.371087970153361,0.714658612296949
6287,0.0214993285758962,0.0141178947089618,0.389069249684231,0.692927462027751
6288,0.0167173977372539,0.0162970662496087,0.42921064565749,0.688039685112022
6289,0.019902900809901,0.0214498384895618,0.445483144055013,0.771853124386464
6290,0.0084685148437468,0.0200294396859931,0.423463133333837,0.778953735228285
6291,0.0143118502127866,0.0273347842089325,0.399049979540205,0.7976159219185
6292,0.022361055877923,0.0196080118175005,0.435450226910328,0.739737290307626
6293,0.0249354619139687,0.0138843567026658,0.445079691413722,0.679807841082575
6294,0.0152001052194836,0.0120160604123297,0.449395521058932,0.649349276317933
6295,0.0179904643570859,0.0124840740807607,0.426734557362198,0.623764727401954
6296,0.02210128815661,0.0147953792991882,0.449523794732664,0.715587028492825
6297,0.0208134461858889,0.0165205813199058,0.384633897958784,0.661675056211807
6298,0.0251410078412788,0.0101691771321508,0.428644318202594,0.499875266239642
6299,0.0233723314607061,0.0106672586924627,0.411776682810319,0.492980922083951
6300,0.0150441727360643,0.0187318145229125,0.438441651393254,0.7029657546097
6301,0.0182057396995412,0.0283056508498111,0.442235415542624,0.827832120492211
6302,0.0230612547438391,0.0275882442548352,0.436179918602204,0.836296944251962
6303,0.0216728929133139,0.0292139174713357,0.439424839342648,0.829128895354997
6304,0.0186994394600462,0.0527836539103859,0.447177216479572,0.899554598309088
6305,0.0256645362918037,0.100522136794809,0.407349814635235,0.93022350612888
6306,0.018883636864984,0.083158654438394,0.373301914250521,0.924849194364922
6307,0.0138812446844068,0.0928108772391109,0.449280359397084,0.944588003283756
6308,0.0236483737571776,0.0583655210007439,0.444754524037444,0.90695171212099
6309,0.0140311107280711,0.0369510337633401,0.401521231570095,0.867030289476708
6310,0.019191806458444,0.0137181459205109,0.423308495666395,0.663234692262268
6311,0.0186280728027957,0.0177541804096005,0.433825985502233,0.696722316216892
6312,0.0191386634241588,0.0231930922926694,0.452862207133742,0.776691133580135
6313,0.0164120670577323,0.0193661141511561,0.437868337507616,0.67767839181127
6314,0.0212400954626682,0.0176077931324549,0.257209422804938,0.53345506732756
6315,0.0255074871096156,0.0124094491448503,0.320214064283015,0.550788935360785
6316,0.0215820470557694,0.0117861910993832,0.267206609055467,0.534668665472736
6317,0.0158474295132083,0.0151855516797096,0.349183826806134,0.56962820270776
6318,0.0181839883461296,0.0163537565008852,0.396220790559129,0.565877629512254
6319,0.0216319256181622,0.0159774819415289,0.454049702040608,0.682149067274826
6320,0.0192638127867473,0.0120588354160134,0.419582579417778,0.536562382959208
6321,0.0193692228838126,0.0137357110355628,0.399838195357934,0.60620661101603
6322,0.026598168294992,0.0149975723675325,0.427185740823037,0.621212995505465
6323,0.0194842375222032,0.0175876915484178,0.417667926458961,0.734842269382604
6324,0.0187511594185192,0.0104807137014534,0.421777295240232,0.596834393797504
6325,0.0192210015517678,0.00926036440034787,0.259352155783324,0.394960885374803
6326,0.0169371847247008,0.00848547674879148,0.252467990656945,0.417973899672625
6327,0.0186352131342938,0.0143636806532513,0.224353960007612,0.591067319709341
6328,0.02189348474695,0.0093619088407363,0.263972237859277,0.412115182330936
6329,0.0287384570016692,0.00989544592333827,0.231423114113206,0.485904913790658
6330,0.0269246525174273,0.0131053496682433,0.257813199652702,0.583524967532324
6331,0.0235799424201474,0.00882743226187177,0.268084553309212,0.426710112964635
6332,0.0268791758762815,0.0114217071194178,0.226227067885232,0.551979566965334
6333,0.0203386845485737,0.0138961374051041,0.244277732249541,0.604473437391141
6334,0.0167952783414164,0.0112292178934385,0.224481609393378,0.434485603078972
6335,0.0185125495031222,0.00823378338742172,0.219470204209687,0.498797697675023
6336,0.0198255424506517,0.00913184086920169,0.254268145302204,0.473800977453515
6337,0.0136577303029752,0.0089910489048151,0.261451424650056,0.441138199560008
6338,0.0247368005025486,0.0137880179145403,0.324674810465147,0.523387490306304
6339,0.0160872893389125,0.0112024299271614,0.229170778140687,0.529698904367898
6340,0.0176893662531427,0.0105943730596667,0.257569560265346,0.424144849629458
6341,0.0211002537898272,0.0171130681501122,0.444091285834098,0.579434459998756
6342,0.0153268465658731,0.0121235274965986,0.296450746009175,0.514867118598857
6343,0.0234372773238838,0.0131294495266106,0.227528931492024,0.604562626830047
6344,0.0179527346522677,0.0100753152442125,0.257222778632826,0.41257860484892
6345,0.025877319042953,0.0169527466459642,0.267919849538688,0.62953734460192
6346,0.011075620759415,0.0132291970479428,0.273790604112684,0.620225675082969
6347,0.0163508950165262,0.0156203940215692,0.230641244318171,0.667910382230606
6348,0.0200028890688485,0.0110620100814024,0.229416971053373,0.573434661316211
6349,0.0172500696330547,0.00884460375639672,0.245493653075523,0.455033495795443
6350,0.0230859042722057,0.0154103941123805,0.238619280860185,0.597951757442922
6351,0.0285771877089592,0.00853502072318099,0.195095316933591,0.436614891153503
6352,0.0237356831083573,0.0119746010748104,0.259105586728301,0.554191134912511
6353,0.0160872306842655,0.0131125437979369,0.237547159442189,0.545747013316087
6354,0.0192858254795855,0.0154800590777609,0.24039700061612,0.627202196002095
6355,0.0258778189600093,0.0162454421946983,0.237932176426035,0.632847613444154
6356,0.0203394635291328,0.0122946220638645,0.271422338928238,0.561894455199029
6357,0.0206682480008454,0.0126422887402408,0.272290092489105,0.613936332300311
6358,0.0185538228316241,0.00932371629193358,0.233652661706482,0.5042067744711
6359,0.0188451254331834,0.0129111349142093,0.224215696526578,0.611784266803302
6360,0.0173200156539301,0.00993776040679347,0.262792675905325,0.534866335153038
6361,0.0179710469630153,0.017831101967841,0.238227010660546,0.617966208752846
6362,0.0226117841810168,0.0175460006462541,0.255727289309471,0.664166960766658
6363,0.0142040566387838,0.0144803144614771,0.424814642185242,0.65156347097111
6364,0.0152419526055193,0.0143265418499929,0.426760333460673,0.662232535166235
6365,0.0252188843195937,0.0160134245893628,0.45081279508896,0.655949795407325
6366,0.0152668441161336,0.016846177909201,0.428848281442754,0.687030425770361
6367,0.0242545127208703,0.0177002661335899,0.473315004035897,0.657737828129383
6368,0.0158512476342108,0.0124090933041486,0.444122482518163,0.582186956179175
6369,0.023410473382699,0.0154087371272745,0.516945921454232,0.651795999452476
6370,0.0148604130395512,0.0189095481837765,0.454468802936108,0.678969179379126
6371,0.0156095022185947,0.0352044018865332,0.224925077337792,0.784429834555519
6372,0.0261279300716882,0.015797718689519,0.260297951618625,0.594127827455636
6373,0.0152238007149743,0.0122331788469336,0.257453910571195,0.480360211065516
6374,0.028299411213032,0.019316594505397,0.257254016284253,0.663339879785803
6375,0.0235917670436711,0.0127655472304455,0.249493736955503,0.599573159981608
6376,0.0231755754979434,0.0137978307471046,0.259568984727276,0.49813692588224
6377,0.0180383058228746,0.0128388911250611,0.270473973253517,0.597165814428707
6378,0.0175181289224089,0.0188121483035051,0.269021195570538,0.656328800534015
6379,0.0202431292165771,0.0130040275419815,0.424059447162963,0.567877777884671
6380,0.0233290571136162,0.012745937392359,0.250143432102781,0.606356950496345
6381,0.0221322944309027,0.0169024537547681,0.279530182212583,0.651237043556702
6382,0.0223318846014271,0.00910418247504338,0.186246722741615,0.500768763668502
6383,0.0178619481456061,0.0112116719237581,0.254209366104876,0.417605813704327
6384,0.0212885234592414,0.0116492088818008,0.264805216874677,0.581229616926191
6385,0.0154606833793324,0.0120780635170753,0.259819866390567,0.576862739838635
6386,0.0223703773197136,0.0107661024160122,0.232511477703032,0.549922468878075
6387,0.0201247136077262,0.0110783270453302,0.260839267508408,0.43387820271386
6388,0.021463147613598,0.0146297479349374,0.244884687499979,0.557360922004708
6389,0.0230368513949059,0.0149921043259329,0.247469981730528,0.595037501102005
6390,0.0191892332256215,0.0142781717415673,0.237131679351708,0.66018271940271
6391,0.0204513105051602,0.0134730566475195,0.272713585058098,0.598262153057923
6392,0.0225885474605158,0.015624929088041,0.225375960343063,0.637586074162603
6393,0.0167584694229974,0.012692233092394,0.245082492659141,0.536429466533226
6394,0.0142717603296713,0.0108294015028722,0.32672807365336,0.482830910225509
6395,0.0182479020819344,0.0174983590818197,0.253972551180625,0.624476004797245
6396,0.0188831878040518,0.0107007818276929,0.203697293911049,0.509615046832559
6397,0.0196766393296627,0.0137593080850712,0.249209415784733,0.624860755329003
6398,0.0165864085829468,0.0130918971717399,0.235022891763475,0.53951280230737
6399,0.0182493638086035,0.0130474433636829,0.27076174833385,0.620581896001933
6400,0.0191606072567881,0.0180744679887874,0.251674370800242,0.688603991644887
6401,0.0197511181937312,0.0107624590253909,0.268167673281213,0.483367509584309
6402,0.0172703663499619,0.0124427434746575,0.226465417657291,0.552205356763879
6403,0.0199558594568792,0.0118105957221383,0.250341471889574,0.536746701004963
6404,0.0176892703126531,0.0137593277782085,0.2469150508828,0.591481380954296
6405,0.0199420920848428,0.0136214135254248,0.278511861578011,0.599273851843124
6406,0.015390154290791,0.0105521508821844,0.220619286960429,0.590067875854647
6407,0.0243562038014907,0.0157528384920401,0.259124518953626,0.639764569658148
6408,0.0166719744171873,0.0143204129534121,0.225212166557888,0.605381116593028
6409,0.022675581728306,0.0125881664797962,0.242113601685979,0.561327830897742
6410,0.0182280020604372,0.00677866308351846,0.21156202534128,0.503022004253727
6411,0.0219844247529752,0.0148212114399107,0.269713077166002,0.559881674557949
6412,0.0243734299800567,0.0115441919430449,0.24614895539469,0.478443457245877
6413,0.0197703772946985,0.0113983055411436,0.271749716710698,0.613198213112552
6414,0.0142669702297943,0.0119854941454733,0.233816466079256,0.544750520508352
6415,0.0190647147163975,0.00921385128757772,0.273755388308687,0.518806806664773
6416,0.0177963534249273,0.00918238615649833,0.255621856406569,0.483271229173322
6417,0.0193547630126341,0.0142051893389785,0.22917764730064,0.693576100752814
6418,0.0219701519692732,0.0215613482303155,0.500117716211596,0.718197739965163
6419,0.0143659097982964,0.0279292192385778,0.430048903645724,0.809675487812636
6420,0.0180187708035097,0.0405458243511955,0.392933569011729,0.859114018542919
6421,0.0220640175751639,0.0339776407467705,0.433928936791432,0.85289498682298
6422,0.0205978070881281,0.0204207070133153,0.390810983093823,0.774318506127723
6423,0.0272466971915308,0.025953911881995,0.429235920582137,0.770267887646633
6424,0.0151454671072476,0.0121965500724786,0.438375843863827,0.571982784370906
6425,0.0142276229060604,0.0114001841556254,0.43927413570917,0.627111640235575
6426,0.0160987239386359,0.0113087855490027,0.431883179304145,0.488509806660546
6427,0.017252165741487,0.0127187523951718,0.425128763383424,0.587105721366748
6428,0.0206861686283741,0.0155642589818237,0.435786019292203,0.632582123773581
6429,0.0189641384637937,0.0132116008441825,0.442555899466241,0.709015797980366
6430,0.0201544262145578,0.0259890001238203,0.44320859982218,0.763786900308478
6431,0.0174665734765709,0.0264918069921831,0.413358331629511,0.745312865606987
6432,0.0203934448999288,0.0190029046707313,0.426623070725124,0.72194849075286
6433,0.0229871181653207,0.010791288031613,0.425492996839623,0.587912347978049
6434,0.0212551349210938,0.0191831402710173,0.335434507316574,0.630396050859989
6435,0.0170830138474338,0.0119765100845829,0.266442300149785,0.598521341651399
6436,0.0219933919884882,0.0180657507997751,0.236744702572569,0.603489382553871
6437,0.0232600114782245,0.0137931779975418,0.224183281240149,0.520880919041586
6438,0.0158720256043849,0.00992987752642293,0.234030659206178,0.526637350381316
6439,0.00948544097792146,0.0157850663505858,0.254122321824376,0.624290307167489
6440,0.0186847278152363,0.0117520296882403,0.213616841389542,0.663149851499277
6441,0.0171200887973049,0.0138668263511984,0.312039834367397,0.588440078655712
6442,0.0187643995924843,0.0143164657584601,0.354146423470385,0.59649217634485
6443,0.0150501367349618,0.0142759812599988,0.427061594564731,0.603956805100981
6444,0.018235957792864,0.0165538700953514,0.436047051262972,0.688056421236182
6445,0.0213975025012637,0.0163093532499982,0.487794372839757,0.719209550750997
6446,0.0172750398101153,0.014226111443462,0.44196511279627,0.633026921576501
6447,0.0212203282000644,0.0156807052275913,0.405067736777123,0.60978069475383
6448,0.0168826328653964,0.0132695411966506,0.416528635989864,0.588799077131098
6449,0.0217862691917615,0.0115235004860112,0.433732579118445,0.530061359584477
6450,0.0246801867646921,0.0135832573229437,0.362900451741609,0.513195400390158
6451,0.022621747234246,0.015803553395129,0.418624527806886,0.706623533842315
6452,0.0246774226386633,0.0215516147865216,0.427339392556831,0.674320493845021
6453,0.0221748361671909,0.0145700518414831,0.399825891055679,0.62984019689934
6454,0.0165509943260658,0.0175932338411061,0.49874581650522,0.729642086409949
6455,0.0213436969985435,0.0133157491860885,0.44431682035854,0.671003374049712
6456,0.0194353137112167,0.0104791600543736,0.406935363582374,0.592530570973811
6457,0.0178134842784836,0.0125410207946991,0.377864629040179,0.619475489943659
6458,0.0132216944297849,0.0192236003917481,0.256965687310817,0.595181394961956
6459,0.0153946814420146,0.0140213362579627,0.233020831148638,0.555807384166532
6460,0.0135140276138985,0.0110351661149846,0.258657409658604,0.60001242186412
6461,0.0256883794791304,0.0133477986469588,0.262424962219495,0.536996515099094
6462,0.0152718670081837,0.0129711178920988,0.306919569035396,0.560420202163902
6463,0.0187278946650421,0.0146330420990338,0.424476059785428,0.644580995762821
6464,0.0198320395230367,0.019504267574778,0.374810844007594,0.634142727920654
6465,0.0247401251963391,0.0148956730428632,0.255647278468623,0.608640873807199
6466,0.0172946588321374,0.0169026618760974,0.222389924045044,0.62568570936142
6467,0.0194780673728089,0.0195803761989523,0.241612139068045,0.597795041265786
6468,0.023441325967195,0.0120595394268843,0.267097638372737,0.548624899957658
6469,0.0165425526237968,0.0104355121017756,0.238913390118531,0.564035861554847
6470,0.0163782892573278,0.0143734645628406,0.225080242771475,0.597876593243819
6471,0.0195190445886409,0.0155624880246726,0.197016924966726,0.580519789099339
6472,0.0144289233541151,0.0148205244616397,0.261604474243727,0.525155735833609
6473,0.0193833187130672,0.0138259244922326,0.268488731076601,0.611738954816644
6474,0.0204290092696971,0.0124865426426126,0.288830408853407,0.481908151727044
6475,0.0221497947017779,0.0167132479714707,0.258826761458728,0.542496755453292
6476,0.0214057978323546,0.0105755599421471,0.217973238458974,0.559957614319613
6477,0.0222320943741554,0.013481280225392,0.21501853103518,0.54087286516056
6478,0.0280464337657934,0.0101451570385212,0.186413145830498,0.432914916429366
6479,0.0167197284101936,0.0141425262523575,0.218584209616812,0.597700323005689
6480,0.0194301351496744,0.0108611625948603,0.244170791865186,0.537867945145202
6481,0.0220158993717655,0.010009262419725,0.242902554900151,0.503322376603739
6482,0.0188180932696635,0.00996613082000546,0.248619017127045,0.618160351253504
6483,0.0194319148261857,0.0188992827601348,0.265864340933964,0.698651865737585
6484,0.0158161356963837,0.0125162608184659,0.435458637110916,0.725112551979502
6485,0.0255021289804111,0.0201402873227015,0.49496652610834,0.747237432507175
6486,0.0186099355550806,0.023785362024343,0.425810077580663,0.77397915399338
6487,0.0250615760984703,0.0190115658940711,0.429005163134869,0.758503719963823
6488,0.0251491731048923,0.0135079841094707,0.398305689656142,0.562265737432351
6489,0.0223166444509486,0.0124087427176639,0.445972920227975,0.646218136275554
6490,0.0194770352765347,0.0140025929542007,0.433647678656451,0.596481445919007
6491,0.0176909484524916,0.0119988127537922,0.449235493516903,0.628429121240051
6492,0.0214092358598025,0.0182618995253926,0.405860009601987,0.743757233244605
6493,0.0104952320705427,0.0178508922404854,0.502556201581515,0.785158791888936
6494,0.020627315681274,0.0223579558436329,0.521823689015265,0.757072758576315
6495,0.0177375895652019,0.0213141625331621,0.491312527765019,0.769219561321807
6496,0.0131367690751223,0.0183709014827634,0.361865694682474,0.641702237107634
6497,0.0208723011028882,0.0142860915715223,0.515835212612277,0.550374314259329
6498,0.0187057942676494,0.00960641975071718,0.213839942656352,0.434002399719917
6499,0.0173096361070778,0.0160539223655255,0.238607682526847,0.573037810212045
6500,0.0273222612840908,0.015867838557595,0.240351460761675,0.656667792613483
6501,0.0226912198696943,0.0101680455214942,0.234735082639096,0.436609442263782
6502,0.0183759785681511,0.00980040137678154,0.239493455367758,0.471226378820682
6503,0.0236041430983172,0.0137489797767234,0.234678386483088,0.66660996612858
6504,0.0213377230086976,0.0139089172136467,0.266017543255578,0.630690836338059
6505,0.0208009264915715,0.013054552113157,0.261205278437115,0.558518917253369
6506,0.0260603214428806,0.011493580347003,0.23931870132748,0.568270882183388
6507,0.0222590999759856,0.0139709749603721,0.218972870436087,0.54899387137879
6508,0.0211426686445009,0.0121574778049976,0.248381733444627,0.537701683850448
6509,0.0166729469455432,0.012362517563165,0.219983473941386,0.610084272481034
6510,0.0216801899786705,0.0104594521124758,0.228095439323912,0.392706678415845
6511,0.0236946200189613,0.00926895898399546,0.238568295392147,0.419795895534858
6512,0.0201462972590581,0.0108999721297986,0.255428976134845,0.549238500238236
6513,0.0170868563226635,0.00996056652381691,0.234737123416046,0.460178133723283
6514,0.023493816364392,0.0113618536348318,0.252221664646445,0.577152401199245
6515,0.0208968757006174,0.0176391392021821,0.256806166435444,0.739645540766073
6516,0.0153095800773693,0.0187006762354356,0.235612929238868,0.686883617937129
6517,0.0231278913500492,0.0196524587086584,0.222303163849197,0.699510914838325
6518,0.0266087514128593,0.010492634037897,0.214723800171145,0.481949704556084
6519,0.0230370222714364,0.012334564794667,0.244754511752249,0.615842063210681
6520,0.0170150923331664,0.012560914863111,0.193939024850871,0.600910551123786
6521,0.0240852062253392,0.0137384900047757,0.26858192704816,0.618617552036698
6522,0.0240794698195715,0.00989151837815674,0.256382134664843,0.502286624768298
6523,0.0157793088563162,0.0136257687450383,0.248814367404804,0.578131182077507
6524,0.0211001846351192,0.0185611040493812,0.189496684113261,0.557726984903453
6525,0.0225690623129139,0.0118273737924616,0.22650666724623,0.557114903240926
6526,0.0174062915415304,0.0147973264530544,0.253975394735273,0.531385558784643
6527,0.0197139568296766,0.0155415122029869,0.252670091680388,0.629672978389342
6528,0.0201489700964919,0.01823555864119,0.233318670090705,0.693449572221922
6529,0.0126031503798854,0.0273097021306194,0.238191934251204,0.771807810787722
6530,0.0152378692363676,0.0132165040522875,0.257530948006968,0.631287599028714
6531,0.0184797060057999,0.0147729629565429,0.234811777569083,0.615723633608127
6532,0.0273907789870396,0.0113352247958762,0.250423707871808,0.583633638152331
6533,0.0213329588003948,0.0122256299602967,0.227155225594422,0.568743332146734
6534,0.0175478808696593,0.0159826696373997,0.26147267921167,0.650075442009425
6535,0.0204373881402014,0.0212393633403023,0.250827471798385,0.60623110978449
6536,0.0226836174438031,0.0117236700309093,0.275831300417844,0.499491238826968
6537,0.0183717584395076,0.0122361090641527,0.263075834507023,0.584012274547776
6538,0.0227876840119252,0.0104075759098134,0.234238022850763,0.47877011539263
6539,0.012102847704175,0.0135692878308776,0.256304104995534,0.532136046562308
6540,0.0200887822441597,0.0121333087916204,0.251941115501729,0.558271335276543
6541,0.0218709268427731,0.0130234668096766,0.239861279670064,0.583955843779974
6542,0.0185736416912599,0.0171900534007855,0.262596497664377,0.648939519833047
6543,0.0166399227563253,0.0148105958151883,0.26835517145139,0.688943943378987
6544,0.0211814316083454,0.0125566943449567,0.237258405882383,0.522839809905499
6545,0.00980497034071895,0.0132127848422419,0.252717837402372,0.604024607253566
6546,0.0109813428123261,0.01590205741348,0.273150589056309,0.730360841801212
6547,0.0169186117349632,0.027725020558098,0.445995928986732,0.857955830924601
6548,0.0208514982430131,0.0351738560785443,0.514419693972163,0.821573118445249
6549,0.016842736742426,0.0191395764758394,0.556663217983124,0.780326471565365
6550,0.0202374246473385,0.0254604785960095,0.417648173958044,0.761723393799783
6551,0.0214521927777422,0.0159671249613696,0.453796960169488,0.645783112306254
6552,0.0258769944259015,0.0119244056919946,0.456744812105802,0.524701245322088
6553,0.017698777282083,0.0160096283772423,0.418597513300921,0.648871153782011
6554,0.0233225322994751,0.0139101871071837,0.418440607126141,0.593219688959278
6555,0.014433167440493,0.0149595364998919,0.429219655911601,0.676211762361345
6556,0.0201077575447135,0.0207552858799893,0.431382626958902,0.606615387626646
6557,0.0187525360718021,0.0170841212063163,0.496537839947343,0.546711543095059
6558,0.0221501901917194,0.0109877930949988,0.390250265633072,0.562102352511645
6559,0.0214367950040391,0.010516522823884,0.422588422626498,0.467330632501522
6560,0.0224828008039247,0.0151464793391236,0.440485200909527,0.685988114945246
6561,0.0224968190777543,0.0142005565575406,0.417540473268539,0.666181746911915
6562,0.0198739311869028,0.0133211915961371,0.373802466074249,0.551116922811532
6563,0.023497176202713,0.0131203480493273,0.345058978942047,0.62636598841117
6564,0.0142466027051781,0.0138464811765631,0.407941450904481,0.66161602574713
6565,0.0197331528408258,0.0130504037078167,0.449231993471883,0.641276017001626
6566,0.0214021097274571,0.0169116524685199,0.457038288805719,0.726396158608098
6567,0.0179664297943379,0.0111805772603663,0.497672680513383,0.739828138137988
6568,0.0162371587159331,0.0263422553017947,0.433737207689468,0.781737275641137
6569,0.0160378420449086,0.0246672219229264,0.487001591252642,0.775040134353449
6570,0.0229227341111924,0.0218508044928882,0.426511056229141,0.784542710164364
6571,0.0186052019349971,0.0323959378525734,0.522980449755499,0.829280215459244
6572,0.0235423390128057,0.0196070014010667,0.402925928217541,0.799823243180696
6573,0.0110849068839675,0.0120505981168617,0.444300422162786,0.64688089093597
6574,0.0222410821446505,0.0123717961971239,0.311094006625889,0.487476001657842
6575,0.015955230357046,0.0111948796164655,0.221703614751567,0.529991857200379
6576,0.0190308315530314,0.0182499986623093,0.232164560064947,0.67485127882052
6577,0.0221268332464811,0.0178220190169018,0.211959041535702,0.660310748344492
6578,0.0211699310153371,0.0168043478877555,0.222905025119652,0.656015305138471
6579,0.0232171802933812,0.0209853529047997,0.211909358285179,0.685966663755562
6580,0.0195197411914635,0.0209110377372654,0.253692884284098,0.713432273466469
6581,0.0162388424027085,0.0103133860948801,0.255685319546447,0.488691758934999
6582,0.0211163537738564,0.013078632531097,0.254919710110101,0.523945736609913
6583,0.0187996507670157,0.0111603183082066,0.189008514104229,0.538388830915546
6584,0.0201032239437839,0.0160071434267953,0.27086316093751,0.67160501528833
6585,0.0256425688006616,0.0159994238951521,0.273027203555376,0.691055937504187
6586,0.0131026671532888,0.016191754343171,0.247167794063172,0.724941379822444
6587,0.0152368035227798,0.0202076369806178,0.255715484897211,0.704923112755245
6588,0.019561232952736,0.0125927683765143,0.278343866202514,0.545885399347176
6589,0.0229492586408516,0.00909051684410106,0.269451517464898,0.408399243685807
6590,0.0248658576044767,0.00848834436950592,0.211925250618628,0.387164073083112
6591,0.0209757432298765,0.0108008975746519,0.251136561258854,0.518320760716429
6592,0.0188053952638581,0.0131709897883559,0.253874425354139,0.488516299108014
6593,0.0242887665570155,0.0100030096862781,0.238097566215839,0.377065058910962
6594,0.0281768943706789,0.0134589657872816,0.242355422778594,0.677815560178463
6595,0.0260163405864329,0.0195945374756662,0.267647439735636,0.696079558284613
6596,0.0172444515117287,0.0107903409715748,0.221305635431165,0.52118351493039
6597,0.0175552113759981,0.012401702581424,0.299706405042415,0.584196285987256
6598,0.0311172741696333,0.0126060896449515,0.370177943285563,0.550267529301722
6599,0.0183655330824434,0.0162550845435752,0.369171497086094,0.697188880822229
6600,0.0286255154855629,0.0123401443997451,0.430084801130069,0.571734405724663
6601,0.0163864156030563,0.0109957905129394,0.404450150234141,0.682362370009955
6602,0.0191797133720234,0.0133382913773446,0.446670916266923,0.562190420554118
6603,0.0226294167512407,0.0152941081172501,0.463666091996411,0.676519130522998
6604,0.0189391733681794,0.013340136648773,0.42531024601629,0.708854649098528
6605,0.0202959051722841,0.0127362439263815,0.427676763212472,0.718743359449163
6606,0.0182620551086015,0.0143546272997509,0.448593092061613,0.647919047586785
6607,0.020545697255088,0.0218260577230733,0.444795300385684,0.693731401290872
6608,0.0165127038242079,0.0158317870618135,0.383943325181265,0.689251138660158
6609,0.020153569436587,0.011100803199988,0.390696747028457,0.595352623541954
6610,0.0178411028410128,0.00967486492730966,0.454654714527823,0.607602209295188
6611,0.0190582063983408,0.010899299063652,0.515001236735,0.532046864816425
6612,0.0222371648329421,0.0122584124491465,0.363458204089236,0.619638921276703
6613,0.0184277937178934,0.0142155342078419,0.380200100925036,0.600051610903345
6614,0.0147778175264237,0.0152096041385554,0.469004673732137,0.623633365331824
6615,0.0196231545570203,0.0185675519236236,0.402764837829867,0.648901445250012
6616,0.0185687035603162,0.015001298152148,0.429196027090804,0.631745331400472
6617,0.0172884675385031,0.0105989926739288,0.436692274231362,0.554902949912854
6618,0.0222931124276442,0.017814133646066,0.364499122786363,0.643225090437741
6619,0.0151034140577718,0.021813274178541,0.405712953025108,0.781185994929055
6620,0.0221288742475928,0.0326405161606453,0.397570800097279,0.847569938934595
6621,0.0192863060724206,0.0450041784996005,0.402232016732322,0.873878213865208
6622,0.0250172358171087,0.0438526109628921,0.460675535818639,0.865273420571081
6623,0.0165854278907896,0.0173597301154789,0.390092627189606,0.761049505849049
6624,0.0211714549103407,0.0165409536253119,0.445799449244215,0.724672031622503
6625,0.0185329329283545,0.0190095603001546,0.50014133895445,0.787957651617368
6626,0.0175301378717261,0.015562158251896,0.484716771956349,0.711047388642137
6627,0.019980502256195,0.0174988946112563,0.462022638318294,0.661521462541032
6628,0.0197132722672212,0.0207045407357085,0.431694478440855,0.671482876721429
6629,0.0150775229271205,0.0139263086395433,0.380741046349162,0.646993065703499
6630,0.0179165973611139,0.016620622506491,0.430536315677957,0.71518268668046
6631,0.0188344624904735,0.0125544302034551,0.464733142815425,0.63675198060776
6632,0.0164147845050342,0.0181206926407536,0.401789693381332,0.661361749148039
6633,0.0176773353944099,0.0221414870371,0.426926324797904,0.710462609540361
6634,0.0173789136060892,0.0216086456685353,0.436101122445167,0.716945407277823
6635,0.0252401224631188,0.0184588843196839,0.379102719001132,0.719164811988967
6636,0.0127081156273077,0.025597626688652,0.448382059308778,0.758450697713724
6637,0.0172321163521818,0.0226653898682098,0.488752731619159,0.744965195111393
6638,0.0186709482753914,0.0178901627562277,0.450481662403322,0.736600468592872
6639,0.0191699398804583,0.030873883167705,0.4989340029163,0.846172337952034
6640,0.0135540842388468,0.0247635864684013,0.52208225801,0.813244831125169
6641,0.0163726000691013,0.0194124723484525,0.475935747765954,0.743839951891963
6642,0.0188501149304717,0.0151853616416994,0.429858150071281,0.748670228254071
6643,0.0157232240485529,0.0260933137671117,0.450458419908937,0.779231557895343
6644,0.0196579648418733,0.0195838260239657,0.365286193186327,0.698195145507504
6645,0.0139029884985525,0.0179817919104976,0.246838705416929,0.732405730545955
6646,0.0243572023876767,0.00921989962633933,0.229794650731477,0.529224884209193
6647,0.0143635251514401,0.0100563159906464,0.266781759708481,0.475483528854549
6648,0.0217114510527328,0.0134530766928977,0.238821936929864,0.564746151522664
6649,0.0227435383649616,0.0124437399200328,0.307762895422993,0.513768579025937
6650,0.0190560967384831,0.0109709032242574,0.23342081257478,0.49762874355329
6651,0.0200164351050716,0.0111754833564803,0.25329742702078,0.555532815476228
6652,0.0202517562971804,0.0086641695360213,0.216274877238534,0.408149101938958
6653,0.0241407551327467,0.0137724208421791,0.223599681395422,0.593531026383017
6654,0.0222690118890778,0.015159111426087,0.264646225138885,0.686433861365711
6655,0.0256974421969333,0.0200834007839105,0.23231936721138,0.676187490463913
6656,0.0275196823078402,0.0273104343083331,0.321195737005492,0.726622545746345
6657,0.0216716487634662,0.0238572928983525,0.427776165269026,0.717247549967501
6658,0.0231082578708515,0.0165466574901782,0.438982533993369,0.683355762126769
6659,0.0223565571258624,0.0242667635284703,0.41695044468481,0.776279008749933
6660,0.0242960802514467,0.0246730901953751,0.390339892799686,0.76624498098941
6661,0.0235136805824859,0.0273711391222721,0.391037266086298,0.826590657881652
6662,0.02201110768254,0.0365529371147278,0.438896819666247,0.847789493996909
6663,0.0199745271527403,0.048000528081845,0.486959054871764,0.902630476518363
6664,0.0241129831311314,0.0373261575469792,0.517604866982886,0.871867411007252
6665,0.0216722823003978,0.0487938813069346,0.458021499382518,0.874787660563339
6666,0.0174834656659181,0.0401132619814,0.404429252968854,0.794636895166946
6667,0.0224348522558193,0.0275646017671889,0.489019464217448,0.835940264130316
6668,0.0172801094475146,0.0177656324556241,0.498342209805098,0.643189041085599
6669,0.0245536281154719,0.0143213040865699,0.442841219592948,0.558728952344894
6670,0.011771606478855,0.0123751656383495,0.425964274572547,0.571656059382884
6671,0.0123868429381956,0.0191633810811592,0.501015759707549,0.688515649658525
6672,0.0202102562125728,0.0197302902047811,0.439264428538584,0.712024772677012
6673,0.0172832036947925,0.0187020814930306,0.499758089308042,0.707107998348606
6674,0.0240615059150264,0.0281514239796431,0.490413769802885,0.81337490092906
6675,0.0138177198583935,0.0149285639320452,0.438025178009064,0.709822300552175
6676,0.0138000212455375,0.0167786451577846,0.494029151603909,0.72305666427698
6677,0.02693841178987,0.016718961921857,0.279579130051928,0.67885145781325
6678,0.0181689466218606,0.0148831060753448,0.262540109668882,0.726890695510785
6679,0.0154332219722858,0.017333848619761,0.212541279860365,0.74517496289764
6680,0.0218957475191514,0.0212891076509421,0.318371879872044,0.751824342564051
6681,0.0167516261361753,0.0181282811342873,0.356770649254682,0.738741923877745
6682,0.0200689941832734,0.0236940894401407,0.488491663057131,0.745238246543258
6683,0.0171777241333469,0.0157192507246516,0.510845465349352,0.737269258968245
6684,0.020399823826046,0.021063120035604,0.45528877003262,0.732910774331509
6685,0.0221002904339856,0.0188423184018503,0.431819994707662,0.740817396518043
6686,0.0159322730733594,0.0188970324211883,0.436449792385891,0.708185130211723
6687,0.0224571018582339,0.0205927879934904,0.413675862810741,0.725271203336949
6688,0.0266050822515117,0.0278376577306686,0.493159365619244,0.803225688499386
6689,0.0163688325623278,0.0248247594631964,0.520119528404556,0.786504204299255
6690,0.0194401318565882,0.0158980825859438,0.44774503559354,0.665180707672235
6691,0.0199410621815393,0.0135287015868492,0.54860328063894,0.607946985213219
6692,0.0112883093374999,0.0202559403055173,0.517818801965732,0.780811380936385
6693,0.0199881666247635,0.0264102028807053,0.486069874141356,0.785102062226818
6694,0.00957696544723085,0.0165844422597033,0.484407279755126,0.79337185178348
6695,0.01357218944343,0.030330497535367,0.494414358950474,0.829607848986023
6696,0.016516153550227,0.0185392958994194,0.452032163372679,0.717982704946268
6697,0.019528675957179,0.017072214524204,0.504025862101357,0.759850302057653
6698,0.0173500566071122,0.0130237709765736,0.418294880772739,0.580999229386279
6699,0.0173275795639015,0.0137263799285731,0.437075766539887,0.591806019580297
6700,0.0234777569645983,0.0214364588482819,0.384835617816129,0.729541252185922
6701,0.0227681615085077,0.0131108171269595,0.417472989761081,0.633535169418761
6702,0.00720250482192352,0.012019568716282,0.443041470263391,0.720496093283225
6703,0.0154320538316318,0.0242001418192556,0.405391154733074,0.843939459809341
6704,0.0181475588171484,0.0325852258607755,0.48561835373035,0.859581501580914
6705,0.0225227174101845,0.0355616103023175,0.484579863691963,0.838077903415573
6706,0.0242087373692995,0.0256914197241442,0.49600466848978,0.799676733350224
6707,0.0226274793726237,0.0306463865525866,0.485743775048563,0.831439445626908
6708,0.017859875864676,0.0368365613072519,0.510501509349727,0.843965622462589
6709,0.0184801593787217,0.020576333788601,0.561023106517394,0.76195002174155
6710,0.0184853597982925,0.0183080365070566,0.490001960502845,0.789241890484858
6711,0.0179973549635334,0.0140036597142979,0.418593681052266,0.650343171706561
6712,0.0182086375456547,0.0188613764020995,0.426052921491927,0.702109425395696
6713,0.0187226433667513,0.0228733150425717,0.447647813816173,0.767002526016126
6714,0.0159603212631845,0.0199531661212057,0.455604625575962,0.744683612262582
6715,0.0153345797448,0.0262737786794409,0.408341995978515,0.775101084581977
6716,0.0223155605355829,0.0166233573479799,0.425557905903126,0.721134359534271
6717,0.0176046786634827,0.0124407933640127,0.422615432904195,0.670468159331535
6718,0.0234656722879712,0.0214333324318263,0.43189322433325,0.701437077956813
6719,0.0175272370789372,0.0131014559179539,0.38826896450013,0.703917079287352
6720,0.0206628282023693,0.0165686257062983,0.508348885011955,0.681241637634348
6721,0.0168103635632251,0.0124878048344234,0.435796120443824,0.685668901920738
6722,0.0211298259399546,0.0190627548281288,0.421745169377063,0.775381590010447
6723,0.0227320637478581,0.0457348931223229,0.299448965521261,0.850266010804818
6724,0.0277036353498604,0.0223750560034234,0.375782673968381,0.757480094823678
6725,0.0181390166727049,0.0168468363153038,0.445222985753105,0.673025513607355
6726,0.0218486601842107,0.0180874295879943,0.521587723754131,0.691867278483355
6727,0.0185529897861918,0.0184743931604211,0.437149096392244,0.67427280053027
6728,0.0133065991260399,0.019063196076036,0.416374955562596,0.672366874959822
6729,0.0257615381662324,0.0211803059574782,0.439319839568831,0.756923680811655
6730,0.0157397005496249,0.0245813357285788,0.439911956289629,0.800259989067917
6731,0.0220655438523239,0.0174297556798074,0.438481706183107,0.775512170759506
6732,0.0184881400334109,0.0273622290140426,0.446325978147314,0.817954493990125
6733,0.0212718253268904,0.026168731964685,0.452275156856088,0.829470433065144
6734,0.0211077554134279,0.0265071701589193,0.439435225013813,0.806118094141825
6735,0.0219458354140377,0.0162846000541453,0.450776704627264,0.772322800707825
6736,0.0175117519556112,0.0193862010476153,0.476824929128374,0.699671488996051
6737,0.0136167162706303,0.0219197322572805,0.44312294638935,0.749438496197809
6738,0.0215389366076666,0.0197099268582832,0.241813509349864,0.779899930066504
6739,0.0224953433593888,0.0220764219912308,0.242254375315408,0.733390703515972
6740,0.0151536979294721,0.0173992806116979,0.214233534553941,0.722838155879573
6741,0.0283813666898415,0.0228130673836296,0.302228303354368,0.786154626517514
6742,0.0179245875454954,0.017038520880481,0.442449041959472,0.751711779557993
6743,0.0269882443055281,0.0135080641365883,0.450621965152999,0.675997342370458
6744,0.0178353385952306,0.0166809063165433,0.440661436266391,0.655570452289067
6745,0.0192102948772312,0.018793635148546,0.430169452587399,0.661723547333601
6746,0.0182151343595018,0.0119858989790716,0.432095945678173,0.485844058336918
6747,0.0218159369015789,0.0122099783195,0.41768675135617,0.625210523733578
6748,0.0175592117763659,0.00943686798581684,0.440099226597013,0.458451612672156
6749,0.0187390255854924,0.0108194227827183,0.311345539220742,0.528723294827707
6750,0.0187736890824982,0.0150765686682601,0.434433938972318,0.654387390968827
6751,0.012456609553959,0.0127674541844495,0.418977537100381,0.671351273256294
6752,0.014769153237182,0.0184672470858227,0.419431179925779,0.670727021203635
6753,0.0138573380429369,0.01271287441688,0.533142668185877,0.559878308741403
6754,0.0135751617608317,0.015697459238503,0.435056574973348,0.675333321279949
6755,0.0265979674734496,0.010763068652676,0.320138539861838,0.477298288837956
6756,0.0170345225576992,0.0162947132939168,0.2250645632096,0.595638260622545
6757,0.0182113980909809,0.015429932752942,0.259095138894689,0.628854633591979
6758,0.0207321800167919,0.0161424858510445,0.25798049938626,0.660100319268511
6759,0.0219907341465551,0.0198016086966321,0.265283542427839,0.750194986243478
6760,0.0187820322199164,0.0210917465248767,0.22994655695844,0.764095392109455
6761,0.0223023106955554,0.0268996481341979,0.228818184169715,0.779852434509741
6762,0.0235061566385061,0.0142076380258521,0.25594497639368,0.690285773007569
6763,0.0169600013296813,0.0210366295783232,0.40702955157798,0.657881419842644
6764,0.0206101269936776,0.0187482614883633,0.429744410164482,0.654422596104377
6765,0.0143481282476074,0.0160417607293408,0.440917077099049,0.613188086727148
6766,0.0211680202450785,0.0168588589019292,0.461327818669622,0.668530763186881
6767,0.0244423970740016,0.0160251066683636,0.396248654271834,0.722258402482392
6768,0.0158599152028165,0.0172185306792,0.377045301812047,0.701422943983903
6769,0.0190599801816061,0.0113553551241245,0.231215062300094,0.606626058009861
6770,0.0224926853901743,0.013624644003505,0.231064631801369,0.60844226479728
6771,0.0239031762294812,0.00974162111985303,0.25566999205373,0.521880457601924
6772,0.0182533738842512,0.0144111413561336,0.245601717862526,0.638659919975911
6773,0.0212851774516269,0.0131046591840411,0.270344015286357,0.648225572382218
6774,0.0189778484682498,0.0128857099153385,0.23051811891117,0.512152598349277
6775,0.0182342902813847,0.00837602703911545,0.268017874679174,0.45912041122521
6776,0.020879130229513,0.0163184184503783,0.203951909893482,0.550440034742292
6777,0.0185202628225683,0.012416156706485,0.224484096260689,0.637411172006241
6778,0.0194000910094779,0.0127287924736341,0.260098262326695,0.539153237959972
6779,0.0185226427616064,0.0269153302902117,0.268664327832561,0.733181643323071
6780,0.0216745500467097,0.018130366078075,0.21748058964964,0.655546646229555
6781,0.0170743303114375,0.0105015496122618,0.222018362837402,0.5234513179062
6782,0.0234563145108107,0.0136317159978737,0.255410425196542,0.659683412835297
6783,0.0241529212907593,0.0148374735822241,0.261272999652071,0.66071214046992
6784,0.0167221479656718,0.0182124142372662,0.331914538507967,0.686585226619866
6785,0.0272906199127162,0.0186480921753525,0.449089747616479,0.71785512965824
6786,0.0231177566093895,0.0203531054831498,0.427842472480145,0.736403175340371
6787,0.0237022851618103,0.0242693670618959,0.500929770907976,0.79193355834204
6788,0.0151833108441796,0.0385757480923226,0.435963867169345,0.802939882891442
6789,0.024764603677157,0.0345403722256121,0.503912524879406,0.862470554063387
6790,0.0177973764032124,0.0355542713235209,0.48707139988404,0.855661376760371
6791,0.0167791292612099,0.0195625589923814,0.483970448719354,0.736670520278235
6792,0.0196019745005387,0.0261944261544975,0.442816114471755,0.746929789520586
6793,0.00946520602694956,0.0161417409550005,0.483858694168286,0.697308642713761
6794,0.015900581271299,0.014333151222569,0.447379838052076,0.70517760159868
6795,0.0151128740555651,0.0219298511144178,0.463557766927861,0.754199468466779
6796,0.0194125408874475,0.0144407023828899,0.430591513123934,0.63455542244673
6797,0.0272905151665231,0.0221662512662451,0.404093026160671,0.734416972647403
6798,0.0166510368188668,0.024410543958169,0.455289895033184,0.789660774882469
6799,0.0173939001447998,0.0163173158652305,0.415974341454066,0.597804519651639
6800,0.0249970952269899,0.0137218218210889,0.505700151747949,0.65204497559781
6801,0.0249231252323132,0.0148121794933424,0.487339553672178,0.635571549651832
6802,0.0176388165719865,0.0165904518137762,0.409050615526991,0.686191260474285
6803,0.011741028501965,0.0225819224193973,0.419620212803084,0.72386357240363
6804,0.0186244761556923,0.0261824580567666,0.441311952085024,0.75191460914191
6805,0.0186360483938099,0.0159058602937242,0.283404954932252,0.665649958397648
6806,0.0223328002453796,0.0208254497079599,0.25674015283954,0.679396211499724
6807,0.0238927943160977,0.0129493700824801,0.236374508032423,0.555458267534731
6808,0.0184176874129581,0.0101628082669774,0.256576565090156,0.452182590262226
6809,0.0276874463238236,0.0127697010518028,0.271411362198617,0.452506203046138
6810,0.0223409641927926,0.015195294728598,0.310558422407516,0.562837047245513
6811,0.0128072836798653,0.0147915603650015,0.216471607302976,0.67221665636282
6812,0.0277187605755921,0.0098644472541692,0.234159970325635,0.565177374026993
6813,0.0206812068554625,0.0180285728645488,0.24346267173071,0.647135637225623
6814,0.0149178503977506,0.0171582634433177,0.216674722189443,0.685088679465731
6815,0.0167278967652129,0.0136565707324345,0.267145069418061,0.593559844231976
6816,0.0152671512417604,0.0101060459947697,0.259983568146623,0.55328423082755
6817,0.0194388215515591,0.00983557388709403,0.264698888231309,0.483212112318831
6818,0.0126370195318938,0.00857197823267236,0.259136421020793,0.463326620653369
6819,0.0164857789863318,0.0125008547886274,0.23767849344221,0.566807491016341
6820,0.0230139261629535,0.0109846027410648,0.431325105389824,0.532685412945404
6821,0.0219982755246114,0.0161947359167901,0.3963720643413,0.70393551096015
6822,0.0186244643128739,0.0148226183234246,0.445300668749583,0.679585147292981
6823,0.0169224531646307,0.0128541187585877,0.465184242432275,0.535882735515118
6824,0.0202860285029935,0.0177548947457174,0.407603623032319,0.711909850328843
6825,0.0242162493775763,0.016848849309593,0.425842617281077,0.661456256620698
6826,0.0119432158252586,0.0108690955299394,0.363775060191173,0.500162261263181
6827,0.0172905519262967,0.0141582647811149,0.444685793814408,0.523332973001477
6828,0.0163441044057277,0.0122292533384297,0.439449743912371,0.613970318529356
6829,0.0148745245318167,0.014042584958172,0.453736098176279,0.658724669332804
6830,0.0152387893810693,0.0154638529292323,0.423795423879664,0.676855249209084
6831,0.0183699225869219,0.0159090092067137,0.425140497230824,0.695398909348763
6832,0.0261730064444244,0.0161848401814742,0.379516800458292,0.690873064195271
6833,0.0212172086639646,0.0159524301441277,0.255362675848997,0.602519726100604
6834,0.0128666559143178,0.0173948010404983,0.250439516550671,0.599375681905917
6835,0.0218360127655701,0.017156641730543,0.255336981599779,0.666868176121189
6836,0.0159637985143744,0.013466978784243,0.269232728843039,0.690848374430861
6837,0.0182761299758876,0.0127433857751723,0.223275924485414,0.506958078882931
6838,0.016935400904211,0.0110983068062914,0.262205586590766,0.539940777517072
6839,0.0197691833715105,0.0177583017385929,0.214152619125057,0.68188995447625
6840,0.0189324561621177,0.0126305027669845,0.21485867948565,0.668205339084281
6841,0.0155009791591477,0.0192052913247829,0.255147801550229,0.721228515768661
6842,0.0235817838828911,0.0212560685324629,0.269511548046135,0.719188551778557
6843,0.0196528504942007,0.0112668730898881,0.316966141654949,0.629475228504867
6844,0.0132127934796164,0.0146710827413291,0.223845807843412,0.59148285742979
6845,0.0189841958403603,0.0155765447184914,0.266350896425283,0.638541313506059
6846,0.018067053983545,0.0190513206294409,0.266872291176133,0.757440126397931
6847,0.0199398493869928,0.0192166079013855,0.247479599172831,0.775016376092852
6848,0.0183870565384306,0.0163718484841036,0.233756428445538,0.66937375435967
6849,0.0210342713806837,0.0115936126293062,0.252931949291897,0.48951576214329
6850,0.0238614069590756,0.0110081559406845,0.215447603044369,0.526597044689962
6851,0.0128488027716493,0.0160554765043104,0.195641482749379,0.498340825318121
6852,0.0225638033845924,0.0127493599523912,0.254745244422518,0.602699000235948
6853,0.0203617718305149,0.0140836100317976,0.302337221781918,0.565632330322974
6854,0.0231170837934658,0.0104959238686988,0.22305133016927,0.445741279961523
6855,0.0202887361593691,0.0135458112193774,0.220259207369097,0.631293792733878
6856,0.0191854938113039,0.0109382834547262,0.217237453544037,0.515960761038776
6857,0.0215217591415295,0.00966669813292636,0.233607384110984,0.501807886349018
6858,0.0219298217507729,0.0198123007461156,0.242591884609965,0.704578326089649
6859,0.0244886742193517,0.0156477121158653,0.259060328582099,0.613165252266252
6860,0.0198218551992603,0.00997909175557107,0.220102186763428,0.499979478840865
6861,0.0166156240344515,0.0118453409196544,0.26271115409177,0.557779726500971
6862,0.0187563431772437,0.0114139057949249,0.268038333565001,0.539755741698124
6863,0.0201766064818032,0.00999184610924069,0.235767963970152,0.550982375079204
6864,0.0186014253587855,0.0103756058578076,0.249132781058654,0.468110551628681
6865,0.0214521705398429,0.00901379487799567,0.226980990978005,0.452919815659816
6866,0.0219613759006979,0.0108163149884637,0.232748105790295,0.513059990520086
6867,0.0189236686569496,0.0124810173739359,0.232065917769881,0.555266486381297
6868,0.0188685802171141,0.0188255242387567,0.231830489658442,0.657582237944881
6869,0.0194285866739728,0.00918086463763251,0.267757485883557,0.56155856133417
6870,0.0162187790278894,0.0087205379757096,0.266505547498658,0.418862820158156
6871,0.0226291035376277,0.0116207879042988,0.218266009400461,0.496968315310219
6872,0.0227910954458992,0.0146660557813505,0.213444303038559,0.647743021440979
6873,0.0160355744139631,0.0126810253069763,0.331165833698012,0.555477616793843
6874,0.0170739872430243,0.0150241219804129,0.259901961453579,0.531280664683522
6875,0.0223809617951616,0.0159635330672806,0.239622320907296,0.549104388408647
6876,0.0173090024550907,0.0100901977657221,0.197068502033072,0.382373802166883
6877,0.0185465122059581,0.0110294111917128,0.218721144577851,0.477158274432388
6878,0.0181222769385585,0.0122145328499444,0.252778810290967,0.540627922504786
6879,0.0162630743895868,0.0115135634862933,0.42081214396609,0.527499863248134
6880,0.0112916864067731,0.0112693286506195,0.390809143512631,0.454716246597543
6881,0.0232859592059636,0.0126676900410429,0.26320360352157,0.587634483690967
6882,0.0247926523799407,0.0109076237146306,0.235654727265436,0.460052252196956
6883,0.0155027783358901,0.0150184201926162,0.212645855567628,0.564032115982635
6884,0.0221532282657027,0.0193131903345717,0.246065632148073,0.673458084016882
6885,0.0220919582324029,0.0254119725683695,0.230209214934858,0.785108509261732
6886,0.0159067117599077,0.0205258754382237,0.252842184844697,0.71349250207869
6887,0.0231938283030437,0.0161465576470731,0.272245866385238,0.67736061623501
6888,0.0180290828414409,0.0167701422043094,0.212211184056716,0.68558375357482
6889,0.0198139833213402,0.0153062599308351,0.23882330773817,0.639654909597439
6890,0.0126313086380892,0.0172071066625055,0.289766611424089,0.708674444002536
6891,0.021749700009688,0.0184604305490374,0.25757172379148,0.697412441721554
6892,0.0214127216155249,0.0137369219982265,0.226829265581811,0.590548615272728
6893,0.0203764872024618,0.0157524016572005,0.262364515865204,0.616908025043478
6894,0.0240244232739255,0.0127302819716798,0.232728450742405,0.519996374265505
6895,0.0172893112039903,0.0128612529915717,0.228392234927054,0.574485519892974
6896,0.0162190683064033,0.0128516449915615,0.21276092227886,0.597627490838351
6897,0.0176380575264751,0.0195831484628625,0.246675288572537,0.692097021398202
6898,0.018053848747962,0.0250670228498153,0.218674522157042,0.70881310458654
6899,0.0228439272587846,0.0220432663745857,0.246984101030769,0.677157686490971
6900,0.0192591058063946,0.0203530895110523,0.268435136777434,0.662622703177609
6901,0.0218589662995875,0.013154125492878,0.224184337324375,0.617117294075411
6902,0.0212145485601124,0.0116715777424462,0.263471351943219,0.553312542334999
6903,0.0210415742482386,0.0133720868288764,0.244905444853872,0.646202893599062
6904,0.02013127404171,0.0125427650403384,0.227846283283321,0.587081750454293
6905,0.0242195105260063,0.0106599994325798,0.241775268911637,0.549245204865277
6906,0.0170016243983238,0.0187941292803004,0.311603069597299,0.622246815491717
6907,0.0168343467396564,0.0167160782834406,0.248183476381986,0.595181250009655
6908,0.0194510583712936,0.0130738132522054,0.208294487036276,0.60964361423498
6909,0.0214330891548266,0.0167964683180786,0.401559459043157,0.776638393691692
6910,0.0179723430797753,0.0228192276329645,0.423375034077616,0.783148460861433
6911,0.0205108652578864,0.0122444246242728,0.517479631411008,0.578030258493661
6912,0.0257128071445249,0.0113939138763775,0.440153533294311,0.607550001768287
6913,0.0199793316165823,0.0175704026952628,0.437512806459367,0.666377640420093
6914,0.0172655148951765,0.0181493742870179,0.476456607141956,0.639733565013877
6915,0.0100550603822844,0.0145188874177627,0.487141846501969,0.695835281712146
6916,0.0130593546051459,0.0260154233101906,0.498564794084774,0.790372482227017
6917,0.0162642947014396,0.020323163107981,0.395028081615586,0.745026693600754
6918,0.0171012154410753,0.0151376002864282,0.432312853179915,0.625031632461582
6919,0.017511211963806,0.0168882841771792,0.434787884012992,0.674652174067765
6920,0.023155558194774,0.0151874151243394,0.347520157334449,0.652708575512743
6921,0.0180078268163628,0.014779281237825,0.390893161927112,0.737643574752452
6922,0.0166446989212947,0.0123550508593148,0.36881902017825,0.571016845161062
6923,0.0174588998987036,0.0132595297721739,0.240954169985442,0.600472152533547
6924,0.0184079881428207,0.0161933226506068,0.294451469889578,0.654435110566426
6925,0.0222565595825732,0.0174160291358593,0.436906865014135,0.707719365837059
6926,0.0223339277082755,0.0159873455883091,0.48664566795008,0.660588952952819
6927,0.0218640139815672,0.0114642125474381,0.495781875551038,0.651369454676826
6928,0.0234089915256482,0.02248576277455,0.461916917051249,0.67500167702701
6929,0.0223020115085474,0.0126862007009501,0.411396573994075,0.502273820209538
6930,0.0217053962983789,0.010603694840661,0.446419632196736,0.470698009587086
6931,0.0195768141394298,0.010906156153923,0.423876253421305,0.604886349324246
6932,0.0237548554360283,0.0140469298920123,0.414178612911469,0.56918484101625
6933,0.0220781681951902,0.0142444726461057,0.392824223991948,0.655798866707818
6934,0.0173285813116586,0.0114676095471238,0.252433403246967,0.484314219673565
6935,0.0196146255036766,0.0105041924577936,0.236349264932724,0.515606561997571
6936,0.0185956572527488,0.0118371558689336,0.258359913429758,0.549379170105229
6937,0.0195852276879713,0.0132502161661489,0.291008745716064,0.617558333621997
6938,0.0201885867878906,0.012148179870996,0.257194569175644,0.520192118362988
6939,0.0180765694269184,0.0101626556654662,0.262843673600158,0.463648314433945
6940,0.0211242270898614,0.00930246424987628,0.259745465815165,0.504312093353623
6941,0.0247186251743583,0.00917424837335784,0.258965711962903,0.43239077356965
6942,0.0185654712146131,0.0109780747374333,0.224978478694025,0.513324831140978
6943,0.0237042606241626,0.01129217835491,0.256490896887418,0.450677722515321
6944,0.025165095047504,0.0106728648706226,0.287394769608337,0.532544011043323
6945,0.0163572932812817,0.0102280717870013,0.253999203795652,0.495928307694428
6946,0.00948645825950714,0.013296552178833,0.267000083053546,0.570121251577803
6947,0.0217847897122247,0.0115937281431121,0.214922873941447,0.562512064239657
6948,0.0228312485769233,0.0182946233171092,0.243513103141105,0.685875950029136
6949,0.0218774074286332,0.0121567364926377,0.321041606962586,0.552860031096855
6950,0.0151595520446373,0.0111803744881087,0.270110531723442,0.542660597062232
6951,0.0208168560666823,0.0133597716150041,0.263554383763198,0.563831989637141
6952,0.0209363910228318,0.0120935388892298,0.248550712277037,0.458671013646038
6953,0.0199808219023431,0.0119559411441633,0.238691681774912,0.532929479904661
6954,0.0209758004990733,0.0131711049773437,0.219183018644801,0.58871826146866
6955,0.0240269215509693,0.011587497078694,0.261406013744312,0.537792657240976
6956,0.0179533273419959,0.0120009318963644,0.25587440097583,0.5203058733423
6957,0.0232121897493126,0.0174971481260317,0.370552567467205,0.6312748647215
6958,0.0221141599295996,0.0121063536985035,0.419581651512617,0.628893558208833
6959,0.0242855339407174,0.0168092180221613,0.425999793322795,0.684741766446537
6960,0.0211955865340991,0.0131384950776539,0.463889034738312,0.628632316289043
6961,0.0190789605899431,0.0152249461936024,0.426352235396716,0.563674558124554
6962,0.0252680317573513,0.0163062736090398,0.24587161464576,0.638583271275085
6963,0.0159763366252194,0.0172086049594847,0.234265597571651,0.633290326662428
6964,0.0259199898931005,0.0144266555746579,0.241682143065922,0.646144197528669
6965,0.0226623645775705,0.010737840154068,0.256534341851656,0.581013876990162
6966,0.0182257322777487,0.0140728485481125,0.262643058868367,0.596053081424516
6967,0.0191894382911175,0.00889703369095729,0.234839962110158,0.477153606825105
6968,0.0152605030953738,0.0169649680583767,0.214561190021514,0.610452904461809
6969,0.0225977777637951,0.0146389360036209,0.270976311971012,0.585784326600867
6970,0.0197104331570496,0.0146107615411915,0.229973978975252,0.536529047264717
6971,0.0241556088206156,0.0119906565750077,0.26247203402932,0.511987282346649
6972,0.0198712625290935,0.0100630429985414,0.247554226655649,0.526587763526347
6973,0.0130553751207506,0.0107797332457775,0.265522128916206,0.541215970095797
6974,0.0214729544891207,0.00949012355884154,0.277752246295951,0.526452759843708
6975,0.0209923781319592,0.0120831250719962,0.37908324466437,0.400334429441756
6976,0.0213316235360475,0.0175018517966912,0.22913753990866,0.549293581421582
6977,0.0242562327683298,0.0119138510665512,0.324196885654067,0.560321788380065
6978,0.0205870469751972,0.0152883787293331,0.267235265580062,0.589684095042628
6979,0.0210046509127967,0.0109140268071278,0.215773046682544,0.544043075737768
6980,0.0196329858886907,0.00910202013513232,0.22412589050158,0.422448687661205
6981,0.00978105783676611,0.0124671961211514,0.214622582521368,0.524978223679156
6982,0.0135178122878735,0.0138735659428014,0.216304197380653,0.663955572889256
6983,0.0196972339657437,0.015072385344827,0.252616324141913,0.601715974386879
6984,0.0198741615028596,0.016751762839059,0.250856120635207,0.604074257543752
6985,0.0128462244258172,0.00944580878442799,0.280496678909067,0.522497562821824
6986,0.0166455805306353,0.0165771465632693,0.437148806539455,0.699366812285437
6987,0.017517856429481,0.0163269962543951,0.393019784521481,0.753162215468558
6988,0.0219394677481603,0.0219710286993586,0.511840691746125,0.737125027223707
6989,0.0129967961035855,0.00867481482652339,0.42463021838317,0.519044429056203
6990,0.023849766061146,0.0178701848872893,0.451243784262642,0.640752032978941
6991,0.0217435249502983,0.0113778566047144,0.386315075767578,0.630114096432191
6992,0.0181158557001869,0.0145126371999798,0.35718477815281,0.582468626960765
6993,0.0169747547521322,0.0125135279487442,0.255650472797952,0.556596433156677
6994,0.0177858759145037,0.017170393010165,0.230120186571864,0.64471875358472
6995,0.0180114831284389,0.0119738608156061,0.234836150534397,0.477518977134825
6996,0.0202256739626461,0.0109471436336306,0.247200531078007,0.53227360133852
6997,0.0169282683397591,0.0117554753740325,0.264618410401454,0.535577699256707
6998,0.0218087737929397,0.0106982879326116,0.254372512358098,0.547968980669402
6999,0.0213308793712938,0.0120541376529464,0.254311164568917,0.520020207551256
7000,0.0225039150865053,0.0104212886786303,0.260176489720088,0.499279177574562
7001,0.0215821991305484,0.0118708437488931,0.262239405631112,0.37137320146159
7002,0.0259913398794546,0.0096963130136493,0.255501984767618,0.472441760336717
7003,0.0227185986661559,0.0114525082828722,0.252440274536187,0.530047264378998
7004,0.0151788622314528,0.0144808857065685,0.244223748320862,0.603000545420969
7005,0.0215334135335362,0.0129462698309142,0.214718296768279,0.613852611943595
7006,0.0208013952297467,0.0169446239125133,0.369265095025431,0.685766985624055
7007,0.0200184205292405,0.0142040353549491,0.441758474207947,0.675412826211029
7008,0.0152465056333694,0.0218073914103865,0.443624593677049,0.791459834496531
7009,0.0164721599513979,0.0213062480647602,0.377378260694318,0.696237967740319
7010,0.024976722420054,0.0160034331575323,0.461418325165271,0.704203438194354
7011,0.018802748938672,0.0194885023963613,0.523865081007586,0.747675101310006
7012,0.0180533525796099,0.019575256933737,0.527709357045531,0.747414067436
7013,0.0192674292931788,0.0148455326614069,0.49103194587919,0.629052509993929
7014,0.0132393083276884,0.0141757176111583,0.403584304761309,0.622197408871069
7015,0.0175689624243026,0.0112708018606546,0.421790067138734,0.585997572452662
7016,0.0159203657434042,0.0127043747671285,0.432571617626089,0.652153395955773
7017,0.0179270787052105,0.0179778867940298,0.450486812075994,0.709195844535256
7018,0.0219367412235497,0.0157862082617041,0.427491787616983,0.668029876478124
7019,0.0199528247965289,0.0178986659012561,0.422935881113821,0.64287955624078
7020,0.0248649756327625,0.0171365052152545,0.429682215287064,0.670092271037909
7021,0.0169514780199147,0.0159648397537663,0.437753124941557,0.580811974400575
7022,0.0226364528952132,0.0163701528496423,0.427525056891354,0.612604397261619
7023,0.0215660824619269,0.017592811916015,0.369481564895436,0.704235721645647
7024,0.0184243931409005,0.0163135079139399,0.41787515259635,0.738139073408975
7025,0.0164478163510028,0.0156823144108394,0.425029955781827,0.624280219215445
7026,0.0247479989853147,0.0106285266286494,0.433455183852295,0.537145267307362
7027,0.0163378066765847,0.0126629684350145,0.400559544385918,0.602146768666054
7028,0.018583499852985,0.010074587619701,0.39946975676,0.577423694288833
7029,0.0206646754177829,0.0197711591222635,0.449962383313361,0.646691492890783
7030,0.0229728513436447,0.0159722307911522,0.432618066378005,0.652030909522689
7031,0.0224202593145421,0.0141026767138879,0.374651906797777,0.752355027502043
7032,0.0211336401045094,0.0159388315955044,0.444303051451065,0.721906404754107
7033,0.0210634747009267,0.0131950239511524,0.446874793239558,0.698526715300931
7034,0.0197747310583552,0.0123196142927524,0.439632430562159,0.67427907663154
7035,0.019302126154384,0.0117196677896912,0.430347707572699,0.575846332869379
7036,0.0191376240025018,0.0139273992656744,0.446141375017943,0.655366996112367
7037,0.00816891725400963,0.0223063659100138,0.425426965007027,0.777201599649497
7038,0.0166490634755861,0.0329981198761749,0.396992845670091,0.852338634838242
7039,0.0164420162960374,0.0274261226254352,0.499419231337467,0.822377716498304
7040,0.0131543031667839,0.0303127619759536,0.455474648333045,0.827614148875664
7041,0.0201193694735126,0.011392153059648,0.497215417741918,0.705310390209392
7042,0.0225016171831883,0.0130292694766779,0.486085038793979,0.622512174751285
7043,0.0214264884709382,0.0334366754496586,0.395365523267192,0.830710867412125
7044,0.0272811139760366,0.021964102327427,0.502035407474478,0.753289469754297
7045,0.0138155134331144,0.0181717409709081,0.561518706484844,0.749479908012209
7046,0.0200551434770041,0.0202474198677233,0.440300623328418,0.734236645978366
7047,0.0190512679766725,0.0350553419222527,0.245147768019528,0.824510672051515
7048,0.0203354063523968,0.0208737007676833,0.242804712568809,0.712878706108204
7049,0.0190506843204695,0.020893591485644,0.232338047715296,0.731681985927138
7050,0.0243282437826724,0.0225735870945151,0.266028761988939,0.732153026201664
7051,0.0275372900091941,0.014260907392572,0.21834913745211,0.569710864661168
7052,0.0151617500549226,0.0161339867627047,0.226280324259189,0.649742600698632
7053,0.0230808876986166,0.0183547649054924,0.279671212200186,0.724941342024359
7054,0.0203270310969354,0.0148900602565171,0.211626725054722,0.676172071588312
7055,0.0208953891541459,0.0159572847000159,0.283104998710436,0.60408371201792
7056,0.0183672518374473,0.0111472924336071,0.248962288261689,0.57512381868646
7057,0.0174650369059301,0.0126373531136585,0.232644371711796,0.531684760386894
7058,0.0166582933567625,0.0111916707774072,0.242886935271103,0.563693783398111
7059,0.020905043310946,0.0118629083431871,0.22244273646475,0.593648620186901
7060,0.0205020973852792,0.0132864343736774,0.227368810946508,0.674897464496483
7061,0.0172867787830371,0.013086831688948,0.269420477404823,0.661685741527874
7062,0.0206943495902536,0.0132809242191714,0.263586224806771,0.639604984554387
7063,0.0208628439797059,0.0160411416874156,0.223871376507575,0.604124624177329
7064,0.0154089428270341,0.0133469837343153,0.270943850743811,0.568937566256558
7065,0.0185993082696564,0.00971655129241884,0.309564045598786,0.532435435440491
7066,0.022807637163928,0.0159761908293554,0.262476181248662,0.55410505747867
7067,0.0269500916518674,0.0100581001863026,0.186550827597246,0.434714183747952
7068,0.0134060507069298,0.00999453201655389,0.255416113885385,0.489010199587763
7069,0.0227097466542952,0.0129156064601938,0.263604515018546,0.564572685667218
7070,0.025353119600974,0.0168687427167948,0.261155967863857,0.549884032156372
7071,0.0165288439202969,0.0142725787817345,0.255009833732055,0.616548617958861
7072,0.0172812584854519,0.0100219254755896,0.248638251414317,0.500322739762297
7073,0.0201856204569214,0.0159008241598286,0.249564894053794,0.659603434554646
7074,0.0168996362121393,0.0158896047948648,0.253558648686705,0.517049292020035
7075,0.0163342499593301,0.0138989638127456,0.280282394930028,0.558056529680146
7076,0.0229034833163743,0.0154420358918922,0.263968352269269,0.688208681420344
7077,0.0207146769424744,0.0187496698290157,0.245016530925748,0.675275780360362
7078,0.0224746581796096,0.0127760442157941,0.31081308534036,0.561951518661516
7079,0.0219540443712507,0.0220419633738314,0.267541475029729,0.757139936847375
7080,0.022311485054557,0.0114585682089734,0.232035178399761,0.511384828986992
7081,0.0195950086714217,0.010630054533029,0.255237441642776,0.455963466180509
7082,0.015705985098921,0.0114790785292064,0.248524407619709,0.695736777771509
7083,0.0199734698170434,0.0200685545918514,0.277013181091547,0.645868913870119
7084,0.0215209142578578,0.0133578323308356,0.254876039049567,0.556299550840553
7085,0.0267706910032097,0.010834927555235,0.236731649185518,0.613290065204227
7086,0.0198055457499546,0.0245028985209208,0.322036971368478,0.710025493606341
7087,0.023887189533353,0.0198193213274879,0.257045989966079,0.705088846343441
7088,0.0189080206093652,0.0148140975817206,0.258857014678544,0.616794692551228
7089,0.0162411296362213,0.0209350031900256,0.30740005335943,0.754763225434148
7090,0.0149779080217936,0.027072706688299,0.224279007945837,0.755491157976953
7091,0.0130208133811104,0.0196257756666925,0.278252192335765,0.685180598035865
7092,0.0195271830726052,0.0171309197514899,0.234450682730875,0.610299739359599
7093,0.0195081410320414,0.0138045181321822,0.187848954158087,0.55780754700699
7094,0.0209151758749917,0.0209742518295865,0.212408106846422,0.715025781909712
7095,0.0175857279062013,0.0163156535853437,0.244803985743721,0.648598951132763
7096,0.0179352833189005,0.0139018824126529,0.229191557498196,0.58162943316435
7097,0.0185194191886245,0.0122996206259998,0.307321426326317,0.478897932756446
7098,0.0169148431857954,0.0104066190880766,0.268501264546984,0.491730240169412
7099,0.0182485141073032,0.0128558947979573,0.36248855252545,0.540743178517059
7100,0.0163461545907618,0.0117014034541901,0.320529681077347,0.619120685496912
7101,0.0211214082081547,0.0135946887550808,0.331555804606932,0.56596794316468
7102,0.0206475943075273,0.0106706484198943,0.23230058762704,0.541509148535352
7103,0.0203150410908349,0.0126627708187291,0.232181134024831,0.54745374974209
7104,0.0214947737070608,0.0129896648555522,0.231434134620064,0.641081479167284
7105,0.0185033568436497,0.00984598212970984,0.318431433912097,0.506800091238755
7106,0.0254763110596479,0.0148193619816155,0.290775429938972,0.607083642690783
7107,0.0169439080957629,0.0185073675340351,0.255510277994785,0.618091324020186
7108,0.0236913369559056,0.0127364045166638,0.273019019350342,0.55441835757215
7109,0.0219180181215826,0.0102728905675094,0.253754486979483,0.474689361768059
7110,0.0197581001037683,0.0137870323610183,0.2592708144996,0.6079636689487
7111,0.0212480453598125,0.0210999943669968,0.273176697122018,0.741102994836815
7112,0.0125160598710647,0.011278539293028,0.216702806461849,0.657453288398528
7113,0.0161260576845509,0.0145311082151924,0.25659059293466,0.580986310232891
7114,0.0191747805451469,0.0100506293478701,0.221160925343664,0.515244934714131
7115,0.0224001263672988,0.0123024828994193,0.272540579551029,0.485862017511209
7116,0.0163533838252309,0.0114761664317042,0.235755685895706,0.523872955829294
7117,0.0258985168806949,0.0110531378034528,0.263575121577891,0.569056381153996
7118,0.0235604391672878,0.01205763459815,0.234478285020118,0.569049052744424
7119,0.0257828206238469,0.0110207684882928,0.24013250569558,0.596012498689473
7120,0.0207339045471872,0.00846345786718416,0.255417096793143,0.505328076098019
7121,0.0224040756355277,0.0195862323891367,0.262974287145204,0.668956424772286
7122,0.0206138205137208,0.0102560599221133,0.183400407124078,0.412171084063483
7123,0.0190620019932285,0.0125571402324201,0.223665447879317,0.528953013614429
7124,0.0096369093442535,0.0112437241575742,0.255044950903325,0.506369876117675
7125,0.0216963726272922,0.0133323616442193,0.261189396611047,0.509037898346164
7126,0.0206440933491094,0.0105204555699458,0.236240882041856,0.549495265396165
7127,0.0237155152305385,0.0118997358128776,0.194417849577009,0.468232348089224
7128,0.0104997820973269,0.0134293566899454,0.2489893863471,0.594178529638072
7129,0.0233994176652786,0.0100669120393018,0.426480057278014,0.5136820373595
7130,0.0172282221441133,0.0179541599569816,0.426969774648936,0.693431422831362
7131,0.0239686361418309,0.0131010295709601,0.426927649760285,0.621216627224241
7132,0.00926165820368181,0.0145622924602209,0.397025076063631,0.632470671069743
7133,0.0173659825150494,0.0114130153763668,0.409775383699071,0.583159559663671
7134,0.0105800437159376,0.0119420023761472,0.404415891414667,0.552563719965511
7135,0.0185795619512263,0.0125625508619331,0.409424772598838,0.628534523102485
7136,0.0198256367914728,0.011178957077536,0.453608252109913,0.546100727201065
7137,0.0200681016831659,0.0151948427457261,0.439202259452177,0.702988820551233
7138,0.0221699203770976,0.014213806839518,0.426853677583778,0.553792264958083
7139,0.0200027396996077,0.012267627461049,0.511568741130665,0.557797902206803
7140,0.0177899694794521,0.00998994696186076,0.388982132463169,0.580662123577365
7141,0.0211230199782997,0.0123592183071483,0.452829130057595,0.599263865415039
7142,0.0121970293202592,0.0104325618668086,0.43702186680535,0.56699265735054
7143,0.0144968310786339,0.0134455028705176,0.450425258170996,0.673463815706722
7144,0.0169490332452502,0.0123456447531206,0.395362661107845,0.63077977852152
7145,0.0205191129589736,0.0192026868413416,0.437778172898447,0.704028328652033
7146,0.0225968127249208,0.0173302244676217,0.436322791227985,0.770636010890376
7147,0.0187140074594968,0.0172724994308896,0.408451192327817,0.696169965387151
7148,0.0135621118911476,0.0124719923051368,0.464379442617384,0.567912577027312
7149,0.0226840206375132,0.0146558783670631,0.505156440796081,0.703372869617906
7150,0.0210355320502654,0.0209301332590982,0.441749961047927,0.746277058606894
7151,0.0226774577175841,0.0108123930851475,0.402701412408972,0.582552179309006
7152,0.0237357788783905,0.0108410730145326,0.452003271686211,0.568290856194313
7153,0.0176981254112948,0.00818055580846201,0.414710832246591,0.522489115770402
7154,0.0202854099337339,0.0142316409986887,0.419442984623278,0.574265906830652
7155,0.0191359106116233,0.0258628763558795,0.440589012557,0.825764221503223
7156,0.0197721622224869,0.0213922904658932,0.431672436142101,0.733488804622245
7157,0.0273832537533756,0.023608965703639,0.441341449149236,0.738818010440994
7158,0.0155018616694969,0.0181496444774291,0.447214619334966,0.755583324280888
7159,0.0205416091096834,0.0307908018068003,0.580878497318464,0.801321233510596
7160,0.0189472454642682,0.0205950245125469,0.401887235922491,0.746304607954508
7161,0.0182533594732906,0.0172237740945613,0.414729404006292,0.773462336198727
7162,0.0176975213670093,0.0131399162811468,0.387629683850562,0.502606220101307
7163,0.0239030652127209,0.0109257042377191,0.47477310874769,0.480491312400596
7164,0.021655263498863,0.0101969452337779,0.318675069808793,0.479052587315282
7165,0.0136602371346922,0.010721609657506,0.242969483824841,0.44964749491543
7166,0.0209452669638912,0.0132752102877104,0.279449766106684,0.595115678579459
7167,0.0205660042046893,0.0115096060666456,0.254358773700124,0.601438883367013
7168,0.014177152466239,0.0192776048365894,0.270554274785006,0.685529427922106
7169,0.02265124715716,0.0215823774239825,0.264236956679786,0.695174764556257
7170,0.0224808612866109,0.0224826036031708,0.243216134489566,0.68442052396121
7171,0.0219254313261375,0.0137417966767594,0.278083837366907,0.649170295628805
7172,0.0173411359242433,0.00937507006886884,0.212109994800242,0.514567640034556
7173,0.0182614566346542,0.0098139704434767,0.181451678290563,0.441387119744858
7174,0.0152691905052639,0.0102679979289883,0.254010751345429,0.452181805088276
7175,0.0222733036460395,0.0108840347884578,0.218465651842818,0.547668468350413
7176,0.0236253875626496,0.0136986586428749,0.29997242369039,0.619364411582281
7177,0.0189176003160633,0.0104897240753403,0.233900137678502,0.492624746542979
7178,0.0181243011281573,0.0112469195259892,0.218887275146624,0.594328414725979
7179,0.0143459589294621,0.0112290813829885,0.231746645418414,0.5073951955212
7180,0.0186695391111701,0.0128754190995321,0.250903463117667,0.603216463328406
7181,0.0199850247846784,0.0128958177962761,0.239114827510956,0.61838762566011
7182,0.0197299282633783,0.0135630942171242,0.273702075612036,0.572795050451632
7183,0.0235607424637451,0.0115637699692477,0.231565665492148,0.493847031401756
7184,0.0217365061771212,0.0138789455504057,0.27885837387932,0.640993970268579
7185,0.016482154231987,0.0149163648656963,0.260503375284326,0.65336610444161
7186,0.0249599032022716,0.0132124305841484,0.242420616460497,0.607403274497815
7187,0.0225494428619248,0.0129720021955619,0.226717282660464,0.554175205561181
7188,0.0229694125389407,0.0108235478084978,0.212060671931831,0.474256913379919
7189,0.0146843625217092,0.0109712649449594,0.442581376316488,0.577807954281854
7190,0.0110261842488043,0.0207395317454879,0.456215049317794,0.766259095005775
7191,0.0306978961527378,0.0184516569357526,0.459572508215234,0.719228570964839
7192,0.0171256627682452,0.0152940953301509,0.447817622705797,0.610204526605827
7193,0.0222025281388869,0.0201151309653999,0.431289827412158,0.733302057783388
7194,0.00974906247567697,0.0111955641478158,0.448346894426851,0.666341467837872
7195,0.0225144682095419,0.0107270764723832,0.237882304975118,0.629716379699091
7196,0.0247939914938657,0.0125063705306758,0.236428789427259,0.645664507382556
7197,0.0230337287304235,0.0162716641933308,0.269925685479121,0.614391758491073
7198,0.0205575759062312,0.0113752469993224,0.25332393536982,0.541694991254242
7199,0.0157021761994378,0.012300367232842,0.22218375207524,0.611217901652037
7200,0.0206321368614306,0.019482433230519,0.232101980541179,0.668419955154009
7201,0.0227243483610486,0.0134264017173476,0.224362509377487,0.562028603539873
7202,0.0136014005072298,0.0146331898303001,0.227650118104564,0.430504169959674
7203,0.0280803917544818,0.0110940250853286,0.196211205992358,0.500277956890013
7204,0.0196031366635338,0.0125085020688122,0.265624213619184,0.595458778887882
7205,0.0160232330674356,0.0163432381824838,0.387845999385204,0.654887098461569
7206,0.0197422271679213,0.0252111774402777,0.26670901134147,0.74688019545896
7207,0.0141418388343669,0.0181970318348441,0.350371140399313,0.733616355175994
7208,0.0317091779636269,0.0147821204961964,0.219539197719582,0.67217593225196
7209,0.0158119220320127,0.0163828310343787,0.237289589479519,0.730568405730781
7210,0.0261073900983894,0.0189998848743142,0.43645601842718,0.719737509616326
7211,0.0182289689798098,0.0308434604792369,0.5012597984486,0.821510119390362
7212,0.0227830582738908,0.0248795255585592,0.492244460936265,0.801888770781853
7213,0.020186326281978,0.0273106813870996,0.433731743064473,0.788661580254981
7214,0.0219466123601411,0.0163380242242798,0.448038287753412,0.736499858087364
7215,0.0214081077307566,0.0204994284822315,0.426740432257954,0.762430182727586
7216,0.022581115304301,0.0142495096098564,0.432047097241558,0.657368339870818
7217,0.0197736432251366,0.0262581544898196,0.398139701337353,0.724151742498296
7218,0.0215059158914813,0.0135788746802005,0.433430906391158,0.576775599392873
7219,0.0232516743699511,0.0185727424890516,0.41231082857992,0.690974710546513
7220,0.0202802858593071,0.0166767098125965,0.423465664392048,0.734371058034639
7221,0.0217024518443333,0.0114063737863215,0.521992117601436,0.685444831009319
7222,0.0223802016659705,0.0175139077773512,0.398998932934616,0.713409779516653
7223,0.0188407909765411,0.0288540617281455,0.478042826868159,0.791410828892426
7224,0.0166393427154287,0.0172027755255102,0.374462733524259,0.699956565711045
7225,0.019607646782016,0.0198446406967476,0.42502600847491,0.687275203825073
7226,0.0123501953492249,0.0178727972101825,0.496487300482682,0.776732301589482
7227,0.0168132201949596,0.0197079799016651,0.432047645592481,0.750661811743034
7228,0.0270841391546229,0.025009070529853,0.397914619610053,0.762832527178166
7229,0.0175555408168719,0.0199277158936157,0.425705238350988,0.621876857627113
7230,0.0219819743969325,0.018804290636196,0.414243398723968,0.710227945172727
7231,0.0238045335533902,0.0401491618562655,0.526930486428399,0.861497277001493
7232,0.0181539285465753,0.020546873815319,0.366471819700426,0.732708721580269
7233,0.0235982537972053,0.0145882417720559,0.307425585578457,0.575362646432477
7234,0.0228644260806038,0.0151129001623211,0.248689573918519,0.608705990130839
7235,0.0232797316761845,0.0136544584771866,0.225255683100922,0.62965225490846
7236,0.018221828430806,0.0188827278980935,0.263942619111077,0.676456629384018
7237,0.0190258013408399,0.0198682769261545,0.247179814940962,0.720371374590925
7238,0.0164395995196582,0.0148884529609107,0.221155048542248,0.616593904874918
7239,0.0216805434551442,0.0114234549528303,0.229770472880087,0.563606204437874
7240,0.0155713189694737,0.0113182999155903,0.252624381566813,0.556238609841858
7241,0.0173825349022599,0.00972506031469013,0.258817248086921,0.516269284167087
7242,0.0180293629828519,0.011905688122177,0.216654188790274,0.588425946179364
7243,0.0248225811183015,0.0105771388152752,0.224253468534928,0.450590373626272
7244,0.0234719259282907,0.0147384698974704,0.289953155372805,0.556795365329052
7245,0.0227554525914023,0.0106404014263904,0.23555852395854,0.530032618008277
7246,0.0195867331381045,0.0125146966877562,0.261303823402774,0.584794891698892
7247,0.031267426755127,0.0115033973608731,0.23885291432171,0.442801149234804
7248,0.0240983704868715,0.0159128161229574,0.267392577214284,0.592721738800918
7249,0.0176493974446071,0.0132862908807312,0.219267988644681,0.618017490883873
7250,0.0197174830382578,0.0115847211517518,0.264696406174584,0.595839071447734
7251,0.0198189185211134,0.0117617463194601,0.232629861472294,0.54795385756492
7252,0.0223080842011501,0.0111864377785821,0.249371393980552,0.578855080471478
7253,0.0129344990008884,0.0116644141717995,0.215937361963624,0.572769634332475
7254,0.0217117627004091,0.0137329036483004,0.294401703789505,0.637461491568971
7255,0.0230470803304466,0.013666830799712,0.234419567018807,0.65482000756096
7256,0.01679784312703,0.0130828048680567,0.278267463631271,0.625169817649162
7257,0.0203079470847712,0.0128309392116628,0.282722541379346,0.542464987797202
7258,0.0212070862560952,0.0135511238036582,0.276614193785775,0.521579706317154
7259,0.0167285900512371,0.0111074992134565,0.223789593259324,0.524073043015329
7260,0.0179547705047132,0.0180745058219175,0.269172719002295,0.621356322002095
7261,0.0123369841533081,0.0180437748569878,0.255969951906597,0.676278854481598
7262,0.0198113893516582,0.0128185577003975,0.28327396668025,0.66403522949343
7263,0.0223458814300247,0.0173313918091994,0.228586703413752,0.606938001954522
7264,0.0219137081574852,0.0102315255714624,0.219693718406286,0.510334365324629
7265,0.0185927932904445,0.0127068352890576,0.273851274329526,0.664709653887063
7266,0.0109809178093367,0.0234265794197162,0.222604946154893,0.775480998015808
7267,0.0181158145416819,0.0171862552377204,0.277828844277477,0.680691072755532
7268,0.0179912440427861,0.0115192624533235,0.253827742795431,0.593785943515694
7269,0.0181328531155896,0.0124042954324934,0.256080537314573,0.559969804136859
7270,0.0196093200692815,0.0154260854039994,0.233745647524277,0.594535520753295
7271,0.016302933560835,0.0155373280161192,0.367120606575257,0.613363421962793
7272,0.0225332452760252,0.0101607965031055,0.204117560759014,0.440345068805208
7273,0.0194236799770859,0.0175297631174791,0.230886509143409,0.683975294216638
7274,0.0217573090750613,0.0106147982538774,0.232241143361225,0.586579627598972
7275,0.0199623563794997,0.0137267986553891,0.255549539317656,0.616986411350402
7276,0.0209663209798764,0.0107403063076213,0.257533533022413,0.493922659269728
7277,0.0251146671724673,0.0110563484102599,0.259596270616443,0.552794206706985
7278,0.021817690610318,0.0149139255944289,0.264427190862539,0.642873790677597
7279,0.0184838458134504,0.0131553360053496,0.255778791790396,0.518008120350587
7280,0.0180092823614853,0.0152504479952465,0.244609258751542,0.674643675096094
7281,0.0209850755186537,0.0116039469516524,0.247263353428479,0.547164218103252
7282,0.019378009543647,0.0117414349964595,0.266247389145473,0.572650921642951
7283,0.0219070868289793,0.023308828476732,0.252795167940898,0.737504945507909
7284,0.0169984336565346,0.0111605463872163,0.247932826298512,0.57570449529457
7285,0.0219727792636312,0.0103123693217769,0.271343468286602,0.447703592445243
7286,0.0167264616513917,0.00923826718540958,0.245889290807215,0.459403987796476
7287,0.0219783852765538,0.00933779922750426,0.23507323567835,0.462721192908683
7288,0.0195479767555556,0.0144132685150636,0.226668076531659,0.560759189991598
7289,0.0199265257731109,0.0130285824124147,0.254863463719428,0.631324216969712
7290,0.010281484523412,0.0235220899306577,0.218906539618211,0.693383978978475
7291,0.0202782335379285,0.0165035141107449,0.235827368793308,0.676681637308219
7292,0.0191699651478379,0.0208439347292615,0.438072169731866,0.737207521055845
7293,0.0236943481754406,0.0203283829254558,0.466228396079761,0.686275242030124
7294,0.0190881173398073,0.0101639967574698,0.446867749328501,0.562875329611371
7295,0.0177538026534767,0.0147349942814204,0.415684451184822,0.614831050259143
7296,0.0154356068571369,0.0107215382347514,0.259104938205537,0.542736081143191
7297,0.0260657209387654,0.0108459753154973,0.206098209645327,0.509770198558763
7298,0.0213352594338252,0.0207161179995173,0.238148609459491,0.770061429369865
7299,0.0157473631804797,0.0118472892169905,0.218837244484033,0.669032666485606
7300,0.0232718502141621,0.0117848056286009,0.282944997395492,0.52222925093893
7301,0.0140486958744202,0.0112118255136123,0.258322079156251,0.560133257028521
7302,0.0296253361770333,0.015200860269343,0.261987289349394,0.549396010130936
7303,0.0172432523941431,0.0160355183011717,0.266715825075398,0.624637855800043
7304,0.0194266450144083,0.0119172963937755,0.235773111985342,0.585805927379463
7305,0.0115305461967555,0.012720406603133,0.347189665345359,0.580271880842588
7306,0.0155367663296184,0.0122100072856915,0.224571765823218,0.513500491958781
7307,0.0176567516993714,0.0182665407870399,0.257629861985166,0.608043857681132
7308,0.0248569574748522,0.0155726807637752,0.223602353129566,0.577250941163627
7309,0.0168464343174798,0.00774211529128992,0.27468903788266,0.511044427012404
7310,0.017559258598786,0.014557308625281,0.267020193763153,0.690253695793767
7311,0.0230542513100666,0.0172352043917573,0.270009382892585,0.670963066865547
7312,0.0217463499472558,0.0117444732848778,0.271336521027306,0.552427692147189
7313,0.0175790360893165,0.0118501071257008,0.279380734017273,0.494600576241248
7314,0.0121106917159719,0.0136991187581072,0.299808029827045,0.620293729543787
7315,0.0112865782682925,0.00801963430421719,0.236507189954939,0.445117468260173
7316,0.0214998307469385,0.00964580645727343,0.244040799567404,0.506164437665708
7317,0.0193669660025551,0.0123804877154843,0.234811648419668,0.627151620670932
7318,0.020817898306827,0.0162274474433103,0.283391876924216,0.670242576664291
7319,0.0176112408065231,0.0102865260310432,0.221102511221949,0.385603144527419
7320,0.0233801612128245,0.0141114177199913,0.333507245223696,0.605642428678006
7321,0.0185719392036992,0.0225689219947969,0.350528155733849,0.792758169730508
7322,0.0196372425715742,0.0225233414272548,0.436999874016294,0.666621183617639
7323,0.0190466366434511,0.0131688289628148,0.442185973826856,0.605041498173453
7324,0.0198555695623844,0.011712984746715,0.51298226694818,0.677961132762375
7325,0.0249226683647032,0.0116043995539542,0.441634978459457,0.510741097800554
7326,0.0218469639397478,0.00826825128435366,0.435852221272392,0.460392140373658
7327,0.018174673271215,0.0110239623460201,0.477196598478755,0.571815555075652
7328,0.0197519638324551,0.0174792575852916,0.458211812220184,0.676311858577346
7329,0.0174925500048294,0.0171991643828373,0.421259360002994,0.721330748042356
7330,0.0169295918994121,0.0137842891882026,0.412755423033209,0.60379907368217
7331,0.0259024844798529,0.0137252856526912,0.440750014374432,0.533270055949296
7332,0.0165775217332297,0.0105912969959665,0.445066198082593,0.575929175303376
7333,0.0237872269172099,0.0124228830672877,0.422791471748415,0.574280783657778
7334,0.0174739613511841,0.0139133858694928,0.514847748197365,0.708359934907653
7335,0.0195410738400031,0.0252424453407561,0.490705725931152,0.811854661163326
7336,0.0127612385784409,0.0114518380721998,0.428433629740499,0.606847926641913
7337,0.0188632733255019,0.012751598846294,0.430020709750643,0.627630297720316
7338,0.0195747323532562,0.0133780091362625,0.438551144698295,0.700970315099991
7339,0.0191398877784113,0.0147853330589031,0.457605019715756,0.640142704393133
7340,0.0259607385499805,0.0169532096054935,0.37707441655074,0.596084401890666
7341,0.0165034784523613,0.0140661660263411,0.434438028370987,0.604084921680514
7342,0.016273916078401,0.0141039156067157,0.424602907344354,0.616584975768408
7343,0.0203682822661372,0.0143513545811196,0.425632996526108,0.643437413506392
7344,0.020202246307156,0.0277244367372893,0.443004328094546,0.797029106406255
7345,0.0179512394627214,0.0338776408647168,0.441917460222499,0.796089130637312
7346,0.0127374256403445,0.0190585457129808,0.417841935823378,0.712742135721657
7347,0.0177730964544208,0.0240323169330655,0.355920191539684,0.732998024066627
7348,0.0231412079268689,0.016668496233287,0.243448928140441,0.69148369761992
7349,0.0192711855679208,0.0158950704494026,0.23045612170089,0.549133188591967
7350,0.0233288498623868,0.0160312244644476,0.26473375912064,0.663324546803475
7351,0.0185373501062147,0.0143577661718396,0.235053845425827,0.590747248315462
7352,0.0214331865427808,0.014061595166656,0.266143438915522,0.635224940620645
7353,0.0238275031060402,0.0118491870133467,0.269237219756465,0.444889397964287
7354,0.0139251615921644,0.0108883107963095,0.268550819029341,0.48703012160097
7355,0.025019212729938,0.00964263566055775,0.217781510088973,0.46808302726957
7356,0.0277390787004464,0.0110259021444459,0.236106318071572,0.590122649199204
7357,0.0156629839780545,0.0134799574373949,0.226706766419927,0.533443950134306
7358,0.0185049288206003,0.0135555823854842,0.233648969968194,0.482518498339994
7359,0.014655578720227,0.0112185247468129,0.280423452277331,0.551108465133149
7360,0.021359708530477,0.0105421426744924,0.23592098810446,0.455229251730413
7361,0.0192884110918041,0.010401619546088,0.240367066484084,0.474024054861755
7362,0.0176159883483713,0.0132211860380427,0.238261268622446,0.58265915609049
7363,0.0191253311356049,0.0101436564221317,0.216133856244321,0.408203745474184
7364,0.0182614295993629,0.00953881177696631,0.187739514016144,0.49943279457355
7365,0.0201601271687616,0.0095007760133343,0.210867481406395,0.451102238688409
7366,0.0221860568286606,0.0114744559323612,0.212743816987987,0.496933134818561
7367,0.0202913948640372,0.00940695945116152,0.22412721673212,0.467341272726003
7368,0.0157242932395746,0.0141875971816656,0.233775296985565,0.630026852628863
7369,0.0207918682551204,0.0149778478134168,0.29136565344215,0.633452860056469
7370,0.0243566560597644,0.0127009602237305,0.234063343269001,0.612313254854754
7371,0.0188912302513706,0.0100919035283174,0.240155153151006,0.552652261524653
7372,0.0225373670672649,0.0141761645146657,0.26084778094497,0.64755537884106
7373,0.0160033602027716,0.0153006684943607,0.261710221216554,0.653555796782481
7374,0.0142750665066213,0.0144648850868941,0.256685836989861,0.585014761114183
7375,0.0210142015982807,0.0106325741260612,0.276067976515333,0.529086958101611
7376,0.0145865607591961,0.0155024451860471,0.287893411513028,0.638141796328252
7377,0.0202505131950614,0.0226325504064514,0.269845769651221,0.700612691726982
7378,0.0152580848120739,0.014583763623398,0.262013772116671,0.620983361263573
7379,0.0185037476347518,0.00910238713370618,0.26073500973344,0.513366560739045
7380,0.0242121210387667,0.0128575547422103,0.260886951512705,0.532071522100874
7381,0.0130610477249252,0.0107609759174623,0.237477654693538,0.517408733024232
7382,0.0205316650430535,0.0131964132837319,0.231875398478586,0.624549284408228
7383,0.0188980672141571,0.015201598217913,0.219249923573347,0.640805181651286
7384,0.0128145287456138,0.0202520199992592,0.259959812511685,0.708756335695006
7385,0.0213905484892519,0.0130135428764391,0.249589892750608,0.583781892758861
7386,0.0231879601081588,0.0125869474755463,0.237270405675204,0.532237257479457
7387,0.0180688738906221,0.0124036954619844,0.255587891333288,0.529803936689227
7388,0.0244819859180595,0.0138666819289802,0.260397909792649,0.562915386977338
7389,0.0170431883495812,0.0141311427313366,0.269034476329706,0.585758885624218
7390,0.0135854717387607,0.0100526973242111,0.263206341709563,0.522652371375739
7391,0.0241792753883714,0.0117089039846934,0.226659530015725,0.493207198805639
7392,0.0193379580061921,0.00934531155383802,0.22032536341082,0.43761807272725
7393,0.00923931580509401,0.0135825762401868,0.253951723633897,0.607201797049524
7394,0.0231571928269606,0.0140052638257787,0.328842877903889,0.574271931772695
7395,0.0268497891228304,0.0201343005693277,0.230308114579163,0.619407214389935
7396,0.0253132712385693,0.0162334908623781,0.242506118921897,0.544222884323773
7397,0.0171972114340939,0.0108206094580002,0.244221909222819,0.52385083027836
7398,0.0146736694978545,0.0162251739848642,0.381922524747712,0.509856190935362
7399,0.0109128871612216,0.0106405048153517,0.397935346212846,0.558865177816617
7400,0.013073740271546,0.0192603719703456,0.461532532464147,0.682984283287785
7401,0.0152429515497538,0.0173265464038395,0.434948150370229,0.70969784471342
7402,0.0163394915272015,0.020122926598231,0.439662858378403,0.665040152251949
7403,0.0219639595370813,0.0126276583373666,0.459661129941287,0.642403826288775
7404,0.019480186737561,0.0159231080604987,0.381356132105153,0.646251145606601
7405,0.0147143484169215,0.0165112059426006,0.423923500882642,0.665762873806108
7406,0.0189214619620409,0.0132500965087071,0.426620922639464,0.630561305938738
7407,0.0100999322964703,0.0117880586210073,0.440500245810932,0.642757916288655
7408,0.0192041760702205,0.0144718149499129,0.386689813183771,0.576755371135975
7409,0.0134530730939828,0.0122075737399136,0.257484765293039,0.588259908090385
7410,0.0292065215930353,0.0122062864497748,0.23711389598353,0.596220020836671
7411,0.0222290618819006,0.0112938679997492,0.250676458576287,0.568734585777505
7412,0.0138762180580722,0.0111230512008118,0.22383896867144,0.515592989528005
7413,0.0216461978199005,0.0131164259887358,0.217344813821846,0.566457994731481
7414,0.0172507472814266,0.0119741188088155,0.24863746131806,0.528570403423543
7415,0.0164163168727132,0.01192942227331,0.230452725943638,0.464302426274395
7416,0.0272259186378755,0.0128915950814441,0.217102055138225,0.455386211487807
7417,0.0214632301124678,0.00830058126589023,0.192415493173677,0.50263868809068
7418,0.0181008068053867,0.0150090421732258,0.262687744111425,0.69579012006355
7419,0.0199676510230592,0.0198481311451283,0.273394013526357,0.738025269606997
7420,0.0204764349353055,0.0309122203370494,0.270054275430046,0.835521966215659
7421,0.0169550327513728,0.0158928583470365,0.480140687471463,0.686243226484436
7422,0.0236520104382519,0.024525258595736,0.42842214482803,0.737112595378537
7423,0.0233742506218414,0.0201606588596101,0.425961670774484,0.736743509893261
7424,0.017398648460898,0.0194390748059428,0.428392202258566,0.720786663688433
7425,0.0226182951633964,0.0215512762255836,0.446322211999676,0.786114718771357
7426,0.0184010480978797,0.0156297214149395,0.444380752397584,0.730386773864129
7427,0.0176589589529326,0.0243596527966277,0.444696727440383,0.761526708329123
7428,0.0202154218533583,0.0161475845924103,0.437185934164514,0.702475093515961
7429,0.016927916334889,0.0189164295172246,0.495249428571146,0.683175159137011
7430,0.0209958024827074,0.0121052748958953,0.564311362902556,0.51965498172254
7431,0.0119160582078334,0.0143992598549967,0.440140191815781,0.541218808316008
7432,0.0238399313130933,0.0132588715389958,0.314473754773735,0.577159676256747
7433,0.0192582705883743,0.0140359812106207,0.227010161600148,0.577981245240664
7434,0.0230312595581036,0.01578140148309,0.219197103651497,0.619464145995152
7435,0.02298497513845,0.0169638045638895,0.243583543305126,0.729129670934357
7436,0.0276923780600147,0.0190699802940166,0.275719556944136,0.78058441298332
7437,0.0235045377631497,0.0212894080806515,0.231902386737849,0.785670792306736
7438,0.0158863822591907,0.0282798878454529,0.266622010911604,0.787671636521481
7439,0.0260566701206904,0.0219502365515398,0.287329568223318,0.740286080466603
7440,0.0168217243289335,0.01464328711319,0.221945732481039,0.659074812029951
7441,0.0124305740475649,0.01045471491869,0.217857688238807,0.463985287468853
7442,0.012221420094133,0.0113262607136674,0.209003054301757,0.42576214548329
7443,0.0172926275020401,0.0123379665147495,0.248447038733554,0.515750191866006
7444,0.0188621994318203,0.0134709127387248,0.255951580606852,0.514077941608385
7445,0.0121326795253914,0.00994865360770857,0.255840231866081,0.485031983560149
7446,0.0181458856564326,0.0164124048628647,0.21245750686,0.642252556191616
7447,0.0215652482031566,0.0172197732375623,0.239865262631958,0.669561506477623
7448,0.0180504732317706,0.00996789216820392,0.238326276574837,0.526847724511468
7449,0.0221212697074541,0.0113841667050119,0.287038808128672,0.443106837230626
7450,0.0219949175993249,0.0127838007144428,0.242359649147496,0.59340022306499
7451,0.0146853890526045,0.0115634035728109,0.249054808153997,0.507724638504717
7452,0.0166540644757971,0.0117597729526582,0.260210617479432,0.496148437430278
7453,0.0234024899195387,0.0149083721850235,0.311435750829414,0.571007954770248
7454,0.0183594823065798,0.0128103238455069,0.213638754337303,0.579488043781082
7455,0.0153599873927854,0.0106968954580419,0.27585524605068,0.456343845257799
7456,0.02390125494098,0.0112348097278562,0.250937849690923,0.548446296657589
7457,0.018505444857254,0.0100717354311129,0.269498183811596,0.537298479070645
7458,0.0143930963136112,0.0161946550446739,0.236119279877748,0.708974429129893
7459,0.0260939048719978,0.013306033735707,0.294078498759903,0.560826658362909
7460,0.0153303924249597,0.0138685469452185,0.242460622535555,0.594108151535785
7461,0.0206031509258616,0.0124723287118306,0.268504033463717,0.531717788670957
7462,0.0165911055429548,0.0159811410187551,0.269485305186879,0.680617944431436
7463,0.0171839097452413,0.0248542345735284,0.248569558037,0.687152501955298
7464,0.0223407917326678,0.0142983578714377,0.258203177922835,0.550928549545042
7465,0.023361225018756,0.0124756986406595,0.255941109612931,0.563661392300846
7466,0.0270146468927114,0.0129084218532103,0.239031177183066,0.633117522290608
7467,0.0178438574843404,0.0111123129836929,0.267236019549996,0.596713339227939
7468,0.0153575768468751,0.0176709501732339,0.397102872258043,0.727889421512113
7469,0.0121359499257047,0.0202064265235869,0.466907703623461,0.738527515289188
7470,0.0175161155332803,0.0160214917637439,0.431703744056835,0.732558030596957
7471,0.0219160787653737,0.0163439901199156,0.355317067205293,0.692438738261794
7472,0.0233369366428699,0.0162871306778363,0.215929217164853,0.702017995659931
7473,0.0214036446078761,0.0161858092696319,0.379196538080019,0.576220250490459
7474,0.023421304197991,0.013354636965563,0.440953267465722,0.627048002702923
7475,0.0167812178022579,0.0124596884276038,0.44656480150785,0.603004253515797
7476,0.0138015166200004,0.0116418148099321,0.335254915598217,0.631443673983022
7477,0.0228225687674823,0.0127316936960043,0.38183960421817,0.504363621187931
7478,0.0168953359478038,0.00891905758822657,0.44258233028186,0.513122752478174
7479,0.0193160357379263,0.0111547626529482,0.468707874511268,0.599799845266781
7480,0.0206728807885726,0.0115744156313843,0.433855087316951,0.656122182821833
7481,0.0209505941308579,0.0133364407054493,0.509583634503718,0.648815902892703
7482,0.0284733093155454,0.0180521255478466,0.376454792881097,0.665647691433031
7483,0.0248739236849849,0.021250498846966,0.41767581704415,0.729236411576352
7484,0.023247490601179,0.0214084151805991,0.425599495882678,0.736550548809177
7485,0.0199122954701114,0.0136341800223405,0.441325170327929,0.663687761800827
7486,0.0197280557879951,0.0102087662117798,0.432482986571271,0.546622599389501
7487,0.0177130821048542,0.0130296920654098,0.423254386813673,0.618096430107349
7488,0.0198695031035778,0.0122352522296898,0.458718433897377,0.649229846754294
7489,0.0145793211151999,0.0090667037688868,0.480385312973306,0.629613711512986
7490,0.0231011342811279,0.0215571808968796,0.368078763968973,0.759101942375529
7491,0.0165957096054646,0.0205740430796066,0.425211487957232,0.773107832081311
7492,0.0151315897612327,0.0237123054018711,0.434119152139686,0.70019903716244
7493,0.0183152895293966,0.0124511523761376,0.433697715122967,0.601299690064354
7494,0.0137651400923926,0.0118058091087645,0.344298593411089,0.56412241999712
7495,0.00979278284420255,0.0179434615712087,0.439914789775987,0.765659868309861
7496,0.0178961452611399,0.0493319322556533,0.391448633886541,0.889342329632568
7497,0.0206105602082275,0.0268783192907924,0.439082879574476,0.873933137694343
7498,0.0128421172786486,0.0244279477010527,0.517269748888711,0.819398345740631
7499,0.0225579582040086,0.0491070004250302,0.502109813940578,0.908495973648208
7500,0.0219880263171699,0.0223600590904475,0.500698049335899,0.816652786894319
7501,0.0270269015725913,0.0200498796012976,0.500324208587547,0.740809503761262
7502,0.0187945996683962,0.0246424567493291,0.443935481399159,0.765164939577591
7503,0.0145183891513942,0.0301204664048975,0.435854202269549,0.843795726799827
7504,0.0170712394312105,0.0249073408049683,0.432213385387705,0.808999341525175
7505,0.0258414136401934,0.0179003305224648,0.499786038441129,0.70612219504136
7506,0.0200779805679652,0.01098133782289,0.388339410689967,0.607841283496372
7507,0.0210879525926623,0.0116376072773259,0.354392161563444,0.576564187861001
7508,0.0173524394850533,0.01411244554629,0.221038634928512,0.643224502254761
7509,0.0217672952200324,0.0128316077180212,0.382319048381446,0.635466731751587
7510,0.0209854520880722,0.0159891585380609,0.330293441441156,0.583914803994102
7511,0.0179481484404104,0.014686050491132,0.22952851760162,0.599191490936668
7512,0.0225577374711735,0.0123798029340523,0.264460623949431,0.588426825453815
7513,0.0161627798111857,0.0125198877824487,0.295747366750661,0.580911843336587
7514,0.0248639576562475,0.0166740018069635,0.214444356656757,0.581618738155643
7515,0.0137013367843632,0.0117332101955865,0.213501447221655,0.442657856097573
7516,0.0208323682694881,0.0152175654898091,0.225504097023154,0.523495246609787
7517,0.0134241758456932,0.0128311808878326,0.235300460982784,0.638164802431952
7518,0.0197871974908236,0.00932204634889612,0.270064736723627,0.469371676780082
7519,0.0192512800037134,0.0198678919594792,0.213453080877131,0.687862994029931
7520,0.0168900617526657,0.0198972156409715,0.262541990057494,0.676424784643424
7521,0.0210430954718392,0.0168964052909546,0.225104478814554,0.618484850230532
7522,0.0245914168497212,0.0123636433259668,0.259386874001067,0.573344842151219
7523,0.0197271219512785,0.0103699288863377,0.268193724047126,0.454128574590322
7524,0.0226246541503746,0.0134616256637929,0.266994265959923,0.501717351097576
7525,0.0205329907910036,0.0166539681486932,0.277944194621102,0.654864627717148
7526,0.0171412286030362,0.0183302324382092,0.273187001281972,0.673355828587723
7527,0.0162486621399051,0.0181790346873066,0.347620268305124,0.676101764814022
7528,0.0221740704571776,0.0157004622106108,0.39864249862683,0.733718879988558
7529,0.0225410439938219,0.0201597191098701,0.428882927479297,0.766172263486679
7530,0.0269097914459765,0.0186205871977612,0.425459802132106,0.753787704286286
7531,0.0149100185279764,0.0254809891277556,0.498957689340331,0.856663614673466
7532,0.0169761369891997,0.0519305977401768,0.507846990807647,0.866309825310343
7533,0.0212998804635547,0.0213895259695712,0.44667955810105,0.770335897683079
7534,0.0199722165611486,0.0264358336208438,0.432223454985082,0.793411972559355
7535,0.0110198991209283,0.0150145055740574,0.522558785273611,0.7065400061061
7536,0.0163496565527827,0.0182682822416543,0.424361799635455,0.637695923021888
7537,0.0149910070840299,0.0142866425029425,0.427088855899333,0.649859452720762
7538,0.0185645535501816,0.0135972085930988,0.402394403646561,0.576680957993738
7539,0.0188412658216323,0.0113424168127932,0.368355034343192,0.502578069891986
7540,0.02034443965472,0.0106563804693629,0.39786080673177,0.503255002589548
7541,0.014928186338504,0.0132927929153113,0.441114435294149,0.576176835925625
7542,0.0208267024680288,0.0161744319801662,0.462774679529422,0.72026770836072
7543,0.0221241527419855,0.0182991016624623,0.496188946860918,0.74904010022151
7544,0.0198099557300049,0.012807424255836,0.431734214884882,0.678542057856105
7545,0.0173378488839214,0.0156360738858649,0.39516893915733,0.709665624913278
7546,0.0211127121491466,0.0164295664283715,0.425541327189602,0.694915866772877
7547,0.0237548376038843,0.0227913623460017,0.44115551505797,0.78001900972123
7548,0.0151741230488335,0.0201722556110286,0.414338764241027,0.696002563812919
7549,0.0217006804896186,0.0119933348179336,0.466475497181857,0.656398427710124
7550,0.0201312268775724,0.016624993524822,0.431274025427561,0.64583775656487
7551,0.0166229438239272,0.0143086752246184,0.420781434556865,0.592520871677312
7552,0.022146081325943,0.0164220179262449,0.431044170333891,0.685651601915461
7553,0.0213302231381861,0.0132402281616335,0.400275346274522,0.710105960233607
7554,0.0238370953617014,0.0117045461473545,0.447684624253571,0.647709692749209
7555,0.0209989400479753,0.0101480802073133,0.461383383733642,0.521509209980234
7556,0.0165495659910969,0.0106701951426823,0.44670376620871,0.558943687431562
7557,0.0180288277485317,0.0151304907953004,0.351072359010731,0.601747786166311
7558,0.0226033128522401,0.0194253621877183,0.4253769594002,0.635803843290219
7559,0.0186140151160604,0.0148625516627226,0.393420351333877,0.612160586394015
7560,0.0211289258864971,0.0193569424421716,0.495618649478052,0.637399459589246
7561,0.0216083398483395,0.0128706137705019,0.475834013027356,0.579670579818049
7562,0.0188025054258674,0.0183648997990492,0.397045784955311,0.735326897837211
7563,0.018365287943572,0.015588796138836,0.48544463808864,0.70395821204436
7564,0.0236831697203105,0.0133600573688273,0.448136641563081,0.599343820849763
7565,0.0167609903743256,0.0213219945087153,0.430390502320772,0.720291495470058
7566,0.0206279129606775,0.0147745090403501,0.518665910315131,0.624627120184161
7567,0.0192293080921136,0.0179857868258494,0.436837878456138,0.688914654588288
7568,0.0173380885879301,0.0171370918504221,0.436677797168948,0.615200648865495
7569,0.0217547403711338,0.0144758308851548,0.464819839354101,0.64036882522552
7570,0.0191425101201337,0.0133842153962213,0.47044414884931,0.579378564563138
7571,0.022776025437243,0.0179664987760231,0.376237940773368,0.696769021584447
7572,0.0178773401843186,0.0168966041122739,0.409638527493485,0.672150012455544
7573,0.0159553502160498,0.012100755789323,0.473030140137949,0.610246496770947
7574,0.0238989176212965,0.00928215199650214,0.441260174611746,0.525123265272684
7575,0.0169288228104158,0.0142406048192462,0.442592336301924,0.626209604254572
7576,0.020488157935705,0.0117890625411595,0.447932297020679,0.65345442098324
7577,0.0132155191943622,0.0151464562496172,0.426882319070358,0.658561449060461
7578,0.0195947906275575,0.0153154018894667,0.44300891327044,0.638457445837997
7579,0.0235391020072243,0.0180916658027378,0.417535525002632,0.731296582369664
7580,0.0229799995991713,0.0149780867402625,0.368778197295768,0.671424334723256
7581,0.0208428434061981,0.0160941240095124,0.429334364203944,0.609724615837056
7582,0.0176559070168698,0.0178328693232998,0.427267018808763,0.695325777614464
7583,0.0166543091841154,0.0166785247715116,0.43056725915701,0.691871215420247
7584,0.0188421004632082,0.0137478933234402,0.379912868899454,0.623212934867501
7585,0.0128874099830265,0.014208706278118,0.483427007017413,0.5892229322239
7586,0.0212983565439909,0.0148427527103247,0.447834562401875,0.565035157571798
7587,0.0216368030802353,0.015626165182105,0.392909835592498,0.658891172444851
7588,0.0197198331401779,0.0173663202441587,0.450217960631541,0.736670491897059
7589,0.0270435650044067,0.0235390478635277,0.501259443831653,0.744400074839697
7590,0.0296048313557898,0.022054759126199,0.376142371543347,0.755328134835245
7591,0.0217899692664057,0.0169791093275009,0.426230129749719,0.730502881895771
7592,0.0221716753032782,0.0192236827615437,0.429146085839004,0.72522605985073
7593,0.0221701183753507,0.0139204465991422,0.325132979991901,0.612139982120668
7594,0.0235202336665967,0.0213976926957799,0.366345526078727,0.658820880672699
7595,0.0212870998677882,0.0117791436004054,0.283268006181773,0.623280761120486
7596,0.0114135407829058,0.0165872083917479,0.447510252054913,0.60345799510097
7597,0.0203795865423014,0.0138157876087917,0.438616227188247,0.613929465240273
7598,0.0239851903386532,0.0179921210098705,0.377272866185585,0.679747898122865
7599,0.0180628408069878,0.0150355092680487,0.282050985677627,0.674312838178388
7600,0.0189436884968888,0.0109037284056961,0.268749437105658,0.630918854637036
7601,0.0228947688400899,0.0137353050029686,0.258388980753789,0.588223576837407
7602,0.0193188396698883,0.013374922287875,0.272958879370606,0.599936498062857
7603,0.0210677192086522,0.0114203249091397,0.265332301564926,0.463070782581947
7604,0.027515150754956,0.0103394593534537,0.237661570881022,0.604756811334601
7605,0.0239381172319686,0.0180214519420784,0.241808958200995,0.732623288111626
7606,0.0224929551597629,0.018149307955775,0.264455468083765,0.774762911407267
7607,0.0168085766760122,0.0196957568410113,0.234512088713683,0.691420094200451
7608,0.0214441842512463,0.0126515631160143,0.196405319390925,0.418480167215893
7609,0.0237937948948381,0.0097936841529488,0.341221335453734,0.406050801096469
7610,0.0165012360766009,0.012616943434527,0.451071326104698,0.563554029643808
7611,0.0201702838447505,0.0113571990221118,0.440632365397267,0.58489244217877
7612,0.0245157369536151,0.0110616239185263,0.4456092026102,0.637603137937645
7613,0.0204767751138667,0.0175244949395177,0.383642673361677,0.670401121819923
7614,0.020092182711435,0.0125143538969845,0.419038284705903,0.541456893829751
7615,0.0217055672360973,0.013377722589256,0.496592489269851,0.641960028292716
7616,0.0178507331566117,0.0119680279908471,0.322000627106157,0.555200047409203
7617,0.0257993837983203,0.0148685225724058,0.294327652905473,0.516064725523276
7618,0.015171766222886,0.0114308020838993,0.23716857092954,0.502802457083274
7619,0.0216217616191617,0.0118216317412352,0.247401023626047,0.515028805819331
7620,0.020690753337559,0.014493457951123,0.256852842170136,0.51689078512645
7621,0.0216446859509501,0.0111739409725004,0.285471858188759,0.417519042691178
7622,0.021498273231755,0.014768920873005,0.364463112552606,0.533836904133868
7623,0.0181518812966479,0.0127074991497097,0.249317295878012,0.566793578685025
7624,0.020017933400893,0.0114534473772411,0.231659758204581,0.506541248677213
7625,0.0197940900445331,0.013193616322812,0.257081111630154,0.645845967528769
7626,0.0165839675855791,0.0148913965249258,0.233154533321044,0.657154385779364
7627,0.0217402520270111,0.0100840796801865,0.217544105844881,0.53715173137489
7628,0.0183283477698092,0.0107131129526339,0.266720209740942,0.503633860131905
7629,0.0210465206554793,0.0133922315353849,0.225659350902952,0.573741889021455
7630,0.0169362025035195,0.00875245924619538,0.278974328205903,0.520574154284557
7631,0.0200378462296654,0.0139729850849,0.279588150939817,0.591867459209062
7632,0.0209160067429333,0.00938104566502085,0.183816297091881,0.383921736867692
7633,0.023050079835508,0.0122377569603127,0.244913515887266,0.592654741991098
7634,0.0196931387096079,0.00943580655009263,0.26274599209793,0.531438003413156
7635,0.0177217043352326,0.013703813725128,0.288527033958985,0.480691593466241
7636,0.0181606471154761,0.0136734848109883,0.235121762446031,0.548782734314447
7637,0.0139255855647953,0.0109408852563598,0.21535359537756,0.646817007847752
7638,0.020059877885868,0.0132405409408138,0.239659949185125,0.545620355247965
7639,0.020214000182068,0.00980565300170686,0.327446135352722,0.484419922694485
7640,0.0201958876477796,0.0142150429887702,0.219157786958372,0.554023549618163
7641,0.0244878152790634,0.0113332397041247,0.24640953366333,0.481896797814545
7642,0.0265660827046136,0.0108646733710048,0.259945975110076,0.407684703328851
7643,0.0209262577736735,0.0164681990139019,0.214118293829314,0.624728342398739
7644,0.021394887537288,0.012807439411775,0.245982616545416,0.606504253557953
7645,0.0178491034787651,0.0132824880174155,0.269521595709593,0.6066077254345
7646,0.0216663610628324,0.0131580021456956,0.244445516358901,0.644221896216929
7647,0.0120492716048505,0.0122757314288415,0.224117738103671,0.586557392088842
7648,0.0191620733117608,0.016904474627458,0.223294476494953,0.653288531553932
7649,0.0193270046405219,0.0217394752425079,0.309512021776622,0.788502537695491
7650,0.0196372389007593,0.0226778146244702,0.427913308605832,0.782106658885074
7651,0.0130043434150586,0.025810104883314,0.504263470571669,0.832560850791643
7652,0.0133620199928582,0.0340752574765826,0.507115778602946,0.896324592236412
7653,0.0182356284324625,0.0313792681570388,0.484700209084105,0.823118804114206
7654,0.0219411525692922,0.0170366558654282,0.387678705837693,0.727654617315001
7655,0.0215652839744133,0.0213881334752369,0.437409173415428,0.759430510045223
7656,0.0189675444566392,0.0172143021597524,0.438606966767057,0.72928894376341
7657,0.0229353462286302,0.0158999683265598,0.377198591173914,0.663797409077046
7658,0.0205046917107903,0.0160898244213088,0.415566544813645,0.639293335078404
7659,0.0237353345563863,0.0151334190802387,0.448702465924948,0.686841865357302
7660,0.0209497376948008,0.0264325965448158,0.441466077428855,0.733102748727455
7661,0.0189182940545274,0.0168020454194671,0.432283194119003,0.667797197402889
7662,0.0211821919800208,0.0161633902439088,0.408247051880537,0.656054273225448
7663,0.0188646104218945,0.0177165594095287,0.43674520711437,0.660831208018869
7664,0.0143495124086934,0.0144840654248258,0.421830061691713,0.645907976501549
7665,0.0189446257545984,0.0169786133673854,0.484734598147473,0.752040651827108
7666,0.0195908195748343,0.0138624677199816,0.441772991460615,0.655913792544583
7667,0.0188979785661267,0.0152337304167626,0.446985932545496,0.622501737932285
7668,0.0241865221791987,0.0175862809335788,0.434510301266432,0.621163306988139
7669,0.0189024084764359,0.012515872569563,0.447331078882383,0.601054654534908
7670,0.0200922953957481,0.0139954405141003,0.457775899572269,0.549967657574287
7671,0.0172330926694061,0.016482133860186,0.374216780001409,0.662211531773314
7672,0.0191962025985266,0.0174665023141795,0.450217598702134,0.697174501427572
7673,0.0199278854998266,0.0209202096116903,0.395314652599575,0.774920561201189
7674,0.0198357278534939,0.0207495071148353,0.418895576660799,0.796565198630704
7675,0.0250026215875892,0.015692251158646,0.444525932967441,0.628491001103029
7676,0.0122017966024577,0.0122077874370342,0.490919671129385,0.591971191129191
7677,0.0212790121011217,0.0203134492414574,0.413912318100514,0.684877186098247
7678,0.0178781818104245,0.0152193129738698,0.440004802024417,0.663191355070764
7679,0.019691730937733,0.0171366233786432,0.491906254177548,0.700173051727701
7680,0.0275061171424092,0.0095062649806932,0.439468827456338,0.54772939338145
7681,0.0151338610378628,0.0138629312752184,0.49380938979966,0.547500587557656
7682,0.0215823831597539,0.0118723202600012,0.435039750555899,0.547366274859793
7683,0.0265237518218194,0.0142228466505628,0.413674143483199,0.550143033606465
7684,0.015784886108899,0.0133354698510591,0.506377912347585,0.62208161245221
7685,0.0163580294250502,0.0128521822805836,0.467684837121184,0.657332772582329
7686,0.0276767593786126,0.0148800952509224,0.444189492795773,0.632185382278873
7687,0.0121488939128312,0.0268571894085703,0.477771830173845,0.745973937843182
7688,0.0168506087493523,0.0224847004957217,0.503875114483949,0.760390425724774
7689,0.0218209101411327,0.0123412651894949,0.399318954378735,0.638017802774695
7690,0.0131783588374873,0.0149432965578017,0.440649504948855,0.586267030659998
7691,0.0231202981911821,0.0156047345987188,0.451602801766061,0.61449108250884
7692,0.0219559091341084,0.00982583358730556,0.434003353156161,0.525840301959589
7693,0.013117422672105,0.0127444100137427,0.428989576808512,0.590048045004862
7694,0.0166926124802523,0.0205709684414949,0.426023988313351,0.626964454771598
7695,0.0230060862320628,0.0174417781786817,0.42660049461174,0.698308700649283
7696,0.0152817880460022,0.0352121025982463,0.464903982356312,0.81427725515624
7697,0.0221330854793189,0.0145657980899252,0.50939778127108,0.723634031162502
7698,0.0189100271065169,0.0117170386336965,0.463967209300657,0.613326281294805
7699,0.0200780295330219,0.0156792501751918,0.415510757649989,0.671843789171032
7700,0.0171737300407192,0.025491316019466,0.487476112034746,0.817093415248831
7701,0.0131502512728441,0.0243876783447457,0.509905182041225,0.833485067511312
7702,0.0225383010730409,0.0443455147883727,0.501345966228848,0.890849503785884
7703,0.0142959641595411,0.0421795019198342,0.501216959619571,0.920683238917069
7704,0.0164071008592156,0.0394398668683522,0.503890208841968,0.863519709975297
7705,0.0152324235728114,0.0612890071270018,0.536483907867569,0.895228027949043
7706,0.00973765656979433,0.0380508350384709,0.422334839641747,0.862667658719753
7707,0.023993753655946,0.0401176572209288,0.412148005616865,0.862719563244163
7708,0.0234272639079161,0.043568323409046,0.450373077076563,0.879931649037023
7709,0.0154714660524024,0.0343414730297065,0.506463089081417,0.903005220468933
7710,0.0113969878331785,0.0554540946369387,0.514129958922155,0.91604204687702
7711,0.0162047590350765,0.0373458334280907,0.485526934754057,0.861524002316517
7712,0.0169618107050238,0.0372760780230651,0.509727918370186,0.86283931285816
7713,0.0208378406414044,0.0221394002957893,0.425812704197916,0.756273636923671
7714,0.0232676393330684,0.0158997400710882,0.422890667734405,0.599152502422983
7715,0.0219627653369261,0.015308063120748,0.429289015408678,0.660240264529698
7716,0.0231254588716752,0.0128964376678791,0.455168010222567,0.637268636305695
7717,0.0180747765439971,0.0150862134026316,0.450869816161772,0.627986923123489
7718,0.0218515313295966,0.0149183041791484,0.443706612563623,0.667762664293372
7719,0.0184903073523347,0.0109603500617759,0.368854819620972,0.591581119618057
7720,0.0153122762458431,0.0153018198394994,0.490987408066131,0.687721323788114
7721,0.021706673198171,0.0182470291851848,0.373018583045468,0.694741025813027
7722,0.011603702162792,0.014421793603508,0.313600682318689,0.627632300820161
7723,0.019943798671658,0.011301959507444,0.372775784327522,0.507232993888013
7724,0.0170860925163675,0.0230420396707018,0.443158246664198,0.76860873723853
7725,0.0282103148489324,0.0182196172115144,0.446495307781891,0.693048723721134
7726,0.0182585141296775,0.0184881027637736,0.439629115208879,0.735110615057281
7727,0.0137729509346399,0.0229169840238013,0.463813800915681,0.763812608158213
7728,0.0147490177748272,0.0312360729209834,0.430962961012031,0.811009902017663
7729,0.0145657567724027,0.0127219772318721,0.443321183734626,0.576266576237995
7730,0.0215778017580204,0.0122654517364016,0.421379791607335,0.606433728779442
7731,0.0141571896571574,0.018470047190765,0.442648290711689,0.739320456742645
7732,0.0138630871867862,0.0151654122240248,0.404642042582351,0.587469606051789
7733,0.0185763582150967,0.00988700911913149,0.433768583692574,0.534157188486594
7734,0.0204577056516735,0.0178979775676436,0.42694518695103,0.665076682178859
7735,0.0239181964101212,0.0140616918725589,0.414799256689733,0.607907043708363
7736,0.0207278199772591,0.0162760629272198,0.406191846466886,0.651114247856819
7737,0.0135978693797376,0.00991570976747142,0.404153260320016,0.539381318046202
7738,0.017812486298938,0.0138441012746396,0.415135980768271,0.614799159948537
7739,0.0207896111399348,0.0153288250434337,0.344185301775883,0.589281642126119
7740,0.0177606188238499,0.0175927516568992,0.405303180140146,0.730413230921109
7741,0.0202007173596894,0.0240538546379228,0.410153175208693,0.760548275079581
7742,0.0219407633280016,0.0184521097073648,0.418217045047021,0.724257424505347
7743,0.0130617452836694,0.0113368973270874,0.432494339515666,0.416268781019871
7744,0.024254577881328,0.0167891452999914,0.494664661550748,0.677659247933594
7745,0.0184135530851191,0.016239174120082,0.474302334957593,0.716293323347777
7746,0.0188771310826282,0.0241990002032773,0.444416955898214,0.76380764208536
7747,0.0182582323061049,0.0122209992686129,0.406320865027508,0.515634891044547
7748,0.0224116605058772,0.0177530031241536,0.430752659657183,0.695405761433218
7749,0.0197896885271451,0.0126896493642998,0.468008204075918,0.658397371151724
7750,0.020582048617632,0.0214844217440775,0.449092908387541,0.702744722839305
7751,0.0146415257770812,0.0156281876834202,0.49016621843114,0.693903827835283
7752,0.0252056873946418,0.0144820610227233,0.430354803886403,0.644575772324701
7753,0.0199701778852799,0.0198665185724297,0.456645186877881,0.710614271054563
7754,0.0212021062924336,0.0203286201101435,0.428749822801421,0.759557931559065
7755,0.0227148688326778,0.012947547216312,0.425417535928253,0.518532226252455
7756,0.0232156113114335,0.011651334796212,0.422052006668218,0.565817579283257
7757,0.0192939975827538,0.00959559772257481,0.418562000342911,0.540549060992259
7758,0.0198111120981837,0.0114736696668426,0.315962625801017,0.651642499440219
7759,0.0190226295254009,0.0146688877834865,0.427701571987338,0.71563150524325
7760,0.0222915562039994,0.0267307079562204,0.49729484893909,0.838815985951747
7761,0.013435618404549,0.0225283849543805,0.387750184817633,0.71591176456694
7762,0.0203943218110315,0.0198382803437521,0.502442236791122,0.721901191273576
7763,0.0226586493985382,0.0224963867096181,0.4050900991489,0.779609000100486
7764,0.018066630975611,0.0154679481113118,0.425717010676098,0.762673568444767
7765,0.0196997154159311,0.0323151528506469,0.444277206507181,0.844257024122123
7766,0.0118207160231001,0.0301183506046037,0.459142538896153,0.83044169193234
7767,0.0194132022062252,0.0219598344999384,0.519060622233037,0.784331441614333
7768,0.0198103272071831,0.0248865614120126,0.493601939666109,0.814175955044289
7769,0.0198487628275248,0.0162193997013987,0.448581412234581,0.692361969791906
7770,0.0176224667829527,0.0184039733390077,0.448151450992062,0.697427875302896
7771,0.0186302072976828,0.0136427773171035,0.492244250157688,0.667267323781286
7772,0.0270492567299655,0.0193121125954091,0.469121232934893,0.699924387714191
7773,0.0183838337208055,0.0334131261052371,0.512167650382462,0.825868325731179
7774,0.0197777248375341,0.0217451505421168,0.502324880532839,0.794509396724493
7775,0.0223441976965807,0.0295536805673127,0.246810977000928,0.808848828913258
7776,0.0122541607829009,0.0175368509127638,0.268037974254256,0.671116627531852
7777,0.0224332876286054,0.0174776567575375,0.252601259233854,0.700138966284958
7778,0.0209147062498388,0.0182434460171992,0.473810978402742,0.780293868131955
7779,0.016681435204525,0.0176405674424808,0.454790587741283,0.684599612574603
7780,0.0215203048090591,0.0188188458232239,0.428532286687175,0.68509462524417
7781,0.0147805283958934,0.0165024914416344,0.437975439414821,0.654954622929299
7782,0.0212714649501726,0.012469204367945,0.390090813240659,0.637272392295326
7783,0.0247921515718496,0.010694387880276,0.376910064797435,0.595065218722995
7784,0.0193803862401677,0.0106221801949005,0.400304109779368,0.547129540344054
7785,0.022388562559842,0.011430479550673,0.376511100127499,0.536295843148115
7786,0.02102385707308,0.01550283306309,0.425516253308952,0.629381678980942
7787,0.0180975220656659,0.0142977758180001,0.45042740597631,0.63215037777803
7788,0.0259940208648986,0.011245057241025,0.432047925524579,0.530601021873405
7789,0.00912882728439101,0.0158244179257579,0.446485317551633,0.71132450533465
7790,0.00467149050611782,0.010344282721216,0.460162753712832,0.526917903949326
7791,0.022712277262399,0.013464221332374,0.470920687649713,0.558288179363682
7792,0.0221252643026662,0.0134371675850933,0.425703075437039,0.612838703193746
7793,0.0149368019727988,0.0140574195379439,0.379955826932774,0.656859685273276
7794,0.0230542228121615,0.0153572659115138,0.419867132701896,0.700267536164999
7795,0.0166546530423178,0.0156167728486454,0.388690867497219,0.673702341939269
7796,0.017429654892626,0.0155100239518062,0.371445813708103,0.742151515021246
7797,0.017884876008452,0.0211769875401231,0.388404214901123,0.727335851961884
7798,0.0143198875046777,0.0210718656634705,0.428206398148002,0.771110477558946
7799,0.0186529539793523,0.00972702902397536,0.457120343376659,0.521178670612979
7800,0.0188146989755033,0.0121150028867134,0.432045623690245,0.524884804879007
7801,0.0235404195705792,0.0190157051555842,0.344472015782959,0.663023116683171
7802,0.0144346175400674,0.0204501393580928,0.28092975315695,0.727274876284914
7803,0.0181951838523656,0.0202738855353247,0.27173406361655,0.728976334689087
7804,0.0224881099242525,0.0222182250922918,0.231440911681278,0.730378840010404
7805,0.023848249196673,0.0217291086087544,0.254424586237414,0.75591942953616
7806,0.0163906964809046,0.017063187369083,0.223792170502154,0.699197226319061
7807,0.0115984422894942,0.0163099841859903,0.258301585953336,0.670275690873734
7808,0.0214866881693806,0.0102205913530288,0.260293145773138,0.520223952651591
7809,0.0206277043131314,0.0101122244405011,0.197090886966468,0.417440554729939
7810,0.0245186206079281,0.0107354070044804,0.263714463990574,0.529196067040584
7811,0.0257500722174108,0.0134020871839186,0.252499839404549,0.40924551844691
7812,0.0175690576947121,0.0100576608838502,0.238558932805905,0.333439766742848
7813,0.0264920053586359,0.0129616218904373,0.259529340669564,0.514135277518109
7814,0.0218664279903077,0.0114810471236947,0.241306209892717,0.517709832270061
7815,0.0194432898974804,0.0138026467897168,0.237147329046446,0.596072585611778
7816,0.0195924867429971,0.0114209923491146,0.223368062251226,0.533009349122391
7817,0.015593074955047,0.0101409187698162,0.229664463792482,0.524703652538229
7818,0.0223723498487875,0.0127905708153697,0.351800290868297,0.571305419106349
7819,0.0248361275763788,0.0102383714111523,0.247325777596756,0.515582727867543
7820,0.0136082359203346,0.0142739697499174,0.23484029914671,0.498539688448973
7821,0.0200009843861048,0.0185932146749959,0.278603668102542,0.685370065569749
7822,0.0201668768306173,0.0124897217651727,0.439003762801662,0.6307369180684
7823,0.0252679254179522,0.015681779179006,0.423539178407727,0.644376868472186
7824,0.0233568558677048,0.0197553956358065,0.447816137440908,0.764851340840531
7825,0.017972183521055,0.0124075159650103,0.484146700407583,0.663243641730631
7826,0.0255323122786969,0.0225736602846116,0.363616416384868,0.73932639175401
7827,0.0263543818006437,0.0174147285176259,0.322057604848706,0.678243457124471
7828,0.0228674300447487,0.0183154532769832,0.242869326860038,0.630796126375022
7829,0.0232338731092924,0.0116665497036237,0.250908888469621,0.589665897331143
7830,0.0243105958165972,0.0102825563687266,0.262454791221374,0.56365421750835
7831,0.0223177780057471,0.0103472949665922,0.212429328205089,0.520790574014703
7832,0.0224392953786164,0.0100587232449421,0.228640938684717,0.427388216156955
7833,0.0200557945237752,0.0116081936948432,0.273183027034325,0.350733191256716
7834,0.0185428357399914,0.0154949225631295,0.236418798503174,0.582012866185194
7835,0.0215829961849247,0.0126108278476118,0.262388070072935,0.586833426172623
7836,0.0235947478071769,0.015116041751948,0.251530979921341,0.570047947456864
7837,0.0171289530908595,0.0116318461372246,0.244381917373229,0.432259327246582
7838,0.0187012929092205,0.00969224111785128,0.193938602049153,0.506605802674587
7839,0.0190468826302238,0.0157172313867821,0.281468598606207,0.563054346361342
7840,0.0269997401552851,0.0131088148304955,0.258742269442321,0.569912901823963
7841,0.0200678798465002,0.015845566073646,0.275778090253851,0.676731944303475
7842,0.0243650498069472,0.0156894749316558,0.439545088846854,0.693020305166369
7843,0.0261292685837977,0.0176623253760304,0.406365801732767,0.627868340159132
7844,0.0228244854003303,0.0117606546942804,0.23560716194885,0.535073622886434
7845,0.0280743196139536,0.0155841281627461,0.232503677614491,0.624381568093976
7846,0.0205606819290345,0.0146522302960466,0.262729822493496,0.579775629467314
7847,0.0153262896043467,0.0118670037766549,0.263716811406571,0.580467136584795
7848,0.0202226943990618,0.0125926529126951,0.217462042861701,0.566382832182294
7849,0.0203777586513986,0.0127651907033813,0.26667212196432,0.551012214768641
7850,0.0222910559677456,0.020500843145059,0.282307567997967,0.743122748609875
7851,0.019473046248202,0.0171066514618331,0.240226255852012,0.654035668545691
7852,0.0190014686643301,0.0223974222981359,0.305928059762932,0.735963165369274
7853,0.0194521049700114,0.0149585815044699,0.250420822624427,0.70646323646051
7854,0.0169172635325793,0.0131950136353634,0.215131939711695,0.546548143910498
7855,0.0236611258655973,0.010992397740104,0.262965606122475,0.499028376774194
7856,0.0205897915751161,0.0273872812180887,0.254581447384056,0.795899422195465
7857,0.0233032571069853,0.030124646748928,0.271156839107502,0.774394580146784
7858,0.0188540423536529,0.0179114381711625,0.408815241958635,0.714888363429942
7859,0.0202594722502576,0.0193988444086276,0.430903052722842,0.770092212629036
7860,0.0170409374785312,0.0240921463392114,0.442094165325082,0.763599292093048
7861,0.026131163406817,0.0168791991517413,0.408661705816324,0.727751453978915
7862,0.0130289193737936,0.0229194403371102,0.420949353315604,0.760418219709373
7863,0.0161389171740673,0.0145290659775898,0.383850538497026,0.651700208494515
7864,0.0201490579126064,0.0205009455394558,0.475465748769544,0.74212943543499
7865,0.0198784094223406,0.0206868598605218,0.422463680627735,0.713529828773871
7866,0.0181016365755503,0.0179778145571894,0.414596021589915,0.686421590370232
7867,0.020605526082694,0.0130456264171705,0.450157530924333,0.631592739139447
7868,0.0209296863728978,0.0159689986581445,0.415867845782944,0.593532229989366
7869,0.0174921421349248,0.0117962736307687,0.451221812247694,0.589284536789289
7870,0.0180460574889461,0.0164401071152075,0.440827839307808,0.660651147238422
7871,0.0185337140265831,0.0150734212100655,0.453202618960262,0.669730032792253
7872,0.0252871636976818,0.028599388034839,0.481940263399252,0.802517949467117
7873,0.0135200660124605,0.0215284603553177,0.417057764814363,0.747167100971343
7874,0.0245154690492085,0.0240207853271685,0.44493261878575,0.823567509537182
7875,0.0125417502095403,0.0504786575954587,0.375793385932437,0.879385091947645
7876,0.018061413694101,0.0296130840110921,0.435334524077954,0.807860575960495
7877,0.0231247631777057,0.0200197312215255,0.488844051320758,0.746983788211627
7878,0.0229989972893389,0.0157477739776959,0.419288896708312,0.688019131278671
7879,0.0196141630164514,0.0139900443945057,0.445413470837746,0.679525252727812
7880,0.0169159429473621,0.0164954648911306,0.443188176187668,0.717221874022463
7881,0.0225081829433479,0.0126676683429797,0.517004097017753,0.634196000314465
7882,0.0198204496095262,0.0152034422066735,0.346963121233358,0.594285439525524
7883,0.015458360332407,0.017267477881233,0.421564626604377,0.63090826678232
7884,0.0146752583159963,0.0129158995190902,0.445762691804623,0.438736622788308
7885,0.0151359786316075,0.0193879864633345,0.440095117529091,0.75341546814663
7886,0.0160263514496234,0.0180198461893833,0.434145067192767,0.667233793316562
7887,0.0230488630919292,0.0268040624859154,0.449690193092242,0.802178313529721
7888,0.0173768613436963,0.0197302257443674,0.440951144683093,0.719295528846527
7889,0.0201769886130469,0.0182077791308643,0.415460591378451,0.705423239677248
7890,0.0242495699770449,0.0184052446279383,0.441461871030525,0.68486523896191
7891,0.0203009828167699,0.0152215481917533,0.43647734726233,0.7058865966991
7892,0.0158886716634877,0.012519436450985,0.4061268072438,0.601251907507695
7893,0.01766197707323,0.00847012971094742,0.412518705280759,0.511017280258744
7894,0.0238309540477326,0.0176319415476638,0.449244367826043,0.675537378235515
7895,0.0155075855988328,0.0107944206614891,0.489712907369391,0.531885047794848
7896,0.0119493310994521,0.0175940301792645,0.49267866102357,0.670964827100745
7897,0.0110672567801376,0.0131104627110593,0.434812234802029,0.574845541814058
7898,0.0236087760471238,0.0113875732193374,0.404698804902191,0.645144105670867
7899,0.0218239174576257,0.0200493747669906,0.480031343581178,0.697635912739186
7900,0.0178716051528675,0.0166511678801842,0.438350019808645,0.675604919184243
7901,0.0123195465228526,0.0161138054266052,0.48566105699265,0.690511713315761
7902,0.0163592726227997,0.0140015944065984,0.449008668408893,0.677380801049454
7903,0.0198447570059774,0.0229886761643547,0.450049966904554,0.741468266071375
7904,0.012868658085492,0.0223341838724536,0.442585175923348,0.744710885464153
7905,0.02229365195086,0.0155490831248727,0.430795774989208,0.655055423733736
7906,0.0150696318739475,0.0183959751372691,0.429975632674042,0.70900853153659
7907,0.0201361278814178,0.0193431076553476,0.422246890095105,0.750270639365823
7908,0.0200145334051036,0.0133796169032736,0.400773184696607,0.606128353197625
7909,0.0202114220457277,0.0144116033443293,0.47068831927232,0.482596253963074
7910,0.017300018406501,0.0103174792562413,0.471308472798107,0.447820888289652
7911,0.0212095355473829,0.0119749076269091,0.44242587301236,0.522505327246246
7912,0.0204638849987676,0.0125022385213024,0.2416207675756,0.493909491076325
7913,0.0187889564005209,0.0124392882212909,0.295299534369327,0.5520750538725
7914,0.0270982160193308,0.0117270445721654,0.224863001938957,0.475927239022047
7915,0.0243538290016045,0.0106479580192368,0.261451914752182,0.47053144463026
7916,0.0205652496705596,0.0115290503100036,0.238692988685099,0.501283237118462
7917,0.0161640994783479,0.0146941029213912,0.257692773472305,0.60299934587848
7918,0.0184389901867,0.012348134290095,0.260552730409192,0.542349516353122
7919,0.0220015413539799,0.0146634181713608,0.231413534884687,0.646709654635871
7920,0.0206116848463297,0.0105277362935766,0.232574021202139,0.480789975398473
7921,0.0143663879073091,0.0108077990642039,0.455470445396079,0.546556008043907
7922,0.0222788558408403,0.0127500015167672,0.428681121012389,0.613790782520377
7923,0.0164549568832147,0.0130846632562471,0.425204063742435,0.588877519940016
7924,0.0211168463504859,0.0192558571421594,0.444500290469113,0.745009916441852
7925,0.00883331616034434,0.0138337809521912,0.434520356733475,0.608023940286032
7926,0.0150800271434848,0.0108785397653222,0.31002234967068,0.471844836980261
7927,0.01207769518786,0.0158710960473197,0.255582852967271,0.631660054180564
7928,0.0210016206645385,0.0177941135604327,0.25627316212928,0.652588561644601
7929,0.0162394242378948,0.0153110902272118,0.243154224994897,0.628300378442712
7930,0.0168363975642325,0.0138110762365411,0.26163441161466,0.449615860590439
7931,0.0163523431804362,0.00986150015521776,0.194587563560088,0.46534311426037
7932,0.0167259792220467,0.0195123258585535,0.252521618399371,0.662463224623459
7933,0.0246756881129976,0.015152618597449,0.248640747782147,0.609910999876594
7934,0.0187861337232613,0.0204231961547832,0.277871651302541,0.72628601381877
7935,0.0325045700801098,0.0144776448400075,0.221303360310402,0.497157657766404
7936,0.0141179409013065,0.0105890239842928,0.248270606434416,0.513131386495333
7937,0.0180886283513496,0.0116474696097412,0.324174204126077,0.6342972441727
7938,0.0247436884092461,0.0226065449385509,0.294207178196885,0.774169541092425
7939,0.0234872153095317,0.0328106436877233,0.214669931710459,0.839787036891601
7940,0.0238452307088088,0.0270933889533423,0.212694014338089,0.782729196683828
7941,0.0201580080292788,0.0221581929861801,0.221504862785368,0.658649877924184
7942,0.0218733618225666,0.013740884560123,0.224864438257659,0.529361789842412
7943,0.011552364501401,0.0107567285895065,0.194626925365267,0.473146260976409
7944,0.0223590067679123,0.00904921722678759,0.250637765611565,0.395315824698178
7945,0.00924235141689342,0.0122884039673933,0.256407854684732,0.588615703649402
7946,0.0236259667385094,0.0138052090068167,0.24677554184576,0.480105418614941
7947,0.0152916211285429,0.0129204397578969,0.24835408983819,0.497616192091953
7948,0.0220793706272303,0.0158810229972033,0.236863254805607,0.65280091121163
7949,0.0161176530217119,0.0130937924167286,0.227983249218318,0.507460418625076
7950,0.0176674709708479,0.0101107577073218,0.254475363589392,0.473165176724379
7951,0.0159759830164776,0.0103596828658393,0.445798344277308,0.589741240784194
7952,0.0175712785134456,0.0115879129760757,0.229399565162126,0.492486864337181
7953,0.0126620611372309,0.015376661523812,0.253343702144554,0.561543786931677
7954,0.0188105464106673,0.012640317519288,0.222742196332742,0.489950605597518
7955,0.0248645715650686,0.0137179491536397,0.201289811662726,0.531295513105596
7956,0.0200058042374797,0.011087687525899,0.211384021123932,0.493095011231011
7957,0.0202749272908139,0.0107665892431149,0.252906168395998,0.413132479559685
7958,0.022314337483436,0.013000368050716,0.239262279681473,0.573549054183556
7959,0.0200715811269996,0.0180495113440405,0.229184058646575,0.62081806239975
7960,0.016981674977734,0.00892842263300648,0.417736447734395,0.512765982358044
7961,0.0203881769042131,0.0174831051590444,0.440568825675969,0.758335085154059
7962,0.0197437926841785,0.0260450429023772,0.515487205249143,0.808134417321274
7963,0.0173998495061179,0.0223633338179588,0.441351379428217,0.771212713613955
7964,0.0223347889023591,0.0178414336463105,0.454139640962967,0.697537975917191
7965,0.0190278761486845,0.0210840807179664,0.445590104648258,0.783503972846585
7966,0.0206482175651577,0.0181424051681148,0.503555896209858,0.800025983177018
7967,0.0225002094358499,0.0334945062326936,0.43494314254894,0.844716904311063
7968,0.016532577152489,0.034215471888683,0.502371117768855,0.885238214960121
7969,0.0163851163379066,0.0284001675713281,0.42680480668273,0.841976198029709
7970,0.0193624341444155,0.0432499360080036,0.416576601444104,0.864238613456263
7971,0.0249515706176682,0.0234557825841278,0.426847073987606,0.797026588899433
7972,0.0271734503777209,0.0302119437432746,0.412963315874063,0.809728973406655
7973,0.0187552598515642,0.0319441615012052,0.428377313099978,0.858035939018566
7974,0.0162433163715593,0.0402867959699357,0.441327161521438,0.842942395402785
7975,0.0147036538020678,0.0449217691767921,0.418586182164331,0.925477656646129
7976,0.0234823251715948,0.0584482971661577,0.524107180161142,0.904634233963627
7977,0.0291021647762532,0.051513717158676,0.438886743148093,0.918363084738978
7978,0.0160914792070915,0.163738456161895,0.436973309743146,0.967755068765494
7979,0.0178167351375201,0.212265939932537,0.485458163858711,0.976403380437047
7980,0.0179266119123391,0.256809810601885,0.497282655417539,0.979648406601096
7981,0.0183181103286851,0.327094228382435,0.475261064268921,0.984237527613723
7982,0.0199191061917461,0.343342214182908,0.504442637943563,0.988022457700394
7983,0.014676419489627,0.219875929997017,0.485489560747713,0.977656286165989
7984,0.014808350166737,0.143314067157414,0.39600924741836,0.960637260042231
7985,0.0175275933772962,0.162110572529744,0.487186319659821,0.976821522405808
7986,0.0215866040012381,0.124413974340811,0.515375802198575,0.959967543037037
7987,0.0171009299311209,0.0866032753226861,0.492029078613931,0.926778259883703
7988,0.0176638214055414,0.0313704292505186,0.435830416764969,0.873479361182585
7989,0.0196035797107257,0.0240483202408767,0.445337182532204,0.790692985176147
7990,0.0166811766363828,0.0178778534809733,0.483776790353155,0.721469751239811
7991,0.0154881384497529,0.0340147677309869,0.449488393076047,0.847209664637206
7992,0.0140070978727656,0.033616423617375,0.584982656762758,0.864523385932186
7993,0.0198094088756785,0.0262485581723785,0.587538867621574,0.775023287418287
7994,0.0175988724834685,0.0172386657550749,0.444744773356818,0.709093620030049
7995,0.0210732714158797,0.0196254032864134,0.43197417849642,0.76505006412179
7996,0.0227677979721908,0.0146293958757567,0.470176773881571,0.520507597499895
7997,0.0184606490279563,0.0125050234458041,0.346171175533699,0.552638746994375
7998,0.0179512812218745,0.0125433252764677,0.441879504186594,0.535169175203448
7999,0.0216066964135913,0.0128539936263413,0.439423790913539,0.557139345497135
8000,0.020257247151799,0.019598731086109,0.430871635969663,0.707836228667146
8001,0.0184328838788487,0.0131038152469901,0.440416347760542,0.631514372029909
8002,0.0226346999127271,0.0127990354801613,0.410907877734769,0.649891744092152
8003,0.0171810940584225,0.0138467515290646,0.442804246464783,0.604729069340271
8004,0.0178468433116237,0.0112028996686346,0.434181201522949,0.535326835312988
8005,0.0244295768237143,0.0149444527216523,0.446777665099705,0.651507656395199
8006,0.0215922637874811,0.0163031263318692,0.382473192546533,0.670370531839424
8007,0.0232774456299547,0.0205230643070408,0.399063724255485,0.751472731198788
8008,0.0220391071496136,0.0170789722573527,0.437824218249124,0.666964062298869
8009,0.0178609213783852,0.0148957752278297,0.444581567346138,0.557799161384199
8010,0.0199742734854049,0.0125190206203095,0.442321099250317,0.623163982636441
8011,0.0151216573494506,0.01245892635676,0.407640591847487,0.598336188906729
8012,0.0159156951782185,0.0139857723840763,0.481353704947792,0.636433750016666
8013,0.0188527023934266,0.0212098717660144,0.43367847285812,0.775609079410119
8014,0.0281104852822805,0.0217110061740839,0.501011653629732,0.767014627572673
8015,0.0234337001264494,0.0246980995496674,0.46213112378841,0.786397124576498
8016,0.0233507668538258,0.0133110280590037,0.428261259311283,0.682799139277054
8017,0.0288971375208863,0.0349786055663219,0.444167919550908,0.79354976740859
8018,0.0182848064721065,0.0172287086821112,0.434523296805333,0.666502315260797
8019,0.0159713522029101,0.0186701298776028,0.444994060895866,0.735338194542201
8020,0.0204555629220172,0.0177193376071626,0.270390412526632,0.725712123233613
8021,0.0247652828430916,0.0155599813870988,0.26937599260396,0.678929436851482
8022,0.0216332998252588,0.0323329952487455,0.274331037716258,0.771229999561428
8023,0.0241332335430321,0.0230735150126199,0.281842339675287,0.758614541941126
8024,0.0101990951550694,0.0122120280618187,0.235285227181602,0.576640376486487
8025,0.0206342967340902,0.0171017884331377,0.252049348023829,0.715945309560487
8026,0.0234062731972843,0.0160859906725607,0.259964223700822,0.681928806770669
8027,0.0175283407438373,0.0156664456163421,0.235908276468748,0.641968167382105
8028,0.0205790809834992,0.0144115864357543,0.308379957690505,0.616413551312307
8029,0.0171123868408802,0.0128194330702687,0.260795888085048,0.559728423049441
8030,0.0230739246740162,0.0175296293770603,0.260968663356094,0.70368327605617
8031,0.0243029149512599,0.0204831248216009,0.213590087653611,0.725871219272845
8032,0.0201723632821899,0.0178909937442619,0.272678992835192,0.691352236374034
8033,0.0174218306828721,0.0171115569306039,0.262666023070909,0.678914596436051
8034,0.0200572540245349,0.0198602495328754,0.231673040807639,0.726130285470612
8035,0.0130277436402516,0.0164285574825727,0.248214972271519,0.712571485314816
8036,0.0190575966885141,0.0196165356639917,0.279631892264566,0.742269162951851
8037,0.0200795991501465,0.020673380800036,0.370337712986257,0.720256733729909
8038,0.0131324474275152,0.0132119634809046,0.416771231364949,0.62550940935199
8039,0.0225647976783575,0.0178086003373747,0.46119754017869,0.625143765037982
8040,0.0122232710863635,0.0159728013331648,0.524085779359477,0.716727940307853
8041,0.0141093470747812,0.0166767332768616,0.430351067583297,0.74828599997894
8042,0.0225958752739612,0.0194541377914324,0.360986519962008,0.671927268560891
8043,0.0165011046123322,0.0239372757857115,0.446059533216197,0.815491803271613
8044,0.0221225902926199,0.0247254675198646,0.495730457148043,0.802857762371948
8045,0.0156738514480592,0.0183785980722621,0.493791510554368,0.755503301735706
8046,0.0196678352548451,0.0198288687746821,0.311034364159296,0.765617376240604
8047,0.0223492794803643,0.0296007948600574,0.284944034062679,0.737890307102955
8048,0.0198605979324187,0.0123990094394494,0.220014805019535,0.615908055186952
8049,0.024731748822394,0.00928325000647487,0.211380095180863,0.548589272244169
8050,0.0217656676713313,0.0195048304344248,0.194301694342722,0.637407537243303
8051,0.0209192360541404,0.01926469889951,0.285228318387942,0.695547936636273
8052,0.0197467432033189,0.0192391091866959,0.250392204470174,0.741414643739998
8053,0.0279400288772165,0.0188502582636908,0.21213611712886,0.717008078595886
8054,0.0197037708486315,0.0110670638946295,0.26066822608976,0.639117540967503
8055,0.0161209899001248,0.0128988031167434,0.226727504499808,0.633566555912953
8056,0.0201550932828925,0.0119550220386754,0.241607481206583,0.570576784498168
8057,0.0218946745424481,0.0138004973429273,0.254452466479091,0.603424714469555
8058,0.0195599978145365,0.0125503469908949,0.219351806210046,0.550501610603257
8059,0.0200638413136259,0.0177682937693782,0.262949809658343,0.637966573171127
8060,0.0179922281369366,0.0116103973864427,0.263951878160679,0.561132153143298
8061,0.0209781263817446,0.0162830785454705,0.268336949004757,0.54419353419168
8062,0.0256553629437791,0.0103992710935761,0.240932779435113,0.429450516753931
8063,0.0182998837003912,0.0100149495129116,0.228125546693465,0.560889209597832
8064,0.0232128829182366,0.0133544879160904,0.324042099249892,0.528639680464886
8065,0.0176928754000766,0.0129392825601488,0.240674755398062,0.571445415998911
8066,0.0225974203638321,0.0114459033652352,0.249182789970577,0.505255715395284
8067,0.0242469313422751,0.0136175881284844,0.220755540703117,0.67981783031629
8068,0.0169065063314648,0.0172874296941106,0.30415439670753,0.686690510229984
8069,0.0192573306590017,0.0137960764772268,0.251566598409877,0.598212922377256
8070,0.018253368024929,0.0164256400500005,0.268805851944023,0.659220691638557
8071,0.0150238829853493,0.0204796205267571,0.358403358791035,0.680037696655972
8072,0.019704678037569,0.0201746946639702,0.402477097270123,0.64778967233454
8073,0.0244724159992484,0.0135113457240162,0.445773593193112,0.595939043220275
8074,0.0183344179504162,0.0212175393090806,0.510129085730421,0.744150661553432
8075,0.0173343427501713,0.0251396139038037,0.506371408312071,0.774180809113671
8076,0.0230637923147115,0.0314548546235398,0.463767934302808,0.819043021628037
8077,0.0196984654313737,0.0205706079628654,0.445932748803229,0.776358025206984
8078,0.0159824333902648,0.0390860668696649,0.505532459604739,0.862225515488373
8079,0.020917908080703,0.0247237156618985,0.499934404255735,0.784218409034538
8080,0.0161149214748181,0.0179404070655035,0.4550710869613,0.688963855418254
8081,0.0201545465310016,0.0191552416370428,0.449360628503259,0.720027180526156
8082,0.0160404098253617,0.0170761809440919,0.309666150838384,0.723133157211264
8083,0.0184113562651427,0.0143802841663098,0.222664286890228,0.698627698074513
8084,0.0231215677473355,0.0143196513227856,0.236778283214406,0.585597705774244
8085,0.0121219519780063,0.0114426768332334,0.426876969678648,0.568809512416062
8086,0.0163070185682492,0.012873413024087,0.426466583606757,0.6043763832111
8087,0.0253675599350836,0.0176788014418566,0.439661249888044,0.667677664602091
8088,0.0161013859362902,0.0117669567499892,0.42761831386566,0.584521245738599
8089,0.0239255112067256,0.0108877171805556,0.403613866405428,0.466705543762134
8090,0.0187498756152309,0.0103826376175628,0.242129103299871,0.472735291623707
8091,0.0149364398689041,0.0153379972458342,0.253746669290686,0.553413399225164
8092,0.0179464366996739,0.0154195016299107,0.30698715180646,0.617725001995217
8093,0.0211070485623044,0.0181957104595682,0.252389891588136,0.662826604762345
8094,0.0174944747202745,0.0138165428980912,0.254835674997616,0.55856220160464
8095,0.0228784326318939,0.0110500436638217,0.225861085231852,0.485408454646251
8096,0.0286680476205291,0.0102947059427157,0.248538720992132,0.421520454801625
8097,0.027848915955896,0.0115847594383414,0.254214895955781,0.41915950913756
8098,0.0216079566735915,0.0113147117282271,0.259390121334256,0.546628562916304
8099,0.0219887456720959,0.0129859614568289,0.230062591429149,0.550327921996531
8100,0.01117134767135,0.0145851631963484,0.470417556807563,0.567370484379628
8101,0.0200055505973567,0.0139260142222859,0.404885846029718,0.534911406038113
8102,0.0222652005937371,0.0136725726333604,0.440042405640823,0.6763420558803
8103,0.0225932463197709,0.0126551811982758,0.444445809406717,0.629601581468437
8104,0.0201799095968676,0.00954964219973385,0.218157523946704,0.488708116238279
8105,0.0121786509562991,0.015661828553781,0.236541261144314,0.548910930677151
8106,0.0197088914942421,0.0135682463336897,0.267703548138506,0.546991016992507
8107,0.0199821891477897,0.00868844181250892,0.26031274729589,0.492405455927405
8108,0.0164220197947006,0.0166832779407822,0.261120904187455,0.572829104814934
8109,0.0224424224092823,0.00988074531950036,0.24436644686904,0.444311299384364
8110,0.0200961970330813,0.0132041560068861,0.212551904724873,0.596049356660429
8111,0.0223455107495117,0.0138259292764727,0.234658730371262,0.615948761994816
8112,0.0162297539739868,0.0153664827229443,0.427234144563232,0.7420190257663
8113,0.0112968238961858,0.0237194707859851,0.445526065524938,0.769394577637656
8114,0.018923082686779,0.0162974993722698,0.543179923516726,0.667521781511226
8115,0.008015552502711,0.0169512999014995,0.455115289042998,0.659481285050681
8116,0.0185004537570572,0.0113020841702581,0.401377630348919,0.531510578609496
8117,0.0203615722020733,0.0172337618171453,0.244021508647375,0.616621813635215
8118,0.0188896540564264,0.0121531969561011,0.260381206970618,0.6343078199732
8119,0.0227919980044006,0.0201465155816933,0.294168277851778,0.730123395016479
8120,0.0277040679660426,0.0191593228040918,0.221992830078304,0.675180987194746
8121,0.0140697514366193,0.010607704913364,0.252275222751865,0.477688758416156
8122,0.0119517290641408,0.0151373467743939,0.330144977243703,0.678447468872375
8123,0.019261490858586,0.0163147037350002,0.232632616472232,0.724271418665767
8124,0.0233124011229608,0.0284727848311812,0.246412546853777,0.798106756175272
8125,0.0149128642808084,0.0288013728253331,0.271439230219711,0.793516656237673
8126,0.0130769140728483,0.0219518628572913,0.245649284149711,0.702399789934974
8127,0.0220216661275813,0.0147261274667936,0.254237541637939,0.718664294565627
8128,0.0185371706539361,0.0306464240394534,0.277078022247584,0.794237130254174
8129,0.0207815894277478,0.0162076744777176,0.376280457350758,0.740075293031758
8130,0.0276673112176639,0.0151798903441857,0.447824168053945,0.625175057605488
8131,0.0229666460684753,0.0131900212222183,0.407013022029264,0.594216033734652
8132,0.0187719642456669,0.0145844761947525,0.256044629059762,0.660756385468155
8133,0.0170114390734531,0.0140166426655683,0.256075807056936,0.480389705705052
8134,0.0231170826721562,0.012798744175784,0.228504400952638,0.536697751124284
8135,0.0231641877124781,0.014368190269076,0.26103370358409,0.600011223809447
8136,0.0207590127509882,0.0109033321363752,0.268852801799641,0.485679754960723
8137,0.0191678264980851,0.0105006778454954,0.255145114559812,0.461135514738151
8138,0.0178281268138058,0.0113164424762689,0.258636697398262,0.474852798594515
8139,0.0199091956940046,0.0108460183594511,0.26203103305067,0.538490800656104
8140,0.0234163173651514,0.0111501631723414,0.249400908030115,0.629945325445298
8141,0.0245390212657547,0.0153000068458657,0.254198457661618,0.716203444514578
8142,0.0189044836680691,0.0145810807092338,0.231980352704535,0.614217914436982
8143,0.0131485583208737,0.0187600213939571,0.351927751637094,0.684429833149354
8144,0.0192279564229654,0.0145815719109603,0.452311202084649,0.641660938687005
8145,0.0181736094048449,0.0187671036983687,0.42440101948386,0.728682487404951
8146,0.0168998452376241,0.0116720599079073,0.426033370459046,0.59548007203396
8147,0.0161141572300327,0.0169379073833525,0.432255138080358,0.712430223692283
8148,0.0198335164888213,0.0138727559620004,0.430381633696199,0.662311445112596
8149,0.0277393072424584,0.00887374886218747,0.370706546672853,0.526667812550689
8150,0.0218188192910534,0.0173778028940329,0.29921956921073,0.636033338571887
8151,0.0191119793532146,0.0129675465235934,0.243483240447112,0.562092883357073
8152,0.0186642219168065,0.01298272683246,0.253027473716774,0.543138839807788
8153,0.0236026508217256,0.0185690472836687,0.260308875752376,0.738580431839632
8154,0.014666848477864,0.0128510357576913,0.382728581281446,0.638233215351898
8155,0.0145694708839884,0.0240535075116608,0.433692419858346,0.732828592083614
8156,0.0191746069751665,0.0206896678542698,0.438748734883425,0.747007139738053
8157,0.0216375888087474,0.0217713658013223,0.514080081784043,0.807458076529524
8158,0.0206439033693272,0.0220364861452906,0.463874511440815,0.745343498933865
8159,0.0175684966140522,0.0128852266988256,0.452139329335694,0.593018092513572
8160,0.0151838919077423,0.0159588541848309,0.405075085652509,0.707143369006023
8161,0.0223903867421807,0.0165636696153142,0.442508876541393,0.72991291896123
8162,0.0162741021539309,0.021498370341759,0.393899931361917,0.779706125158555
8163,0.0230463348576605,0.0302754811321399,0.430313145489452,0.863638697789221
8164,0.0209550404487461,0.0314658379186409,0.487182691900072,0.863861213970471
8165,0.0202683772087375,0.0445216282429609,0.435004286292226,0.905108576233065
8166,0.0235046125814881,0.0813797827862042,0.377536261094923,0.921900970966003
8167,0.0240963672177598,0.0453949522807691,0.376181511318752,0.914989666409178
8168,0.0160483152571184,0.0303307469125375,0.435900393317615,0.874850118804551
8169,0.0202633617918944,0.0244488798911949,0.428635742636627,0.813603226643067
8170,0.0195458000180583,0.0247445796422361,0.455106757967415,0.812404391054856
8171,0.0167010925581789,0.0284063899487203,0.435907622445438,0.780604246966986
8172,0.0244897925030586,0.0224614448171574,0.509789485264576,0.803311388608301
8173,0.0149869901137481,0.019199056468779,0.496732581712349,0.7539326004786
8174,0.0251690170792126,0.0159310254184062,0.433653748229232,0.698637511766177
8175,0.0134895968579989,0.0129747311052458,0.311854113649134,0.66180783867553
8176,0.0179340435840953,0.0121990438894272,0.425861050569624,0.39737105478284
8177,0.0200539106507067,0.0121062914812842,0.521820972197089,0.683530923868862
8178,0.0193147051855637,0.0142949778482933,0.504796780556472,0.675424142584299
8179,0.0189529669228787,0.0138516315537707,0.389431014983116,0.698186460918144
8180,0.0161817602373006,0.0171716165602387,0.524318286450039,0.722112523313279
8181,0.028021888819159,0.0242361202188433,0.426186593590736,0.738833804317794
8182,0.0228800066900555,0.0177842614400598,0.428137110337562,0.707603260678584
8183,0.0217165120637961,0.0140227393118942,0.425277608516721,0.584639495775112
8184,0.0146436554496419,0.0118524494288015,0.361406487572222,0.630769350798686
8185,0.020413469315795,0.0206807411495725,0.446075802426007,0.746098011093491
8186,0.0175561438894506,0.0252579223466851,0.402436325045639,0.816420402717377
8187,0.0188145712259075,0.0302371606162953,0.353033598393864,0.825734255116065
8188,0.0195413522773885,0.0348521003649024,0.410552568068885,0.899224588686424
8189,0.0221981896463454,0.0571214571263492,0.444018582016037,0.930634856748408
8190,0.0202000799123437,0.0374165130835711,0.500629841554392,0.87415121939097
8191,0.0173545794912181,0.0260941822100938,0.589304246018143,0.830650198631344
8192,0.0184644612249931,0.0237654835446079,0.497386976108192,0.795079261558805
8193,0.0126860957305363,0.0096829387870458,0.421422033438838,0.557462860418763
8194,0.0133559881160423,0.0115478027138341,0.447782047156726,0.600252060394387
8195,0.0178246724062503,0.0129261129292785,0.371749555186606,0.588158938649537
8196,0.0178714520893326,0.0101109194099084,0.436846515309461,0.514441154077897
8197,0.0176771866035653,0.0163309077822446,0.435902379985975,0.623076804402908
8198,0.0245596034132464,0.00918057614767876,0.420098061944822,0.590972012689966
8199,0.0240004693721143,0.0117128663542988,0.438659702196154,0.676207544573987
8200,0.0233395158557889,0.0136247639097344,0.369341167229227,0.690032059644083
8201,0.0192982917950164,0.0123040818120151,0.430783429522563,0.59571810937302
8202,0.0167986104281938,0.0139106335623296,0.452203106400946,0.691573511966361
8203,0.0252315703329891,0.0305573103906067,0.30959352458176,0.802555764877351
8204,0.0236767272172101,0.0377815497195962,0.256156974547547,0.824342036043408
8205,0.0193453920754636,0.0338870650289601,0.257896276708977,0.849738782892863
8206,0.0199584489653112,0.0216111179658908,0.278708491514833,0.750927600453073
8207,0.0208800159911835,0.0167958212718901,0.287609290977931,0.748330810588809
8208,0.0178822451604302,0.0164003860854971,0.439002451808216,0.63393688391138
8209,0.0156252062371801,0.0148706337695294,0.44125458444744,0.600145578820314
8210,0.0222433654780512,0.0134058088004647,0.452824982496324,0.59915653441309
8211,0.0239759924900082,0.0117087992788405,0.442065853381412,0.63658081630877
8212,0.0188457591809728,0.00894630421382883,0.414574750182812,0.589163016184098
8213,0.0171367377805553,0.0120000210668437,0.212974448708699,0.484597862499276
8214,0.0212391695902592,0.0148006600749803,0.258072917001763,0.623806327800089
8215,0.0139664499478313,0.0161691355668658,0.217149481234716,0.628578939918096
8216,0.0234608428120283,0.0147456941768914,0.221368220573523,0.652445926202574
8217,0.0237417020667945,0.0185247046768639,0.228180755172474,0.692131639082372
8218,0.0243644071757975,0.0136307404011629,0.389989062846184,0.584283945304895
8219,0.0175149370625274,0.0101900707730122,0.299644420851178,0.544969021304604
8220,0.0166407262586446,0.0131180070508192,0.388897871922139,0.557164804011462
8221,0.0181252610701713,0.0106994787850296,0.3834167603661,0.641917583689588
8222,0.0186829768776086,0.0224348764823161,0.381906721662088,0.745114646627648
8223,0.0176020286711705,0.0138510014492273,0.430655952840624,0.537514562699294
8224,0.017239529328489,0.014089115325518,0.38556131114039,0.675009138069438
8225,0.0253677785129156,0.0135033710911928,0.446640761384773,0.653097952852918
8226,0.0221177823522086,0.0237689568182864,0.450717697372635,0.755484057335647
8227,0.0248677912533518,0.0128052234796529,0.427344014561037,0.680487779064777
8228,0.0242760370821093,0.0165288489407387,0.426291887224173,0.744525150094555
8229,0.0203218818044276,0.0168441812524593,0.36221208238011,0.667684362456568
8230,0.0212259109189939,0.0160308346660909,0.248309423277878,0.684780789758373
8231,0.0227310838115641,0.0170488431408762,0.240445496920264,0.668399674753308
8232,0.0167929075208438,0.0237351678574934,0.467722170243296,0.784223943964111
8233,0.0196860799949077,0.0216621045819666,0.43598910570248,0.734754457812885
8234,0.0148805251159531,0.0162969687243225,0.426244267558981,0.621846220365415
8235,0.0213637078400995,0.0116831998006106,0.479543750662209,0.522175377720479
8236,0.0201600159052313,0.0110488539592474,0.428543059092401,0.488003428894639
8237,0.0144140678283056,0.0107077056102004,0.438198051752763,0.529763622029214
8238,0.0182517256046708,0.0129128710839201,0.426778763878594,0.663955638193102
8239,0.0208063092303146,0.0141377711973158,0.449329858258873,0.644826561349559
8240,0.0247071495922571,0.0235394456896981,0.426949583251391,0.828042962921368
8241,0.0240569171651616,0.0232884737961005,0.43646299497422,0.759557970751203
8242,0.0177883131748762,0.0188568596582935,0.428616499937905,0.673630923279321
8243,0.0166657273586868,0.0173331455713667,0.420154571729434,0.685256635057374
8244,0.0193341008157285,0.0195897057435472,0.406422477660368,0.7117843028817
8245,0.0149574947120539,0.0141737616259831,0.428152061593267,0.67981433791207
8246,0.0132773636242241,0.00996114429816813,0.389399901538229,0.510134773871398
8247,0.0119469360855791,0.0120590012298149,0.387277382131243,0.489215463989412
8248,0.01375485710054,0.0137619127536709,0.428207801448753,0.667300069663012
8249,0.0208997165756804,0.0133793838279298,0.409506909376003,0.664644219430896
8250,0.0207715732225457,0.0135558945383135,0.414058995063217,0.642840533652202
8251,0.0186277212967464,0.0136685591974337,0.441529348985715,0.629581790587175
8252,0.020178500531566,0.0188908229226489,0.277339383130966,0.691276607765564
8253,0.0194118923960132,0.01176383917722,0.265069481269301,0.501661531988153
8254,0.021687263686192,0.0155777269310362,0.255306737606192,0.506099623821249
8255,0.0214593449881541,0.013652564472374,0.218914614322118,0.585720825569382
8256,0.0291288775546838,0.0118289244693851,0.226622418805542,0.566164840758319
8257,0.0184570593987534,0.0100049738956064,0.236415449683547,0.494370358441149
8258,0.0196085299084982,0.00985133258417305,0.213771924322118,0.571635736405284
8259,0.0265039088910369,0.0152321669863282,0.257861835410257,0.678528038588214
8260,0.0160528185495861,0.0106418871958632,0.263493923659401,0.524095013789191
8261,0.0165353082355144,0.0117902783998703,0.243584951833924,0.54189971644639
8262,0.0133490109701244,0.0102738984110228,0.222956656614759,0.527507290975741
8263,0.0189927955730626,0.0167941798192726,0.216640020194658,0.685831692663988
8264,0.0193277899113689,0.0165377631558935,0.260936385171127,0.687431853957175
8265,0.0151103482337811,0.0131536636148112,0.224031895418265,0.59668640786028
8266,0.0255464695158026,0.0105694832573274,0.254588410026869,0.519931054883324
8267,0.0285343116570722,0.0173385223784263,0.271976419030271,0.666273144417052
8268,0.0151072390231621,0.016707802716523,0.374895534694782,0.691174696442331
8269,0.0202680692426797,0.0192989645612961,0.391264200930976,0.689076147416099
8270,0.0193035021409157,0.0285886530227471,0.313536118290845,0.762192480978307
8271,0.01998808237632,0.0341408917350054,0.253253871299971,0.824120632340632
8272,0.024908174419838,0.0166982775925222,0.440335339790061,0.704666464876442
8273,0.0176592121995322,0.0229380020402093,0.429171646476163,0.749346452740805
8274,0.0184427886546345,0.0218992353328585,0.468079085696344,0.80226966854904
8275,0.0175070755502452,0.0202595221821541,0.514110044881959,0.772457335357601
8276,0.0142306494689749,0.0174823605388555,0.440154512661337,0.698194625099556
8277,0.0227553961695952,0.0171034377116924,0.322684241899459,0.61396776071949
8278,0.0216362706386846,0.0136494437664319,0.38298097636663,0.598714734037339
8279,0.0212449097136381,0.0158931022544188,0.267429257565396,0.737598723825899
8280,0.0197429768663737,0.0257978713155525,0.238115908169802,0.786719198905263
8281,0.0230303826620289,0.0165199795568842,0.22632670468536,0.606518281220462
8282,0.0145947980319271,0.0185828473929363,0.227277697438947,0.725763591240634
8283,0.0127256058910106,0.0146880220663958,0.243092655807515,0.583243097721431
8284,0.0162687137713668,0.0109910677717656,0.233636295570289,0.564586218912921
8285,0.0200478706396276,0.0134595934408055,0.214157362452205,0.593808793708893
8286,0.0173893695476152,0.0104772444197012,0.268465143377099,0.619402203735492
8287,0.0197256302727996,0.0148840355827693,0.259941581967782,0.622993014662671
8288,0.0106892097746494,0.0138537827402316,0.240144091373006,0.637472532875221
8289,0.016624207478064,0.0150177154082862,0.264788214849342,0.578622612063562
8290,0.0243200716484946,0.0104989544408872,0.230335206951516,0.500048295311877
8291,0.0257491265416968,0.0169423323308233,0.309803011934458,0.702543083783571
8292,0.0191638053864359,0.0116253556468964,0.26037092814186,0.538864033611573
8293,0.0204537173099134,0.0108381167281176,0.267329644953272,0.524163734553186
8294,0.0201712602578375,0.0103743015603756,0.231982625262659,0.482427476041144
8295,0.019486055307155,0.0164308449476006,0.26337543143797,0.655447167622046
8296,0.0288880623506871,0.011558009185202,0.255333288401171,0.487871971650045
8297,0.0143491996667611,0.012474865290583,0.252467618073586,0.606419359058607
8298,0.0194030742749394,0.0134844826990497,0.232568180281601,0.621599207479457
8299,0.0198837802526146,0.0142958729767885,0.267180327362879,0.649226612856431
8300,0.0218288775154248,0.0150853337626125,0.214949379002411,0.637495958644962
8301,0.0148651012855525,0.016073892786374,0.223378898765316,0.690586617237089
8302,0.0136292170397842,0.0140486092104528,0.231914834633226,0.707669089960766
8303,0.0193063277479292,0.0156064629920964,0.250080841307626,0.61676459549773
8304,0.0263550545335268,0.0119153146350833,0.23838705926091,0.544950740907213
8305,0.0146610013655649,0.0222670082776709,0.269930553197383,0.70932023633758
8306,0.0226327121541734,0.0111124599489014,0.218271384624896,0.543400729788864
8307,0.0211835328932259,0.00953347371469548,0.241351737576257,0.454643313464191
8308,0.0175671171983721,0.0142779366136379,0.250071902070043,0.537329960828763
8309,0.0155387741045824,0.00929410280898671,0.245276657088644,0.515460348106149
8310,0.0251869579013741,0.0175774774755379,0.241811980971606,0.672804554349948
8311,0.0258772167678084,0.0169532475323343,0.223218669080753,0.620599842878517
8312,0.0180910772152569,0.0192756035659813,0.242707325550663,0.71448486231631
8313,0.0173216166072006,0.0230121400509016,0.23529703753074,0.683072159343392
8314,0.0139819625179918,0.0142443122963623,0.257291969581822,0.65356597734563
8315,0.0227731381317388,0.0127244275362816,0.213580139968453,0.66470594137994
8316,0.0188159495083526,0.0141710918492591,0.271238177428111,0.632011330010994
8317,0.0207623948926857,0.0121477738349025,0.389272293268638,0.595530428592556
8318,0.0228515161102414,0.00944665976080172,0.427387055340049,0.480964454825842
8319,0.0159577704870718,0.0146315118518145,0.452072270557291,0.607770796760417
8320,0.011864475905141,0.00963923769709365,0.446104073586139,0.476425142171496
8321,0.0190376569116544,0.0145018006298418,0.396308664381983,0.620537640067109
8322,0.0212340092135923,0.0229018746864892,0.436479110388152,0.765552646792633
8323,0.0203896185909544,0.0194848023479846,0.450380754259687,0.788026044171714
8324,0.0134444835008475,0.0168036612119577,0.445424737652586,0.718049358720218
8325,0.00685244548699247,0.0308349518899885,0.426394734216869,0.850615055260951
8326,0.0227002159037359,0.0271802568134635,0.42571856571133,0.848105625497978
8327,0.0209583040637494,0.0220213525597041,0.485473123416684,0.815027341307696
8328,0.0188815210690679,0.020776549499104,0.503153236618924,0.753430143013342
8329,0.0210369975580216,0.0177995694361783,0.425860255662704,0.718970368338269
8330,0.0258211706300761,0.015436000272139,0.44626961179076,0.686095709238938
8331,0.0145796016407777,0.017556564997514,0.46330288514609,0.691469320147091
8332,0.0189787884059929,0.0206403082749239,0.446028433036058,0.719713602611993
8333,0.0148007651848983,0.0171433669001931,0.471931601113738,0.704260013313276
8334,0.0163954022740668,0.0119533155516622,0.402129214005737,0.647324396766047
8335,0.0235138360232672,0.0126093937738667,0.387907306436856,0.589375328462344
8336,0.0247326442489133,0.00929351205068501,0.346497826203815,0.535138111354716
8337,0.0198577089577164,0.013292460448015,0.409286160601947,0.535502910680561
8338,0.0153985291910725,0.0159259194379748,0.440376541227406,0.712864542118205
8339,0.0188114249594314,0.0146661752675496,0.427794957021013,0.615643138291414
8340,0.0187647094866284,0.0108678551996981,0.437320936667868,0.483781237548149
8341,0.014565461109115,0.0130528033502481,0.365103177312576,0.445860167369776
8342,0.0190993598294058,0.0129680116998925,0.267620479386629,0.498769365531683
8343,0.00756703341434233,0.0109272587088287,0.235377156296013,0.5286657504197
8344,0.0204536948892295,0.0137917427136364,0.251625956081289,0.59144484444781
8345,0.0271623597207439,0.01328614496531,0.382850888689601,0.496701776460219
8346,0.0205574758006385,0.0128409519266738,0.448679101277388,0.575047455854403
8347,0.0171366634838975,0.0126808577234509,0.455620495477808,0.650242035039054
8348,0.0234256256064295,0.0126134754509904,0.433624938226134,0.603479290125265
8349,0.0158949109792972,0.0126298866032617,0.447445141625685,0.63916100307
8350,0.0215066455013368,0.0116781101276278,0.461740948815305,0.618169622606676
8351,0.0153554480028187,0.0127803357399204,0.435376731082725,0.581800633921962
8352,0.0179026042698366,0.0113188709481169,0.381000803054847,0.529817621179875
8353,0.0250785251999459,0.0128236645552909,0.432614948209888,0.451009496740905
8354,0.0190319139527288,0.0132624116463952,0.523344771422016,0.571950365292875
8355,0.0217009580528717,0.0101468912112302,0.44727215121391,0.487210102109858
8356,0.0101096850809033,0.0131344944131759,0.377029692960285,0.57491197527135
8357,0.019742770294053,0.0175521417563391,0.216547822234261,0.678981430303011
8358,0.0247838697259727,0.016121361029977,0.302921713867246,0.632719103603151
8359,0.0203126094321379,0.0172868358860072,0.244916476548183,0.71417909397153
8360,0.0176925662246157,0.0208857723339573,0.212125087767156,0.764728492559476
8361,0.0143419555607236,0.0227723277858307,0.264953641628964,0.712473286867425
8362,0.017500557913958,0.00992168988398489,0.215727920874685,0.520996293668037
8363,0.0214994227200997,0.013109135846237,0.229955722472449,0.64941079630274
8364,0.0206744283987724,0.013291409649182,0.25627555526311,0.558256520331169
8365,0.0148919367054881,0.0143773118167969,0.217418347503149,0.656755854718617
8366,0.0225046455396559,0.0204383373325777,0.220192102706439,0.675314718108742
8367,0.0174593663429343,0.01165616594714,0.282228386728758,0.643755365294925
8368,0.0192467141024076,0.012874867679566,0.428805934679941,0.550223129494704
8369,0.0233553084868379,0.0175175233353633,0.518138631049285,0.716684196800673
8370,0.0175778909238004,0.0154329032375531,0.421812104182164,0.708920769677339
8371,0.0166183063697164,0.00951239378352007,0.409469532374548,0.592901237403704
8372,0.0209599234003245,0.020295879018668,0.458173301446172,0.77821295095554
8373,0.0195676732792506,0.0134057878531378,0.430860754939394,0.64692068348542
8374,0.0124907648991872,0.0147998404232766,0.484348712696762,0.637099156488657
8375,0.0180331467028406,0.0135790983784209,0.438626873833288,0.659926864141103
8376,0.0198063122621871,0.0108239738232512,0.431617280906108,0.603783826837832
8377,0.0168898486778683,0.01190646608266,0.447021004410883,0.607180570795878
8378,0.0188828520742005,0.0171767756598026,0.410335014921982,0.700337196722996
8379,0.0197968661952846,0.0167355958346757,0.4335150144156,0.715353387993694
8380,0.018956075270832,0.0144082650207907,0.330464037969541,0.64826746340954
8381,0.0233128702212177,0.0113543795392578,0.215789703398733,0.421503689859551
8382,0.0246174622606152,0.0121612926437633,0.267923797701976,0.558519128254869
8383,0.0214449760339193,0.0117932838504177,0.307583131976565,0.623831811894242
8384,0.0158633614214564,0.00858221059020636,0.263457049646041,0.470755708255424
8385,0.0227505474792674,0.0113058763636431,0.236919023392325,0.521113677381498
8386,0.0152571875232127,0.0139791364518366,0.220386127494899,0.623012709983379
8387,0.0153027118077496,0.0129737347288184,0.259682294461131,0.568031437156526
8388,0.0207639658181702,0.0121510165740015,0.190742087202911,0.512874590634592
8389,0.0228812712700883,0.0172947150157037,0.249070205253798,0.690649065278606
8390,0.0185617365446956,0.0170563795721929,0.238073208290633,0.738504403407071
8391,0.0229242827573043,0.0174135861471785,0.251110924388632,0.652244284352187
8392,0.0184199163042898,0.0104131866208181,0.405170947451523,0.484688559901997
8393,0.0197706396959462,0.0105447629648872,0.416601248446352,0.585357134588916
8394,0.0222304394350802,0.0180334723895101,0.47386177349191,0.648455314362663
8395,0.0225457906385113,0.0125532559638807,0.429106797903561,0.540605371061441
8396,0.0180106119977332,0.0192155150852184,0.470759028573308,0.696645273952682
8397,0.0168683949531924,0.0152504457978761,0.427611568804587,0.630828356862081
8398,0.0206350382361726,0.00904851298990508,0.439276042976159,0.470041131249572
8399,0.0238928058345481,0.0130703124799948,0.438539173427988,0.582837109185928
8400,0.0218200114279153,0.0161372851840894,0.444293864508596,0.593294411509025
8401,0.0184596025467481,0.0119018022200707,0.46022007730984,0.58638815480741
8402,0.0283444520087353,0.0162064434137459,0.428947358154844,0.631908558055829
8403,0.0130050283810671,0.0146812294676639,0.39884643970411,0.616716345903426
8404,0.0178540095747528,0.0169145248672421,0.250800290983115,0.615912361211301
8405,0.0210775253088528,0.0118343323626566,0.252171844365416,0.597551296414185
8406,0.0170049408317545,0.0180479884283178,0.272480035124987,0.685152162669444
8407,0.0212263784089231,0.0104349039693128,0.247536113754641,0.494783903377202
8408,0.0197042287481288,0.0118953972101389,0.269404659896062,0.637081052698723
8409,0.0215127867499159,0.0109448433745722,0.260481047550329,0.55934616571611
8410,0.0126695377139664,0.0103507885395407,0.301377198831569,0.448157599957568
8411,0.0265416108017694,0.0112866577606004,0.211711710027384,0.486784224880363
8412,0.0222954499582488,0.00864155696639514,0.237761915698404,0.434132730478582
8413,0.0171338633842533,0.0129259789910634,0.31519869397038,0.651041727872752
8414,0.0171732673322738,0.0239090574394361,0.272276016684846,0.732478022873281
8415,0.023041856832015,0.0171604455800274,0.282783655731796,0.678696310155148
8416,0.0259402402048061,0.0176355634120113,0.214635156825845,0.686620974276196
8417,0.0198314824463507,0.0158206934989573,0.262064589423706,0.609148808657244
8418,0.0108411394443531,0.0194313004706185,0.281680928046485,0.701734956638912
8419,0.0173252029744248,0.0187322515373035,0.269947125314409,0.671816788861776
8420,0.0188979407719129,0.0159743324047484,0.251621745456303,0.661223898818342
8421,0.0134362449333996,0.0119153897341824,0.236387395603386,0.461593350244157
8422,0.0212800646572649,0.0105492988468336,0.283010911732446,0.559450219932874
8423,0.019272360744959,0.0125340512370731,0.340290484789052,0.539642289077216
8424,0.0134586677422321,0.00987177737865886,0.261810891453461,0.522827651692054
8425,0.0190229055213408,0.0110450006541359,0.284215260057833,0.672075118253568
8426,0.0253765301767683,0.00922125607415144,0.265066544059549,0.612898917016856
8427,0.0283227163263081,0.0155739714504158,0.309963417488468,0.636918557414463
8428,0.0261502295977124,0.0122810310132953,0.248180467475542,0.603892901646672
8429,0.019904630446556,0.0212569571770811,0.229436679849811,0.713312862308411
8430,0.0232745514505057,0.0100421975968472,0.249270142053685,0.593225357576059
8431,0.0189100928341063,0.0102452561371977,0.243776796375841,0.461748324644574
8432,0.0134298849057932,0.00946175801288945,0.218169638970576,0.559222544773988
8433,0.0202595744360798,0.0126458169880454,0.298674114339035,0.551865848905785
8434,0.0170626648062374,0.0126419847721851,0.404821876551349,0.539032800023524
8435,0.0178259808224146,0.0149881572211407,0.418640887231703,0.694858352669411
8436,0.0217227071909365,0.0154429440004001,0.406421557264161,0.636583567602146
8437,0.0163546445206941,0.0131710449765633,0.450334418580298,0.604310400874477
8438,0.0232581251870909,0.013182988245331,0.445279027144165,0.616739174172037
8439,0.0249353812335866,0.014530253361874,0.388211453362587,0.605431171963556
8440,0.0238763600670819,0.0161916089624741,0.387604505452331,0.634048622709097
8441,0.0202835870097611,0.00947820227190634,0.323867004017359,0.512538332097863
8442,0.0208425437346558,0.0109982644695467,0.25238907006904,0.521899030815028
8443,0.0260551712362805,0.0131471057807172,0.223079554958078,0.44304843620214
8444,0.0182818484540235,0.0165355425082082,0.262887159356316,0.611008794542637
8445,0.0208542069247171,0.0105262798189674,0.237456955094749,0.504505143758194
8446,0.0290184281993169,0.0141720404694961,0.260638777369087,0.62425160720078
8447,0.0162209808037676,0.0247243432648031,0.24417066508048,0.712166813754718
8448,0.0212350302878297,0.0174994915558572,0.381938154878846,0.740644387621386
8449,0.011986892542702,0.00930604774364566,0.465312147337488,0.543007004783839
8450,0.0220207185593238,0.0116276326947496,0.420667138259965,0.574406751715724
8451,0.0125348904020063,0.0144207819959064,0.376066238494175,0.639492051096266
8452,0.0203280872120794,0.0189631579132712,0.393494324051642,0.642439709394355
8453,0.0197467997715571,0.0146993548437623,0.437294754128359,0.705336199804787
8454,0.0157528013061168,0.0141636341313443,0.516673009148314,0.681804463765946
8455,0.0206666145697534,0.0247348810924107,0.499967257990496,0.744095177060844
8456,0.0111680073161275,0.0270146529145966,0.489453227080761,0.746222224494818
8457,0.0116090225701455,0.0169686912302154,0.563801419999082,0.692454580213774
8458,0.0145336920567391,0.0171382727264464,0.491276035670392,0.612847332246438
8459,0.0173187560226764,0.0236365179292236,0.418947831500266,0.767029113649753
8460,0.0188380716980449,0.0221923828362984,0.454902007735207,0.765024738901449
8461,0.0180473631424642,0.0186644135775896,0.43426002481749,0.709632649085498
8462,0.0155038539326964,0.0181309842216766,0.416328210496183,0.704542852170458
8463,0.0219603293248404,0.0197709274930162,0.46789523832528,0.659813113331303
8464,0.0193183012537642,0.0198812062400136,0.432016226435984,0.634403656062386
8465,0.0158913658812591,0.0162715162897604,0.420874408256354,0.70367517521295
8466,0.0208240679484705,0.0224708939775865,0.48674879477966,0.707169011630732
8467,0.0182924723574157,0.0278525654964056,0.435721951672802,0.811736691357938
8468,0.0176672292892819,0.023035770270386,0.436150724655997,0.751158640386543
8469,0.0267992441422196,0.0218251397203535,0.382529578484234,0.72841885345743
8470,0.0253048480823339,0.0301315618580823,0.493905880798438,0.831324772547184
8471,0.0187963338878397,0.0191154334732504,0.395671982231082,0.738426186792821
8472,0.0171443719466957,0.0180652835846993,0.445767247923907,0.676431917569893
8473,0.0239783195552227,0.0154770604026638,0.481405203124448,0.617826758395132
8474,0.0152610294751461,0.0108149408279051,0.44022975704337,0.560792084903939
8475,0.0237305604161169,0.010062864676861,0.390247446644826,0.518036387907684
8476,0.0215494122883571,0.0104240280716599,0.466365028845542,0.561563205211188
8477,0.0329735144849918,0.0119211046146769,0.428707912151725,0.57571185011318
8478,0.0192443640172394,0.0147634370827967,0.465445310575363,0.725992410852465
8479,0.0208812833104318,0.0299346463138142,0.489712192243995,0.815150177133844
8480,0.0216563932875665,0.0209351538872099,0.385830883279862,0.751752067774169
8481,0.0191115734265589,0.0159009256415597,0.445672864477005,0.656166099777246
8482,0.0168305805404252,0.0167373618858719,0.414080921959415,0.686764490770597
8483,0.010291930203735,0.0208998040646554,0.449899790798936,0.68002917907958
8484,0.0204539932016266,0.017274186373064,0.420237429640727,0.701801861316292
8485,0.016050768290573,0.0171672591511083,0.42578977425883,0.597700788146166
8486,0.0187852207983055,0.0187285688255233,0.37338945977116,0.7025811547731
8487,0.0234482043849305,0.0214449659460581,0.424670627280934,0.725402327270211
8488,0.0202676499103267,0.0101183708016326,0.390914887400008,0.574649356530531
8489,0.0180469250212011,0.0148954843871994,0.421221698931576,0.647699022785521
8490,0.0182699253018979,0.0197781442593324,0.447040550858594,0.682122264788599
8491,0.0140701783484718,0.0123210792377487,0.369088289156421,0.622577976633115
8492,0.0266809400878146,0.0101583203730981,0.249485892260695,0.483804352799412
8493,0.0231257520058856,0.0105785519994479,0.195454127577376,0.371140598840602
8494,0.0128555187559381,0.00949725553092696,0.245539240096817,0.407025845071661
8495,0.0101971229586196,0.0150066659409403,0.228832789484309,0.508957542507499
8496,0.0205404990440734,0.0100527944607913,0.203728036419531,0.509384227342942
8497,0.0212830531110079,0.0120047529391299,0.241742571842818,0.63745613560783
8498,0.0236250536435228,0.0116620308220673,0.269800419016268,0.541549024569641
8499,0.0223880859516321,0.0205200504862695,0.260330368137216,0.762247365667976
8500,0.0211056809939204,0.0222890582107623,0.251439368977801,0.729973116592266
8501,0.0164179751557134,0.0188120163188586,0.274340700147086,0.726438679095317
8502,0.0237440953944416,0.0215616087493602,0.229866240793599,0.805576064266279
8503,0.0167187988392141,0.0179529722561585,0.214318086144289,0.664461435843975
8504,0.0210991021145551,0.0131008043594432,0.223057190459156,0.58733279978588
8505,0.0172861173030133,0.0142312068257977,0.253455272058173,0.645475639293757
8506,0.0183469714941073,0.0129232192852114,0.2690869294581,0.567930782117477
8507,0.0167776641938195,0.0103929050949428,0.229713144319655,0.538876857626783
8508,0.0234586717962292,0.0137035232809713,0.263559086450902,0.610970674651423
8509,0.0294231940745336,0.0200192865108734,0.230998951325715,0.659764641716102
8510,0.0123678366815568,0.00957198267909161,0.212056157171594,0.476302699429598
8511,0.0197164025014922,0.00994679673179203,0.253920309763406,0.453057559222801
8512,0.0278083584361841,0.0219774826253913,0.243383438975449,0.663858057551055
8513,0.0185515583401746,0.0160195529986949,0.241016838785731,0.661952069207533
8514,0.0190150586569661,0.0128415951849144,0.277707743062506,0.657327568622053
8515,0.0254362599973719,0.0107881993867648,0.247980258407011,0.517183866079145
8516,0.0138814254558716,0.0153058777208551,0.240389554416702,0.67088778357626
8517,0.0194137649663173,0.0150547687824999,0.2655372604712,0.676571426195628
8518,0.0218756347071529,0.0159010994342928,0.257879563522143,0.67457749783361
8519,0.022395934202708,0.0102715106769949,0.263195913583106,0.583158556931873
8520,0.0182628965765569,0.0182983213567432,0.263450121002735,0.703570441724116
8521,0.023276271909191,0.0255706164165867,0.24011494516686,0.756987884030797
8522,0.0195013270999588,0.0197528453719516,0.251176359078941,0.73748962194926
8523,0.020150374639541,0.016155078480023,0.25637595979435,0.636146262890016
8524,0.0244387670967906,0.0147266416713252,0.25295965943484,0.614971916838341
8525,0.0181592490891417,0.0124752435654285,0.213481645875478,0.420132748042289
8526,0.0172733244322519,0.0168003276603128,0.257960243947625,0.64026253257956
8527,0.0185343405329976,0.0161978833074712,0.362524611789492,0.637121635006411
8528,0.013828965497517,0.0198028371586158,0.350445835886282,0.657315769714881
8529,0.0159302621368374,0.0145655668762495,0.219616892183071,0.51272969848495
8530,0.0189952249609015,0.0122822888761583,0.266940716775706,0.491938264991377
8531,0.0145764308317109,0.0172997019627664,0.242786826603902,0.609983823431744
8532,0.0164451605855569,0.0169143068330703,0.241004558830931,0.640765673804523
8533,0.0194628997842269,0.0200588399328568,0.261852004984009,0.710776616983309
8534,0.0194182850507125,0.0214879614447251,0.266194876742608,0.764575040193669
8535,0.01860592750139,0.0265694881487402,0.273411529161227,0.768660440894023
8536,0.0209709693056146,0.0285927097780405,0.259706730729425,0.799685542348054
8537,0.0240060458065708,0.0562515449054377,0.22887372072106,0.889675345426388
8538,0.0211393750699252,0.0326244662953015,0.37489797154735,0.843318331864483
8539,0.0196415987004305,0.0306128625585518,0.515695006173337,0.86394763582836
8540,0.0100221377811478,0.0314382508593741,0.49728819189167,0.85365350707828
8541,0.0216636858958924,0.0389749670395266,0.413268514147911,0.887998441943671
8542,0.0163719241079515,0.027266333328219,0.501815564987298,0.869829659966832
8543,0.0206143378321268,0.0363412025749642,0.446370064179734,0.843806429169245
8544,0.0157577368819754,0.0161831913721628,0.428730776075241,0.73479883957899
8545,0.01890769299025,0.0338816338733489,0.457217214420745,0.808441562235266
8546,0.0193406925688144,0.0146872620275835,0.415021834953579,0.619181570438341
8547,0.0179960823569125,0.0191136323407717,0.430142381227238,0.70727241336632
8548,0.0206906891477214,0.0167683221799264,0.498586461724139,0.758897655522419
8549,0.0268293866091095,0.0248956147186755,0.427386260841155,0.763432188024293
8550,0.019887682260505,0.0258261850241136,0.487400312721871,0.822807389105193
8551,0.0200558015303481,0.0178510950316159,0.448335144065438,0.714068311964487
8552,0.0204861965697759,0.01520853897213,0.449682776091127,0.657158861468699
8553,0.0156105255416428,0.0181484733793857,0.419258716777555,0.698956464902616
8554,0.0218762366267967,0.0155183205478691,0.426939598091924,0.649941301961543
8555,0.0165817666512781,0.0136433516534991,0.449237045254679,0.604639343991498
8556,0.0238218161850466,0.0156758997356507,0.514321907968331,0.68596005543897
8557,0.0193330680080633,0.0147635533075697,0.434901216222624,0.698842146739217
8558,0.0226091145309745,0.0193537655609901,0.425785932368347,0.719027063095871
8559,0.0242334120110218,0.0198432953240283,0.463925450244954,0.740428178064466
8560,0.0172091368525378,0.0178020423624322,0.411676922266411,0.638213097293952
8561,0.0163765445669878,0.0158173891517301,0.431708766516668,0.703626274467368
8562,0.0199421793414335,0.0243567244410642,0.406280366041986,0.800798109409836
8563,0.0185219850425825,0.0183896867947387,0.487862141715298,0.739157344472189
8564,0.0250571307825947,0.0278390402203162,0.492227448155575,0.817598941782622
8565,0.0177313149482455,0.0216641995233036,0.408808755552866,0.80137764393428
8566,0.0188651285490801,0.0237804756092086,0.264854479870773,0.742407368943562
8567,0.0266530053118798,0.0136707328756876,0.232118362682269,0.600629276814859
8568,0.0182248523005949,0.0112293065873868,0.217669410084461,0.5239910682196
8569,0.0172659707644179,0.0123049842917923,0.215315201620141,0.516635400117829
8570,0.0152151077326532,0.0103367904524317,0.233872287857195,0.561036020348331
8571,0.0275654076920791,0.0151455671461617,0.24360717172202,0.566184540129591
8572,0.0280083181615955,0.0102834113818995,0.22502578325435,0.418971206674213
8573,0.0259210801030754,0.0135556521468585,0.244671071758148,0.540280940648638
8574,0.0194480195192967,0.0196769362233342,0.253045494935417,0.661218767570203
8575,0.0157891180401704,0.0135886777064054,0.281174839245116,0.678775511262723
8576,0.0198222490966232,0.0137842926872931,0.216810269899438,0.63771181656043
8577,0.0294189971475134,0.0141491195941163,0.217753944956943,0.555205829422934
8578,0.0153437483137281,0.0141680411239155,0.262627255887437,0.586753808484746
8579,0.0121696565310733,0.00849086488045886,0.233231766896468,0.517663346636005
8580,0.0186811498862574,0.0143799362613259,0.267538312810439,0.576606363010161
8581,0.0189119399730172,0.0153999223106364,0.220208633776714,0.578751110414883
8582,0.0175588410316486,0.0104566531321931,0.232212609646299,0.546929075621623
8583,0.0126643406372891,0.0122210892686434,0.396119434638934,0.5866102230098
8584,0.0164940258329736,0.0262131134516029,0.490117566681636,0.770036044062769
8585,0.0151330997249988,0.0225485237182695,0.491288766339276,0.820703686337484
8586,0.0118868579296684,0.0233399891001098,0.498133802015125,0.752027863255555
8587,0.0255775201760537,0.0184625405906475,0.422253709927537,0.703967216690492
8588,0.0181082023751291,0.018599223690844,0.506388567168488,0.718722748141896
8589,0.01545688490563,0.0265376306065346,0.464772421975452,0.820335193330263
8590,0.0235347373963472,0.0246688340976211,0.426728818035548,0.806617575354237
8591,0.0227207243023154,0.0181617122001824,0.451161482723933,0.72590263636527
8592,0.0185639280326913,0.0210046417558826,0.433063576558515,0.710809866823998
8593,0.0247007211336729,0.0213628408252708,0.503504592034465,0.666927961847682
8594,0.0255833008525069,0.0145411733296768,0.396488488646871,0.640860541610252
8595,0.0200718837374311,0.0277955000449563,0.450978476528929,0.791789457383398
8596,0.0204385907671089,0.0130080304149704,0.459543981355983,0.667451489888091
8597,0.0199724983961638,0.0208885397429551,0.437176095198249,0.73777035875654
8598,0.0232966902155552,0.0116369918828449,0.408344985245587,0.579769005063284
8599,0.0250925898828894,0.0191803429094925,0.314395365481133,0.72933295656231
8600,0.0188130411359506,0.0138559383174312,0.379185969742272,0.610529740338705
8601,0.0290335181806044,0.0128750282937181,0.449784197945936,0.64745779339259
8602,0.0229048211363432,0.0191653778854223,0.449101118825399,0.765813428823641
8603,0.0213164007510845,0.0175188436148196,0.407492454669118,0.681817795364607
8604,0.015255254086077,0.0231793270500763,0.438816397871803,0.760089455729932
8605,0.0206139913242045,0.0179973662981759,0.500224665417508,0.757584522035383
8606,0.0224115805161169,0.0205120584495652,0.495422158614941,0.694288668535894
8607,0.0193661991467435,0.0258648089175292,0.426836727479166,0.698481559115826
8608,0.023288080280245,0.0110081006699815,0.449371119939122,0.550636528104692
8609,0.0108738615194543,0.0103508759057367,0.269024604548582,0.465907461277949
8610,0.0167318704657822,0.00993555455571991,0.306525711372751,0.540413801139618
8611,0.0146965808369359,0.0110173002243834,0.38719655415784,0.490881616706172
8612,0.0176361378071573,0.0087579136298208,0.354321147505895,0.498572373942931
8613,0.0154725088483526,0.014568448436055,0.256111400302895,0.633980061579671
8614,0.022285143613043,0.0133193758640101,0.248686458954543,0.576489340094934
8615,0.0164951884248036,0.0100981398964068,0.215831287501472,0.531563331653952
8616,0.0177512657842596,0.0126206142115281,0.248009648124466,0.537242226247709
8617,0.0205354207498068,0.0162783695696106,0.45635439919972,0.67102962473414
8618,0.0208708142493081,0.0193392616889353,0.391963378800794,0.760248583728141
8619,0.0185029481574544,0.0441227241543985,0.44308449783321,0.859333023372029
8620,0.0182877062142935,0.0172288841290286,0.4477967342924,0.687980052009271
8621,0.0165513533710947,0.0103574094641807,0.443254538372851,0.60434227754974
8622,0.0205009966942024,0.0210775086169842,0.446105876760288,0.635285412396449
8623,0.0202957481113328,0.0127968456811882,0.234501175998531,0.543238771502187
8624,0.0151194470820601,0.00987836303088099,0.211928846396184,0.476087636486771
8625,0.0241953028410716,0.010502546651252,0.250502667782597,0.53074130029832
8626,0.0207273659678126,0.0153379654818983,0.245186931022063,0.622364345423457
8627,0.021629543244195,0.0122779398772062,0.229553852550296,0.548023550511942
8628,0.0204143977616156,0.0114659594091683,0.225739864619099,0.539782628588396
8629,0.0200436812911508,0.0122329129046526,0.232797057011197,0.515181377731416
8630,0.0271528133555,0.00954351285868347,0.257245339070427,0.59679375252077
8631,0.0164092942428763,0.0110695575083342,0.228813385309481,0.509855383442156
8632,0.0201160791360046,0.00991330253332878,0.21880134742844,0.551618485330624
8633,0.0230993077799917,0.0172655990946134,0.261275645464523,0.763694323874517
8634,0.0214125743667264,0.017280818770591,0.259593714405296,0.732184047461464
8635,0.0184898075421326,0.0211139066133197,0.244162117279934,0.719367513814408
8636,0.0226870617467998,0.0125511427324518,0.258407014022462,0.523977756099058
8637,0.0165607645602916,0.012092373354421,0.259281995415567,0.587935105953401
8638,0.020166895286497,0.017196757634553,0.282801406570592,0.618062270283449
8639,0.0201434948093128,0.0125916928467802,0.251152481812295,0.54631642871167
8640,0.0155828631300818,0.0170746938660763,0.242935563605999,0.685544826689422
8641,0.0228079458777952,0.0163556326115468,0.417591026789135,0.730459682108849
8642,0.0118647277766087,0.0128765047544208,0.448404495208281,0.661166945654808
8643,0.0213402357738077,0.0213955677531954,0.465529120932901,0.752461371614166
8644,0.016856211813994,0.0139416410280992,0.42559905109801,0.675060831656341
8645,0.0154965070902823,0.0171730204949951,0.442804304234226,0.638843314478649
8646,0.0167154819762886,0.0129766440053212,0.419446647090702,0.59722149500505
8647,0.0172811461389886,0.0131744804091396,0.422945216769657,0.618503252730952
8648,0.0151696970020714,0.0112317406075183,0.25517027930806,0.555284719316561
8649,0.0189269611732288,0.0118169005031802,0.259445870088835,0.501504118407166
8650,0.019348707039135,0.0127305109024568,0.306999441426637,0.632133886197824
8651,0.0159992602706725,0.0160500265780785,0.259559139000043,0.701885615659421
8652,0.0197377952809373,0.0122151886278636,0.353259172464548,0.577133463067158
8653,0.0146312382113818,0.0143371751051317,0.241312910977103,0.495451358853526
8654,0.0134014979041452,0.0130179669233321,0.234070233940992,0.545626381720998
8655,0.0187816976998238,0.0120286372346491,0.27218485388829,0.645207248175382
8656,0.0243855308881565,0.0148574022595783,0.323397928941384,0.612636434619481
8657,0.0185542601725253,0.0109286436804223,0.29835801224618,0.406424003751443
8658,0.0186467144519451,0.00801554556682755,0.271479822644927,0.42696764089449
8659,0.0170060142749653,0.00986533257805047,0.221584674033843,0.381748086162773
8660,0.0206110997039523,0.0106979353491598,0.251863068843586,0.589889363442496
8661,0.0248838233661843,0.0154732662554359,0.246764806227087,0.653465211848758
8662,0.0214742609127855,0.00924281524273582,0.230044760555555,0.523760792609162
8663,0.0174807344351957,0.0139337220479204,0.244075585852716,0.595313221565521
8664,0.0208740862361341,0.0181349561053613,0.265773871811841,0.662603676482541
8665,0.0281882931246301,0.0176122994283942,0.369821749594759,0.685232876456889
8666,0.0146180511018985,0.012305252137056,0.449525037055198,0.621081291752774
8667,0.0173235367995961,0.00997560906728219,0.419815282526478,0.550062124089258
8668,0.0187261093371136,0.0188703331419776,0.258544875490979,0.684412180761708
8669,0.0176717671896322,0.0139182949792552,0.275175978488694,0.54766921899657
8670,0.0178511617613534,0.0142569849613821,0.400484997123697,0.642571182937582
8671,0.0212577702195743,0.0149251947198085,0.316495534581426,0.542923018070619
8672,0.0240564605684401,0.0143394233116599,0.249220144616685,0.621072044398702
8673,0.0185207406840932,0.0153271692402313,0.233921412098358,0.575361720903037
8674,0.0215027598868609,0.0143539676300563,0.227557367400244,0.559731881691182
8675,0.0238878909185341,0.0196389445757873,0.256022960148851,0.757532342659404
8676,0.0195317289054756,0.0138390038068213,0.244765043622024,0.589194848670203
8677,0.0194872481146765,0.0141562253881269,0.223015017438677,0.615164345351756
8678,0.0216763662198667,0.0156594626939341,0.221808543801801,0.629665915336019
8679,0.0183647997380783,0.0151384878515706,0.218739545484257,0.60171495366209
8680,0.0300166098573646,0.012947173764952,0.214316768973093,0.568370797453816
8681,0.0148184418807264,0.0117677013099448,0.271343228377436,0.476364961916153
8682,0.00831535710417816,0.0125655336946012,0.288026337243656,0.560461948837176
8683,0.0200223218770614,0.0155126674655541,0.227641308315504,0.6411429469602
8684,0.0170528032953969,0.0126457512169576,0.246697626896968,0.605401600915762
8685,0.0179036618453024,0.0147222805553377,0.236803471214289,0.620187468240199
8686,0.0222520351608105,0.0134429634806889,0.263271488027014,0.632705367563569
8687,0.0203451396443174,0.0125985259088482,0.264408391488132,0.583822762249005
8688,0.0158459917075285,0.0144626287081062,0.235018050118436,0.613333329236457
8689,0.0195960271071896,0.011790064214537,0.262526626572684,0.503917871161841
8690,0.0174401072633393,0.0143161385584186,0.223013239921092,0.671644422825914
8691,0.0205840484893874,0.0119801429031584,0.269644705328018,0.631330609076975
8692,0.021103833076649,0.0324194602073203,0.25856054755373,0.806576451185504
8693,0.0215199739888686,0.036443862752818,0.248650000818938,0.826017707704985
8694,0.0208271093790433,0.0456923044612286,0.223347794610293,0.878476641859596
8695,0.0205558958316136,0.0435399612686597,0.235687796629309,0.86877532094336
8696,0.0229137557792226,0.0289760184474811,0.315442426690834,0.763037319374732
8697,0.0233689446366018,0.0106149831286146,0.250889080565231,0.583285620775061
8698,0.020778693063231,0.0142726638019943,0.267888698234751,0.541734120295901
8699,0.0165332775324807,0.0174647373402805,0.4442056353094,0.65886051100775
8700,0.0239186067395831,0.0150950904069289,0.447640558912285,0.669551999630204
8701,0.0212814140166775,0.0147859188828813,0.436035507237346,0.649172820741661
8702,0.0204765553606149,0.0256922143053119,0.446509790361876,0.807284442617086
8703,0.0141888096578334,0.0166881536269557,0.404566852689828,0.726353474128545
8704,0.0138962150532525,0.0185079081877534,0.417208670052625,0.737373850047267
8705,0.0237212353264432,0.0161510083930137,0.464769275554942,0.697393532236515
8706,0.0177406174368944,0.0184179366403446,0.414815574739921,0.689120747984283
8707,0.0177208459281721,0.0149741456834677,0.387450846376524,0.657659980927704
8708,0.0187176456663565,0.012770482292389,0.441670722536,0.636796353181353
8709,0.0158016369807353,0.0149446126225925,0.381894356244869,0.6217512340014
8710,0.0226870806816164,0.0203506742929901,0.350733227921787,0.660656191109942
8711,0.0222356473904237,0.0144498695115863,0.464208531585784,0.524274906442196
8712,0.023565095769564,0.0120885138041545,0.404942168008873,0.635858660524152
8713,0.0235504591872031,0.00860375608929995,0.434288874621736,0.535319057824671
8714,0.0200127603231946,0.0148192042025386,0.433787906465022,0.659516862276717
8715,0.0147925008832593,0.0146943166356727,0.483538691690905,0.675596871850612
8716,0.021208335410752,0.0171371555740613,0.427192436920527,0.690456070943832
8717,0.0138237927157647,0.0141444216117627,0.451447090922218,0.651607438533328
8718,0.0225585946435129,0.018892418325892,0.433433544818666,0.722480534586178
8719,0.0145106391208183,0.0217977581398098,0.486498758938758,0.733810835401863
8720,0.0179569905529979,0.0227303522906043,0.385215352499166,0.792920004692858
8721,0.0187875452061456,0.0197516302398447,0.488643359021403,0.768125815203798
8722,0.0154970436182019,0.0128399067904862,0.429365760614237,0.658758197559676
8723,0.0240873714003138,0.0152138527566477,0.413906646360618,0.584741413407443
8724,0.0169027416034235,0.0144048161259292,0.442820281356882,0.66298629185757
8725,0.0140063118444716,0.010073485070552,0.446345505244925,0.635099896729652
8726,0.0194027133762857,0.0213783255231628,0.405385230645703,0.728767207997204
8727,0.0198391140395699,0.0341522181729853,0.438094801961035,0.830530054976313
8728,0.0138455743140605,0.0443794610750787,0.425632167901282,0.886513563261529
8729,0.0217763102974017,0.0245700119440013,0.432642126801445,0.841131445742933
8730,0.0191327565188955,0.035299334462477,0.37909130026087,0.828686076426484
8731,0.0174356243331634,0.0193350568969182,0.441097376033972,0.74216127491857
8732,0.0177074750793611,0.0173201234554925,0.426124904168148,0.737752464043706
8733,0.0180723504892157,0.0228205363539207,0.414467297334488,0.768589359186615
8734,0.0209599254513822,0.0371624709563861,0.396558428899561,0.81466855634877
8735,0.0196250520381606,0.0367479023920356,0.473823164963329,0.867744379828426
8736,0.0155133515963,0.0217495655356206,0.399270372686978,0.761880528084712
8737,0.0193196695858677,0.0155008171517696,0.42134414986146,0.722509208870095
8738,0.0192046414041708,0.0168617750240845,0.500933796329549,0.68734923237802
8739,0.0244680941256978,0.0143829902879663,0.431770786658603,0.644772968227554
8740,0.023934286882261,0.0315259755104789,0.437044387617686,0.777191594870101
8741,0.0182043320471762,0.0336305842119815,0.40046491942784,0.840429830771899
8742,0.0191863430817152,0.0212194676806611,0.417682370633287,0.758933134333857
8743,0.0222525986837167,0.0244978526629388,0.447309656858972,0.795144229511998
8744,0.0157626063603478,0.0159136921866375,0.44563391712578,0.694704899629071
8745,0.0190924725258202,0.013745336224061,0.443120569891361,0.603787269983446
8746,0.0278825677321199,0.00936534824583638,0.19711895134962,0.378055673723799
8747,0.0167365688023362,0.00918506443346237,0.239188906629503,0.375137374927429
8748,0.0244509143867249,0.0140380704805348,0.261222289067052,0.530251279627976
8749,0.0243564520376118,0.0146837042063861,0.265498136025463,0.645894228701052
8750,0.0168458364925512,0.0162308962797341,0.258099191066368,0.57945128557448
8751,0.0185439133330011,0.00945579858016715,0.268563987092186,0.550313547205675
8752,0.013001858244442,0.00872742876400542,0.246316256192974,0.503337123768774
8753,0.0236003359000779,0.0112841131292388,0.262702288648454,0.551704935961213
8754,0.0197377234784951,0.012230245801434,0.220257621773079,0.48686494225578
8755,0.0215992406401585,0.011539510920317,0.265777564898254,0.595808821481471
8756,0.0185889179213057,0.0109638385795963,0.256420708875631,0.549410007026689
8757,0.0148738136947624,0.0106761869604877,0.219656792663619,0.490219455240872
8758,0.0182738020700593,0.0147941604332863,0.251736902369742,0.644134217161321
8759,0.0207691410420611,0.0128453842113906,0.249103622539316,0.525328697477966
8760,0.0229168144716533,0.022681418824289,0.246322614901429,0.766525415596721
8761,0.0221402881570165,0.0226262498112257,0.265843089868608,0.821366070491472
8762,0.0270865370012403,0.0538639914121006,0.273451120010971,0.887413734040331
8763,0.0189839268758826,0.0235531848296692,0.273856312603087,0.754812121137979
8764,0.0135870720045129,0.0200054033184176,0.267213179631845,0.736259408640545
8765,0.0256219481338993,0.0146599851376795,0.272316021356205,0.62207291698603
8766,0.0184575374668676,0.0109304745341099,0.218629798415213,0.499904372057999
8767,0.0257536508757073,0.0127041479141761,0.291864475141244,0.579474243233979
8768,0.014143742744875,0.0169100138457634,0.291991197242298,0.657317762043361
8769,0.0238031377889975,0.0173671884466244,0.228365422794434,0.668699067959482
8770,0.0218215745498211,0.0126677431382614,0.262303189517867,0.499090254409261
8771,0.0195065784965066,0.0177581086513507,0.255241140698696,0.583659276527424
8772,0.0252649733191117,0.0121576096156056,0.262694441213673,0.588551036345565
8773,0.0158582200079526,0.0134201574439883,0.262263701336475,0.536572324049067
8774,0.027930664641133,0.0100141455970403,0.232516549814018,0.433972604816887
8775,0.0166665705118374,0.0113136532254779,0.270529807141428,0.533104996191985
8776,0.0194503567302516,0.0105137228145646,0.227412083771763,0.453385417772931
8777,0.0215887148769358,0.0100627182637911,0.265730623253008,0.495032561173456
8778,0.0193637275915299,0.0101549273098628,0.245857672413451,0.56286757631418
8779,0.0233694731821242,0.0156349250150436,0.221306275086923,0.70359151852134
8780,0.0215422422036296,0.0246535516417519,0.489007306194121,0.78363945661011
8781,0.0134201644370272,0.0365310892778219,0.434580651275986,0.833667016722133
8782,0.0221724002733055,0.0167094086030857,0.434048863248746,0.713275058027303
8783,0.0241103360012991,0.0221637069279664,0.443189911481477,0.802639875622103
8784,0.0169213031740298,0.0175271791500221,0.458838604538948,0.697728066840078
8785,0.0189253387761747,0.016524649842913,0.485547827914406,0.719626903354232
8786,0.00939124804442548,0.0225012601456884,0.40899197568508,0.786630388458182
8787,0.026160309612233,0.00948163675750077,0.266669177670252,0.52966115535883
8788,0.0177366663186538,0.01549723717201,0.353991624965624,0.642911737184149
8789,0.022077717833685,0.0182811111542069,0.398980860356203,0.675574266890266
8790,0.0181452601558815,0.0130636317571824,0.396948622479196,0.611318479143638
8791,0.0216249365423933,0.0134874289300245,0.242180895209112,0.517501821149379
8792,0.0217754417397379,0.00980316754716284,0.230282889801633,0.454285327222219
8793,0.0201490595269185,0.0131801356741766,0.21973390325706,0.486405719570527
8794,0.0191817473334124,0.015653136560167,0.214450545766309,0.617735835499611
8795,0.0112261467897513,0.0151039119376167,0.215939830068196,0.676997429066507
8796,0.0218174190147219,0.0117881439819542,0.255909547807285,0.591611811738045
8797,0.0188263138308986,0.0138130503031662,0.254218317930383,0.588231265925898
8798,0.0251339768057241,0.0117465636504203,0.348787557655227,0.577578829204271
8799,0.0245612987313964,0.0175668809176382,0.233292962477802,0.716350380826982
8800,0.0204770613205394,0.0147705042843247,0.281656447063919,0.601950684332305
8801,0.0249825311950041,0.0114394194826835,0.215472867771778,0.591262362129282
8802,0.0194923819181601,0.0105442446979587,0.256527339667819,0.551608379797395
8803,0.0153506818244666,0.0179893244968984,0.273019045861307,0.707861941903913
8804,0.0257679971140263,0.0139692572640126,0.254259902769417,0.573812640717413
8805,0.0135137068985099,0.00961649070111938,0.215999048488029,0.492127083596841
8806,0.0214855583056338,0.0113747921872765,0.240306893225666,0.486503924481415
8807,0.0178344395947539,0.0117298778230028,0.270381923743706,0.498948314307012
8808,0.0197729651233245,0.0111784529619757,0.173093127539805,0.520681198444129
8809,0.0206126342759586,0.017277729474413,0.245192753782614,0.629463220525333
8810,0.0211127123871615,0.0113089599447864,0.241275112823799,0.573551068114823
8811,0.022285590273174,0.0144334432650907,0.258154859493837,0.677503056482428
8812,0.0216535742660625,0.0126086279751791,0.275856459994932,0.688281610023712
8813,0.0144627879038087,0.0191107037763855,0.254635994636434,0.649427584142804
8814,0.0192881171618828,0.0126308958495003,0.246645215522805,0.559905525718631
8815,0.0223993516793883,0.0125869228871943,0.225768481884119,0.614621398768345
8816,0.021443648313214,0.0130528784241595,0.267263772467097,0.610472126054619
8817,0.0241397987717731,0.0106110542310378,0.346564830302008,0.57445648040111
8818,0.0216100189142897,0.011544559446718,0.311017904755012,0.57518582544125
8819,0.015171539571008,0.0107233099861229,0.431860864923893,0.610166294685975
8820,0.0172807231467763,0.0132001439629451,0.402944965383251,0.581451251245171
8821,0.0192242049884031,0.0156801471235632,0.352916531583009,0.616505356162377
8822,0.00684895729039651,0.0110161949251682,0.435663569372825,0.524373530450065
8823,0.0177014788787838,0.0134319892747107,0.42775401327772,0.628394122501179
8824,0.0194392213866361,0.0119920212769398,0.436160497319895,0.53944564589926
8825,0.0252751977573255,0.0107082755692073,0.323641656551063,0.484723864468545
8826,0.0158446816309091,0.0104011248691436,0.259082583312359,0.397014956637285
8827,0.0187111793739125,0.0151489973125867,0.255033526498248,0.540847463704666
8828,0.0225393138721518,0.0134641637754361,0.262348513485063,0.604894021617306
8829,0.0215695793104458,0.0121246764799927,0.263467728148031,0.534291944742162
8830,0.0135950016834766,0.00954012280534181,0.246227837041081,0.549934861604496
8831,0.0188218806444381,0.0126867561883004,0.258079642919824,0.589365858723249
8832,0.0180104630493049,0.0170891427735444,0.260850760896309,0.683512476153095
8833,0.0128032914789363,0.0134464538959664,0.266572051157866,0.583822339435738
8834,0.0176398352940074,0.0199425776100649,0.293275630253107,0.731691574885386
8835,0.0191133660366704,0.0182229402012532,0.28459796659983,0.725432392021923
8836,0.0221361854615595,0.0144839781879257,0.264733968788104,0.676358211553982
8837,0.0334546338463607,0.0188552541681722,0.222856496735778,0.711788639773569
8838,0.0224168436733191,0.0143584268660379,0.21859459220353,0.585624828161854
8839,0.0144311959317772,0.0121453351889439,0.228310581095157,0.61319853336221
8840,0.0200678718155899,0.0106771227920813,0.211746411611596,0.523055607542719
8841,0.018332339723939,0.0119512729082169,0.265114245786687,0.623348185963214
8842,0.017032179622847,0.010893643450662,0.222432601232531,0.505932991754719
8843,0.0242142534154474,0.0122063421988898,0.261703148461045,0.557160829070575
8844,0.0343286509823654,0.0109781158779829,0.231611203487336,0.554421002385331
8845,0.0255407644583974,0.0122324029664638,0.249225295630113,0.54405877419274
8846,0.0173178732408958,0.0161121836723234,0.260010417270092,0.679359498997659
8847,0.0144865987304833,0.0145477486384448,0.271463698855533,0.606410296877394
8848,0.0323262257026459,0.0190321733162054,0.216812592219735,0.673653582236526
8849,0.0228724241983228,0.0145348485587996,0.365255700573246,0.744216840222856
8850,0.0211300078113736,0.017865063342489,0.402473438272899,0.758174818928335
8851,0.0125815616747629,0.0192153674244807,0.446372162431657,0.770904600235882
8852,0.0181422920575206,0.0224440913040758,0.427156066936851,0.742106605076368
8853,0.016569158029612,0.012380554439879,0.442599695365681,0.558235441011755
8854,0.0223542124040365,0.0133503734777482,0.432982601552483,0.707191336934851
8855,0.0174255365143822,0.0121979275919022,0.416190454873597,0.596200710937725
8856,0.0147861773504725,0.0115113876798242,0.484773581924435,0.656623974930622
8857,0.0219621508696888,0.0139369314706564,0.352272327114566,0.571055997594679
8858,0.013723760584462,0.0199968537091789,0.454038654848284,0.694903805005796
8859,0.0173480636058494,0.0246154822379443,0.513330391282194,0.796989274004202
8860,0.0186953305471781,0.0292783792222942,0.500569624120146,0.832841423401119
8861,0.0162475299290645,0.0287483635340098,0.393440163076446,0.781875026206766
8862,0.0159697385608233,0.0173147241396665,0.513745567945083,0.755304063057396
8863,0.017327306880653,0.0168874144362834,0.453516032690329,0.732305134562778
8864,0.0223026304508826,0.0169780695432535,0.484497741123858,0.688933269215046
8865,0.0228619025856245,0.0102094409979059,0.429694462882147,0.607925982293428
8866,0.0229546517441196,0.0115684964219743,0.47217732392989,0.505622268390913
8867,0.0143818098902505,0.0182419619501584,0.50285317156778,0.742537831990547
8868,0.0175473326540445,0.0235505628021889,0.494916937038752,0.768552522759746
8869,0.0144182354161123,0.031355345839339,0.496950968397283,0.815655991235199
8870,0.0150304261066557,0.0246975698149048,0.463651193939876,0.808932973075486
8871,0.0191758017060408,0.0219229386896349,0.524265965110021,0.855776664695055
8872,0.0160002732214758,0.0268827922533085,0.496164999391557,0.874928745715208
8873,0.0171754686715097,0.0375887794862426,0.51730602261327,0.882028558974548
8874,0.0179612539808603,0.0316924707576227,0.490458887254265,0.875137918707337
8875,0.0179562872304012,0.0351699122952909,0.40024364860621,0.841818414976979
8876,0.0181127748656414,0.0274537519220853,0.426247245946949,0.779920888705437
8877,0.0193916033367833,0.018036971024672,0.303346380163618,0.69518483108547
8878,0.023398579761277,0.0252427379413902,0.387522152885359,0.738975675467581
8879,0.00715947955033534,0.0109265212226265,0.488794498021211,0.612892832398899
8880,0.0208714857048763,0.0179885772793052,0.436216332808657,0.648375915956029
8881,0.0146157566583809,0.0192980958603438,0.449370463578392,0.741233715245193
8882,0.0134059689715665,0.010934954694115,0.49026965389415,0.590218782220324
8883,0.0224732333990132,0.0188537694204692,0.432532705899755,0.588564931561382
8884,0.025680187744518,0.0143286439463364,0.426084781506622,0.698705716052222
8885,0.0133297416426361,0.0182715759751932,0.444094864095872,0.712542134008581
8886,0.019852638571223,0.0189265223564084,0.429175952626888,0.712765294479657
8887,0.0142253006470745,0.0373921477578003,0.491143772598652,0.856026069340287
8888,0.0168198900397248,0.020479196879294,0.489147893905381,0.7049359603049
8889,0.0179876619706844,0.0168838207550078,0.42896709173431,0.741027768439973
8890,0.020900983148754,0.0135211545896198,0.377430408519696,0.503930530978456
8891,0.0113209989881185,0.0126238524458044,0.254632572703256,0.491112265254357
8892,0.0145683653588751,0.0101241227536581,0.275521095232208,0.45398261597149
8893,0.0232544221177676,0.00979721291957889,0.275323632951433,0.529885098560503
8894,0.0215103255535969,0.0109704019428534,0.235959191603677,0.570402298216975
8895,0.0234894502201039,0.0115560198577102,0.225486979974446,0.654075408162252
8896,0.0260007425453718,0.0224280107664822,0.406750875358758,0.6260166758608
8897,0.0197973424206531,0.0166415531107499,0.441037213917871,0.587275316734255
8898,0.0137438234232384,0.0160008917030717,0.440822852269107,0.653850197271472
8899,0.0166781384161238,0.0119617153087996,0.377479108238923,0.537862726301817
8900,0.0248440648466147,0.0125749480797665,0.427183856839705,0.590253439894687
8901,0.0190480054967284,0.0134185134088914,0.451048204664564,0.566820153640264
8902,0.0181588565278838,0.0174316533334571,0.483660096301789,0.688950101401177
8903,0.0156902808656018,0.0141400743497699,0.460964199358262,0.62914549863867
8904,0.0256372930270909,0.0159836642372207,0.354201333432879,0.689070083337478
8905,0.0186578724813523,0.00997077044535622,0.429319809948061,0.564798554542289
8906,0.0231086132650281,0.0121905657878962,0.430127589719494,0.640838153683527
8907,0.0123491537093468,0.0208330497343493,0.47897384006436,0.777960301821157
8908,0.0177219548447309,0.021737122562429,0.465691843325082,0.771342828621753
8909,0.0182117305514568,0.0226576687555883,0.434039449928874,0.79179941621943
8910,0.0116192107813595,0.0308093785214482,0.426289853097005,0.839567077923301
8911,0.025411648821669,0.0558495426582479,0.488224889381636,0.898110025003041
8912,0.0138459264390768,0.0333671131167697,0.487492466387971,0.852856615119591
8913,0.0228670120722199,0.0291692919362996,0.519736324974454,0.838712465196177
8914,0.0160476601947623,0.0357643316210564,0.440940735754749,0.821233151830374
8915,0.0121888632413546,0.0206707976899549,0.514747898690903,0.720831922992597
8916,0.0203928204089195,0.0126601633306536,0.411318543927157,0.57118991174014
8917,0.0158601057358023,0.0122619313541665,0.427874272344784,0.674793379508453
8918,0.022145563835001,0.0122615499845076,0.425451442525391,0.540589203767337
8919,0.0151231591488321,0.012174206536628,0.375644065882605,0.440096025588712
8920,0.0185804063889555,0.0102462909262165,0.415968395503536,0.470539162735293
8921,0.0201510051535171,0.0157951021930832,0.437198157176462,0.695621483626531
8922,0.02079428293366,0.0206019931221599,0.502037123775283,0.764792029953871
8923,0.020313935411411,0.0188507949608101,0.396269354897323,0.661512327718506
8924,0.0220835133771498,0.0187522950325217,0.483360319587279,0.666271492869759
8925,0.0218234905251134,0.0149720208713686,0.505271025687072,0.666636452394113
8926,0.0253418256450685,0.0143098685017588,0.43159261444413,0.551941726824789
8927,0.0163831471507837,0.0152914707199195,0.377919529929442,0.60282576829907
8928,0.0214451131910908,0.00848939053348419,0.445712436608623,0.475854649150286
8929,0.0117707498478977,0.0104195494657501,0.444903448181634,0.645550830568552
8930,0.0212438927153706,0.0134435989015492,0.441761066430819,0.663463226395311
8931,0.0176276040721505,0.0214341712001123,0.444219736434227,0.708645247752366
8932,0.018785001839802,0.0165286133299155,0.491931471819537,0.685857952361738
8933,0.0191073977861896,0.0167361521456588,0.412636533627802,0.711087511129327
8934,0.0178997197521636,0.0182878127585903,0.355296972292706,0.647833320893985
8935,0.0183838020491759,0.0129704993870957,0.395564173572897,0.452355089050384
8936,0.0215829121437467,0.0100969494532092,0.258556296625877,0.519203251624942
8937,0.0270532566088227,0.0103117597356545,0.262031025796096,0.561944600763409
8938,0.0196123651678723,0.0106615640513956,0.268652447712778,0.540514971733864
8939,0.0234152291047346,0.0186366374121853,0.268110883568736,0.661190627791186
8940,0.0221459819653303,0.0135783628258337,0.236962188815682,0.654098788850408
8941,0.0168118184402795,0.0144831522344377,0.232066875744418,0.697133267660288
8942,0.0215771661904098,0.0132439538552736,0.224587911676665,0.565854083720591
8943,0.0276480910449734,0.0148535585469338,0.26621704318123,0.660155874409163
8944,0.0216973030915091,0.0164915766003832,0.286377134124148,0.67276350615158
8945,0.0236836358279869,0.0117791853516212,0.220450010060533,0.482173800763256
8946,0.0214802716827801,0.0158048597790943,0.345346544762663,0.590405939846523
8947,0.0139520083992666,0.0101578510997687,0.267497241243776,0.498792272312761
8948,0.0133717860835799,0.0128135218038134,0.259199511513321,0.609412281254053
8949,0.019628680200189,0.0130181567550897,0.215950633563598,0.643863580318977
8950,0.022977969991565,0.0132574576175644,0.305255856385302,0.534181699106555
8951,0.0160133279672821,0.010320531561093,0.361014903536347,0.481734898377498
8952,0.0211328591157457,0.0106652492606399,0.244820399931188,0.55775795874034
8953,0.0206162636342445,0.0156949372920609,0.270528644995584,0.628798838026631
8954,0.0187289367897038,0.0190748155563626,0.238658116766788,0.674672535401872
8955,0.01138018848425,0.0216475028836738,0.2692743409521,0.714645773591139
8956,0.0239929651992671,0.0168802249273413,0.238356399716907,0.662299179962258
8957,0.0211665405357936,0.0212267503140099,0.26218109710464,0.751893580335398
8958,0.0252831885064774,0.0146529596018625,0.254276078579881,0.622761447398853
8959,0.0164414019817362,0.0184010450448421,0.247720027809044,0.718632325138478
8960,0.0275067148592636,0.0165457724578689,0.266630310722809,0.712839108234798
8961,0.0189186729206916,0.0189815448872842,0.277891234835974,0.70404435457143
8962,0.0177104564348287,0.0128214557653253,0.214281584353178,0.565967716276465
8963,0.0149185023868151,0.00987870758846863,0.267292303641955,0.63356196129527
8964,0.0315429346823485,0.0164568490543226,0.220283126407507,0.651915506510325
8965,0.0209545931455235,0.00981693851822573,0.240892226455628,0.574715117759345
8966,0.0190315643832006,0.012509131654206,0.261196982773691,0.582985149116125
8967,0.0258519301652649,0.0110932036516765,0.268390372840746,0.497946667837897
8968,0.019289166172637,0.0126975451354538,0.232308761260864,0.563460755155148
8969,0.0166602019776127,0.0111668118642188,0.217069814303084,0.497354078282077
8970,0.0156921072811664,0.0172113175087084,0.258959897391957,0.638665955870327
8971,0.0250424045650454,0.0123433368979385,0.25240489901517,0.535727866932396
8972,0.0156836010394019,0.0126180895428906,0.222686452536005,0.5944246629618
8973,0.0232787357363935,0.0151358974057341,0.234012099404635,0.569198250381914
8974,0.0137430885804249,0.017021274406821,0.258433519558079,0.646231734344672
8975,0.00635190294143376,0.0105763184872843,0.22682533717182,0.442407610402171
8976,0.0190580847284214,0.0105120114274606,0.255314600036237,0.446392195076761
8977,0.0194577067736905,0.0093336450356218,0.245458681695256,0.385607974227925
8978,0.0222388016341648,0.0123486748921433,0.258824949958785,0.554020234492223
8979,0.0209183499145747,0.0193469112591675,0.305096979107329,0.705925227014977
8980,0.0238393667975776,0.021662413319649,0.26075069129928,0.69975911664536
8981,0.0171570995970235,0.0116976532649672,0.224171199124845,0.526455671484138
8982,0.0195408321256213,0.0153837009079037,0.254976689598381,0.639170710545091
8983,0.0236385025617088,0.014902743572453,0.259524730382641,0.587558469249815
8984,0.0184845759117517,0.0137906182158283,0.250439534206717,0.600736883106956
8985,0.0228029131355917,0.0106544799959361,0.258981822408526,0.482002383445331
8986,0.0217865333494374,0.0120728020637586,0.276565410272561,0.512028029560178
8987,0.0246655653391048,0.0162505990066883,0.223127752852673,0.605662665274601
8988,0.0212572563836978,0.0101322669378105,0.275302237084118,0.475467158537165
8989,0.00958046972113967,0.0114585350030951,0.264567423020329,0.464848312944841
8990,0.0216244477366479,0.0111453332848433,0.261315990536657,0.517679656533108
8991,0.0211256783573628,0.012132100357331,0.252314450271915,0.552678922790319
8992,0.0199001360543158,0.0143472761883663,0.258552657102024,0.608587636606921
8993,0.0186923729647975,0.0116683329939906,0.234831515761893,0.52415501168577
8994,0.0235309486668056,0.0127917606737238,0.235742169270142,0.561809170013848
8995,0.0187996733890015,0.0127567225691798,0.265999665215796,0.532648467719633
8996,0.0253368521353824,0.0140849567268402,0.263680501745032,0.602637602679686
8997,0.019199603110799,0.0112191054930404,0.244792758204525,0.512606504235283
8998,0.0162875379126429,0.0100749532853669,0.260349618577443,0.552649785475854
8999,0.0246797122692754,0.0113784152050252,0.291505926561558,0.448427821396135
9000,0.0133376748790218,0.0137368179897182,0.250389387005699,0.522492117498237
9001,0.0222627883293037,0.0122815174629,0.347002898022868,0.495215422203902
9002,0.0137273140098988,0.0126218520875362,0.442329776173793,0.58617051129963
9003,0.0150444083158069,0.0141221992424641,0.27967039033648,0.611694106083849
9004,0.0213990467974335,0.0172126635282978,0.400573270093446,0.687438071611998
9005,0.0181211547261277,0.0154794815146156,0.250016748064984,0.56414168765743
9006,0.0240231656161329,0.0178033130375729,0.262340463180818,0.69631382933205
9007,0.0175690268947604,0.0239534748899747,0.227703937446864,0.778626208991157
9008,0.0171848214468894,0.0332984066950862,0.264549761487163,0.852891893483109
9009,0.0163210877082739,0.0313683974882344,0.439676007895687,0.804056010113034
9010,0.0173893461678416,0.0281875221852486,0.427081397677458,0.784159418095064
9011,0.0196391726010408,0.0168779007870039,0.388002159031801,0.677634017430868
9012,0.00854545866550667,0.0134759499824796,0.426895780223442,0.62351666770354
9013,0.0225427681689213,0.0090610376457242,0.253310258647197,0.482913957623689
9014,0.0180640009643343,0.0111408195735919,0.260300987231197,0.525995325695523
9015,0.0211153843252826,0.0131344222306984,0.258195775425425,0.568880259979914
9016,0.0204960301370488,0.00850121712831436,0.263810582190749,0.545222040465476
9017,0.0148648621082485,0.0104309516023197,0.269555267309652,0.516677759901142
9018,0.0113697647928917,0.0109041161976711,0.215586622308066,0.546503708388935
9019,0.023613340728944,0.0117205016535566,0.238424541346596,0.520656589973415
9020,0.0189106360834639,0.0121817098099515,0.250546757700603,0.415602412384771
9021,0.0203716943294065,0.00931619411076885,0.267954675499319,0.580847814454565
9022,0.0211894614839207,0.0100950878386424,0.263742999225114,0.539396390308171
9023,0.0146331035213068,0.0105328870653316,0.271016713729377,0.456603936285099
9024,0.0154393512663739,0.0122748570348886,0.232468484208863,0.541914564607826
9025,0.0194518757048048,0.0124285060689909,0.249723180871063,0.58140197503652
9026,0.0155529856132833,0.0155226366496965,0.232095002396869,0.583752036503573
9027,0.026844937693598,0.0134843548646878,0.254971748354737,0.644621280448553
9028,0.0218933070729819,0.0195385524937708,0.258566772589953,0.75835064009847
9029,0.019516938892679,0.0159045140639408,0.232854902412504,0.679815293102749
9030,0.0179032742004533,0.0113409593067671,0.232549267481207,0.577621417397309
9031,0.0210149980869694,0.0134884855437407,0.22997852616318,0.544518393272572
9032,0.020325024939984,0.0150544423699567,0.260250803743105,0.633628065832267
9033,0.0152552751815137,0.0177700490375715,0.248524759656507,0.699284389104613
9034,0.0217127788080826,0.0210419357798825,0.240709295990061,0.735908457600662
9035,0.0156478664762235,0.0195391549058497,0.239558394730958,0.641714279182379
9036,0.0195280220587303,0.0200450147828331,0.254550365544179,0.65143676473075
9037,0.0143950505534884,0.0131694211090919,0.257378882652402,0.596011596070657
9038,0.0255633302078254,0.00981120884779125,0.260408293410821,0.510146683788245
9039,0.0182012599886694,0.0103394194317171,0.230028577168958,0.534347974080326
9040,0.012009893440293,0.0242147132758562,0.252918455405532,0.790598875796533
9041,0.0207055779808017,0.0341388108275938,0.244668367291164,0.812769055149371
9042,0.0207729221081392,0.0189538767981576,0.281726742381905,0.770715377791242
9043,0.0228465288354423,0.0158763273189865,0.231461907049323,0.666211646889434
9044,0.0229722091984543,0.0122445879179413,0.255483872438399,0.579205509111762
9045,0.018669839409271,0.0124128256037722,0.268485668365091,0.49797111293234
9046,0.0201916214051775,0.0178566723844761,0.247985343533046,0.657019221601369
9047,0.0194696633117975,0.0148529398520755,0.2509706986867,0.613523881800844
9048,0.0159136190078835,0.0131465522543679,0.264870875953744,0.565460905317453
9049,0.0249368408679187,0.0147755852461328,0.272666416174636,0.622599686734215
9050,0.0170218830471488,0.0204314827514391,0.2291876334955,0.648385546909412
9051,0.0132536042179139,0.00925935990541576,0.231669710060205,0.490466074286172
9052,0.0176294571958682,0.0154419730871368,0.24336402107712,0.683058963433104
9053,0.0150723468164519,0.00882206001733994,0.239859674894697,0.45052005816398
9054,0.0197846393844175,0.0123465246545156,0.261797149848294,0.617448584025984
9055,0.0201813175952603,0.0181209713062554,0.237339279801801,0.686258901711518
9056,0.016272514769878,0.0164177426605341,0.24042619634852,0.653657222999778
9057,0.01650558242984,0.0183327407684668,0.253235317403434,0.759907595332843
9058,0.0193406031625724,0.0193706829711869,0.445137341416584,0.744135763791678
9059,0.0142871953218591,0.011545117196671,0.429369387875372,0.712609919468042
9060,0.0154944435227355,0.0197819060159994,0.393385909987198,0.738415426205572
9061,0.0223000866122521,0.0173897238344694,0.435334777712983,0.633845612591045
9062,0.0189876270851553,0.0103158172035636,0.481274319812129,0.613523457689537
9063,0.0174373732509127,0.0241264814139247,0.511190141544121,0.784142869531674
9064,0.0200136566744628,0.0364290199932831,0.484373249502568,0.873388810090327
9065,0.0255601280812109,0.0304765502468452,0.518034403710533,0.832141033869263
9066,0.025119185714469,0.0302109429021555,0.458648484015275,0.829898570838408
9067,0.0153591463840742,0.0229826225498335,0.425224831940359,0.785739780535879
9068,0.0123931955495239,0.0482609542012031,0.439692045737585,0.906584209872509
9069,0.019361402259921,0.0367622518267176,0.511331403742106,0.872268698657025
9070,0.018652542739137,0.0487138245391506,0.44407201687581,0.886432988948137
9071,0.0177604382639107,0.0261952090286569,0.395786850906243,0.766247334241372
9072,0.0155978794218157,0.021953228944897,0.426808429531451,0.76751226914512
9073,0.0158424889793421,0.0233384731593767,0.392101215827649,0.81399439198178
9074,0.0152775305157655,0.0221508023962536,0.419788347482251,0.813365216114319
9075,0.0175955454103957,0.0145723227911702,0.435742438897557,0.660227350966688
9076,0.0235038442642243,0.0121936909371002,0.443426961628372,0.643759651941677
9077,0.0235918497230656,0.0172957172400738,0.437057226562832,0.710421827493284
9078,0.0203294492165552,0.0144818628355992,0.397646627104595,0.697817135894007
9079,0.0194712403434651,0.0244884920168016,0.429353427965307,0.776089546129674
9080,0.028611087891519,0.0168207596890177,0.495473271146153,0.628483887742728
9081,0.0170567936109548,0.0129076507484784,0.427214845917526,0.608709233193626
9082,0.0223852379887281,0.0205376080948877,0.431898028392708,0.758641104778847
9083,0.0228276277163222,0.0216939321645662,0.450629010522441,0.756951203976271
9084,0.0145760656493532,0.015610987206271,0.467682463437073,0.674390391676276
9085,0.0170191755020793,0.0199839854913577,0.504576589485456,0.812604825026358
9086,0.022613160694501,0.0208178377235624,0.444512136820565,0.722793660682724
9087,0.0223483892633536,0.0150969490912452,0.435689781359336,0.6799401777531
9088,0.0201199969640977,0.0134094380365217,0.431387956251947,0.590712290678626
9089,0.0234912931913357,0.012155950024028,0.276804889424056,0.607774102747191
9090,0.0217071475533796,0.01734924706284,0.269506190749668,0.654432964539062
9091,0.0240474227432141,0.0124541348731279,0.220222823285451,0.518228282357785
9092,0.021881917686199,0.0112852119762504,0.235911244343802,0.483521443568486
9093,0.0214498424563259,0.0145881933031441,0.513301925671232,0.57544325871716
9094,0.0150010823645513,0.0115239358248761,0.473447894870217,0.509959502665422
9095,0.0177549756882353,0.014485838929294,0.432468140970213,0.603563540201273
9096,0.0181984422413539,0.0144885502244083,0.429260534599854,0.630905044241041
9097,0.0205087892046123,0.015983381933561,0.502192936834461,0.665594472468203
9098,0.0170894243177734,0.022125712041035,0.44771110165362,0.76504917901392
9099,0.0157122873691486,0.0169751283773727,0.430598196667261,0.747955199831092
9100,0.0147917985587543,0.0145563503134441,0.36828027566751,0.669285628070574
9101,0.0229392718203877,0.010034002298814,0.241824338954517,0.476453629671318
9102,0.0193461021197407,0.00787300538918112,0.194179764339829,0.412028056248244
9103,0.0191503148575065,0.0107902287897729,0.290321396688365,0.494339520261235
9104,0.0217830820003336,0.012581200336248,0.360878700024901,0.558732522089863
9105,0.0203548949237112,0.0151326629306465,0.234030019680603,0.65342511186932
9106,0.018406542471988,0.011616523187524,0.22904268939974,0.478176292899762
9107,0.016973009469846,0.0082312733506716,0.21518457170147,0.512290154090592
9108,0.0161784600922167,0.0105295399205991,0.243520597903264,0.508207262546605
9109,0.0184962659255171,0.0126810200376859,0.38724912079229,0.614767402397745
9110,0.0234918552166115,0.0181218672244687,0.507517824041776,0.66618899044853
9111,0.0144806237533896,0.0103739786427085,0.467181604216488,0.639292033927519
9112,0.0224521743479799,0.0192452510908246,0.488954401864123,0.699539927881737
9113,0.0108291454344218,0.0154769759403242,0.434760050604064,0.674335956192362
9114,0.0198127521386713,0.0184525216549084,0.422798374979143,0.775624325037296
9115,0.0220633868264852,0.0220271316743951,0.442841122445171,0.771647017145288
9116,0.0213227498909117,0.0118422541761062,0.424178909373964,0.686374773080856
9117,0.0205425531698391,0.0132438288034048,0.467472581476608,0.605965354249118
9118,0.0250360429968952,0.0137906713647644,0.445296435931151,0.680045043752976
9119,0.0128778536299408,0.020057729314315,0.397504693251467,0.718802377116886
9120,0.0158590000809864,0.0101645863036366,0.43431385914248,0.636009081234305
9121,0.0126707375989589,0.0147837267934227,0.446349311317327,0.715285930267866
9122,0.00971476194069563,0.0119419350339886,0.381886723267549,0.530113899696905
9123,0.0131806262067433,0.0131888087126406,0.415878744879803,0.651751123560951
9124,0.0328780437056582,0.0201525482169716,0.447982052088555,0.70539415016159
9125,0.0263513547010036,0.0136417656121078,0.464595077068835,0.619575065834397
9126,0.0142191466973098,0.0178842588157583,0.409735748301076,0.732327836314799
9127,0.0229451417472527,0.0205957767040885,0.409944695511209,0.74303075992381
9128,0.0161320799455713,0.0194090791909104,0.491300800999363,0.783618794158235
9129,0.0175588490002476,0.0161869009459919,0.49814191173956,0.698191943513311
9130,0.0208263436486131,0.0215728164180004,0.465437314001984,0.760003897393265
9131,0.0204145411903172,0.0194947307170112,0.435546441173143,0.761732916110286
9132,0.0186874628061701,0.0326564027701103,0.439040122414574,0.826241778221594
9133,0.0198070891011148,0.0278839643973698,0.377690729211977,0.756641694910523
9134,0.027036843138723,0.0184674079449364,0.438476904861237,0.69906055957866
9135,0.01708278731963,0.0193778634448125,0.429841082812032,0.726101168673489
9136,0.0196981635316356,0.0195815840171063,0.352223567035039,0.673014085884852
9137,0.0159818930790235,0.0136469268111432,0.487346695624868,0.618794522518921
9138,0.0193899213369263,0.0214557200070975,0.387510110520989,0.662162084447131
9139,0.0189641732864682,0.0110676306130952,0.406351655139596,0.593557971201087
9140,0.0229156570889543,0.0100959367643792,0.464436540592735,0.575073279832616
9141,0.014995792330115,0.0139341309989974,0.365378667761902,0.70255243318273
9142,0.0147867298883931,0.0135876671995252,0.258729226887665,0.637173064352864
9143,0.0199443920827544,0.015220798081428,0.265892134844855,0.562916079755022
9144,0.0181035487231424,0.011407344712113,0.270907757280103,0.513629574555478
9145,0.0204755639972721,0.0121823153925529,0.238407165608612,0.456496597057733
9146,0.0188362255512073,0.0128434212495894,0.256550043742474,0.533773659260671
9147,0.0204035229676326,0.00903004242510576,0.258235965090203,0.485775018388064
9148,0.0272033085318884,0.0120701823527972,0.234862847914864,0.509785575651242
9149,0.015691623164842,0.0153030855124823,0.265847547348498,0.569214818099634
9150,0.0246978818908743,0.0177719072555589,0.282703322568671,0.714818797084211
9151,0.023381560977175,0.0161330208353937,0.256538570819095,0.681793097654324
9152,0.0214174599132875,0.0213851588053217,0.240225528596392,0.713804992497165
9153,0.0230493708738129,0.010041490567622,0.360906460780842,0.544678590780685
9154,0.019677478520479,0.0105123854954013,0.254492653799479,0.616882937611911
9155,0.018194438611962,0.0156944098740037,0.233672101423734,0.505307767977027
9156,0.0195600229048011,0.015945685924832,0.211987352367803,0.612085419843754
9157,0.0171897606033472,0.00831749179419244,0.220301967574868,0.415506238904102
9158,0.0282966283075706,0.0122149908381765,0.27222373206903,0.478991820447059
9159,0.0171506832072795,0.0107333062760632,0.25432946720973,0.531356998220232
9160,0.0229413159928122,0.0143372995989695,0.289176677091362,0.619863301759918
9161,0.0255830241474593,0.0122897756040512,0.253500362616259,0.548896832975425
9162,0.0176265119849745,0.0187939993558946,0.237639060898578,0.621917191132021
9163,0.0236228899447343,0.0193221065328225,0.280941084123355,0.617763498650318
9164,0.0256887864870906,0.017538188960323,0.25147826105149,0.636250596179788
9165,0.0190322341579234,0.0119057982478949,0.27630002544156,0.492376845543344
9166,0.021539772179095,0.0145278430921425,0.246568146360316,0.604440357001136
9167,0.0237929077547917,0.0172741766504874,0.271730094815556,0.683953676574265
9168,0.0221188535336695,0.0119085871593131,0.242551695198631,0.446525329317234
9169,0.0215429817685647,0.0126237405620518,0.193836035235359,0.502287399069668
9170,0.0141712460140649,0.0148008907644858,0.216694447357526,0.654524685793024
9171,0.019945396214406,0.014195978022629,0.400298133317204,0.563858707447106
9172,0.0238834502462245,0.0108298911997688,0.338498840490809,0.523579911442556
9173,0.0196361603627884,0.0129351615707738,0.246594528750399,0.520027113324509
9174,0.0188151816535243,0.0189417801109637,0.373883984277271,0.705861557050748
9175,0.0197488241862265,0.0160667705895066,0.353291767743947,0.580970279400268
9176,0.0208246488369908,0.00993868876487431,0.225466448610352,0.433143204065269
9177,0.0151408060622569,0.0148765544511431,0.226059022814413,0.523822101904388
9178,0.018610049005504,0.0114665608390544,0.267469325105727,0.521552000907246
9179,0.0169192665288084,0.00837277552482496,0.211895260545935,0.560383959822277
9180,0.0137801759918754,0.0148872740580885,0.252197175183348,0.567613233960296
9181,0.0227067339507959,0.0172081242836299,0.278258902509261,0.649124882638946
9182,0.0192726912034786,0.0135088771112969,0.272985239328856,0.551773149484058
9183,0.0137045009859298,0.0151305259720945,0.255628244340517,0.60741425841855
9184,0.0177232873783723,0.0131674973916973,0.274566423271283,0.527359610035042
9185,0.0194460953899793,0.0138975856382115,0.257328727405152,0.559620168084182
9186,0.0181256887310356,0.0110214226285481,0.252006959416218,0.54758650257628
9187,0.0151046536692513,0.0145635736465814,0.479645243000462,0.649421275631118
9188,0.014031531666085,0.0104955691085383,0.389542976283697,0.476525918912494
9189,0.0134106843603409,0.019531149160318,0.402625941609734,0.672016357401874
9190,0.0146230111366626,0.0146970388063667,0.479685726201017,0.663131634607241
9191,0.0259402325694198,0.0199137317047987,0.502805755429338,0.742626158637704
9192,0.0207637797099086,0.0139215897833987,0.449129137092857,0.709772369402965
9193,0.0149168797921498,0.0199414307699952,0.440876907283077,0.693009445219892
9194,0.0210115239784419,0.0140811784455571,0.436797176654212,0.626230970715788
9195,0.0114741217544503,0.0110548030688904,0.39880618761857,0.540864608972945
9196,0.0161928331796634,0.0120490168228459,0.447546878150315,0.519181545945136
9197,0.0296754840619393,0.0259387184530006,0.426503870871581,0.745761075945472
9198,0.0194704147887821,0.0133190108890276,0.435906443365829,0.638086960390364
9199,0.0172816481858736,0.013997146712399,0.41692365211777,0.671733048196612
9200,0.0207951671372436,0.0170352769934993,0.42116806145828,0.658739952279069
9201,0.0217930721618801,0.013122310924963,0.44588175267205,0.56796273486402
9202,0.018292106952355,0.0133548187616402,0.510995459491315,0.707308096601616
9203,0.0193109242540986,0.0187882034592342,0.445959734833048,0.720903162328061
9204,0.018549781793323,0.0124091985981884,0.395582910663874,0.674326537451118
9205,0.0215976686629396,0.0210724487601726,0.418135839124303,0.720358297118375
9206,0.0190299168515102,0.0133876976228493,0.428053082053778,0.623195129066454
9207,0.0198477090932312,0.0157229739473651,0.263450345168925,0.64682093939542
9208,0.014281575222253,0.0121727671836749,0.276181785811851,0.43484300733483
9209,0.0271928053468651,0.0126756080522681,0.271146172484758,0.464356421684556
9210,0.0141763481988223,0.00884567012146513,0.269693930762478,0.447125297753607
9211,0.0132596280620533,0.0127245568120319,0.294143559603792,0.393683758305825
9212,0.0204315224038055,0.0131560176110045,0.306589064530729,0.52933551301684
9213,0.0222942808276551,0.00986701889867409,0.32428106279213,0.481237205182569
9214,0.0137527613247142,0.0176756545151321,0.263329834905902,0.638433540267783
9215,0.0183839717737307,0.0127128175952464,0.230130777684967,0.619410893018043
9216,0.0176109858063427,0.0102196210646122,0.316545562145172,0.43531952465785
9217,0.0198694544885901,0.011234577134596,0.267885024859125,0.562801059628433
9218,0.0232898097965364,0.0111141913080309,0.288319465480364,0.589019288225417
9219,0.0169005840964792,0.0145629964203894,0.230228606617907,0.564810794534432
9220,0.0181060467572952,0.0106591387498162,0.205009917993808,0.426797541566515
9221,0.0197638926124376,0.0111643426535961,0.234358030201196,0.433091195765279
9222,0.0196720673828022,0.0105105214450793,0.198844019649234,0.453539718337138
9223,0.0292007149274446,0.0140895701470491,0.294254957930408,0.642037143527887
9224,0.0286851378683869,0.0170078901820516,0.259949192533481,0.704561082168331
9225,0.0222486913959869,0.0141972375327276,0.240816911651295,0.607760219898186
9226,0.0194279569671594,0.0155525626387214,0.209062525849582,0.624360779894715
9227,0.0154131359333631,0.0107256924856319,0.223588153646811,0.512345902310194
9228,0.0179251457161031,0.0101458294859444,0.245515366706564,0.45272458119947
9229,0.0213528526340156,0.0114855760720499,0.217312400474765,0.562402160228984
9230,0.0233165725054523,0.0139610356868897,0.302636203375675,0.556361269430954
9231,0.0218491750657216,0.0102067888944083,0.338192972824363,0.509077387764002
9232,0.0317331280459985,0.012123775686639,0.237714171191951,0.519759583076587
9233,0.0184357668555106,0.0103642952835477,0.265463692964053,0.457952611320405
9234,0.0243153468483252,0.0110619770312706,0.261872023694134,0.448733137057124
9235,0.019950107877362,0.0122541223282259,0.209760641943732,0.486027852441659
9236,0.017016960405243,0.0120708827397229,0.224268050722346,0.508687571244229
9237,0.0209408152497357,0.0145941585081685,0.246752659464898,0.56406421355166
9238,0.0210123146998009,0.0146612727235839,0.284362244132156,0.65226697764029
9239,0.0204107519817076,0.0138862632330977,0.266291909101705,0.667786717767297
9240,0.018295180343685,0.0231432946522397,0.247850088811921,0.791165240545973
9241,0.0195542300849884,0.0188025198004137,0.2310332046836,0.634585430070661
9242,0.0227704948017319,0.0111315993518963,0.211349279442506,0.387256593224752
9243,0.0259373869001156,0.0145554490717204,0.353533871263784,0.630522592734559
9244,0.0192916555501169,0.0133402257147771,0.417114788682608,0.602315620923614
9245,0.0202821775864086,0.0127788244068338,0.492549837550096,0.646633766691017
9246,0.0136974573346384,0.0197742415407509,0.493512187495387,0.662109895764259
9247,0.0183885385216918,0.0184223416070855,0.444840854260924,0.690221656126828
9248,0.01949167962202,0.0148552708319547,0.255342069712964,0.497014560912811
9249,0.0221095241352262,0.0136918453360117,0.272571073034045,0.663066443817897
9250,0.0178541087971698,0.0212132425470026,0.21239493877753,0.708559780306969
9251,0.0189495769263673,0.0251582051149755,0.260890590996883,0.770148090451519
9252,0.0282080792963337,0.0222030009120397,0.212397530229086,0.790675052480888
9253,0.0158443071379718,0.026289497457211,0.457963570205736,0.777289631314857
9254,0.0198827467663203,0.0274226423078128,0.283844821572208,0.754437890884611
9255,0.0204417646553474,0.0390888692538211,0.305431952247516,0.839165001568227
9256,0.0136793265679805,0.0212639153051345,0.260458449513745,0.703539313222656
9257,0.0229558078513184,0.0157080831749971,0.369517090650883,0.654992247631064
9258,0.0245573543530403,0.0103712183724175,0.439562885073358,0.622540459845729
9259,0.0137396498073308,0.0113343949259639,0.436886627728484,0.552407977454286
9260,0.0215464078329898,0.0205295162090158,0.440806956390415,0.687640983034574
9261,0.012086911205351,0.0110797664982044,0.41379202225834,0.522296623286574
9262,0.0146850724164768,0.0112548873656003,0.306817301605083,0.532268662976118
9263,0.0159774280724796,0.0123313766727076,0.26795918464777,0.503646344403473
9264,0.019182752238694,0.00782724592420614,0.267721247522536,0.537174015827158
9265,0.0158986137643122,0.0110309249824575,0.245237100226884,0.520865590135418
9266,0.0168277843338978,0.010775364427033,0.34875130504876,0.555732812208501
9267,0.0164274940607964,0.0169007362776745,0.231948939587892,0.623009842242959
9268,0.0206570116360138,0.0165258653136391,0.273227623831806,0.619270785968063
9269,0.0192496741116431,0.0153179209805714,0.228173724255538,0.618633340767993
9270,0.0168157972173993,0.0133713419654158,0.196245310885811,0.498984902553979
9271,0.0250845734035229,0.0122372244451484,0.240031343768797,0.576365987733
9272,0.0196742508802991,0.0170142530845708,0.21192600746148,0.647341148360462
9273,0.0197862492085632,0.0179161798052701,0.261657099400356,0.676169881257802
9274,0.0256742800763542,0.0104750602576605,0.209843714861291,0.473077290528876
9275,0.0247097334823047,0.0103343019324431,0.345944049269581,0.576391461282319
9276,0.0176939761401011,0.0111037617420429,0.269124089467514,0.511953220069355
9277,0.0173689532907673,0.00864958150651078,0.24905546586538,0.444647945145329
9278,0.019231046608623,0.0105057521419182,0.237094227876841,0.439554614186296
9279,0.0199677030128849,0.0156557969790577,0.249856897707717,0.601256267686012
9280,0.0236415296896677,0.00966359454047894,0.231938941229788,0.372992093820617
9281,0.0254432295289676,0.0111730930997217,0.263651583070371,0.579247531123023
9282,0.0200780253346778,0.0154311436193528,0.248670985808386,0.650118838190913
9283,0.012044450091663,0.00948346175031832,0.442495699622752,0.612698075453368
9284,0.0209124609211991,0.0166907414208933,0.448111423158812,0.689022116722561
9285,0.0124604742902831,0.0156605802534954,0.255165183049769,0.618546840600566
9286,0.0247266626079705,0.0156400646392698,0.253658463131412,0.57513356482264
9287,0.0215928702474485,0.0111789463231445,0.245532863562172,0.510284010942853
9288,0.0202359027169905,0.0102020259849065,0.264710111298817,0.617729729436727
9289,0.0276922261353933,0.0204186700885153,0.237962637474292,0.645382182855234
9290,0.0201813565505778,0.0184173875121939,0.214476104378089,0.710488836605201
9291,0.0278971461607757,0.0113007380976287,0.229607499049345,0.476170669304786
9292,0.0196909622415508,0.0117979417653054,0.273213372539768,0.538233465594312
9293,0.0238539309217071,0.0126438067869836,0.241824649159404,0.509579451041938
9294,0.0199147063121085,0.0132863668397019,0.227423763210825,0.539997839636204
9295,0.0228344678227259,0.0135892630693732,0.269874790813519,0.606800345456685
9296,0.0134444133291676,0.0103075168821569,0.221255339891014,0.501967213889126
9297,0.0204692273450281,0.0177284917199849,0.26221176429157,0.644291269662146
9298,0.0209667057208298,0.0121832854797319,0.260374762862092,0.621215364615004
9299,0.017708255863073,0.0136305394292774,0.254621022893581,0.671592542304723
9300,0.015749094854372,0.010379473209264,0.26869372011239,0.46057602058277
9301,0.0183340519559317,0.0122115913296331,0.256380103881397,0.599879711397145
9302,0.0186150151524454,0.0136682970958291,0.236614174504939,0.564786745917674
9303,0.0216768262700891,0.0118456186303258,0.248734197914516,0.604242146180008
9304,0.0223060193508264,0.0169105031508589,0.249923595149748,0.707012149391566
9305,0.0225583201039449,0.0189143383039521,0.211923402560864,0.748252505323992
9306,0.0202304634845996,0.0316845407785396,0.333647696233591,0.836565412106677
9307,0.0224324435674489,0.0430896977285512,0.268565713899255,0.833440947228945
9308,0.01991337475505,0.0410080957741134,0.25443262570174,0.871613680114958
9309,0.0234375720384046,0.0225451445014236,0.264010193121194,0.729163709079591
9310,0.0191917255536008,0.0253708532724898,0.295840311056355,0.741861487802103
9311,0.0207539845956194,0.0128246960664008,0.244085322326366,0.519120524402388
9312,0.0172377714030251,0.013681787159029,0.258052357630486,0.579830989702161
9313,0.0264649896052379,0.0137637833418459,0.26397881474686,0.574937398976845
9314,0.0169870841233759,0.0113738001095304,0.235171685537905,0.572084734896106
9315,0.0192468743755461,0.00923340255661707,0.211453415548312,0.473210343738348
9316,0.0220508815675271,0.0109376489658852,0.240537367357718,0.54830664683869
9317,0.0167164344687709,0.00813972143762313,0.18330749036965,0.378953550540238
9318,0.0211188143768319,0.010633718391157,0.215483481653686,0.427270883869265
9319,0.0202597528301229,0.017212473611469,0.22999597652414,0.602757729051198
9320,0.0195524432414951,0.0203875431491982,0.262131039104679,0.747128991802514
9321,0.0197569777014863,0.0133382333482065,0.444031060823019,0.610720835505076
9322,0.0169235387853167,0.0159713391051748,0.5052441271815,0.677445424804477
9323,0.0202848132986665,0.0170841477142179,0.410610502994398,0.624205675986493
9324,0.0195916925575756,0.0174795303330946,0.42903374582008,0.647433607851506
9325,0.0144413128811755,0.0100883259611045,0.401167068450762,0.497862771659372
9326,0.0163589428249947,0.0112220590287108,0.439795405205809,0.483978643416421
9327,0.0167350949981173,0.0112786021606859,0.416088495826537,0.499175467015333
9328,0.0111030786087035,0.0133117047028856,0.415595094822672,0.493887544200627
9329,0.0163032082815597,0.0106278167920025,0.384811877591871,0.500473177441063
9330,0.020282801930655,0.0125127445746133,0.37361438632109,0.584858268211078
9331,0.0205371913255606,0.014764765875971,0.375617324470034,0.668434387336654
9332,0.0178589928802208,0.0220428142058642,0.509611227344639,0.807315246327923
9333,0.0172637490082848,0.0211019124995693,0.500895932821829,0.790225274341158
9334,0.0274427054334911,0.0285439926718439,0.430661207673497,0.810748201545152
9335,0.0183848499026711,0.0227879751530828,0.440030980403338,0.769978230088053
9336,0.0137793449983327,0.0190143237069159,0.466318888636374,0.752263267714521
9337,0.0154460169952795,0.010527719888632,0.42588177325805,0.448081772481023
9338,0.0258428404889123,0.0141648838632528,0.43094413977973,0.535598314826784
9339,0.0250307046114369,0.0179594950512519,0.359046958458204,0.747435133912335
9340,0.0220779908147863,0.0122479131844342,0.391917606338513,0.583365578985836
9341,0.016427512792557,0.0111351939378786,0.237488875834639,0.500439107469956
9342,0.0162059732784711,0.00920943536006883,0.365013599045911,0.48156237551682
9343,0.0179609913722939,0.0115502836419532,0.447623916818342,0.54208064133807
9344,0.0203279977677106,0.0122711984878207,0.401948467706457,0.615820657901942
9345,0.0139780804473424,0.0156878504545476,0.497518774751982,0.704931086639263
9346,0.0249897749284651,0.013049639367768,0.431501596818718,0.629043541662324
9347,0.0140964067703825,0.0134726231739809,0.452794301780909,0.716450421372242
9348,0.0165110013361252,0.0190626802347989,0.448067488093321,0.744985125544246
9349,0.0213436833716788,0.0165757709767443,0.400501418111023,0.682910210605504
9350,0.0229849033749874,0.0169964821853091,0.265397683028416,0.705575659795166
9351,0.0177835658938137,0.0140841494137433,0.275193029404728,0.611925890114443
9352,0.015858186670302,0.015147132396306,0.272179347558376,0.689530108331521
9353,0.0157608397862957,0.0118385081598335,0.269535586814113,0.564671583813964
9354,0.0250072390414119,0.0140349674508882,0.219047766693372,0.607823643220987
9355,0.0191801310675497,0.0142609678907252,0.256565485147907,0.6998933057961
9356,0.0173507510383944,0.0122981413206313,0.273742603980572,0.556264441163631
9357,0.0188848454755531,0.0102385711631554,0.253580980227328,0.566576432747434
9358,0.019393586570899,0.0157004720534641,0.219730292881407,0.664841651550715
9359,0.0179085642700295,0.0110586484044034,0.322306898867046,0.574285466088836
9360,0.0203055927112612,0.0148119884403278,0.45061976454917,0.625632196723506
9361,0.0209489170119376,0.014324915756864,0.43605982373303,0.641009121528942
9362,0.0193839056776869,0.0151545875340317,0.441790764837869,0.581000963221435
9363,0.0165983906770236,0.0141179089439468,0.426196590365666,0.66538398698111
9364,0.020438254173586,0.0175576322255989,0.429574705535472,0.634715879545559
9365,0.0148323756657671,0.0163560501209831,0.415233770236257,0.674149516874844
9366,0.0177200769662567,0.0196805635672181,0.402747290459635,0.681561938253759
9367,0.019717891606973,0.0207877597889533,0.504411054928015,0.750517790598871
9368,0.0252016759024371,0.0170269913535532,0.349572106259018,0.638542267534997
9369,0.0188845854175055,0.0171375696406518,0.255893756680856,0.548157745130687
9370,0.0219173866947,0.0185857764633478,0.212606782274221,0.65530885688976
9371,0.0209825358692334,0.0155886745182409,0.253099003582279,0.66710990543983
9372,0.0231925375439568,0.0143889003509497,0.249673713599081,0.598162859543419
9373,0.0118303732962777,0.0130797982763923,0.260677728767188,0.474525020694465
9374,0.0214638697967463,0.0124078636092685,0.261393450770481,0.56921797112312
9375,0.0170516209949274,0.0107514281063547,0.400722010474489,0.45565869170109
9376,0.0209188388546678,0.010903225157914,0.240476296447072,0.547989020240218
9377,0.0174828412676689,0.0105917928220126,0.231894797952003,0.442132341736305
9378,0.0209613673711543,0.00836670006537225,0.22313631621817,0.486171091292488
9379,0.0211710639385836,0.016543812259957,0.213356660434559,0.67561151277107
9380,0.0152656906451639,0.0120356102768583,0.290766897262918,0.661368183573252
9381,0.0185142605143372,0.0157279904346594,0.243155863823087,0.635062285151736
9382,0.0166147887357792,0.0167205385325363,0.259486262320396,0.694575144544641
9383,0.0204071342395255,0.0146984322606732,0.279312231110321,0.676213393744527
9384,0.0199653607084426,0.0170461358494884,0.254778560290489,0.74140588437282
9385,0.0210598020013649,0.0154567660677511,0.241234614460532,0.70133890897705
9386,0.0149432459639592,0.0202988269149337,0.36376603391559,0.716776177545833
9387,0.0188835142832546,0.0194789323146166,0.403034308065818,0.757110276146408
9388,0.0176271015518547,0.0353277990604655,0.497901214140929,0.812580228991894
9389,0.0140856175200645,0.0270011644537691,0.441522524658624,0.816609475145511
9390,0.020764980460895,0.0318231711155856,0.485661121944606,0.854454892596501
9391,0.0189872400240625,0.0404683872441211,0.410751659995652,0.87138270550873
9392,0.0162904593314939,0.0386104428217123,0.413241744412981,0.853325431863851
9393,0.0225872119229252,0.0392934942108274,0.376419986563072,0.870866235588809
9394,0.0164660453808785,0.0226319230054617,0.438375796418241,0.696367708866289
9395,0.0182434957174963,0.0183418783481135,0.426557484964416,0.659662736277402
9396,0.0170538796404975,0.0120438478083479,0.434160795687695,0.502405671597047
9397,0.0231116477052222,0.0133076004424566,0.241578598117176,0.625843889024625
9398,0.0120668507457665,0.0104864338617154,0.231985355315693,0.445297223474583
9399,0.019140465743497,0.0163649816041064,0.27997494824194,0.578887076595222
9400,0.0292932853690061,0.0213594518229767,0.272082240051426,0.6641716103302
9401,0.0188767111355676,0.0243577833935153,0.261835228326631,0.767472666293366
9402,0.0237192705862181,0.014417963869534,0.258663471901622,0.636201285041155
9403,0.0239800151705828,0.0112953974211099,0.233552481964748,0.516269709550437
9404,0.0213225354740908,0.0122679179714897,0.223157380436053,0.58443783343633
9405,0.0272029582953224,0.0115689018408543,0.260883400588583,0.440860791226248
9406,0.0144917148168445,0.0106811087670555,0.21304491196505,0.558219869397185
9407,0.0168205956256054,0.0126463942802667,0.229584432908522,0.588877061883862
9408,0.0258481368491957,0.0103767633167352,0.260358716765548,0.605490174130485
9409,0.016875114979216,0.0147039512877536,0.261064860942327,0.664872873197727
9410,0.0176661879545043,0.0134231929547038,0.272005622092362,0.558068233407229
9411,0.025196658933203,0.0156174672716549,0.204855870194419,0.61769336097915
9412,0.0149793337828572,0.0101327498092701,0.254082050124598,0.59402054657105
9413,0.025020193353909,0.0186151556024201,0.22636566380716,0.702180703119092
9414,0.0243023213689255,0.013057230935263,0.214931971204476,0.661207265361917
9415,0.0177537382640906,0.0167912192831314,0.303759041515727,0.675421786956324
9416,0.0182917240393036,0.0194759690962079,0.430827006585377,0.739568207747936
9417,0.0222314514301615,0.0223657565775782,0.395759211947719,0.773467688805178
9418,0.0190617956702473,0.0281199343020205,0.437541083530057,0.801114239347717
9419,0.0188078604027176,0.0215636376537376,0.491160823090792,0.772065977046058
9420,0.018363695895161,0.0173840156286392,0.506405334193892,0.668318615965511
9421,0.0201365304109943,0.0161463427426006,0.553043136142842,0.664541582042954
9422,0.0160352779291683,0.0197146845120219,0.42037008121736,0.70724805224872
9423,0.0268390361320912,0.0154365764859121,0.315875491609566,0.660915282747565
9424,0.020044597048909,0.0152549494958763,0.439502261795134,0.64505593513846
9425,0.0222927242221058,0.0148649567574177,0.461853571117254,0.662568341026716
9426,0.0208084411622071,0.016644691641596,0.43503892890325,0.712395439445027
9427,0.0152766787518769,0.0138690121980028,0.437654781614589,0.600935611028436
9428,0.0146292129508716,0.012533732881207,0.430482983944368,0.626189995748361
9429,0.0137765845130723,0.0156123296271762,0.449265474791107,0.666839534578155
9430,0.0157142730562977,0.015988859776227,0.257625954174771,0.62711928813493
9431,0.026063588610984,0.0147171759395042,0.267833350619082,0.573459450516107
9432,0.0169724871062636,0.0125758306452298,0.236505795300461,0.496107464883394
9433,0.0235721508805709,0.0138652816110543,0.222100498068301,0.512581283560932
9434,0.0190336865010233,0.010045553131055,0.224429152979201,0.545041288366529
9435,0.0210748277134416,0.00977723967448912,0.236977689618588,0.532370888167546
9436,0.0212320669790303,0.0101855305929466,0.243118842939556,0.460955993110114
9437,0.0216851236938134,0.0109517134544821,0.258642956316976,0.544156126010848
9438,0.0135015770184611,0.0156544805154107,0.24189280986397,0.556029336292143
9439,0.0224568541225481,0.0128994359889164,0.239126043003974,0.605495488167425
9440,0.0167996965487496,0.0126473806911633,0.265195530604315,0.660630020827061
9441,0.0227578357917744,0.0101169329671491,0.224866392493088,0.564030560000477
9442,0.0130180380861743,0.0167718641242535,0.238079319499677,0.573590022404263
9443,0.0230975957946398,0.0170948172848843,0.218786009393732,0.554149402985333
9444,0.0136387550472606,0.0104486556951402,0.245213081199646,0.531066173301593
9445,0.0209798862027983,0.0095441128944893,0.252532023674335,0.519919627291831
9446,0.0125423361141232,0.0156071081414599,0.219399251798506,0.663051443823605
9447,0.0266190883082987,0.0100654131079635,0.242397441583355,0.479721494919843
9448,0.016403759368774,0.0125209135514777,0.24489160173591,0.569304586732445
9449,0.0138462379280097,0.0189153596126154,0.375570178139227,0.618739115970768
9450,0.0164279881801239,0.0124656297751935,0.352661540268467,0.551420063500575
9451,0.0248037248208284,0.0111808861832721,0.423727670147698,0.595155854716377
9452,0.0172094166989226,0.0235472151751449,0.432539348802823,0.736814891778061
9453,0.021626053842181,0.019990927936563,0.41408056216513,0.71496904892408
9454,0.0240111259167888,0.0220927254953984,0.494463973119763,0.745246762071013
9455,0.0222737568180199,0.012638307939674,0.477450181622354,0.626911182327303
9456,0.0188334390102217,0.0141149675269232,0.411622197869913,0.588185556717089
9457,0.0255527810679807,0.0141576801940107,0.350925857494553,0.656351960521949
9458,0.0264476017964795,0.0214143569349183,0.235315910835708,0.716802494484289
9459,0.022627665999851,0.0329599235526861,0.262517164944323,0.81979612864578
9460,0.0215423975404009,0.0240240456534062,0.237768715175043,0.756441838613069
9461,0.0214636693976252,0.0179803222983524,0.242035886442766,0.656732211165894
9462,0.0201465165170292,0.0108951945162803,0.195922765415006,0.44773476977606
9463,0.015503473592036,0.00756717737288449,0.272253376800772,0.472300495118401
9464,0.0208581983813988,0.0117873334417399,0.223457021066106,0.517907646610632
9465,0.0197797628460244,0.0131010924565707,0.25587006557316,0.626334144990482
9466,0.0120199135446041,0.0114084500636001,0.263716292259364,0.515874303151836
9467,0.0105867630552822,0.0146563027783228,0.218823359545303,0.626738315809256
9468,0.0230951226935929,0.0146287211170229,0.218868571325021,0.595981482636006
9469,0.0213178720168931,0.0193128026002667,0.269624870064095,0.673068316241348
9470,0.0171380998649113,0.0180027676466065,0.229803279462725,0.621181975815715
9471,0.0203785792196325,0.0116054160832437,0.211278971008242,0.575405970881856
9472,0.0177359678984517,0.0097202870070001,0.19872261920984,0.405256028342984
9473,0.0192577498299824,0.012029032782227,0.250523791690015,0.505860650325346
9474,0.0204709081507201,0.011033084019272,0.234881378842336,0.507419085618155
9475,0.0218912013352165,0.0154681752779706,0.22624054714721,0.63434722402942
9476,0.0209410147675432,0.0111968933557629,0.219651136938773,0.557656090596415
9477,0.0208018474879404,0.0184583824460444,0.273491987011537,0.699099535173995
9478,0.0256578633495654,0.0307740606712778,0.222711106435699,0.770757466628751
9479,0.026063531386367,0.0157392646342632,0.225191271491408,0.659365845229704
9480,0.0208098113855584,0.0130232261594719,0.263491815265782,0.622869596843748
9481,0.0222401017886723,0.0162861107527611,0.22950268699974,0.606422034872125
9482,0.0200272223297507,0.0116166710165826,0.271329097409641,0.531135823804435
9483,0.0190362448229068,0.0119356478311204,0.266424957633255,0.619223373131361
9484,0.02057969213832,0.0104239441300606,0.247548816738124,0.519748659569071
9485,0.0192424809695569,0.0119826853925658,0.271657590735139,0.530821022763958
9486,0.0217031885564958,0.011900267484312,0.237280546955329,0.51696564586708
9487,0.0135018763253178,0.01493018322564,0.293258777937776,0.661299327832489
9488,0.0251902119212696,0.0202148404138407,0.400280361401966,0.654692180981808
9489,0.0106212878919483,0.0125806197980821,0.427582023100361,0.617152139043634
9490,0.01721164524634,0.00990032645301066,0.415413648469072,0.515278869991871
9491,0.0233227592930594,0.0131061102397974,0.428390871848019,0.517260774550833
9492,0.00901781459076636,0.0122947859653946,0.489699326981151,0.624446970472455
9493,0.0174823548000464,0.0248313841152726,0.432655710409218,0.755068602554981
9494,0.0255171884915574,0.0287484152916921,0.411579130746358,0.826619348416866
9495,0.0185348543660069,0.0125988889473919,0.402039461631036,0.65802252323731
9496,0.0174713362704714,0.0125264340997675,0.480212503675652,0.639358243037174
9497,0.019552427788786,0.0173721727713568,0.388201783360091,0.622569616332772
9498,0.0193448834936175,0.0151239521931843,0.292913913535048,0.579597056009547
9499,0.0233570003774288,0.0131639594575648,0.224764780539026,0.488356447465571
9500,0.0177005217486512,0.0105572986252768,0.468296215085798,0.583676902806986
9501,0.0212086496651024,0.0131518237827971,0.389458805319226,0.55733980246527
9502,0.012532854782815,0.0127956839399925,0.414636609370639,0.554705549875122
9503,0.025035831312234,0.0112705174874021,0.437826649432891,0.634849871668719
9504,0.0113460455019204,0.0209908820278123,0.362849550775153,0.697184853345172
9505,0.0196931659419138,0.0121270639814733,0.233958080444376,0.543929188805541
9506,0.0229590055675862,0.00955424989166458,0.25576585807131,0.507692650430457
9507,0.0273353512214315,0.0127265497607568,0.25670980044755,0.563299639289713
9508,0.0246431514502909,0.0110357276262653,0.255838932786709,0.530692718846647
9509,0.0159295093767725,0.0126244099578458,0.264730029574547,0.563649709712535
9510,0.0150567617089352,0.0118810117017037,0.235081824582195,0.537080166819891
9511,0.020961115626375,0.00956407476159153,0.226564338880187,0.542338911146222
9512,0.0259386746088756,0.0151523058904067,0.407441073763912,0.663365051807963
9513,0.0188836284802012,0.016350326099847,0.415622696118147,0.690997258967115
9514,0.0219052897242087,0.0154390168548353,0.422485527566902,0.666991154539054
9515,0.0237721956975857,0.0172970816393338,0.437832736410671,0.666149346093287
9516,0.0218097062992786,0.0181989201665473,0.368628850751857,0.649655620383375
9517,0.021945035322044,0.0140413751605385,0.402890385828514,0.58640076484698
9518,0.0200630924937515,0.0132307881242035,0.45281304891186,0.504126557641603
9519,0.022594468828708,0.00932215441029969,0.371178768590015,0.447486710654306
9520,0.021462072373559,0.0141404721726169,0.403112313174601,0.607448702566378
9521,0.0164156913481803,0.0208997997905699,0.483407467246375,0.753775013002928
9522,0.0200258457437035,0.0299124574961769,0.505665639853397,0.839333051216339
9523,0.0204638456902692,0.0268955200464762,0.589124276062725,0.850279081300128
9524,0.0205711223264166,0.0561772245082073,0.559889363882259,0.904539070481861
9525,0.015954058525879,0.0541848107519303,0.498517963266164,0.905298889547155
9526,0.0147089785183803,0.034857789055867,0.484834162229584,0.856274077117
9527,0.0176676554027764,0.0289153659615329,0.517655935409761,0.862525338681456
9528,0.0226538130078715,0.0365129138956399,0.490021139814582,0.894390082536845
9529,0.0272900219043443,0.0395028104006135,0.443820673666814,0.882792006583389
9530,0.0190265355401242,0.0338608087272659,0.506018923979392,0.873492962289989
9531,0.0171580133897433,0.029869265215967,0.440991771459363,0.888204388413997
9532,0.026377817077001,0.0254054741995439,0.501972794005161,0.792885807567832
9533,0.0139316482627135,0.0342173952466255,0.499664883683714,0.827807855805068
9534,0.0190063949098414,0.0222900901996342,0.520905146430113,0.790550547395265
9535,0.0146465992674051,0.0145529769794659,0.573053154350486,0.699051899260594
9536,0.0213229042680829,0.0152383105059097,0.41461362399751,0.696948580106811
9537,0.0208583117146963,0.0197826732623562,0.506738401979295,0.700007726033975
9538,0.0183639806180962,0.012850188841288,0.352006689052814,0.643146645227869
9539,0.0202393094022719,0.0143975022090551,0.430348309460228,0.616814812370511
9540,0.0222798424904058,0.0156558950432592,0.525386504834445,0.612246655758629
9541,0.0227768305019735,0.00976581197449305,0.446686692390826,0.54924742923276
9542,0.0248220927178424,0.0198683954587677,0.41310777474315,0.690446366030916
9543,0.0197264611939564,0.026825763244265,0.347555261758982,0.795788581202932
9544,0.0159044785618421,0.0236883555868672,0.435464238675098,0.73971482055596
9545,0.0198657611098306,0.0196334729170171,0.448339088204095,0.648104930267228
9546,0.0246697698909269,0.0191981524240465,0.407528998377419,0.679112973257583
9547,0.0196878149994687,0.0142078969234011,0.402587919115608,0.690538539234492
9548,0.0216004705032577,0.0233158705085085,0.413031472143395,0.811480462728426
9549,0.0156767629632289,0.014447870178048,0.466399899203133,0.694128866091388
9550,0.0134711712307517,0.0201745931762755,0.431061317486385,0.766763727092084
9551,0.0209563842738677,0.0279338772535155,0.421293766729152,0.800517623112969
9552,0.017522355192592,0.0232654041987728,0.438712685550049,0.827028252804581
9553,0.0188073796006291,0.0265026195106136,0.389338247920263,0.787314106640968
9554,0.0186734254979662,0.0198253752144668,0.281273580556272,0.680248483979542
9555,0.0226440425681783,0.0109200110438692,0.21946527724082,0.521152640174577
9556,0.0166234352007324,0.0142610195392103,0.238879180820547,0.6229067898497
9557,0.0177098651963424,0.00931162640367697,0.262343954088065,0.424738722996572
9558,0.0244951819050664,0.0124097020137689,0.21359722815715,0.504797728573468
9559,0.0134134265281176,0.0146639460492168,0.305722469169358,0.476421383052864
9560,0.0312925015238304,0.0124109750325428,0.227469625945681,0.51352370885851
9561,0.0157080359813718,0.010670248347977,0.275556663375093,0.46506393880617
9562,0.0141515016915555,0.0113942749495965,0.290083868480238,0.581923380821206
9563,0.020753093475165,0.0132851546877471,0.238531447872271,0.48500604865961
9564,0.0135799858671572,0.0136081594073091,0.265751159191409,0.696066635073583
9565,0.0223499795958605,0.0135917999769976,0.219717993537528,0.642224037237009
9566,0.0156100074837749,0.0100568242929209,0.218505915501505,0.487117955451961
9567,0.0210335626128741,0.0137702029643082,0.267186267119632,0.610560986607386
9568,0.01596888003584,0.011996238839111,0.243091171940337,0.622698836417951
9569,0.0122573807220104,0.0125167876962327,0.217675155387687,0.586145786343426
9570,0.0255119054582268,0.0120774147271927,0.22634589826364,0.529648358659328
9571,0.0215384702837736,0.0154795245665461,0.269043949607343,0.52918087605676
9572,0.0140338042479834,0.015320693190587,0.219139074624788,0.59485946803965
9573,0.0166821490592909,0.015902370021767,0.23305585738627,0.638255458381987
9574,0.0185661190482685,0.0103735462662848,0.264031401110748,0.491901276640671
9575,0.0259029591143056,0.0091438849157568,0.264245087173201,0.434980577331237
9576,0.0175434704652539,0.0105050899641539,0.228566897915026,0.437720032730382
9577,0.0195020317430388,0.0124449812808695,0.257580548172126,0.529559709895971
9578,0.0184993961010275,0.0105156256411337,0.213490904052153,0.469206159810367
9579,0.0237692386862385,0.0102644229038128,0.264729024777501,0.49963222849769
9580,0.0164118151131723,0.0136713863038629,0.183061844252985,0.534590741911617
9581,0.0215961802422289,0.0134959278774708,0.213173358065993,0.539805690972693
9582,0.01295323507115,0.0117326281120351,0.26380451573687,0.558198322686556
9583,0.0133455692096885,0.0210009156354356,0.26901056676966,0.769557677022056
9584,0.0203955471906441,0.0354476964416896,0.269250429490299,0.806676014389169
9585,0.0114315602126989,0.0180872282594537,0.215213867333237,0.666131484901688
9586,0.017732751633698,0.0107353506692116,0.294305454993545,0.549415123459296
9587,0.0211323357976448,0.0138431054441335,0.256242458539891,0.557448857760038
9588,0.0207213192320259,0.0117349416977222,0.2565409325276,0.494779805511626
9589,0.0197404163594167,0.0110810227814056,0.257169829360963,0.468151824895191
9590,0.00966820398067055,0.0131445674944618,0.261503567852215,0.562927039080246
9591,0.019395328585136,0.0245659790954095,0.262971841261038,0.780243172744754
9592,0.0201472682478372,0.0132349261602244,0.252465357054815,0.679527784411333
9593,0.020674757118636,0.0163941956518111,0.244993977598217,0.607488844724914
9594,0.0166866737525737,0.0174518995667119,0.425624859441654,0.641923924659267
9595,0.0237469356220526,0.0111221788525177,0.447441548761066,0.568070069653578
9596,0.0147332396560111,0.0125828465861524,0.392310318234783,0.625943365466579
9597,0.0206761537685681,0.0106715469055903,0.427335863895921,0.634834852421389
9598,0.0155488485270086,0.020874022855688,0.514641601828137,0.7054240333855
9599,0.0226194959643936,0.0288307722531403,0.391423682985216,0.744003101291339
9600,0.0247809770523869,0.0152494449031796,0.508460130076164,0.695846536347445
9601,0.0170778671640519,0.0128883607624379,0.367065153374373,0.588734673943083
9602,0.0168556574313004,0.015651692921352,0.413591127904629,0.557659906418022
9603,0.0125147139133106,0.012993687115691,0.404565340541737,0.643078353763139
9604,0.0217285141862995,0.0127091422546604,0.427500845161597,0.582667487261765
9605,0.00640822856692598,0.00883084639576428,0.41110910288041,0.469892840271796
9606,0.0217734775139582,0.0177806488848134,0.497850593088245,0.723699471240885
9607,0.0176515787158337,0.0211357238073733,0.454746098501653,0.735118158432173
9608,0.0120079394765314,0.0145545681994728,0.441904408280689,0.654678288441642
9609,0.0100649667078347,0.0124255584311505,0.423433534928408,0.526213919473303
9610,0.0184184125489072,0.0106067039737904,0.364245972739111,0.601401114897015
9611,0.021165386565387,0.0107304847541101,0.240302842890187,0.599902427345475
9612,0.0174257160617768,0.0141629976863342,0.223186713626711,0.618965729625974
9613,0.0242495520529295,0.0151750262304577,0.313680504610575,0.68103823295727
9614,0.0173895054256376,0.0170096134469039,0.26261931196987,0.633929809926777
9615,0.0136183361388085,0.00906599751569699,0.259449977719236,0.484718696524851
9616,0.0106147698947486,0.0115534066294917,0.265536034829215,0.576988028295589
9617,0.0210583546723267,0.0137904470645537,0.298629350260959,0.601644795765137
9618,0.0190765568015034,0.0137865907958812,0.46244530760105,0.710965233580572
9619,0.0238608130542827,0.0187031240418418,0.425137547527241,0.761871659629581
9620,0.0199431056592354,0.019133565191369,0.473958269984705,0.788423612876942
9621,0.0191880192095387,0.0165254222949358,0.484493324861524,0.716425684626091
9622,0.0174902106441164,0.023100794559976,0.467510622306255,0.721995322452861
9623,0.0198166429890347,0.0240278549962397,0.405413448114115,0.797255046266219
9624,0.0196299137095145,0.0197040548450142,0.431720623038439,0.741797255892038
9625,0.017792895241302,0.0130786072845233,0.411747561275634,0.558869928435529
9626,0.020322639691221,0.0188485235787203,0.381356271196002,0.628145114634848
9627,0.0194109796227866,0.0117333620619924,0.267598014697358,0.64676031557937
9628,0.0166314223491049,0.0139429306412331,0.241545102937451,0.572985224299153
9629,0.0191374066285852,0.011656697320204,0.409165701508026,0.63615186094151
9630,0.0238619381479584,0.0127145459012834,0.339525702297435,0.533899920576064
9631,0.0203504681776148,0.0104416173877453,0.4477396038123,0.533103762237828
9632,0.0218694842203891,0.0106842772598142,0.423965160980164,0.483139733904147
9633,0.0227390897959918,0.0108007357902919,0.349187150155542,0.46652947186921
9634,0.0128352389135074,0.00902468829365166,0.442903467185069,0.41659087879619
9635,0.0262086774226274,0.00988997197027018,0.242381332802752,0.505708214262352
9636,0.0162890083834478,0.0100645920337752,0.244553283916113,0.514402895850752
9637,0.0166366280397677,0.0119561495212438,0.230090398505811,0.500573283444875
9638,0.0236723227196877,0.0143656299936035,0.23760681366431,0.547714789421009
9639,0.0224075736119892,0.0113919994899282,0.270542226443476,0.518464182003296
9640,0.0132276294933871,0.0126953276220418,0.238352975146889,0.623423073655103
9641,0.0156642540116852,0.0132107576004273,0.215231492465405,0.615344629576381
9642,0.0189824826034905,0.0108757813805086,0.249678556651183,0.533919969354
9643,0.0219307176888032,0.0138795725331122,0.235943441881001,0.641813386636085
9644,0.0280434979485126,0.0128034672725839,0.229061031113622,0.58413902917064
9645,0.0232811945531859,0.0137789112943399,0.251893496413217,0.596839507631593
9646,0.0200275598944426,0.0176678021554197,0.2586580624471,0.617469524046612
9647,0.0117937557101963,0.0152131210578469,0.227133262150195,0.557827439489998
9648,0.0190838398956494,0.0170983135127195,0.245163258935441,0.642247046064461
9649,0.0208392659187983,0.0116908681447314,0.251276903166244,0.571864941863296
9650,0.0228179742334345,0.00944708731278926,0.245660416047204,0.552147243150736
9651,0.0215679030782932,0.0112417773062601,0.253013476015568,0.420742266953431
9652,0.0132162202878543,0.0132516486305932,0.254717643005076,0.513165215802445
9653,0.0122430904308675,0.0104028258948908,0.252301647190582,0.460847278936432
9654,0.0178409578817708,0.0109228074372468,0.331458201624823,0.532082174866412
9655,0.0199732478945282,0.0176239037611927,0.356815293381939,0.719813441483651
9656,0.0246034575336627,0.0112341957779197,0.225673900482587,0.522403436084813
9657,0.0249738478744823,0.0121438273738071,0.246616642034702,0.54022295299544
9658,0.0153972384462489,0.0155251569748853,0.425476048612002,0.714514862352831
9659,0.0159029510216942,0.0207601891807058,0.46724752240513,0.737431209485856
9660,0.0130132208827859,0.0145908440781242,0.405628379931554,0.59950544547669
9661,0.0103267164323274,0.0131639804129874,0.420587975016075,0.631407899484996
9662,0.0217190132724066,0.0268683315701291,0.419355782136711,0.780730522777798
9663,0.0204882507134901,0.0365709947219346,0.489865280294452,0.85191811005317
9664,0.0156222464852146,0.0217648498902284,0.390028366187734,0.783220117050133
9665,0.0178909825901673,0.0286039436071751,0.381828955533765,0.788115296810014
9666,0.0163109088529008,0.0191747824599369,0.430949575293686,0.716220486771646
9667,0.0221823123584621,0.0166772047660226,0.483550002294684,0.732756142545314
9668,0.0173404430766842,0.0182027885940946,0.513481341989707,0.655398023168287
9669,0.0189475295890735,0.0238605462770925,0.514334802809288,0.782103101957841
9670,0.0165416093435137,0.0233832150050267,0.465816572510823,0.810032819143419
9671,0.0284710970932054,0.0229530800088048,0.373396055801469,0.763945518244522
9672,0.0182426577846323,0.0309172717007857,0.442158566114605,0.78587258179513
9673,0.0194287873792038,0.038002788272267,0.43007478048075,0.869513148311017
9674,0.0249617313391317,0.0309468207449779,0.495393397107728,0.858783208158317
9675,0.0199609801234227,0.0226314585428362,0.505250150920053,0.823773491229025
9676,0.0239881413839484,0.033176647685536,0.487066869725317,0.818856972725573
9677,0.0211097947691662,0.0223843776453085,0.443791210690095,0.810389588308536
9678,0.0178346272447798,0.0229232132133103,0.468629385702004,0.7524056073005
9679,0.0185367121774876,0.0176154790474436,0.404671694208775,0.702946339553969
9680,0.0138958044076645,0.0110057848132468,0.417438955006029,0.546473647882532
9681,0.0214989801136224,0.0137481446029797,0.241951007671519,0.592102275575442
9682,0.0250836247794136,0.0112935012324087,0.21669769527965,0.532652660890492
9683,0.024250531093072,0.0165868673116307,0.221099580399538,0.598036207003942
9684,0.0222789003224151,0.0118964572720454,0.222170324126424,0.627571439148117
9685,0.0155261819468149,0.0122625533508334,0.212340368827945,0.559746485131781
9686,0.0188648244838393,0.00951100851920945,0.231405480093977,0.468730369557666
9687,0.0159609111721668,0.0119178785114486,0.248964468189404,0.564446378014765
9688,0.0208781648252599,0.0129099707528514,0.25804529625485,0.487725137572929
9689,0.0192175570871856,0.0140679738596318,0.217845058089241,0.569236862014232
9690,0.0195345325733566,0.0117398721295181,0.24712385221145,0.596797894562479
9691,0.0131037415289152,0.0138903905726054,0.213708401801683,0.609886053604118
9692,0.0200046757892263,0.0120419952598838,0.226901305806201,0.605615253445505
9693,0.0228394031178139,0.0180128771870033,0.252466561989262,0.676261271747915
9694,0.0225829630334421,0.0123900230143788,0.232844179446411,0.615840005166567
9695,0.0244463953660971,0.015974909772281,0.242334539879298,0.616408410733831
9696,0.0159467494540245,0.0132895718018586,0.216864167332829,0.512614642184672
9697,0.012380623030664,0.0140831317867363,0.248576445666467,0.543606997957373
9698,0.0182388750312124,0.0169398875867938,0.259853819956717,0.652441085776859
9699,0.0168908492325767,0.0186206865116964,0.420923846445439,0.695030385963069
9700,0.0178539213856019,0.024390869048574,0.4035651671794,0.732622147018035
9701,0.0282090494162453,0.0179997508007669,0.26412122259322,0.703175501283138
9702,0.0157755226448329,0.0232026550228743,0.25568709799992,0.740140839504904
9703,0.0215897640720699,0.0235164127562165,0.422380505530293,0.76041756544692
9704,0.0239355080855262,0.0295746856235565,0.374745529577796,0.840899940726129
9705,0.0138926471207965,0.0378828629077892,0.523785206115747,0.865905776617125
9706,0.0196589768773233,0.0346826572623512,0.443584928824543,0.837440739586889
9707,0.0188246721313504,0.0213002863268364,0.434086182057037,0.762046878323292
9708,0.0129432806280804,0.0263669931022746,0.438443925608094,0.787843636147238
9709,0.024133647143359,0.0224394188294264,0.410070830116279,0.727763033440796
9710,0.0218536069112918,0.0224765767248516,0.388780331972698,0.732653559659101
9711,0.0219301754822865,0.0219575191465544,0.430439214870368,0.781524822980895
9712,0.0215820017237087,0.0317317304568255,0.426421345235642,0.810481479948481
9713,0.0161886749529651,0.023479070275916,0.439021879551305,0.795432763121866
9714,0.0163739253876727,0.0176372587924282,0.392448271912758,0.74811061794024
9715,0.018924791856918,0.0149424095186792,0.452615369635918,0.706591568477268
9716,0.0195473095210804,0.0153329973420522,0.487653662723594,0.68890695785567
9717,0.0174929884351956,0.0185177515137198,0.421683576240784,0.753331313698258
9718,0.0215260011573196,0.0163094300135661,0.445823563979537,0.686958128765358
9719,0.0252203817703019,0.0166497847434145,0.438281342814951,0.642707753195901
9720,0.0156600260966541,0.010404194023945,0.430654172921813,0.543705882702161
9721,0.0229499524290373,0.0133465550179562,0.377974847587368,0.592576140752117
9722,0.0210970280742551,0.0135717034927602,0.251456203023366,0.55205528778887
9723,0.0153691962545922,0.0125487000719329,0.26188610476089,0.560637626281772
9724,0.0199323904526186,0.014181288014364,0.270139962768415,0.512665120082308
9725,0.0163706668232186,0.00884125505002871,0.255955335858026,0.4913485840736
9726,0.0193397097197141,0.0116907323495379,0.254321995286127,0.509019555894275
9727,0.0288138073072898,0.0145274038405329,0.227592378620097,0.588920714716263
9728,0.0286818012699784,0.0109464994688934,0.228375822093216,0.460123832279403
9729,0.0253134871617199,0.0159748162764879,0.256229568039491,0.63037955729678
9730,0.0235178688247985,0.010599257639821,0.259612687961539,0.469058138066968
9731,0.0236810172115846,0.0104722548114349,0.26489472371641,0.558092282030106
9732,0.020636658500256,0.0134533441675066,0.254833203447343,0.587913322371909
9733,0.0186249866318224,0.0127821331318639,0.233991456409005,0.596285985795879
9734,0.01927062094798,0.00986118687214765,0.218599225749656,0.562457379284001
9735,0.0250685317082481,0.0158464282097168,0.257512959327931,0.600408609263299
9736,0.0215994043590572,0.0159635469887058,0.248300124138786,0.672900849593439
9737,0.0129582610872831,0.0179889516977125,0.483782947127039,0.7311555050986
9738,0.0153909893254137,0.0172832112071578,0.465252307727204,0.729193644583236
9739,0.0191773169989637,0.0183220580023111,0.434212153017259,0.637369496824709
9740,0.0214590799600176,0.0203219795744077,0.497168933385338,0.735036158683813
9741,0.0157611733548998,0.0207289565715538,0.435507542215715,0.730521800263707
9742,0.0259564876051579,0.0120347240999729,0.409019424357398,0.618903865007188
9743,0.0243929197015637,0.0148026322277123,0.483323585663565,0.626717097476416
9744,0.0211224602783069,0.0111801201422179,0.443514437036496,0.511802013246437
9745,0.0126590522870315,0.0122199140533472,0.478630780713907,0.567669421612318
9746,0.0175199436545252,0.0133652232420774,0.463350995888111,0.652073538469189
9747,0.0113983395938943,0.0126231747453273,0.414062477730786,0.637386974222119
9748,0.0208257592035085,0.0136612897149712,0.314531217645971,0.558850430551544
9749,0.016407381666808,0.016378790316124,0.235840524119136,0.596269449583393
9750,0.0127162633176578,0.0109994620098381,0.224397406381147,0.489830533620556
9751,0.0209747809410389,0.0120044456850564,0.23504726736915,0.595887305070516
9752,0.0257631636180033,0.0328586287072414,0.273148780319237,0.8142514809841
9753,0.0211097333295024,0.0220886060125868,0.259737049804308,0.72787027489083
9754,0.0240176206488217,0.022505029332325,0.261565343128398,0.795266762858872
9755,0.0254177666958039,0.0239610954879084,0.216972999674316,0.791589710262255
9756,0.0235613938550455,0.0108689612742847,0.216804522261527,0.492003015158669
9757,0.0200356823849458,0.0107587644048511,0.256666050683619,0.434171248403359
9758,0.0204326078681156,0.0111783402287365,0.257012541987545,0.596094291153747
9759,0.0180902837235637,0.0146565208760033,0.254844667287968,0.555372663128337
9760,0.0207796603543594,0.010685597714675,0.221059386838641,0.4978912866098
9761,0.0158708805881625,0.00917881134001915,0.215990063167553,0.543891311090566
9762,0.0201290441737269,0.0123256361177658,0.235683880183101,0.583796367298923
9763,0.0209682720079378,0.0150301493062845,0.267157600179981,0.541408124982753
9764,0.0142793970495897,0.00918554497705029,0.258493159763958,0.543535709381703
9765,0.0150530502910148,0.0149543786714218,0.269797322336813,0.614871816025902
9766,0.0153206718100054,0.0130437792706238,0.258128387945611,0.491000612700112
9767,0.0194594762151513,0.0161309988009092,0.258856719671444,0.571995443326069
9768,0.0306776826097045,0.016635935420715,0.269896614422673,0.649202969432012
9769,0.0213940091104201,0.0156463701129241,0.296394412477127,0.489332198304892
9770,0.0167419484630789,0.01291389383045,0.427171343486863,0.52698366400679
9771,0.0152860476272791,0.0103909345125769,0.272606996844303,0.503661076477425
9772,0.0142551951283992,0.0105004336018479,0.280033291951127,0.426563509843532
9773,0.026104738411103,0.0163416934700925,0.278119505729121,0.646047953201243
9774,0.0249648982916809,0.019770483520609,0.369613290324999,0.731504879074166
9775,0.0133500866933688,0.0120824231180668,0.262404662075862,0.562944648725139
9776,0.0241343242157414,0.0135507270348985,0.268477169135279,0.600037892992864
9777,0.0256870876722111,0.0163206913140964,0.216110773887886,0.694177560730039
9778,0.0210784545867548,0.0146102577182973,0.264800167133447,0.636699100154408
9779,0.0261842830437377,0.0280807984419378,0.372390142103815,0.780564413772245
9780,0.0264322992615638,0.0202257323156522,0.230388899630829,0.649980551978707
9781,0.018951768388036,0.0109914514912105,0.255569771398882,0.504676587864387
9782,0.0200570891973997,0.0121777862534845,0.263864369594391,0.54232119388352
9783,0.010848533264053,0.00951436278045904,0.195854527977185,0.529202313170996
9784,0.0271287657694672,0.0147649025332547,0.257256240564113,0.559351479264954
9785,0.0234311616074405,0.0136510553547775,0.260575775288838,0.551273106310199
9786,0.0243007076952857,0.0202153420723044,0.209019522040347,0.673762281703065
9787,0.0217258809532907,0.0192535889439458,0.268488821644999,0.722024888794977
9788,0.0185180322235953,0.0176504779671577,0.256311108737525,0.661181616313396
9789,0.02510987432471,0.0114377044079235,0.237822453063888,0.589979946721741
9790,0.0186073751860079,0.0209846803211625,0.237818262853455,0.670761139393644
9791,0.0179899507769198,0.0167906897485167,0.266870548104727,0.683289381368913
9792,0.0149631928352829,0.0126230397244469,0.258444263664715,0.614298024445441
9793,0.0193160675564792,0.0139737815580468,0.257005247177166,0.560831424312935
9794,0.0196866959420843,0.0108287557442533,0.27914606743109,0.490251225356445
9795,0.0129482980143464,0.00773528482303462,0.258200897569432,0.400321614282259
9796,0.0244664554695422,0.0110575011991443,0.275703544723339,0.404112360280728
9797,0.0227124813872512,0.013351437435953,0.271559793320281,0.624684974650236
9798,0.0165704673703618,0.013841858470658,0.264637672374397,0.592360915624694
9799,0.0228638912884454,0.0145325479795454,0.254081393899443,0.519242586900927
9800,0.0231112457522126,0.0120474828571602,0.277498296476261,0.534968116530623
9801,0.022049410243341,0.0125108755611002,0.249850880177061,0.547423958920122
9802,0.020166618757955,0.00948579823176222,0.241936523229411,0.60106354636611
9803,0.0194249151514541,0.0151669982670146,0.260211367356711,0.520592327001287
9804,0.0237699056328749,0.0125786636850331,0.229997116720459,0.624079149701324
9805,0.0200938670604382,0.0138404014910867,0.330174952651158,0.593306288760321
9806,0.0119383663176021,0.0162687014117859,0.389545873824049,0.564454304222326
9807,0.0181480516118784,0.0120592447821314,0.421331874605286,0.573060866808828
9808,0.0199127912106191,0.012603736774922,0.494531929611368,0.606079361816005
9809,0.0204094065654045,0.0194659838737867,0.431518712757205,0.713657327517574
9810,0.0196728303166354,0.0209929438858863,0.431358319877612,0.737933331828127
9811,0.0132444676097614,0.0113462982705419,0.393286394556587,0.485133533809231
9812,0.0203267978276083,0.00953894975570263,0.240423272388545,0.48039482834113
9813,0.0116209538392925,0.00983620220051669,0.298600434236812,0.539317656568587
9814,0.0175251136374259,0.0172800029135874,0.221944412457778,0.631159989347557
9815,0.0235759977631044,0.00981741489921121,0.270737500103873,0.48100622537147
9816,0.0239256560770795,0.0145819454986795,0.279703217628207,0.550342751683653
9817,0.0172373642154813,0.0127982674150174,0.271284716137879,0.478333080499905
9818,0.0182409105646636,0.0139299209964345,0.269348213647079,0.67252315027665
9819,0.0213371084995689,0.0151635240537836,0.490212158579854,0.656879918783096
9820,0.0204873115824077,0.0142514741648994,0.52429432470276,0.705407785065307
9821,0.020545892461107,0.0299211998844387,0.428417636881843,0.826981186855277
9822,0.0252562153325745,0.0212958523360528,0.470522049147949,0.768076762128553
9823,0.018245067084141,0.0347546835777319,0.427284598999354,0.836568502112197
9824,0.015626288955219,0.0305224976744636,0.386571223314772,0.764574790325537
9825,0.0205951757937484,0.0215662621136069,0.411046510157842,0.700414587315361
9826,0.0196401732261676,0.017447138739978,0.426259267199172,0.685556303857237
9827,0.0163994750521676,0.0134757344428693,0.454434811123519,0.627998418246537
9828,0.0136742998896842,0.0124717585055238,0.512565431938815,0.681351200005896
9829,0.0264105160823739,0.0160096564643066,0.448140658854592,0.667786772751113
9830,0.0123077120218076,0.0167139631961646,0.422752749156871,0.674757036601647
9831,0.0136905159901214,0.0151600069624987,0.425312475375827,0.675280097876306
9832,0.019568276691002,0.0197534543726862,0.43579357615172,0.718113537741596
9833,0.0176364652302741,0.0142522295986858,0.404982662650892,0.611407857599411
9834,0.0178001400568298,0.0180290653879048,0.373293646868387,0.695846026374744
9835,0.0203104199148961,0.0201335014275905,0.236407103139447,0.748890738342574
9836,0.0240048440710377,0.0184251401469061,0.223481293399583,0.684811356109277
9837,0.0262504099983507,0.00992495361137813,0.234987753557315,0.534516705358624
9838,0.0140806634895505,0.012112187426753,0.221627349258874,0.539860851859136
9839,0.0204186685293545,0.0108740774173639,0.231478800795476,0.52332519064824
9840,0.0200267429166097,0.0117974069903063,0.264834992185137,0.505023716422028
9841,0.013771319546762,0.00849230244669551,0.232558398771638,0.464212505302234
9842,0.0212197265936075,0.0151796578519827,0.240182242810601,0.64650552342699
9843,0.022593035437826,0.00892079496334342,0.262814578311047,0.515565687653914
9844,0.0200516708283527,0.0113717837959948,0.239334863195625,0.554320948684694
9845,0.0253051977314413,0.0117270173961697,0.30418197510943,0.565270752775718
9846,0.0234267558082972,0.0131361320451347,0.260309694588798,0.500171424727365
9847,0.0202739015094761,0.0151298092881337,0.235355722686124,0.610124270233952
9848,0.024257523766623,0.0094870070821465,0.385266047380263,0.457625287413485
9849,0.0147428305749765,0.0130076922225675,0.345768143711509,0.490453291565435
9850,0.0114981462660212,0.0157110637396273,0.494459124332862,0.648671821344774
9851,0.0132522517141434,0.0161279875537799,0.422976070047401,0.725114308921681
9852,0.0219689817189371,0.0182709218827669,0.432285562261106,0.755551181663884
9853,0.016930290139611,0.0370464511713189,0.403832178704021,0.869816415144929
9854,0.0210096649044048,0.0216021511615757,0.38824107638901,0.827137450280289
9855,0.0202810247092436,0.0241659419972817,0.419819011554871,0.765193286926204
9856,0.0144502367713696,0.0197333801691754,0.437564496077137,0.640164105208569
9857,0.0190706407198798,0.0138176120735901,0.420808867329978,0.64218366380248
9858,0.0171901211393125,0.015163912604606,0.434509833814124,0.676071695314039
9859,0.0168569898743316,0.0205229674026153,0.258052753535107,0.685320552415166
9860,0.0162894287389068,0.013900131441731,0.253962804337423,0.658206925023774
9861,0.0206505057898307,0.017357753986499,0.258195633716597,0.619237685648234
9862,0.0265489462126702,0.0205705545173091,0.229741367510738,0.699550300852454
9863,0.0205034398745477,0.0150968380423637,0.270564864293373,0.617277945777854
9864,0.0267931064854593,0.0158075478139163,0.26947623583928,0.657186485219541
9865,0.0191714278470473,0.00985489480146709,0.279455067072504,0.558758452404055
9866,0.0255774596900075,0.0126399771575987,0.238315361362888,0.497921312782389
9867,0.0227583596125903,0.0107713843182066,0.218011088232143,0.462384379565503
9868,0.02073233589783,0.0196712412502677,0.273188440796564,0.650753689799847
9869,0.0200399398392204,0.0150177040358981,0.258264177155431,0.61457405257978
9870,0.0259474656620711,0.0117098568435138,0.212695435756574,0.579936050767315
9871,0.0200714810551617,0.0115808706289464,0.264881403994283,0.577066525850692
9872,0.0223598066312893,0.0208704617448078,0.21610550674127,0.700129589855715
9873,0.0225419894698834,0.0118750643715562,0.210851924724888,0.443253280520672
9874,0.0251207301238981,0.0142948346050463,0.274384599466903,0.619673203563989
9875,0.0179355922636529,0.0126733667069072,0.44497041708212,0.631273576919855
9876,0.0162721504199872,0.013041089219414,0.440462028849375,0.563351489804007
9877,0.020656639338694,0.0211466136637714,0.423891115094021,0.691337417807598
9878,0.0202699166752027,0.0189597610191763,0.429166977116344,0.751218226002654
9879,0.0198873466790111,0.0318534196164833,0.382994991201849,0.874365571640293
9880,0.0278919452534996,0.0258465389743617,0.447882817225823,0.802476541599015
9881,0.010127741455883,0.0275879492117088,0.456981109479446,0.807131555781888
9882,0.0240353019947859,0.0170871282945733,0.49062102670592,0.675609403820989
9883,0.0154742877561809,0.0127729534372992,0.428695479390065,0.628161002638739
9884,0.0202883909544076,0.0181231560622541,0.492394985497016,0.739057732200096
9885,0.0210512055051567,0.018546605065026,0.425213021215984,0.715293577343451
9886,0.0183162598856102,0.0212422286438609,0.489340037760839,0.77109441919268
9887,0.0148456848833973,0.0270987900960935,0.495838986997907,0.79268381339816
9888,0.00836496272109683,0.0239518459709541,0.433080246228017,0.761487462990649
9889,0.0164720684344967,0.0172986496014147,0.435777008740457,0.730067601978828
9890,0.0184764159456133,0.018253341982858,0.447264395217749,0.694364400256553
9891,0.0159167120440232,0.0182146345506957,0.445226931795789,0.691223931021584
9892,0.0188295848683426,0.0192402419909393,0.396017939717535,0.725902918136002
9893,0.0178117794308204,0.0145947380045361,0.446339030564251,0.584726928006536
9894,0.0220384005550688,0.0114720175401449,0.443966934564096,0.458643631638397
9895,0.0156103032568451,0.00912046603295824,0.390545737838456,0.461739764649124
9896,0.0182383954927703,0.0141850413543198,0.363201120465754,0.579596307593774
9897,0.0272608653164227,0.0139395627576219,0.42761269630795,0.708099345060048
9898,0.0141086358559666,0.0179531186032239,0.474795187871351,0.729152815946438
9899,0.0209236694909126,0.0159977205533594,0.434715972810544,0.719709762246198
9900,0.0153514885886595,0.0209643026951085,0.487298338001716,0.722854718021659
9901,0.0130795076516854,0.0211727938114021,0.491996716521163,0.70834086877335
9902,0.0279512507890963,0.0196470314269814,0.385827292075516,0.646950961490586
9903,0.0223460517026399,0.0107874616896371,0.42681959133555,0.558213878813669
9904,0.0175645564836722,0.0185828557177611,0.436435977021437,0.659706762513711
9905,0.0195072134242498,0.0172505130920487,0.428165298018554,0.635937889937045
9906,0.0171086604114801,0.0130609690352477,0.445908612641997,0.610927440708017
9907,0.0172350381184751,0.016974086156687,0.267956204030056,0.647532661175175
9908,0.01958161517554,0.00922365022979822,0.25823515887095,0.52376549549512
9909,0.0173582117001114,0.0110932319287446,0.261629393734168,0.497400405758824
9910,0.0191740282798905,0.00885072365429657,0.255477141761642,0.475296017617427
9911,0.0245941234107636,0.0210439543785109,0.276715991228276,0.671041267421913
9912,0.0245095140058528,0.020459990805709,0.243386541816189,0.750341875175184
9913,0.0151420596408743,0.0203558584532843,0.268809801377087,0.766940760973355
9914,0.0161316381140249,0.0205427234152952,0.305991411358644,0.72567065210094
9915,0.0193202855673406,0.020710821606132,0.235870661729249,0.650221543389365
9916,0.019070761421534,0.02099900358186,0.257481304674516,0.707503487299683
9917,0.0173729893249635,0.00930186388195219,0.281201118714203,0.440913117979804
9918,0.0276247650537218,0.0090459572118999,0.256883262128038,0.505089641386779
9919,0.0189718247397659,0.0115101029502594,0.231951473121331,0.464269730600505
9920,0.0193145410042881,0.0117989937447393,0.262450957116005,0.490346040086575
9921,0.0203499738055113,0.0111688032784483,0.281113858504115,0.504730207675824
9922,0.0242397729967638,0.0177516963270217,0.232460241309481,0.691258831733512
9923,0.0199244627110004,0.0174501482417028,0.230822287008664,0.610415824450433
9924,0.0218589066805503,0.0130402399715134,0.261794994990529,0.59663808143987
9925,0.0196994324836854,0.0102743642928226,0.268238412438817,0.580881039844785
9926,0.0237355112310444,0.00924949621003817,0.39571022031555,0.498507934385983
9927,0.0154986441186906,0.0139212229874693,0.241432456059891,0.647755343300432
9928,0.0209282613286276,0.00965786450548143,0.216553757359004,0.503779686922779
9929,0.0190424846785465,0.0136444548178334,0.259215673989193,0.570903521366036
9930,0.0192825305962002,0.014208611251435,0.21651464205664,0.520327320605542
9931,0.0221940793367917,0.0109726749864931,0.269406594124221,0.584867399225215
9932,0.0227382219526165,0.0135024065266222,0.256694313954526,0.582852590428652
9933,0.0204586489634655,0.00755148069133164,0.215157149598881,0.513278898715407
9934,0.0164974329460479,0.0148295883611988,0.257754834027851,0.666298071242779
9935,0.0190769493454562,0.0131672555050246,0.211627014724806,0.571478585646198
9936,0.0214618028796456,0.00906096750404797,0.215704537734167,0.489193948484294
9937,0.0222272117893172,0.0151080468328968,0.241342529482203,0.674765664077416
9938,0.0179396779017139,0.0173246230919621,0.23966144741869,0.605977285424269
9939,0.0205400663239341,0.0107941151106605,0.232199799598148,0.517979466588382
9940,0.0324319132978868,0.0157409459680474,0.233692271648961,0.636558485811733
9941,0.0211800834252356,0.0107761282010646,0.245906067747012,0.582749516293111
9942,0.0184960054054648,0.0163365704059956,0.267164471355857,0.621654999112626
9943,0.0178151601969699,0.026575853251545,0.262567212984981,0.689678729152855
9944,0.0271637375657381,0.0197748106204634,0.261610294412671,0.674034673345323
9945,0.017236936305457,0.0127608457122269,0.257538349010493,0.462523471226945
9946,0.0172328603693888,0.00914825181792709,0.278152454003953,0.551034762083558
9947,0.0175284139642417,0.0147373576172071,0.234875689919117,0.586433657240536
9948,0.0203993966522199,0.0114079832486006,0.237961444752291,0.544872982094577
9949,0.0268197121233895,0.0121573003364517,0.273171376086387,0.508463773571446
9950,0.0164391484396584,0.00737845262376947,0.252801645523789,0.485303549311591
9951,0.0212049972936732,0.00954152757170542,0.229837774877318,0.422125736106938
9952,0.0167825753509154,0.0117803114992965,0.278785852460249,0.467527068589768
9953,0.0128504043812219,0.0139514338587584,0.281728541474322,0.548724497580533
9954,0.0230903057079978,0.0109549406473047,0.252349821645389,0.527960648172845
9955,0.0219874611381149,0.0117027931244549,0.311144746576541,0.501960501978901
9956,0.0234133446272672,0.0191995078966055,0.260537983528936,0.663172504252247
9957,0.0290941691718748,0.0170475650336939,0.27164981680006,0.657760350276724
9958,0.0214014404178071,0.00951171850966567,0.262876551792454,0.491816288202613
9959,0.0304034765318579,0.0127209153805962,0.258019432639741,0.536842594940942
9960,0.0223978185743994,0.0112725568371583,0.291727220169825,0.538229396230135
9961,0.0169660683924344,0.0110721487451176,0.221323120040371,0.448698405084777
9962,0.0220111136042491,0.0128566653482261,0.246882851016144,0.59102302416527
9963,0.0206403284519063,0.0171282659433413,0.238825495416622,0.540693962682498
9964,0.0234006682224738,0.0118280032952748,0.329484837152374,0.568058149679355
9965,0.0237215586238493,0.0134739166533011,0.259170170850765,0.683407498640258
9966,0.0133070124189301,0.0153550442056997,0.273601713150957,0.557887942196255
9967,0.0190803872777726,0.00973887896552056,0.236860335478562,0.488577790422096
9968,0.0282577770911434,0.00905152808446878,0.253066334403402,0.42027948085411
9969,0.0137534049710999,0.0134422504836262,0.241375025627014,0.520966545578664
9970,0.019698025761401,0.0143763619250833,0.324086882078898,0.59223313991788
9971,0.0185995813290807,0.0128247654795377,0.237308192325507,0.589336898635594
9972,0.0217807349443087,0.0117561277632137,0.250823868569047,0.562288919963249
9973,0.0224860249697057,0.0260751981238234,0.213368172179504,0.735511529552987
9974,0.0193425984529345,0.0164816072075852,0.227032437944779,0.660880835527333
9975,0.0199004755218832,0.0156640246321029,0.396196815067988,0.644654400870085
9976,0.0257902061466241,0.0148835254037834,0.439884488696204,0.66357060056931
9977,0.0171910493066122,0.0139315150898072,0.429121568843612,0.660217360129296
9978,0.0158733939846899,0.0156261370928713,0.426784390861865,0.613700431758911
9979,0.0190845217507829,0.0147590354280041,0.426642171865898,0.603498821805141
9980,0.0164676891872019,0.0106594091953786,0.420203606426358,0.609577100297247
9981,0.0217932696724177,0.0164274969264231,0.371538069239667,0.68785328664654
9982,0.015348395453315,0.0238030453905085,0.38372598684885,0.721757225189412
9983,0.019297180176945,0.0126539791837407,0.40877365175344,0.653846315821751
9984,0.0174188712110985,0.0131696901951862,0.459148245530984,0.697868375151044
9985,0.0167939240090447,0.0138049804257595,0.412083589855176,0.602791984655668
9986,0.016634742909808,0.0160519176813873,0.43333898792605,0.709176691999049
9987,0.0160993186658699,0.0166273549278198,0.377136127454084,0.696536444545181
9988,0.0125324163449096,0.018939571833693,0.449238397443364,0.754554007907105
9989,0.0187815458861802,0.0290467265729647,0.502478838620043,0.837036960936475
9990,0.0174398066828217,0.0130168503481455,0.472631788171233,0.65033698492179
9991,0.022620341944875,0.0122369002401286,0.378340304482176,0.576409131693174
9992,0.0169910610067759,0.0101902945938811,0.425877075885686,0.621666963716792
9993,0.0210113129165026,0.0166325658596995,0.389258890556268,0.739783607969471
9994,0.0192513159221753,0.0132848623216761,0.450163074480392,0.615479171845946
9995,0.0183533900518255,0.0202267273662836,0.449154486720466,0.660096689150331
9996,0.0180656994959888,0.0137377652597881,0.441619971876768,0.564056654707619
9997,0.0160866999566284,0.0181392249288586,0.368425064990713,0.660020486099777
9998,0.0294744592295213,0.0162494367821645,0.373705423548472,0.641145708545853
9999,0.00861469486917318,0.0109133988414883,0.445603827637722,0.606718740965185
10000,0.0187191239469,0.0160150327396597,0.34783352877946,0.709181733021986
