parameter,median,lower_95,upper_95
beta_0,0.08559609949588776,0.015098908497020605,0.15134488344192498
sigma2_w,0.10656982865786316,0.010548126281947994,0.833974792515158
eta_raw,0.47415848923323944,0.01695777285164222,0.9785634169832171
eta,0.4669096935381032,0.01669852740178249,0.9636034269260604
rho,0.8169148339238066,0.050828507180739564,0.9894234534138586
