dataset_id,parameter,posterior_mean_abi,posterior_sd_abi,posterior_median_abi,lower_95_abi,upper_95_abi,truth_abi,posterior_mean_mcmc,posterior_sd_mcmc,posterior_median_mcmc,lower_95_mcmc,upper_95_mcmc,truth_mcmc,posterior_mean_difference,absolute_posterior_mean_difference,posterior_median_difference,absolute_posterior_median_difference,posterior_width_ratio_abi_to_mcmc,interval_overlap_fraction,effective_sample_size,mcse_mean,n_abi_draws,abi_error,mcmc_error,approximation_error,abi_squared_error,mcmc_squared_error,approximation_squared_error,interaction,mcmc_mc_variance,abi_mc_variance
dataset_0000,beta0,-0.7096189260482788,0.0724061653017997,-0.711638331413269,-0.8076715767383575,-0.6174998983740808,-0.6855400800704956,-0.681302697776243,0.0334984838284028,-0.681060904106263,-0.750635146791165,-0.618553927283013,-0.685540080070496,-0.028316228272035837,0.028316228272035837,-0.030577427307006078,0.030577427307006078,1.4398086198207707,1.0,574.475962011748,0.0013976203655552,10000,-0.024078845977783203,0.004237382294253078,-0.028316228272035837,0.0005797908236218063,1.795540870764948e-05,0.0008018087835540416,-0.00023997336863990619,1.953342686214651e-06,5.242652773711543e-07
dataset_0000,sigma2_w,0.3916294276714325,0.1747275441884994,0.3488600701093673,0.1875461474061012,0.8671360060572623,0.1811368912458419,0.338166602276398,0.126200081306355,0.309177942895099,0.181618099692406,0.648791408211687,0.181136891245842,0.0534628253950345,0.0534628253950345,0.03968212721426834,0.03968212721426834,1.4546846882266034,0.9873108167662996,321.414086940199,0.0070392628313774,10000,0.2104925364255906,0.157029711030556,0.0534628253950345,0.044307107890878585,0.02465833014633992,0.0028582736992199455,0.016790504045318674,4.9551221209211376e-05,3.0529714698144006e-06
dataset_0000,eta,0.2073715031147003,0.1579418629407882,0.1673676297068596,0.0090965817682445,0.6052122727036476,0.3691187798976898,0.210974380082421,0.147312636570424,0.192167897238976,0.0096184001712155,0.592511234525952,0.36911877989769,-0.003602876967720714,0.003602876967720714,-0.02480026753211642,0.02480026753211642,1.0226848844270051,1.0,964.3790535982,0.0047436880109223,10000,-0.16174727678298953,-0.15814439981526898,-0.003602876967720714,0.026162181546713025,0.025009651192931647,1.2980722444532407e-05,0.0011395496313368972,2.2502575944967966e-05,2.494563206920673e-06
dataset_0000,rho,0.2892528772354126,0.1819489002227783,0.2571624368429184,0.0230770192109048,0.7066887289285658,0.1861736327409744,0.3119916767492,0.163187875662374,0.294488922745847,0.0478466130921683,0.681338841044191,0.186173632740974,-0.022738799513787378,0.022738799513787378,-0.037326485902928586,0.037326485902928586,1.07911617468089,1.0,246.865275426228,0.0103862288161041,10000,0.1030792444944382,0.12581804400822597,-0.022738799513787378,0.010625330645544167,0.015830180198055887,0.0005170530033282171,-0.005721902555839855,0.00010787374902047118,3.310540229227853e-06
dataset_0001,beta0,-0.0117370523512363,0.0237052831798791,-0.0114218294620513,-0.0406730328686535,0.0167954350356012,0.0272809881716966,-0.0014416240669958,0.0111603496385579,-0.0013152870085912,-0.0240477060094613,0.0202267911251461,0.0272809881716967,-0.0102954282842405,0.0102954282842405,-0.010106542453460099,0.010106542453460099,1.2980038537656065,0.922498135233189,574.149958448436,0.0004657631569977,10000,-0.0390180405229329,-0.0287226122386925,-0.0102954282842405,0.0015224074862492342,0.0008249884538142883,0.00010599584355593928,0.0005914231888790142,2.1693531841646415e-07,5.6194045063825896e-08
dataset_0001,sigma2_w,0.2191296070814132,0.1735190898180008,0.1568259820342064,0.0685899250209331,0.7208783522248268,0.1371915638446808,0.243807999850172,0.170511446248452,0.185489349738934,0.0672409547488675,0.657002705335372,0.137191563844681,-0.0246783927687588,0.0246783927687588,-0.028663367704727605,0.028663367704727605,1.106020230296739,0.9977126860622547,53.6009414893768,0.0232898841904038,10000,0.08193804323673243,0.106616436005491,-0.0246783927687588,0.006713842929464633,0.011367064426512958,0.0006090230696491266,-0.005262244566697489,0.0005424187056024209,3.0108874531267428e-06
dataset_0001,eta,0.4880673885345459,0.1381300091743469,0.4954730272293091,0.1315767217427492,0.7068303048610687,0.7234253883361816,0.594905579992125,0.0759325172033724,0.611088885394423,0.428929074737936,0.714215228262865,0.723425388336182,-0.10683819145757911,0.10683819145757911,-0.11561585816511388,0.11561585816511388,2.016409054595257,0.9741139788575438,561.315839934607,0.0032049713253654,10000,-0.23535799980163574,-0.12851980834405696,-0.10683819145757911,0.05539338807062677,0.016517341136793134,0.01141439915392633,0.027461647779907464,1.027184119641445e-05,1.907989943450516e-06
dataset_0001,rho,0.692495584487915,0.1747727692127227,0.712632805109024,0.322381991893053,0.9463672384619712,0.7788889408111572,0.747474711257951,0.152831730927182,0.778678637809577,0.405566847994432,0.943491800177839,0.778888940811157,-0.05497912677003591,0.05497912677003591,-0.06604583270055298,0.06604583270055298,1.1599856895208103,1.0,76.6075213459139,0.0174613503560196,10000,-0.08639335632324219,-0.03141422955320605,-0.05497912677003591,0.007463812016794691,0.0009868538184215246,0.0030227043803956796,0.0034542538179774484,0.0003048987562556658,3.054552085828363e-06
dataset_0002,beta0,0.7500774264335632,0.0435324199497699,0.7522041201591492,0.708606593310833,0.7922822594642639,0.7080708742141724,0.735089114968226,0.0142866747100305,0.734922359912053,0.706880615698817,0.764470476335594,0.708070874214172,0.01498831146533719,0.01498831146533719,0.017281760247096156,0.017281760247096156,1.452958302524447,0.9700298352360698,148.055548787121,0.0011741371035868,10000,0.04200655221939087,0.027018240754054013,0.01498831146533719,0.001764550429360412,0.0007299853334440252,0.00022464948058195826,0.0008099156153344566,1.3785979380191999e-06,1.895071586683124e-07
dataset_0002,sigma2_w,0.7471635937690735,0.0960302874445915,0.7361188530921936,0.5949807420372963,0.96712242513895,0.676112711429596,0.803855743708565,0.118142444473078,0.789653622129277,0.622582418128727,1.0753651355268,0.676112711429596,-0.056692149939491565,0.056692149939491565,-0.05353476903708343,0.05353476903708343,0.8218990451759622,0.9258301949370958,784.614560178769,0.0042177202521316,10000,0.07105088233947754,0.1277430322789691,-0.056692149939491565,0.005048227881218281,0.016318282295825742,0.0032139998647617934,-0.014484054279369255,1.7789164125241045e-05,9.221816106690867e-07
dataset_0002,eta,0.1953924596309662,0.1300501823425293,0.1825099438428878,0.0092401798581704,0.4846701383590696,0.2001997083425521,0.18112722034575,0.105901370676701,0.182770554864097,0.0083519622548186,0.389640434368675,0.200199708342552,0.014265239285216197,0.014265239285216197,-0.000260611021209195,0.000260611021209195,1.2469035737302103,0.9976704839817802,1201.83036451628,0.00305478039708,10000,-0.004807248711585915,-0.019072487996802,0.014265239285216197,2.3109640175044443e-05,0.00036375979838815643,0.00020349705186447552,-0.0005441472100775885,9.331683274384242e-06,1.6913049927325119e-06
dataset_0002,rho,0.2303306609392166,0.0598441176116466,0.2267489656805992,0.1217350581660866,0.3560632877051829,0.2104796171188354,0.268042376290278,0.0636438443536235,0.262060194098798,0.155803676849541,0.403587723400833,0.210479617118835,-0.03771171535106138,0.03771171535106138,-0.03531122841819878,0.03531122841819878,0.9456953859642038,0.8546115474415333,848.306526990848,0.0021851436912515,10000,0.01985104382038122,0.05756275917144299,-0.03771171535106138,0.00039406394075869544,0.003313471243429544,0.0014221734747194787,-0.004341580777390312,4.774852951416231e-06,3.5813184127165903e-07
dataset_0003,beta0,0.1973214000463485,0.0215415712445974,0.1976033300161361,0.1627127241343259,0.2319374948740005,0.1911599785089492,0.200264100042467,0.0162497252991836,0.201033033582591,0.165286784943627,0.229807308551792,0.191159978508949,-0.002942699996118514,0.002942699996118514,-0.003429703566454917,0.003429703566454917,1.0729108641473317,1.0,269.97506291955,0.0009889724604311,10000,0.006161421537399292,0.009104121533518,-0.002942699996118514,3.7963115361527855e-05,8.288502889706614e-05,8.659483267155903e-06,-5.35813968026918e-05,9.780665274911436e-07,4.640392916860656e-08
dataset_0003,sigma2_w,0.5240564346313477,0.1415414214134216,0.4935279637575149,0.3448012761771679,0.883038909733295,0.5271153450012207,0.554294781714281,0.122102465307946,0.529922204203838,0.387743438921289,0.856364599005436,0.527115345001221,-0.03023834708293338,0.03023834708293338,-0.036394240446323056,0.036394240446323056,1.1485559752775132,1.0,361.301963591104,0.006423759481554,10000,-0.003058910369873047,0.02717943671306,-0.03023834708293338,9.35693265091686e-06,0.0007387217800392339,0.0009143576343079458,-0.0016437224816962606,4.1264685876854914e-05,2.0033973975731804e-06
dataset_0003,eta,0.5368618369102478,0.0674877762794494,0.5502464175224304,0.3845762826502323,0.6159758418798447,0.531682550907135,0.453902273009185,0.0790021728801115,0.462228547625842,0.331012061578882,0.600355308565958,0.531682550907135,0.0829595639010628,0.0829595639010628,0.08801786989658844,0.08801786989658844,0.8591251565357261,0.932495405929504,1247.35749671375,0.0022368845276702,10000,0.005179286003112793,-0.07778027789795,0.0829595639010628,2.682500350204009e-05,0.006049771629882329,0.006882289242654521,-0.01290523586903481,5.003652390130333e-06,4.554599947145012e-07
dataset_0003,rho,0.4459501504898071,0.1314854323863983,0.4422433376312256,0.2024131022393703,0.713380692899227,0.316080093383789,0.391174374749075,0.0914240469340689,0.382602288218353,0.231019862789756,0.592019666285296,0.316080093383789,0.05477577574073206,0.05477577574073206,0.05964104941287257,0.05964104941287257,1.4154234592711337,1.0,448.072101234106,0.004319032675849,10000,0.12987005710601807,0.07509428136528601,0.05477577574073206,0.016866231732720394,0.005639151093768741,0.0030003856079989706,0.008226695030952682,1.865404325505137e-05,1.7288418929838116e-06
dataset_0004,beta0,0.3885818719863891,0.019123937934637,0.3885495215654373,0.365863174200058,0.4129564367234707,0.3835911154747009,0.385104995320394,0.0057563915535754,0.38512718443668,0.373767970873981,0.396273135685856,0.383591115474701,0.00347687666599511,0.00347687666599511,0.0034223371287573356,0.0034223371287573356,2.092553550132799,1.0,702.771563089281,0.0002171417018605,10000,0.004990756511688177,0.0015138798456930114,0.00347687666599511,2.490765055895794e-05,2.291832187195496e-06,1.2088671350541272e-05,1.0527147021220618e-05,4.7150518686874265e-08,3.6572500212784806e-08
dataset_0004,sigma2_w,0.2009307444095611,0.1750325709581375,0.1360518559813499,0.0546452820301055,0.7078345283865923,0.1432045996189117,0.14995251731421,0.0881736209628527,0.119922975071181,0.0629483876628206,0.411724198360576,0.143204599618912,0.0509782270953511,0.0509782270953511,0.016128880910168883,0.016128880910168883,1.8728054707972053,1.0,32.1242187724759,0.0155568759465402,10000,0.057726144790649414,0.006747917695298006,0.0509782270953511,0.0033323077923910205,4.553439322251595e-05,0.0025987796377851895,0.0006879937613832799,0.00024201638921604105,3.063640089621544e-06
dataset_0004,eta,0.2514263689517975,0.1288595199584961,0.2630880922079086,0.016570081282407,0.4969708278775214,0.4286104440689087,0.352377708751819,0.0653634228671585,0.359880832317486,0.146668938281292,0.439874546036231,0.428610444068909,-0.10095133980002152,0.10095133980002152,-0.09679274010957745,0.09679274010957745,1.6384432421791637,1.0,30.1634857839076,0.0119012895786951,10000,-0.1771840751171112,-0.07623273531709002,-0.10095133980002152,0.031394196475106106,0.005811429933925504,0.01019117300741941,0.015391593533761311,0.00014164069363595657,1.6604775883934053e-06
dataset_0004,rho,0.7399754524230957,0.154393583536148,0.7630414068698883,0.4156006656587124,0.9568973571062088,0.7863810062408447,0.742555328246278,0.101841439600297,0.74367325305234,0.54364707976706,0.917952534663618,0.786381006240845,-0.0025798758231823093,0.0025798758231823093,0.019368153817548306,0.019368153817548306,1.4461362621527583,1.0,43.323228314536,0.0154726294201755,10000,-0.04640555381774902,-0.043825677994566936,-0.0025798758231823093,0.002153475425132001,0.0019206900516834686,6.655759263040598e-06,0.0002261296141855124,0.00023940226117408043,2.3837378637133508e-06
dataset_0005,beta0,-0.424252450466156,0.0239604208618402,-0.4230841994285583,-0.4708636403083801,-0.3833802945911884,-0.3923636376857757,-0.406508644880764,0.013536933063653,-0.4066806500242,-0.431906491403578,-0.380362095307081,-0.392363637685776,-0.017743805585392014,0.017743805585392014,-0.016403549404358286,0.016403549404358286,1.6972426168969539,0.9414446668759686,363.225772091103,0.0007102838722312,10000,-0.031888812780380305,-0.014145007194988013,-0.017743805585392014,0.0010168963805421462,0.00020008122854626266,0.00031484263665218883,0.0005019725153436771,5.045031791517475e-07,5.741017678765071e-08
dataset_0005,sigma2_w,0.7351137399673462,0.2159708440303802,0.6951591074466705,0.4310360059142112,1.2639113783836364,0.6598665714263916,0.771696735513685,0.179885939962744,0.748786818028217,0.501290850225127,1.19472073536825,0.659866571426392,-0.036582995546338815,0.036582995546338815,-0.05362771058154647,0.05362771058154647,1.2010952950167713,1.0,237.294523044205,0.0116775937512504,10000,0.07524716854095459,0.11183016408729296,-0.036582995546338815,0.005662136373430826,0.012505985599790869,0.0013383155631434456,-0.008182164789503555,0.0001363661958192424,4.664340547119481e-06
dataset_0005,eta,0.1480386108160019,0.0958065539598465,0.1390812471508979,0.0064382284763269,0.3405212938785552,0.0688299536705017,0.152610336380817,0.0709452719439347,0.182193767672899,0.0095791931180104,0.258405981957163,0.0688299536705017,-0.00457172556481511,0.00457172556481511,-0.043112520522001097,0.043112520522001097,1.3426330298309932,1.0,2179.07502227486,0.0015198032415051,10000,0.0792086571455002,0.08378038271031531,-0.00457172556481511,0.0062740113667934,0.0070191525270869,2.0900674639984038e-05,-0.0007660418349334846,2.309801892889409e-06,9.178895781660979e-07
dataset_0005,rho,0.6089219450950623,0.0971361473202705,0.6121895909309387,0.4150746397674084,0.7881701946258545,0.6577237248420715,0.63135128278927,0.0659033091361373,0.636179905000341,0.495112485274666,0.754806578650937,0.657723724842072,-0.02242933769420774,0.02242933769420774,-0.02399031406940233,0.02399031406940233,1.4366732412271987,1.0,221.051238694313,0.0044326224886006,10000,-0.04880177974700928,-0.02637244205280198,-0.02242933769420774,0.002381613706475605,0.0006955056998283984,0.0005030751894008082,0.0011830328172464416,1.9648142126447776e-05,9.435431116225292e-07
dataset_0006,beta0,-0.0621291324496269,0.0259224958717823,-0.0614702850580215,-0.1048810865730047,-0.0214598790742457,-0.0508807487785816,-0.0660658423726952,0.0245978699437616,-0.06572611030948,-0.116245082185381,-0.0191797799505657,-0.0508807487785816,0.003936709923068292,0.003936709923068292,0.004255825251458505,0.004255825251458505,0.8594338613086557,1.0,272.109550173714,0.0014911646813269,10000,-0.011248383671045303,-0.015185093594113595,0.003936709923068292,0.00012652613521103862,0.00023058706746198975,1.5497685018384357e-05,-0.0001195586172693355,2.223572106836755e-06,6.719757922225704e-08
dataset_0006,sigma2_w,0.7020389437675476,0.1610589176416397,0.6725298762321472,0.4708268158137798,1.0999071925878523,0.5467115044593811,0.7041747431322,0.146042840880693,0.683472453377399,0.485921797164399,1.0679018520321,0.546711504459381,-0.0021357993646523576,0.0021357993646523576,-0.01094257714525182,0.01094257714525182,1.080931161665117,1.0,615.367467925393,0.0058872571510362,10000,0.1553274393081665,0.15746323867281897,-0.0021357993646523576,0.02412661340203215,0.024794671533333153,4.561638926049415e-06,-0.0006726197702270186,3.465979676242687e-05,2.593997495189648e-06
dataset_0006,eta,0.4102617800235748,0.1728312969207763,0.4194678515195846,0.0372288834303617,0.7221952244639397,0.6037326455116272,0.532490980489622,0.160393404128538,0.594565866791715,0.0947779889214382,0.71608555019725,0.603732645511627,-0.12222920046604718,0.12222920046604718,-0.17509801527213037,0.17509801527213037,1.1024593675104282,1.0,566.577436167683,0.0067384012363574,10000,-0.19347086548805242,-0.07124166502200502,-0.12222920046604718,0.037430975792696074,0.005075374835107573,0.014939977446569148,0.017415623511019267,4.540605122214294e-05,2.987065719531754e-06
dataset_0006,rho,0.3908390998840332,0.1172030195593833,0.3831856101751327,0.1827096097171306,0.63483796864748,0.4522121846675873,0.363291211972127,0.110298488187389,0.353929318701219,0.164789794428098,0.593337346178059,0.452212184667587,0.02754788791190621,0.02754788791190621,0.029256291473913676,0.029256291473913676,1.055024949002968,0.9581847680243242,469.73235410698,0.0050891391128307,10000,-0.06137308478355408,-0.08892097269546001,0.02754788791190621,0.003766655535849317,0.007906939385106745,0.0007588861284069483,-0.00489916997766441,2.5899336909743245e-05,1.3736547793837183e-06
dataset_0007,beta0,-0.7213775515556335,0.0460647046566009,-0.719758540391922,-0.7889405027031898,-0.6676051989197731,-0.6623832583427429,-0.691667957210043,0.0216716301880687,-0.691454586350781,-0.735217547010494,-0.649186667083343,-0.662383258342743,-0.029709594345590506,0.029709594345590506,-0.028303954041140944,0.028303954041140944,1.410369205640588,0.7859078989773619,410.197659450627,0.0010700276301606,10000,-0.058994293212890625,-0.029284698867300007,-0.029709594345590506,0.003480326631688513,0.0008575935877484424,0.0008826599961795434,0.001740073047760514,1.1449591293071097e-06,2.1219570150998682e-07
dataset_0007,sigma2_w,0.1212634295225143,0.0580438673496246,0.1102528907358646,0.0699111245572567,0.2408050850033759,0.125279039144516,0.135323771783646,0.0546949729248725,0.125368264624032,0.0806363280711781,0.247329513686507,0.125279039144516,-0.01406034226113169,0.01406034226113169,-0.015115373888167402,0.015115373888167402,1.0252006392179958,0.9608596556659056,86.696862988776,0.0058741593014723,10000,-0.00401560962200169,0.01004473263913,-0.01406034226113169,1.6125120636312553e-05,0.00010089665379160353,0.00019769322450016578,-0.0002824647576554568,3.450574749907353e-05,3.369090536900817e-07
dataset_0007,eta,0.3363820314407348,0.2154697328805923,0.3165137767791748,0.0133582339156419,0.7125405937433242,0.7079657912254333,0.399227448268538,0.203179185039927,0.409430163519505,0.0213523734664715,0.705304256912219,0.707965791225433,-0.0628454168278032,0.0628454168278032,-0.0929163867403302,0.0929163867403302,1.0222683448215737,1.0,1019.35656627165,0.0063637945684983,10000,-0.37158375978469854,-0.308738342956895,-0.0628454168278032,0.13807449053573254,0.09531936441176932,0.00394954641626033,0.03880557970770265,4.049788131004847e-05,4.6427205787633795e-06
dataset_0007,rho,0.1395254582166671,0.142246276140213,0.096573606133461,0.0040744776604697,0.5557277858257283,0.220123752951622,0.178788704322987,0.141805427651949,0.145107824874451,0.0120226875918057,0.543918139860956,0.220123752951622,-0.0392632461063199,0.0392632461063199,-0.04853421874099001,0.04853421874099001,1.0371461267657358,1.0,129.462969392763,0.0124629275967466,10000,-0.08059829473495492,-0.04133504862863502,-0.0392632461063199,0.006496085114182661,0.0017085862451316216,0.0015416024948054447,0.0032458963742455953,0.000155324564281748,2.0234003075757735e-06
dataset_0008,beta0,-0.1273436397314071,0.0249163471162319,-0.1270623505115509,-0.1601735971868038,-0.0955871038138866,-0.13004831969738,-0.115273828038172,0.012462911343279,-0.115234851221656,-0.139554902386412,-0.0907306309562233,-0.13004831969738,-0.012069811693235108,0.012069811693235108,-0.011827499289894905,0.011827499289894905,1.322835783945411,0.9005315857174168,260.546615191249,0.0007721057519842,10000,0.0027046799659729004,0.014774491659208008,-0.012069811693235108,7.31529371833517e-06,0.000218285603788007,0.00014568035431015495,-0.0003566506643798268,5.961472922470869e-07,6.208243536165578e-08
dataset_0008,sigma2_w,0.615760326385498,0.19204643368721,0.5724404752254486,0.3658064775168895,1.1112117022275925,0.7161240577697754,0.771694165360621,0.194448695423771,0.738199374328653,0.486832124056051,1.21665570299859,0.716124057769775,-0.15593383897512292,0.15593383897512292,-0.1657588991032044,0.1657588991032044,1.021349879913089,0.855521246759692,199.551034981365,0.0137650578667808,10000,-0.10036373138427734,0.05557010759084602,-0.15593383897512292,0.010072878577375377,0.0030880368576582024,0.024315362137519562,-0.01733052041780248,0.00018947681807582402,3.6881832691975945e-06
dataset_0008,eta,0.208031341433525,0.1055787280201911,0.2230963706970214,0.0108579011401161,0.3919564493000507,0.3605890572071075,0.19080680447665,0.0902979334137282,0.209306460656151,0.0134207822450707,0.367691507668107,0.360589057207108,0.01722453695687501,0.01722453695687501,0.013789910040870407,0.013789910040870407,1.0757268970075444,1.0,630.803910746977,0.0035952626453325,10000,-0.1525577157735825,-0.169782252730458,0.01722453695687501,0.023273856642053177,0.02882601334222911,0.00029668467337875295,-0.005848841373554533,1.2925913488923245e-05,1.1146867810361483e-06
dataset_0008,rho,0.5894564390182495,0.1045666113495826,0.5889057517051697,0.3899213001132011,0.7867629051208496,0.6517173647880554,0.638608035728104,0.078242375828959,0.640723867649281,0.4728207640083,0.774086313838732,0.651717364788055,-0.04915159670985447,0.04915159670985447,-0.05181811594411134,0.05181811594411134,1.3172485378132732,1.0,175.222334142086,0.0059108140733444,10000,-0.06226092576980591,-0.013109329059950992,-0.04915159670985447,0.0038764228777132814,0.00017185450840207555,0.002415879459128177,0.0012886889101829736,3.493772300964622e-05,1.0934176209134657e-06
dataset_0009,beta0,0.4914321303367615,0.0351447835564613,0.4909733533859253,0.4607789203524589,0.5297485768795014,0.4874008297920227,0.483858758339134,0.0111747422531503,0.484150500298417,0.460926955970628,0.505327460469944,0.487400829792023,0.007573371997627476,0.007573371997627476,0.006822853087508296,0.006822853087508296,1.553352992376583,1.0,315.599083016731,0.0006290275232509,10000,0.0040313005447387695,-0.003542071452888984,0.007573371997627476,1.62513840820111e-05,1.2546270177371078e-05,5.7355963414447986e-05,-5.3650849509810204e-05,3.9567562500716147e-07,1.2351558112305125e-07
dataset_0009,sigma2_w,0.5815541744232178,0.2269990146160125,0.5335805714130402,0.279727691411972,1.1232097625732422,0.3789510428905487,0.546015800398925,0.16741233891637,0.520257745385313,0.295547457873849,0.957691179967661,0.378951042890549,0.03553837402429272,0.03553837402429272,0.013322826027727164,0.013322826027727164,1.2738655415987865,1.0,145.738155957275,0.0138675847579985,10000,0.20260313153266907,0.16706475750837607,0.03553837402429272,0.041048028906844,0.0279106332013325,0.0012629760282905234,0.011874419677220869,0.0001923099070202723,5.152855263664066e-06
dataset_0009,eta,0.2081456035375595,0.1043997630476951,0.2233324944972992,0.0115742940455675,0.3859149783849714,0.4552579820156097,0.313122292427782,0.121835065919781,0.276642061565326,0.0532545007460397,0.521329516971154,0.45525798201561,-0.10497668889022249,0.10497668889022249,-0.05330956706802681,0.05330956706802681,0.7997450651358197,0.8886570216805983,38.3621471219542,0.0196707468502723,10000,-0.24711237847805018,-0.14213568958782802,-0.10497668889022249,0.061064527597079116,0.020202554254607402,0.011020105210354562,0.029841868132117318,0.0003869382816474976,1.0899310524414883e-06
dataset_0009,rho,0.7334877848625183,0.0955306068062782,0.7439156472682953,0.5241218313574791,0.8857661888003349,0.7487429976463318,0.744688087482242,0.0682660765612454,0.750257205348588,0.596583669005873,0.861790617212906,0.748742997646332,-0.011200302619723712,0.011200302619723712,-0.006341558080292686,0.006341558080292686,1.3636307792378775,1.0,157.447416386796,0.0054404794500389,10000,-0.015255212783813477,-0.0040549101640899865,-0.011200302619723712,0.00023272151707942612,1.644229643884028e-05,0.00012544677877338986,9.083244186720277e-05,2.9598816646295574e-05,9.126096836775727e-07
dataset_0010,beta0,-0.4281315505504608,0.0293799955397844,-0.4274680912494659,-0.4790858775377273,-0.3841587051749229,-0.4260010421276092,-0.428355349410161,0.0180211809399749,-0.428612535061204,-0.463655820989422,-0.391786962529112,-0.426001042127609,0.0002237988597001972,0.0002237988597001972,0.0011444438117381162,0.0011444438117381162,1.3208387387317206,1.0,580.721363221427,0.0007478239084537,10000,-0.002130508422851618,-0.0023543072825520373,0.0002237988597001972,4.5390661398416886e-06,5.542762780677558e-06,5.0085929603108545e-08,-1.0537825704380317e-06,5.592405980549679e-07,8.631841379177512e-08
dataset_0010,sigma2_w,0.3248328268527984,0.2375616431236267,0.2541282325983047,0.0708711864426732,0.946888917684555,0.2030583620071411,0.317712399970488,0.230464889105549,0.253095548095919,0.0688891514426344,0.927132676427131,0.203058362007141,0.0071204268823104044,0.0071204268823104044,0.0010326845023856945,0.0010326845023856945,1.0207099800231014,0.997690591373731,120.807970337558,0.0209679984991406,10000,0.1217744648456573,0.114654037963347,0.0071204268823104044,0.014829020288446224,0.013145548421300616,5.070047898632867e-05,0.0016327713881593073,0.00043965696105996237,5.643553428359738e-06
dataset_0010,eta,0.2623995244503021,0.1396188586950302,0.2646565288305282,0.0148342777276411,0.5445154070854186,0.376912772655487,0.306964034710066,0.0974433182560622,0.303627772830249,0.0667999799468212,0.559501118156963,0.376912772655487,-0.04456451025976388,0.04456451025976388,-0.038971243999720795,0.038971243999720795,1.0750556235408235,0.9695845819922728,189.821594359076,0.0070726025982925,10000,-0.11451324820518488,-0.069948737945421,-0.04456451025976388,0.013113284014502279,0.00489282594015718,0.0019859955746926,0.006234462499652499,5.0021707513373816e-05,1.949342570330281e-06
dataset_0010,rho,0.7910482883453369,0.1502249091863632,0.8342219889163971,0.4039776436984539,0.9638031736016274,0.8509186506271362,0.833537369370576,0.116668798964523,0.869376105200106,0.529830566998873,0.966788186544427,0.850918650627136,-0.04248908102523907,0.04248908102523907,-0.0351541162837089,0.0351541162837089,1.2811895361509085,0.9931686442591295,119.219687194536,0.0106851528254976,10000,-0.059870362281799316,-0.01738128125656002,-0.04248908102523907,0.0035844602797538982,0.0003021089381196447,0.001805322006369331,0.0014770293352648959,0.00011417249090423935,2.256752334005107e-06
dataset_0011,beta0,-0.5493744015693665,0.0317458845674991,-0.5507293045520782,-0.5976223617792129,-0.4980667762458325,-0.5706194639205933,-0.538911418888862,0.0161012370331914,-0.538851303207977,-0.570664860948626,-0.507724908554304,-0.570619463920593,-0.010462982680504496,0.010462982680504496,-0.011878001344101219,0.011878001344101219,1.5817550180155766,1.0,350.410019121007,0.0008601436467146,10000,0.021245062351226807,0.03170804503173108,-0.010462982680504496,0.0004513526743075147,0.0010054001197342861,0.00010947400657253705,-0.0006635214519993178,7.398470929834906e-07,1.0078011869729774e-07
dataset_0011,sigma2_w,0.7603163123130798,0.2442220002412796,0.7186089754104614,0.4046950072050094,1.3492032259702682,0.9255576729774476,0.777334106244151,0.223693916342372,0.747886916945498,0.43053866086081,1.30622675226603,0.925557672977448,-0.017017793931071168,0.017017793931071168,-0.0292779415350366,0.0292779415350366,1.078589771901092,1.0,204.082862133126,0.0156585269770125,10000,-0.1652413606643678,-0.14822356673329695,-0.017017793931071168,0.027304707274211675,0.021970225735140136,0.0002896053102804027,0.005044876228791247,0.0002451894670898283,5.964438540185158e-06
dataset_0011,eta,0.4942101538181305,0.0935955941677093,0.4865486770868301,0.3368513539433479,0.6931961372494697,0.5405043959617615,0.560481824551512,0.0464472391441797,0.561070763176447,0.492564537263865,0.642366978291487,0.540504395961761,-0.06627167073338147,0.06627167073338147,-0.07452208608961691,0.07452208608961691,2.37876486432164,1.0,566.077896630666,0.001952188749378,10000,-0.04629424214363098,0.019977428589750934,-0.06627167073338147,0.002143156855653139,0.000399097653058598,0.004391934341793731,-0.0026478751391992303,3.8110409131980398e-06,8.760135247606538e-07
dataset_0011,rho,0.748718798160553,0.0862879380583763,0.7601612508296967,0.547696952521801,0.88253024071455,0.7821168303489685,0.754046855154107,0.0690213577576444,0.762885955744842,0.598028390576854,0.864507254041152,0.782116830348969,-0.005328056993553987,0.005328056993553987,-0.002724704915145315,0.002724704915145315,1.2565097427984524,1.0,217.409980523293,0.0046810551705975,10000,-0.03339803218841553,-0.028069975194861985,-0.005328056993553987,0.0011154285540584397,0.0007879235074401671,2.838819132655955e-05,0.00029911685529174264,2.1912277510177587e-05,7.445608254366185e-07
dataset_0012,beta0,-0.1518291682004928,0.014294359833002,-0.1516960337758064,-0.1775385066866874,-0.1254857257008552,-0.1641222685575485,-0.141760653326031,0.0083119194164121,-0.141623898184839,-0.158026716216135,-0.125874741204937,-0.164122268557549,-0.01006851487446181,0.01006851487446181,-0.010072135590967396,0.010072135590967396,1.6189606071696387,1.0,411.212552510104,0.0004098907733649,10000,0.012293100357055692,0.022361615231518,-0.01006851487446181,0.00015112031638864277,0.0005000418357624578,0.0001013749917772587,-0.00045029651115106146,1.680104460896758e-07,2.04328723035341e-08
dataset_0012,sigma2_w,0.0978396758437156,0.0413204953074455,0.0909506864845752,0.0687082313001155,0.1636251978576183,0.0968929007649421,0.0923266053348268,0.0122525815962347,0.090918755421244,0.0718154471420028,0.119643639420923,0.0968929007649422,0.005513070508888801,0.005513070508888801,3.193106333120033e-05,3.193106333120033e-05,1.984540122360772,1.0,464.336733070358,0.0005686055345976,10000,0.0009467750787734985,-0.0045662954301154,0.005513070508888801,8.963830497865644e-07,2.085105395509278e-05,3.0393946435979425e-05,-5.0348617341285825e-05,3.2331225397502256e-07,1.7073833324526254e-07
dataset_0012,eta,0.445172369480133,0.1617603898048401,0.4585939347743988,0.0584503455087542,0.702663266658783,0.3599857687950134,0.391166933328298,0.10720599485417,0.362167933816108,0.225236681064733,0.612750327334885,0.359985768795013,0.05400543615183501,0.05400543615183501,0.09642600095829079,0.09642600095829079,1.6624264134969868,1.0,110.73080425066,0.0101879040058244,10000,0.08518660068511957,0.03118116453328501,0.05400543615183501,0.0072567569362860145,0.0009722650216517911,0.0029165871339499275,0.003367904780684372,0.00010379338803189285,2.6166423709813815e-06
dataset_0012,rho,0.3252318799495697,0.1324437260627746,0.3047218322753906,0.1215038981288671,0.6513015940785408,0.2480866611003875,0.303624893649576,0.0726893747721835,0.295083147711748,0.175889941404972,0.454677466032475,0.248086661100388,0.02160698629999369,0.02160698629999369,0.009638684563642641,0.009638684563642641,1.9003637148310475,1.0,297.227311579388,0.0042162521600534,10000,0.07714521884918221,0.05553823254918802,0.02160698629999369,0.005951384791288219,0.003084495274687688,0.00046686185696811507,0.0024000276596323387,1.7776782277154964e-05,1.7541340573391281e-06
dataset_0013,beta0,-0.0635813847184181,0.0246518719941377,-0.0629303529858589,-0.0953815355896949,-0.0317225965671241,-0.0591656006872653,-0.0598186326398141,0.013175089938832,-0.0598128601771029,-0.0857819751774109,-0.0337839263761246,-0.0591656006872654,-0.0037627520786039925,0.0037627520786039925,-0.003117492808756006,0.003117492808756006,1.2242563036518408,1.0,387.397020413719,0.0006693841897847,10000,-0.004415784031152795,-0.000653031952548698,-0.0037627520786039925,1.9499148609784025e-05,4.2645073104956494e-07,1.4158303205038666e-05,4.914394673694874e-06,4.480751935337192e-07,6.077147928153508e-08
dataset_0013,sigma2_w,0.144170805811882,0.0193737708032131,0.1427501440048217,0.1111553432419896,0.1847048554569482,0.1703836619853973,0.149706677022188,0.0202504474453465,0.147988383939555,0.114696664465851,0.19426634869798,0.170383661985397,-0.00553587121030602,0.00553587121030602,-0.005238239934733296,0.005238239934733296,0.924340883399666,0.9518511936080364,771.799925772581,0.0007289240129158,10000,-0.02621285617351532,-0.020676984963208994,-0.00553587121030602,0.0006871138287734002,0.00042753770716877083,3.0645870057095044e-05,0.00022893025154751832,5.313302166052734e-07,3.753429951354323e-08
dataset_0013,eta,0.3505472540855407,0.2110043317079544,0.3487911373376846,0.0151731310645118,0.6970039963722229,0.1950032860040664,0.366142693546155,0.196308513747033,0.379513319152221,0.0178012588098326,0.695629857207807,0.195003286004066,-0.015595439460614258,0.015595439460614258,-0.030722181814536398,0.030722181814536398,1.0059045412353447,1.0,1464.37024795861,0.005129956550011,10000,0.1555439680814743,0.17113940754208898,-0.015595439460614258,0.024193926006530697,0.02928869681385722,0.00024321773196968433,-0.005337988539296079,2.6316454205000762e-05,4.452282799952045e-06
dataset_0013,rho,0.0393536575138568,0.0360604301095008,0.0295600313693285,0.0014999228733358,0.1326457109302282,0.1291787475347519,0.0499785905113081,0.0417709951321116,0.0400455364149317,0.0018120827334376,0.154067014532455,0.129178747534752,-0.010624932997451306,0.010624932997451306,-0.010485505045603201,0.010485505045603201,0.8613565846918515,0.9976197492521347,1202.68372672243,0.001204478644931,10000,-0.08982509002089509,-0.0792001570234439,-0.010624932997451306,0.008068546797261907,0.006272664872538171,0.00011288920120032959,0.001682992723523428,1.450768806094818e-06,1.3003546196821919e-07
dataset_0014,beta0,0.3487187325954437,0.0388696976006031,0.3493016511201858,0.3114784821867943,0.3911600433290004,0.3164816200733185,0.345429249993426,0.0170301320027545,0.344995596292219,0.312742895749922,0.379430458302752,0.316481620073318,0.0032894826020177237,0.0032894826020177237,0.00430605482796681,0.00430605482796681,1.1948489057323421,1.0,463.050466363828,0.0007914142235473,10000,0.032237112522125244,0.02894762992010802,0.0032894826020177237,0.0010392314237641642,0.0008379652779915331,1.0820695788977295e-05,0.00019044544998368608,6.263364732329757e-07,1.5108533915623302e-07
dataset_0014,sigma2_w,0.4580308496952057,0.2170783728361129,0.4015877991914749,0.1961668971925974,1.019628632068634,0.7930841445922852,0.655451215561374,0.241264403062991,0.616260156645834,0.312258100084989,1.26803500877745,0.793084144592285,-0.1974203658661683,0.1974203658661683,-0.2146723574543591,0.2146723574543591,0.861562700863493,0.8590205252101145,153.120114161745,0.0194974191126951,10000,-0.33505329489707947,-0.13763292903091107,-0.1974203658661683,0.1122607104213893,0.018942823153627802,0.03897480085873174,0.05434308640902968,0.00038014935205608826,4.712301995317444e-06
dataset_0014,eta,0.4673500061035156,0.1354254931211471,0.4783027619123459,0.1184940196573734,0.6767974108457565,0.4512977600097656,0.506022251287783,0.054667910990685,0.496793550119437,0.397531414068522,0.643933380516366,0.451297760009766,-0.03867224518426737,0.03867224518426737,-0.018490788207091102,0.018490788207091102,2.265823602128433,1.0,887.539406989693,0.0018350109331687,10000,0.01605224609375,0.054724491278016985,-0.03867224518426737,0.00025767460465431213,0.002994769945637757,0.0014955425475920911,-0.004232637888575548,3.3672651248486635e-06,1.8340064187105862e-06
dataset_0014,rho,0.6551083922386169,0.1531707048416137,0.6738752126693726,0.3216477707028389,0.8910268351435661,0.8459190130233765,0.754061137655981,0.0941373266317434,0.769150819670127,0.530396442539341,0.897780711649685,0.845919013023376,-0.0989527454173641,0.0989527454173641,-0.09527560700075444,0.09527560700075444,1.5498188472237335,0.9816163154658906,161.481760258532,0.0074079854957294,10000,-0.19081062078475952,-0.09185787536739498,-0.0989527454173641,0.0364086930042653,0.00843786926701187,0.00979164582563367,0.018179177911619594,5.4878249104937163e-05,2.346126482167674e-06
dataset_0015,beta0,-0.217725932598114,0.0194259360432624,-0.2173489779233932,-0.2492013216018676,-0.1858345553278923,-0.214251160621643,-0.210152513697461,0.0071593656379165,-0.210095553184255,-0.224041568054464,-0.196123508047813,-0.214251160621643,-0.007573418900653023,0.007573418900653023,-0.007253424739138203,0.007253424739138203,2.26974102995979,1.0,780.744855282708,0.0002562241006294,10000,-0.0034747719764710028,0.00409864692418202,-0.007573418900653023,1.20740402884682e-05,1.6798906609106735e-05,5.735667384476844e-05,-6.208154016540697e-05,6.565078974334489e-08,3.7736699115692117e-08
dataset_0015,sigma2_w,0.0781429558992385,0.1512531489133834,0.0220724139362573,0.0075918558519333,0.5371451318264007,0.0976931899785995,0.156369579772557,0.167557963425868,0.0993831142476868,0.0116999743490637,0.642732372142436,0.0976931899785995,-0.0782266238733185,0.0782266238733185,-0.0773107003114295,0.0773107003114295,0.8391855597687812,0.9922422942440103,40.4023897517539,0.0263609796699035,10000,-0.019550234079361004,0.05867638979395749,-0.0782266238733185,0.0003822116525578084,0.003442918719252439,0.006119404682617643,-0.009180111749312273,0.0006949012491570657,2.2877515056214135e-06
dataset_0015,eta,0.2692660689353943,0.1973224431276321,0.2276881635189056,0.0095882833236828,0.6876542031764984,0.0246420670300722,0.112702927141628,0.0752832841338926,0.106886052334089,0.0044447128490813,0.252831090888465,0.0246420670300722,0.1565631417937663,0.1565631417937663,0.12080211118481661,0.12080211118481661,2.7298836804379936,0.9792920589478302,1192.96530820481,0.0021796393967873,10000,0.24462400190532207,0.0880608601115558,0.1565631417937663,0.059840902308175015,0.007754715083586999,0.02451201736833497,0.027574169856253057,4.750827900027306e-06,3.89361465618576e-06
dataset_0015,rho,0.538279116153717,0.3176317811012268,0.5396235883235931,0.0290536192711442,0.9859569936990736,0.9339783787727356,0.875520261357237,0.134222824046846,0.930548477147013,0.511770988848813,0.989732954935677,0.933978378772736,-0.33724114520352,0.33724114520352,-0.3909248888234199,0.3909248888234199,2.0020492054257373,0.9920998709007797,24.6744936777924,0.0270210516301232,10000,-0.39569926261901855,-0.058458117415499,-0.33724114520352,0.15657790643723501,0.0034173514917642677,0.11373159001818166,0.03942896492728944,0.0007301372311977837,1.0088994836553767e-05
dataset_0016,beta0,0.0414587557315826,0.0206028018146753,0.0420502480119466,0.0157961923163384,0.0662184197455644,0.0359516665339469,0.0413751929696405,0.0080405790750269,0.0414168178486963,0.0254336990146154,0.0574265474063497,0.035951666533947,8.356276194210199e-05,8.356276194210199e-05,0.0006334301632502995,0.0006334301632502995,1.5760468343372993,1.0,682.227290045211,0.0003078383931618,10000,0.005507089197635699,0.0054235264356935,8.356276194210199e-05,3.032803143071581e-05,2.941463899866624e-05,6.982735183392409e-09,9.064096968651058e-07,9.476447630443895e-08,4.2447544261478784e-08
dataset_0016,sigma2_w,0.0957900360226631,0.1289452761411667,0.0486291255801916,0.0236508540809154,0.4965859629213804,0.0929553210735321,0.0998362990059413,0.0604340048732431,0.0812972250153996,0.0406092398760108,0.268679775709034,0.0929553210735321,-0.004046262983278204,0.004046262983278204,-0.032668099435208,0.032668099435208,2.0736352774069595,1.0,50.9445950760696,0.0084670537730691,10000,0.002834714949130998,0.006880977932409202,-0.004046262983278204,8.035608842826758e-06,4.734785730630241e-05,1.637224412984743e-05,-5.568449259332309e-05,7.169099959604369e-05,1.6626884239121732e-06
dataset_0016,eta,0.2093748599290847,0.1537311673164367,0.182955764234066,0.0090492550050839,0.5963888943195337,0.0960537642240524,0.126587929168787,0.0758581068731489,0.124113588415606,0.0054475842424067,0.262180757117758,0.0960537642240524,0.0827869307602977,0.0827869307602977,0.058842175818460005,0.058842175818460005,2.2877434681945603,0.9859711515954899,2282.499502652,0.0015878031324458,10000,0.1133210957050323,0.0305341649447346,0.0827869307602977,0.012841670731789089,0.0009323352288722592,0.006853675904710325,0.005055659598206505,2.521118787404695e-06,2.363327180447426e-06
dataset_0016,rho,0.5854106545448303,0.2238755077123642,0.5699669122695923,0.199489014595747,0.9611293762922288,0.7654637098312378,0.693498505877496,0.11824562139668,0.697005506030865,0.456274895626922,0.900265549743891,0.765463709831238,-0.10808785133266563,0.10808785133266563,-0.1270385937612727,0.1270385937612727,1.7154423288735,1.0,69.0066467936973,0.0142344144189917,10000,-0.18005305528640747,-0.07196520395374206,-0.10808785133266563,0.032419102717970105,0.005178990580103692,0.011682983605712427,0.015557128532154066,0.0002026185538515988,5.012024295346884e-06
dataset_0017,beta0,-0.7333064675331116,0.0565283894538879,-0.7337395250797272,-0.8210008800029754,-0.6670181423425675,-0.7486217617988586,-0.691577550829667,0.0281643492082542,-0.691453881432778,-0.745604148703058,-0.635787651787985,-0.748621761798859,-0.041728916703444585,0.041728916703444585,-0.0422856436469492,0.0422856436469492,1.402182203822173,0.7156120306884792,242.542154158667,0.0018084483316104,10000,0.01531529426574707,0.05704421096919199,-0.041728916703444585,0.0002345582384464251,0.0032540420050976835,0.0017413024892430165,-0.0047607862558942645,3.2704853681044393e-06,3.1954588142504247e-07
dataset_0017,sigma2_w,0.8950785994529724,0.1210721880197525,0.8902505338191986,0.6822743833065033,1.1487853467464446,0.831954836845398,1.02863092408617,0.161399195008624,1.01467018001605,0.761321546653659,1.36875715078926,0.831954836845398,-0.13355232463319755,0.13355232463319755,-0.12441964619685142,0.12441964619685142,0.7680006905485898,0.83055668667617,1177.20045693576,0.0047040957528471,10000,0.06312376260757446,0.196676087240772,-0.13355232463319755,0.003984609405737416,0.038681483292339766,0.017836223414930984,-0.052533097301533334,2.2128516851954124e-05,1.4658474711890302e-06
dataset_0017,eta,0.4088305532932281,0.200480043888092,0.4499064236879349,0.0206598934717476,0.6804374173283577,0.3590049147605896,0.29614371870892,0.171506861239928,0.269660330171612,0.0184823968296489,0.633608397174592,0.35900491476059,0.11268683458430812,0.11268683458430812,0.18024609351632287,0.18024609351632287,1.0725892312902199,0.9964600803073231,1366.10347886893,0.0046402320594759,10000,0.049825638532638494,-0.06286119605167001,0.11268683458430812,0.0024825942551851498,0.003951529969046493,0.01269832268863122,-0.014167258402492602,2.1531753565787954e-05,4.01922479973713e-06
dataset_0017,rho,0.0708485841751098,0.0570131801068782,0.0577030610293149,0.0034983330580871,0.20814073048532,0.0482136011123657,0.174112611732769,0.0666567884204428,0.168291649032079,0.0576810070631578,0.322652139888265,0.0482136011123657,-0.10326402755765922,0.10326402755765922,-0.1105885880027641,0.1105885880027641,0.7723195928754474,0.7352324118254281,815.217969006342,0.0023345732944599,10000,0.022634983062744092,0.12589901062040332,-0.10326402755765922,0.000512342458250712,0.01585056087519643,0.010663459387429002,-0.026001677804374717,5.4502324672053505e-06,3.250502705899332e-07
dataset_0018,beta0,-0.1151948347687721,0.0173603147268295,-0.115132238715887,-0.1407922804355621,-0.0890622194856405,-0.11409642547369,-0.119599530030168,0.00637792277428,-0.119552706825638,-0.132211950668938,-0.107478739258023,-0.11409642547369,0.004404695261395905,0.004404695261395905,0.004420468109750997,0.004420468109750997,2.091522208357165,1.0,888.217090809723,0.0002140029172595,10000,-0.0010984092950820923,-0.005503104556477997,0.004404695261395905,1.2065029795227389e-06,3.0284159759528896e-05,1.940134034576354e-05,-4.8478997125769695e-05,4.5797248595576396e-08,3.013805274145732e-08
dataset_0018,sigma2_w,0.1873200088739395,0.2043985575437545,0.1108105070888996,0.0211127895861864,0.7768973886966702,0.1011557877063751,0.250755325832535,0.196071561049687,0.188719974686611,0.0478128709819061,0.816179201018803,0.101155787706375,-0.06343531695859553,0.06343531695859553,-0.0779094675977114,0.0779094675977114,0.9836253484378877,0.9646723664028823,39.8690884849368,0.0310524916182653,10000,0.08616422116756439,0.14959953812616,-0.06343531695859553,0.007424273009412952,0.0223800218075604,0.0040240394376374776,-0.018979788235784913,0.0009642572357024368,4.177877032596752e-06
dataset_0018,eta,0.197743073105812,0.1358442157506942,0.1808582246303558,0.007911585830152,0.5049654081463812,0.1685462892055511,0.132160389591657,0.0811645603530791,0.127749113338823,0.0069129685114844,0.281535993324259,0.168546289205551,0.065582683514155,0.065582683514155,0.05310911129153281,0.05310911129153281,1.8099495577805165,0.9963636795591031,953.740978787419,0.002628156477043,10000,0.029196783900260898,-0.03638589961389402,0.065582683514155,0.0008524521901185339,0.001323933690712373,0.004301088376917818,-0.004772569877511652,6.907206467823073e-06,1.845365095292115e-06
dataset_0018,rho,0.8319913148880005,0.1560507267713546,0.8904382884502411,0.4330695994198322,0.985671091079712,0.8894608616828918,0.923033149378422,0.0590939289897385,0.939812762002299,0.750508158451062,0.986462652783434,0.889460861682892,-0.09104183449042147,0.09104183449042147,-0.04937447355205793,0.04937447355205793,2.3419833270116484,0.996645278124658,33.0164229385138,0.0102843738726077,10000,-0.05746954679489136,0.03357228769553,-0.09104183449042147,0.0033027488088102075,0.001127098501111435,0.008288615627381295,-0.006112965319682511,0.00010576834595157592,2.435182932586797e-06
dataset_0019,beta0,0.1525915116071701,0.0123627334833145,0.1527195423841476,0.1283994644880294,0.1763119678944349,0.1495402157306671,0.150150287013271,0.0034534995188785,0.15014164688075,0.14325582422293,0.156796549205556,0.149540215730667,0.002441224593899116,0.002441224593899116,0.002577895503397598,0.002577895503397598,3.538400157146808,1.0,513.992341407278,0.0001523284685408,10000,0.0030512958765030185,0.0006100712826039856,0.002441224593899116,9.310406525964324e-06,3.72186969858072e-07,5.959577517857905e-06,2.9786420382488553e-06,2.32039623279855e-08,1.5283717917946548e-08
dataset_0019,sigma2_w,0.127604603767395,0.2090204358100891,0.0390310380607843,0.0027542466879822,0.7458433076739311,0.2740609049797058,0.160249639126862,0.157844584872673,0.0944824472063045,0.014822306374784,0.58504395790665,0.274060904979706,-0.032645035359467,0.032645035359467,-0.0554514091455202,0.0554514091455202,1.3031582701037134,1.0,13.3535736210413,0.0431947470111447,10000,-0.14645630121231082,-0.11381126585284398,-0.032645035359467,0.021449448164791114,0.012953004235026731,0.0010656983336208507,0.007430745596143582,0.0018657861693567941,4.368954258623958e-06
dataset_0019,eta,0.4262915551662445,0.1634618192911148,0.4598113447427749,0.0458539647050201,0.6416372865438461,0.6118613481521606,0.598952612859375,0.0173944550614557,0.597066145053289,0.578056114873229,0.635868519587506,0.611861348152161,-0.17266105769313045,0.17266105769313045,-0.13725480031051412,0.13725480031051412,10.305458227924143,1.0,300.294024618718,0.0010037775594881,10000,-0.18556979298591614,-0.012908735292786022,-0.17266105769313045,0.03443614806883577,0.00016663544685921943,0.02981184084371052,0.004457671778266153,1.007569388931886e-06,2.6719766365961074e-06
dataset_0019,rho,0.8486188650131226,0.2077531516551971,0.95173442363739,0.247761583328247,0.9981363952159882,0.9935389757156372,0.972059064705634,0.0317018559116456,0.980898071563504,0.866135697761753,0.99697962673876,0.993538975715637,-0.12344019969251141,0.12344019969251141,-0.029163647926113923,0.029163647926113923,5.7348844364005895,1.0,12.1086380040599,0.0091103914900333,10000,-0.14492011070251465,-0.021479911010003017,-0.12344019969251141,0.0210018384860291,0.0004613865769976488,0.015237482900127094,0.005302969008904293,8.299923310167115e-05,4.3161372022667325e-06
dataset_0020,beta0,0.0790218263864517,0.0245833918452262,0.0798175856471061,0.0369362991303205,0.1181870566681027,0.0437723658978939,0.0854915753935933,0.0184736762475141,0.0863912280284658,0.0483365425316575,0.119041369071407,0.0437723658978939,-0.006469749007141604,0.006469749007141604,-0.006573642381359698,0.006573642381359698,1.1491543295435975,0.987917198229402,246.278466370302,0.0011771725002861,10000,0.035249460488557795,0.0417192094956994,-0.006469749007141604,0.001242524464734397,0.0017404924409460548,4.185765221540977e-05,-0.0005398256284270675,1.3857350954298282e-06,6.043431546159341e-08
dataset_0020,sigma2_w,1.138811469078064,0.1317408233880996,1.131505846977234,0.9013101294636726,1.4176037937402723,0.90309739112854,1.19857586600109,0.125923636719452,1.19118418871476,0.969880166601846,1.46330854702088,0.90309739112854,-0.05976439692302593,0.05976439692302593,-0.05967834173752595,0.05967834173752595,1.0463396204291042,0.9073730756188085,1481.27948066545,0.0032718151145795,10000,0.23571407794952393,0.29547847487254986,-0.05976439692302593,0.05556112654359424,0.08730752911300808,0.0035717831395729914,-0.03531818570898683,1.0704774143990866e-05,1.7355644546974448e-06
dataset_0020,eta,0.5914298892021179,0.1663650572299957,0.6303545534610748,0.1187354665249586,0.7876515313982964,0.4265533983707428,0.436963743694169,0.192386248266021,0.408220922091971,0.0503082383682114,0.765254160728252,0.426553398370743,0.1544661455079489,0.1544661455079489,0.22213363136910386,0.22213363136910386,0.9356177075116981,0.9665169191678998,1321.40071739362,0.0052924499103844,10000,0.16487649083137512,0.010410345323425996,0.1544661455079489,0.027184257228868525,0.0001083752897529775,0.023859790108082844,0.0032160918310326306,2.8010026053927846e-05,2.7677332267139745e-06
dataset_0020,rho,0.1662878543138504,0.0742290169000625,0.1608539745211601,0.0376128564588725,0.3253082625567912,0.0735349655151367,0.160003989385192,0.0523033919103524,0.156541506322375,0.0648272851835686,0.269028942556219,0.0735349655151367,0.0062838649286584,0.0062838649286584,0.0043124681987850855,0.0043124681987850855,1.4088788984356742,1.0,1199.14052244865,0.0015104098682422,10000,0.0927528887987137,0.0864690238700553,0.0062838649286584,0.008603098380506548,0.0074768920890401925,3.9486958441623045e-05,0.001086719333024733,2.28133797008342e-06,5.509946949949765e-07
dataset_0021,beta0,0.1556981056928634,0.0208292752504348,0.1559806019067764,0.125380440056324,0.1851585555821657,0.1461036503314972,0.1550437378384,0.0117780098304114,0.155166072566321,0.131566543318436,0.177619357800916,0.146103650331497,0.0006543678544634057,0.0006543678544634057,0.0008145293404553944,0.0008145293404553944,1.2980339246927732,1.0,442.008180243466,0.0005602176133557,10000,0.009594455361366216,0.008940087506903005,0.0006543678544634057,9.205357368124893e-05,7.992516463108318e-05,4.281972889550409e-07,1.1700211761214434e-05,3.1384377431395656e-07,4.3385870745837564e-08
dataset_0021,sigma2_w,0.5077320337295532,0.2150517106056213,0.4558630287647247,0.2350585144013166,1.0591729879379272,0.5480124950408936,0.507201188858378,0.176305032190186,0.469415851855737,0.273215256244106,0.970347271592632,0.548012495040894,0.0005308448711752733,0.0005308448711752733,-0.0135528230910123,0.0135528230910123,1.1821498014613496,1.0,150.643677039394,0.0143644583513334,10000,-0.04028046131134033,-0.04081130618251605,0.0005308448711752733,0.0016225155634543853,0.0016655627123230727,2.8179627725309253e-07,-4.332894514590474e-05,0.00020633766372719185,4.62472382344039e-06
dataset_0021,eta,0.1536947935819625,0.0948722958564758,0.1510197892785072,0.006401107518468,0.3414217926561831,0.0736796483397483,0.114828842287375,0.0646575256143006,0.120489865001812,0.0060240197125174,0.249425412389082,0.0736796483397484,0.0388659512945875,0.0388659512945875,0.03052992427669521,0.03052992427669521,1.3764123592460114,0.9984507574019854,2056.40235095799,0.0014258210913196,10000,0.0800151452422142,0.0411491939476266,0.0388659512945875,0.006402423468132634,0.00169325616253939,0.001510562170033248,0.003198605135559981,2.032965784451815e-06,9.000752521078676e-07
dataset_0021,rho,0.6885039210319519,0.1140091121196746,0.6991935670375824,0.4471241258084774,0.8749448850750923,0.7968014478683472,0.738450179045174,0.0711603247398169,0.741999747498917,0.593485934898606,0.86476932039562,0.796801447868347,-0.049946258013222056,0.049946258013222056,-0.04280618046133455,0.04280618046133455,1.5770252884555065,1.0,181.663830729878,0.0052796324243658,10000,-0.10829752683639526,-0.058351268823172986,-0.049946258013222056,0.011728354318879752,0.0034048705732741998,0.0024946286895233486,0.005828855056082156,2.787451853641469e-05,1.2998077646316533e-06
dataset_0022,beta0,-0.5392298102378845,0.0268015917390584,-0.5388999879360199,-0.5852522656321526,-0.4939146861433983,-0.5141009092330933,-0.523480682350789,0.0164570354431595,-0.523169092367542,-0.556819552148807,-0.492277514142771,-0.514100909233093,-0.015749127887095482,0.015749127887095482,-0.015730895568477843,0.015730895568477843,1.415164167580398,0.9746340206909149,462.247667522212,0.0007654454401758,10000,-0.02512890100479126,-0.009379773117696,-0.015749127887095482,0.0006314616657085992,8.798014373945253e-05,0.0002480350292040886,0.0002954464927650692,5.859067218859243e-07,7.183253197471636e-08
dataset_0022,sigma2_w,0.4703890085220337,0.083793431520462,0.457226350903511,0.3493952564895153,0.6606486037373542,0.4116743803024292,0.481992162651025,0.0708067576956746,0.474393697762054,0.37117246762369,0.641645335038177,0.411674380302429,-0.011603154128991322,0.011603154128991322,-0.017167346858542987,0.017167346858542987,1.15077475320605,1.0,488.169305123213,0.0032047154478778,10000,0.05871462821960449,0.07031778234859604,-0.011603154128991322,0.003447407566966376,0.004944590514424524,0.00013463318574112837,-0.0016318161331992504,1.0270201101866608e-05,7.021339165974353e-07
dataset_0022,eta,0.4835299849510193,0.1363962888717651,0.5069608688354492,0.129333271831274,0.6608198419213295,0.6374325752258301,0.542260509963228,0.131443921452384,0.594134478228559,0.11200805155514,0.65481110079203,0.63743257522583,-0.05873052501220877,0.05873052501220877,-0.08717360939310981,0.08717360939310981,0.9791517767581742,0.9886944629131807,188.684146421147,0.009569137641207,10000,-0.1539025902748108,-0.09517206526260191,-0.05873052501220877,0.023686007293296285,0.009057722006348959,0.00344927456820968,0.011179010718737614,9.156839519636469e-05,1.8603947617989996e-06
dataset_0022,rho,0.2695684432983398,0.1024312376976013,0.2602198123931885,0.0944535851478576,0.5006427988409995,0.3700561821460724,0.308072864925269,0.0868599629605901,0.308580971328514,0.137322775620992,0.470941250541,0.370056182146072,-0.038504421626929186,0.038504421626929186,-0.0483611589353255,0.0483611589353255,1.2175261390740852,1.0,328.221318310769,0.0047944218846805,10000,-0.1004877388477326,-0.061983317220803025,-0.038504421626929186,0.010097785658730107,0.003841931613694697,0.001482590484824332,0.004773263560211001,2.2986481208303317e-05,1.0492158456262498e-06
dataset_0023,beta0,0.0264467801898717,0.0205016359686851,0.0264371456578373,-0.0004306848946725,0.0522315443493425,0.0370460525155067,0.0258864679427354,0.0084758812508447,0.0258607845594056,0.0091815844085437,0.0429581443455747,0.0370460525155067,0.0005603122471363013,0.0005603122471363013,0.0005763610984317012,0.0005763610984317012,1.5591353690900494,1.0,529.296698872115,0.0003684132751022,10000,-0.010599272325635001,-0.011159584572771303,0.0005603122471363013,0.00011234457383297202,0.00012453632783683525,3.139498142909316e-07,-1.250570381815418e-05,1.357283412715293e-07,4.203170773924827e-08
dataset_0023,sigma2_w,0.317088782787323,0.2211720496416092,0.25091053545475,0.0792698863893747,0.8846039906144142,0.0874185636639595,0.242791039270806,0.155621282998418,0.199141104895294,0.0850676298341527,0.659849008863299,0.0874185636639595,0.074297743516517,0.074297743516517,0.051769430559456014,0.051769430559456014,1.4011137688303612,1.0,51.7344535363111,0.0216361039060516,10000,0.2296702191233635,0.1553724756068465,0.074297743516517,0.0527484095521738,0.024140606176200112,0.005520154691646143,0.02308764868432755,0.00046812099223346123,4.891707554267044e-06
dataset_0023,eta,0.495823472738266,0.098914660513401,0.495435819029808,0.3075211077928543,0.6710181877017021,0.5000772476196289,0.548624734386735,0.056587273532586,0.537755843446294,0.435311348563209,0.678267710749259,0.500077247619629,-0.05280126164846899,0.05280126164846899,-0.042320024416486024,0.042320024416486024,1.4961414331290108,0.9701612133869317,105.847427147119,0.0055002017057186,10000,-0.004253774881362915,0.04854748676710596,-0.05280126164846899,1.8094600741314082e-05,0.0023568584714023285,0.002787973231670082,-0.005126737102331096,3.0252218803589794e-05,9.784110064481371e-07
dataset_0023,rho,0.8402562737464905,0.1124926507472992,0.8728979527950287,0.5568214565515518,0.9685486972332,0.7527434825897217,0.849595941200728,0.0781554875843887,0.866467002165244,0.677320081060978,0.960879640508015,0.752743482589722,-0.009339667454237532,0.009339667454237532,0.006430950629784715,0.006430950629784715,1.4519956283066175,1.0,56.5821634337952,0.010390099401279,10000,0.0875127911567688,0.096852458611006,-0.009339667454237532,0.007658488616048231,0.00938039873899663,8.72293881557438e-05,-0.0018091395111042008,0.00010795416556845823,1.2654596472153834e-06
dataset_0024,beta0,0.6369284391403198,0.0534523762762546,0.6370519399642944,0.6080737873911858,0.6721728399395942,0.6333185434341431,0.632025213531253,0.0065930488034249,0.63207400271081,0.61909848065738,0.644819673047985,0.633318543434143,0.0049032256090668636,0.0049032256090668636,0.004977937253484388,0.004977937253484388,2.4920715795361588,1.0,572.615392989403,0.00027552104772,10000,0.003609895706176758,-0.0012933299028899947,0.0049032256090668636,1.3031347009473393e-05,1.672702237709443e-06,2.4041621373409116e-05,-1.2682976601644363e-05,7.591184773672653e-08,2.857156529578305e-07
dataset_0024,sigma2_w,0.2191248834133148,0.175915241241455,0.1565553173422813,0.0628144819289446,0.720981615781784,0.107297733426094,0.0955466986814289,0.0297984183952617,0.0882778389586904,0.0605046039740776,0.177316862219341,0.107297733426094,0.12357818473188589,0.12357818473188589,0.06827747838359091,0.06827747838359091,5.634401249832248,0.980225722971496,132.785980933868,0.0025859320011506,10000,0.11182714998722079,-0.011751034744665101,0.12357818473188589,0.012505311474264376,0.0001380868175703264,0.015271567741628116,-0.002904343084934067,6.687044314574747e-06,3.094617210103931e-06
dataset_0024,eta,0.1450375616550445,0.0957211256027221,0.1351150795817375,0.0072641047067008,0.3484824091196059,0.1866455525159835,0.133419234360227,0.0716760578953439,0.138701938536083,0.0076060181422456,0.2446783449226,0.186645552515984,0.011618327294817488,0.011618327294817488,-0.0035868589543455176,0.0035868589543455176,1.4393004407007026,1.0,1595.83551676619,0.0017942379919007,10000,-0.041607990860939,-0.053226318155756985,0.011618327294817488,0.0017312249034839831,0.0028330409444178657,0.00013498552912950105,-0.001236801570063342,3.2192899715798563e-06,9.162533886652099e-07
dataset_0024,rho,0.7313680052757263,0.1490334421396255,0.7507814466953278,0.4239569306373596,0.9477399811148643,0.6574814915657043,0.567777180993637,0.084738620310978,0.558909348458699,0.423258247127578,0.754117709901633,0.657481491565704,0.16359082428208926,0.16359082428208926,0.19187209823662876,0.19187209823662876,1.5830982922051042,0.9978882770831954,103.724579908475,0.0083203299004909,10000,0.07388651371002197,-0.08970431057206696,0.16359082428208926,0.005459216908221265,0.008046863335209844,0.026761957789293408,-0.029349604216281935,6.922788965300291e-05,2.22109668759851e-06
dataset_0025,beta0,0.2929714620113373,0.0227318778634071,0.2931444197893142,0.2588918022811413,0.3291092850267886,0.3001773953437805,0.285899143571146,0.0148088066109186,0.285757153438669,0.257830360802832,0.315322629699212,0.300177395343781,0.007072318440191294,0.007072318440191294,0.0073872663506452385,0.0073872663506452385,1.2213378266946182,0.9815376658690868,494.101146702744,0.0006662115086938,10000,-0.007205933332443237,-0.014278251772635031,0.007072318440191294,5.19254751916165e-05,0.0002038684736827554,5.001768811946982e-05,-0.00020196068661060152,4.4383777431606913e-07,5.167382711968577e-08
dataset_0025,sigma2_w,0.4171265661716461,0.2243615537881851,0.3553154468536377,0.1588798806071281,1.0043132424354553,0.2831803262233734,0.381378699193477,0.180555433021451,0.335579064188639,0.159020103262527,0.836771579979929,0.283180326223373,0.03574786697816912,0.03574786697816912,0.01973638266499872,0.01973638266499872,1.2474091032941306,1.0,165.640589915332,0.0140290149126893,10000,0.1339462399482727,0.09819837297010398,0.03574786697816912,0.017941595196280247,0.009642920453975646,0.001277909993488874,0.007020764748815829,0.00019681325942045878,5.033810681824867e-06
dataset_0025,eta,0.2394622862339019,0.1467030793428421,0.2368954345583915,0.0112023278139531,0.5576793193817132,0.0968709737062454,0.125897708889159,0.0718579194927121,0.127765683957159,0.00671490390648,0.234822106662903,0.0968709737062454,0.1135645773447429,0.1135645773447429,0.10912975060123248,0.10912975060123248,2.395702480957158,0.9803275659284426,1748.7187333001,0.0017183619903088,10000,0.1425913125276565,0.0290267351829136,0.1135645773447429,0.020332282408359808,0.0008425513553789941,0.012896913227490092,0.006592817825490723,2.9527679297380206e-06,2.1521793488672224e-06
dataset_0025,rho,0.6841284036636353,0.1444303840398788,0.7022605240345001,0.3708367854356765,0.9049382388591766,0.6748173832893372,0.645813424301384,0.122765932677739,0.652383842328317,0.392094291656766,0.851625224565206,0.674817383289337,0.038314979362251256,0.038314979362251256,0.04987668170618309,0.04987668170618309,1.1622753011273737,1.0,171.044796945231,0.0093869160464416,10000,0.009311020374298096,-0.02900395898795305,0.038314979362251256,8.669510041059425e-05,0.0008412296369748625,0.0014680376435297396,-0.0022225721800940056,8.811419286294278e-05,2.0860135833906874e-06
dataset_0026,beta0,0.2203554660081863,0.0318231843411922,0.2211554571986198,0.1813354112207889,0.2612196579575538,0.2293042242527008,0.224512919074627,0.0189006873873746,0.224831221013676,0.186204689091176,0.261466487152355,0.229304224252701,-0.004157453066440692,0.004157453066440692,-0.0036757638150562155,0.0036757638150562155,1.061418259922895,0.996720392002852,426.279693392047,0.0009154408257594,10000,-0.008948758244514493,-0.004791305178073996,-0.004157453066440692,8.008027411876612e-05,2.2956605309438683e-05,1.728441599965711e-05,3.98392528096738e-05,8.380319054670521e-07,1.0127150616135003e-07
dataset_0026,sigma2_w,0.4145906865596771,0.1903986483812332,0.3607156723737716,0.2020331356674432,0.9277033418416976,0.3439033627510071,0.379404172122478,0.148770087675392,0.343760531754176,0.203295407737092,0.760559508829647,0.343903362751007,0.03518651443719911,0.03518651443719911,0.016955140619595632,0.016955140619595632,1.3022016037845028,1.0,253.301738216539,0.0093475228172843,10000,0.07068732380867004,0.03550080937147099,0.03518651443719911,0.004996697747231771,0.0012603074660295223,0.0012380907982392215,0.002498299482963035,8.737618281965061e-05,3.625164530540047e-06
dataset_0026,eta,0.2174080610275268,0.1562045067548751,0.1915159597992897,0.0092576193856075,0.5889615759253501,0.3103667795658111,0.290398690100333,0.144512970810691,0.328463539662143,0.0177410988969009,0.497125310208523,0.310366779565811,-0.07299062907280618,0.07299062907280618,-0.13694757986285327,0.13694757986285327,1.209267937618638,1.0,1056.1197629069,0.004446827106454,10000,-0.0929587185382843,-0.01996808946547801,-0.07299062907280618,0.008641323352279962,0.00039872459690133396,0.005327631932443979,0.002914966822934628,1.977427131469405e-05,2.4399847930533823e-06
dataset_0026,rho,0.5030878186225891,0.1602146923542022,0.4992916733026504,0.207902155816555,0.807806272804737,0.5120353102684021,0.531852434795447,0.118361539049481,0.52861895514291,0.305531224760932,0.771778710406256,0.512035310268402,-0.02876461617285786,0.02876461617285786,-0.029327281840259622,0.029327281840259622,1.2866645621860382,1.0,289.677299459645,0.0069542992059307,10000,-0.008947491645812988,0.019817124527044983,-0.02876461617285786,8.005760675189322e-05,0.00039271842452040783,0.0008274031435718359,-0.0011400639613403526,4.836227744560837e-05,2.566874764615165e-06
dataset_0027,beta0,0.2511912286281585,0.0185094010084867,0.2517973184585571,0.2249059550464153,0.2767313152551651,0.2480820119380951,0.253016157298727,0.0093485262761053,0.25296774137079,0.23511753142978,0.271229829648988,0.248082011938095,-0.001824928670568493,0.001824928670568493,-0.0011704229122329046,0.0011704229122329046,1.4351166434814182,1.0,320.55548936965,0.0005221455052678,10000,0.003109216690063421,0.004934145360631997,-0.001824928670568493,9.667228425768935e-06,2.4345790439846262e-05,3.3303646526628876e-06,-1.8008926666739698e-05,2.726359286713662e-07,3.425979256929684e-08
dataset_0027,sigma2_w,0.3650282621383667,0.1229732111096382,0.3331250995397568,0.2331258866935968,0.691745541989803,0.2808665931224823,0.286876610147041,0.0447660300988996,0.280740650066774,0.218133782879082,0.39439563816743,0.280866593122482,0.07815165199132568,0.07815165199132568,0.052384449472982764,0.052384449472982764,2.601922319187819,0.9149441392751193,461.252418077585,0.0020843913125144,10000,0.0841616690158844,0.006010017024559,0.07815165199132568,0.007083186531539276,3.6120304635489015e-05,0.006107680708973278,0.0009393855179305552,4.344687143685503e-06,1.5122410650615644e-06
dataset_0027,eta,0.4962003827095032,0.113251656293869,0.4936339557170868,0.2626519672572613,0.7051076084375381,0.2664403021335602,0.449777675820871,0.180657857887127,0.344101284597908,0.246217089780652,0.716846624251362,0.26644030213356,0.04642270688863215,0.04642270688863215,0.14953267111917878,0.14953267111917878,0.940135730491035,1.0,19.5884996358996,0.0408184275107895,10000,0.229760080575943,0.183337373687311,0.04642270688863215,0.05278969462626382,0.03361259259056072,0.0021550677148678547,0.01702203432083532,0.001666144024453577,1.282593765330464e-06
dataset_0027,rho,0.5165578126907349,0.1216079965233802,0.5091888308525085,0.300750008970499,0.7757112935185432,0.3206974864006042,0.388100542108999,0.0829878833646067,0.37927644971664,0.244049597593773,0.563099588479734,0.320697486400604,0.12845727058173584,0.12845727058173584,0.12991238113586856,0.12991238113586856,1.4886735562321676,0.8222836138647857,159.133640796974,0.0065786031456573,10000,0.19586032629013067,0.067403055708395,0.12845727058173584,0.03836126741447645,0.004543171918828999,0.016501270365309295,0.01731682513033822,4.3278019348052126e-05,1.4788504818430449e-06
dataset_0028,beta0,0.2011578679084777,0.0179607961326837,0.2013536319136619,0.177894427254796,0.2243383981287479,0.2021855562925338,0.201702541259847,0.0030953105675803,0.201685193017352,0.195524694857267,0.207696223703251,0.202185556292534,-0.0005446733513692903,0.0005446733513692903,-0.0003315611036900923,0.0003315611036900923,3.815787766815844,1.0,429.002324746934,0.0001494425975272,10000,-0.0010276883840560913,-0.00048301503268702306,-0.0005446733513692903,1.0561434147238202e-06,2.3330352180164595e-07,2.9666905969185434e-07,5.261708332307763e-07,2.2333089955676686e-08,3.2259019771982566e-08
dataset_0028,sigma2_w,0.1335531324148178,0.2231147438287735,0.0436751842498779,0.0011559997830772,0.7428836926817893,0.0206008907407522,0.103881484780054,0.193988244677777,0.0311484777026486,0.0044269231580072,0.749270648579395,0.0206008907407522,0.029671647634763806,0.029671647634763806,0.012526706547229302,0.012526706547229302,0.9958165284658701,0.9955901290915173,14.8444448981975,0.050349299457713,10000,0.11295224167406562,0.0832805940393018,0.029671647634763806,0.012758208899196526,0.00693565734353899,0.0008804066733615846,0.004942144882295948,0.0025350519558824587,4.978018891377922e-06
dataset_0028,eta,0.2132338434457779,0.162420853972435,0.1791111752390861,0.0073148124618455,0.6324565991759299,0.3644108176231384,0.361911812089085,0.0771868078844225,0.373560344496107,0.219546612464922,0.528687810139693,0.364410817623138,-0.14867796864330712,0.14867796864330712,-0.19444916925702088,0.19444916925702088,2.022188538493529,1.0,23.7911695878975,0.0158246890262404,10000,-0.15117697417736053,-0.002499005534052967,-0.14867796864330712,0.022854477521422334,6.245028659227356e-06,0.022105138359900217,0.000743094132862756,0.0002504207827772134,2.6380533805135053e-06
dataset_0028,rho,0.9071838855743408,0.1512888818979263,0.9766561985015868,0.4406443558633328,0.998993243277073,0.9356641173362732,0.937722595639387,0.0720796401491546,0.964735266686034,0.734132926643667,0.998604258815712,0.935664117336273,-0.03053871006504616,0.03053871006504616,0.01192093181555276,0.01192093181555276,2.1111886979512797,1.0,12.5355358212762,0.0203582835384508,10000,-0.028480231761932373,0.0020584783031140086,-0.03053871006504616,0.0008111236012133816,4.237332924391128e-06,0.0009326128124369516,-0.00012572654414797383,0.00041445970863195677,2.2888325785924693e-06
dataset_0029,beta0,-0.6980448365211487,0.0201748572289943,-0.695905476808548,-0.7390980154275895,-0.6651082128286362,-0.6756287813186646,-0.681971144613973,0.0069698481465448,-0.682007216912036,-0.695500976024575,-0.668249491175997,-0.675628781318665,-0.01607369190717567,0.01607369190717567,-0.013898259896511944,0.013898259896511944,2.715074169722321,1.0,779.984907738675,0.0002495630107924,10000,-0.02241605520248413,-0.006342363295308018,-0.01607369190717567,0.0005024795308408159,4.0225572169670376e-05,0.0002583635715268046,0.000203890387144321,6.228169635576757e-08,4.070248642103036e-08
dataset_0029,sigma2_w,0.1385071873664856,0.1987111121416092,0.0544542036950588,0.0098213608609512,0.6836367502808559,0.2991552352905273,0.184511935219968,0.177145590672801,0.116312248716785,0.0333629259138638,0.705433194162599,0.299155235290527,-0.04600474785348241,0.04600474785348241,-0.0618580450217262,0.0618580450217262,1.0025966349853817,0.9675682069100606,20.2721441824792,0.0393441804789693,10000,-0.1606480479240417,-0.114643300070559,-0.04600474785348241,0.025807795301805197,0.013143086251068234,0.002116436825062494,0.010548272225674378,0.001547964537561709,3.948610608855519e-06
dataset_0029,eta,0.378801167011261,0.1598377972841262,0.4006275087594986,0.0322084897197783,0.6076396077871322,0.1843102723360061,0.234488978675283,0.0624999977720497,0.230207000546349,0.0884484318586276,0.349380788303608,0.184310272336006,0.14431218833597798,0.14431218833597798,0.1704205082131496,0.1704205082131496,2.2052884736381397,1.0,49.5907846218478,0.0088752278637249,10000,0.19449089467525488,0.05017870633927701,0.14431218833597798,0.037826708111581085,0.002517902569883399,0.020826007702318777,0.014482797839378952,7.876966963303886e-05,2.554812144064142e-06
dataset_0029,rho,0.78583824634552,0.2253706902265548,0.8803697228431702,0.2059954695403576,0.9921039119362832,0.972737431526184,0.932507228768618,0.0518861426288919,0.944350280607652,0.800318589873408,0.991210684098163,0.972737431526184,-0.146668982423098,0.146668982423098,-0.06398055776448186,0.06398055776448186,4.118077522217169,1.0,42.0981499084615,0.0079968671271344,10000,-0.18689918518066395,-0.04023020275756595,-0.146668982423098,0.034931305421196115,0.0016184692139148667,0.021511790405027032,0.011801045802254218,6.394988384904279e-05,5.079194801319372e-06
dataset_0030,beta0,-0.848950207233429,0.0336401052772998,-0.846601814031601,-0.9081413686275482,-0.7905067071318627,-0.8393305540084839,-0.834611661605448,0.0188874837410484,-0.834157431612728,-0.872397789502566,-0.799651110067312,-0.839330554008484,-0.014338545627980981,0.014338545627980981,-0.012444382418872912,0.012444382418872912,1.6170450996376116,1.0,279.960024967394,0.0011288236290892,10000,-0.009619653224945068,0.0047188924030360235,-0.014338545627980981,9.253772816819605e-05,2.2267945511431098e-05,0.0002055938907256925,-0.00013532410806892968,1.2742427855901117e-06,1.1316566830678137e-07
dataset_0030,sigma2_w,0.2974398136138916,0.0593700781464576,0.2883604317903518,0.216707606241107,0.4320175290107724,0.273970752954483,0.291071865450564,0.0452553867057742,0.285826324352892,0.217924671015549,0.393504824446709,0.273970752954483,0.006367948163327586,0.006367948163327586,0.0025341074374597983,0.0025341074374597983,1.2262771079880752,1.0,836.572821109525,0.0015646543245317,10000,0.023469060659408625,0.01710111249608104,0.006367948163327586,0.0005507968082350016,0.00029244804860361907,4.055076381082717e-05,0.00021779799582055537,2.4481431552757506e-06,3.524806179116483e-07
dataset_0030,eta,0.3000832200050354,0.1789814680814743,0.295492947101593,0.0149930825224146,0.6596996009349821,0.664673924446106,0.339849781845928,0.189554466627299,0.360778853163008,0.0175057751934897,0.670699485659576,0.664673924446106,-0.03976656184089261,0.03976656184089261,-0.06528590606141499,0.06528590606141499,0.9870066231233875,0.996102579081623,587.036026942446,0.0078235100530705,10000,-0.36459070444107056,-0.32482414260017795,-0.03976656184089261,0.13292638176483607,0.10551072361594073,0.0015813794406455363,0.025834278708249794,6.120730955049518e-05,3.2034365916599805e-06
dataset_0030,rho,0.2068088799715042,0.0984078273177146,0.1952639073133468,0.0475508905015885,0.4371082462370395,0.2203728705644607,0.191874017861968,0.0737511254290386,0.185220353399826,0.0632944997377477,0.358337041111859,0.220372870564461,0.014934862109536207,0.014934862109536207,0.010043553913520797,0.010043553913520797,1.320343005185465,1.0,667.163836330047,0.0028553043259124,10000,-0.013563990592956487,-0.028498852702493,0.014934862109536207,0.00018398184080581207,0.0008121846053583925,0.00022305010623086026,-0.0008512528707834325,8.152762793574064e-06,9.684100477393135e-07
dataset_0031,beta0,0.4660826027393341,0.0335397720336914,0.4664579778909683,0.4380014903843403,0.4999670125544071,0.4672891795635223,0.461067212374248,0.0097885139754155,0.461430570571044,0.441374537640386,0.479795092666045,0.467289179563522,0.005015390365086081,0.005015390365086081,0.0050274073199243485,0.0050274073199243485,1.6128221502444056,1.0,334.87978853123,0.0005348996292106,10000,-0.001206576824188177,-0.00622196718927398,0.005015390365086081,1.4558276326680267e-06,3.8712875704401955e-05,2.5154140514198293e-05,-6.241118858593289e-05,2.8611761332963737e-07,1.1249163080719877e-07
dataset_0031,sigma2_w,0.366498589515686,0.0460296384990215,0.3614833056926727,0.2927486412227154,0.4626391790807246,0.3228897750377655,0.363773794448149,0.0386702744652361,0.361309309404125,0.29562233908998,0.447061640556731,0.322889775037766,0.002724795067536978,0.002724795067536978,0.00017399628854769533,0.00017399628854769533,1.121839154120169,1.0,740.342011821276,0.0014212191710861,10000,0.04360881447792048,0.040884019410383,0.002724795067536978,0.0019017287001696867,0.0016715030431485739,7.424508160073845e-06,0.00022280114886099535,2.019863932262661e-06,2.1187276203506025e-07
dataset_0031,eta,0.1361870765686035,0.0972891375422477,0.1210251934826374,0.0063707587309181,0.3626459822058677,0.0054991082288324,0.10615909283813,0.0670403020967498,0.102342406376807,0.0052267885680398,0.257315347550655,0.0054991082288324,0.03002798373047348,0.03002798373047348,0.018682787105830406,0.018682787105830406,1.4132939031934388,0.9954620306153713,2430.43682873186,0.0013598587306568,10000,0.1306879683397711,0.1006599846092976,0.03002798373047348,0.01707934506877701,0.01013243250154403,0.0009016798069175801,0.006045232760315399,1.8492157673435235e-06,9.465176283714391e-07
dataset_0031,rho,0.1955027282238006,0.0568384788930416,0.1934664696455001,0.0873724021017551,0.3128154292702674,0.2011357545852661,0.191366643420704,0.0426612070403553,0.188935544994549,0.111915187943982,0.279228906593497,0.201135754585266,0.004136084803096601,0.004136084803096601,0.00453092465095109,0.00453092465095109,1.3474270310180918,1.0,756.882090046658,0.0015506687138409,10000,-0.00563302636146551,-0.009769111164562,0.004136084803096601,3.1730985988965356e-05,9.543553294556992e-05,1.710719749840665e-05,-8.081174445501246e-05,2.4045734600849914e-06,3.230612682874735e-07
dataset_0032,beta0,0.4766451716423034,0.0256455019116401,0.4766565859317779,0.4538840040564537,0.504644650220871,0.4686028063297272,0.470939142407815,0.0063058694455115,0.470941625845381,0.458465950115813,0.483081800595165,0.468602806329727,0.00570602923448843,0.00570602923448843,0.005714960086396881,0.005714960086396881,2.0621122234633265,1.0,565.496480094347,0.0002651734396406,10000,0.008042365312576238,0.002336336078087975,0.00570602923448843,6.46796398209295e-05,5.4584662697755e-06,3.255876962483662e-05,2.6662403926320058e-05,7.031695309082694e-08,6.576917682999361e-08
dataset_0032,sigma2_w,0.2495919466018676,0.1900210529565811,0.1879830509424209,0.0648472698405385,0.7607284456491462,0.6937856674194336,0.401979183191226,0.187336045671831,0.372926238314267,0.138852721383693,0.856021415042969,0.693785667419434,-0.1523872365893584,0.1523872365893584,-0.18494318737184612,0.18494318737184612,0.9703172795482036,0.8936521720721058,36.3937865049257,0.0310532977344085,10000,-0.44419372081756603,-0.29180648422820804,-0.1523872365893584,0.1973080616137538,0.08515102423762742,0.023221869875341094,0.08893516750078564,0.00096430730018182,3.6108000566727792e-06
dataset_0032,eta,0.1402905285358429,0.0901364311575889,0.1318292766809463,0.0060899279196746,0.3212446860969066,0.205787256360054,0.115388944719519,0.0704419516354899,0.110989641197226,0.0065669912275873,0.23861881485917,0.205787256360054,0.024901583816323902,0.024901583816323902,0.020839635483720295,0.020839635483720295,1.3581223075306994,1.0,1280.39387390972,0.0019686095430051,10000,-0.06549672782421109,-0.090398311640535,0.024901583816323902,0.004289821355678788,0.008171854747459285,0.0006200888765614045,-0.0045021222683419015,3.875423532810749e-06,8.124576221826763e-07
dataset_0032,rho,0.790712296962738,0.1267850846052169,0.8183026313781738,0.4999271780252456,0.95704076141119,0.934699535369873,0.871526569347041,0.0600880956729467,0.886975737981973,0.716628225638317,0.948026515509657,0.934699535369873,-0.08081427238430294,0.08081427238430294,-0.06867310660379922,0.06867310660379922,1.9754406294018183,1.0,46.5881782215181,0.0088034028587976,10000,-0.143987238407135,-0.06317296602283207,-0.08081427238430294,0.020732324824113135,0.003990823636121895,0.006530946621004309,0.010210554566986932,7.749990189428577e-05,1.6074457678352007e-06
dataset_0033,beta0,-0.716032087802887,0.0285484548658132,-0.7141030728816986,-0.7634524047374726,-0.6780372768640518,-0.6919237375259399,-0.686088044787506,0.0119662766339002,-0.686148720400835,-0.709421094479702,-0.662849697282966,-0.69192373752594,-0.029944043015381006,0.029944043015381006,-0.027954352480863642,0.027954352480863642,1.8340683985192354,0.6738861083139205,546.546327143962,0.0005118533481865,10000,-0.02410835027694702,0.005835692738434095,-0.029944043015381006,0.0005812125530759715,3.405530973741243e-05,0.000896645712106988,-0.00034948846876843424,2.619938500497304e-07,8.150142752253734e-08
dataset_0033,sigma2_w,0.4036626517772674,0.1938367933034896,0.34844471514225,0.1883966129273176,0.9244462773203848,0.4318880140781402,0.362799600987913,0.139037115163573,0.328232219284503,0.202648659090856,0.749644548683003,0.43188801407814,0.04086305078935443,0.04086305078935443,0.02021249585774698,0.02021249585774698,1.3456219295210485,1.0,68.457686648006,0.0168042695236687,10000,-0.028225362300872803,-0.06908841309022701,0.04086305078935443,0.0007966710770155316,0.00477320882332585,0.0016697889198133596,-0.005646326666123691,0.0002823834742241006,3.757270243817975e-06
dataset_0033,eta,0.2133667469024658,0.1247276812791824,0.2150457799434662,0.0112920793006196,0.4541035011410712,0.248778834939003,0.31027471966281,0.0984341140063901,0.321296065507896,0.0456462678744666,0.476135364073663,0.248778834939003,-0.09690797276034421,0.09690797276034421,-0.10625028556442984,0.10625028556442984,1.0286240133607318,0.9488213217776897,184.600831611901,0.0072448401898214,10000,-0.0354120880365372,0.061495884723807015,-0.09690797276034421,0.001254015979107461,0.003781743837963761,0.009391155184519617,-0.011918883043375916,5.248770937605138e-05,1.555699447728131e-06
dataset_0033,rho,0.6450738310813904,0.1305515021085739,0.6501222848892212,0.3879047900438309,0.8724974662065506,0.6695384979248047,0.620188409823422,0.0983852014023886,0.619957647657041,0.434404122917587,0.818205757263018,0.669538497924805,0.024885421257968332,0.024885421257968332,0.030164637232180214,0.030164637232180214,1.262612330948477,1.0,116.893848106472,0.0090998440824752,10000,-0.024464666843414307,-0.04935008810138297,0.024885421257968332,0.0005985199237592553,0.002435431195614261,0.0006192841911865422,-0.0024561954630415318,8.28071623253589e-05,1.7043694702804979e-06
dataset_0034,beta0,0.1068834438920021,0.0147668085992336,0.1071858666837215,0.0809062076732516,0.1319090895354747,0.1008293405175209,0.102212360745481,0.0089443844443829,0.102455082792779,0.0844135777412331,0.119232337206665,0.100829340517521,0.004671083146521107,0.004671083146521107,0.004730783890942503,0.004730783890942503,1.4648104253357683,1.0,482.579807841036,0.0004071607302037,10000,0.006054103374481201,0.0013830202279599968,0.004671083146521107,3.665216766890467e-05,1.9127449509465213e-06,2.1819017761713526e-05,1.2920404956243441e-05,1.657798602200102e-07,2.180586362063994e-08
dataset_0034,sigma2_w,0.127769261598587,0.0552976205945014,0.1161993704736232,0.0856633529067039,0.2456094756722448,0.1324048191308975,0.120907228815351,0.0195134977010353,0.118381148026498,0.0913497277763437,0.168520055277021,0.132404819130898,0.006862032783236008,0.006862032783236008,-0.0021817775528747974,0.0021817775528747974,2.072637604967235,1.0,395.405915850787,0.0009813265303219,10000,-0.004635557532310486,-0.011497590315546993,0.006862032783236008,2.148839363536048e-05,0.00013219458306416,4.708749391820571e-05,-0.0001577936833470006,9.630017591136187e-07,3.057826843413425e-07
dataset_0034,eta,0.4529742300510406,0.1481890529394149,0.4652765989303589,0.0794392907992005,0.6767120227217674,0.6228089332580566,0.545507811315388,0.104360079798574,0.568435098188124,0.23058786523727,0.68008642680635,0.622808933258057,-0.09253358126434735,0.09253358126434735,-0.1031584992577651,0.1031584992577651,1.328753377625162,0.9924929591035766,191.284970043648,0.0075456034713387,10000,-0.16983470320701605,-0.07730112194266903,-0.09253358126434735,0.028843826413415225,0.005975463453595387,0.008562463661605575,0.014305899298214377,5.693613174667865e-05,2.195999541108071e-06
dataset_0034,rho,0.3673088252544403,0.1423887610435485,0.347254604101181,0.1426267888396978,0.7181507229804991,0.3953833878040313,0.371148681983056,0.0855398157208723,0.367251206993948,0.21886641328578,0.552950274963831,0.395383387804031,-0.003839856728615698,0.003839856728615698,-0.019996602892767,0.019996602892767,1.7226930126167561,1.0,279.413640944042,0.0051173427722726,10000,-0.02807456254959101,-0.024234705820974978,-0.003839856728615698,0.000788181062350898,0.0005873209662291984,1.4744499696295252e-05,0.0001861155964253856,2.6187197048930614e-05,2.0274559271516756e-06
dataset_0035,beta0,-0.9766638875007628,0.0420085415244102,-0.9741544127464294,-1.0539829969406127,-0.9073777318000794,-0.9130726456642152,-0.930771444775465,0.0193531059265938,-0.930860952967456,-0.969750237989386,-0.893480109022184,-0.913072645664215,-0.0458924427252978,0.0458924427252978,-0.043293459778973475,0.043293459778973475,1.922184571152058,0.8177841972199663,415.202751524572,0.000949774624586,10000,-0.06359124183654763,-0.017698799111250052,-0.0458924427252978,0.004043846038314285,0.00031324748998038564,0.002106116299294739,0.0016244822490391892,9.020718375074773e-07,1.7647175610080958e-07
dataset_0035,sigma2_w,0.3682990372180938,0.0491690933704376,0.3649486005306244,0.2839405469596386,0.4743896134197712,0.3039152920246124,0.363294594513001,0.0485519910295671,0.359840858369325,0.278585753558825,0.471482042798977,0.303915292024612,0.005004442705092815,0.005004442705092815,0.005107742161299389,0.005107742161299389,0.9873132718640706,0.9847330802148989,1031.79104446386,0.0015115104957624,10000,0.06438374519348139,0.05937930248838902,0.005004442705092815,0.004145266645139138,0.0035259015640076025,2.5044446788556696e-05,0.0005943206343430362,2.2846639787998963e-06,2.417599742870811e-07
dataset_0035,eta,0.3215968012809753,0.1925838142633438,0.3220675736665725,0.0131547798402607,0.6419609144330025,0.2104420810937881,0.329308253228491,0.178518345088599,0.340946157014826,0.0198833290183708,0.631785065973853,0.210442081093788,-0.007711451947515713,0.007711451947515713,-0.018878583348253486,0.018878583348253486,1.027626000412039,1.0,1539.52669177218,0.0045497678831211,10000,0.1111547201871872,0.11886617213470299,-0.007711451947515713,0.01235537181989188,0.014129166877956841,5.946649113884388e-05,-0.0018332615492037867,2.0700387790280256e-05,3.708852551621811e-06
dataset_0035,rho,0.0556432418525218,0.0465545989573001,0.0447435714304447,0.0025077037804294,0.1687463864684104,0.0660070329904556,0.0599312607037598,0.044237699190475,0.049596840206103,0.0024294430214284,0.163165833608685,0.0660070329904556,-0.004288018851238001,0.004288018851238001,-0.004853268775658302,0.004853268775658302,1.0342317758948147,0.9995131111336079,836.922941586922,0.0015291489637285,10000,-0.0103637911379338,-0.006075772286695799,-0.004288018851238001,0.00010740816675071518,3.69150088797807e-05,1.838710566857247e-05,5.210605220236201e-05,2.3382965532719452e-06,2.1673306840750477e-07
dataset_0036,beta0,-0.0504532419145107,0.0241230446845293,-0.0504015572369098,-0.0822050977498292,-0.0200843079015612,-0.0555886998772621,-0.0503640154241966,0.0099179291306109,-0.0504070780979261,-0.069631348303547,-0.0305571255063523,-0.0555886998772621,-8.922649031409963e-05,8.922649031409963e-05,5.520861016301837e-06,5.520861016301837e-06,1.5898151108645444,1.0,477.826632169188,0.0004537178074273,10000,0.005135457962751402,0.005224684453065502,-8.922649031409963e-05,2.6372928487186784e-05,2.7297327634104366e-05,7.961366573772115e-09,-9.323605134913518e-07,2.0585984877663649e-07,5.8192128485179735e-08
dataset_0036,sigma2_w,0.3847135603427887,0.1907024383544922,0.3316162824630737,0.1711449161171913,0.8947226747870445,0.4194242060184479,0.460197844644191,0.183459316515926,0.415438579335337,0.243366905981565,0.93858141682514,0.419424206018448,-0.0754842843014023,0.0754842843014023,-0.08382229687226334,0.08382229687226334,1.0407978363280452,0.9369133679547667,90.4684994538204,0.0192881723348868,10000,-0.03471064567565918,0.040773638625743014,-0.0754842843014023,0.0012048289232211573,0.0016624896067826825,0.00569787717649493,-0.006155537860056448,0.00037203359202029256,3.6367419994348894e-06
dataset_0036,eta,0.3380996584892273,0.1268189549446106,0.3464793413877487,0.042384388577193,0.5927484691143033,0.3706483542919159,0.335003919996957,0.0138834319301874,0.335659526917586,0.304261756453357,0.358235527238784,0.370648354291916,0.0030957384922702946,0.0030957384922702946,0.010819814470162725,0.010819814470162725,10.196880309235496,1.0,465.553976279497,0.0006434455699321,10000,-0.0325486958026886,-0.035644434294959004,0.0030957384922702946,0.0010594175984559584,0.0012705256962076497,9.583596812523958e-06,-0.00022069169456420795,4.1402220146524496e-07,1.6083047333243173e-06
dataset_0036,rho,0.6492898464202881,0.1409660577774047,0.6586301028728485,0.3621217146515846,0.8833491921424865,0.7414262294769287,0.715448699676249,0.0837491517192788,0.718855986063085,0.545614327272278,0.870237127977141,0.741426229476929,-0.06615885325596094,0.06615885325596094,-0.06022588319023647,0.06022588319023647,1.605640381264487,1.0,113.43957028369,0.0078631784257275,10000,-0.09213638305664062,-0.02597752980068002,-0.06615885325596094,0.008489113082760014,0.0006748320545452186,0.004376993864143773,0.0034372871640710834,6.18295749548264e-05,1.98714294453026e-06
dataset_0037,beta0,0.1540695577859878,0.0147654972970485,0.1543947458267212,0.1288788676261902,0.1780755698680877,0.1393731385469436,0.149499211999925,0.0079026077584704,0.149627949996769,0.133472201209518,0.164531236081015,0.139373138546944,0.004570345786062802,0.004570345786062802,0.004766795829952181,0.004766795829952181,1.583973953004107,1.0,492.563450555722,0.0003560732389318,10000,0.01469641923904419,0.010126073452981,0.004570345786062802,0.0002159847384497482,0.00010253736357516654,2.088806060418201e-05,9.255931427038823e-05,1.2678815148338273e-07,2.1801991042914652e-08
dataset_0037,sigma2_w,0.2133221179246902,0.1929962784051895,0.1425196751952171,0.0451590632088482,0.7520161375403404,0.0948312431573867,0.146910080717415,0.0859013906918195,0.123013528786394,0.0541274217124354,0.374487974440311,0.0948312431573868,0.0664120372072752,0.0664120372072752,0.019506146408823102,0.019506146408823102,2.20644229856826,1.0,52.5739095814811,0.0118471819355841,10000,0.1184908747673035,0.05207883756002819,0.0664120372072752,0.0140400874031208,0.002712205321603803,0.004410558686020506,0.006917323395496468,0.0001403557198148302,3.7247563478253405e-06
dataset_0037,eta,0.5397664904594421,0.1136099398136138,0.5452550649642944,0.2963762141764164,0.7142876848578453,0.5363321304321289,0.440228625453944,0.0707391101894535,0.421392958419362,0.338798647956626,0.557459828520301,0.536332130432129,0.09953786500549816,0.09953786500549816,0.12386210654493246,0.12386210654493246,1.911228456757241,1.0,55.4068022390439,0.009503379003415,10000,0.0034343600273132324,-0.09610350497818504,0.09953786500549816,1.1794828797206947e-05,0.009235883669092037,0.009907786569852776,-0.019131875410147606,9.031421248254908e-05,1.2907218424452948e-06
dataset_0037,rho,0.8010071516036987,0.1484587639570236,0.8417253494262695,0.4375682018697261,0.9730301812291146,0.7695879936218262,0.775636260026587,0.106963313635631,0.796063953980862,0.54663869026924,0.936151803343397,0.769587993621826,0.0253708915771117,0.0253708915771117,0.04566139544540748,0.04566139544540748,1.3746956428073966,1.0,54.177478322792,0.0145320022030322,10000,0.03141915798187256,0.006048266404761082,0.0253708915771117,0.0009871634882898661,3.658152650296155e-05,0.0006436821394175573,0.0003068998223693612,0.0002111790880289327,2.204000459564725e-06
dataset_0038,beta0,1.1631927490234375,0.1000702232122421,1.1652681827545166,1.107261174917221,1.2297299802303314,1.0991218090057373,1.10896593055441,0.0071314946761086,1.10893652137475,1.094923256174,1.12266499009862,1.09912180900574,0.05422681846902755,0.05422681846902755,0.05633166137976664,0.05633166137976664,4.414605289124446,0.5552578372806275,569.815953312378,0.000298753677726,10000,0.0640709400177002,0.009844121548669982,0.05422681846902755,0.004105085354751736,9.690672906498868e-05,0.0029405478412728673,0.0010676307844135389,8.925375995481068e-08,1.0014049573747957e-06
dataset_0038,sigma2_w,0.5006269812583923,0.2247775048017501,0.4504135847091675,0.2092543393373489,1.0385294944047927,0.3677926361560821,0.433187897349078,0.16554334637463,0.398432883026823,0.217054243046692,0.872860246885134,0.367792636156082,0.06743908390931436,0.06743908390931436,0.05198070168234448,0.05198070168234448,1.264512905056807,1.0,103.413239380716,0.0162788476516063,10000,0.13283434510231024,0.06539526119299599,0.06743908390931436,0.01764496323875965,0.004276540186500167,0.004548030038527543,0.008820393013731971,0.0002650008808642079,5.0524926664900795e-06
dataset_0038,eta,0.2636086940765381,0.1114635467529296,0.2844928801059723,0.0229510830715298,0.4434250399470328,0.300166368484497,0.303352927430942,0.0082086768315361,0.302685430217558,0.289692252652235,0.319099889995723,0.300166368484497,-0.03974423335440391,0.03974423335440391,-0.018192550111585715,0.018192550111585715,14.298120993681701,1.0,748.649408155628,0.0003000087458234,10000,-0.03655767440795893,0.003186558946444984,-0.03974423335440391,0.0013364635581183352,1.0154157919168566e-05,0.0015796040849293126,-0.00025329468473014584,9.000524757052942e-08,1.2424122254742524e-06
dataset_0038,rho,0.7675967812538147,0.0984221398830413,0.7829381227493286,0.5462308973073959,0.9144721180200576,0.7007779479026794,0.777168172946206,0.0710976318444056,0.782713039511959,0.627290960122321,0.897130864583687,0.700777947902679,-0.009571391692391296,0.009571391692391296,0.00022508323736958324,0.00022508323736958324,1.3646655465866582,1.0,125.941097591036,0.0063353614599621,10000,0.06681883335113525,0.076390225043527,-0.009571391692391296,0.004464756490406785,0.005835466482200699,9.161153892917711e-05,-0.0014623215307230314,4.013680482837311e-05,9.68691761915695e-07
dataset_0039,beta0,-0.5254979729652405,0.0322939492762088,-0.525443971157074,-0.5732101753354073,-0.4788856439292431,-0.5050309300422668,-0.501993512876859,0.0130219799460182,-0.501828544703238,-0.528124977956567,-0.476710846960265,-0.505030930042267,-0.023504460088381474,0.023504460088381474,-0.023615426453835964,0.023615426453835964,1.8346032419170635,0.9577004040166599,642.132183920654,0.0005138836539039,10000,-0.020467042922973633,0.003037417165407952,-0.023504460088381474,0.00041889984601084507,9.225903036714878e-06,0.0005524596440463176,-0.00014278570107219198,2.640764097496233e-07,1.0428991598543469e-07
dataset_0039,sigma2_w,0.1703176796436309,0.1796833574771881,0.1003271676599979,0.0363957826048135,0.6997250780463217,0.2149268984794616,0.269480562374393,0.200551286517007,0.206460884821176,0.0546304815168459,0.781821452345633,0.214926898479462,-0.0991628827307621,0.0991628827307621,-0.1061337171611781,0.1061337171611781,0.9121803240839265,0.9725103368156,63.7503837260327,0.0251179418498209,10000,-0.04460921883583069,0.05455366389493099,-0.0991628827307621,0.0019899824051430315,0.0029761022443610973,0.009833277311474875,-0.010819397150692904,0.0006309110027709841,3.2286108954274972e-06
dataset_0039,eta,0.4631238281726837,0.1478294134140014,0.4989555478096008,0.0732055604457855,0.6397704586386681,0.5115410089492798,0.456161626368357,0.1111832747645,0.477000730383337,0.219868372109923,0.617053903750821,0.51154100894928,0.0069622018043267175,0.0069622018043267175,0.021954817426263762,0.021954817426263762,1.42644898431276,1.0,187.210689695754,0.008125949890365,10000,-0.04841718077659607,-0.05537938258092301,0.0069622018043267175,0.002344223394353584,0.003066876015044239,4.84722539641702e-05,-0.0007711248746548035,6.603106162072297e-05,2.185353547032774e-06
dataset_0039,rho,0.6386536955833435,0.2483777105808258,0.6845773458480835,0.1090732656419277,0.9673783227801322,0.918123722076416,0.827839456224303,0.13031897110074,0.868571070450441,0.491954957179961,0.968447802175682,0.918123722076416,-0.1891857606409595,0.1891857606409595,-0.18399372460235752,0.18399372460235752,1.801296842444533,0.9977555184578702,59.6567944071085,0.0168724319726174,10000,-0.2794700264930725,-0.09028426585211302,-0.1891857606409595,0.07810349570803865,0.008151248660455022,0.035791252029298413,0.03416099501828521,0.0002846789606706019,6.169148711337247e-06
dataset_0040,beta0,-0.0914543643593788,0.0160321444272995,-0.0912474878132343,-0.1184002336114645,-0.064987457729876,-0.0940398126840591,-0.099712573842068,0.007363027245228,-0.0996653197125207,-0.114121769711471,-0.0853528194357218,-0.0940398126840591,0.008258209482689197,0.008258209482689197,0.008417831899286396,0.008417831899286396,1.8566119156114227,1.0,726.169214460137,0.0002732357306773,10000,0.0025854483246803006,-0.005672761158008896,0.008258209482689197,6.6845430395921735e-06,3.2180219155814434e-05,6.819802385997777e-05,-9.369369997620002e-05,7.465776451875802e-08,2.570296549377904e-08
dataset_0040,sigma2_w,0.2020865082740783,0.1997445076704025,0.1286468803882599,0.030425501614809,0.7301036849617957,0.060955960303545,0.261152157843446,0.257197223040667,0.159040214261066,0.0519457505859934,1.03127364439795,0.060955960303545,-0.05906564956936766,0.05906564956936766,-0.0303933338728061,0.0303933338728061,0.7144473140896095,0.9692426468576739,20.1395419299495,0.0573114611648663,10000,0.14113054797053332,0.20019619753990098,-0.05906564956936766,0.019917831570463004,0.04007851750943505,0.0034887509590513423,-0.02364943689802339,0.003284603580851978,3.989786834449148e-06
dataset_0040,eta,0.3458271920681,0.1891710311174392,0.3475691825151443,0.0202101185452193,0.7556070283055301,0.1946191191673278,0.14144440058848,0.0850218739957142,0.139668604915584,0.0071014621179925,0.289829441297487,0.194619119167328,0.20438279147961996,0.20438279147961996,0.2079005775995603,0.2079005775995603,2.6010758181574665,0.9536350931192963,2166.59714569851,0.0018265921624128,10000,0.15120807290077218,-0.05317471857884798,0.20438279147961996,0.022863881310365233,0.0028275506959396803,0.041772325453001816,-0.02173599483857632,3.3364389277878683e-06,3.578567901403514e-06
dataset_0040,rho,0.8088271617889404,0.1585520654916763,0.861378014087677,0.4104961641132831,0.9790619865059852,0.6822585463523865,0.859609689208915,0.090974617548751,0.872927250603387,0.665518243230982,0.979787502744146,0.682258546352386,-0.05078252741997458,0.05078252741997458,-0.011549236515710049,0.011549236515710049,1.809167792209362,0.9976914183738977,33.3254213431414,0.0157591363823419,10000,0.12656861543655396,0.17735114285652898,-0.05078252741997458,0.016019614413526284,0.03145342787251695,0.00257886509116047,-0.018012678550151023,0.0002483503795172522,2.513875747167681e-06
dataset_0041,beta0,-0.1655738800764084,0.0189633034169673,-0.1654372289776802,-0.1990169368684292,-0.1337690081447363,-0.1861763000488281,-0.162485036556657,0.0100914296250565,-0.162936290187039,-0.181846420858687,-0.141441929714443,-0.186176300048828,-0.0030888435197513886,0.0030888435197513886,-0.0025009387906411995,0.0025009387906411995,1.6148682207321423,1.0,408.080230527337,0.0004995510981074,10000,0.02060241997241971,0.02369126349217099,-0.0030888435197513886,0.0004244597087199586,0.0005612759658554739,9.540954289510147e-06,-0.00014635721142503003,2.495512996203092e-07,3.596068764839636e-08
dataset_0041,sigma2_w,0.5632526874542236,0.2009059786796569,0.5192347168922424,0.3004718050360679,1.0652990102767943,0.6881022453308105,0.762380519591136,0.223623550906946,0.729650252741085,0.436141008028914,1.32829206702587,0.688102245330811,-0.19912783213691232,0.19912783213691232,-0.21041553584884254,0.21041553584884254,0.8572844223271117,0.8226145695874604,109.069649160611,0.0214124115129919,10000,-0.12484955787658691,0.07427827426032496,-0.19912783213691232,0.015587412101979226,0.005517262027092054,0.03965189353154633,-0.029581743456659048,0.00045849136680170815,4.036321226923075e-06
dataset_0041,eta,0.684807538986206,0.0641115680336952,0.6899950802326202,0.5517729297280312,0.7796973526477814,0.6786742210388184,0.677848466412082,0.0262787702912826,0.670201728719839,0.640700175209674,0.758150975843285,0.678674221038818,0.006959072574124092,0.006959072574124092,0.019793351512781276,0.019793351512781276,1.9405948847531744,1.0,85.8111266026263,0.002836829514873,10000,0.006133317947387695,-0.0008257546267360638,0.006959072574124092,3.761758904374801e-05,6.818707035760161e-07,4.8428691091926115e-05,-1.1492972751750037e-05,8.04760169645458e-06,4.1102931557391273e-07
dataset_0041,rho,0.717797040939331,0.102331057190895,0.7294683456420898,0.4933082513511181,0.8801423639059067,0.8172655701637268,0.814079863909072,0.0529658717707478,0.819187465483431,0.700750801537893,0.902845583616995,0.817265570163727,-0.096282822969741,0.096282822969741,-0.08971911984134118,0.08971911984134118,1.9141222181747268,0.8876605349355237,117.394860612968,0.0048884545589934,10000,-0.09946852922439575,-0.003185706254654974,-0.096282822969741,0.009893988306064472,1.0148724340947823e-05,0.009270381999022486,0.000613457582701083,2.3896987975343354e-05,1.0471645265806222e-06
dataset_0042,beta0,0.240091472864151,0.0349427983164787,0.2407964617013931,0.2086347926408052,0.2732185743749141,0.2175422608852386,0.22677542738682,0.0089990474650211,0.226631656410307,0.20958858538349,0.244796421663985,0.217542260885239,0.013316045477331007,0.013316045477331007,0.014164805291086102,0.014164805291086102,1.834358158779785,1.0,930.449053540661,0.0002950191743596,10000,0.02254921197891241,0.009233166501580986,0.013316045477331007,0.0005084669608699269,8.525136364591727e-05,0.00017731706715434756,0.00024589853006964327,8.703631323982006e-08,1.2209991541861067e-07
dataset_0042,sigma2_w,0.2287124991416931,0.2457471638917923,0.1462951898574829,0.0141761758597567,0.9022642135620116,0.3265323340892792,0.1484352878133,0.189433509188542,0.0778604823312051,0.0152690704811422,0.669959526171735,0.326532334089279,0.08027721132839308,0.08027721132839308,0.06843470752627781,0.06843470752627781,1.3565006637609605,1.0,56.5242312594396,0.0251964567362253,10000,-0.09781983494758609,-0.178097046275979,0.08027721132839308,0.009568720109172984,0.0317185578922282,0.0064444306586634815,-0.028594268441718734,0.0006348614320604732,6.039166856085942e-06
dataset_0042,eta,0.2016696631908416,0.1495421677827835,0.1753805801272392,0.0076840111170895,0.5736139684915541,0.1422673463821411,0.149345499797519,0.0932150108624013,0.143625163413491,0.0077005319476662,0.352682693982951,0.142267346382141,0.052324163393322604,0.052324163393322604,0.03175541671374821,0.03175541671374821,1.640461506866495,1.0,1663.3838112729,0.0022855441726294,10000,0.05940231680870048,0.007078153415377986,0.052324163393322604,0.0035286352422412193,5.010025577162704e-05,0.002737818074811121,0.0007407169116584844,5.223712165040208e-06,2.2362859945174176e-06
dataset_0042,rho,0.8957164287567139,0.1222714334726333,0.9432985186576844,0.5262102067470551,0.9928801745176316,0.9817741513252258,0.863467102783787,0.116671807683207,0.899553615096626,0.575509309841894,0.989176460289648,0.981774151325226,0.032249325972926846,0.032249325972926846,0.043744903561058424,0.043744903561058424,1.1281291426342461,1.0,56.6358270050504,0.0155031626530555,10000,-0.08605772256851196,-0.11830704854143903,0.032249325972926846,0.007405931613678973,0.01399655773458641,0.001040019025708094,-0.007630645146615493,0.00024034805224709484,1.4950303443452591e-06
dataset_0043,beta0,0.5438157916069031,0.0433537438511848,0.5436671078205109,0.5093833595514298,0.5838655099272728,0.5187808275222778,0.537360571953621,0.0105191106823757,0.537346124838804,0.516323268767575,0.557447478580182,0.518780827522278,0.006455219653282107,0.006455219653282107,0.006320982981706913,0.006320982981706913,1.8111509185280408,1.0,306.102617319512,0.0006012367288612,10000,0.025034964084625244,0.018579744431342915,0.006455219653282107,0.0006267494267184759,0.00034520690313401807,4.166986077211957e-05,0.00023987266281232716,3.6148560413171614e-07,1.8795471059141442e-07
dataset_0043,sigma2_w,0.4411327242851257,0.0581385903060436,0.4343820661306381,0.3459008999168872,0.5725856497883797,0.4445127546787262,0.601582013337165,0.0859679316584339,0.589944396228654,0.466074184108312,0.803165834855953,0.444512754678726,-0.1604492890520393,0.1604492890520393,-0.1555623300980159,0.1555623300980159,0.672472158146678,0.4698660396892558,517.719648206973,0.0037782366307543,10000,-0.0033800303936005194,0.15706925865843901,-0.1604492890520393,1.1424605461663283e-05,0.02467075201551162,0.025743974357304862,-0.05040330176735482,1.4275072037973603e-05,3.3800956827739865e-07
dataset_0043,eta,0.4905239641666412,0.1483096927404403,0.5260115563869476,0.0945763330906629,0.6703821808099747,0.4833531975746155,0.314983516805007,0.164493403798927,0.330355918254305,0.0246777080881547,0.642675328937774,0.483353197574615,0.17554044736163416,0.17554044736163416,0.19565563813264264,0.19565563813264264,0.9317282596131964,0.9518816073474353,462.202149240808,0.0076512520184392,10000,0.007170766592025701,-0.16836968076960795,0.17554044736163416,5.1419893517311894e-05,0.02834834940245969,0.030814448659922652,-0.059111378168865025,5.854165744966993e-05,2.199576496076381e-06
dataset_0043,rho,0.1732606142759323,0.0799197927117347,0.1671941876411438,0.0346214987337589,0.3462685346603392,0.1975067704916,0.305607270037682,0.077051054754315,0.296300514430055,0.181264878591277,0.473453203546605,0.1975067704916,-0.1323466557617497,0.1323466557617497,-0.1291063267889112,0.1291063267889112,1.0665964698426171,0.5647168006945152,357.900534666777,0.0040728406119237,10000,-0.024246156215667697,0.108100499546082,-0.1323466557617497,0.0005878760912345613,0.011685718002112475,0.017515637291319074,-0.02861347920219699,1.6588030650135022e-05,6.387173267086643e-07
dataset_0044,beta0,-0.7270680665969849,0.0274778548628091,-0.7255104184150696,-0.7766791343688965,-0.6857447177171707,-0.6917901635169983,-0.698531794214144,0.0132433257427727,-0.698454475487708,-0.72454059661239,-0.673430146382371,-0.691790163516998,-0.028536272382840844,0.028536272382840844,-0.027055942927361576,0.027055942927361576,1.7791746353726432,0.7590596193267939,488.892811031087,0.0005989495401571,10000,-0.03527790307998657,-0.0067416306971460616,-0.028536272382840844,0.001244530445720926,4.5449584456702095e-05,0.000814318841507685,0.00038476201975656246,3.587405516544016e-07,7.550325078616019e-08
dataset_0044,sigma2_w,0.2922215163707733,0.0596489235758781,0.2817539125680923,0.2159729290753603,0.4319178260862826,0.3192344009876251,0.272426254703224,0.0413274871102414,0.266794932873293,0.208290795080844,0.375367508676093,0.319234400987625,0.019795261667549302,0.019795261667549302,0.014958979694799313,0.014958979694799313,1.29248949398214,0.9540203189947425,393.232024691825,0.0020840808326839,10000,-0.027012884616851807,-0.046808146284401,0.019795261667549302,0.000729695935323349,0.002191002558581883,0.0003918523844867468,-0.0018531590077452867,4.343392917160418e-06,3.5579940837609467e-07
dataset_0044,eta,0.2800296545028686,0.177182912826538,0.2702491581439972,0.0134386031655594,0.6967195898294448,0.1377638131380081,0.184234810201328,0.109857042659565,0.19008278677182,0.0096446479229375,0.409968373728166,0.137763813138008,0.09579484430154059,0.09579484430154059,0.08016637137217719,0.08016637137217719,1.706821111562909,0.9905227819435619,1487.38301149796,0.0028485017807198,10000,0.1422658413648605,0.04647099706332,0.09579484430154059,0.020239569619251656,0.002159553568059096,0.009176652194756404,0.00890336385643618,8.11396239476387e-06,3.1393784597696568e-06
dataset_0044,rho,0.2722943425178528,0.0978230312466621,0.2604697495698929,0.1126780081540346,0.5032008007168769,0.3390795886516571,0.247367341070066,0.0665001807760295,0.241275281680683,0.13415290256153,0.40817434977767,0.339079588651657,0.024927001447786784,0.024927001447786784,0.019194467889209893,0.019194467889209893,1.425154113045792,1.0,442.628412149031,0.0031608448720835,10000,-0.06678524613380432,-0.091712247581591,0.024927001447786784,0.004460269101152825,0.008411136356467043,0.0006213554011779644,-0.004572222656492197,9.990940305376557e-06,9.569345442285429e-07
dataset_0045,beta0,-1.2348215579986572,0.0629896000027656,-1.2280575037002563,-1.3553519248962402,-1.143737265467644,-1.1410775184631348,-1.16787740612965,0.0291607761019945,-1.16771785985756,-1.22480342006981,-1.11207936582082,-1.14107751846313,-0.06694415186900726,0.06694415186900726,-0.06033964384269641,0.06033964384269641,1.8772804157768497,0.7191557750673446,534.551068171476,0.0012612595786437,10000,-0.09374403953552246,-0.02679988766651986,-0.06694415186900726,0.008787944948437598,0.0007182339789380834,0.004481519469460709,0.0035881915000396804,1.5907757247204838e-06,3.9676897085084083e-07
dataset_0045,sigma2_w,0.3731239140033722,0.0729765519499778,0.3652903586626053,0.2548936352133751,0.5425014391541481,0.279593825340271,0.400488968387433,0.0971430833860988,0.384814392065824,0.26577470016042,0.645540269154504,0.279593825340271,-0.027365054384060783,0.027365054384060783,-0.019524033403218732,0.019524033403218732,0.7573298566865425,0.9621670038227279,475.021255594704,0.0044571306289864,10000,0.0935300886631012,0.12089514304716198,-0.027365054384060783,0.008747877485327571,0.014615635612393757,0.0007488462014426043,-0.00661660432850879,1.9866013443848705e-05,5.325577134507809e-07
dataset_0045,eta,0.4070822894573211,0.2525258064270019,0.3881563246250152,0.0139039146248251,0.823049932718277,0.1424075067043304,0.456037433329549,0.216689986826801,0.482807882106763,0.037090712926196,0.815601396151665,0.14240750670433,-0.04895514387222788,0.04895514387222788,-0.0946515574817478,0.0946515574817478,1.0393512067696449,1.0,1517.61596732457,0.0055623447107799,10000,0.2646747827529907,0.313629926625219,-0.04895514387222788,0.07005274062534284,0.09836373087494024,0.002396606111550531,-0.030707596361147737,3.0939678681541125e-05,6.376928291160764e-06
dataset_0045,rho,0.0808708816766738,0.071665234863758,0.0634014531970024,0.0033991674019489,0.2632222123444076,0.0415993928909301,0.141007801580884,0.109000292320506,0.118091170962901,0.0070797492931852,0.415975150324371,0.0415993928909302,-0.06013691990421019,0.06013691990421019,-0.05468971776589861,0.05468971776589861,0.6354266746146222,0.9858342746616204,313.335371291506,0.0061577627319935,10000,0.039271488785743706,0.09940840868995379,-0.06013691990421019,0.0015422498314487936,0.009882031718268881,0.0036164491355653917,-0.011956231022385487,3.791804186352806e-05,5.135905888077595e-07
dataset_0046,beta0,-0.1447403132915496,0.0417799986898899,-0.1447961255908012,-0.2016368702054023,-0.0916382560506463,-0.108054794371128,-0.121948636871349,0.0201339315578816,-0.121527863558308,-0.162326529512533,-0.0831193908821261,-0.108054794371128,-0.022791676420200593,0.022791676420200593,-0.023268262032493214,0.023268262032493214,1.3887462172825988,0.8924482651965175,359.050410052199,0.0010625536670115,10000,-0.0366855189204216,-0.013893842500221007,-0.022791676420200593,0.0013458272984606112,0.00019303885942094752,0.0005194605140431277,0.000633327924996536,1.1290202952795856e-06,1.7455682905272019e-07
dataset_0046,sigma2_w,0.4480041861534118,0.2664015293121338,0.3805186301469803,0.1245461408048868,1.1350725561380384,0.5587663650512695,0.426385557712085,0.215664647645968,0.379295796663073,0.152297010035177,0.968223315342482,0.55876636505127,0.021618628441326837,0.021618628441326837,0.0012228334839072819,0.0012228334839072819,1.238502066620531,1.0,198.609291671014,0.0153030916381351,10000,-0.11076217889785772,-0.132380807339185,0.021618628441326837,0.012268260274201038,0.017524678151774418,0.00046736509568414563,-0.005723782973257427,0.0002341846136851604,7.096977481984368e-06
dataset_0046,eta,0.1562867164611816,0.1086403429508209,0.1427533403038978,0.0067872245446778,0.4100826643407343,0.2652694284915924,0.220746542758282,0.0706619373258546,0.242241671911229,0.0266119522193761,0.318731807735879,0.265269428491592,-0.0644598262971004,0.0644598262971004,-0.0994883316073312,0.0994883316073312,1.3805820870443124,1.0,751.229317167132,0.0025780971344005,10000,-0.1089827120304108,-0.04452288573331001,-0.0644598262971004,0.011877231521503445,0.00198228735402138,0.004155069206252356,0.005739874961229625,6.646584834404069e-06,1.1802724116471981e-06
dataset_0046,rho,0.7494254112243652,0.1504543274641037,0.7829747498035431,0.3737159684300423,0.9438218504190444,0.8280656337738037,0.767818192552796,0.10593856621647,0.785865478797675,0.529780081918267,0.918417716258594,0.828065633773804,-0.018392781328430807,0.018392781328430807,-0.002890728994131897,0.002890728994131897,1.4669343151923488,1.0,200.956755593776,0.0074731342749503,10000,-0.07864022254943848,-0.060247441221008,-0.018392781328430807,0.006184284602625212,0.003629754173678814,0.0003382944049954729,0.002216236023950977,5.584773589143694e-05,2.263650465267575e-06
dataset_0047,beta0,0.3189185261726379,0.0166771281510591,0.3192418813705444,0.2923581384122372,0.3450992122292519,0.328001469373703,0.317927083350406,0.0118672879778724,0.318052471032979,0.294347938173223,0.341499290287866,0.328001469373703,0.0009914428222319027,0.0009914428222319027,0.0011894103375653664,0.0011894103375653664,1.1185484922846105,1.0,548.071753440615,0.0005069122323304,10000,-0.009082943201065119,-0.010074386023297022,0.0009914428222319027,8.249985719377507e-05,0.00010149325374640237,9.829588697551603e-07,-1.997635542238247e-05,2.5696001128618944e-07,2.7812660336684787e-08
dataset_0047,sigma2_w,0.1524021029472351,0.1154015585780143,0.1151695512235164,0.0685679402202367,0.5032968133687971,0.1861753165721893,0.273929208962756,0.17199004557351,0.221393706884426,0.090980601679936,0.709667847370331,0.186175316572189,-0.12152710601552091,0.12152710601552091,-0.1062241556609096,0.1062241556609096,0.7026633831176609,0.9484445068086376,53.0569483068021,0.023611967572793,10000,-0.033773213624954196,0.08775389239056702,-0.12152710601552091,0.0011406299585567917,0.007700745629695217,0.01476883749650766,-0.021328953167646107,0.0005575250126586283,1.3317519722234866e-06
dataset_0047,eta,0.3440204560756683,0.1677080392837524,0.3477617800235748,0.0242294606287032,0.6895380899310112,0.2616689801216125,0.202510246682642,0.0864605504075893,0.235785703407122,0.0148032901984209,0.312126395107599,0.261668980121613,0.14151020939302628,0.14151020939302628,0.11197607661645279,0.11197607661645279,2.2376620528886804,0.9682965424662788,1125.86374391497,0.0025767665791497,10000,0.08235147595405579,-0.05915873343897099,0.14151020939302628,0.006781765591811428,0.003499755742103224,0.02002513936245814,-0.016743129512750022,6.639726003422846e-06,2.8125986440400644e-06
dataset_0047,rho,0.5158296823501587,0.1833608299493789,0.4970119297504425,0.2100966610014438,0.8933095052838325,0.596743643283844,0.620135915786127,0.176715121073912,0.646931726513238,0.262516098183429,0.881215191704215,0.596743643283844,-0.10430623343596834,0.10430623343596834,-0.14991979676279554,0.14991979676279554,1.104273226576879,1.0,53.2370479536203,0.0242195868184263,10000,-0.0809139609336853,0.02339227250228304,-0.10430623343596834,0.006547069073977951,0.0005471984128210672,0.01087979033359872,-0.0048799196724418365,0.000586588385655289,3.362119395972505e-06
dataset_0048,beta0,-0.7747828364372253,0.0253997351974248,-0.7749078869819641,-0.8250691398978234,-0.7278851971030236,-0.7366889715194702,-0.75961206092304,0.0152231105955038,-0.759873355088117,-0.788567825447707,-0.73023389348233,-0.73668897151947,-0.01517077551418533,0.01517077551418533,-0.01503453189384707,0.01503453189384707,1.6659933510479215,1.0,498.982230532095,0.0006814921576446,10000,-0.03809386491775513,-0.02292308940357002,-0.01517077551418533,0.0014511425443721748,0.000525468027804064,0.00023015242970180519,0.0006955220868663225,4.644315609310923e-07,6.451465480993001e-08
dataset_0048,sigma2_w,0.2750629484653473,0.2150007933378219,0.2015007063746452,0.0679191082715988,0.8533641427755352,0.558894157409668,0.125310969338826,0.0735110107989896,0.101304769373339,0.056288565291743,0.342710126408284,0.558894157409668,0.1497519791265213,0.1497519791265213,0.1001959370013062,0.1001959370013062,2.742269232253606,0.9593936192006037,127.121260831732,0.0065199354884469,10000,-0.2838312089443207,-0.43358318807084195,0.1497519791265213,0.08056015517079462,0.1879943809776751,0.02242565525231007,-0.12985988105919058,4.250955877350932e-05,4.622534113589281e-06
dataset_0048,eta,0.1965323537588119,0.1279836893081665,0.1868721172213554,0.0091300079599022,0.4807487823069095,0.2544685006141662,0.164537168655761,0.114775753517717,0.151009523868666,0.0081069975879031,0.424566226279842,0.254468500614166,0.03199518510305088,0.03199518510305088,0.035862593352689404,0.035862593352689404,1.1324488493827345,0.9975435521618472,624.50506744053,0.0045928490212863,10000,-0.05793614685535431,-0.08993133195840497,0.03199518510305088,0.003356597112445181,0.008087644467812832,0.0010236918697784892,-0.005754739225146165,2.1094262132330526e-05,1.6379824728929294e-06
dataset_0048,rho,0.7622750997543335,0.1546912789344787,0.7988710403442383,0.4000302724540233,0.9566465884447096,0.8748183846473694,0.538627066860976,0.144167797488145,0.529455765729742,0.284617971100184,0.829193259616441,0.874818384647369,0.22364803289335755,0.22364803289335755,0.2694152746144963,0.2694152746144963,1.0221108591012937,0.7880691544629391,170.384554620238,0.0110446803673604,10000,-0.11254328489303589,-0.3361913177863931,0.22364803289335755,0.01266599097451504,0.11302460215495155,0.050018442617068344,-0.15037705379750493,0.00012198496441715626,2.3929391778384696e-06
dataset_0049,beta0,-0.3144631385803222,0.0183114148676395,-0.3142345696687698,-0.3463583387434482,-0.2832561232149601,-0.2958373129367828,-0.305466690681467,0.0094760448553198,-0.305418978846705,-0.324400719996269,-0.287146062840621,-0.295837312936783,-0.008996447898855231,0.008996447898855231,-0.00881559082206479,0.00881559082206479,1.6938074417072295,1.0,542.14420983302,0.0004069768405152,10000,-0.01862582564353943,-0.009629377744683976,-0.008996447898855231,0.000346921380903531,9.272491574981505e-05,8.09360747968167e-05,0.00017326039035689094,1.6563014871573454e-07,3.353079144548089e-08
dataset_0049,sigma2_w,0.2515609264373779,0.1641803681850433,0.1954672634601593,0.1053399130702018,0.7291918605566025,0.4747810661792755,0.281444229172243,0.14010277006514,0.24362465152868,0.132996419777944,0.628070667929839,0.474781066179276,-0.029883302734865114,0.029883302734865114,-0.048157388068520685,0.048157388068520685,1.260117951630954,1.0,60.457329402554,0.0180186497127291,10000,-0.22322013974189764,-0.19333683700703302,-0.029883302734865114,0.04982723078639231,0.03737913254388405,0.0008930117823435968,0.011555086460164881,0.0003246717374700324,2.6955193297376378e-06
dataset_0049,eta,0.2827066779136657,0.1330552995204925,0.2915899604558944,0.0228620680049061,0.5547958463430402,0.2063845545053482,0.126950416684959,0.074047824745976,0.126707953335277,0.0067334720301245,0.250948225710624,0.206384554505348,0.15575626122870673,0.15575626122870673,0.1648820071206174,0.1648820071206174,2.1781394052631677,0.9339573234961789,1392.20209317604,0.0019845459723622,10000,0.07632212340831751,-0.07943413782038902,0.15575626122870673,0.0058250665215544475,0.006309782251268558,0.02426001291194513,-0.024744728641659212,3.938422716419031e-06,1.7703712730487973e-06
dataset_0049,rho,0.6302351355552673,0.1590287238359451,0.6293639242649078,0.3338425286114216,0.9093879655003548,0.8507749438285828,0.701558270291511,0.0962481248689748,0.705910886795795,0.506299724895172,0.875908860045014,0.850774943828583,-0.07132313473624363,0.07132313473624363,-0.07654696253088711,0.07654696253088711,1.557173192311936,1.0,92.0660901305914,0.0100309583526944,10000,-0.22053980827331543,-0.14921667353707202,-0.07132313473624363,0.04863780703323073,0.02226561566146913,0.0050869895486043626,0.021285201823157334,0.00010062012547348953,2.529013500488929e-06
dataset_0050,beta0,0.2522212266921997,0.0992350056767463,0.2650343328714371,0.0323750688228756,0.3631686888635158,0.2875635325908661,0.250715473022382,0.0271203139641456,0.251039908890444,0.197016278925579,0.303162730631388,0.287563532590866,0.0015057536698176999,0.0015057536698176999,0.013994423980993098,0.013994423980993098,3.116388863920329,1.0,168.588188353368,0.0020887244045683,10000,-0.03534230589866638,-0.03684805956848397,0.0015057536698176999,0.0012490785862349085,0.001357779493962543,2.267294114169471e-06,-0.0001109682018418119,4.3627696382392e-06,9.84758635166387e-07
dataset_0050,sigma2_w,1.6064337491989136,0.2100336551666259,1.6068620085716248,1.2074578762054444,2.0165928959846497,1.4064888954162598,1.95012799920034,0.23255872779111,1.93978339696803,1.52606176894993,2.43680359867339,1.40648889541626,-0.3436942500014264,0.3436942500014264,-0.3329213883964053,0.3329213883964053,0.8884351123137645,0.6062413751027296,1386.84935877606,0.0062447922928211,10000,0.1999448537826538,0.54363910378408,-0.3436942500014264,0.03997794455416681,0.2955434751631577,0.11812573748404298,-0.37369126809303393,3.899743078047781e-05,4.411413630265311e-06
dataset_0050,eta,0.2856091856956482,0.1845433115959167,0.2737361788749695,0.0115400379756465,0.6321403801441191,0.3557874262332916,0.122776941276501,0.0733924866477731,0.122277563595404,0.0060180866429926,0.272721692872741,0.355787426233292,0.16283224441914718,0.16283224441914718,0.1514586152795655,0.1514586152795655,2.326928949111638,0.9792955505524844,2368.74824788126,0.0015079680827239,10000,-0.07017824053764343,-0.233010484956791,0.16283224441914718,0.00492498544495934,0.054293886099798926,0.026514339822576886,-0.07588324047741642,2.2739677385139947e-06,3.40562338547876e-06
dataset_0050,rho,0.1510769724845886,0.0858772173523902,0.1415174752473831,0.018592161219567,0.3459108091890812,0.3060563504695892,0.287868701531799,0.0485081604347322,0.286023515198743,0.196918848194787,0.387360111921067,0.306056350469589,-0.1367917290472104,0.1367917290472104,-0.14450603995135988,0.14450603995135988,1.718738058995277,0.7823512513991682,1547.31073080587,0.0012331787617903,10000,-0.15497937798500058,-0.018187648937790013,-0.1367917290472104,0.024018607600617685,0.00033079057388429417,0.018711977135725425,0.004975839891007911,1.5207298585306575e-06,7.37489646018967e-07
dataset_0051,beta0,0.3365358412265777,0.0319011285901069,0.33726367354393,0.3097218848764896,0.364976754784584,0.3183928728103637,0.337157280230257,0.0100224829957008,0.337202142284806,0.316755918993089,0.356511683753926,0.318392872810364,-0.0006214390036792805,0.0006214390036792805,6.153125912400359e-05,6.153125912400359e-05,1.389858055567465,1.0,376.930158532662,0.0005162319555323,10000,0.01814296841621399,0.018764407419892992,-0.0006214390036792805,0.00032916730295173835,0.00035210298581973517,3.861864352938968e-07,-2.33218693033008e-05,2.6649543191270257e-07,1.017682005322536e-07
dataset_0051,sigma2_w,0.29241544008255,0.0790364295244216,0.2759115844964981,0.2050831168889999,0.4907135643064975,0.2946483194828033,0.287057548201738,0.0484198152485217,0.278875378712833,0.217797598034414,0.402948262332967,0.294648319482803,0.005357891880811982,0.005357891880811982,-0.002963794216334914,0.002963794216334914,1.5426919935697463,1.0,317.35756650224,0.0027179952871368,10000,-0.002232879400253296,-0.007590771281065001,0.005357891880811982,4.985750416075518e-06,5.7619808641441194e-05,2.8707005406470964e-05,-8.134106363183788e-05,7.387498380897855e-06,6.246757191968862e-07
dataset_0051,eta,0.6145400404930115,0.0810742825269699,0.6312602460384369,0.4296861059963703,0.7128720551729202,0.6428614854812622,0.518062441329245,0.0802723001356696,0.527842412274676,0.351052553155606,0.691573431990638,0.642861485481262,0.09647759916376653,0.09647759916376653,0.1034178337637609,0.1034178337637609,0.8316258026390844,0.9247892656955106,435.268859461648,0.0038475733572944,10000,-0.028321444988250732,-0.12479904415201704,0.09647759916376653,0.0008021042462225125,0.015574801421257098,0.009307927140404404,-0.024080624315439,1.4803820739761702e-05,6.573039287262936e-07
dataset_0051,rho,0.4085475504398346,0.1229654178023338,0.3975284993648529,0.1979241479188203,0.6830590710043907,0.4133101403713226,0.359438943864649,0.0885093371665405,0.355613530879603,0.200275390099792,0.54540467079748,0.413310140371323,0.04910860657518562,0.04910860657518562,0.04191496848524989,0.04191496848524989,1.4056614440387591,1.0,251.629004467791,0.0055796728856137,10000,-0.004762589931487982,-0.053871196506674046,0.04910860657518562,2.2682262855510697e-05,0.00290210581306069,0.0024116552397563645,-0.005291078789961539,3.113274951045272e-05,1.5120493975302511e-06
dataset_0052,beta0,0.0334294810891151,0.0209638532251119,0.0337295699864625,0.0014686544367577,0.0646925766021013,0.0430306419730186,0.0371864465076874,0.0139674100380932,0.037417520413259,0.0093855094688923,0.0644729562635909,0.0430306419730186,-0.003756965418572296,0.003756965418572296,-0.0036879504267964963,0.0036879504267964963,1.147701079720907,1.0,312.961875226425,0.0007895327787056,10000,-0.009601160883903496,-0.005844195465331201,-0.003756965418572296,9.218229031859857e-05,3.4154620636997767e-05,1.4114789156348107e-05,4.3912880525252696e-05,6.23362008650586e-07,4.394831420440346e-08
dataset_0052,sigma2_w,0.5163929462432861,0.0794201865792274,0.5062184035778046,0.3991839997470379,0.7029500782489776,0.4416162669658661,0.532954363221811,0.0854042138454879,0.520550876685628,0.407184078108669,0.733279788139338,0.441616266965866,-0.016561416978524868,0.016561416978524868,-0.014332473107823485,0.014332473107823485,0.9315243014799881,0.9736636875286255,503.812588602696,0.0038049135333562,10000,0.07477667927742004,0.09133809625594502,-0.016561416978524868,0.00559155176375814,0.008342647827660279,0.00027428053233657175,-0.003025376596238693,1.4477366996317163e-05,6.307566036279292e-07
dataset_0052,eta,0.5181366205215454,0.1537176221609115,0.5298258364200592,0.1218797475099563,0.7479534327983856,0.7312718629837036,0.636973614923809,0.121718388556019,0.675175914041817,0.322897922356746,0.759021048186017,0.731271862983704,-0.11883699440226358,0.11883699440226358,-0.14535007762175778,0.14535007762175778,1.4355434238851121,0.9746227275460644,469.567780165225,0.0056170339547855,10000,-0.2131352424621582,-0.09429824805989495,-0.11883699440226358,0.045426631579402965,0.008892159587165481,0.014122231238563626,0.022412240753673998,3.155107044921324e-05,2.3629107362804753e-06
dataset_0052,rho,0.2860482037067413,0.0886559784412384,0.2800266891717911,0.1308752994984388,0.4792715214192867,0.2892456650733948,0.339090473888277,0.0926151726809856,0.33028937520327,0.171305183806933,0.53168761898568,0.289245665073395,-0.05304227018153573,0.05304227018153573,-0.05026268603147893,0.05026268603147893,0.9667402956196963,0.8839542975363278,408.724812987487,0.0045810669509639,10000,-0.003197461366653498,0.04984480881488201,-0.05304227018153573,1.0223759191241655e-05,0.0024845049657921396,0.002813482426011035,-0.005287763632611932,2.098617440921368e-05,7.859882513373329e-07
dataset_0053,beta0,0.0866615995764732,0.0186026468873024,0.0867785885930061,0.0627160230651497,0.110750887915492,0.0800704509019851,0.0791288180185158,0.0033385984052727,0.0791203670740455,0.0726030377388077,0.0857623783923469,0.0800704509019852,0.007532781557957391,0.007532781557957391,0.0076582215189606034,0.0076582215189606034,3.650248604015227,1.0,577.204935855205,0.0001389629943012,10000,0.006591148674488095,-0.0009416328834693927,0.007532781557957391,4.344324084920618e-05,8.866724872308828e-07,5.674279799990298e-05,-1.4186229637928964e-05,1.9310713785155345e-08,3.460584712136616e-08
dataset_0053,sigma2_w,0.1035970300436019,0.1959346234798431,0.0206032507121562,0.0005832108668982,0.6800599813461299,0.0048539200797677,0.0866162481463783,0.16615216799132,0.0159885921880179,0.0034188023198307,0.535792022695092,0.0048539200797677,0.0169807818972236,0.0169807818972236,0.004614658524138299,0.004614658524138299,1.2763165848204754,1.0,20.5941450225477,0.0366128999704768,10000,0.0987431099638342,0.0817623280666106,0.0169807818972236,0.009750201765329853,0.00668507829087206,0.0002883469538410768,0.0027767765206167167,0.0013405044442481402,3.839037667818788e-06
dataset_0053,eta,0.324046641588211,0.1933199018239975,0.3193175047636032,0.01233688716311,0.6501963853836059,0.3167644143104553,0.323461846251082,0.0279641563359159,0.31988031643666,0.281156938341741,0.369822521756278,0.316764414310455,0.0005847953371290182,0.0005847953371290182,-0.0005628116730567734,0.0005628116730567734,7.1939920051991315,1.0,103.728052437729,0.0027457033242378,10000,0.007282227277755682,0.006697431940626997,0.0005847953371290182,5.303083412488893e-05,4.48555945993307e-05,3.419855863278421e-07,7.833253939235238e-06,7.538886744730507e-06,3.7372584441240033e-06
dataset_0053,rho,0.8467873334884644,0.2307648658752441,0.9637242555618286,0.1444694645702839,0.9993945300579072,0.7478830218315125,0.888790183581676,0.11407073640296,0.92083269297008,0.617361266163547,0.997931466691868,0.747883021831512,-0.0420028500932117,0.0420028500932117,0.042891562591748644,0.042891562591748644,2.2464319705031714,1.0,15.5348393044403,0.0289414884276794,10000,0.0989043116569519,0.14090716175016404,-0.0420028500932117,0.009782062864335472,0.019854828232486892,0.0017642394159528138,-0.011837004784104146,0.0008376097524095006,5.325242332241941e-06
dataset_0054,beta0,-1.1411211490631104,0.0466472990810871,-1.1380029320716858,-1.2230261087417602,-1.0758173257112502,-1.2268832921981812,-1.17142525240002,0.0188793974356904,-1.1713286725332,-1.20878015431833,-1.13473143686441,-1.22688329219818,0.030304103336909582,0.030304103336909582,0.03332574046151415,0.03332574046151415,1.9879990915726078,1.0,509.101384248886,0.0008367312517034,10000,0.0857621431350708,0.05545803979816011,0.030304103336909582,0.007355145195120372,0.0030755941782543103,0.0009183386790540945,0.0033612123378117765,7.001191875771386e-07,2.1759705115603891e-07
dataset_0054,sigma2_w,0.4683253765106201,0.248194620013237,0.4086486399173736,0.1561991810798645,1.0874649524688718,0.2913609445095062,0.510292723354043,0.243260793718708,0.461809006477611,0.187480210175379,1.12445901806473,0.291360944509506,-0.04196734684342285,0.04196734684342285,-0.05316036656023737,0.05316036656023737,0.993902704679935,0.9664102020534289,119.310886860196,0.0222706084515535,10000,0.1769644320011139,0.21893177884453696,-0.04196734684342285,0.03131641019347686,0.04793112378803324,0.0017612582010761537,-0.018375971795632454,0.0004959800008024062,6.160056940351511e-06
dataset_0054,eta,0.6204023361206055,0.1309553384780883,0.6362255811691284,0.3011654779314995,0.8100845456123351,0.7863547801971436,0.753332912704876,0.0518338074833961,0.764825263359137,0.644077778367045,0.819818024896661,0.786354780197144,-0.13293057658427054,0.13293057658427054,-0.1285996821900086,0.1285996821900086,2.8958595297922947,0.9446143983718289,565.931444569675,0.0021788693956066,10000,-0.16595244407653809,-0.03302186749226799,-0.13293057658427054,0.0275402136949765,0.0010904437326769052,0.017670538191026618,0.008779231771273127,4.74747184311107e-06,1.7149300675910674e-06
dataset_0054,rho,0.8008303642272949,0.1178750395774841,0.8283613324165344,0.5014069363474846,0.9478898033499716,0.7559936046600342,0.833385018211598,0.0834232210827228,0.850178038929554,0.625667976031152,0.944167393322301,0.755993604660034,-0.03255465398430313,0.03255465398430313,-0.02181670651301959,0.02181670651301959,1.4018326023948258,1.0,141.39029656274,0.0070157992207239,10000,0.04483675956726074,0.07739141355156409,-0.03255465398430313,0.0020103350084923477,0.0059894308915092185,0.0010598054960377036,-0.005038901379054554,4.922143870551008e-05,1.3894524955393444e-06
dataset_0055,beta0,0.1923202127218246,0.0179032422602176,0.1927028968930244,0.1672783091664314,0.2170252729207277,0.2018613964319229,0.191331775803183,0.0091238827794405,0.191313575743821,0.17295655077452,0.209032724991715,0.201861396431923,0.0009884369186415887,0.0009884369186415887,0.0013893211492033986,0.0013893211492033986,1.3789423306029325,1.0,706.924100896951,0.0003431573480456,10000,-0.009541183710098322,-0.010529620628739994,0.0009884369186415887,9.103418658984558e-05,0.00011087291058518683,9.770075421336785e-07,-2.0815731537473335e-05,1.1775696551768906e-07,3.205260834280414e-08
dataset_0055,sigma2_w,0.3015811443328857,0.2187708914279937,0.2390963286161422,0.0663876172155141,0.8706402719020844,0.4458953142166137,0.276234504464537,0.172608432428334,0.227014478775642,0.0957540964854189,0.756802963376557,0.445895314216614,0.025346639868348675,0.025346639868348675,0.012081849840500203,0.012081849840500203,1.216631167479204,1.0,58.2145913103283,0.0226227857234406,10000,-0.14431416988372803,-0.16966080975207698,0.025346639868348675,0.020826579629229514,0.02878479036573046,0.0006424521526157625,-0.008600662889116628,0.0005117904338887078,4.7860702936199006e-06
dataset_0055,eta,0.3667701482772827,0.1181030869483947,0.3703769445419311,0.0705342430621385,0.6156757697463036,0.249161958694458,0.252291551079787,0.0666687799592237,0.276158917706084,0.0403689138016157,0.306700378812408,0.249161958694458,0.1144785971974957,0.1144785971974957,0.09421802683584712,0.09421802683584712,2.0468536327920352,0.8867376437879751,183.933582533383,0.0049157749560075,10000,0.11760818958282471,0.0031295923853290053,0.1144785971974957,0.013831686256949638,9.794348498309293e-06,0.013105349216306472,0.000716542692144858,2.416484341811054e-05,1.394833914674008e-06
dataset_0055,rho,0.848147451877594,0.1110297068953514,0.8811503946781158,0.5597938299179077,0.9705913200974464,0.9173580408096312,0.841442828489404,0.0742569484952253,0.8513709003649,0.672911117214089,0.954948922224603,0.917358040809631,0.006704623388190001,0.006704623388190001,0.029779494313215804,0.029779494313215804,1.4565334252414306,1.0,62.0385426054486,0.0094277119530308,10000,-0.06921058893203724,-0.07591521232022702,0.006704623388190001,0.004790105620319436,0.005763119461625148,4.4951974777464364e-05,-0.0010179658160832075,8.888175266931982e-05,1.232759581326764e-06
dataset_0056,beta0,0.3972015082836151,0.0289015658199787,0.3974920809268951,0.372842001914978,0.4247017249464988,0.3961285948753357,0.392424377648177,0.0082834878745943,0.392428983654611,0.376309908529104,0.408539391435241,0.396128594875336,0.004777130635438109,0.004777130635438109,0.0050630972722841006,0.0050630972722841006,1.6090771044187602,1.0,584.894856166344,0.000342510854976,10000,0.001072913408279419,-0.0037042172271590235,0.004777130635438109,1.1511431816657591e-06,1.3721225265981685e-05,2.2820977108041313e-05,-3.539105919235795e-05,1.1731368577639051e-07,8.353005068465611e-08
dataset_0056,sigma2_w,0.2624182105064392,0.2065969109535217,0.1951556131243705,0.0605398525483906,0.8156488955020902,0.3054133057594299,0.296787467655735,0.208355542965791,0.220024206391075,0.0833408779176933,0.826744698137221,0.30541330575943,-0.034369257149295784,0.034369257149295784,-0.024868593266704514,0.024868593266704514,1.0157454433456037,0.98507432658625,26.7018740669379,0.0403212685476734,10000,-0.04299509525299067,-0.008625838103694994,-0.034369257149295784,0.0018485782158137406,7.440508299115644e-05,0.0011812458369944193,0.0005929272958281743,0.0016258046972935961,4.2682283615537375e-06
dataset_0056,eta,0.4353362321853637,0.103368192911148,0.4330528378486633,0.2259792383760213,0.6249904930591583,0.4798085391521454,0.424520207184893,0.0380868265976305,0.411886079547891,0.361702479173006,0.499143348035045,0.479808539152145,0.010816025000470741,0.010816025000470741,0.021166758300772248,0.021166758300772248,2.9031485175174376,1.0,45.155135045464,0.0056678874273824,10000,-0.04447230696678167,-0.055288331967252025,0.010816025000470741,0.0019777860869476574,0.0030567996517210623,0.0001169863968108081,-0.0011959999615842472,3.2124947889479486e-05,1.0684983305716309e-06
dataset_0056,rho,0.8154503107070923,0.1317564696073532,0.8525047898292542,0.4917119711637497,0.968157809972763,0.9073204398155212,0.8375374054708,0.0924513791014973,0.852334296755784,0.630925777667513,0.959840775218567,0.907320439815521,-0.022087094763707737,0.022087094763707737,0.00017049307347016818,0.00017049307347016818,1.4485378968925235,1.0,29.3787385501287,0.0170567711179679,10000,-0.09187012910842896,-0.069783034344721,-0.022087094763707737,0.008440120622399405,0.00486967188235651,0.00048783975510100576,0.0030826089849418487,0.00029093344097074397,1.735976728339339e-06
dataset_0057,beta0,-0.3955452740192413,0.0218157488852739,-0.3946918249130249,-0.4375379346311092,-0.3582202576100826,-0.3708134591579437,-0.390820963700047,0.0190596963214665,-0.39083993329921,-0.428934190586828,-0.354374180061189,-0.370813459157944,-0.0047243103191942915,0.0047243103191942915,-0.003851891613814884,0.003851891613814884,1.0638098957047697,0.9484163491692232,246.854319658021,0.0012130972301335,10000,-0.024731814861297552,-0.020007504542102983,-0.0047243103191942915,0.0006116626663334985,0.0004003002380022715,2.231910799204567e-05,0.00018904332033916756,1.4716048897575696e-06,4.759268994253293e-08
dataset_0057,sigma2_w,0.2907922267913818,0.0416216328740119,0.2865560352802276,0.2231206696480512,0.3806262597441673,0.283446341753006,0.290935869729863,0.0467219276653187,0.285259385968209,0.214650484433156,0.397880199734588,0.283446341753006,-0.00014364293848123655,0.00014364293848123655,0.0012966493120186162,0.0012966493120186162,0.8596072413091022,1.0,1109.65907175398,0.0014025745966553,10000,0.007345885038375799,0.0074895279768570355,-0.00014364293848123655,5.3962026997033416e-05,5.609302931612424e-05,2.063329377552431e-08,-2.1516356128663503e-06,1.9672154991827774e-06,1.7323603230990282e-07
dataset_0057,eta,0.2784485220909118,0.167068600654602,0.2702257335186004,0.0143049331149086,0.5993967220187186,0.3188380300998688,0.327615606646036,0.129700857940881,0.346809691023706,0.0311389832636518,0.565438823216981,0.318838030099869,-0.049167084555124196,0.049167084555124196,-0.0765839575051056,0.0765839575051056,1.095062631789142,1.0,1593.49853513743,0.0032491294496659,10000,-0.040389508008956965,0.00877757654616701,-0.049167084555124196,0.0016313123572055989,7.704585002382117e-05,0.0024174022036507325,-0.0008631356964689368,1.0556842180686234e-05,2.791191732468688e-06
dataset_0057,rho,0.1404626816511154,0.0724847763776779,0.1329499259591102,0.0223564739804714,0.3031642101705074,0.1052849739789962,0.146576865133284,0.0697117300356301,0.143980495735946,0.0253024219318388,0.297579071474276,0.105284973978996,-0.006114183482168606,0.006114183482168606,-0.011030569776835808,0.011030569776835808,1.0313324211309907,1.0,837.193942448518,0.00240931077054,10000,0.035177707672119196,0.041291891154287996,-0.006114183482168606,0.0012374711170650738,0.0017050202750975674,3.738323965362342e-05,-0.0005049323976861033,5.804778389040048e-06,5.254042806521973e-07
dataset_0058,beta0,0.3615155518054962,0.032824832946062,0.3620734512805938,0.3354238852858543,0.3883837930858135,0.3529727756977081,0.357832711411354,0.0093218887144023,0.357918121546399,0.339461968987263,0.376039326288126,0.352972775697708,0.0036828403941422394,0.0036828403941422394,0.0041553297341948014,0.0041553297341948014,1.4478877564703037,1.0,385.517676842306,0.0004747683570751,10000,0.008542776107788141,0.0048599357136459576,0.0036828403941422394,7.297902362779591e-05,2.361897514077144e-05,1.3563313368725765e-05,3.579673511829965e-05,2.2540499287978964e-07,1.0774696579368772e-07
dataset_0058,sigma2_w,0.2588219344615936,0.045303851366043,0.2514219880104065,0.1993106018751859,0.3640194579958915,0.2452734112739563,0.256731618735928,0.0334335043106836,0.254034552532706,0.199316397375259,0.334481513293479,0.245273411273956,0.0020903157256655924,0.0020903157256655924,-0.002612564522299521,0.002612564522299521,1.2185751848898696,1.0,634.3290693317,0.0013274696242785,10000,0.013548523187637274,0.011458207461971986,0.0020903157256655924,0.00018356248056594488,0.0001312905182415905,4.369419832964872e-06,4.790254249139776e-05,1.7621756033821018e-06,2.0524389485965161e-07
dataset_0058,eta,0.5637619495391846,0.1253977864980697,0.5803885161876678,0.2751206502318382,0.7339987218379974,0.6398659944534302,0.625742329641769,0.0332486044306292,0.626298773318072,0.551630532871966,0.695370456073202,0.63986599445343,-0.06198038010258444,0.06198038010258444,-0.0459102571304042,0.0459102571304042,3.1924190676220783,1.0,1069.45472499222,0.0010166985852977,10000,-0.0761040449142456,-0.014123664811660941,-0.06198038010258444,0.005791825652309512,0.0001994779077121495,0.0038415675176608453,0.0017507802269364837,1.0336760133463444e-06,1.5724604858615474e-06
dataset_0058,rho,0.3159694969654083,0.0971927046775817,0.307733491063118,0.1515284232795238,0.5341545015573501,0.3658342957496643,0.334126557938715,0.0632100669777103,0.331409993139164,0.212322362530882,0.465892756357063,0.365834295749664,-0.01815706097330666,0.01815706097330666,-0.023676502076046047,0.023676502076046047,1.508954071902066,1.0,634.558040133863,0.0025092883767291,10000,-0.04986479878425598,-0.03170773781094899,-0.01815706097330666,0.002486498157794337,0.0010053806370878841,0.0003296788631883758,0.0011514386575180436,6.296528157587761e-06,9.446421842543613e-07
dataset_0059,beta0,-0.3179042935371399,0.0166738368570804,-0.3176685124635696,-0.3452117145061493,-0.2912771537899971,-0.2984238564968109,-0.308635504560679,0.0085527084718095,-0.308403171381139,-0.326117551965606,-0.29180542850144,-0.298423856496811,-0.009268788976460884,0.009268788976460884,-0.0092653410824306,0.0092653410824306,1.5718805853703273,1.0,409.280009248263,0.0004227595262809,10000,-0.01948043704032898,-0.010211648063867984,-0.009268788976460884,0.0003794874272822213,0.00010427775618029875,8.591044909016281e-05,0.00018929922201175542,1.78725617061251e-07,2.7801683553653283e-08
dataset_0059,sigma2_w,0.1510797590017318,0.0547061972320079,0.1390640139579773,0.105865491181612,0.2725337594747543,0.1537228524684906,0.14376403417814,0.0223461997383856,0.140319839266594,0.110980475847428,0.197518308502461,0.153722852468491,0.0073157248235918015,0.0073157248235918015,-0.0012558253086167037,0.0012558253086167037,1.9259584297371348,1.0,325.681364380393,0.0012382468217657,10000,-0.0026430934667588113,-0.009958818290351001,0.0073157248235918015,6.985943074023112e-06,9.917806174022965e-05,5.3519829694517294e-05,-0.00014571194836072177,1.533255191612857e-06,2.9927680155873486e-07
dataset_0059,eta,0.5028146505355835,0.132259115576744,0.5096698999404907,0.1771489087492227,0.7131772086024284,0.482362300157547,0.421556130312208,0.0369041600156648,0.418797269591048,0.352730314702907,0.514717161560535,0.482362300157547,0.08125852022337549,0.08125852022337549,0.0908726303494427,0.0908726303494427,3.3090853378010783,1.0,241.25650986117,0.0023759418335609,10000,0.0204523503780365,-0.060806169845338987,0.08125852022337549,0.0004182986359859697,0.003697390291260212,0.006602947108892723,-0.009882038764166965,5.645099596464731e-06,1.7492473653142527e-06
dataset_0059,rho,0.4094728529453277,0.1305714398622512,0.393406942486763,0.2001990921795368,0.7168731182813642,0.4176361560821533,0.383796102836794,0.0702566383913732,0.377637777617972,0.259280533419439,0.530197966337576,0.417636156082153,0.025676750108533708,0.025676750108533708,0.015769164868790986,0.015769164868790986,1.9071272768849492,1.0,275.496497081712,0.0042328153690846,10000,-0.008163303136825617,-0.03384005324535899,0.025676750108533708,6.663951810370696e-05,0.0011451492036487316,0.0006592954961360858,-0.001737805181681116,1.7916725948758795e-05,1.7048900907701482e-06
dataset_0060,beta0,-0.1333298832178115,0.0227543264627456,-0.1331493929028511,-0.1691180888563394,-0.0996652457863092,-0.1304555237293243,-0.126629186197354,0.0146946310985101,-0.12669817493099,-0.154956146547643,-0.0982566232207437,-0.130455523729324,-0.006700697020457502,0.006700697020457502,-0.006451217971861101,0.006451217971861101,1.2249281650853048,0.9751563596497254,424.539306745038,0.0007131809508543,10000,-0.002874359488487188,0.003826337531970009,-0.006700697020457502,8.26194246905633e-06,1.4640858908562338e-05,4.489934055996805e-05,-5.12782569994723e-05,5.086270686614435e-07,5.177593727732047e-08
dataset_0060,sigma2_w,0.3413550853729248,0.0636299028992652,0.3322051912546158,0.2496714185923338,0.4911795020103452,0.2906798124313354,0.334992925578838,0.047171321870171,0.328698519520464,0.260911545744413,0.44480498299204,0.290679812431335,0.00636215979408683,0.00636215979408683,0.003506671734151756,0.003506671734151756,1.3133045258858353,1.0,708.003938544542,0.0017728019050006,10000,0.05067527294158941,0.04431311314750297,0.00636215979408683,0.002567983287704584,0.0019636519968234006,4.047707724549498e-05,0.0005638542136357278,3.142826594373756e-06,4.048764542969919e-07
dataset_0060,eta,0.3347147405147552,0.1905305683612823,0.3319471329450607,0.0168939717113971,0.7156857460737228,0.4555920362472534,0.356578240833688,0.186427694210869,0.403195269356666,0.020237595251274,0.651233660585504,0.455592036247253,-0.021863500318932805,0.021863500318932805,-0.07124813641160532,0.07124813641160532,1.1074423641487927,1.0,815.13495514874,0.0065297367005832,10000,-0.12087729573249822,-0.09901379541356498,-0.021863500318932805,0.014611320623601834,0.0098037316821993,0.00047801264619597487,0.00432957629520645,4.263746137894318e-05,3.6301897480073265e-06
dataset_0060,rho,0.2299980670213699,0.0926897078752517,0.2203084975481033,0.0769815718755126,0.4402195282280445,0.1386545002460479,0.208258581143499,0.0682710269325818,0.201992238102103,0.0958504267611017,0.3625058581079,0.138654500246048,0.021739485877870918,0.021739485877870918,0.018316259446000294,0.018316259446000294,1.3621997291333001,1.0,710.865598858207,0.002560605574724,10000,0.09134356677532202,0.06960408089745099,0.021739485877870918,0.008343647191237712,0.004844728077578901,0.0004726052462341491,0.0030263138674246413,6.5567009093076255e-06,8.591381945999497e-07
dataset_0061,beta0,0.263545274734497,0.0249990355223417,0.2639644593000412,0.2358262099325657,0.2915596097707748,0.2543385028839111,0.260328016797141,0.0098649617170967,0.260314412417239,0.240702109466827,0.279396006553453,0.254338502883911,0.0032172579373559995,0.0032172579373559995,0.0036500468828021826,0.0036500468828021826,1.4403666736755898,1.0,275.758370292151,0.00059406101421,10000,0.009206771850585938,0.0059895139132299935,0.0032172579373559995,8.476464790874161e-05,3.587427691677567e-05,1.035074863548018e-05,3.853962235648678e-05,3.529084886042139e-07,6.249517770473022e-08
dataset_0061,sigma2_w,0.4934208393096924,0.2097747027873993,0.4444264024496078,0.2299020994454622,1.0212929904460906,0.311417818069458,0.346336754873648,0.0956686906301218,0.326891251631018,0.221836996766852,0.590110855828192,0.311417818069458,0.14708408443604437,0.14708408443604437,0.11753515081858978,0.11753515081858978,2.148919537807362,0.9781002575117153,160.742874672779,0.0075457769694187,10000,0.18200302124023438,0.034918936804190004,0.14708408443604437,0.033125099740573205,0.0012193321475350153,0.02163372789438943,0.01027203969864876,5.693875007220967e-05,4.400542592954171e-06
dataset_0061,eta,0.1889228522777557,0.1114456355571746,0.1901779696345329,0.0087826061993837,0.3947283282876014,0.3468055725097656,0.263512792098359,0.122656297659612,0.296001726938761,0.0141579504504545,0.426535093269505,0.346805572509766,-0.07458993982060327,0.07458993982060327,-0.10582375730422808,0.10582375730422808,0.9359047386813317,0.9860722792262429,528.778273111475,0.0053340004797989,10000,-0.15788272023200992,-0.08329278041140703,-0.07458993982060327,0.024926953347859115,0.00693768726866287,0.005563659122441218,0.012425606956755148,2.8451561118494892e-05,1.242012968474258e-06
dataset_0061,rho,0.6907687783241272,0.1128683388233184,0.7004020512104034,0.4525726698338985,0.8748158007860184,0.5993116497993469,0.598856447970601,0.079798193969952,0.599382613555217,0.448838579353163,0.749386729918008,0.599311649799347,0.0919123303535262,0.0919123303535262,0.1010194376551864,0.1010194376551864,1.4049100956321423,0.9875757329608661,202.396315303464,0.0056090816429847,10000,0.09145712852478027,-0.00045520182874603243,0.0919123303535262,0.008364406357998178,2.0720870489373223e-07,0.008447876471015733,-8.367732172246917e-05,3.146179687766795e-05,1.2739261908735403e-06
dataset_0062,beta0,-0.1247948259115219,0.0253996197134256,-0.1241840235888958,-0.1614606663584709,-0.0887696860358119,-0.1103926748037338,-0.120046367883751,0.014032850246322,-0.119969166055837,-0.148397166068135,-0.0926202296702954,-0.110392674803734,-0.004748458027770894,0.004748458027770894,-0.004214857533058794,0.004214857533058794,1.3032444056119679,1.0,652.566954102931,0.0005493300436954,10000,-0.0144021511077881,-0.009653693080016998,-0.004748458027770894,0.000207421956531562,9.319379008316807e-05,2.2547853641501845e-05,9.168031280688608e-05,3.0176349690639e-07,6.451406815866384e-08
dataset_0062,sigma2_w,0.1797494441270828,0.02802325040102,0.1771410629153251,0.1346846248954534,0.2386868089437484,0.1559620946645736,0.179309244830854,0.0223136636581776,0.177115150728076,0.141371259776906,0.227214710978257,0.155962094664574,0.0004401992962287937,0.0004401992962287937,2.591218724912192e-05,2.591218724912192e-05,1.211533117469283,1.0,895.67486172135,0.000745582472455,10000,0.02378734946250921,0.02334715016628,0.0004401992962287937,0.0005658379944515372,0.0005450894208868282,1.9377542040032528e-07,2.055479814428884e-05,5.558932232321108e-07,7.853025630382677e-08
dataset_0062,eta,0.3667740225791931,0.2323221117258072,0.3429805040359497,0.0169671358074992,0.7842779099941253,0.6617695689201355,0.435121626845569,0.236066314695299,0.449139157330423,0.0261080103586555,0.79040203567131,0.661769568920135,-0.06834760426637587,0.06834760426637587,-0.10615865329447327,0.10615865329447327,1.00394710513763,0.9919872124151704,1125.06797392058,0.0070379250744721,10000,-0.2949955463409424,-0.22664794207456607,-0.06834760426637587,0.08702237236099108,0.051369289646635855,0.004671395008953121,0.030981687705401845,4.953238935388311e-05,5.3973563596738435e-06
dataset_0062,rho,0.0661389753222465,0.0529762059450149,0.0550935994833707,0.0028038583754096,0.1929065275937317,0.0429438054561615,0.0590920236540469,0.0434378992874785,0.0518685948684354,0.0024829240326928,0.161350368853319,0.0429438054561615,0.0070469516681995956,0.0070469516681995956,0.0032250046149353007,0.0032250046149353007,1.1966118636386636,0.9979798608640104,944.747751963539,0.0014132235973135,10000,0.023195169866084997,0.0161482181978854,0.0070469516681995956,0.0005380159051165375,0.00026076495096651726,4.9659527813941066e-05,0.0002275914263360792,1.9972009360037097e-06,2.8064783963286317e-07
dataset_0063,beta0,0.6360260248184204,0.0399800799787044,0.635751336812973,0.6091242358088493,0.6697563648223877,0.6273537874221802,0.624045728838009,0.0055532798444767,0.624071854019403,0.613169557724045,0.634666417912425,0.62735378742218,0.011980295980411393,0.011980295980411393,0.011679482793570006,0.011679482793570006,2.820510924954187,1.0,628.712415940275,0.0002214744035615,10000,0.008672237396240234,-0.0033080585841709365,0.011980295980411393,7.52077014567476e-05,1.094325159630702e-05,0.00014352749177826138,-7.926304191781694e-05,4.905091143292216e-08,1.5984067951036002e-07
dataset_0063,sigma2_w,0.1441977471113205,0.1559576541185379,0.0835189521312713,0.0329763391055166,0.5936079174280166,0.0432583503425121,0.0611838267732011,0.0183135591824089,0.0569828854819519,0.0363278892886973,0.107060866040515,0.0432583503425121,0.0830139203381194,0.0830139203381194,0.026536066649319408,0.026536066649319408,7.926028340212515,1.0,99.965336516317,0.0018316734066626,10000,0.10093939676880839,0.017925476430688994,0.0830139203381194,0.010188761820050926,0.00032132270526718664,0.006891310969903633,0.002976128144880106,3.355027468674975e-06,2.4322789878157504e-06
dataset_0063,eta,0.2252341359853744,0.1271805018186569,0.2244888916611671,0.0131926838774234,0.4884882807731627,0.2664600312709808,0.208825840419754,0.0820474332522933,0.208340343332398,0.0128471746077802,0.326644259729607,0.266460031270981,0.0164082955656204,0.0164082955656204,0.01614854832876908,0.01614854832876908,1.514659056540354,0.9988989404745137,41.6645897929101,0.012711050498322,10000,-0.041225895285606384,-0.05763419085122701,0.0164082955656204,0.0016995744420997827,0.0033216999550756588,0.00026923216336875814,-0.001891357676344616,0.00016157080477089195,1.617488004284539e-06
dataset_0063,rho,0.7139336466789246,0.1787227541208267,0.7328538298606873,0.3533046871423721,0.9658689364790916,0.5463176965713501,0.597691523733631,0.0912963895424703,0.599747734955725,0.412515675629604,0.772143130388233,0.54631769657135,0.11624212294529357,0.11624212294529357,0.13310609490496228,0.13310609490496228,1.7033300467781411,1.0,115.690255876655,0.0084879968987128,10000,0.16761595010757446,0.051373827162281005,0.11624212294529357,0.02809510673046489,0.0026392701172999215,0.013512231146828745,0.01194360546633626,7.204609135255811e-05,3.1941822840533478e-06
dataset_0064,beta0,0.3065004646778106,0.0230935588479042,0.3069465458393097,0.2801001600921154,0.3336538545787334,0.2959835529327392,0.302963481868673,0.0109573417424839,0.302914577980348,0.281891239306037,0.324847792913084,0.295983552932739,0.003536982809137612,0.003536982809137612,0.004031967858961705,0.004031967858961705,1.246694392117912,1.0,248.032936548349,0.000695745697446,10000,0.010516911745071411,0.006979928935934021,0.003536982809137612,0.000110605432653621,4.871940795068904e-05,1.2510247392134993e-05,4.9375777310801636e-05,4.84062075514621e-07,5.333124602616143e-08
dataset_0064,sigma2_w,0.4653975665569305,0.1188371554017067,0.4383784085512161,0.321808622777462,0.7771607846021652,0.6162019371986389,0.49375774367757,0.101931571573318,0.476815527867581,0.356006846540416,0.753516586156836,0.616201937198639,-0.02836017712063954,0.02836017712063954,-0.0384371193163649,0.0384371193163649,1.1455119622077654,1.0,161.066239605763,0.0080316811763077,10000,-0.15080437064170843,-0.122444193521069,-0.02836017712063954,0.022741958204641772,0.014992580527024995,0.0008042996463140464,0.006945078031302763,6.450790251785544e-05,1.4122269503969386e-06
dataset_0064,eta,0.4404672980308532,0.1110838055610656,0.4378153085708618,0.1900571517646313,0.6619554847478865,0.3791971802711487,0.413238973813748,0.0260255804903773,0.406552007231873,0.380724926112514,0.467168280172649,0.379197180271149,0.027228324217105193,0.027228324217105193,0.0312633013389888,0.0312633013389888,5.459047003833001,1.0,443.953541765392,0.0012351840146671,10000,0.061270117759704534,0.03404179354259901,0.027228324217105193,0.003754027330288061,0.0011588437075969356,0.0007413816396717971,0.0018538019830192875,1.525679550089135e-06,1.233961185792863e-06
dataset_0064,rho,0.4737479090690613,0.1057684198021888,0.4649854302406311,0.2915345199406147,0.7074671834707259,0.5762937664985657,0.488119099486597,0.0734217614241452,0.484615420725072,0.352991997611707,0.64371569458989,0.576293766498566,-0.014371190417535706,0.014371190417535706,-0.019629990484440918,0.019629990484440918,1.430680291470442,1.0,196.398540358593,0.0052390877354747,10000,-0.1025458574295044,-0.08817466701196902,-0.014371190417535706,0.010515652875952242,0.007774771902671618,0.00020653111401707012,0.002534349859263622,2.7448040300001423e-05,1.1186958627452046e-06
dataset_0065,beta0,-0.238728642463684,0.039585031569004,-0.2385271564126014,-0.2869457632303238,-0.194635035470128,-0.2289078831672668,-0.246784939173455,0.0229237513627635,-0.246719954145458,-0.292084250716742,-0.20169971129196,-0.228907883167267,0.00805629670977101,0.00805629670977101,0.00819279773285661,0.00819279773285661,1.0213110377911119,0.9431486013081424,661.266004131827,0.0008914512356532,10000,-0.009820759296417209,-0.017877056006187997,0.00805629670977101,9.644731315816503e-05,0.00031958913144838235,6.490391667586721e-05,-0.00028804573496608887,7.946853055476171e-07,1.5669747243190436e-07
dataset_0065,sigma2_w,0.4583756923675537,0.2398222684860229,0.3980682939291,0.1675819661468267,1.0721571505069731,0.3223477602005005,0.399667585306059,0.191957637071087,0.351994752939238,0.161121802807219,0.902169327354761,0.3223477602005,0.05870810706149471,0.05870810706149471,0.046073540989861994,0.046073540989861994,1.2206709480777886,0.9912823899606816,189.107489896212,0.013958894671309,10000,0.13602793216705322,0.07731982510555901,0.05870810706149471,0.018503598329644433,0.005978355354354234,0.003446641834743925,0.00907860114054641,0.00019485074044469877,5.751472046178205e-06
dataset_0065,eta,0.3403433561325073,0.1785358339548111,0.344349592924118,0.0185315494425594,0.711618785560131,0.311838150024414,0.240297388462414,0.141827673427543,0.256810289936535,0.0124337625485811,0.550112446963369,0.311838150024414,0.10004596767009333,0.10004596767009333,0.087539302987583,0.087539302987583,1.2890361031736475,0.9886590503385583,1268.12838381875,0.0039827162593975,10000,0.028505206108093317,-0.07154076156200001,0.10004596767009333,0.0008125467752648805,0.005118080564870938,0.010009195647045359,-0.014314729436651416,1.5862028802869213e-05,3.187504400593988e-06
dataset_0065,rho,0.7003378868103027,0.1478259414434433,0.7256301939487457,0.3600473836064338,0.912019269168377,0.608997642993927,0.636710939185953,0.129327524622919,0.64455386493667,0.377217714753299,0.859758565393457,0.608997642993927,0.06362694762434973,0.06362694762434973,0.08107632901207573,0.08107632901207573,1.1438863359022873,1.0,198.463067710844,0.0091801782739589,10000,0.09134024381637573,0.027713296192026005,0.06362694762434973,0.008343040140434965,0.0007680267858269631,0.0040483884639917435,0.0035266248906162586,8.4275673141667e-05,2.1852508963640326e-06
dataset_0066,beta0,0.0462266728281974,0.0338839441537857,0.0475809853523969,-0.0035664870054461,0.0919035809114574,0.0618858560919761,0.0596352845479869,0.0233265922219429,0.0606065707754423,0.0118266499491953,0.103728906036034,0.0618858560919762,-0.0134086117197895,0.0134086117197895,-0.013025585423045397,0.013025585423045397,1.038821808973803,0.8713271509526075,194.379717275925,0.0016731151215353,10000,-0.0156591832637787,-0.002250571543989298,-0.0134086117197895,0.00024521002048860695,5.0650722746143725e-06,0.0001797908682520763,6.03540799619193e-05,2.7993142099100816e-06,1.1481216714168681e-07
dataset_0066,sigma2_w,1.0581910610198977,0.1194494292140007,1.05361145734787,0.847245167195797,1.302801203727722,1.037764072418213,1.36588523413364,0.155462840628239,1.35652691329562,1.07652581231107,1.69672198895174,1.03776407241821,-0.30769417311374236,0.30769417311374236,-0.3029154559477498,0.3029154559477498,0.7345353836256644,0.49670155430109164,967.761972955961,0.0049973794016973,10000,0.020426988601684792,0.32812116171543004,-0.30769417311374236,0.0004172618633333604,0.1076634967654834,0.09467570416814966,-0.20192193907029957,2.4973800884508464e-05,1.4268166139550564e-06
dataset_0066,eta,0.3335749506950378,0.2234950065612793,0.3136829137802124,0.0106461325427517,0.7175790682435036,0.0569064542651176,0.129654136185053,0.0829429218947864,0.123184503475921,0.0059752835760611,0.297682944088811,0.0569064542651176,0.20392081450998478,0.20392081450998478,0.1904984103042914,0.1904984103042914,2.4234294514519727,0.9839879111899892,2219.57194556869,0.0017605352176081,10000,0.2766684964299202,0.07274768191993541,0.20392081450998478,0.07654545691679276,0.005292225224724098,0.04158369859041562,0.029669533101653045,3.0994842524384003e-06,4.995001795782627e-06
dataset_0066,rho,0.0242502652108669,0.0246585216373205,0.0164607018232345,0.0007780889631249,0.0896454455330967,0.0542901009321212,0.189546749801791,0.0407633167373483,0.188952190627673,0.11259122709849,0.273146653287076,0.0542901009321213,-0.1652964845909241,0.1652964845909241,-0.1724914888044385,0.1724914888044385,0.5534995526441414,0.0,1593.65497339697,0.0010211096070916,10000,-0.0300398357212543,0.1352566488696697,-0.1652964845909241,0.0009023917301599459,0.018294361063453123,0.027322927818117612,-0.04471489715141078,1.0426648296947616e-06,6.080426893382033e-08
dataset_0067,beta0,0.1720106750726699,0.031380258500576,0.1726102009415626,0.1304541356861591,0.2149462133646011,0.1252090632915496,0.168643867187476,0.0192696951923435,0.170050449408075,0.128018248929413,0.203789487356373,0.12520906329155,0.00336680788519389,0.00336680788519389,0.0025597515334875864,0.0025597515334875864,1.1150943211768733,0.9678520925971905,228.651392081933,0.001274347643348,10000,0.0468016117811203,0.04343480389592602,0.00336680788519389,0.0021903908653106985,0.0018865821894775503,1.1335395335803753e-05,0.000292473280497308,1.6239619161066014e-06,9.847206235629722e-08
dataset_0067,sigma2_w,0.7332509756088257,0.1952166557312011,0.6977164447307587,0.4552804596722126,1.2153681665658949,0.6124833822250366,0.797735738373097,0.232062256098952,0.762858862917972,0.45277318456975,1.36182651490289,0.612483382225037,-0.06448476276427129,0.06448476276427129,-0.06514241818721334,0.06514241818721334,0.8361310404254649,1.0,455.188869171922,0.0108769890997176,10000,0.12076759338378906,0.18525235614806002,-0.06448476276427129,0.014584811611712212,0.03431843545840767,0.004158284628764349,-0.023891908475459887,0.0001183088918753755,3.8109542674874283e-06
dataset_0067,eta,0.1948879361152649,0.1220918297767639,0.192255787551403,0.0085945489117875,0.4617350988090037,0.1673244833946228,0.138921219915963,0.096918216739722,0.127156033251476,0.0071061691692691,0.315013016995574,0.167324483394623,0.05596671619930188,0.05596671619930188,0.06509975429992698,0.06509975429992698,1.4716806498335493,0.9951661362745721,1506.17112481577,0.0024972858476505,10000,0.02756345272064209,-0.028403263478659985,0.05596671619930188,0.0007597439258830718,0.0008067453762381801,0.0031322733221331995,-0.0031792747724883183,6.236436604875476e-06,1.4906414898238293e-06
dataset_0067,rho,0.4571814835071563,0.1206604689359664,0.4529619812965393,0.234199646115303,0.6930327847599983,0.2908796668052673,0.490574614583648,0.12395706725549,0.498663808726648,0.241749918659946,0.710337418693186,0.290879666805267,-0.03339313107649167,0.03339313107649167,-0.0457018274301087,0.0457018274301087,0.9791834793120756,0.9835446224155799,389.835215530149,0.0062781365645962,10000,0.16630181670188904,0.19969494777838098,-0.03339313107649167,0.0276562942383487,0.03987807216821031,0.0011151012030917536,-0.01333687913295327,3.941499872371977e-05,1.455894876384731e-06
dataset_0068,beta0,-0.0721290856599807,0.0358453541994094,-0.0714779905974865,-0.1239375216886401,-0.0241440176498144,-0.0838558077812194,-0.0691477468649744,0.0246292393120568,-0.0679630857897161,-0.122218600246066,-0.0228444798142102,-0.0838558077812195,-0.002981338795006311,0.002981338795006311,-0.0035149048077703915,0.0035149048077703915,1.0042202497506127,0.9869227739580816,202.528999957119,0.0017306425990289,10000,0.011726722121238695,0.014708060916245103,-0.002981338795006311,0.00013751601170874895,0.00021632705591597673,8.888381010609681e-06,-8.769942521783517e-05,2.995123805573506e-06,1.2848894176811172e-07
dataset_0068,sigma2_w,0.9288576245307922,0.1876564919948578,0.8999655842781067,0.6389335468411446,1.3838124394416809,0.9925889372825624,1.08641878883604,0.196699809209629,1.05803615855463,0.770779131997521,1.53708419423593,0.992588937282562,-0.1575611643052477,0.1575611643052477,-0.15807057427652338,0.15807057427652338,0.9720396344827922,0.8229972865843004,659.455727760484,0.0076596886406359,10000,-0.06373131275177013,0.0938298515534779,-0.1575611643052477,0.004061680225063938,0.008804041042547698,0.024825520497225258,-0.02956788131470906,5.8670830071486636e-05,3.5214958987816126e-06
dataset_0068,eta,0.2460442334413528,0.1602290272712707,0.2334983050823211,0.0102839587023481,0.6139274850487709,0.2104535549879074,0.219294822428859,0.0933373511996138,0.245225805514721,0.0164362167605618,0.353261417105967,0.210453554987907,0.026749411012493785,0.026749411012493785,-0.011727500432399895,0.011727500432399895,1.7921566608656436,1.0,2316.93100942512,0.001939094260565,10000,0.03559067845344538,0.008841267440952011,0.026749411012493785,0.0012666963927765412,7.816800996243812e-05,0.0007155309895153238,0.0004729973932988089,3.7600865513561242e-06,2.5673341180297608e-06
dataset_0068,rho,0.3279997706413269,0.1072323992848396,0.3195864856243133,0.1379891347140074,0.5596726089715955,0.3600066602230072,0.385477354228491,0.0782889452371544,0.380718381058007,0.246399086929592,0.547107108678262,0.360006660223007,-0.057477583587164094,0.057477583587164094,-0.061131895433693684,0.061131895433693684,1.402302046368516,1.0,736.283156132357,0.0028852138570639,10000,-0.0320068895816803,0.025470694005484018,-0.057477583587164094,0.0010244409806938748,0.0006487562531209995,0.0033036726150194352,-0.002927987887446574,8.324459000993547e-06,1.1498787456383269e-06
dataset_0069,beta0,0.0828753933310508,0.0246565844863653,0.0834005959331989,0.0475942640565335,0.1166895981878042,0.0681720152497291,0.076910457959505,0.0155784735077573,0.0771932450514318,0.0458897103205376,0.107080391533276,0.0681720152497292,0.005964935371545799,0.005964935371545799,0.006207350881767104,0.006207350881767104,1.1291806654521561,0.9721435731354294,377.728669023433,0.0008015579500378,10000,0.014703378081321702,0.008738442709775807,0.005964935371545799,0.00021618932700229147,7.636038099203394e-05,3.5580453986718215e-05,0.00010424849202353645,6.424951472688003e-07,6.0794715853327e-08
dataset_0069,sigma2_w,0.6109889149665833,0.1634820848703384,0.5763896703720093,0.3982152603566646,1.0424533396959306,1.1300982236862185,0.790135723201932,0.199649732510638,0.753811823595019,0.499819563546542,1.25873068635107,1.13009822368622,-0.1791468082353488,0.1791468082353488,-0.1774221532230097,0.1774221532230097,0.8488979275445427,0.8422876473025573,271.232272490048,0.0121226635311761,10000,-0.5191093087196352,-0.339962500484288,-0.1791468082353488,0.26947447439937755,0.11557450173552952,0.032093578900912835,0.12180639376293682,0.000146958971090107,2.672639207355253e-06
dataset_0069,eta,0.5622856020927429,0.1015120595693588,0.5706394016742706,0.3490405663847923,0.7087368384003639,0.6058845520019531,0.63651029829315,0.0521119625436471,0.640791048761452,0.496267656866997,0.712236001585475,0.605884552001953,-0.07422469620040706,0.07422469620040706,-0.07015164708718136,0.07015164708718136,1.66550460200289,0.9837977959701812,555.88712090221,0.0022102638619001,10000,-0.043598949909210205,0.030625746291196965,-0.07422469620040706,0.0019008684331858205,0.0009379363358927647,0.005509305526042722,-0.004546373428749676,4.8852663392215445e-06,1.0304698238013048e-06
dataset_0069,rho,0.4888160228729248,0.1228390336036682,0.485475406050682,0.255593292415142,0.7315168753266335,0.7693344354629517,0.678910807830821,0.0818330855158247,0.685861663598024,0.503085222656335,0.821173726525671,0.769334435462952,-0.19009478495789622,0.19009478495789622,-0.20038625754734202,0.20038625754734202,1.4961986274957952,0.7181386623269268,255.92099540898,0.0051153572351519,10000,-0.28051841259002686,-0.09042362763213097,-0.19009478495789622,0.07869057980202854,0.00817643243415428,0.036136027268188806,0.03437812009968564,2.6166879643220887e-05,1.5089428176683124e-06
dataset_0070,beta0,-0.4746434688568115,0.0337378829717636,-0.4739665240049362,-0.5218049436807632,-0.4335691243410111,-0.4894320666790008,-0.463980480586305,0.0134406593711042,-0.463984418544671,-0.490094440958132,-0.43759054325297,-0.489432066679001,-0.010662988270506546,0.010662988270506546,-0.009982105460265234,0.009982105460265234,1.6805575051826507,1.0,350.223948080734,0.0007182037279483,10000,0.014788597822189276,0.025451586092696044,-0.010662988270506546,0.00021870262554646137,0.0006477832346339186,0.00011369931885696017,-0.0005427799279444108,5.158165948388357e-07,1.1382447474164161e-07
dataset_0070,sigma2_w,0.8556298613548279,0.1860194504261016,0.824526309967041,0.5828997567296028,1.3034978091716765,0.8843156099319458,0.776355207094557,0.134623204294702,0.751193505833795,0.57261855014124,1.11159283249051,0.884315609931946,0.07927465426027092,0.07927465426027092,0.07333280413324605,0.07333280413324605,1.3369804015530122,0.9809244950546632,287.796077674101,0.0079355583261024,10000,-0.02868574857711792,-0.10796040283738906,0.07927465426027092,0.0008228721714296228,0.011655448580811323,0.0062844708080854895,-0.017117047217467176,6.297308594697314e-05,3.4603235936828873e-06
dataset_0070,eta,0.5975291728973389,0.0758838802576065,0.595893919467926,0.4528981454670429,0.720204271376133,0.7201182842254639,0.70019292248808,0.0241623378288669,0.704333839478613,0.640298664148203,0.726548174098257,0.720118284225464,-0.1026637495907411,0.1026637495907411,-0.10843992001068703,0.10843992001068703,3.0992190687678542,0.9264470867626063,477.628417583086,0.0011055894175112,10000,-0.122589111328125,-0.019925361737384018,-0.1026637495907411,0.015028090216219425,0.000397020040365607,0.010539845480030391,0.004091224695823454,1.2223279601127546e-06,5.758363282950762e-07
dataset_0070,rho,0.5806559324264526,0.0920270159840583,0.5816139280796051,0.3977638371288776,0.7512002676725388,0.5871750116348267,0.550208743470143,0.0698889542621776,0.550244039242858,0.411543444860138,0.688054111113018,0.587175011634827,0.0304471889563096,0.0304471889563096,0.03136988883674707,0.03136988883674707,1.2782017971792436,1.0,318.622317362995,0.003915348699868,10000,-0.0065190792083740234,-0.03696626816468396,0.0304471889563096,4.2498393725054484e-05,0.0013665049820233267,0.0009270313153412214,-0.002251037903639489,1.532995544155804e-05,8.468971670930121e-07
dataset_0071,beta0,-1.0080316066741943,0.031604453921318,-1.0059040784835815,-1.0636503130197523,-0.9522636473178864,-0.9741562008857728,-0.979496217152066,0.0084286742804638,-0.979300527953199,-0.996085413346655,-0.963430443173799,-0.974156200885773,-0.028535389522128307,0.028535389522128307,-0.026603550530382547,0.026603550530382547,3.4110172237871024,1.0,580.319577422357,0.0003498852707357,10000,-0.03387540578842152,-0.005340016266292991,-0.028535389522128307,0.0011475431173302221,2.851577372427373e-05,0.00081426845517959,0.0003047588884263435,1.2241970267779408e-07,9.988415076647127e-08
dataset_0071,sigma2_w,0.1912950128316879,0.1794276386499405,0.1208718791604042,0.0494736326858401,0.7052833274006842,0.2137753665447235,0.393609136168522,0.235559987215592,0.323265972453161,0.11046831406479,1.0214806520073,0.213775366544724,-0.2023141233368341,0.2023141233368341,-0.20239409329275682,0.20239409329275682,0.7198691690564452,0.9069933215832204,30.129570295198,0.0429145984445023,10000,-0.02248035371303561,0.179833769623798,-0.2023141233368341,0.000505366303063194,0.03234018469710525,0.040931004501551724,-0.07276582289559375,0.0018416627596528794,3.219427751149362e-06
dataset_0071,eta,0.3280921280384063,0.1500431299209594,0.3394825160503387,0.0239679927006363,0.6184139773249625,0.365868479013443,0.373908603236435,0.0176938521933943,0.368390519387598,0.34806372453794,0.403568846721628,0.365868479013443,-0.04581647519802867,0.04581647519802867,-0.02890800333725929,0.02890800333725929,10.709750041754225,1.0,190.255720364726,0.0012827839968454,10000,-0.03777635097503668,0.008040124222991996,-0.04581647519802867,0.0014270526929891544,6.464359752114264e-05,0.0020991493995715766,-0.0007367403041035646,1.6455347825626593e-06,2.25129408364779e-06
dataset_0071,rho,0.7123913764953613,0.1854390799999237,0.7439744174480438,0.3109724253416061,0.961579430103302,0.8573691844940186,0.894303623394647,0.0628085198879649,0.90666783083052,0.727018531298199,0.97160592870768,0.857369184494019,-0.18191224689928565,0.18191224689928565,-0.16269341338247623,0.16269341338247623,2.660018511389076,0.95900647903133,30.2896559641443,0.0114122529437697,10000,-0.14497780799865723,0.036934438900627975,-0.18191224689928565,0.02101856481209552,0.001364152776904221,0.03309206557194666,-0.013437653536755233,0.0001302395172525802,3.4387652391218103e-06
dataset_0072,beta0,0.0984832122921943,0.0282652080059051,0.0991013944149017,0.068457530811429,0.127574210986495,0.102802462875843,0.100215559534468,0.0118525795340547,0.100071336648865,0.0772658255816919,0.123993621193085,0.102802462875843,-0.0017323472422736963,0.0017323472422736963,-0.0009699422339632946,0.0009699422339632946,1.2651288039928905,1.0,353.888523152833,0.0006300567070192,10000,-0.004319250583648709,-0.002586903341375013,-0.0017323472422736963,1.8655925604349718e-05,6.6920688976172075e-06,3.0010269678132806e-06,8.962829738919228e-06,3.9697145405987794e-07,7.989219836170818e-08
dataset_0072,sigma2_w,0.456589013338089,0.1574363857507705,0.4151135236024856,0.2730404771864414,0.8800736293196677,0.3097291588783264,0.568832637614665,0.197243181003078,0.527116846049703,0.29405038604312,1.04657020022104,0.309729158878326,-0.11224362427657597,0.11224362427657597,-0.11200332244721739,0.11200332244721739,0.806667333798209,0.9653891903879618,110.443452741167,0.0187686056879111,10000,0.14685985445976257,0.25910347873633893,-0.11224362427657597,0.021567816851942645,0.06713461269327244,0.012598631190741155,-0.05816542703207084,0.0003522605594682889,2.4786215558265418e-06
dataset_0072,eta,0.2075622975826263,0.1142657697200775,0.2151108235120773,0.0101216905517503,0.423034107685089,0.0308614876121282,0.0839034549810144,0.0548754553557357,0.0791834644379262,0.0038898730461731,0.199138979499465,0.0308614876121283,0.12365884260161189,0.12365884260161189,0.1359273590741511,0.1359273590741511,2.114797986192664,0.9680827348264051,2122.78772703068,0.0011910359024308,10000,0.17670080997049809,0.0530419673688861,0.12365884260161189,0.031223176244230075,0.0028134503023619774,0.015291509353570223,0.01311821658829784,1.4185665208791503e-06,1.3056666129721779e-06
dataset_0072,rho,0.5218487977981567,0.1209165304899215,0.5135188102722168,0.3096082046627998,0.7715220227837563,0.3405575156211853,0.603935781776865,0.106830006534123,0.608709277589568,0.382668163342323,0.784756959298882,0.340557515621185,-0.08208698397870828,0.08208698397870828,-0.09519046731735126,0.09519046731735126,1.148785598519539,0.9670845428964511,122.997117403905,0.0096326501711209,10000,0.18129128217697144,0.26337826615568,-0.08208698397870828,0.03286652899337028,0.06936811108317222,0.0067382729387207106,-0.04323985502852254,9.278794931919551e-05,1.4620807345720115e-06
dataset_0073,beta0,0.0657557845115661,0.0220570880919694,0.0662888698279857,0.0328004313632845,0.0979430366307497,0.0660848543047905,0.0685855057120079,0.0110703871542024,0.0688331085578177,0.046178000114412,0.0894887785142972,0.0660848543047905,-0.0028297212004417954,0.0028297212004417954,-0.0025442387298320046,0.0025442387298320046,1.5040737588691753,1.0,316.919685637506,0.0006218536690424,10000,-0.00032906979322439023,0.002500651407217405,-0.0028297212004417954,1.0828692881274293e-07,6.253257460418389e-06,8.007322072229756e-06,-1.4152292603835402e-05,3.8670198570149484e-07,4.865151350968983e-08
dataset_0073,sigma2_w,0.5529678463935852,0.1132005378603935,0.530351996421814,0.4021639905869961,0.8424032613635063,0.5010402798652649,0.603692369057766,0.0955649855444323,0.591627556313902,0.454566120677871,0.820259694049411,0.501040279865265,-0.050724522664180816,0.050724522664180816,-0.061275559892087994,0.061275559892087994,1.2038474363049108,1.0,347.885810062566,0.0051236616323386,10000,0.05192756652832031,0.10265208919250102,-0.050724522664180816,0.002696472165553132,0.010537451415585184,0.0025729771995089933,-0.010413956449541057,2.6251908522698645e-05,1.281436177188238e-06
dataset_0073,eta,0.1523110717535019,0.1050437614321708,0.1379473060369491,0.0062684513512067,0.3859480783343315,0.0314585380256176,0.124950565925596,0.080135875871492,0.117659969385458,0.0059446348980335,0.290837956832754,0.0314585380256176,0.02736050582790589,0.02736050582790589,0.0202873366514911,0.0202873366514911,1.332708062107975,0.9988633764702727,2033.32034242118,0.0017771499974143,10000,0.12085253372788429,0.0934920278999784,0.02736050582790589,0.01460533490844941,0.00874075928085034,0.0007485972791588722,0.005115978348440198,3.1582621133096464e-06,1.1034191815818815e-06
dataset_0073,rho,0.3360125124454498,0.0860572755336761,0.3265645354986191,0.196709706261754,0.5326540634036063,0.2350760251283645,0.369644853807598,0.0647167582283726,0.366693302017176,0.254301319277225,0.508946621027431,0.235076025128365,-0.03363234136214821,0.03363234136214821,-0.0401287665185569,0.0401287665185569,1.3192639127165067,1.0,377.599957447543,0.0033304336526263,10000,0.10093648731708527,0.13456882867923298,-0.03363234136214821,0.010188174471912115,0.018108769652100756,0.0011311343855000652,-0.009051729565688808,1.109178831454576e-05,7.405854672279049e-07
dataset_0074,beta0,1.6377121210098269,0.4438773691654205,1.6871342658996582,0.2074981547892095,2.098840117454529,1.665614366531372,1.66425285674581,0.0085048044032329,1.66420425168275,1.64767485268571,1.68134120000264,1.66561436653137,-0.026540735735983034,0.026540735735983034,0.022930014216908212,0.022930014216908212,56.1790070321708,1.0,655.510633200519,0.0003321807486504,10000,-0.027902245521545188,-0.0013615097855601554,-0.026540735735983034,0.0007785353051445885,1.8537088961760605e-06,0.0007044106534072869,7.227094284101403e-05,1.1034404977394022e-07,1.9702711885721496e-05
dataset_0074,sigma2_w,0.2601250112056732,0.1763388961553573,0.20370514690876,0.0878842325881123,0.7620276167988772,0.1550011336803436,0.244981289216758,0.126434264685581,0.20921713438668,0.129439221830125,0.590038001075223,0.155001133680344,0.015143721988915226,0.015143721988915226,-0.005511987477920005,0.005511987477920005,1.4636239056379126,1.0,106.293342254183,0.0122634243280947,10000,0.10512387752532962,0.089980155536414,0.015143721988915226,0.0110510296259605,0.008096428390357256,0.00022933231567755455,0.00272526891992561,0.00015039157625090492,3.1095406297289887e-06
dataset_0074,eta,0.4323635399341583,0.1576164960861206,0.4415616542100906,0.0794378478080034,0.6987810388207435,0.2224530726671219,0.348748739776262,0.173930526625628,0.399012483074372,0.0214094093751834,0.649344768107188,0.222453072667122,0.08361480015789635,0.08361480015789635,0.0425491711357186,0.0425491711357186,0.9863167958297256,0.9201795201256381,654.782300105998,0.0067971577043529,10000,0.20991046726703644,0.12629566710913998,0.08361480015789635,0.044062404268265576,0.0159505955305427,0.006991434805444944,0.021120373932277885,4.620135285784398e-05,2.4842959838466073e-06
dataset_0074,rho,0.6216360330581665,0.1950181722640991,0.6407050490379333,0.2128936566412449,0.9235923543572424,0.4133062958717346,0.566862192800068,0.12266999559865,0.558010001645027,0.35289675598796,0.829304977345002,0.413306295871735,0.054773840258098505,0.054773840258098505,0.08269504739290634,0.08269504739290634,1.4917851243028142,1.0,127.154320428352,0.0108785945100924,10000,0.20832973718643188,0.153555896928333,0.054773840258098505,0.04340127939616778,0.023579413481464827,0.0030001735766196926,0.0168216923380831,0.00011834381851501252,3.8032087513229825e-06
dataset_0075,beta0,-0.6491735577583313,0.0178715791553258,-0.6492899954319,-0.6795413285493851,-0.6175585702061653,-0.6338673830032349,-0.636457781092105,0.007294738364693,-0.636529303807025,-0.651030622479361,-0.622280836199796,-0.633867383003235,-0.012715776666226253,0.012715776666226253,-0.012760691624875031,0.012760691624875031,2.1559380560430905,1.0,741.705579702071,0.0002678514161759,10000,-0.015306174755096436,-0.0025903980888700717,-0.012715776666226253,0.00023427898563355143,6.71016225882172e-06,0.00016169097622534403,6.587784714938228e-05,7.174438114743518e-08,3.1939334150507563e-08
dataset_0075,sigma2_w,0.1364769041538238,0.1505542248487472,0.0756979286670684,0.0358879758045077,0.6056848645210261,0.1349624544382095,0.158920221004383,0.0959204210556909,0.127403113592582,0.0581331068306457,0.429973903540775,0.13496245443821,-0.022443316850559197,0.022443316850559197,-0.0517051849255136,0.0517051849255136,1.532367867533123,1.0,28.0629729923178,0.0181069055969695,10000,0.001514449715614291,0.02395776656617299,-0.022443316850559197,2.293557941124207e-06,0.0005739745788392363,0.0005037024712545945,-0.001075383492152708,0.0003278600302975654,2.266657461980713e-06
dataset_0075,eta,0.5554388165473938,0.101894661784172,0.575766921043396,0.3254897274076939,0.6805618152022361,0.66251540184021,0.659977518375045,0.0241608628689402,0.668055235226627,0.59608881766464,0.68418599829409,0.66251540184021,-0.10453870182765124,0.10453870182765124,-0.09228831418323102,0.09228831418323102,4.030459150424219,0.958861531481947,264.767909096636,0.0014848403728543,10000,-0.10707658529281616,-0.002537883465164925,-0.10453870182765124,0.011465395117969734,6.440852482757528e-06,0.010928340179810573,0.0005306140856764049,2.204750932858097e-06,1.0382522100110802e-06
dataset_0075,rho,0.6971027851104736,0.1962951123714447,0.7162207663059235,0.2926294192671776,0.9700359523296356,0.8068976998329163,0.816691713280001,0.0904181618489274,0.826743886365498,0.606631922810056,0.949926251317894,0.806897699832916,-0.11958892816952738,0.11958892816952738,-0.11052312005957454,0.11052312005957454,1.9732529110133303,1.0,35.4416320000386,0.0151879380799977,10000,-0.10979491472244263,0.00979401344708497,-0.11958892816952738,0.012054923298908449,9.592269940168123e-05,0.014301511740736378,-0.0023425111412296593,0.0002306734631218442,3.85317711409181e-06
dataset_0076,beta0,-0.4572308659553528,0.0156413968652486,-0.456508457660675,-0.487480104714632,-0.4311578668653965,-0.4642052948474884,-0.463416678933938,0.0020435098094191,-0.463413642761519,-0.467299418525573,-0.459424877535026,-0.464205294847488,0.006185812978585226,0.006185812978585226,0.00690518510084398,0.00690518510084398,7.152447097151118,1.0,678.591054357734,7.84463356259515e-05,10000,0.00697442889213562,0.0007886159135500059,0.006185812978585226,4.8642658371456093e-05,6.219150591043104e-07,3.826428220603342e-05,9.756461106312942e-06,6.153827573139427e-09,2.4465329589620875e-08
dataset_0076,sigma2_w,0.0735868141055107,0.1693447083234787,0.0073253095615655,0.0006126731706899,0.5855615481734273,0.0005763336084783,0.0540820112950799,0.0917902581914535,0.0182557490495903,0.000933985502452,0.330793940342785,0.0005763336084783,0.0195048028104308,0.0195048028104308,-0.010930439488024798,0.010930439488024798,1.7733249108273204,1.0,7.35821962073646,0.0338384310541634,10000,0.0730104804970324,0.053505677686601597,0.0195048028104308,0.005330530262407549,0.002862857544702496,0.00038043733267378925,0.0020872353850312627,0.0011450394162073698,2.8677630237164074e-06
dataset_0076,eta,0.4290865361690521,0.2448149025440216,0.4451204240322113,0.0188677250407636,0.7980134174227714,0.3666657209396362,0.268385867027911,0.161922009226822,0.252731566466086,0.0130430530814524,0.635307870256449,0.366665720939636,0.16070066914114112,0.16070066914114112,0.19238885756612528,0.19238885756612528,1.2521127193390598,0.9906395608452451,7.81016931110272,0.0579396223051987,10000,0.06242081522941595,-0.098279853911725,0.16070066914114112,0.003896358173904886,0.009658929684910007,0.025824705062410504,-0.031587276573415604,0.003356999832869079,5.99343365076388e-06
dataset_0076,rho,0.72233647108078,0.323272705078125,0.8838735520839691,0.0254634325392544,0.9992782682180404,0.7225685715675354,0.990165527425306,0.0153638858654529,0.995426511297521,0.942118524931204,0.999802008576212,0.722568571567535,-0.2678290563445259,0.2678290563445259,-0.1115529592135519,0.1115529592135519,16.882039262257,0.9909204450723752,11.0642975770489,0.0046189062598267,10000,-0.0002321004867553711,0.267596955857771,-0.2678290563445259,5.387063595208019e-08,0.07160813078434583,0.07173240342239924,-0.14334048033610913,2.1334295037066273e-05,1.0450524184852838e-05
dataset_0077,beta0,-0.0368612408638,0.0304365027695894,-0.036660611629486,-0.0760662633925676,-0.0001724783171084,-0.0002257221058243,-0.0255893275897405,0.0164368571152131,-0.0255652041944393,-0.058728089693998,0.0057063940179589,-0.0002257221058243,-0.011271913274059499,0.011271913274059499,-0.011095407435046702,0.011095407435046702,1.1778442334500436,0.9087620169139903,368.286093893344,0.0008564975392248,10000,-0.0366355187579757,-0.025363605483916203,-0.011271913274059499,0.0013421612346659895,0.0006433124831437441,0.00012705602885791872,0.0005717927226643267,7.335880346981379e-07,9.263807008432232e-08
dataset_0077,sigma2_w,0.2302971184253692,0.1784277111291885,0.1680916920304298,0.076533493772149,0.7540484458208082,0.1153814867138862,0.180900957814619,0.137076523446823,0.136520245372107,0.0778563892194426,0.545913249425317,0.115381486713886,0.049396160610750195,0.049396160610750195,0.031571446658322816,0.031571446658322816,1.4475056550835614,1.0,86.8020109354335,0.0147128967746843,10000,0.114915631711483,0.06551947110073301,0.049396160610750195,0.013205602411649198,0.004292801093319789,0.002439980683083029,0.006472820635246428,0.0002164693315025157,3.1836448098801144e-06
dataset_0077,eta,0.4283318817615509,0.1546584665775299,0.453157439827919,0.0515181588008999,0.6407565087080002,0.520014226436615,0.464695822167978,0.176224400237081,0.540598462103522,0.0424707673494034,0.642388767358091,0.520014226436615,-0.0363639404064271,0.0363639404064271,-0.08744102227560302,0.08744102227560302,0.9821981502448122,1.0,227.523361893715,0.0116829641232615,10000,-0.09168234467506409,-0.05531840426863699,-0.0363639404064271,0.008405652325117252,0.003060125850828355,0.0013223361618821814,0.004023190312406715,0.00013649165070541536,2.3919241284112936e-06
dataset_0077,rho,0.5719054937362671,0.2193050384521484,0.5819129347801208,0.142118427157402,0.923447784781456,0.3659988045692444,0.43764740015904,0.228689441515034,0.410116426453482,0.070386196560728,0.867663481605643,0.365998804569244,0.13425809357722707,0.13425809357722707,0.17179650832663884,0.17179650832663884,0.9799970126830309,0.9286033442472358,84.1208453178315,0.0249341346132872,10000,0.2059066891670227,0.07164859558979603,0.13425809357722707,0.042397564643724905,0.005133521249990139,0.01802523569099146,0.019238807702743468,0.0006217110689135267,4.809469989049829e-06
dataset_0078,beta0,-1.07184100151062,0.0409953854978084,-1.0706082582473757,-1.1458437621593476,-1.0092882245779038,-1.0694260597229004,-1.03225036818523,0.0171742955942474,-1.03207473395785,-1.06643386415478,-0.998833741610989,-1.0694260597229,-0.03959063332538992,0.03959063332538992,-0.03853352428952572,0.03853352428952572,2.020048669186717,0.8453481654542502,573.000558104106,0.0007174661418457,10000,-0.0024149417877195045,0.037175691537669975,-0.03959063332538992,5.8319438380738765e-06,0.001382032041303987,0.001567418247105475,-0.002943618344571386,5.147576646949542e-07,1.6806216321139194e-07
dataset_0078,sigma2_w,0.4245878458023071,0.1078165397047996,0.4022441655397415,0.2895604364573955,0.7003546506166456,0.3602451086044311,0.446058943434314,0.103123614102596,0.425052391311606,0.311390575901224,0.694052855092297,0.360245108604431,-0.02147109763200694,0.02147109763200694,-0.022808225771864477,0.022808225771864477,1.0735163524025584,1.0,160.145050815842,0.0081489445800374,10000,0.06434273719787598,0.08581383482988303,-0.02147109763200694,0.004139987830114933,0.007364014248210446,0.0004610080335231741,-0.0036850344516186724,6.640529776852091e-05,1.1624406233916627e-06
dataset_0078,eta,0.3988630473613739,0.1623223721981048,0.4098467379808426,0.0441323735751211,0.6882366761565208,0.4012496173381805,0.44894386874051,0.0879784173722672,0.432945380676182,0.328858483416583,0.661970015511399,0.401249617338181,-0.05008082137913611,0.05008082137913611,-0.0230986426953394,0.0230986426953394,1.9335995320572197,1.0,355.499468989448,0.0046661282042844,10000,-0.002386569976806585,0.047694251402329024,-0.05008082137913611,5.695716254194584e-06,0.002274741616828564,0.0025080886700089363,-0.004777134570583303,2.1772752418818356e-05,2.6348552516020066e-06
dataset_0078,rho,0.3466388285160064,0.1241057738661766,0.3322513401508331,0.1430262252688408,0.6343081176280974,0.2875800132751465,0.417088433770959,0.100386817179507,0.408434313787483,0.243142525934533,0.62906376533596,0.287580013275146,-0.07044960525495259,0.07044960525495259,-0.07618297363664994,0.07618297363664994,1.2730107654122547,1.0,227.058881942136,0.0066620430902339,10000,0.05905881524085993,0.12950842049581301,-0.07044960525495259,0.003487943657654029,0.01677243097932032,0.004963146880578643,-0.018247634202244876,4.4382818136133245e-05,1.5402243106922565e-06
dataset_0079,beta0,-0.4048424959182739,0.026272514835,-0.4042345732450485,-0.4495047010481358,-0.3654953129589557,-0.3610311150550842,-0.395421991908099,0.0171156452678702,-0.395029132058557,-0.430885023221853,-0.36292493443703,-0.361031115055084,-0.009420504010174913,0.009420504010174913,-0.009205441186491525,0.009205441186491525,1.2361577153786947,0.9621781170700923,602.840222521387,0.0006970953185123,10000,-0.04381138086318975,-0.03439087685301501,-0.009420504010174913,0.0019194370931394692,0.0011827324107192433,8.874589580572161e-05,0.0006479587866145189,4.85941883091765e-07,6.902450357552951e-08
dataset_0079,sigma2_w,0.1814081072807312,0.149608701467514,0.1296841129660606,0.0659585518762469,0.6279195830225942,1.1625230312347412,0.253794368382797,0.185706980805927,0.194559592336835,0.0853302587367996,0.772301270049457,1.16252303123474,-0.07238626110206581,0.07238626110206581,-0.0648754793707744,0.0648754793707744,0.8180272848377659,0.9655283804625452,76.1626638029979,0.0212792916407486,10000,-0.98111492395401,-0.9087286628519431,-0.07238626110206581,0.9625864940052828,0.8257877826886805,0.005239770796336445,0.13155894052026376,0.0004528082527320332,2.238276355479573e-06
dataset_0079,eta,0.4050303399562835,0.1691502928733825,0.426897719502449,0.0377964528277516,0.6561283841729164,0.3709888160228729,0.382873240247651,0.0646702024843086,0.361245551714599,0.300177516833117,0.549185193879208,0.370988816022873,0.0221570997086325,0.0221570997086325,0.06565216778784999,0.06565216778784999,2.4831842081347255,1.0,394.923738460054,0.0032542251786043,10000,0.03404152393341059,0.011884424224778034,0.0221570997086325,0.001158825351708966,0.00014123953915449097,0.0004909370674982823,0.0005266487450561888,1.058998151306219e-05,2.861182157915108e-06
dataset_0079,rho,0.5211049914360046,0.2240408658981323,0.5147534608840942,0.1190422059968114,0.918230094015598,0.9620515704154968,0.682572497708299,0.153998878547119,0.698897947357635,0.35204174015152,0.918025328808715,0.962051570415497,-0.16146750627229434,0.16146750627229434,-0.18414448647354076,0.18414448647354076,1.412033677363106,1.0,105.323234205991,0.0150056725401876,10000,-0.4409465789794922,-0.2794790727071981,-0.16146750627229434,0.19443388551371754,0.0781085520812753,0.02607175558179341,0.09025357785064902,0.0002251702083833402,5.01943095923849e-06
dataset_0080,beta0,0.3607531189918518,0.022417863830924,0.361068531870842,0.3367721021175384,0.3872603818774223,0.3694479167461395,0.370598919659858,0.0038807600591959,0.370568252682028,0.362979895080044,0.378280652264009,0.36944791674614,-0.009845800668006166,0.009845800668006166,-0.009499720811185997,0.009499720811185997,3.299724265462832,1.0,414.966533436816,0.00019050670059,10000,-0.00869479775428772,0.0011510029137179467,-0.009845800668006166,7.559950798796677e-05,1.324807707387203e-06,9.693979079411067e-05,-2.2665090513522408e-05,3.6292802969687906e-08,5.025606187418505e-08
dataset_0080,sigma2_w,0.1378564536571502,0.2103829383850097,0.0503917355090379,0.0028611091896891,0.7512494400143622,0.2492650300264358,0.139297734458825,0.162082645385909,0.0702971893990176,0.010459130613975,0.602437456391559,0.249265030026436,-0.001441280801674799,0.001441280801674799,-0.019905453889979705,0.019905453889979705,1.264215763037674,1.0,18.0724005630569,0.0381266453214145,10000,-0.11140857636928558,-0.10996729556761098,-0.001441280801674799,0.012411870888630938,0.012092806094454314,2.0772903492763517e-06,0.0003169875038273919,0.0014536410834649382,4.426098076351079e-06
dataset_0080,eta,0.4717823266983032,0.1968377977609634,0.504298597574234,0.0443234613165259,0.7535587713122368,0.3357782959938049,0.28244324034535,0.115549091641457,0.335245754900549,0.0201269031545381,0.418135670400476,0.335778295993805,0.1893390863529532,0.1893390863529532,0.16905284267368503,0.16905284267368503,1.7819590128713412,0.9392059669202305,70.4533128145247,0.0137662555145733,10000,0.13600403070449835,-0.053335055648454976,0.1893390863529532,0.018497096367870128,0.002844628161023789,0.03584928962097107,-0.020196821414124762,0.0001895097908925198,3.874511862738593e-06
dataset_0080,rho,0.870858371257782,0.1858894377946853,0.9605125188827516,0.3141106255352497,0.9980265334248544,0.9911489486694336,0.96199787595578,0.040476968656861,0.975706082495332,0.845562369860039,0.99710669284046,0.991148948669434,-0.09113950469799803,0.09113950469799803,-0.015193563612580396,0.015193563612580396,4.512976101242432,1.0,26.6987290471834,0.0078336233538638,10000,-0.12029057741165161,-0.029151072713654025,-0.09113950469799803,0.014469823014028549,0.0008497850403567442,0.008306409316596404,0.005313628657075507,6.136565485020034e-05,3.455488308362418e-06
dataset_0081,beta0,0.1006955876946449,0.0151527170091867,0.1010167822241783,0.0726889736950397,0.1266189888119697,0.0961797013878822,0.0972296496186321,0.0094391482703774,0.0974743750972893,0.0785845856739848,0.115204933228953,0.0961797013878822,0.003465938076012795,0.003465938076012795,0.0035424071268889967,0.0035424071268889967,1.4726789535784575,1.0,350.233305211625,0.0005043756209278,10000,0.004515886306762695,0.0010499482307499003,0.003465938076012795,2.0393229135606816e-05,1.1023912872548458e-06,1.2012726746755275e-05,7.278111101596695e-06,2.543947669863038e-07,2.2960483276049593e-08
dataset_0081,sigma2_w,0.3943821787834167,0.2045609652996063,0.3389729559421539,0.1574438281357288,0.9392416775226592,0.4394119381904602,0.34311465913199,0.146015415384496,0.300900800185158,0.180915208389922,0.742123189811685,0.43941193819046,0.051267519651426674,0.051267519651426674,0.03807215575699585,0.03807215575699585,1.3930625993706034,1.0,49.0986544250834,0.0208383780703836,10000,-0.04502975940704351,-0.09629727905846996,0.051267519651426674,0.002027679232256224,0.009273165954064837,0.0026283585712094204,-0.009873845293018055,0.0004342380006042441,4.184518852430673e-06
dataset_0081,eta,0.6734135746955872,0.0825736224651336,0.6765163838863373,0.5101200565695763,0.8014305666089058,0.6032195091247559,0.615156144538604,0.0343800345132391,0.611759448988127,0.568864009781933,0.731401410417872,0.603219509124756,0.05825743015698315,0.05825743015698315,0.06475693489821033,0.06475693489821033,1.7922675574948082,1.0,64.6190698254908,0.0042768690903188,10000,0.0701940655708313,0.01193663541384804,0.05825743015698315,0.004927206841362164,0.00014248326500313117,0.0033939281684957695,0.0013907954078632477,1.829160921572436e-05,6.818403127014416e-07
dataset_0081,rho,0.7706438302993774,0.1132818013429641,0.790154755115509,0.5130802854895592,0.9305012822151184,0.8508976697921753,0.76082597470743,0.0778791811889999,0.762413617020229,0.603463114913047,0.902093137637068,0.850897669792175,0.009817855591947477,0.009817855591947477,0.027741138095280005,0.027741138095280005,1.397786441289324,1.0,67.6693410720422,0.0094672839492923,10000,-0.08025383949279785,-0.090071695084745,0.009817855591947477,0.00644067875333576,0.008112910255439277,9.639028842433436e-05,-0.0017686217905279035,8.962946537652759e-05,1.2832766515506783e-06
dataset_0082,beta0,0.2485099881887436,0.0264147724956274,0.2485312595963478,0.2161237474530935,0.2833532772958278,0.2669552564620971,0.252679267887544,0.0148055790613788,0.253097559840909,0.222481897141754,0.28066944948234,0.266955256462097,-0.004169279698800432,0.004169279698800432,-0.004566300244561172,0.004566300244561172,1.1553936733620171,1.0,330.35555959923,0.0008145815847365,10000,-0.01844526827335352,-0.014275988574552978,-0.004169279698800432,0.000340227921675982,0.00020380384978076717,1.7382893206829423e-05,0.0001190411786883813,6.635431581918277e-07,6.977402059957538e-08
dataset_0082,sigma2_w,0.974429965019226,0.1867352277040481,0.943367213010788,0.6936540573835372,1.4170085310935974,0.8343262076377869,1.12502572209618,0.228282093879535,1.09424477600026,0.759310312330539,1.66260425413141,0.834326207637787,-0.15059575707695394,0.15059575707695394,-0.15087756298947208,0.15087756298947208,0.8007963302266028,0.9092336367116759,334.677934471589,0.0124783828867826,10000,0.1401037573814391,0.2906995144583929,-0.15059575707695394,0.01962906283239715,0.0845062077063454,0.022679082049580922,-0.0875562269235292,0.00015571003946914885,3.4870045265682693e-06
dataset_0082,eta,0.2586260437965393,0.114741139113903,0.2757784128189087,0.0200952550396323,0.452284412831068,0.3973971903324127,0.372026352059743,0.0287711923494821,0.379787590961698,0.304141530154507,0.407776635741052,0.397397190332413,-0.11340030826320369,0.11340030826320369,-0.10400917814278932,0.10400917814278932,4.170296882946845,1.0,724.495173793344,0.0010689074699779,10000,-0.1387711465358734,-0.025370838272670004,-0.11340030826320369,0.01925743111088085,0.0006436794346579771,0.012859629914189622,0.005754121762033329,1.142563179374555e-06,1.316552900515604e-06
dataset_0082,rho,0.4912343621253967,0.0827845633029937,0.4899117052555084,0.3346243217587471,0.655882728099823,0.5115891695022583,0.53658442558332,0.0847523664671921,0.540826318737133,0.369575329779101,0.693224537547269,0.511589169502258,-0.045350063457923306,0.045350063457923306,-0.050914613481624627,0.050914613481624627,0.9926129853875475,0.8912059347538228,312.043823118426,0.0047978209709622,10000,-0.020354807376861628,0.02499525608106201,-0.045350063457923306,0.00041431818334914056,0.0006247628265578675,0.0020566282556376708,-0.002267072898846411,2.3019086069404666e-05,6.853283921267372e-07
dataset_0083,beta0,-0.4507497549057007,0.0223606303334236,-0.4496340453624725,-0.4924043104052543,-0.4152546666562557,-0.4394750595092773,-0.455826234971069,0.0132492507343377,-0.455869804793043,-0.482208712651348,-0.429655119889165,-0.439475059509277,0.005076480065368316,0.005076480065368316,0.006235759430570531,0.006235759430570531,1.4680184492451027,1.0,433.334573868124,0.0006364725067796,10000,-0.011274695396423395,-0.01635117546179199,0.005076480065368316,0.0001271187562821309,0.0002673609389823085,2.5770649854081906e-05,-0.0001660128325542532,4.0509725188630793e-07,4.999977889080236e-08
dataset_0083,sigma2_w,0.2410800606012344,0.2138869911432266,0.1630404740571975,0.0465696576982736,0.8270810484886169,0.0713952481746673,0.237308691492371,0.173723579370257,0.183175212852144,0.0615672840395769,0.730081700860456,0.0713952481746674,0.003771369108863415,0.003771369108863415,-0.02013473879494651,0.02013473879494651,1.1675311274543125,1.0,73.7287651474469,0.020232068597894,10000,0.1696848124265671,0.16591344331770358,0.003771369108863415,0.028792935568239263,0.027527270673536837,1.4223224955289228e-05,0.0012514416697470968,0.00040933659974988853,4.574764498030269e-06
dataset_0083,eta,0.5532776713371277,0.0771027132868766,0.5679216086864471,0.3741943091154098,0.6445795476436615,0.5695463418960571,0.564414903001792,0.0430542406960743,0.564519161446477,0.508291188581901,0.628826718019428,0.569546341896057,-0.011137231664664293,0.011137231664664293,0.0034024472399701855,0.0034024472399701855,2.243199493045668,1.0,319.704456238096,0.0024079174250332,10000,-0.016268670558929443,-0.005131438894265039,-0.011137231664664293,0.00026466964175497765,2.6331665125576007e-05,0.00012403792915240098,0.00011430004747699704,5.798066325778516e-06,5.944828396198297e-07
dataset_0083,rho,0.8009824156761169,0.164292424917221,0.852245569229126,0.3834741719067097,0.9754815846681596,0.7873994708061218,0.845469263213815,0.0956458090254392,0.864969926573276,0.595195005155897,0.969111049283839,0.787399470806122,-0.04448684753769805,0.04448684753769805,-0.012724357344150006,0.012724357344150006,1.5832629331061387,1.0,69.7228891197093,0.0114545559434729,10000,0.013582944869995117,0.058069792407692944,-0.04448684753769805,0.00018449639134132667,0.003372100790272553,0.001979079603842391,-0.005166684002773624,0.00013120685186215035,2.6992000885180706e-06
dataset_0084,beta0,-0.4656582474708557,0.0301022790372371,-0.4645464867353439,-0.5154597297310829,-0.4202769599854947,-0.4708774089813232,-0.432266500932836,0.0161071166528283,-0.432321260062284,-0.464145542704197,-0.400147516064268,-0.470877408981323,-0.03339174653801974,0.03339174653801974,-0.03222522667305988,0.03222522667305988,1.4872766355924287,0.6854677405214284,280.640078107172,0.0009614859839831,10000,0.005219161510467474,0.03861090804848705,-0.03339174653801974,2.7239646872345123e-05,0.001490802220328722,0.0011150087368593533,-0.002578571310315732,9.244552973959499e-07,9.061472032356842e-08
dataset_0084,sigma2_w,0.4176174700260162,0.0523198693990707,0.4140326082706451,0.3250992707908153,0.5277905523777008,0.3856410384178161,0.450494752432592,0.0544826386171694,0.444732785675981,0.357684206456304,0.572257422684505,0.385641038417816,-0.032877282406575836,0.032877282406575836,-0.030700177405335927,0.030700177405335927,0.9446252666097947,0.8392385927486433,1349.82659992652,0.0014829248448556,10000,0.03197643160820007,0.06485371401477602,-0.032877282406575836,0.0010224921783938967,0.004206004221510355,0.001080915698441741,-0.004264427741558193,2.1990660954900054e-06,2.7373687339358143e-07
dataset_0084,eta,0.4265375435352325,0.2287552058696746,0.4527673423290252,0.021042372053489,0.7591140434145928,0.7484892010688782,0.363554291686858,0.217538343300685,0.375008410257808,0.0183380379709793,0.737214233298891,0.748489201068878,0.0629832518483745,0.0629832518483745,0.0777589320712172,0.0777589320712172,1.0267020610196116,0.9962381087312592,1083.45458858423,0.0066089194723539,10000,-0.3219516575336457,-0.38493490938201996,0.0629832518483745,0.10365286978866188,0.14817488446094393,0.0039668900133957696,-0.04848890468567796,4.3677816592058555e-05,5.232894421247721e-06
dataset_0084,rho,0.0332732833921909,0.0328928269445896,0.0230853948742151,0.0010593948565656,0.1196746271103619,0.0634434446692466,0.092134837514726,0.0530036735806406,0.0864424969929767,0.0078233474203757,0.208065102172929,0.0634434446692467,-0.0588615541225351,0.0588615541225351,-0.0633571021187616,0.0633571021187616,0.5923601318834519,0.942975683347839,749.234266601112,0.0019364092779978,10000,-0.030170161277055706,0.028691392845479294,-0.0588615541225351,0.0009102386314835516,0.0008231960234136204,0.0034646825537201285,-0.0033776399456501914,3.7496808919159608e-06,1.0819380644067197e-07
dataset_0085,beta0,-0.057174976915121,0.0452614612877368,-0.0560863148421049,-0.1197120087221264,-0.000636238331208,-0.0942181646823883,-0.0544063896035606,0.0300534143250917,-0.0544712271160082,-0.113381451716648,0.0040147806547442,-0.0942181646823883,-0.0027685873115604054,0.0027685873115604054,-0.0016150877260966978,0.0016150877260966978,1.014306575139591,0.9603818717858139,336.507320217114,0.0016383118051927,10000,0.037043187767267304,0.03981177507882771,-0.0027685873115604054,0.001372197759961022,0.001584977434927167,7.665075701733273e-06,-0.0002204447506678783,2.6840655710337636e-06,2.0485998779012973e-07
dataset_0085,sigma2_w,0.3861620128154754,0.0964816883206367,0.3722364604473114,0.2470876947045326,0.6101449608802794,0.4151505529880523,0.546646613801459,0.146792965166661,0.521826382817335,0.336586581717487,0.890878124679699,0.415150552988052,-0.16048460098598355,0.16048460098598355,-0.14958992237002355,0.14958992237002355,0.6549933347990801,0.7534854819029286,521.361847176492,0.0064288844472053,10000,-0.028988540172576904,0.13149606081340698,-0.16048460098598355,0.000840335461337105,0.017291214009443227,0.025755307153630353,-0.042206185701736496,4.133055523551819e-05,9.308716181200483e-07
dataset_0085,eta,0.3091411292552948,0.1991414278745651,0.2920442819595337,0.0126011829357594,0.6407978624105454,0.2902276813983917,0.156343543855082,0.106851852725582,0.144796849095241,0.0079733090479069,0.400736056607796,0.290227681398392,0.1527975854002128,0.1527975854002128,0.1472474328642927,0.1472474328642927,1.5994304026478416,0.9882171261999667,1558.67566025051,0.002706475998544,10000,0.018913447856903076,-0.13388413754331,0.1527975854002128,0.00035771850983579156,0.01792496228571595,0.023347102104135323,-0.04091434588001549,7.325012330694741e-06,3.965730829592061e-06
dataset_0085,rho,0.0795347541570663,0.0816182047128677,0.0551552642136812,0.0019107872503809,0.2911423496901988,0.0500659309327602,0.317115772117372,0.103675396881104,0.31146221521799,0.131472799076298,0.53442852469943,0.0500659309327602,-0.23758101796030573,0.23758101796030573,-0.2563069510043088,0.2563069510043088,0.7177750408994668,0.5520474642082819,580.35106659504,0.0043035842862269,10000,0.029468823224306107,0.26704984118461184,-0.23758101796030573,0.000868411542225403,0.07131561767672641,0.05644474009505512,-0.1268919462295561,1.8520837708659096e-05,6.661531340551578e-07
dataset_0086,beta0,0.8881201148033142,0.076952114701271,0.8891802132129669,0.8574145048856735,0.9331307888031006,0.8542717099189758,0.859690370195555,0.0044515166165651,0.859742873951888,0.850953970001054,0.868289851175945,0.854271709918976,0.028429744607759155,0.028429744607759155,0.029437339261078943,0.029437339261078943,4.367605151048978,0.6273316124260923,731.516741470673,0.0001645871268442,10000,0.03384840488433838,0.0054186602765790015,0.028429744607759155,0.0011457145132141022,2.936187919297522e-05,0.0008082503784624108,0.0003081022555587012,2.7088922322828777e-08,5.921627956997568e-07
dataset_0086,sigma2_w,0.0699395611882209,0.1086601987481117,0.03401137329638,0.0186359193176031,0.4089464582502841,0.0464240610599517,0.0581881577346332,0.0381916720577402,0.0451929603214069,0.027867037650718,0.163107529477,0.0464240610599518,0.011751403453587696,0.011751403453587696,-0.011181587025026897,0.011181587025026897,2.8860479111096358,1.0,24.0659932176866,0.007785146285434,10000,0.023515500128269196,0.011764096674681396,0.011751403453587696,0.0005529787462826286,0.00013839397057124986,0.0001380954831289928,0.00027648929258238095,6.060850268560681e-05,1.1807038791979137e-06
dataset_0086,eta,0.315487802028656,0.1696911305189132,0.3185310214757919,0.0192234240006655,0.6679773584008216,0.4612323045730591,0.452971191083648,0.0355144036029421,0.446435661685118,0.39257228140871,0.535943913526437,0.461232304573059,-0.13748338905499197,0.13748338905499197,-0.12790464020932613,0.12790464020932613,4.524981161318186,1.0,187.95447050741,0.0025904677861424,10000,-0.14574450254440308,-0.008261113489411054,-0.13748338905499197,0.021241460021915515,6.824599608492928e-05,0.018901682266046285,0.0022715317597842843,6.710523351041506e-06,2.879507977678684e-06
dataset_0086,rho,0.5654501914978027,0.2182746529579162,0.5322009325027466,0.2179428398609161,0.9664771184325218,0.6914166212081909,0.69026090621859,0.108451623536347,0.679271301821996,0.5025782246673,0.902069983953534,0.691416621208191,-0.12481071472078731,0.12481071472078731,-0.14707036931924944,0.14707036931924944,1.8737164438861036,1.0,47.8142376957232,0.0156840218894461,10000,-0.12596642971038818,-0.0011557149896009866,-0.12481071472078731,0.015867541413982167,1.3356771371884087e-06,0.015577714509113754,0.00028849122773125284,0.00024598854262862437,4.764382412389876e-06
dataset_0087,beta0,-0.290531724691391,0.0273579489439725,-0.2900493144989013,-0.339095264673233,-0.2466741118580103,-0.2662234008312225,-0.290261218647293,0.0206118524616016,-0.290414086790446,-0.330818424128497,-0.250296725625477,-0.266223400831223,-0.0002705060440980067,0.0002705060440980067,0.0003647722915446905,0.0003647722915446905,1.1477794747679892,1.0,550.784328640471,0.0008782663383783,10000,-0.024308323860168513,-0.024037817816070006,-0.0002705060440980067,0.0005908946088908378,0.0005778166853585726,7.317351989355276e-08,1.300475001234737e-05,7.713517611284267e-07,7.48457370421006e-08
dataset_0087,sigma2_w,0.4388862252235412,0.1174860522150993,0.4153810441493988,0.2884734995663166,0.7301342591643333,0.5530335307121277,0.441883318674872,0.115219309154489,0.416551726120553,0.295366733534595,0.750926116432109,0.553033530712128,-0.0029970934513308123,0.0029970934513308123,-0.0011706819711542193,0.0011706819711542193,0.9694910832236681,0.9843924690648262,233.979518260179,0.0075324515286688,10000,-0.11414730548858648,-0.111150212037256,-0.0029970934513308123,0.013029607350304685,0.01235436963592697,8.98256915601004e-06,0.0006662551452217823,5.673782603174493e-05,1.3802972465089036e-06
dataset_0087,eta,0.4948490858078003,0.146796703338623,0.5268034636974335,0.0962004628032446,0.6764695420861244,0.6762813329696655,0.631278637931944,0.0652742381872279,0.660257537419735,0.447344804523437,0.681236631793485,0.676281332969666,-0.13642955212414376,0.13642955212414376,-0.13345407372230156,0.13345407372230156,2.48092926570243,0.9796183998261017,303.891660962327,0.0037444015855448,10000,-0.18143224716186523,-0.04500269503772192,-0.13642955212414376,0.032917660310204155,0.002025242560658201,0.01861302269279446,0.012279395056751656,1.4020543233830414e-05,2.1549272111087684e-06
dataset_0087,rho,0.2958054840564728,0.1386070698499679,0.2821529060602188,0.0677657853811979,0.6116842433810233,0.6770538091659546,0.357146963656493,0.140298392203063,0.346520974366548,0.10398367142272,0.656023876193909,0.677053809165955,-0.06134147960002023,0.06134147960002023,-0.06436806830632918,0.06436806830632918,0.9852877621934621,0.9334130226528666,247.331662328578,0.0089209855498429,10000,-0.3812483251094818,-0.319906845509462,-0.06134147960002023,0.14535028539878514,0.1023403898038148,0.0037627771195196985,0.039247118475450975,7.958398318050583e-05,1.9211919812393884e-06
dataset_0088,beta0,-0.0362393967807292,0.0214186254888772,-0.0356098115444183,-0.0667841777205467,-0.0071382601046934,-0.0192594584077596,-0.0385772747525084,0.0109695962261327,-0.0383345628604915,-0.0604883348213528,-0.0176003279224531,-0.0192594584077597,0.002337877971779201,0.002337877971779201,0.0027247513160732,0.0027247513160732,1.3907365235334246,1.0,455.493655100462,0.0005139838537148,10000,-0.016979938372969596,-0.019317816344748696,0.002337877971779201,0.00028831830714984535,0.00037317802832943987,5.46567341093043e-06,-9.032539459052836e-05,2.6417940187951695e-07,4.5875751783278005e-08
dataset_0088,sigma2_w,0.2552571594715118,0.0549063049256801,0.2450466528534889,0.1875137537717819,0.3849859870970248,0.2556515336036682,0.251215420332342,0.0326812500205634,0.2474927080546,0.199143287259815,0.322479738726483,0.255651533603668,0.0040417391391697755,0.0040417391391697755,-0.0024460552011111025,0.0024460552011111025,1.6010857372413565,1.0,714.675332785496,0.0012224870384422,10000,-0.0003943741321564276,-0.004436113271325981,0.0040417391391697755,1.555309561141354e-07,1.9679100956034496e-05,1.6335655269096838e-05,-3.585922526901737e-05,1.4944745591591808e-06,3.0147023205917627e-07
dataset_0088,eta,0.197736456990242,0.1265860348939895,0.1882012039422989,0.0087501274887472,0.4879151158034799,0.3150445222854614,0.227677279844687,0.116414488135198,0.217178834491481,0.0154563728784567,0.439914217556622,0.315044522285461,-0.029940822854444993,0.029940822854444993,-0.02897763054918212,0.02897763054918212,1.1288871069824324,1.0,1356.96122050971,0.0031602636417072,10000,-0.11730806529521942,-0.08736724244077398,-0.029940822854444993,0.013761182183307463,0.007633035051704979,0.0008964528732012556,0.0052316942584011246,9.987266285096454e-06,1.602402423018233e-06
dataset_0088,rho,0.290486067533493,0.093750275671482,0.2794831991195678,0.1424541048705578,0.5114517346024511,0.1987587958574295,0.265312292861478,0.0566618736491259,0.263006553635507,0.16233028781109,0.393616758342037,0.19875879585743,0.02517377467201498,0.02517377467201498,0.016476645484060803,0.016476645484060803,1.5954138125105766,1.0,664.935400098391,0.0021973599466933,10000,0.09172727167606348,0.066553497004048,0.02517377467201498,0.008413892369134358,0.004429367963467826,0.000633718931237383,0.003350805474429057,4.828390735331982e-06,8.789114188478871e-07
dataset_0089,beta0,0.5501728057861328,0.032746497541666,0.5495558381080627,0.5226848885416985,0.5844148680567741,0.5619157552719116,0.550900135193543,0.0070154891644681,0.551074316457739,0.536773786884555,0.564037105459726,0.561915755271912,-0.0007273294074101599,0.0007273294074101599,-0.0015184783496762222,0.0015184783496762222,2.264213703290469,1.0,408.554262051085,0.0003470827945036,10000,-0.011742949485778809,-0.011015620078368982,-0.0007273294074101599,0.00013789686262555279,0.00012134388571096585,5.290080668836145e-07,1.6023968847711143e-05,1.2046646624042822e-07,1.0723331012463377e-07
dataset_0089,sigma2_w,0.4021723866462707,0.1888349950313568,0.3476243317127228,0.1927526678889989,0.9046577140688896,0.8696271777153015,0.842765035381091,0.244564397528148,0.805671076856243,0.473874994917613,1.43941138050044,0.869627177715302,-0.44059264873482035,0.44059264873482035,-0.4580467451435202,0.4580467451435202,0.7373156069619926,0.6051126080126457,96.7220177726735,0.0248674103458471,10000,-0.4674547910690308,-0.026862142334210914,-0.44059264873482035,0.21851398169339126,0.0007215746907834062,0.19412188211916478,0.023670524883443473,0.0006183880973087434,3.5658655348492553e-06
dataset_0089,eta,0.1516373753547668,0.0862232446670532,0.155247151851654,0.0080237554619088,0.3076401576399803,0.225848913192749,0.240588437254079,0.022389504746481,0.237739413568071,0.209308189454938,0.271566456122173,0.225848913192749,-0.0889510618993122,0.0889510618993122,-0.08249226171641699,0.08249226171641699,4.812475807903471,1.0,362.116360880839,0.0011765771600326,10000,-0.0742115378379822,0.01473952406133,-0.0889510618993122,0.005507352348278265,0.00021725356955452603,0.007912291413015271,-0.002622192634291533,1.3843338135103786e-06,7.434447920914517e-07
dataset_0089,rho,0.6700268387794495,0.1171114146709442,0.6739506423473358,0.4383699014782906,0.8748930722475052,0.8978628516197205,0.87426397156702,0.0336097108478164,0.877467981320246,0.802433988016475,0.930109812659266,0.89786285161972,-0.2042371327875705,0.2042371327875705,-0.20351733897291013,0.20351733897291013,3.4189962899437787,0.5675239179676724,99.3924832193404,0.0033712270703029,10000,-0.227836012840271,-0.023598880052700055,-0.2042371327875705,0.05190924874695213,0.0005569071397417245,0.041712806409287706,0.009639535197922499,1.1365171959543073e-05,1.3715083446229844e-06
dataset_0090,beta0,-0.1585737615823745,0.0436442904174327,-0.158521682024002,-0.2243777774274349,-0.0992389913648368,-0.1473659873008728,-0.15243577443336,0.0222718969153178,-0.152326579003593,-0.197792959093793,-0.110339204627502,-0.147365987300873,-0.006137987149014479,0.006137987149014479,-0.006195103020408987,0.006195103020408987,1.4309138221256446,1.0,352.827785641116,0.0011857027258772,10000,-0.011207774281501687,-0.005069787132487014,-0.006137987149014479,0.00012561420434509065,2.5702741568730897e-05,3.767488624146689e-05,6.22365765348885e-05,1.4058909541526224e-06,1.9048240860412078e-07
dataset_0090,sigma2_w,0.4455617070198059,0.1619039624929428,0.4101938158273697,0.2468847148120403,0.8676081106066702,0.3590837717056274,0.412488216377704,0.0860902662273676,0.40137267511194,0.273997673102477,0.609900419918855,0.359083771705627,0.03307349064210191,0.03307349064210191,0.008821140715429665,0.008821140715429665,1.8479259299833881,1.0,1278.42397462045,0.0024077788628638,10000,0.08647793531417852,0.053404444672077,0.03307349064210191,0.007478433296203245,0.0028520347107329337,0.0010938557832532027,0.003532542802217176,5.797399052453695e-06,2.621289307091623e-06
dataset_0090,eta,0.3888119757175445,0.1988056600093841,0.4123463928699493,0.0222770365420728,0.6781611874699592,0.1463456600904464,0.307745727586967,0.186532711866227,0.307570083723738,0.0149597855919364,0.663217349581652,0.146345660090446,0.0810662481305775,0.0810662481305775,0.10477630914621128,0.10477630914621128,1.0117647480906091,0.9887124325937638,1238.92367741033,0.0052994735352921,10000,0.2424663156270981,0.161400067496521,0.0810662481305775,0.05878991421377956,0.026049981787881534,0.0065717365859683605,0.026168195839929857,2.8084419751261355e-05,3.9523690451766825e-06
dataset_0090,rho,0.2731329202651977,0.1712282449007034,0.2442679330706596,0.0255233984906226,0.6665358692407608,0.215287983417511,0.129820076423857,0.0885607798960228,0.113493057896208,0.0076385188990077,0.348239601037481,0.215287983417511,0.1433128438413407,0.1433128438413407,0.1307748751744516,0.1307748751744516,1.8820036234926905,0.9474902443664471,1196.1567434242,0.002560633281862,10000,0.05784493684768671,-0.08546790699365397,0.1433128438413407,0.003346036718912864,0.007304763125875886,0.0205385712098925,-0.024497297616855523,6.556842804179357e-06,2.931911185177526e-06
dataset_0091,beta0,-0.1706076115369796,0.0133509971201419,-0.1705513671040535,-0.1952853802591562,-0.1452257622033357,-0.1685126274824142,-0.168634458238892,0.0085070095080718,-0.168616531077953,-0.185576486993022,-0.151737370936711,-0.168512627482414,-0.0019731532980875877,0.0019731532980875877,-0.001934836026100506,0.001934836026100506,1.479341776319372,1.0,497.592917943348,0.000381364113107,10000,-0.002094984054565402,-0.00012183075647800856,-0.0019731532980875877,4.388958188883291e-06,1.4842733224003825e-08,3.893333937753925e-06,4.807815179061767e-07,1.4543858676588866e-07,1.782491241020373e-08
dataset_0091,sigma2_w,0.0932018905878067,0.0387501195073127,0.0849237106740474,0.0638590026646852,0.175088695064187,0.074051521718502,0.0868035685689351,0.0122730501003972,0.085060643300835,0.0678824005736218,0.115644031750893,0.074051521718502,0.006398322018871597,0.006398322018871597,-0.00013693262678760032,0.00013693262678760032,2.3288503691731908,1.0,537.48805216734,0.0005293806949051,10000,0.0191503688693047,0.012752046850433102,0.006398322018871597,0.0003667366278304345,0.0001626146988756408,4.0938524657177106e-05,0.0001631834042976166,2.802439201382066e-07,1.5015717618310162e-07
dataset_0091,eta,0.4224041402339935,0.176342099905014,0.4331284612417221,0.0406557941809296,0.7400244638323783,0.1076205074787139,0.28304350908038,0.110427588156946,0.284063505827064,0.0272420979068406,0.483757487944473,0.107620507478714,0.13936063115361347,0.13936063115361347,0.14906495541465808,0.14906495541465808,1.5319717251893676,0.9706172090430878,640.28058345322,0.0043640771623886,10000,0.31478363275527954,0.17542300160166602,0.13936063115361347,0.0990887354506107,0.03077322949093812,0.0194213855155335,0.048894120444139044,1.9045169479281735e-05,3.109653619890994e-06
dataset_0091,rho,0.3641698658466339,0.1364042460918426,0.3417470604181289,0.1557235248386859,0.7023848861455917,0.2125432044267654,0.286734549942902,0.0636853459490175,0.281266014800666,0.174278055423679,0.422923409305718,0.212543204426765,0.07743531590373193,0.07743531590373193,0.060481045617462925,0.060481045617462925,2.198558520286086,1.0,445.596184781466,0.0030169546389678,10000,0.15162666141986852,0.07419134551613699,0.07743531590373193,0.022990644453335447,0.005504355749494819,0.005996228149110759,0.011490060554729986,9.102015293589329e-06,1.8606118351883957e-06
dataset_0092,beta0,-0.1269912868738174,0.0182998925447464,-0.1267055720090866,-0.1604751836508512,-0.0952927576377987,-0.1254822462797165,-0.11629348053347,0.0105234599000032,-0.116187616969606,-0.137461270285203,-0.0956712321896857,-0.125482246279716,-0.010697806340347393,0.010697806340347393,-0.010517955039480609,0.010517955039480609,1.5597599089062437,1.0,234.474664776447,0.0006872434173099,10000,-0.0015090405941008966,0.009188765746245997,-0.010697806340347393,2.277203514644387e-06,8.443341593938376e-05,0.00011444306049557689,-0.00019659927292031476,4.7230351463578934e-07,3.348860671492648e-08
dataset_0092,sigma2_w,0.2964849174022674,0.0343819186091423,0.2941720485687256,0.2360953759402036,0.3700650058686733,0.2781987488269806,0.344469390832552,0.0372693700449397,0.341770052798558,0.28025417808593,0.427298608859653,0.278198748826981,-0.04798447343028461,0.04798447343028461,-0.0475980042298324,0.0475980042298324,0.911082651845732,0.6703819950140635,984.831129148285,0.0011876026780151,10000,0.01828616857528681,0.06627064200557103,-0.04798447343028461,0.00033438396116380686,0.004391797991830556,0.00230250969038169,-0.0063599237210484535,1.4104001208286374e-06,1.1821163272456858e-07
dataset_0092,eta,0.4360432028770447,0.2028634846210479,0.47377610206604,0.0257079992443323,0.7156634941697121,0.5990617871284485,0.219066604615873,0.212482452345338,0.14685784959521,0.0083456800991175,0.710447295055361,0.599061787128448,0.2169765982611717,0.2169765982611717,0.32691825247082995,0.32691825247082995,0.9827003388510641,0.9924398035051301,241.296965719979,0.0136787729131576,10000,-0.1630185842514038,-0.379995182512575,0.2169765982611717,0.026575058811332042,0.1443963387327652,0.04707884419298989,-0.1649001241144232,0.00018710882840973408,4.115359339259414e-06
dataset_0092,rho,0.0760165005922317,0.051277570426464,0.0674360729753971,0.0051183252478949,0.19772704616189,0.0504260472953319,0.186618959131145,0.0501351389285358,0.182472175204791,0.100181376480054,0.294574181198784,0.050426047295332,-0.11060245853891332,0.11060245853891332,-0.11503610222939391,0.11503610222939391,0.990822274480188,0.5064447197351605,591.556059376173,0.0020613145516023,10000,0.025590453296899796,0.136192911835813,-0.11060245853891332,0.0006548712999408096,0.018548509234317532,0.01223290383485204,-0.030126541769228767,4.249017680647392e-06,2.629389228840975e-07
dataset_0093,beta0,0.2164628654718399,0.0400697849690914,0.2172622978687286,0.1705848794430494,0.26617958471179,0.2073486000299453,0.209957949682163,0.0168916458183694,0.209941452301728,0.177495885607447,0.243289429319615,0.207348600029945,0.006504915789676907,0.006504915789676907,0.007320845567000606,0.007320845567000606,1.4529496341912511,1.0,411.079417375908,0.0008331229544767,10000,0.009114265441894615,0.002609349652217985,0.006504915789676907,8.306983454531443e-05,6.808705607530118e-06,4.231392943078794e-05,3.394719950700143e-05,6.940938572759855e-07,1.6055876674692234e-07
dataset_0093,sigma2_w,0.375089168548584,0.2002947032451629,0.3162736147642135,0.1559968654066324,0.9068318352103232,0.3958819508552551,0.431384397857434,0.200028701151176,0.383309241620746,0.190434174270255,0.966885178477718,0.395881950855255,-0.05629522930885,0.05629522930885,-0.06703562685653247,0.06703562685653247,0.9670088205630966,0.9541346497584864,254.818065826106,0.0125307540970683,10000,-0.020792782306671143,0.03550244700217897,-0.05629522930885,0.0004323397960526165,0.0012604237431425266,0.0031691528429360046,-0.003997236790025919,0.00015701979824119398,4.011796814806788e-06
dataset_0093,eta,0.2476439476013183,0.1679984331130981,0.227632075548172,0.009446358308196,0.6229015499353409,0.6585366129875183,0.295262582917883,0.246965784917877,0.151878318174977,0.0079164992178893,0.668127541141483,0.658536612987518,-0.047618635316564684,0.047618635316564684,0.07575375737319501,0.07575375737319501,0.9291804478758477,1.0,114.830941675059,0.0230466245242583,10000,-0.4108926653862,-0.363274030069635,-0.047618635316564684,0.16883278246817573,0.13196802092303406,0.0022675344294119815,0.034597227115729406,0.0005311469019621442,2.8223473528456094e-06
dataset_0093,rho,0.5057856440544128,0.1908091604709625,0.5071506500244141,0.1493370752781629,0.8468278497457504,0.7509523630142212,0.546324044278729,0.168323597851976,0.557162413541912,0.204261019321428,0.83566002270767,0.750952363014221,-0.04053840022431621,0.04053840022431621,-0.05001176351749792,0.05001176351749792,1.104675127339274,1.0,185.440864366383,0.0123606777419755,10000,-0.24516671895980835,-0.20462831873549192,-0.04053840022431621,0.06010672008551765,0.04187274882851407,0.0016433618927468403,0.016590609364256628,0.00015278635424096856,3.6408135719633515e-06
dataset_0094,beta0,-0.8162873983383179,0.0370051823556423,-0.8166420161724091,-0.8721790790557862,-0.7625835701823235,-0.7824356555938721,-0.798017222998745,0.0138634589375767,-0.797919484370362,-0.825889819533544,-0.771231878445063,-0.782435655593872,-0.01827017533957287,0.01827017533957287,-0.018722531802047082,0.018722531802047082,2.0051159390736664,1.0,478.153389519423,0.0006339981360246,10000,-0.0338517427444458,-0.015581567404873042,-0.01827017533957287,0.001145940486836139,0.00024278524279260202,0.0003337993069387366,0.0005693559371048078,4.019536364826672e-07,1.36938352117434e-07
dataset_0094,sigma2_w,0.4482306241989136,0.1831618100404739,0.3977839052677154,0.2405486550182104,0.9438660010695454,0.3771728873252868,0.53190697512111,0.199331929400173,0.481552420198801,0.289591615223727,1.04945237381013,0.377172887325287,-0.08367635092219639,0.08367635092219639,-0.08376851493108561,0.08376851493108561,0.9255871396224516,0.9302690876588491,93.8473520050854,0.0205762325169817,10000,0.07105773687362676,0.15473408779582298,-0.08367635092219639,0.005049201969601577,0.023942637926005456,0.007001731703654556,-0.02589516766005846,0.0004233813445928951,3.354824865730265e-06
dataset_0094,eta,0.5953881740570068,0.0676904469728469,0.605284184217453,0.4476241357624531,0.6840094730257988,0.6055815815925598,0.628764494398173,0.0221330455925903,0.626901177667948,0.592102787087989,0.672457952200283,0.60558158159256,-0.03337632034116611,0.03337632034116611,-0.021616993450494948,0.021616993450494948,2.941756599379817,1.0,703.503148952567,0.0008344650576642,10000,-0.010193407535552979,0.02318291280561291,-0.03337632034116611,0.00010390555718586825,0.000537447446152651,0.0011139787595161386,-0.0015475206484829168,6.963319324625165e-07,4.5819966113837983e-07
dataset_0094,rho,0.6450796723365784,0.1321740597486496,0.6530304551124573,0.3711717933416366,0.8707850709557533,0.6869563460350037,0.707321574051869,0.0935059628766227,0.708063835515625,0.515871180764261,0.87147226721202,0.686956346035004,-0.06224190171529065,0.06224190171529065,-0.05503338040316774,0.05503338040316774,1.4049824273737543,0.9980675079957394,129.074223816472,0.0082303735269857,10000,-0.04187667369842529,0.020365228016865022,-0.06224190171529065,0.0017536558000443847,0.00041474251217890406,0.003874054329135901,-0.0025351410412703924,6.773904839370705e-05,1.7469982070439594e-06
dataset_0095,beta0,0.9836778044700624,0.0375847555696964,0.9828960001468658,0.9443649217486382,1.0290806770324707,0.9590193033218384,0.954342727903164,0.0069356575285745,0.954273472133835,0.940874439480263,0.967604902522535,0.959019303321838,0.029335076566898377,0.029335076566898377,0.02862252801303089,0.02862252801303089,3.1692588022086134,0.8694193114853521,496.795332412116,0.0003111708361308,10000,0.024658501148223988,-0.004676575418674056,0.029335076566898377,0.0006080416788769638,2.187035764654642e-05,0.0008605467171857903,-0.00027437539595535654,9.682728925834118e-08,1.4126138512338245e-07
dataset_0095,sigma2_w,0.4162098169326782,0.2160022407770156,0.3623809069395065,0.1522201403975486,0.9559812173247336,0.2534364461898803,0.616799889167695,0.234340529985626,0.592883388576235,0.256474246048711,1.15135031069926,0.25343644618988,-0.2005900722350168,0.2005900722350168,-0.23050248163672854,0.23050248163672854,0.8981814450932437,0.8702921693474751,87.7099020290711,0.0250220619411405,10000,0.1627733707427979,0.36336344297781503,-0.2005900722350168,0.026495170222972337,0.13203299169269184,0.04023637707924926,-0.14577419854896864,0.000626103583786272,4.665696802069182e-06
dataset_0095,eta,0.5300996899604797,0.0602825097739696,0.5322152674198151,0.4127870172262192,0.6281703114509583,0.5661702752113342,0.552782098712419,0.0237225283694132,0.55126452590335,0.464834769198848,0.592820274769746,0.566170275211334,-0.022682408751939276,0.022682408751939276,-0.019049258483534892,0.019049258483534892,1.6828725507938613,1.0,51.6997377030142,0.0032992619987578,10000,-0.03607058525085449,-0.013388176498914994,-0.022682408751939276,0.0013010871203391616,0.00017924326996609976,0.0005144916667900515,0.0006073521835829944,1.0885129736447313e-05,3.6339809846487404e-07
dataset_0095,rho,0.8161426782608032,0.09771179407835,0.8369853496551514,0.5769941344857216,0.9446981817483902,0.7995381355285645,0.892378939324267,0.0460798591292711,0.90541123891674,0.780059485775508,0.951202108451986,0.799538135528564,-0.07623626106346382,0.07623626106346382,-0.06842588926158866,0.06842588926158866,2.148524087759034,0.9619970373137807,79.8485400252603,0.0051567687083739,10000,0.01660454273223877,0.09284080379570303,-0.07623626106346382,0.00027571083934674334,0.008619414849432227,0.005811967500936609,-0.014155671511022077,2.6592263511664223e-05,9.547594702009873e-07
dataset_0096,beta0,-0.2669230997562408,0.0174013897776603,-0.2667296677827835,-0.293584294617176,-0.2406870782375335,-0.2402859479188919,-0.259872763744606,0.0090903249754128,-0.259683390593829,-0.278278152182773,-0.242599263964708,-0.240285947918892,-0.007050336011634795,0.007050336011634795,-0.007046277188954508,0.007046277188954508,1.4825914993858875,1.0,641.863630925415,0.0003588046188977,10000,-0.026637151837348882,-0.019586815825714005,-0.007050336011634795,0.000709537858005979,0.00038364335419044057,4.9707237876954425e-05,0.0002761872659385795,1.2874075454232376e-07,3.028083661940604e-08
dataset_0096,sigma2_w,0.1749789863824844,0.1529161185026168,0.1178700476884841,0.0584618208929896,0.6294474929571148,0.063734121620655,0.0993826028367565,0.0472844560231849,0.0891241026711912,0.0558998243662483,0.196810868958475,0.0637341216206551,0.07559638354572791,0.07559638354572791,0.028745945017292898,0.028745945017292898,4.052100200636959,0.9818183412509978,53.04538956689,0.0064922401406003,10000,0.1112448647618294,0.035648481216101396,0.07559638354572791,0.012375419935877714,0.001270814213014734,0.005714813205192801,0.005389792517670156,4.2149182043221805e-05,2.3383339297906344e-06
dataset_0096,eta,0.136871188879013,0.0932635068893432,0.1252460479736328,0.0050640141358599,0.3390677861869334,0.2703669965267181,0.135255070037036,0.081554172590126,0.13175456769742,0.0074316724810112,0.282022058489405,0.270366996526718,0.0016161188419770156,0.0016161188419770156,-0.006508519723787187,0.006508519723787187,1.2163709622406937,1.0,1771.74038679293,0.0019375197734945,10000,-0.13349580764770508,-0.13511192648968198,0.0016161188419770156,0.017821130659513074,0.01825523267975323,2.61184011139313e-06,-0.000436713860351577,3.7539828726821784e-06,8.698081717298568e-07
dataset_0096,rho,0.65838223695755,0.1692593544721603,0.658845067024231,0.3432651847600937,0.9383582085371016,0.4018415510654449,0.511590269822995,0.112807417887546,0.504690522546559,0.319066764457425,0.751191727902414,0.401841551065445,0.146791967134555,0.146791967134555,0.15415454447767196,0.15415454447767196,1.3771317885289571,0.9440013367666752,151.911921575295,0.0091525419873537,10000,0.25654068589210516,0.10974871875755005,0.146791967134555,0.06581312351799176,0.012044781268923816,0.021547881615232276,0.032220460633835615,8.376902483027243e-05,2.8648729076332414e-06
dataset_0097,beta0,0.4600281715393066,0.0234046503901481,0.4601542949676513,0.4321988634765148,0.4923173435032367,0.4534188210964203,0.462221972089203,0.0089006306082554,0.462331807508189,0.444678472460857,0.479334863860943,0.45341882109642,-0.0021938005498964297,0.0021938005498964297,-0.0021775125405376627,0.0021775125405376627,1.7347010925832498,1.0,500.282411149811,0.0003979359359726,10000,0.006609350442886297,0.008803150992783004,-0.0021938005498964297,4.368351327688129e-05,7.749546740173639e-05,4.812760852725877e-06,-3.8624714977577314e-05,1.5835300913838922e-07,5.477776598850596e-08
dataset_0097,sigma2_w,0.3178073763847351,0.1610248833894729,0.2682955265045166,0.1552116766571998,0.7675002604722975,0.2264540791511535,0.512875865707521,0.208091968197789,0.466679554505612,0.241414405929153,1.08460719553528,0.226454079151154,-0.19506848932278587,0.19506848932278587,-0.1983840280010954,0.1983840280010954,0.7261549094853034,0.8592122545633071,66.714914433098,0.0254767397817508,10000,0.0913532972335816,0.28642178655636696,-0.19506848932278587,0.008345424915447108,0.08203743981414104,0.03805171552667382,-0.11174373042536784,0.0006490642699070438,2.5929013070593346e-06
dataset_0097,eta,0.344029039144516,0.146473079919815,0.3548717647790909,0.0337139476090669,0.6420056983828544,0.411994993686676,0.425069330837147,0.0129125727991278,0.423978055368692,0.407436124516183,0.448468424689439,0.411994993686676,-0.081040291692631,0.081040291692631,-0.0691062905896011,0.0691062905896011,14.824705127553624,1.0,1093.04330469712,0.000390565698677,10000,-0.06796595454216003,0.01307433715047096,-0.081040291692631,0.004619370976826964,0.0001709382919241851,0.0065675288776267165,-0.002119096192723937,1.5254156498305315e-07,2.1454363141196515e-06
dataset_0097,rho,0.5999152064323425,0.1434160321950912,0.5965121388435364,0.3337934702634811,0.862319016456604,0.6199221611022949,0.780989326611411,0.0744436645676178,0.788808041817671,0.616167134107247,0.90424140740241,0.619922161102295,-0.18107412017906843,0.18107412017906843,-0.19229590297413457,0.19229590297413457,1.8346849933787448,0.8544736728265492,75.0450739498099,0.0085934320772008,10000,-0.020006954669952393,0.16106716550911593,-0.18107412017906843,0.00040027823516552985,0.025942631805140944,0.03278783699862372,-0.05833019056859913,7.384707486546364e-05,2.0568158290583433e-06
dataset_0098,beta0,-0.4647712409496307,0.0282527524977922,-0.4634702950716018,-0.5108260005712509,-0.4248791940510273,-0.4281117916107178,-0.440741297885288,0.0148501328296335,-0.440712432384755,-0.469929081354611,-0.41252475059148,-0.428111791610718,-0.024029943064342696,0.024029943064342696,-0.02275786268684682,0.02275786268684682,1.4972181606796928,0.7847820313326923,211.569990099841,0.0010209472541357,10000,-0.03665944933891291,-0.01262950627456999,-0.024029943064342696,0.001343915225832322,0.00015950442873940277,0.0005774381636755516,0.0006069726334173514,1.0423332957272256e-06,7.982180237015032e-08
dataset_0098,sigma2_w,0.9168620109558104,0.1907681226730346,0.8840192556381226,0.6354414835572243,1.384436976909637,0.7266041040420532,0.880691201538946,0.142764272820964,0.860862435141409,0.652412154998264,1.19574780819092,0.726604104042053,0.03617080941686446,0.03617080941686446,0.023156820496713526,0.023156820496713526,1.3785134271077066,1.0,390.159007293838,0.0072276767134072,10000,0.1902579069137572,0.15408709749689298,0.03617080941686446,0.036198071143203905,0.023742833615017,0.0013083274538711305,0.011146910074315857,5.2239310673528704e-05,3.639247662819398e-06
dataset_0098,eta,0.3296019434928894,0.1163910180330276,0.3467206507921219,0.0395375863648951,0.5241017580032349,0.3360843062400818,0.359282741807874,0.0966295895916272,0.353877163517627,0.0776325954340489,0.496415823609958,0.336084306240082,-0.029680798314984602,0.029680798314984602,-0.007156512725505104,0.007156512725505104,1.1570763560636186,1.0,142.966183825268,0.008081527825827,10000,-0.006482362747192383,0.023198435567791997,-0.029680798314984602,4.2021026786187576e-05,0.0005381674127929968,0.0008809497886147928,-0.0013770961746215993,6.531109199961608e-05,1.3546869078764555e-06
dataset_0098,rho,0.5154551267623901,0.0873951837420463,0.5150265097618103,0.349235164374113,0.6887977242469787,0.3614755570888519,0.474287406108916,0.0689755702197145,0.475799027882303,0.34098124659928,0.604155370455948,0.361475557088852,0.04116772065347413,0.04116772065347413,0.03922748187950731,0.03922748187950731,1.2902581564508253,0.9686370466295222,268.334568717878,0.0042107260480304,10000,0.15397956967353826,0.11281184902006403,0.04116772065347413,0.023709707876848025,0.01272651327932572,0.0016947812238024803,0.00928841337371979,1.7730213851561708e-05,7.637918141306034e-07
dataset_0099,beta0,0.5057654976844788,0.0434602387249469,0.5064229369163513,0.4845155462622642,0.5341035440564156,0.4960149526596069,0.500595786775628,0.004515479963708,0.500597654261917,0.492103244636202,0.50963348785736,0.496014952659607,0.0051697109088507665,0.0051697109088507665,0.005825282654434272,0.005825282654434272,2.828711340085777,1.0,610.546364697743,0.0001827446176836,10000,0.009750545024871882,0.004580834116021004,0.0051697109088507665,9.50731282820538e-05,2.0984041198501934e-05,2.672591088109062e-05,4.7363176202459084e-05,3.339559529232513e-08,1.888792350029374e-07
dataset_0099,sigma2_w,0.1128494888544082,0.1727319955825805,0.039077179506421,0.0089948436245322,0.6040628269314764,0.01557223405689,0.0186939601307618,0.0101917633391178,0.0149939345173431,0.0097082920109041,0.0456502728844206,0.01557223405689,0.0941555287236464,0.0941555287236464,0.0240832449890779,0.0240832449890779,16.556349117235616,1.0,38.4530166745311,0.0016435545473625,10000,0.0972772547975182,0.0031217260738717993,0.0941555287236464,0.009462864300941277,9.74517368029104e-06,0.008865263589229401,0.0005878555380315842,2.701271550155952e-06,2.9836342297940613e-06
dataset_0099,eta,0.2756237983703613,0.1742379516363144,0.2659094929695129,0.012008535885252,0.6654515728354453,0.1461547762155532,0.168864996796367,0.0908148351891991,0.183846918013681,0.0092971594811258,0.319620024202692,0.146154776215553,0.10675880157399428,0.10675880157399428,0.08206257495583189,0.08206257495583189,2.1056876925149814,0.9912627243675423,627.737813473041,0.0036246631613811,10000,0.12946902215480807,0.022710220580813983,0.10675880157399428,0.016762227697722183,0.000515754118829227,0.011397441713515484,0.004849031865377522,1.313818303347323e-05,3.035886379041863e-06
dataset_0099,rho,0.7662907838821411,0.2137342393398285,0.8337444365024567,0.2819187678396702,0.9907047972083092,0.5196064710617065,0.535578018878084,0.136679305421033,0.510782633554398,0.317963005423148,0.811804027444831,0.519606471061707,0.23071276500405713,0.23071276500405713,0.32296180294805865,0.32296180294805865,1.4352514225469069,1.0,56.9356440570326,0.0181138448781608,10000,0.24668431282043457,0.015971547816376996,0.23071276500405713,0.06085315019169002,0.0002550903396508168,0.05322837993581729,0.007369679916221695,0.0003281113762700723,4.568232506617509e-06
