dataset_id,parameter,posterior_mean_abi,posterior_sd_abi,posterior_median_abi,lower_95_abi,upper_95_abi,truth_abi,posterior_mean_mcmc,posterior_sd_mcmc,posterior_median_mcmc,lower_95_mcmc,upper_95_mcmc,truth_mcmc,posterior_mean_difference,absolute_posterior_mean_difference,posterior_median_difference,absolute_posterior_median_difference,posterior_width_ratio_abi_to_mcmc,interval_overlap_fraction
dataset_0000,beta0,-0.7096189260482788,0.0724061653017997,-0.711638331413269,-0.8076715767383575,-0.6174998983740808,-0.6855400800704956,-0.681302697776243,0.0334984838284028,-0.681060904106263,-0.750635146791165,-0.618553927283013,-0.685540080070496,-0.028316228272035837,0.028316228272035837,-0.030577427307006078,0.030577427307006078,1.4398086198207707,1.0
dataset_0000,sigma2_w,0.3916294276714325,0.1747275441884994,0.3488600701093673,0.1875461474061012,0.8671360060572623,0.1811368912458419,0.338166602276398,0.126200081306355,0.309177942895099,0.181618099692406,0.648791408211687,0.181136891245842,0.0534628253950345,0.0534628253950345,0.03968212721426834,0.03968212721426834,1.4546846882266034,0.9873108167662996
dataset_0000,eta_raw,0.319896787405014,0.2436452955007553,0.2581857293844223,0.0140326272230595,0.9336164265871048,0.5694124102592468,0.32545464873854,0.227248362436451,0.296443271786373,0.0148375980435479,0.914023473518195,0.569412410259247,-0.005557861333526037,0.005557861333526037,-0.03825754240195067,0.03825754240195067,1.0226848802297197,1.0
dataset_0000,eta,0.2073715031147003,0.1579418629407882,0.1673676297068596,0.0090965817682445,0.6052122727036476,0.3691187798976898,0.210974380082421,0.147312636570424,0.192167897238976,0.0096184001712155,0.592511234525952,0.36911877989769,-0.003602876967720714,0.003602876967720714,-0.02480026753211642,0.02480026753211642,1.0226848844270051,1.0
dataset_0000,rho,0.2892528772354126,0.1819489002227783,0.2571624368429184,0.0230770192109048,0.7066887289285658,0.1861736327409744,0.3119916767492,0.163187875662374,0.294488922745847,0.0478466130921683,0.681338841044191,0.186173632740974,-0.022738799513787378,0.022738799513787378,-0.037326485902928586,0.037326485902928586,1.07911617468089,1.0
dataset_0001,beta0,-0.0117370523512363,0.0237052831798791,-0.0114218294620513,-0.0406730328686535,0.0167954350356012,0.0272809881716966,-0.0014416240669958,0.0111603496385579,-0.0013152870085912,-0.0240477060094613,0.0202267911251461,0.0272809881716967,-0.0102954282842405,0.0102954282842405,-0.010106542453460099,0.010106542453460099,1.2980038537656065,0.922498135233189
dataset_0001,sigma2_w,0.2191296070814132,0.1735190898180008,0.1568259820342064,0.0685899250209331,0.7208783522248268,0.1371915638446808,0.243807999850172,0.170511446248452,0.185489349738934,0.0672409547488675,0.657002705335372,0.137191563844681,-0.0246783927687588,0.0246783927687588,-0.028663367704727605,0.028663367704727605,1.106020230296739,0.9977126860622547
dataset_0001,eta_raw,0.6739784479141235,0.19074547290802,0.6842049658298492,0.1816959653049707,0.9760709524154664,0.9989872574806212,0.82151264289082,0.104856173798069,0.843860374092009,0.5923135866457,0.986268845840819,0.998987257480621,-0.1475341949766965,0.1475341949766965,-0.15965540826215974,0.15965540826215974,2.016409144361888,0.9741140822788159
dataset_0001,eta,0.4880673885345459,0.1381300091743469,0.4954730272293091,0.1315767217427492,0.7068303048610687,0.7234253883361816,0.594905579992125,0.0759325172033724,0.611088885394423,0.428929074737936,0.714215228262865,0.723425388336182,-0.10683819145757911,0.10683819145757911,-0.11561585816511388,0.11561585816511388,2.016409054595257,0.9741139788575438
dataset_0001,rho,0.692495584487915,0.1747727692127227,0.712632805109024,0.322381991893053,0.9463672384619712,0.7788889408111572,0.747474711257951,0.152831730927182,0.778678637809577,0.405566847994432,0.943491800177839,0.778888940811157,-0.05497912677003591,0.05497912677003591,-0.06604583270055298,0.06604583270055298,1.1599856895208103,1.0
dataset_0002,beta0,0.7500774264335632,0.0435324199497699,0.7522041201591492,0.708606593310833,0.7922822594642639,0.7080708742141724,0.735089114968226,0.0142866747100305,0.734922359912053,0.706880615698817,0.764470476335594,0.708070874214172,0.01498831146533719,0.01498831146533719,0.017281760247096156,0.017281760247096156,1.452958302524447,0.9700298352360698
dataset_0002,sigma2_w,0.7471635937690735,0.0960302874445915,0.7361188530921936,0.5949807420372963,0.96712242513895,0.676112711429596,0.803855743708565,0.118142444473078,0.789653622129277,0.622582418128727,1.0753651355268,0.676112711429596,-0.056692149939491565,0.056692149939491565,-0.05353476903708343,0.05353476903708343,0.8218990451759622,0.9258301949370958
dataset_0002,eta_raw,0.2656401991844177,0.1768059730529785,0.24812613427639,0.0125622199382632,0.6589193120598791,0.2721757590770721,0.24624629254022,0.143975156546244,0.248480440625604,0.0113546695894691,0.529724423550999,0.272175759077072,0.01939390664419771,0.01939390664419771,-0.0003543063492140175,0.0003543063492140175,1.2469035609851271,0.9976704845536112
dataset_0002,eta,0.1953924596309662,0.1300501823425293,0.1825099438428878,0.0092401798581704,0.4846701383590696,0.2001997083425521,0.18112722034575,0.105901370676701,0.182770554864097,0.0083519622548186,0.389640434368675,0.200199708342552,0.014265239285216197,0.014265239285216197,-0.000260611021209195,0.000260611021209195,1.2469035737302103,0.9976704839817802
dataset_0002,rho,0.2303306609392166,0.0598441176116466,0.2267489656805992,0.1217350581660866,0.3560632877051829,0.2104796171188354,0.268042376290278,0.0636438443536235,0.262060194098798,0.155803676849541,0.403587723400833,0.210479617118835,-0.03771171535106138,0.03771171535106138,-0.03531122841819878,0.03531122841819878,0.9456953859642038,0.8546115474415333
dataset_0003,beta0,0.1973214000463485,0.0215415712445974,0.1976033300161361,0.1627127241343259,0.2319374948740005,0.1911599785089492,0.200264100042467,0.0162497252991836,0.201033033582591,0.165286784943627,0.229807308551792,0.191159978508949,-0.002942699996118514,0.002942699996118514,-0.003429703566454917,0.003429703566454917,1.0729108641473317,1.0
dataset_0003,sigma2_w,0.5240564346313477,0.1415414214134216,0.4935279637575149,0.3448012761771679,0.883038909733295,0.5271153450012207,0.554294781714281,0.122102465307946,0.529922204203838,0.387743438921289,0.856364599005436,0.527115345001221,-0.03023834708293338,0.03023834708293338,-0.036394240446323056,0.036394240446323056,1.1485559752775132,1.0
dataset_0003,eta_raw,0.8669557571411133,0.1089831814169883,0.8885698616504669,0.6210361331701278,0.9947135761380196,0.8585918545722961,0.732987753837664,0.127577297341527,0.746433505692216,0.53453750275661,0.969488621885297,0.858591854572296,0.13396800330344927,0.13396800330344927,0.14213635595825092,0.14213635595825092,0.8591251442609428,0.932495378762025
dataset_0003,eta,0.5368618369102478,0.0674877762794494,0.5502464175224304,0.3845762826502323,0.6159758418798447,0.531682550907135,0.453902273009185,0.0790021728801115,0.462228547625842,0.331012061578882,0.600355308565958,0.531682550907135,0.0829595639010628,0.0829595639010628,0.08801786989658844,0.08801786989658844,0.8591251565357261,0.932495405929504
dataset_0003,rho,0.4459501504898071,0.1314854323863983,0.4422433376312256,0.2024131022393703,0.713380692899227,0.316080093383789,0.391174374749075,0.0914240469340689,0.382602288218353,0.231019862789756,0.592019666285296,0.316080093383789,0.05477577574073206,0.05477577574073206,0.05964104941287257,0.05964104941287257,1.4154234592711337,1.0
dataset_0004,beta0,0.3885818719863891,0.019123937934637,0.3885495215654373,0.365863174200058,0.4129564367234707,0.3835911154747009,0.385104995320394,0.0057563915535754,0.38512718443668,0.373767970873981,0.396273135685856,0.383591115474701,0.00347687666599511,0.00347687666599511,0.0034223371287573356,0.0034223371287573356,2.092553550132799,1.0
dataset_0004,sigma2_w,0.2009307444095611,0.1750325709581375,0.1360518559813499,0.0546452820301055,0.7078345283865923,0.1432045996189117,0.14995251731421,0.0881736209628527,0.119922975071181,0.0629483876628206,0.411724198360576,0.143204599618912,0.0509782270953511,0.0509782270953511,0.016128880910168883,0.016128880910168883,1.8728054707972053,1.0
dataset_0004,eta_raw,0.3266226649284363,0.1673986613750457,0.3417721688747406,0.0215258417185395,0.6456042662262915,0.5567987561225891,0.457766422586782,0.0849122390854746,0.467513571590753,0.190534513149115,0.571431711839096,0.556798756122589,-0.13114375765834574,0.13114375765834574,-0.12574140271601242,0.12574140271601242,1.6384431984644245,1.0
dataset_0004,eta,0.2514263689517975,0.1288595199584961,0.2630880922079086,0.016570081282407,0.4969708278775214,0.4286104440689087,0.352377708751819,0.0653634228671585,0.359880832317486,0.146668938281292,0.439874546036231,0.428610444068909,-0.10095133980002152,0.10095133980002152,-0.09679274010957745,0.09679274010957745,1.6384432421791637,1.0
dataset_0004,rho,0.7399754524230957,0.154393583536148,0.7630414068698883,0.4156006656587124,0.9568973571062088,0.7863810062408447,0.742555328246278,0.101841439600297,0.74367325305234,0.54364707976706,0.917952534663618,0.786381006240845,-0.0025798758231823093,0.0025798758231823093,0.019368153817548306,0.019368153817548306,1.4461362621527583,1.0
dataset_0005,beta0,-0.424252450466156,0.0239604208618402,-0.4230841994285583,-0.4708636403083801,-0.3833802945911884,-0.3923636376857757,-0.406508644880764,0.013536933063653,-0.4066806500242,-0.431906491403578,-0.380362095307081,-0.392363637685776,-0.017743805585392014,0.017743805585392014,-0.016403549404358286,0.016403549404358286,1.6972426168969539,0.9414446668759686
dataset_0005,sigma2_w,0.7351137399673462,0.2159708440303802,0.6951591074466705,0.4310360059142112,1.2639113783836364,0.6598665714263916,0.771696735513685,0.179885939962744,0.748786818028217,0.501290850225127,1.19472073536825,0.659866571426392,-0.036582995546338815,0.036582995546338815,-0.05362771058154647,0.05362771058154647,1.2010952950167713,1.0
dataset_0005,eta_raw,0.1904547661542892,0.1232571229338646,0.1789309307932853,0.0082829148974269,0.438087724149227,0.0885511711239814,0.196336378831581,0.0912725711706431,0.234396079839031,0.0123238316192781,0.332444682116995,0.0885511711239815,-0.005881612677291814,0.005881612677291814,-0.055465149045745704,0.055465149045745704,1.342632973089847,1.0
dataset_0005,eta,0.1480386108160019,0.0958065539598465,0.1390812471508979,0.0064382284763269,0.3405212938785552,0.0688299536705017,0.152610336380817,0.0709452719439347,0.182193767672899,0.0095791931180104,0.258405981957163,0.0688299536705017,-0.00457172556481511,0.00457172556481511,-0.043112520522001097,0.043112520522001097,1.3426330298309932,1.0
dataset_0005,rho,0.6089219450950623,0.0971361473202705,0.6121895909309387,0.4150746397674084,0.7881701946258545,0.6577237248420715,0.63135128278927,0.0659033091361373,0.636179905000341,0.495112485274666,0.754806578650937,0.657723724842072,-0.02242933769420774,0.02242933769420774,-0.02399031406940233,0.02399031406940233,1.4366732412271987,1.0
dataset_0006,beta0,-0.0621291324496269,0.0259224958717823,-0.0614702850580215,-0.1048810865730047,-0.0214598790742457,-0.0508807487785816,-0.0660658423726952,0.0245978699437616,-0.06572611030948,-0.116245082185381,-0.0191797799505657,-0.0508807487785816,0.003936709923068292,0.003936709923068292,0.004255825251458505,0.004255825251458505,0.8594338613086557,1.0
dataset_0006,sigma2_w,0.7020389437675476,0.1610589176416397,0.6725298762321472,0.4708268158137798,1.0999071925878523,0.5467115044593811,0.7041747431322,0.146042840880693,0.683472453377399,0.485921797164399,1.0679018520321,0.546711504459381,-0.0021357993646523576,0.0021357993646523576,-0.01094257714525182,0.01094257714525182,1.080931161665117,1.0
dataset_0006,eta_raw,0.5366676449775696,0.2260823994874954,0.5487102270126343,0.0486994851380586,0.944711010158062,0.7897489070892334,0.696556946838415,0.209812267186321,0.777757746217533,0.123980065408617,0.936718898152724,0.789748907089233,-0.15988930186084538,0.15988930186084538,-0.22904751920489874,0.22904751920489874,1.1024593496963067,1.0
dataset_0006,eta,0.4102617800235748,0.1728312969207763,0.4194678515195846,0.0372288834303617,0.7221952244639397,0.6037326455116272,0.532490980489622,0.160393404128538,0.594565866791715,0.0947779889214382,0.71608555019725,0.603732645511627,-0.12222920046604718,0.12222920046604718,-0.17509801527213037,0.17509801527213037,1.1024593675104282,1.0
dataset_0006,rho,0.3908390998840332,0.1172030195593833,0.3831856101751327,0.1827096097171306,0.63483796864748,0.4522121846675873,0.363291211972127,0.110298488187389,0.353929318701219,0.164789794428098,0.593337346178059,0.452212184667587,0.02754788791190621,0.02754788791190621,0.029256291473913676,0.029256291473913676,1.055024949002968,0.9581847680243242
dataset_0007,beta0,-0.7213775515556335,0.0460647046566009,-0.719758540391922,-0.7889405027031898,-0.6676051989197731,-0.6623832583427429,-0.691667957210043,0.0216716301880687,-0.691454586350781,-0.735217547010494,-0.649186667083343,-0.662383258342743,-0.029709594345590506,0.029709594345590506,-0.028303954041140944,0.028303954041140944,1.410369205640588,0.7859078989773619
dataset_0007,sigma2_w,0.1212634295225143,0.0580438673496246,0.1102528907358646,0.0699111245572567,0.2408050850033759,0.125279039144516,0.135323771783646,0.0546949729248725,0.125368264624032,0.0806363280711781,0.247329513686507,0.125279039144516,-0.01406034226113169,0.01406034226113169,-0.015115373888167402,0.015115373888167402,1.0252006392179958,0.9608596556659056
dataset_0007,eta_raw,0.4623101055622101,0.2961330711841583,0.4350039511919021,0.0183590266387909,0.9792874827980996,0.9730000495910645,0.54868235161512,0.279241403692172,0.562704558307167,0.0293458541915369,0.969342163133146,0.973000049591064,-0.08637224605290994,0.08637224605290994,-0.12770060711526493,0.12770060711526493,1.0222683291610668,1.0
dataset_0007,eta,0.3363820314407348,0.2154697328805923,0.3165137767791748,0.0133582339156419,0.7125405937433242,0.7079657912254333,0.399227448268538,0.203179185039927,0.409430163519505,0.0213523734664715,0.705304256912219,0.707965791225433,-0.0628454168278032,0.0628454168278032,-0.0929163867403302,0.0929163867403302,1.0222683448215737,1.0
dataset_0007,rho,0.1395254582166671,0.142246276140213,0.096573606133461,0.0040744776604697,0.5557277858257283,0.220123752951622,0.178788704322987,0.141805427651949,0.145107824874451,0.0120226875918057,0.543918139860956,0.220123752951622,-0.0392632461063199,0.0392632461063199,-0.04853421874099001,0.04853421874099001,1.0371461267657358,1.0
dataset_0008,beta0,-0.1273436397314071,0.0249163471162319,-0.1270623505115509,-0.1601735971868038,-0.0955871038138866,-0.13004831969738,-0.115273828038172,0.012462911343279,-0.115234851221656,-0.139554902386412,-0.0907306309562233,-0.13004831969738,-0.012069811693235108,0.012069811693235108,-0.011827499289894905,0.011827499289894905,1.322835783945411,0.9005315857174168
dataset_0008,sigma2_w,0.615760326385498,0.19204643368721,0.5724404752254486,0.3658064775168895,1.1112117022275925,0.7161240577697754,0.771694165360621,0.194448695423771,0.738199374328653,0.486832124056051,1.21665570299859,0.716124057769775,-0.15593383897512292,0.15593383897512292,-0.1657588991032044,0.1657588991032044,1.021349879913089,0.855521246759692
dataset_0008,eta_raw,0.2965734004974365,0.1505150198936462,0.3180503696203232,0.0154792273882776,0.5587804585695266,0.5140625238418579,0.272017757164819,0.128730426523266,0.298391213793217,0.0191329187432008,0.524187905765536,0.514062523841858,0.024555643332617505,0.024555643332617505,0.0196591558271062,0.0196591558271062,1.075726891411177,1.0
dataset_0008,eta,0.208031341433525,0.1055787280201911,0.2230963706970214,0.0108579011401161,0.3919564493000507,0.3605890572071075,0.19080680447665,0.0902979334137282,0.209306460656151,0.0134207822450707,0.367691507668107,0.360589057207108,0.01722453695687501,0.01722453695687501,0.013789910040870407,0.013789910040870407,1.0757268970075444,1.0
dataset_0008,rho,0.5894564390182495,0.1045666113495826,0.5889057517051697,0.3899213001132011,0.7867629051208496,0.6517173647880554,0.638608035728104,0.078242375828959,0.640723867649281,0.4728207640083,0.774086313838732,0.651717364788055,-0.04915159670985447,0.04915159670985447,-0.05181811594411134,0.05181811594411134,1.3172485378132732,1.0
dataset_0009,beta0,0.4914321303367615,0.0351447835564613,0.4909733533859253,0.4607789203524589,0.5297485768795014,0.4874008297920227,0.483858758339134,0.0111747422531503,0.484150500298417,0.460926955970628,0.505327460469944,0.487400829792023,0.007573371997627476,0.007573371997627476,0.006822853087508296,0.006822853087508296,1.553352992376583,1.0
dataset_0009,sigma2_w,0.5815541744232178,0.2269990146160125,0.5335805714130402,0.279727691411972,1.1232097625732422,0.3789510428905487,0.546015800398925,0.16741233891637,0.520257745385313,0.295547457873849,0.957691179967661,0.378951042890549,0.03553837402429272,0.03553837402429272,0.013322826027727164,0.013322826027727164,1.2738655415987865,1.0
dataset_0009,eta_raw,0.2744073867797851,0.137634739279747,0.2944289296865463,0.0152588947443291,0.5087684676051137,0.6001863479614258,0.41280271508111,0.160620457948938,0.364709242623283,0.0702077208486346,0.687291340354668,0.600186347961426,-0.1383953283013249,0.1383953283013249,-0.0702803129367367,0.0702803129367367,0.7997450544155296,0.8886570208035132
dataset_0009,eta,0.2081456035375595,0.1043997630476951,0.2233324944972992,0.0115742940455675,0.3859149783849714,0.4552579820156097,0.313122292427782,0.121835065919781,0.276642061565326,0.0532545007460397,0.521329516971154,0.45525798201561,-0.10497668889022249,0.10497668889022249,-0.05330956706802681,0.05330956706802681,0.7997450651358197,0.8886570216805983
dataset_0009,rho,0.7334877848625183,0.0955306068062782,0.7439156472682953,0.5241218313574791,0.8857661888003349,0.7487429976463318,0.744688087482242,0.0682660765612454,0.750257205348588,0.596583669005873,0.861790617212906,0.748742997646332,-0.011200302619723712,0.011200302619723712,-0.006341558080292686,0.006341558080292686,1.3636307792378775,1.0
dataset_0010,beta0,-0.4281315505504608,0.0293799955397844,-0.4274680912494659,-0.4790858775377273,-0.3841587051749229,-0.4260010421276092,-0.428355349410161,0.0180211809399749,-0.428612535061204,-0.463655820989422,-0.391786962529112,-0.426001042127609,0.0002237988597001972,0.0002237988597001972,0.0011444438117381162,0.0011444438117381162,1.3208387387317206,1.0
dataset_0010,sigma2_w,0.3248328268527984,0.2375616431236267,0.2541282325983047,0.0708711864426732,0.946888917684555,0.2030583620071411,0.317712399970488,0.230464889105549,0.253095548095919,0.0688891514426344,0.927132676427131,0.203058362007141,0.0071204268823104044,0.0071204268823104044,0.0010326845023856945,0.0010326845023856945,1.0207099800231014,0.997690591373731
dataset_0010,eta_raw,0.4481972157955169,0.2384790182113647,0.452052354812622,0.0253380119334906,0.9300713822245597,0.643794059753418,0.524316616112954,0.16644018553865,0.51861804122634,0.114099163034561,0.955668090760384,0.643794059753418,-0.07611940031743708,0.07611940031743708,-0.06656568641371802,0.06656568641371802,1.0750555783183866,0.9695845370562879
dataset_0010,eta,0.2623995244503021,0.1396188586950302,0.2646565288305282,0.0148342777276411,0.5445154070854186,0.376912772655487,0.306964034710066,0.0974433182560622,0.303627772830249,0.0667999799468212,0.559501118156963,0.376912772655487,-0.04456451025976388,0.04456451025976388,-0.038971243999720795,0.038971243999720795,1.0750556235408235,0.9695845819922728
dataset_0010,rho,0.7910482883453369,0.1502249091863632,0.8342219889163971,0.4039776436984539,0.9638031736016274,0.8509186506271362,0.833537369370576,0.116668798964523,0.869376105200106,0.529830566998873,0.966788186544427,0.850918650627136,-0.04248908102523907,0.04248908102523907,-0.0351541162837089,0.0351541162837089,1.2811895361509085,0.9931686442591295
dataset_0011,beta0,-0.5493744015693665,0.0317458845674991,-0.5507293045520782,-0.5976223617792129,-0.4980667762458325,-0.5706194639205933,-0.538911418888862,0.0161012370331914,-0.538851303207977,-0.570664860948626,-0.507724908554304,-0.570619463920593,-0.010462982680504496,0.010462982680504496,-0.011878001344101219,0.011878001344101219,1.5817550180155766,1.0
dataset_0011,sigma2_w,0.7603163123130798,0.2442220002412796,0.7186089754104614,0.4046950072050094,1.3492032259702682,0.9255576729774476,0.777334106244151,0.223693916342372,0.747886916945498,0.43053866086081,1.30622675226603,0.925557672977448,-0.017017793931071168,0.017017793931071168,-0.0292779415350366,0.0292779415350366,1.078589771901092,1.0
dataset_0011,eta_raw,0.685342013835907,0.1297929435968399,0.674717515707016,0.467125927656889,0.961284214258194,0.7495401501655579,0.777243723791749,0.0644103404087284,0.778060429757719,0.683059964445895,0.890797311130724,0.749540150165558,-0.09190170995584201,0.09190170995584201,-0.10334291405070306,0.10334291405070306,2.3787647935593528,1.0
dataset_0011,eta,0.4942101538181305,0.0935955941677093,0.4865486770868301,0.3368513539433479,0.6931961372494697,0.5405043959617615,0.560481824551512,0.0464472391441797,0.561070763176447,0.492564537263865,0.642366978291487,0.540504395961761,-0.06627167073338147,0.06627167073338147,-0.07452208608961691,0.07452208608961691,2.37876486432164,1.0
dataset_0011,rho,0.748718798160553,0.0862879380583763,0.7601612508296967,0.547696952521801,0.88253024071455,0.7821168303489685,0.754046855154107,0.0690213577576444,0.762885955744842,0.598028390576854,0.864507254041152,0.782116830348969,-0.005328056993553987,0.005328056993553987,-0.002724704915145315,0.002724704915145315,1.2565097427984524,1.0
dataset_0012,beta0,-0.1518291682004928,0.014294359833002,-0.1516960337758064,-0.1775385066866874,-0.1254857257008552,-0.1641222685575485,-0.141760653326031,0.0083119194164121,-0.141623898184839,-0.158026716216135,-0.125874741204937,-0.164122268557549,-0.01006851487446181,0.01006851487446181,-0.010072135590967396,0.010072135590967396,1.6189606071696387,1.0
dataset_0012,sigma2_w,0.0978396758437156,0.0413204953074455,0.0909506864845752,0.0687082313001155,0.1636251978576183,0.0968929007649421,0.0923266053348268,0.0122525815962347,0.090918755421244,0.0718154471420028,0.119643639420923,0.0968929007649422,0.005513070508888801,0.005513070508888801,3.193106333120033e-05,3.193106333120033e-05,1.984540122360772,1.0
dataset_0012,eta_raw,0.6176591515541077,0.2244361639022827,0.6362810432910919,0.0810975572094321,0.974917647242546,0.4994660913944244,0.542728733926929,0.148744101045341,0.502493762743439,0.312507035571871,0.850166977403139,0.499466091394424,0.07493041762717867,0.07493041762717867,0.13378728054765288,0.13378728054765288,1.6624264158284987,1.0
dataset_0012,eta,0.445172369480133,0.1617603898048401,0.4585939347743988,0.0584503455087542,0.702663266658783,0.3599857687950134,0.391166933328298,0.10720599485417,0.362167933816108,0.225236681064733,0.612750327334885,0.359985768795013,0.05400543615183501,0.05400543615183501,0.09642600095829079,0.09642600095829079,1.6624264134969868,1.0
dataset_0012,rho,0.3252318799495697,0.1324437260627746,0.3047218322753906,0.1215038981288671,0.6513015940785408,0.2480866611003875,0.303624893649576,0.0726893747721835,0.295083147711748,0.175889941404972,0.454677466032475,0.248086661100388,0.02160698629999369,0.02160698629999369,0.009638684563642641,0.009638684563642641,1.9003637148310475,1.0
dataset_0013,beta0,-0.0635813847184181,0.0246518719941377,-0.0629303529858589,-0.0953815355896949,-0.0317225965671241,-0.0591656006872653,-0.0598186326398141,0.013175089938832,-0.0598128601771029,-0.0857819751774109,-0.0337839263761246,-0.0591656006872654,-0.0037627520786039925,0.0037627520786039925,-0.003117492808756006,0.003117492808756006,1.2242563036518408,1.0
dataset_0013,sigma2_w,0.144170805811882,0.0193737708032131,0.1427501440048217,0.1111553432419896,0.1847048554569482,0.1703836619853973,0.149706677022188,0.0202504474453465,0.147988383939555,0.114696664465851,0.19426634869798,0.170383661985397,-0.00553587121030602,0.00553587121030602,-0.005238239934733296,0.005238239934733296,0.924340883399666,0.9518511936080364
dataset_0013,eta_raw,0.4915693700313568,0.2958895266056061,0.4891068041324615,0.0212771510705351,0.9774026706814766,0.273451417684555,0.513438743001225,0.275281736643502,0.532188256033507,0.0249625517817626,0.975475752416934,0.273451417684555,-0.02186937296986824,0.02186937296986824,-0.04308145190104545,0.04308145190104545,1.0059045145001877,1.0
dataset_0013,eta,0.3505472540855407,0.2110043317079544,0.3487911373376846,0.0151731310645118,0.6970039963722229,0.1950032860040664,0.366142693546155,0.196308513747033,0.379513319152221,0.0178012588098326,0.695629857207807,0.195003286004066,-0.015595439460614258,0.015595439460614258,-0.030722181814536398,0.030722181814536398,1.0059045412353447,1.0
dataset_0013,rho,0.0393536575138568,0.0360604301095008,0.0295600313693285,0.0014999228733358,0.1326457109302282,0.1291787475347519,0.0499785905113081,0.0417709951321116,0.0400455364149317,0.0018120827334376,0.154067014532455,0.129178747534752,-0.010624932997451306,0.010624932997451306,-0.010485505045603201,0.010485505045603201,0.8613565846918515,0.9976197492521347
dataset_0014,beta0,0.3487187325954437,0.0388696976006031,0.3493016511201858,0.3114784821867943,0.3911600433290004,0.3164816200733185,0.345429249993426,0.0170301320027545,0.344995596292219,0.312742895749922,0.379430458302752,0.316481620073318,0.0032894826020177237,0.0032894826020177237,0.00430605482796681,0.00430605482796681,1.1948489057323421,1.0
dataset_0014,sigma2_w,0.4580308496952057,0.2170783728361129,0.4015877991914749,0.1961668971925974,1.019628632068634,0.7930841445922852,0.655451215561374,0.241264403062991,0.616260156645834,0.312258100084989,1.26803500877745,0.793084144592285,-0.1974203658661683,0.1974203658661683,-0.2146723574543591,0.2146723574543591,0.861562700863493,0.8590205252101145
dataset_0014,eta_raw,0.6753758788108826,0.1957058161497116,0.6912038624286652,0.1712378233671188,0.9780520275235176,0.6521784663200378,0.731261804206181,0.0790015757637029,0.717925243116882,0.574479755268818,0.930559643230361,0.652178466320038,-0.055885925395298464,0.055885925395298464,-0.026721380688216834,0.026721380688216834,2.2658235733986065,1.0
dataset_0014,eta,0.4673500061035156,0.1354254931211471,0.4783027619123459,0.1184940196573734,0.6767974108457565,0.4512977600097656,0.506022251287783,0.054667910990685,0.496793550119437,0.397531414068522,0.643933380516366,0.451297760009766,-0.03867224518426737,0.03867224518426737,-0.018490788207091102,0.018490788207091102,2.265823602128433,1.0
dataset_0014,rho,0.6551083922386169,0.1531707048416137,0.6738752126693726,0.3216477707028389,0.8910268351435661,0.8459190130233765,0.754061137655981,0.0941373266317434,0.769150819670127,0.530396442539341,0.897780711649685,0.845919013023376,-0.0989527454173641,0.0989527454173641,-0.09527560700075444,0.09527560700075444,1.5498188472237335,0.9816163154658906
dataset_0015,beta0,-0.217725932598114,0.0194259360432624,-0.2173489779233932,-0.2492013216018676,-0.1858345553278923,-0.214251160621643,-0.210152513697461,0.0071593656379165,-0.210095553184255,-0.224041568054464,-0.196123508047813,-0.214251160621643,-0.007573418900653023,0.007573418900653023,-0.007253424739138203,0.007253424739138203,2.26974102995979,1.0
dataset_0015,sigma2_w,0.0781429558992385,0.1512531489133834,0.0220724139362573,0.0075918558519333,0.5371451318264007,0.0976931899785995,0.156369579772557,0.167557963425868,0.0993831142476868,0.0116999743490637,0.642732372142436,0.0976931899785995,-0.0782266238733185,0.0782266238733185,-0.0773107003114295,0.0773107003114295,0.8391855597687812,0.9922422942440103
dataset_0015,eta_raw,0.3734835386276245,0.2736946642398834,0.315813198685646,0.0132993580307811,0.9538057133555412,0.0341795980930328,0.156323769348228,0.104421127677853,0.148255515765084,0.006165006392121,0.350687512192492,0.0341795980930328,0.2171597692793965,0.2171597692793965,0.167557682920562,0.167557682920562,2.7298836490807483,0.9792920592456331
dataset_0015,eta,0.2692660689353943,0.1973224431276321,0.2276881635189056,0.0095882833236828,0.6876542031764984,0.0246420670300722,0.112702927141628,0.0752832841338926,0.106886052334089,0.0044447128490813,0.252831090888465,0.0246420670300722,0.1565631417937663,0.1565631417937663,0.12080211118481661,0.12080211118481661,2.7298836804379936,0.9792920589478302
dataset_0015,rho,0.538279116153717,0.3176317811012268,0.5396235883235931,0.0290536192711442,0.9859569936990736,0.9339783787727356,0.875520261357237,0.134222824046846,0.930548477147013,0.511770988848813,0.989732954935677,0.933978378772736,-0.33724114520352,0.33724114520352,-0.3909248888234199,0.3909248888234199,2.0020492054257373,0.9920998709007797
dataset_0016,beta0,0.0414587557315826,0.0206028018146753,0.0420502480119466,0.0157961923163384,0.0662184197455644,0.0359516665339469,0.0413751929696405,0.0080405790750269,0.0414168178486963,0.0254336990146154,0.0574265474063497,0.035951666533947,8.356276194210199e-05,8.356276194210199e-05,0.0006334301632502995,0.0006334301632502995,1.5760468343372993,1.0
dataset_0016,sigma2_w,0.0957900360226631,0.1289452761411667,0.0486291255801916,0.0236508540809154,0.4965859629213804,0.0929553210735321,0.0998362990059413,0.0604340048732431,0.0812972250153996,0.0406092398760108,0.268679775709034,0.0929553210735321,-0.004046262983278204,0.004046262983278204,-0.032668099435208,0.032668099435208,2.0736352774069595,1.0
dataset_0016,eta_raw,0.249886155128479,0.1834761500358581,0.2183553203940391,0.0108001672895625,0.7117823317646973,0.1146389096975326,0.15108104115634,0.0905356604045798,0.148127947764098,0.006501620687959,0.312909311469134,0.114638909697533,0.09880511397213901,0.09880511397213901,0.07022737262994111,0.07022737262994111,2.2877433744825626,0.9859711530391273
dataset_0016,eta,0.2093748599290847,0.1537311673164367,0.182955764234066,0.0090492550050839,0.5963888943195337,0.0960537642240524,0.126587929168787,0.0758581068731489,0.124113588415606,0.0054475842424067,0.262180757117758,0.0960537642240524,0.0827869307602977,0.0827869307602977,0.058842175818460005,0.058842175818460005,2.2877434681945603,0.9859711515954899
dataset_0016,rho,0.5854106545448303,0.2238755077123642,0.5699669122695923,0.199489014595747,0.9611293762922288,0.7654637098312378,0.693498505877496,0.11824562139668,0.697005506030865,0.456274895626922,0.900265549743891,0.765463709831238,-0.10808785133266563,0.10808785133266563,-0.1270385937612727,0.1270385937612727,1.7154423288735,1.0
dataset_0017,beta0,-0.7333064675331116,0.0565283894538879,-0.7337395250797272,-0.8210008800029754,-0.6670181423425675,-0.7486217617988586,-0.691577550829667,0.0281643492082542,-0.691453881432778,-0.745604148703058,-0.635787651787985,-0.748621761798859,-0.041728916703444585,0.041728916703444585,-0.0422856436469492,0.0422856436469492,1.402182203822173,0.7156120306884792
dataset_0017,sigma2_w,0.8950785994529724,0.1210721880197525,0.8902505338191986,0.6822743833065033,1.1487853467464446,0.831954836845398,1.02863092408617,0.161399195008624,1.01467018001605,0.761321546653659,1.36875715078926,0.831954836845398,-0.13355232463319755,0.13355232463319755,-0.12441964619685142,0.12441964619685142,0.7680006905485898,0.83055668667617
dataset_0017,eta_raw,0.5927794575691223,0.2906838655471802,0.6523368954658508,0.029955585533753,0.986592784523964,0.5205352902412415,0.4293903485982,0.248674499178488,0.390991048806622,0.0267983493021969,0.918693571228359,0.520535290241241,0.1633891089709223,0.1633891089709223,0.26134584665922883,0.26134584665922883,1.0725892184109143,0.996460081684553
dataset_0017,eta,0.4088305532932281,0.200480043888092,0.4499064236879349,0.0206598934717476,0.6804374173283577,0.3590049147605896,0.29614371870892,0.171506861239928,0.269660330171612,0.0184823968296489,0.633608397174592,0.35900491476059,0.11268683458430812,0.11268683458430812,0.18024609351632287,0.18024609351632287,1.0725892312902199,0.9964600803073231
dataset_0017,rho,0.0708485841751098,0.0570131801068782,0.0577030610293149,0.0034983330580871,0.20814073048532,0.0482136011123657,0.174112611732769,0.0666567884204428,0.168291649032079,0.0576810070631578,0.322652139888265,0.0482136011123657,-0.10326402755765922,0.10326402755765922,-0.1105885880027641,0.1105885880027641,0.7723195928754474,0.7352324118254281
dataset_0018,beta0,-0.1151948347687721,0.0173603147268295,-0.115132238715887,-0.1407922804355621,-0.0890622194856405,-0.11409642547369,-0.119599530030168,0.00637792277428,-0.119552706825638,-0.132211950668938,-0.107478739258023,-0.11409642547369,0.004404695261395905,0.004404695261395905,0.004420468109750997,0.004420468109750997,2.091522208357165,1.0
dataset_0018,sigma2_w,0.1873200088739395,0.2043985575437545,0.1108105070888996,0.0211127895861864,0.7768973886966702,0.1011557877063751,0.250755325832535,0.196071561049687,0.188719974686611,0.0478128709819061,0.816179201018803,0.101155787706375,-0.06343531695859553,0.06343531695859553,-0.0779094675977114,0.0779094675977114,0.9836253484378877,0.9646723664028823
dataset_0018,eta_raw,0.2523789405822754,0.173377588391304,0.2308288365602493,0.0100975351408123,0.6444858908653258,0.2151151448488235,0.168675931029824,0.10359009856495,0.163045831638656,0.0088230021374582,0.359323591123656,0.215115144848824,0.08370300955245139,0.08370300955245139,0.06778300492159331,0.06778300492159331,1.8099494712960231,0.9963636779982578
dataset_0018,eta,0.197743073105812,0.1358442157506942,0.1808582246303558,0.007911585830152,0.5049654081463812,0.1685462892055511,0.132160389591657,0.0811645603530791,0.127749113338823,0.0069129685114844,0.281535993324259,0.168546289205551,0.065582683514155,0.065582683514155,0.05310911129153281,0.05310911129153281,1.8099495577805165,0.9963636795591031
dataset_0018,rho,0.8319913148880005,0.1560507267713546,0.8904382884502411,0.4330695994198322,0.985671091079712,0.8894608616828918,0.923033149378422,0.0590939289897385,0.939812762002299,0.750508158451062,0.986462652783434,0.889460861682892,-0.09104183449042147,0.09104183449042147,-0.04937447355205793,0.04937447355205793,2.3419833270116484,0.996645278124658
dataset_0019,beta0,0.1525915116071701,0.0123627334833145,0.1527195423841476,0.1283994644880294,0.1763119678944349,0.1495402157306671,0.150150287013271,0.0034534995188785,0.15014164688075,0.14325582422293,0.156796549205556,0.149540215730667,0.002441224593899116,0.002441224593899116,0.002577895503397598,0.002577895503397598,3.538400157146808,1.0
dataset_0019,sigma2_w,0.127604603767395,0.2090204358100891,0.0390310380607843,0.0027542466879822,0.7458433076739311,0.2740609049797058,0.160249639126862,0.157844584872673,0.0944824472063045,0.014822306374784,0.58504395790665,0.274060904979706,-0.032645035359467,0.032645035359467,-0.0554514091455202,0.0554514091455202,1.3031582701037134,1.0
dataset_0019,eta_raw,0.6554737091064453,0.2513419091701507,0.707014411687851,0.0705058986321091,0.9865932926535608,0.9408093094825744,0.920960571570795,0.0267460345470133,0.918059903919227,0.888829731307364,0.977723149829013,0.940809309482574,-0.2654868624643497,0.2654868624643497,-0.21104549223137603,0.21104549223137603,10.305458033412775,1.0
dataset_0019,eta,0.4262915551662445,0.1634618192911148,0.4598113447427749,0.0458539647050201,0.6416372865438461,0.6118613481521606,0.598952612859375,0.0173944550614557,0.597066145053289,0.578056114873229,0.635868519587506,0.611861348152161,-0.17266105769313045,0.17266105769313045,-0.13725480031051412,0.13725480031051412,10.305458227924143,1.0
dataset_0019,rho,0.8486188650131226,0.2077531516551971,0.95173442363739,0.247761583328247,0.9981363952159882,0.9935389757156372,0.972059064705634,0.0317018559116456,0.980898071563504,0.866135697761753,0.99697962673876,0.993538975715637,-0.12344019969251141,0.12344019969251141,-0.029163647926113923,0.029163647926113923,5.7348844364005895,1.0
dataset_0020,beta0,0.0790218263864517,0.0245833918452262,0.0798175856471061,0.0369362991303205,0.1181870566681027,0.0437723658978939,0.0854915753935933,0.0184736762475141,0.0863912280284658,0.0483365425316575,0.119041369071407,0.0437723658978939,-0.006469749007141604,0.006469749007141604,-0.006573642381359698,0.006573642381359698,1.1491543295435975,0.987917198229402
dataset_0020,sigma2_w,1.138811469078064,0.1317408233880996,1.131505846977234,0.9013101294636726,1.4176037937402723,0.90309739112854,1.19857586600109,0.125923636719452,1.19118418871476,0.969880166601846,1.46330854702088,0.90309739112854,-0.05976439692302593,0.05976439692302593,-0.05967834173752595,0.05967834173752595,1.0463396204291042,0.9073730756188085
dataset_0020,eta_raw,0.7431793212890625,0.209051102399826,0.7920913100242615,0.1492006879299879,0.9897476360201836,0.5359987020492554,0.549080170573227,0.241748830511175,0.512962498075583,0.0632163571991676,0.961603545301526,0.535998702049255,0.1940991507158355,0.1940991507158355,0.27912881194867845,0.27912881194867845,0.9356176927073757,0.9665169318827418
dataset_0020,eta,0.5914298892021179,0.1663650572299957,0.6303545534610748,0.1187354665249586,0.7876515313982964,0.4265533983707428,0.436963743694169,0.192386248266021,0.408220922091971,0.0503082383682114,0.765254160728252,0.426553398370743,0.1544661455079489,0.1544661455079489,0.22213363136910386,0.22213363136910386,0.9356177075116981,0.9665169191678998
dataset_0020,rho,0.1662878543138504,0.0742290169000625,0.1608539745211601,0.0376128564588725,0.3253082625567912,0.0735349655151367,0.160003989385192,0.0523033919103524,0.156541506322375,0.0648272851835686,0.269028942556219,0.0735349655151367,0.0062838649286584,0.0062838649286584,0.0043124681987850855,0.0043124681987850855,1.4088788984356742,1.0
dataset_0021,beta0,0.1556981056928634,0.0208292752504348,0.1559806019067764,0.125380440056324,0.1851585555821657,0.1461036503314972,0.1550437378384,0.0117780098304114,0.155166072566321,0.131566543318436,0.177619357800916,0.146103650331497,0.0006543678544634057,0.0006543678544634057,0.0008145293404553944,0.0008145293404553944,1.2980339246927732,1.0
dataset_0021,sigma2_w,0.5077320337295532,0.2150517106056213,0.4558630287647247,0.2350585144013166,1.0591729879379272,0.5480124950408936,0.507201188858378,0.176305032190186,0.469415851855737,0.273215256244106,0.970347271592632,0.548012495040894,0.0005308448711752733,0.0005308448711752733,-0.0135528230910123,0.0135528230910123,1.1821498014613496,1.0
dataset_0021,eta_raw,0.2095508575439453,0.1293509602546692,0.2059036865830421,0.0087274103425443,0.4655019640922544,0.1004564464092254,0.156560158547682,0.0881554865470304,0.16427852090386,0.0082132804136943,0.340072070148784,0.100456446409225,0.052990698996263325,0.052990698996263325,0.04162516567918209,0.04162516567918209,1.3764124015348091,0.9984507569341151
dataset_0021,eta,0.1536947935819625,0.0948722958564758,0.1510197892785072,0.006401107518468,0.3414217926561831,0.0736796483397483,0.114828842287375,0.0646575256143006,0.120489865001812,0.0060240197125174,0.249425412389082,0.0736796483397484,0.0388659512945875,0.0388659512945875,0.03052992427669521,0.03052992427669521,1.3764123592460114,0.9984507574019854
dataset_0021,rho,0.6885039210319519,0.1140091121196746,0.6991935670375824,0.4471241258084774,0.8749448850750923,0.7968014478683472,0.738450179045174,0.0711603247398169,0.741999747498917,0.593485934898606,0.86476932039562,0.796801447868347,-0.049946258013222056,0.049946258013222056,-0.04280618046133455,0.04280618046133455,1.5770252884555065,1.0
dataset_0022,beta0,-0.5392298102378845,0.0268015917390584,-0.5388999879360199,-0.5852522656321526,-0.4939146861433983,-0.5141009092330933,-0.523480682350789,0.0164570354431595,-0.523169092367542,-0.556819552148807,-0.492277514142771,-0.514100909233093,-0.015749127887095482,0.015749127887095482,-0.015730895568477843,0.015730895568477843,1.415164167580398,0.9746340206909149
dataset_0022,sigma2_w,0.4703890085220337,0.083793431520462,0.457226350903511,0.3493952564895153,0.6606486037373542,0.4116743803024292,0.481992162651025,0.0708067576956746,0.474393697762054,0.37117246762369,0.641645335038177,0.411674380302429,-0.011603154128991322,0.011603154128991322,-0.017167346858542987,0.017167346858542987,1.15077475320605,1.0
dataset_0022,eta_raw,0.7245250940322876,0.2043772637844085,0.7596340775489807,0.1937939807772636,0.9901775315403938,0.9551339149475098,0.812527347703575,0.19695658988095,0.890255703493945,0.167833731904458,0.981174024657423,0.95513391494751,-0.08800225367128744,0.08800225367128744,-0.1306216259449643,0.1306216259449643,0.979151725125482,0.9886945092294495
dataset_0022,eta,0.4835299849510193,0.1363962888717651,0.5069608688354492,0.129333271831274,0.6608198419213295,0.6374325752258301,0.542260509963228,0.131443921452384,0.594134478228559,0.11200805155514,0.65481110079203,0.63743257522583,-0.05873052501220877,0.05873052501220877,-0.08717360939310981,0.08717360939310981,0.9791517767581742,0.9886944629131807
dataset_0022,rho,0.2695684432983398,0.1024312376976013,0.2602198123931885,0.0944535851478576,0.5006427988409995,0.3700561821460724,0.308072864925269,0.0868599629605901,0.308580971328514,0.137322775620992,0.470941250541,0.370056182146072,-0.038504421626929186,0.038504421626929186,-0.0483611589353255,0.0483611589353255,1.2175261390740852,1.0
dataset_0023,beta0,0.0264467801898717,0.0205016359686851,0.0264371456578373,-0.0004306848946725,0.0522315443493425,0.0370460525155067,0.0258864679427354,0.0084758812508447,0.0258607845594056,0.0091815844085437,0.0429581443455747,0.0370460525155067,0.0005603122471363013,0.0005603122471363013,0.0005763610984317012,0.0005763610984317012,1.5591353690900494,1.0
dataset_0023,sigma2_w,0.317088782787323,0.2211720496416092,0.25091053545475,0.0792698863893747,0.8846039906144142,0.0874185636639595,0.242791039270806,0.155621282998418,0.199141104895294,0.0850676298341527,0.659849008863299,0.0874185636639595,0.074297743516517,0.074297743516517,0.051769430559456014,0.051769430559456014,1.4011137688303612,1.0
dataset_0023,eta_raw,0.7234759330749512,0.1443303525447845,0.7229102551937103,0.4487163893878459,0.9791094914078712,0.7296827435493469,0.800520339487167,0.0825687588978202,0.784661105077664,0.635180236494387,0.989687602545156,0.729682743549347,-0.07704440641221588,0.07704440641221588,-0.06175084988395363,0.06175084988395363,1.4961412732509138,0.9701610963542859
dataset_0023,eta,0.495823472738266,0.098914660513401,0.495435819029808,0.3075211077928543,0.6710181877017021,0.5000772476196289,0.548624734386735,0.056587273532586,0.537755843446294,0.435311348563209,0.678267710749259,0.500077247619629,-0.05280126164846899,0.05280126164846899,-0.042320024416486024,0.042320024416486024,1.4961414331290108,0.9701612133869317
dataset_0023,rho,0.8402562737464905,0.1124926507472992,0.8728979527950287,0.5568214565515518,0.9685486972332,0.7527434825897217,0.849595941200728,0.0781554875843887,0.866467002165244,0.677320081060978,0.960879640508015,0.752743482589722,-0.009339667454237532,0.009339667454237532,0.006430950629784715,0.006430950629784715,1.4519956283066175,1.0
dataset_0024,beta0,0.6369284391403198,0.0534523762762546,0.6370519399642944,0.6080737873911858,0.6721728399395942,0.6333185434341431,0.632025213531253,0.0065930488034249,0.63207400271081,0.61909848065738,0.644819673047985,0.633318543434143,0.0049032256090668636,0.0049032256090668636,0.004977937253484388,0.004977937253484388,2.4920715795361588,1.0
dataset_0024,sigma2_w,0.2191248834133148,0.175915241241455,0.1565553173422813,0.0628144819289446,0.720981615781784,0.107297733426094,0.0955466986814289,0.0297984183952617,0.0882778389586904,0.0605046039740776,0.177316862219341,0.107297733426094,0.12357818473188589,0.12357818473188589,0.06827747838359091,0.06827747838359091,5.634401249832248,0.980225722971496
dataset_0024,eta_raw,0.2016868442296981,0.1331082433462143,0.187888815999031,0.0101013446925208,0.4845939420163629,0.2595462501049042,0.185530600105409,0.0996715510944159,0.19287664193083,0.0105768041400494,0.34024569533747,0.259546250104904,0.016156244124289093,0.016156244124289093,-0.004987825931799,0.004987825931799,1.4393004920797776,1.0
dataset_0024,eta,0.1450375616550445,0.0957211256027221,0.1351150795817375,0.0072641047067008,0.3484824091196059,0.1866455525159835,0.133419234360227,0.0716760578953439,0.138701938536083,0.0076060181422456,0.2446783449226,0.186645552515984,0.011618327294817488,0.011618327294817488,-0.0035868589543455176,0.0035868589543455176,1.4393004407007026,1.0
dataset_0024,rho,0.7313680052757263,0.1490334421396255,0.7507814466953278,0.4239569306373596,0.9477399811148643,0.6574814915657043,0.567777180993637,0.084738620310978,0.558909348458699,0.423258247127578,0.754117709901633,0.657481491565704,0.16359082428208926,0.16359082428208926,0.19187209823662876,0.19187209823662876,1.5830982922051042,0.9978882770831954
dataset_0025,beta0,0.2929714620113373,0.0227318778634071,0.2931444197893142,0.2588918022811413,0.3291092850267886,0.3001773953437805,0.285899143571146,0.0148088066109186,0.285757153438669,0.257830360802832,0.315322629699212,0.300177395343781,0.007072318440191294,0.007072318440191294,0.0073872663506452385,0.0073872663506452385,1.2213378266946182,0.9815376658690868
dataset_0025,sigma2_w,0.4171265661716461,0.2243615537881851,0.3553154468536377,0.1588798806071281,1.0043132424354553,0.2831803262233734,0.381378699193477,0.180555433021451,0.335579064188639,0.159020103262527,0.836771579979929,0.283180326223373,0.03574786697816912,0.03574786697816912,0.01973638266499872,0.01973638266499872,1.2474091032941306,1.0
dataset_0025,eta_raw,0.3052897453308105,0.1870313286781311,0.3020173013210296,0.0142818155931308,0.7109837099909775,0.1235005185008049,0.1605066220874,0.0916114521048025,0.16288809805669,0.0085608114173029,0.299374019308744,0.123500518500805,0.1447831232434105,0.1447831232434105,0.1391292032643396,0.1391292032643396,2.3957023804019295,0.9803275641525763
dataset_0025,eta,0.2394622862339019,0.1467030793428421,0.2368954345583915,0.0112023278139531,0.5576793193817132,0.0968709737062454,0.125897708889159,0.0718579194927121,0.127765683957159,0.00671490390648,0.234822106662903,0.0968709737062454,0.1135645773447429,0.1135645773447429,0.10912975060123248,0.10912975060123248,2.395702480957158,0.9803275659284426
dataset_0025,rho,0.6841284036636353,0.1444303840398788,0.7022605240345001,0.3708367854356765,0.9049382388591766,0.6748173832893372,0.645813424301384,0.122765932677739,0.652383842328317,0.392094291656766,0.851625224565206,0.674817383289337,0.038314979362251256,0.038314979362251256,0.04987668170618309,0.04987668170618309,1.1622753011273737,1.0
dataset_0026,beta0,0.2203554660081863,0.0318231843411922,0.2211554571986198,0.1813354112207889,0.2612196579575538,0.2293042242527008,0.224512919074627,0.0189006873873746,0.224831221013676,0.186204689091176,0.261466487152355,0.229304224252701,-0.004157453066440692,0.004157453066440692,-0.0036757638150562155,0.0036757638150562155,1.061418259922895,0.996720392002852
dataset_0026,sigma2_w,0.4145906865596771,0.1903986483812332,0.3607156723737716,0.2020331356674432,0.9277033418416976,0.3439033627510071,0.379404172122478,0.148770087675392,0.343760531754176,0.203295407737092,0.760559508829647,0.343903362751007,0.03518651443719911,0.03518651443719911,0.016955140619595632,0.016955140619595632,1.3022016037845028,1.0
dataset_0026,eta_raw,0.2475307881832122,0.1778472363948822,0.2180512472987175,0.0105402986286208,0.6705645337700843,0.3533693253993988,0.330634568183711,0.164535810008061,0.373973452024746,0.0201991977679194,0.566003972735551,0.353369325399399,-0.08310378000049881,0.08310378000049881,-0.15592220472602852,0.15592220472602852,1.2092679753133446,1.0
dataset_0026,eta,0.2174080610275268,0.1562045067548751,0.1915159597992897,0.0092576193856075,0.5889615759253501,0.3103667795658111,0.290398690100333,0.144512970810691,0.328463539662143,0.0177410988969009,0.497125310208523,0.310366779565811,-0.07299062907280618,0.07299062907280618,-0.13694757986285327,0.13694757986285327,1.209267937618638,1.0
dataset_0026,rho,0.5030878186225891,0.1602146923542022,0.4992916733026504,0.207902155816555,0.807806272804737,0.5120353102684021,0.531852434795447,0.118361539049481,0.52861895514291,0.305531224760932,0.771778710406256,0.512035310268402,-0.02876461617285786,0.02876461617285786,-0.029327281840259622,0.029327281840259622,1.2866645621860382,1.0
dataset_0027,beta0,0.2511912286281585,0.0185094010084867,0.2517973184585571,0.2249059550464153,0.2767313152551651,0.2480820119380951,0.253016157298727,0.0093485262761053,0.25296774137079,0.23511753142978,0.271229829648988,0.248082011938095,-0.001824928670568493,0.001824928670568493,-0.0011704229122329046,0.0011704229122329046,1.4351166434814182,1.0
dataset_0027,sigma2_w,0.3650282621383667,0.1229732111096382,0.3331250995397568,0.2331258866935968,0.691745541989803,0.2808665931224823,0.286876610147041,0.0447660300988996,0.280740650066774,0.218133782879082,0.39439563816743,0.280866593122482,0.07815165199132568,0.07815165199132568,0.052384449472982764,0.052384449472982764,2.601922319187819,0.9149441392751193
dataset_0027,eta_raw,0.6835793852806091,0.1560186296701431,0.6800438761711121,0.3618366576731205,0.9713758915662764,0.367055594921112,0.619626244472026,0.248879293114456,0.474043506726459,0.33919551562265,0.987547860921892,0.367055594921112,0.06395314080858316,0.06395314080858316,0.20600036944465305,0.20600036944465305,0.9401357738774397,1.0
dataset_0027,eta,0.4962003827095032,0.113251656293869,0.4936339557170868,0.2626519672572613,0.7051076084375381,0.2664403021335602,0.449777675820871,0.180657857887127,0.344101284597908,0.246217089780652,0.716846624251362,0.26644030213356,0.04642270688863215,0.04642270688863215,0.14953267111917878,0.14953267111917878,0.940135730491035,1.0
dataset_0027,rho,0.5165578126907349,0.1216079965233802,0.5091888308525085,0.300750008970499,0.7757112935185432,0.3206974864006042,0.388100542108999,0.0829878833646067,0.37927644971664,0.244049597593773,0.563099588479734,0.320697486400604,0.12845727058173584,0.12845727058173584,0.12991238113586856,0.12991238113586856,1.4886735562321676,0.8222836138647857
dataset_0028,beta0,0.2011578679084777,0.0179607961326837,0.2013536319136619,0.177894427254796,0.2243383981287479,0.2021855562925338,0.201702541259847,0.0030953105675803,0.201685193017352,0.195524694857267,0.207696223703251,0.202185556292534,-0.0005446733513692903,0.0005446733513692903,-0.0003315611036900923,0.0003315611036900923,3.815787766815844,1.0
dataset_0028,sigma2_w,0.1335531324148178,0.2231147438287735,0.0436751842498779,0.0011559997830772,0.7428836926817893,0.0206008907407522,0.103881484780054,0.193988244677777,0.0311484777026486,0.0044269231580072,0.749270648579395,0.0206008907407522,0.029671647634763806,0.029671647634763806,0.012526706547229302,0.012526706547229302,0.9958165284658701,0.9955901290915173
dataset_0028,eta_raw,0.2896256744861603,0.2206087261438369,0.2432784363627433,0.0099353715311735,0.8590365737676618,0.4949623644351959,0.491568090115096,0.104839274282893,0.507389753395194,0.298200018279744,0.718092221409811,0.494962364435196,-0.20194241562893572,0.20194241562893572,-0.2641113170324507,0.2641113170324507,2.022188542456618,1.0
dataset_0028,eta,0.2132338434457779,0.162420853972435,0.1791111752390861,0.0073148124618455,0.6324565991759299,0.3644108176231384,0.361911812089085,0.0771868078844225,0.373560344496107,0.219546612464922,0.528687810139693,0.364410817623138,-0.14867796864330712,0.14867796864330712,-0.19444916925702088,0.19444916925702088,2.022188538493529,1.0
dataset_0028,rho,0.9071838855743408,0.1512888818979263,0.9766561985015868,0.4406443558633328,0.998993243277073,0.9356641173362732,0.937722595639387,0.0720796401491546,0.964735266686034,0.734132926643667,0.998604258815712,0.935664117336273,-0.03053871006504616,0.03053871006504616,0.01192093181555276,0.01192093181555276,2.1111886979512797,1.0
dataset_0029,beta0,-0.6980448365211487,0.0201748572289943,-0.695905476808548,-0.7390980154275895,-0.6651082128286362,-0.6756287813186646,-0.681971144613973,0.0069698481465448,-0.682007216912036,-0.695500976024575,-0.668249491175997,-0.675628781318665,-0.01607369190717567,0.01607369190717567,-0.013898259896511944,0.013898259896511944,2.715074169722321,1.0
dataset_0029,sigma2_w,0.1385071873664856,0.1987111121416092,0.0544542036950588,0.0098213608609512,0.6836367502808559,0.2991552352905273,0.184511935219968,0.177145590672801,0.116312248716785,0.0333629259138638,0.705433194162599,0.299155235290527,-0.04600474785348241,0.04600474785348241,-0.0618580450217262,0.0618580450217262,1.0025966349853817,0.9675682069100606
dataset_0029,eta_raw,0.6123583912849426,0.258388876914978,0.6476421654224396,0.0520672585815191,0.9822915345430374,0.2979503273963928,0.379067699906326,0.101035581857386,0.372145585231453,0.142983025532302,0.564798279910234,0.297950327396393,0.23329069137861663,0.23329069137861663,0.27549658019098655,0.27549658019098655,2.2052883728289006,1.0
dataset_0029,eta,0.378801167011261,0.1598377972841262,0.4006275087594986,0.0322084897197783,0.6076396077871322,0.1843102723360061,0.234488978675283,0.0624999977720497,0.230207000546349,0.0884484318586276,0.349380788303608,0.184310272336006,0.14431218833597798,0.14431218833597798,0.1704205082131496,0.1704205082131496,2.2052884736381397,1.0
dataset_0029,rho,0.78583824634552,0.2253706902265548,0.8803697228431702,0.2059954695403576,0.9921039119362832,0.972737431526184,0.932507228768618,0.0518861426288919,0.944350280607652,0.800318589873408,0.991210684098163,0.972737431526184,-0.146668982423098,0.146668982423098,-0.06398055776448186,0.06398055776448186,4.118077522217169,1.0
dataset_0030,beta0,-0.848950207233429,0.0336401052772998,-0.846601814031601,-0.9081413686275482,-0.7905067071318627,-0.8393305540084839,-0.834611661605448,0.0188874837410484,-0.834157431612728,-0.872397789502566,-0.799651110067312,-0.839330554008484,-0.014338545627980981,0.014338545627980981,-0.012444382418872912,0.012444382418872912,1.6170450996376116,1.0
dataset_0030,sigma2_w,0.2974398136138916,0.0593700781464576,0.2883604317903518,0.216707606241107,0.4320175290107724,0.273970752954483,0.291071865450564,0.0452553867057742,0.285826324352892,0.217924671015549,0.393504824446709,0.273970752954483,0.006367948163327586,0.006367948163327586,0.0025341074374597983,0.0025341074374597983,1.2262771079880752,1.0
dataset_0030,eta_raw,0.4326001107692718,0.258019745349884,0.4259827584028244,0.0216140347067266,0.9510231882333752,0.9581941962242126,0.489927589883579,0.273261799616167,0.52009894798534,0.0252363329557127,0.966880663452424,0.958194196224213,-0.05732747911430719,0.05732747911430719,-0.09411618958251555,0.09411618958251555,0.987006583511623,0.9961025795418076
dataset_0030,eta,0.3000832200050354,0.1789814680814743,0.295492947101593,0.0149930825224146,0.6596996009349821,0.664673924446106,0.339849781845928,0.189554466627299,0.360778853163008,0.0175057751934897,0.670699485659576,0.664673924446106,-0.03976656184089261,0.03976656184089261,-0.06528590606141499,0.06528590606141499,0.9870066231233875,0.996102579081623
dataset_0030,rho,0.2068088799715042,0.0984078273177146,0.1952639073133468,0.0475508905015885,0.4371082462370395,0.2203728705644607,0.191874017861968,0.0737511254290386,0.185220353399826,0.0632944997377477,0.358337041111859,0.220372870564461,0.014934862109536207,0.014934862109536207,0.010043553913520797,0.010043553913520797,1.320343005185465,1.0
dataset_0031,beta0,0.4660826027393341,0.0335397720336914,0.4664579778909683,0.4380014903843403,0.4999670125544071,0.4672891795635223,0.461067212374248,0.0097885139754155,0.461430570571044,0.441374537640386,0.479795092666045,0.467289179563522,0.005015390365086081,0.005015390365086081,0.0050274073199243485,0.0050274073199243485,1.6128221502444056,1.0
dataset_0031,sigma2_w,0.366498589515686,0.0460296384990215,0.3614833056926727,0.2927486412227154,0.4626391790807246,0.3228897750377655,0.363773794448149,0.0386702744652361,0.361309309404125,0.29562233908998,0.447061640556731,0.322889775037766,0.002724795067536978,0.002724795067536978,0.00017399628854769533,0.00017399628854769533,1.121839154120169,1.0
dataset_0031,eta_raw,0.1925868839025497,0.1375799626111984,0.1711459383368492,0.009009111742489,0.5128303006291389,0.0077764797024428,0.1501232668419,0.0948040237700401,0.144725957720592,0.0073913835729784,0.363878585904689,0.0077764797024428,0.04246361706064969,0.04246361706064969,0.02641998061625722,0.02641998061625722,1.4132939011309735,0.9954620301684624
dataset_0031,eta,0.1361870765686035,0.0972891375422477,0.1210251934826374,0.0063707587309181,0.3626459822058677,0.0054991082288324,0.10615909283813,0.0670403020967498,0.102342406376807,0.0052267885680398,0.257315347550655,0.0054991082288324,0.03002798373047348,0.03002798373047348,0.018682787105830406,0.018682787105830406,1.4132939031934388,0.9954620306153713
dataset_0031,rho,0.1955027282238006,0.0568384788930416,0.1934664696455001,0.0873724021017551,0.3128154292702674,0.2011357545852661,0.191366643420704,0.0426612070403553,0.188935544994549,0.111915187943982,0.279228906593497,0.201135754585266,0.004136084803096601,0.004136084803096601,0.00453092465095109,0.00453092465095109,1.3474270310180918,1.0
dataset_0032,beta0,0.4766451716423034,0.0256455019116401,0.4766565859317779,0.4538840040564537,0.504644650220871,0.4686028063297272,0.470939142407815,0.0063058694455115,0.470941625845381,0.458465950115813,0.483081800595165,0.468602806329727,0.00570602923448843,0.00570602923448843,0.005714960086396881,0.005714960086396881,2.0621122234633265,1.0
dataset_0032,sigma2_w,0.2495919466018676,0.1900210529565811,0.1879830509424209,0.0648472698405385,0.7607284456491462,0.6937856674194336,0.401979183191226,0.187336045671831,0.372926238314267,0.138852721383693,0.856021415042969,0.693785667419434,-0.1523872365893584,0.1523872365893584,-0.18494318737184612,0.18494318737184612,0.9703172795482036,0.8936521720721058
dataset_0032,eta_raw,0.1848177909851074,0.1187451407313346,0.173671007156372,0.0080228301696479,0.4232055962085724,0.2711027562618255,0.152012624698772,0.0927997563635173,0.146217011636395,0.0086513103599819,0.314354832149849,0.271102756261826,0.0328051662863354,0.0328051662863354,0.027453995519976987,0.027453995519976987,1.3581222866130758,1.0
dataset_0032,eta,0.1402905285358429,0.0901364311575889,0.1318292766809463,0.0060899279196746,0.3212446860969066,0.205787256360054,0.115388944719519,0.0704419516354899,0.110989641197226,0.0065669912275873,0.23861881485917,0.205787256360054,0.024901583816323902,0.024901583816323902,0.020839635483720295,0.020839635483720295,1.3581223075306994,1.0
dataset_0032,rho,0.790712296962738,0.1267850846052169,0.8183026313781738,0.4999271780252456,0.95704076141119,0.934699535369873,0.871526569347041,0.0600880956729467,0.886975737981973,0.716628225638317,0.948026515509657,0.934699535369873,-0.08081427238430294,0.08081427238430294,-0.06867310660379922,0.06867310660379922,1.9754406294018183,1.0
dataset_0033,beta0,-0.716032087802887,0.0285484548658132,-0.7141030728816986,-0.7634524047374726,-0.6780372768640518,-0.6919237375259399,-0.686088044787506,0.0119662766339002,-0.686148720400835,-0.709421094479702,-0.662849697282966,-0.69192373752594,-0.029944043015381006,0.029944043015381006,-0.027954352480863642,0.027954352480863642,1.8340683985192354,0.6738861083139205
dataset_0033,sigma2_w,0.4036626517772674,0.1938367933034896,0.34844471514225,0.1883966129273176,0.9244462773203848,0.4318880140781402,0.362799600987913,0.139037115163573,0.328232219284503,0.202648659090856,0.749644548683003,0.43188801407814,0.04086305078935443,0.04086305078935443,0.02021249585774698,0.02021249585774698,1.3456219295210485,1.0
dataset_0033,eta_raw,0.2727032601833343,0.1594139784574508,0.2748492062091827,0.0144323652610182,0.5803879857063292,0.3179633021354675,0.396560968881755,0.12580827617478,0.41064731014558,0.0583403257403837,0.608546843587884,0.317963302135468,-0.12385770869842072,0.12385770869842072,-0.1357981039363973,0.1357981039363973,1.028623984062246,0.9488212935177196
dataset_0033,eta,0.2133667469024658,0.1247276812791824,0.2150457799434662,0.0112920793006196,0.4541035011410712,0.248778834939003,0.31027471966281,0.0984341140063901,0.321296065507896,0.0456462678744666,0.476135364073663,0.248778834939003,-0.09690797276034421,0.09690797276034421,-0.10625028556442984,0.10625028556442984,1.0286240133607318,0.9488213217776897
dataset_0033,rho,0.6450738310813904,0.1305515021085739,0.6501222848892212,0.3879047900438309,0.8724974662065506,0.6695384979248047,0.620188409823422,0.0983852014023886,0.619957647657041,0.434404122917587,0.818205757263018,0.669538497924805,0.024885421257968332,0.024885421257968332,0.030164637232180214,0.030164637232180214,1.262612330948477,1.0
dataset_0034,beta0,0.1068834438920021,0.0147668085992336,0.1071858666837215,0.0809062076732516,0.1319090895354747,0.1008293405175209,0.102212360745481,0.0089443844443829,0.102455082792779,0.0844135777412331,0.119232337206665,0.100829340517521,0.004671083146521107,0.004671083146521107,0.004730783890942503,0.004730783890942503,1.4648104253357683,1.0
dataset_0034,sigma2_w,0.127769261598587,0.0552976205945014,0.1161993704736232,0.0856633529067039,0.2456094756722448,0.1324048191308975,0.120907228815351,0.0195134977010353,0.118381148026498,0.0913497277763437,0.168520055277021,0.132404819130898,0.006862032783236008,0.006862032783236008,-0.0021817775528747974,0.0021817775528747974,2.072637604967235,1.0
dataset_0034,eta_raw,0.6559466123580933,0.214590847492218,0.673761636018753,0.115035112760961,0.9799387946724892,0.9018824100494384,0.789943522097586,0.151122618764497,0.823144259774869,0.33391160793696,0.984825251221872,0.901882410049438,-0.13399690973949274,0.13399690973949274,-0.149382623756116,0.149382623756116,1.3287533466754367,0.9924929265198332
dataset_0034,eta,0.4529742300510406,0.1481890529394149,0.4652765989303589,0.0794392907992005,0.6767120227217674,0.6228089332580566,0.545507811315388,0.104360079798574,0.568435098188124,0.23058786523727,0.68008642680635,0.622808933258057,-0.09253358126434735,0.09253358126434735,-0.1031584992577651,0.1031584992577651,1.328753377625162,0.9924929591035766
dataset_0034,rho,0.3673088252544403,0.1423887610435485,0.347254604101181,0.1426267888396978,0.7181507229804991,0.3953833878040313,0.371148681983056,0.0855398157208723,0.367251206993948,0.21886641328578,0.552950274963831,0.395383387804031,-0.003839856728615698,0.003839856728615698,-0.019996602892767,0.019996602892767,1.7226930126167561,1.0
dataset_0035,beta0,-0.9766638875007628,0.0420085415244102,-0.9741544127464294,-1.0539829969406127,-0.9073777318000794,-0.9130726456642152,-0.930771444775465,0.0193531059265938,-0.930860952967456,-0.969750237989386,-0.893480109022184,-0.913072645664215,-0.0458924427252978,0.0458924427252978,-0.043293459778973475,0.043293459778973475,1.922184571152058,0.8177841972199663
dataset_0035,sigma2_w,0.3682990372180938,0.0491690933704376,0.3649486005306244,0.2839405469596386,0.4743896134197712,0.3039152920246124,0.363294594513001,0.0485519910295671,0.359840858369325,0.278585753558825,0.471482042798977,0.303915292024612,0.005004442705092815,0.005004442705092815,0.005107742161299389,0.005107742161299389,0.9873132718640706,0.9847330802148989
dataset_0035,eta_raw,0.490146279335022,0.2935173511505127,0.4908638298511505,0.0200492268428206,0.9784139096736908,0.3207351863384247,0.50189937485978,0.272080170850752,0.519636727561314,0.030304221976263,0.962904897005441,0.320735186338425,-0.011753095524758006,0.011753095524758006,-0.028772897710163448,0.028772897710163448,1.0276259802201904,1.0
dataset_0035,eta,0.3215968012809753,0.1925838142633438,0.3220675736665725,0.0131547798402607,0.6419609144330025,0.2104420810937881,0.329308253228491,0.178518345088599,0.340946157014826,0.0198833290183708,0.631785065973853,0.210442081093788,-0.007711451947515713,0.007711451947515713,-0.018878583348253486,0.018878583348253486,1.027626000412039,1.0
dataset_0035,rho,0.0556432418525218,0.0465545989573001,0.0447435714304447,0.0025077037804294,0.1687463864684104,0.0660070329904556,0.0599312607037598,0.044237699190475,0.049596840206103,0.0024294430214284,0.163165833608685,0.0660070329904556,-0.004288018851238001,0.004288018851238001,-0.004853268775658302,0.004853268775658302,1.0342317758948147,0.9995131111336079
dataset_0036,beta0,-0.0504532419145107,0.0241230446845293,-0.0504015572369098,-0.0822050977498292,-0.0200843079015612,-0.0555886998772621,-0.0503640154241966,0.0099179291306109,-0.0504070780979261,-0.069631348303547,-0.0305571255063523,-0.0555886998772621,-8.922649031409963e-05,8.922649031409963e-05,5.520861016301837e-06,5.520861016301837e-06,1.5898151108645444,1.0
dataset_0036,sigma2_w,0.3847135603427887,0.1907024383544922,0.3316162824630737,0.1711449161171913,0.8947226747870445,0.4194242060184479,0.460197844644191,0.183459316515926,0.415438579335337,0.243366905981565,0.93858141682514,0.419424206018448,-0.0754842843014023,0.0754842843014023,-0.08382229687226334,0.08382229687226334,1.0407978363280452,0.9369133679547667
dataset_0036,eta_raw,0.4916594624519348,0.1844182312488556,0.5038450658321381,0.0616347421891987,0.8619658991694447,0.5389912724494934,0.487157677982878,0.0201890785684087,0.488111051737805,0.442452884653276,0.520940732938896,0.538991272449493,0.004501784469056802,0.004501784469056802,0.01573401409433306,0.01573401409433306,10.196879828681418,1.0
dataset_0036,eta,0.3380996584892273,0.1268189549446106,0.3464793413877487,0.042384388577193,0.5927484691143033,0.3706483542919159,0.335003919996957,0.0138834319301874,0.335659526917586,0.304261756453357,0.358235527238784,0.370648354291916,0.0030957384922702946,0.0030957384922702946,0.010819814470162725,0.010819814470162725,10.196880309235496,1.0
dataset_0036,rho,0.6492898464202881,0.1409660577774047,0.6586301028728485,0.3621217146515846,0.8833491921424865,0.7414262294769287,0.715448699676249,0.0837491517192788,0.718855986063085,0.545614327272278,0.870237127977141,0.741426229476929,-0.06615885325596094,0.06615885325596094,-0.06022588319023647,0.06022588319023647,1.605640381264487,1.0
dataset_0037,beta0,0.1540695577859878,0.0147654972970485,0.1543947458267212,0.1288788676261902,0.1780755698680877,0.1393731385469436,0.149499211999925,0.0079026077584704,0.149627949996769,0.133472201209518,0.164531236081015,0.139373138546944,0.004570345786062802,0.004570345786062802,0.004766795829952181,0.004766795829952181,1.583973953004107,1.0
dataset_0037,sigma2_w,0.2133221179246902,0.1929962784051895,0.1425196751952171,0.0451590632088482,0.7520161375403404,0.0948312431573867,0.146910080717415,0.0859013906918195,0.123013528786394,0.0541274217124354,0.374487974440311,0.0948312431573868,0.0664120372072752,0.0664120372072752,0.019506146408823102,0.019506146408823102,2.20644229856826,1.0
dataset_0037,eta_raw,0.7431987524032593,0.1564283221960067,0.7507558763027191,0.4080772586166858,0.9834950476884842,0.7384700179100037,0.606146093045721,0.0973999253743525,0.580211464257896,0.466488240232724,0.767560484598402,0.738470017910004,0.1370526593575383,0.1370526593575383,0.17054441204482307,0.17054441204482307,1.9112282843745114,1.0
dataset_0037,eta,0.5397664904594421,0.1136099398136138,0.5452550649642944,0.2963762141764164,0.7142876848578453,0.5363321304321289,0.440228625453944,0.0707391101894535,0.421392958419362,0.338798647956626,0.557459828520301,0.536332130432129,0.09953786500549816,0.09953786500549816,0.12386210654493246,0.12386210654493246,1.911228456757241,1.0
dataset_0037,rho,0.8010071516036987,0.1484587639570236,0.8417253494262695,0.4375682018697261,0.9730301812291146,0.7695879936218262,0.775636260026587,0.106963313635631,0.796063953980862,0.54663869026924,0.936151803343397,0.769587993621826,0.0253708915771117,0.0253708915771117,0.04566139544540748,0.04566139544540748,1.3746956428073966,1.0
dataset_0038,beta0,1.1631927490234375,0.1000702232122421,1.1652681827545166,1.107261174917221,1.2297299802303314,1.0991218090057373,1.10896593055441,0.0071314946761086,1.10893652137475,1.094923256174,1.12266499009862,1.09912180900574,0.05422681846902755,0.05422681846902755,0.05633166137976664,0.05633166137976664,4.414605289124446,0.5552578372806275
dataset_0038,sigma2_w,0.5006269812583923,0.2247775048017501,0.4504135847091675,0.2092543393373489,1.0385294944047927,0.3677926361560821,0.433187897349078,0.16554334637463,0.398432883026823,0.217054243046692,0.872860246885134,0.367792636156082,0.06743908390931436,0.06743908390931436,0.05198070168234448,0.05198070168234448,1.264512905056807,1.0
dataset_0038,eta_raw,0.3695208430290222,0.1562471389770507,0.3987958282232284,0.0321723186410963,0.6215834140777586,0.4207665622234344,0.425233413246361,0.0115067413288934,0.424297730440254,0.406084181977708,0.447307156514288,0.420766562223434,-0.055712570217338775,0.055712570217338775,-0.025501902217025585,0.025501902217025585,14.29812142531436,1.0
dataset_0038,eta,0.2636086940765381,0.1114635467529296,0.2844928801059723,0.0229510830715298,0.4434250399470328,0.300166368484497,0.303352927430942,0.0082086768315361,0.302685430217558,0.289692252652235,0.319099889995723,0.300166368484497,-0.03974423335440391,0.03974423335440391,-0.018192550111585715,0.018192550111585715,14.298120993681701,1.0
dataset_0038,rho,0.7675967812538147,0.0984221398830413,0.7829381227493286,0.5462308973073959,0.9144721180200576,0.7007779479026794,0.777168172946206,0.0710976318444056,0.782713039511959,0.627290960122321,0.897130864583687,0.700777947902679,-0.009571391692391296,0.009571391692391296,0.00022508323736958324,0.00022508323736958324,1.3646655465866582,1.0
dataset_0039,beta0,-0.5254979729652405,0.0322939492762088,-0.525443971157074,-0.5732101753354073,-0.4788856439292431,-0.5050309300422668,-0.501993512876859,0.0130219799460182,-0.501828544703238,-0.528124977956567,-0.476710846960265,-0.505030930042267,-0.023504460088381474,0.023504460088381474,-0.023615426453835964,0.023615426453835964,1.8346032419170635,0.9577004040166599
dataset_0039,sigma2_w,0.1703176796436309,0.1796833574771881,0.1003271676599979,0.0363957826048135,0.6997250780463217,0.2149268984794616,0.269480562374393,0.200551286517007,0.206460884821176,0.0546304815168459,0.781821452345633,0.214926898479462,-0.0991628827307621,0.0991628827307621,-0.1061337171611781,0.1061337171611781,0.9121803240839265,0.9725103368156
dataset_0039,eta_raw,0.7173891663551331,0.2289910763502121,0.7728932797908783,0.1133970476686954,0.991018708050251,0.7923884391784668,0.706604540671281,0.172225374196334,0.738884777914682,0.340581015811748,0.955830269416794,0.792388439178467,0.010784625683852078,0.010784625683852078,0.034008501876196306,0.034008501876196306,1.4264489639591458,1.0
dataset_0039,eta,0.4631238281726837,0.1478294134140014,0.4989555478096008,0.0732055604457855,0.6397704586386681,0.5115410089492798,0.456161626368357,0.1111832747645,0.477000730383337,0.219868372109923,0.617053903750821,0.51154100894928,0.0069622018043267175,0.0069622018043267175,0.021954817426263762,0.021954817426263762,1.42644898431276,1.0
dataset_0039,rho,0.6386536955833435,0.2483777105808258,0.6845773458480835,0.1090732656419277,0.9673783227801322,0.918123722076416,0.827839456224303,0.13031897110074,0.868571070450441,0.491954957179961,0.968447802175682,0.918123722076416,-0.1891857606409595,0.1891857606409595,-0.18399372460235752,0.18399372460235752,1.801296842444533,0.9977555184578702
dataset_0040,beta0,-0.0914543643593788,0.0160321444272995,-0.0912474878132343,-0.1184002336114645,-0.064987457729876,-0.0940398126840591,-0.099712573842068,0.007363027245228,-0.0996653197125207,-0.114121769711471,-0.0853528194357218,-0.0940398126840591,0.008258209482689197,0.008258209482689197,0.008417831899286396,0.008417831899286396,1.8566119156114227,1.0
dataset_0040,sigma2_w,0.2020865082740783,0.1997445076704025,0.1286468803882599,0.030425501614809,0.7301036849617957,0.060955960303545,0.261152157843446,0.257197223040667,0.159040214261066,0.0519457505859934,1.03127364439795,0.060955960303545,-0.05906564956936766,0.05906564956936766,-0.0303933338728061,0.0303933338728061,0.7144473140896095,0.9692426468576739
dataset_0040,eta_raw,0.378139466047287,0.20684614777565,0.3800441771745682,0.022098444122821,0.8262069001793856,0.2128032892942428,0.154660206423844,0.0929658616955547,0.152718489931753,0.0077649846336107,0.316909549139322,0.212803289294243,0.22347925962344298,0.22347925962344298,0.22732568724281518,0.22732568724281518,2.6010758343503366,0.9536350913621011
dataset_0040,eta,0.3458271920681,0.1891710311174392,0.3475691825151443,0.0202101185452193,0.7556070283055301,0.1946191191673278,0.14144440058848,0.0850218739957142,0.139668604915584,0.0071014621179925,0.289829441297487,0.194619119167328,0.20438279147961996,0.20438279147961996,0.2079005775995603,0.2079005775995603,2.6010758181574665,0.9536350931192963
dataset_0040,rho,0.8088271617889404,0.1585520654916763,0.861378014087677,0.4104961641132831,0.9790619865059852,0.6822585463523865,0.859609689208915,0.090974617548751,0.872927250603387,0.665518243230982,0.979787502744146,0.682258546352386,-0.05078252741997458,0.05078252741997458,-0.011549236515710049,0.011549236515710049,1.809167792209362,0.9976914183738977
dataset_0041,beta0,-0.1655738800764084,0.0189633034169673,-0.1654372289776802,-0.1990169368684292,-0.1337690081447363,-0.1861763000488281,-0.162485036556657,0.0100914296250565,-0.162936290187039,-0.181846420858687,-0.141441929714443,-0.186176300048828,-0.0030888435197513886,0.0030888435197513886,-0.0025009387906411995,0.0025009387906411995,1.6148682207321423,1.0
dataset_0041,sigma2_w,0.5632526874542236,0.2009059786796569,0.5192347168922424,0.3004718050360679,1.0652990102767943,0.6881022453308105,0.762380519591136,0.223623550906946,0.729650252741085,0.436141008028914,1.32829206702587,0.688102245330811,-0.19912783213691232,0.19912783213691232,-0.21041553584884254,0.21041553584884254,0.8572844223271117,0.8226145695874604
dataset_0041,eta_raw,0.8720834255218506,0.0816443189978599,0.878689706325531,0.7026676073670387,0.9929230466485024,0.8642728924751282,0.863221329592558,0.0334652893012638,0.853483420008307,0.815914005149428,0.965484360927176,0.864272892475128,0.008862095929292546,0.008862095929292546,0.02520628631722399,0.02520628631722399,1.940594697205673,1.0
dataset_0041,eta,0.684807538986206,0.0641115680336952,0.6899950802326202,0.5517729297280312,0.7796973526477814,0.6786742210388184,0.677848466412082,0.0262787702912826,0.670201728719839,0.640700175209674,0.758150975843285,0.678674221038818,0.006959072574124092,0.006959072574124092,0.019793351512781276,0.019793351512781276,1.9405948847531744,1.0
dataset_0041,rho,0.717797040939331,0.102331057190895,0.7294683456420898,0.4933082513511181,0.8801423639059067,0.8172655701637268,0.814079863909072,0.0529658717707478,0.819187465483431,0.700750801537893,0.902845583616995,0.817265570163727,-0.096282822969741,0.096282822969741,-0.08971911984134118,0.08971911984134118,1.9141222181747268,0.8876605349355237
dataset_0042,beta0,0.240091472864151,0.0349427983164787,0.2407964617013931,0.2086347926408052,0.2732185743749141,0.2175422608852386,0.22677542738682,0.0089990474650211,0.226631656410307,0.20958858538349,0.244796421663985,0.217542260885239,0.013316045477331007,0.013316045477331007,0.014164805291086102,0.014164805291086102,1.834358158779785,1.0
dataset_0042,sigma2_w,0.2287124991416931,0.2457471638917923,0.1462951898574829,0.0141761758597567,0.9022642135620116,0.3265323340892792,0.1484352878133,0.189433509188542,0.0778604823312051,0.0152690704811422,0.669959526171735,0.326532334089279,0.08027721132839308,0.08027721132839308,0.06843470752627781,0.06843470752627781,1.3565006637609605,1.0
dataset_0042,eta_raw,0.2457998096942901,0.1822655647993087,0.2137580290436744,0.0093654559226706,0.6991344049572943,0.1733988374471664,0.182025853431289,0.113612676162588,0.175053771154765,0.0093855918092561,0.429858070378623,0.173398837447166,0.06377395626300111,0.06377395626300111,0.03870425788890941,0.03870425788890941,1.6404615859319076,1.0
dataset_0042,eta,0.2016696631908416,0.1495421677827835,0.1753805801272392,0.0076840111170895,0.5736139684915541,0.1422673463821411,0.149345499797519,0.0932150108624013,0.143625163413491,0.0077005319476662,0.352682693982951,0.142267346382141,0.052324163393322604,0.052324163393322604,0.03175541671374821,0.03175541671374821,1.640461506866495,1.0
dataset_0042,rho,0.8957164287567139,0.1222714334726333,0.9432985186576844,0.5262102067470551,0.9928801745176316,0.9817741513252258,0.863467102783787,0.116671807683207,0.899553615096626,0.575509309841894,0.989176460289648,0.981774151325226,0.032249325972926846,0.032249325972926846,0.043744903561058424,0.043744903561058424,1.1281291426342461,1.0
dataset_0043,beta0,0.5438157916069031,0.0433537438511848,0.5436671078205109,0.5093833595514298,0.5838655099272728,0.5187808275222778,0.537360571953621,0.0105191106823757,0.537346124838804,0.516323268767575,0.557447478580182,0.518780827522278,0.006455219653282107,0.006455219653282107,0.006320982981706913,0.006320982981706913,1.8111509185280408,1.0
dataset_0043,sigma2_w,0.4411327242851257,0.0581385903060436,0.4343820661306381,0.3459008999168872,0.5725856497883797,0.4445127546787262,0.601582013337165,0.0859679316584339,0.589944396228654,0.466074184108312,0.803165834855953,0.444512754678726,-0.1604492890520393,0.1604492890520393,-0.1555623300980159,0.1555623300980159,0.672472158146678,0.4698660396892558
dataset_0043,eta_raw,0.7262887358665466,0.2195930480957031,0.7788330018520355,0.140033358708024,0.992593689262867,0.7156713604927063,0.466376734997728,0.24355527352848,0.489137705062826,0.0365387657173991,0.95156986185769,0.715671360492706,0.2599120008688186,0.2599120008688186,0.2896952967892095,0.2896952967892095,0.9317282594559277,0.9518816136114627
dataset_0043,eta,0.4905239641666412,0.1483096927404403,0.5260115563869476,0.0945763330906629,0.6703821808099747,0.4833531975746155,0.314983516805007,0.164493403798927,0.330355918254305,0.0246777080881547,0.642675328937774,0.483353197574615,0.17554044736163416,0.17554044736163416,0.19565563813264264,0.19565563813264264,0.9317282596131964,0.9518816073474353
dataset_0043,rho,0.1732606142759323,0.0799197927117347,0.1671941876411438,0.0346214987337589,0.3462685346603392,0.1975067704916,0.305607270037682,0.077051054754315,0.296300514430055,0.181264878591277,0.473453203546605,0.1975067704916,-0.1323466557617497,0.1323466557617497,-0.1291063267889112,0.1291063267889112,1.0665964698426171,0.5647168006945152
dataset_0044,beta0,-0.7270680665969849,0.0274778548628091,-0.7255104184150696,-0.7766791343688965,-0.6857447177171707,-0.6917901635169983,-0.698531794214144,0.0132433257427727,-0.698454475487708,-0.72454059661239,-0.673430146382371,-0.691790163516998,-0.028536272382840844,0.028536272382840844,-0.027055942927361576,0.027055942927361576,1.7791746353726432,0.7590596193267939
dataset_0044,sigma2_w,0.2922215163707733,0.0596489235758781,0.2817539125680923,0.2159729290753603,0.4319178260862826,0.3192344009876251,0.272426254703224,0.0413274871102414,0.266794932873293,0.208290795080844,0.375367508676093,0.319234400987625,0.019795261667549302,0.019795261667549302,0.014958979694799313,0.014958979694799313,1.29248949398214,0.9540203189947425
dataset_0044,eta_raw,0.3536581099033355,0.2237697690725326,0.3413059860467911,0.0169720257166773,0.8799086540937422,0.1739861667156219,0.232675815737381,0.138741842474708,0.240061405450125,0.0121805228909621,0.517761685098968,0.173986166715622,0.12098229416595452,0.12098229416595452,0.10124458059666608,0.10124458059666608,1.7068211651881837,0.9905227821290067
dataset_0044,eta,0.2800296545028686,0.177182912826538,0.2702491581439972,0.0134386031655594,0.6967195898294448,0.1377638131380081,0.184234810201328,0.109857042659565,0.19008278677182,0.0096446479229375,0.409968373728166,0.137763813138008,0.09579484430154059,0.09579484430154059,0.08016637137217719,0.08016637137217719,1.706821111562909,0.9905227819435619
dataset_0044,rho,0.2722943425178528,0.0978230312466621,0.2604697495698929,0.1126780081540346,0.5032008007168769,0.3390795886516571,0.247367341070066,0.0665001807760295,0.241275281680683,0.13415290256153,0.40817434977767,0.339079588651657,0.024927001447786784,0.024927001447786784,0.019194467889209893,0.019194467889209893,1.425154113045792,1.0
dataset_0045,beta0,-1.2348215579986572,0.0629896000027656,-1.2280575037002563,-1.3553519248962402,-1.143737265467644,-1.1410775184631348,-1.16787740612965,0.0291607761019945,-1.16771785985756,-1.22480342006981,-1.11207936582082,-1.14107751846313,-0.06694415186900726,0.06694415186900726,-0.06033964384269641,0.06033964384269641,1.8772804157768497,0.7191557750673446
dataset_0045,sigma2_w,0.3731239140033722,0.0729765519499778,0.3652903586626053,0.2548936352133751,0.5425014391541481,0.279593825340271,0.400488968387433,0.0971430833860988,0.384814392065824,0.26577470016042,0.645540269154504,0.279593825340271,-0.027365054384060783,0.027365054384060783,-0.019524033403218732,0.019524033403218732,0.7573298566865425,0.9621670038227279
dataset_0045,eta_raw,0.4862202703952789,0.3016175627708435,0.4636150300502777,0.0166068755555897,0.9830532044172288,0.1700919419527053,0.544692427457561,0.258815146091625,0.576667128793211,0.0443012546413087,0.974156663114524,0.170091941952705,-0.05847215706228209,0.05847215706228209,-0.11305209874293332,0.11305209874293332,1.0393511938038889,1.0
dataset_0045,eta,0.4070822894573211,0.2525258064270019,0.3881563246250152,0.0139039146248251,0.823049932718277,0.1424075067043304,0.456037433329549,0.216689986826801,0.482807882106763,0.037090712926196,0.815601396151665,0.14240750670433,-0.04895514387222788,0.04895514387222788,-0.0946515574817478,0.0946515574817478,1.0393512067696449,1.0
dataset_0045,rho,0.0808708816766738,0.071665234863758,0.0634014531970024,0.0033991674019489,0.2632222123444076,0.0415993928909301,0.141007801580884,0.109000292320506,0.118091170962901,0.0070797492931852,0.415975150324371,0.0415993928909302,-0.06013691990421019,0.06013691990421019,-0.05468971776589861,0.05468971776589861,0.6354266746146222,0.9858342746616204
dataset_0046,beta0,-0.1447403132915496,0.0417799986898899,-0.1447961255908012,-0.2016368702054023,-0.0916382560506463,-0.108054794371128,-0.121948636871349,0.0201339315578816,-0.121527863558308,-0.162326529512533,-0.0831193908821261,-0.108054794371128,-0.022791676420200593,0.022791676420200593,-0.023268262032493214,0.023268262032493214,1.3887462172825988,0.8924482651965175
dataset_0046,sigma2_w,0.4480041861534118,0.2664015293121338,0.3805186301469803,0.1245461408048868,1.1350725561380384,0.5587663650512695,0.426385557712085,0.215664647645968,0.379295796663073,0.152297010035177,0.968223315342482,0.55876636505127,0.021618628441326837,0.021618628441326837,0.0012228334839072819,0.0012228334839072819,1.238502066620531,1.0
dataset_0046,eta_raw,0.3034527003765106,0.2109405249357223,0.277175709605217,0.01317835226655,0.7962332755327222,0.5150579214096069,0.42861051258323,0.137200106506413,0.470346334169236,0.0516708544517366,0.618862709165258,0.515057921409607,-0.1251578122067194,0.1251578122067194,-0.193170624564019,0.193170624564019,1.3805821024381237,1.0
dataset_0046,eta,0.1562867164611816,0.1086403429508209,0.1427533403038978,0.0067872245446778,0.4100826643407343,0.2652694284915924,0.220746542758282,0.0706619373258546,0.242241671911229,0.0266119522193761,0.318731807735879,0.265269428491592,-0.0644598262971004,0.0644598262971004,-0.0994883316073312,0.0994883316073312,1.3805820870443124,1.0
dataset_0046,rho,0.7494254112243652,0.1504543274641037,0.7829747498035431,0.3737159684300423,0.9438218504190444,0.8280656337738037,0.767818192552796,0.10593856621647,0.785865478797675,0.529780081918267,0.918417716258594,0.828065633773804,-0.018392781328430807,0.018392781328430807,-0.002890728994131897,0.002890728994131897,1.4669343151923488,1.0
dataset_0047,beta0,0.3189185261726379,0.0166771281510591,0.3192418813705444,0.2923581384122372,0.3450992122292519,0.328001469373703,0.317927083350406,0.0118672879778724,0.318052471032979,0.294347938173223,0.341499290287866,0.328001469373703,0.0009914428222319027,0.0009914428222319027,0.0011894103375653664,0.0011894103375653664,1.1185484922846105,1.0
dataset_0047,sigma2_w,0.1524021029472351,0.1154015585780143,0.1151695512235164,0.0685679402202367,0.5032968133687971,0.1861753165721893,0.273929208962756,0.17199004557351,0.221393706884426,0.090980601679936,0.709667847370331,0.186175316572189,-0.12152710601552091,0.12152710601552091,-0.1062241556609096,0.1062241556609096,0.7026633831176609,0.9484445068086376
dataset_0047,eta_raw,0.4593640565872192,0.2239374071359634,0.4643597900867462,0.0323531439527869,0.9207272589206696,0.3494016826152801,0.270408134661342,0.11544915153922,0.31484022800115,0.019766555791513,0.416776521989438,0.34940168261528,0.18895592192587718,0.18895592192587718,0.1495195620855962,0.1495195620855962,2.2376619999634806,0.9682965435809765
dataset_0047,eta,0.3440204560756683,0.1677080392837524,0.3477617800235748,0.0242294606287032,0.6895380899310112,0.2616689801216125,0.202510246682642,0.0864605504075893,0.235785703407122,0.0148032901984209,0.312126395107599,0.261668980121613,0.14151020939302628,0.14151020939302628,0.11197607661645279,0.11197607661645279,2.2376620528886804,0.9682965424662788
dataset_0047,rho,0.5158296823501587,0.1833608299493789,0.4970119297504425,0.2100966610014438,0.8933095052838325,0.596743643283844,0.620135915786127,0.176715121073912,0.646931726513238,0.262516098183429,0.881215191704215,0.596743643283844,-0.10430623343596834,0.10430623343596834,-0.14991979676279554,0.14991979676279554,1.104273226576879,1.0
dataset_0048,beta0,-0.7747828364372253,0.0253997351974248,-0.7749078869819641,-0.8250691398978234,-0.7278851971030236,-0.7366889715194702,-0.75961206092304,0.0152231105955038,-0.759873355088117,-0.788567825447707,-0.73023389348233,-0.73668897151947,-0.01517077551418533,0.01517077551418533,-0.01503453189384707,0.01503453189384707,1.6659933510479215,1.0
dataset_0048,sigma2_w,0.2750629484653473,0.2150007933378219,0.2015007063746452,0.0679191082715988,0.8533641427755352,0.558894157409668,0.125310969338826,0.0735110107989896,0.101304769373339,0.056288565291743,0.342710126408284,0.558894157409668,0.1497519791265213,0.1497519791265213,0.1001959370013062,0.1001959370013062,2.742269232253606,0.9593936192006037
dataset_0048,eta_raw,0.2973189353942871,0.1936168521642685,0.2827046662569046,0.0138120972318574,0.7272883951663971,0.384966105222702,0.248915812922775,0.173635539155646,0.228450864324109,0.01226446225763,0.642294067762307,0.384966105222702,0.0484031224715121,0.0484031224715121,0.05425380193279561,0.05425380193279561,1.1324488431984379,0.9975435519843744
dataset_0048,eta,0.1965323537588119,0.1279836893081665,0.1868721172213554,0.0091300079599022,0.4807487823069095,0.2544685006141662,0.164537168655761,0.114775753517717,0.151009523868666,0.0081069975879031,0.424566226279842,0.254468500614166,0.03199518510305088,0.03199518510305088,0.035862593352689404,0.035862593352689404,1.1324488493827345,0.9975435521618472
dataset_0048,rho,0.7622750997543335,0.1546912789344787,0.7988710403442383,0.4000302724540233,0.9566465884447096,0.8748183846473694,0.538627066860976,0.144167797488145,0.529455765729742,0.284617971100184,0.829193259616441,0.874818384647369,0.22364803289335755,0.22364803289335755,0.2694152746144963,0.2694152746144963,1.0221108591012937,0.7880691544629391
dataset_0049,beta0,-0.3144631385803222,0.0183114148676395,-0.3142345696687698,-0.3463583387434482,-0.2832561232149601,-0.2958373129367828,-0.305466690681467,0.0094760448553198,-0.305418978846705,-0.324400719996269,-0.287146062840621,-0.295837312936783,-0.008996447898855231,0.008996447898855231,-0.00881559082206479,0.00881559082206479,1.6938074417072295,1.0
dataset_0049,sigma2_w,0.2515609264373779,0.1641803681850433,0.1954672634601593,0.1053399130702018,0.7291918605566025,0.4747810661792755,0.281444229172243,0.14010277006514,0.24362465152868,0.132996419777944,0.628070667929839,0.474781066179276,-0.029883302734865114,0.029883302734865114,-0.048157388068520685,0.048157388068520685,1.260117951630954,1.0
dataset_0049,eta_raw,0.4156019389629364,0.1956021934747696,0.4286611229181289,0.0336091137491166,0.8155953183770177,0.3034021854400635,0.186627514232155,0.108856369498448,0.186271073241845,0.0098987555925271,0.368914453282708,0.303402185440063,0.2289744247307814,0.2289744247307814,0.24239004967628391,0.24239004967628391,2.178139311620659,0.9339573218966856
dataset_0049,eta,0.2827066779136657,0.1330552995204925,0.2915899604558944,0.0228620680049061,0.5547958463430402,0.2063845545053482,0.126950416684959,0.074047824745976,0.126707953335277,0.0067334720301245,0.250948225710624,0.206384554505348,0.15575626122870673,0.15575626122870673,0.1648820071206174,0.1648820071206174,2.1781394052631677,0.9339573234961789
dataset_0049,rho,0.6302351355552673,0.1590287238359451,0.6293639242649078,0.3338425286114216,0.9093879655003548,0.8507749438285828,0.701558270291511,0.0962481248689748,0.705910886795795,0.506299724895172,0.875908860045014,0.850774943828583,-0.07132313473624363,0.07132313473624363,-0.07654696253088711,0.07654696253088711,1.557173192311936,1.0
dataset_0050,beta0,0.2522212266921997,0.0992350056767463,0.2650343328714371,0.0323750688228756,0.3631686888635158,0.2875635325908661,0.250715473022382,0.0271203139641456,0.251039908890444,0.197016278925579,0.303162730631388,0.287563532590866,0.0015057536698176999,0.0015057536698176999,0.013994423980993098,0.013994423980993098,3.116388863920329,1.0
dataset_0050,sigma2_w,1.6064337491989136,0.2100336551666259,1.6068620085716248,1.2074578762054444,2.0165928959846497,1.4064888954162598,1.95012799920034,0.23255872779111,1.93978339696803,1.52606176894993,2.43680359867339,1.40648889541626,-0.3436942500014264,0.3436942500014264,-0.3329213883964053,0.3329213883964053,0.8884351123137645,0.6062413751027296
dataset_0050,eta_raw,0.432587057352066,0.2795114815235138,0.4146040380001068,0.0174786786083132,0.9574473291635512,0.5388798713684082,0.185959408854453,0.11116112919479,0.185203045506366,0.0091150652796071,0.413067504867932,0.538879871368408,0.24662764849761298,0.24662764849761298,0.22940099249374082,0.22940099249374082,2.326929010536926,0.9792955494037129
dataset_0050,eta,0.2856091856956482,0.1845433115959167,0.2737361788749695,0.0115400379756465,0.6321403801441191,0.3557874262332916,0.122776941276501,0.0733924866477731,0.122277563595404,0.0060180866429926,0.272721692872741,0.355787426233292,0.16283224441914718,0.16283224441914718,0.1514586152795655,0.1514586152795655,2.326928949111638,0.9792955505524844
dataset_0050,rho,0.1510769724845886,0.0858772173523902,0.1415174752473831,0.018592161219567,0.3459108091890812,0.3060563504695892,0.287868701531799,0.0485081604347322,0.286023515198743,0.196918848194787,0.387360111921067,0.306056350469589,-0.1367917290472104,0.1367917290472104,-0.14450603995135988,0.14450603995135988,1.718738058995277,0.7823512513991682
dataset_0051,beta0,0.3365358412265777,0.0319011285901069,0.33726367354393,0.3097218848764896,0.364976754784584,0.3183928728103637,0.337157280230257,0.0100224829957008,0.337202142284806,0.316755918993089,0.356511683753926,0.318392872810364,-0.0006214390036792805,0.0006214390036792805,6.153125912400359e-05,6.153125912400359e-05,1.389858055567465,1.0
dataset_0051,sigma2_w,0.29241544008255,0.0790364295244216,0.2759115844964981,0.2050831168889999,0.4907135643064975,0.2946483194828033,0.287057548201738,0.0484198152485217,0.278875378712833,0.217797598034414,0.402948262332967,0.294648319482803,0.005357891880811982,0.005357891880811982,-0.002963794216334914,0.002963794216334914,1.5426919935697463,1.0
dataset_0051,eta_raw,0.857582688331604,0.1131381317973136,0.880915641784668,0.5996214598417282,0.9948038592934608,0.8971050381660461,0.722949524775054,0.112018970313274,0.736597349406333,0.489889357398178,0.965081897699155,0.897105038166046,0.13463316355654997,0.13463316355654997,0.14431829237833493,0.14431829237833493,0.8316258483380913,0.9247892577312617
dataset_0051,eta,0.6145400404930115,0.0810742825269699,0.6312602460384369,0.4296861059963703,0.7128720551729202,0.6428614854812622,0.518062441329245,0.0802723001356696,0.527842412274676,0.351052553155606,0.691573431990638,0.642861485481262,0.09647759916376653,0.09647759916376653,0.1034178337637609,0.1034178337637609,0.8316258026390844,0.9247892656955106
dataset_0051,rho,0.4085475504398346,0.1229654178023338,0.3975284993648529,0.1979241479188203,0.6830590710043907,0.4133101403713226,0.359438943864649,0.0885093371665405,0.355613530879603,0.200275390099792,0.54540467079748,0.413310140371323,0.04910860657518562,0.04910860657518562,0.04191496848524989,0.04191496848524989,1.4056614440387591,1.0
dataset_0052,beta0,0.0334294810891151,0.0209638532251119,0.0337295699864625,0.0014686544367577,0.0646925766021013,0.0430306419730186,0.0371864465076874,0.0139674100380932,0.037417520413259,0.0093855094688923,0.0644729562635909,0.0430306419730186,-0.003756965418572296,0.003756965418572296,-0.0036879504267964963,0.0036879504267964963,1.147701079720907,1.0
dataset_0052,sigma2_w,0.5163929462432861,0.0794201865792274,0.5062184035778046,0.3991839997470379,0.7029500782489776,0.4416162669658661,0.532954363221811,0.0854042138454879,0.520550876685628,0.407184078108669,0.733279788139338,0.441616266965866,-0.016561416978524868,0.016561416978524868,-0.014332473107823485,0.014332473107823485,0.9315243014799881,0.9736636875286255
dataset_0052,eta_raw,0.6796987056732178,0.2016488909721374,0.6950328052043915,0.1598835241049528,0.9811755403876304,0.9592925310134888,0.835590730324343,0.159671852655296,0.885705030622171,0.423581926222422,0.995694228341256,0.959292531013489,-0.15589202465112517,0.15589202465112517,-0.1906722254177795,0.1906722254177795,1.4355433596533402,0.9746226607960446
dataset_0052,eta,0.5181366205215454,0.1537176221609115,0.5298258364200592,0.1218797475099563,0.7479534327983856,0.7312718629837036,0.636973614923809,0.121718388556019,0.675175914041817,0.322897922356746,0.759021048186017,0.731271862983704,-0.11883699440226358,0.11883699440226358,-0.14535007762175778,0.14535007762175778,1.4355434238851121,0.9746227275460644
dataset_0052,rho,0.2860482037067413,0.0886559784412384,0.2800266891717911,0.1308752994984388,0.4792715214192867,0.2892456650733948,0.339090473888277,0.0926151726809856,0.33028937520327,0.171305183806933,0.53168761898568,0.289245665073395,-0.05304227018153573,0.05304227018153573,-0.05026268603147893,0.05026268603147893,0.9667402956196963,0.8839542975363278
dataset_0053,beta0,0.0866615995764732,0.0186026468873024,0.0867785885930061,0.0627160230651497,0.110750887915492,0.0800704509019851,0.0791288180185158,0.0033385984052727,0.0791203670740455,0.0726030377388077,0.0857623783923469,0.0800704509019852,0.007532781557957391,0.007532781557957391,0.0076582215189606034,0.0076582215189606034,3.650248604015227,1.0
dataset_0053,sigma2_w,0.1035970300436019,0.1959346234798431,0.0206032507121562,0.0005832108668982,0.6800599813461299,0.0048539200797677,0.0866162481463783,0.16615216799132,0.0159885921880179,0.0034188023198307,0.535792022695092,0.0048539200797677,0.0169807818972236,0.0169807818972236,0.004614658524138299,0.004614658524138299,1.2763165848204754,1.0
dataset_0053,eta_raw,0.4842903912067413,0.2889181971549988,0.4772226214408874,0.0184375788550823,0.97172382324934,0.4734070301055908,0.483416380400058,0.041792660845559,0.47806375473725,0.420191348787467,0.552702789926784,0.473407030105591,0.0008740108066832564,0.0008740108066832564,-0.000841133296362595,0.000841133296362595,7.19399197682872,1.0
dataset_0053,eta,0.324046641588211,0.1933199018239975,0.3193175047636032,0.01233688716311,0.6501963853836059,0.3167644143104553,0.323461846251082,0.0279641563359159,0.31988031643666,0.281156938341741,0.369822521756278,0.316764414310455,0.0005847953371290182,0.0005847953371290182,-0.0005628116730567734,0.0005628116730567734,7.1939920051991315,1.0
dataset_0053,rho,0.8467873334884644,0.2307648658752441,0.9637242555618286,0.1444694645702839,0.9993945300579072,0.7478830218315125,0.888790183581676,0.11407073640296,0.92083269297008,0.617361266163547,0.997931466691868,0.747883021831512,-0.0420028500932117,0.0420028500932117,0.042891562591748644,0.042891562591748644,2.2464319705031714,1.0
dataset_0054,beta0,-1.1411211490631104,0.0466472990810871,-1.1380029320716858,-1.2230261087417602,-1.0758173257112502,-1.2268832921981812,-1.17142525240002,0.0188793974356904,-1.1713286725332,-1.20878015431833,-1.13473143686441,-1.22688329219818,0.030304103336909582,0.030304103336909582,0.03332574046151415,0.03332574046151415,1.9879990915726078,1.0
dataset_0054,sigma2_w,0.4683253765106201,0.248194620013237,0.4086486399173736,0.1561991810798645,1.0874649524688718,0.2913609445095062,0.510292723354043,0.243260793718708,0.461809006477611,0.187480210175379,1.12445901806473,0.291360944509506,-0.04196734684342285,0.04196734684342285,-0.05316036656023737,0.05316036656023737,0.993902704679935,0.9664102020534289
dataset_0054,eta_raw,0.7544177174568176,0.1592434644699096,0.7736589908599854,0.3662213385105133,0.9850738435983656,0.9562181830406188,0.9160630887,0.0630306163205202,0.930037943719894,0.783207356353874,0.996909891222263,0.956218183040619,-0.16164537124318235,0.16164537124318235,-0.15637895285990866,0.15637895285990866,2.8958594500012786,0.9446143789020247
dataset_0054,eta,0.6204023361206055,0.1309553384780883,0.6362255811691284,0.3011654779314995,0.8100845456123351,0.7863547801971436,0.753332912704876,0.0518338074833961,0.764825263359137,0.644077778367045,0.819818024896661,0.786354780197144,-0.13293057658427054,0.13293057658427054,-0.1285996821900086,0.1285996821900086,2.8958595297922947,0.9446143983718289
dataset_0054,rho,0.8008303642272949,0.1178750395774841,0.8283613324165344,0.5014069363474846,0.9478898033499716,0.7559936046600342,0.833385018211598,0.0834232210827228,0.850178038929554,0.625667976031152,0.944167393322301,0.755993604660034,-0.03255465398430313,0.03255465398430313,-0.02181670651301959,0.02181670651301959,1.4018326023948258,1.0
dataset_0055,beta0,0.1923202127218246,0.0179032422602176,0.1927028968930244,0.1672783091664314,0.2170252729207277,0.2018613964319229,0.191331775803183,0.0091238827794405,0.191313575743821,0.17295655077452,0.209032724991715,0.201861396431923,0.0009884369186415887,0.0009884369186415887,0.0013893211492033986,0.0013893211492033986,1.3789423306029325,1.0
dataset_0055,sigma2_w,0.3015811443328857,0.2187708914279937,0.2390963286161422,0.0663876172155141,0.8706402719020844,0.4458953142166137,0.276234504464537,0.172608432428334,0.227014478775642,0.0957540964854189,0.756802963376557,0.445895314216614,0.025346639868348675,0.025346639868348675,0.012081849840500203,0.012081849840500203,1.216631167479204,1.0
dataset_0055,eta_raw,0.5347609519958496,0.172197550535202,0.5400197207927704,0.102840856090188,0.897672101855278,0.3632849156856537,0.367847981895267,0.0972049046369546,0.402647255232253,0.0588589804520728,0.447177540864138,0.363284915685654,0.1669129701005826,0.1669129701005826,0.1373724655605174,0.1373724655605174,2.0468536062805054,0.8867376424360356
dataset_0055,eta,0.3667701482772827,0.1181030869483947,0.3703769445419311,0.0705342430621385,0.6156757697463036,0.249161958694458,0.252291551079787,0.0666687799592237,0.276158917706084,0.0403689138016157,0.306700378812408,0.249161958694458,0.1144785971974957,0.1144785971974957,0.09421802683584712,0.09421802683584712,2.0468536327920352,0.8867376437879751
dataset_0055,rho,0.848147451877594,0.1110297068953514,0.8811503946781158,0.5597938299179077,0.9705913200974464,0.9173580408096312,0.841442828489404,0.0742569484952253,0.8513709003649,0.672911117214089,0.954948922224603,0.917358040809631,0.006704623388190001,0.006704623388190001,0.029779494313215804,0.029779494313215804,1.4565334252414306,1.0
dataset_0056,beta0,0.3972015082836151,0.0289015658199787,0.3974920809268951,0.372842001914978,0.4247017249464988,0.3961285948753357,0.392424377648177,0.0082834878745943,0.392428983654611,0.376309908529104,0.408539391435241,0.396128594875336,0.004777130635438109,0.004777130635438109,0.0050630972722841006,0.0050630972722841006,1.6090771044187602,1.0
dataset_0056,sigma2_w,0.2624182105064392,0.2065969109535217,0.1951556131243705,0.0605398525483906,0.8156488955020902,0.3054133057594299,0.296787467655735,0.208355542965791,0.220024206391075,0.0833408779176933,0.826744698137221,0.30541330575943,-0.034369257149295784,0.034369257149295784,-0.024868593266704514,0.024868593266704514,1.0157454433456037,0.98507432658625
dataset_0056,eta_raw,0.6753258109092712,0.1603523939847946,0.6717835366725922,0.3505556836724281,0.9695313781499862,0.744314432144165,0.658547098433629,0.059083098330559,0.638948106546384,0.561099599322229,0.774308025831527,0.744314432144165,0.01677871247564222,0.01677871247564222,0.032835430126208154,0.032835430126208154,2.90314836337186,1.0
dataset_0056,eta,0.4353362321853637,0.103368192911148,0.4330528378486633,0.2259792383760213,0.6249904930591583,0.4798085391521454,0.424520207184893,0.0380868265976305,0.411886079547891,0.361702479173006,0.499143348035045,0.479808539152145,0.010816025000470741,0.010816025000470741,0.021166758300772248,0.021166758300772248,2.9031485175174376,1.0
dataset_0056,rho,0.8154503107070923,0.1317564696073532,0.8525047898292542,0.4917119711637497,0.968157809972763,0.9073204398155212,0.8375374054708,0.0924513791014973,0.852334296755784,0.630925777667513,0.959840775218567,0.907320439815521,-0.022087094763707737,0.022087094763707737,0.00017049307347016818,0.00017049307347016818,1.4485378968925235,1.0
dataset_0057,beta0,-0.3955452740192413,0.0218157488852739,-0.3946918249130249,-0.4375379346311092,-0.3582202576100826,-0.3708134591579437,-0.390820963700047,0.0190596963214665,-0.39083993329921,-0.428934190586828,-0.354374180061189,-0.370813459157944,-0.0047243103191942915,0.0047243103191942915,-0.003851891613814884,0.003851891613814884,1.0638098957047697,0.9484163491692232
dataset_0057,sigma2_w,0.2907922267913818,0.0416216328740119,0.2865560352802276,0.2231206696480512,0.3806262597441673,0.283446341753006,0.290935869729863,0.0467219276653187,0.285259385968209,0.214650484433156,0.397880199734588,0.283446341753006,-0.00014364293848123655,0.00014364293848123655,0.0012966493120186162,0.0012966493120186162,0.8596072413091022,1.0
dataset_0057,eta_raw,0.4469875991344452,0.2681917548179626,0.4337877631187439,0.0229634121526032,0.9621990665793418,0.5118240714073181,0.525914519688465,0.208206089769276,0.556726384146584,0.0499867622130227,0.907687183067131,0.511824071407318,-0.07892692055401984,0.07892692055401984,-0.12293862102784014,0.12293862102784014,1.0950626018014966,1.0
dataset_0057,eta,0.2784485220909118,0.167068600654602,0.2702257335186004,0.0143049331149086,0.5993967220187186,0.3188380300998688,0.327615606646036,0.129700857940881,0.346809691023706,0.0311389832636518,0.565438823216981,0.318838030099869,-0.049167084555124196,0.049167084555124196,-0.0765839575051056,0.0765839575051056,1.095062631789142,1.0
dataset_0057,rho,0.1404626816511154,0.0724847763776779,0.1329499259591102,0.0223564739804714,0.3031642101705074,0.1052849739789962,0.146576865133284,0.0697117300356301,0.143980495735946,0.0253024219318388,0.297579071474276,0.105284973978996,-0.006114183482168606,0.006114183482168606,-0.011030569776835808,0.011030569776835808,1.0313324211309907,1.0
dataset_0058,beta0,0.3615155518054962,0.032824832946062,0.3620734512805938,0.3354238852858543,0.3883837930858135,0.3529727756977081,0.357832711411354,0.0093218887144023,0.357918121546399,0.339461968987263,0.376039326288126,0.352972775697708,0.0036828403941422394,0.0036828403941422394,0.0041553297341948014,0.0041553297341948014,1.4478877564703037,1.0
dataset_0058,sigma2_w,0.2588219344615936,0.045303851366043,0.2514219880104065,0.1993106018751859,0.3640194579958915,0.2452734112739563,0.256731618735928,0.0334335043106836,0.254034552532706,0.199316397375259,0.334481513293479,0.245273411273956,0.0020903157256655924,0.0020903157256655924,-0.002612564522299521,0.002612564522299521,1.2185751848898696,1.0
dataset_0058,eta_raw,0.7606496810913086,0.1691916286945343,0.7830829322338104,0.3712035492062568,0.9903398647904396,0.863332211971283,0.844276078976818,0.0448603203753424,0.845026854596344,0.744281537743596,0.938221076438771,0.863332211971283,-0.08362639788550941,0.08362639788550941,-0.06194392236253354,0.06194392236253354,3.192419244418808,1.0
dataset_0058,eta,0.5637619495391846,0.1253977864980697,0.5803885161876678,0.2751206502318382,0.7339987218379974,0.6398659944534302,0.625742329641769,0.0332486044306292,0.626298773318072,0.551630532871966,0.695370456073202,0.63986599445343,-0.06198038010258444,0.06198038010258444,-0.0459102571304042,0.0459102571304042,3.1924190676220783,1.0
dataset_0058,rho,0.3159694969654083,0.0971927046775817,0.307733491063118,0.1515284232795238,0.5341545015573501,0.3658342957496643,0.334126557938715,0.0632100669777103,0.331409993139164,0.212322362530882,0.465892756357063,0.365834295749664,-0.01815706097330666,0.01815706097330666,-0.023676502076046047,0.023676502076046047,1.508954071902066,1.0
dataset_0059,beta0,-0.3179042935371399,0.0166738368570804,-0.3176685124635696,-0.3452117145061493,-0.2912771537899971,-0.2984238564968109,-0.308635504560679,0.0085527084718095,-0.308403171381139,-0.326117551965606,-0.29180542850144,-0.298423856496811,-0.009268788976460884,0.009268788976460884,-0.0092653410824306,0.0092653410824306,1.5718805853703273,1.0
dataset_0059,sigma2_w,0.1510797590017318,0.0547061972320079,0.1390640139579773,0.105865491181612,0.2725337594747543,0.1537228524684906,0.14376403417814,0.0223461997383856,0.140319839266594,0.110980475847428,0.197518308502461,0.153722852468491,0.0073157248235918015,0.0073157248235918015,-0.0012558253086167037,0.0012558253086167037,1.9259584297371348,1.0
dataset_0059,eta_raw,0.6917924880981445,0.1819673925638198,0.7012241780757904,0.2437285427004099,0.981217660009861,0.6636532545089722,0.579993744086582,0.0507742158179591,0.576197993428433,0.485300440835394,0.708168407984049,0.663653254508972,0.11179874401156253,0.11179874401156253,0.12502618464735737,0.12502618464735737,3.309085315152262,1.0
dataset_0059,eta,0.5028146505355835,0.132259115576744,0.5096698999404907,0.1771489087492227,0.7131772086024284,0.482362300157547,0.421556130312208,0.0369041600156648,0.418797269591048,0.352730314702907,0.514717161560535,0.482362300157547,0.08125852022337549,0.08125852022337549,0.0908726303494427,0.0908726303494427,3.3090853378010783,1.0
dataset_0059,rho,0.4094728529453277,0.1305714398622512,0.393406942486763,0.2001990921795368,0.7168731182813642,0.4176361560821533,0.383796102836794,0.0702566383913732,0.377637777617972,0.259280533419439,0.530197966337576,0.417636156082153,0.025676750108533708,0.025676750108533708,0.015769164868790986,0.015769164868790986,1.9071272768849492,1.0
dataset_0060,beta0,-0.1333298832178115,0.0227543264627456,-0.1331493929028511,-0.1691180888563394,-0.0996652457863092,-0.1304555237293243,-0.126629186197354,0.0146946310985101,-0.12669817493099,-0.154956146547643,-0.0982566232207437,-0.130455523729324,-0.006700697020457502,0.006700697020457502,-0.006451217971861101,0.006451217971861101,1.2249281650853048,0.9751563596497254
dataset_0060,sigma2_w,0.3413550853729248,0.0636299028992652,0.3322051912546158,0.2496714185923338,0.4911795020103452,0.2906798124313354,0.334992925578838,0.047171321870171,0.328698519520464,0.260911545744413,0.44480498299204,0.290679812431335,0.00636215979408683,0.00636215979408683,0.003506671734151756,0.003506671734151756,1.3133045258858353,1.0
dataset_0060,eta_raw,0.4386452734470367,0.2496912181377411,0.4350183010101318,0.022139629907906,0.9379095837473868,0.5970555543899536,0.467297492815383,0.244314386352936,0.528389332015553,0.026521465525833,0.853444831959134,0.597055554389954,-0.028652219368346332,0.028652219368346332,-0.09337103100542127,0.09337103100542127,1.1074423471541193,1.0
dataset_0060,eta,0.3347147405147552,0.1905305683612823,0.3319471329450607,0.0168939717113971,0.7156857460737228,0.4555920362472534,0.356578240833688,0.186427694210869,0.403195269356666,0.020237595251274,0.651233660585504,0.455592036247253,-0.021863500318932805,0.021863500318932805,-0.07124813641160532,0.07124813641160532,1.1074423641487927,1.0
dataset_0060,rho,0.2299980670213699,0.0926897078752517,0.2203084975481033,0.0769815718755126,0.4402195282280445,0.1386545002460479,0.208258581143499,0.0682710269325818,0.201992238102103,0.0958504267611017,0.3625058581079,0.138654500246048,0.021739485877870918,0.021739485877870918,0.018316259446000294,0.018316259446000294,1.3621997291333001,1.0
dataset_0061,beta0,0.263545274734497,0.0249990355223417,0.2639644593000412,0.2358262099325657,0.2915596097707748,0.2543385028839111,0.260328016797141,0.0098649617170967,0.260314412417239,0.240702109466827,0.279396006553453,0.254338502883911,0.0032172579373559995,0.0032172579373559995,0.0036500468828021826,0.0036500468828021826,1.4403666736755898,1.0
dataset_0061,sigma2_w,0.4934208393096924,0.2097747027873993,0.4444264024496078,0.2299020994454622,1.0212929904460906,0.311417818069458,0.346336754873648,0.0956686906301218,0.326891251631018,0.221836996766852,0.590110855828192,0.311417818069458,0.14708408443604437,0.14708408443604437,0.11753515081858978,0.11753515081858978,2.148919537807362,0.9781002575117153
dataset_0061,eta_raw,0.2286641895771026,0.1348890662193298,0.230183333158493,0.01063009344507,0.4777623996138572,0.4197587668895721,0.318944692617532,0.148457973683674,0.358267919598767,0.0171361819612497,0.516259962676323,0.419758766889572,-0.0902805030404294,0.0902805030404294,-0.12808458644027404,0.12808458644027404,0.9359047278804202,0.9860722788163812
dataset_0061,eta,0.1889228522777557,0.1114456355571746,0.1901779696345329,0.0087826061993837,0.3947283282876014,0.3468055725097656,0.263512792098359,0.122656297659612,0.296001726938761,0.0141579504504545,0.426535093269505,0.346805572509766,-0.07458993982060327,0.07458993982060327,-0.10582375730422808,0.10582375730422808,0.9359047386813317,0.9860722792262429
dataset_0061,rho,0.6907687783241272,0.1128683388233184,0.7004020512104034,0.4525726698338985,0.8748158007860184,0.5993116497993469,0.598856447970601,0.079798193969952,0.599382613555217,0.448838579353163,0.749386729918008,0.599311649799347,0.0919123303535262,0.0919123303535262,0.1010194376551864,0.1010194376551864,1.4049100956321423,0.9875757329608661
dataset_0062,beta0,-0.1247948259115219,0.0253996197134256,-0.1241840235888958,-0.1614606663584709,-0.0887696860358119,-0.1103926748037338,-0.120046367883751,0.014032850246322,-0.119969166055837,-0.148397166068135,-0.0926202296702954,-0.110392674803734,-0.004748458027770894,0.004748458027770894,-0.004214857533058794,0.004214857533058794,1.3032444056119679,1.0
dataset_0062,sigma2_w,0.1797494441270828,0.02802325040102,0.1771410629153251,0.1346846248954534,0.2386868089437484,0.1559620946645736,0.179309244830854,0.0223136636581776,0.177115150728076,0.141371259776906,0.227214710978257,0.155962094664574,0.0004401992962287937,0.0004401992962287937,2.591218724912192e-05,2.591218724912192e-05,1.211533117469283,1.0
dataset_0062,eta_raw,0.4558866322040558,0.2887678444385528,0.4263122081756592,0.021089527523145,0.9748286664485932,0.8225553631782532,0.540840234470049,0.29342177706924,0.558263511104401,0.0324512999877461,0.982440761212255,0.822555363178253,-0.08495360226599324,0.08495360226599324,-0.1319513029287418,0.1319513029287418,1.0039470729455315,0.9919871797800262
dataset_0062,eta,0.3667740225791931,0.2323221117258072,0.3429805040359497,0.0169671358074992,0.7842779099941253,0.6617695689201355,0.435121626845569,0.236066314695299,0.449139157330423,0.0261080103586555,0.79040203567131,0.661769568920135,-0.06834760426637587,0.06834760426637587,-0.10615865329447327,0.10615865329447327,1.00394710513763,0.9919872124151704
dataset_0062,rho,0.0661389753222465,0.0529762059450149,0.0550935994833707,0.0028038583754096,0.1929065275937317,0.0429438054561615,0.0590920236540469,0.0434378992874785,0.0518685948684354,0.0024829240326928,0.161350368853319,0.0429438054561615,0.0070469516681995956,0.0070469516681995956,0.0032250046149353007,0.0032250046149353007,1.1966118636386636,0.9979798608640104
dataset_0063,beta0,0.6360260248184204,0.0399800799787044,0.635751336812973,0.6091242358088493,0.6697563648223877,0.6273537874221802,0.624045728838009,0.0055532798444767,0.624071854019403,0.613169557724045,0.634666417912425,0.62735378742218,0.011980295980411393,0.011980295980411393,0.011679482793570006,0.011679482793570006,2.820510924954187,1.0
dataset_0063,sigma2_w,0.1441977471113205,0.1559576541185379,0.0835189521312713,0.0329763391055166,0.5936079174280166,0.0432583503425121,0.0611838267732011,0.0183135591824089,0.0569828854819519,0.0363278892886973,0.107060866040515,0.0432583503425121,0.0830139203381194,0.0830139203381194,0.026536066649319408,0.026536066649319408,7.926028340212515,1.0
dataset_0063,eta_raw,0.3243820667266845,0.1831652969121933,0.3233087807893753,0.0190000954549759,0.7035205647349355,0.3837555944919586,0.300750859099947,0.118164667686589,0.300051646465058,0.0185024937169194,0.470432880989631,0.383755594491959,0.023631207626737538,0.023631207626737538,0.023257134324317308,0.023257134324317308,1.51465909033219,0.9988989416244848
dataset_0063,eta,0.2252341359853744,0.1271805018186569,0.2244888916611671,0.0131926838774234,0.4884882807731627,0.2664600312709808,0.208825840419754,0.0820474332522933,0.208340343332398,0.0128471746077802,0.326644259729607,0.266460031270981,0.0164082955656204,0.0164082955656204,0.01614854832876908,0.01614854832876908,1.514659056540354,0.9988989404745137
dataset_0063,rho,0.7139336466789246,0.1787227541208267,0.7328538298606873,0.3533046871423721,0.9658689364790916,0.5463176965713501,0.597691523733631,0.0912963895424703,0.599747734955725,0.412515675629604,0.772143130388233,0.54631769657135,0.11624212294529357,0.11624212294529357,0.13310609490496228,0.13310609490496228,1.7033300467781411,1.0
dataset_0064,beta0,0.3065004646778106,0.0230935588479042,0.3069465458393097,0.2801001600921154,0.3336538545787334,0.2959835529327392,0.302963481868673,0.0109573417424839,0.302914577980348,0.281891239306037,0.324847792913084,0.295983552932739,0.003536982809137612,0.003536982809137612,0.004031967858961705,0.004031967858961705,1.246694392117912,1.0
dataset_0064,sigma2_w,0.4653975665569305,0.1188371554017067,0.4383784085512161,0.321808622777462,0.7771607846021652,0.6162019371986389,0.49375774367757,0.101931571573318,0.476815527867581,0.356006846540416,0.753516586156836,0.616201937198639,-0.02836017712063954,0.02836017712063954,-0.0384371193163649,0.0384371193163649,1.1455119622077654,1.0
dataset_0064,eta_raw,0.6360958218574524,0.1604204028844833,0.6322659552097321,0.2744688622653485,0.95595546066761,0.547613263130188,0.596774330222692,0.0375845439322039,0.587117424035237,0.549819540695801,0.674655720220077,0.547613263130188,0.0393214916347604,0.0393214916347604,0.04514853117449502,0.04514853117449502,5.459047216914687,1.0
dataset_0064,eta,0.4404672980308532,0.1110838055610656,0.4378153085708618,0.1900571517646313,0.6619554847478865,0.3791971802711487,0.413238973813748,0.0260255804903773,0.406552007231873,0.380724926112514,0.467168280172649,0.379197180271149,0.027228324217105193,0.027228324217105193,0.0312633013389888,0.0312633013389888,5.459047003833001,1.0
dataset_0064,rho,0.4737479090690613,0.1057684198021888,0.4649854302406311,0.2915345199406147,0.7074671834707259,0.5762937664985657,0.488119099486597,0.0734217614241452,0.484615420725072,0.352991997611707,0.64371569458989,0.576293766498566,-0.014371190417535706,0.014371190417535706,-0.019629990484440918,0.019629990484440918,1.430680291470442,1.0
dataset_0065,beta0,-0.238728642463684,0.039585031569004,-0.2385271564126014,-0.2869457632303238,-0.194635035470128,-0.2289078831672668,-0.246784939173455,0.0229237513627635,-0.246719954145458,-0.292084250716742,-0.20169971129196,-0.228907883167267,0.00805629670977101,0.00805629670977101,0.00819279773285661,0.00819279773285661,1.0213110377911119,0.9431486013081424
dataset_0065,sigma2_w,0.4583756923675537,0.2398222684860229,0.3980682939291,0.1675819661468267,1.0721571505069731,0.3223477602005005,0.399667585306059,0.191957637071087,0.351994752939238,0.161121802807219,0.902169327354761,0.3223477602005,0.05870810706149471,0.05870810706149471,0.046073540989861994,0.046073540989861994,1.2206709480777886,0.9912823899606816
dataset_0065,eta_raw,0.4248918890953064,0.2228879332542419,0.429893359541893,0.0231351806782186,0.8883999794721603,0.3893053829669952,0.299992364649934,0.177060680503326,0.320607421651386,0.0155225733093144,0.686772065413914,0.389305382966995,0.12489952444537239,0.12489952444537239,0.109285937890507,0.109285937890507,1.2890360573399273,0.9886590493423897
dataset_0065,eta,0.3403433561325073,0.1785358339548111,0.344349592924118,0.0185315494425594,0.711618785560131,0.311838150024414,0.240297388462414,0.141827673427543,0.256810289936535,0.0124337625485811,0.550112446963369,0.311838150024414,0.10004596767009333,0.10004596767009333,0.087539302987583,0.087539302987583,1.2890361031736475,0.9886590503385583
dataset_0065,rho,0.7003378868103027,0.1478259414434433,0.7256301939487457,0.3600473836064338,0.912019269168377,0.608997642993927,0.636710939185953,0.129327524622919,0.64455386493667,0.377217714753299,0.859758565393457,0.608997642993927,0.06362694762434973,0.06362694762434973,0.08107632901207573,0.08107632901207573,1.1438863359022873,1.0
dataset_0066,beta0,0.0462266728281974,0.0338839441537857,0.0475809853523969,-0.0035664870054461,0.0919035809114574,0.0618858560919761,0.0596352845479869,0.0233265922219429,0.0606065707754423,0.0118266499491953,0.103728906036034,0.0618858560919762,-0.0134086117197895,0.0134086117197895,-0.013025585423045397,0.013025585423045397,1.038821808973803,0.8713271509526075
dataset_0066,sigma2_w,1.0581910610198977,0.1194494292140007,1.05361145734787,0.847245167195797,1.302801203727722,1.037764072418213,1.36588523413364,0.155462840628239,1.35652691329562,1.07652581231107,1.69672198895174,1.03776407241821,-0.30769417311374236,0.30769417311374236,-0.3029154559477498,0.3029154559477498,0.7345353836256644,0.49670155430109164
dataset_0066,eta_raw,0.4502722024917602,0.3016820847988128,0.423421174287796,0.0143705567112192,0.9686156272888184,0.0768145099282264,0.175012106555634,0.111959524869824,0.166279149147702,0.0080656660611364,0.401823811130153,0.0768145099282265,0.2752600959361262,0.2752600959361262,0.257142025140094,0.257142025140094,2.4234294135308425,0.9839879105256917
dataset_0066,eta,0.3335749506950378,0.2234950065612793,0.3136829137802124,0.0106461325427517,0.7175790682435036,0.0569064542651176,0.129654136185053,0.0829429218947864,0.123184503475921,0.0059752835760611,0.297682944088811,0.0569064542651176,0.20392081450998478,0.20392081450998478,0.1904984103042914,0.1904984103042914,2.4234294514519727,0.9839879111899892
dataset_0066,rho,0.0242502652108669,0.0246585216373205,0.0164607018232345,0.0007780889631249,0.0896454455330967,0.0542901009321212,0.189546749801791,0.0407633167373483,0.188952190627673,0.11259122709849,0.273146653287076,0.0542901009321213,-0.1652964845909241,0.1652964845909241,-0.1724914888044385,0.1724914888044385,0.5534995526441414,0.0
dataset_0067,beta0,0.1720106750726699,0.031380258500576,0.1726102009415626,0.1304541356861591,0.2149462133646011,0.1252090632915496,0.168643867187476,0.0192696951923435,0.170050449408075,0.128018248929413,0.203789487356373,0.12520906329155,0.00336680788519389,0.00336680788519389,0.0025597515334875864,0.0025597515334875864,1.1150943211768733,0.9678520925971905
dataset_0067,sigma2_w,0.7332509756088257,0.1952166557312011,0.6977164447307587,0.4552804596722126,1.2153681665658949,0.6124833822250366,0.797735738373097,0.232062256098952,0.762858862917972,0.45277318456975,1.36182651490289,0.612483382225037,-0.06448476276427129,0.06448476276427129,-0.06514241818721334,0.06514241818721334,0.8361310404254649,1.0
dataset_0067,eta_raw,0.3037307858467102,0.1902788281440735,0.2996286004781723,0.0133945125853642,0.7196092560887335,0.2607734203338623,0.216507244603008,0.151046010615569,0.198171326242163,0.0110748891166663,0.49094443861816,0.260773420333862,0.08722354124370221,0.08722354124370221,0.10145727423600931,0.10145727423600931,1.4716806770444415,0.9951661373989918
dataset_0067,eta,0.1948879361152649,0.1220918297767639,0.192255787551403,0.0085945489117875,0.4617350988090037,0.1673244833946228,0.138921219915963,0.096918216739722,0.127156033251476,0.0071061691692691,0.315013016995574,0.167324483394623,0.05596671619930188,0.05596671619930188,0.06509975429992698,0.06509975429992698,1.4716806498335493,0.9951661362745721
dataset_0067,rho,0.4571814835071563,0.1206604689359664,0.4529619812965393,0.234199646115303,0.6930327847599983,0.2908796668052673,0.490574614583648,0.12395706725549,0.498663808726648,0.241749918659946,0.710337418693186,0.290879666805267,-0.03339313107649167,0.03339313107649167,-0.0457018274301087,0.0457018274301087,0.9791834793120756,0.9835446224155799
dataset_0068,beta0,-0.0721290856599807,0.0358453541994094,-0.0714779905974865,-0.1239375216886401,-0.0241440176498144,-0.0838558077812194,-0.0691477468649744,0.0246292393120568,-0.0679630857897161,-0.122218600246066,-0.0228444798142102,-0.0838558077812195,-0.002981338795006311,0.002981338795006311,-0.0035149048077703915,0.0035149048077703915,1.0042202497506127,0.9869227739580816
dataset_0068,sigma2_w,0.9288576245307922,0.1876564919948578,0.8999655842781067,0.6389335468411446,1.3838124394416809,0.9925889372825624,1.08641878883604,0.196699809209629,1.05803615855463,0.770779131997521,1.53708419423593,0.992588937282562,-0.1575611643052477,0.1575611643052477,-0.15807057427652338,0.15807057427652338,0.9720396344827922,0.8229972865843004
dataset_0068,eta_raw,0.3339085578918457,0.2174480855464935,0.316882386803627,0.0139564411249011,0.8331657841801643,0.285608172416687,0.297606726060148,0.126668852469851,0.332797866891611,0.0223057188708255,0.479413843992515,0.285608172416687,0.03630183183169772,0.03630183183169772,-0.01591548008798399,0.01591548008798399,1.7921565993542041,1.0
dataset_0068,eta,0.2460442334413528,0.1602290272712707,0.2334983050823211,0.0102839587023481,0.6139274850487709,0.2104535549879074,0.219294822428859,0.0933373511996138,0.245225805514721,0.0164362167605618,0.353261417105967,0.210453554987907,0.026749411012493785,0.026749411012493785,-0.011727500432399895,0.011727500432399895,1.7921566608656436,1.0
dataset_0068,rho,0.3279997706413269,0.1072323992848396,0.3195864856243133,0.1379891347140074,0.5596726089715955,0.3600066602230072,0.385477354228491,0.0782889452371544,0.380718381058007,0.246399086929592,0.547107108678262,0.360006660223007,-0.057477583587164094,0.057477583587164094,-0.061131895433693684,0.061131895433693684,1.402302046368516,1.0
dataset_0069,beta0,0.0828753933310508,0.0246565844863653,0.0834005959331989,0.0475942640565335,0.1166895981878042,0.0681720152497291,0.076910457959505,0.0155784735077573,0.0771932450514318,0.0458897103205376,0.107080391533276,0.0681720152497292,0.005964935371545799,0.005964935371545799,0.006207350881767104,0.006207350881767104,1.1291806654521561,0.9721435731354294
dataset_0069,sigma2_w,0.6109889149665833,0.1634820848703384,0.5763896703720093,0.3982152603566646,1.0424533396959306,1.1300982236862185,0.790135723201932,0.199649732510638,0.753811823595019,0.499819563546542,1.25873068635107,1.13009822368622,-0.1791468082353488,0.1791468082353488,-0.1774221532230097,0.1774221532230097,0.8488979275445427,0.8422876473025573
dataset_0069,eta_raw,0.7842153310775757,0.1415780782699585,0.7958662807941437,0.4868041343986988,0.9884697198867798,0.8450223803520203,0.887735900293774,0.0726801437601467,0.893706229259545,0.69214059275535,0.99334994230984,0.84502238035202,-0.10352056921619834,0.10352056921619834,-0.09783994846540134,0.09783994846540134,1.665504693762262,0.9837979052433851
dataset_0069,eta,0.5622856020927429,0.1015120595693588,0.5706394016742706,0.3490405663847923,0.7087368384003639,0.6058845520019531,0.63651029829315,0.0521119625436471,0.640791048761452,0.496267656866997,0.712236001585475,0.605884552001953,-0.07422469620040706,0.07422469620040706,-0.07015164708718136,0.07015164708718136,1.66550460200289,0.9837977959701812
dataset_0069,rho,0.4888160228729248,0.1228390336036682,0.485475406050682,0.255593292415142,0.7315168753266335,0.7693344354629517,0.678910807830821,0.0818330855158247,0.685861663598024,0.503085222656335,0.821173726525671,0.769334435462952,-0.19009478495789622,0.19009478495789622,-0.20038625754734202,0.20038625754734202,1.4961986274957952,0.7181386623269268
dataset_0070,beta0,-0.4746434688568115,0.0337378829717636,-0.4739665240049362,-0.5218049436807632,-0.4335691243410111,-0.4894320666790008,-0.463980480586305,0.0134406593711042,-0.463984418544671,-0.490094440958132,-0.43759054325297,-0.489432066679001,-0.010662988270506546,0.010662988270506546,-0.009982105460265234,0.009982105460265234,1.6805575051826507,1.0
dataset_0070,sigma2_w,0.8556298613548279,0.1860194504261016,0.824526309967041,0.5828997567296028,1.3034978091716765,0.8843156099319458,0.776355207094557,0.134623204294702,0.751193505833795,0.57261855014124,1.11159283249051,0.884315609931946,0.07927465426027092,0.07927465426027092,0.07333280413324605,0.07333280413324605,1.3369804015530122,0.9809244950546632
dataset_0070,eta_raw,0.8205662369728088,0.1042087078094482,0.8183204829692841,0.6219493299722672,0.9890316024422644,0.9889134764671326,0.961550693708532,0.0331813018309427,0.967237271617214,0.879299982788431,0.997743448097677,0.988913476467133,-0.14098445673572313,0.14098445673572313,-0.1489167886479299,0.1489167886479299,3.0992192900771363,0.9264472241447284
dataset_0070,eta,0.5975291728973389,0.0758838802576065,0.595893919467926,0.4528981454670429,0.720204271376133,0.7201182842254639,0.70019292248808,0.0241623378288669,0.704333839478613,0.640298664148203,0.726548174098257,0.720118284225464,-0.1026637495907411,0.1026637495907411,-0.10843992001068703,0.10843992001068703,3.0992190687678542,0.9264470867626063
dataset_0070,rho,0.5806559324264526,0.0920270159840583,0.5816139280796051,0.3977638371288776,0.7512002676725388,0.5871750116348267,0.550208743470143,0.0698889542621776,0.550244039242858,0.411543444860138,0.688054111113018,0.587175011634827,0.0304471889563096,0.0304471889563096,0.03136988883674707,0.03136988883674707,1.2782017971792436,1.0
dataset_0071,beta0,-1.0080316066741943,0.031604453921318,-1.0059040784835815,-1.0636503130197523,-0.9522636473178864,-0.9741562008857728,-0.979496217152066,0.0084286742804638,-0.979300527953199,-0.996085413346655,-0.963430443173799,-0.974156200885773,-0.028535389522128307,0.028535389522128307,-0.026603550530382547,0.026603550530382547,3.4110172237871024,1.0
dataset_0071,sigma2_w,0.1912950128316879,0.1794276386499405,0.1208718791604042,0.0494736326858401,0.7052833274006842,0.2137753665447235,0.393609136168522,0.235559987215592,0.323265972453161,0.11046831406479,1.0214806520073,0.213775366544724,-0.2023141233368341,0.2023141233368341,-0.20239409329275682,0.20239409329275682,0.7198691690564452,0.9069933215832204
dataset_0071,eta_raw,0.490782767534256,0.2244448065757751,0.507821261882782,0.0358529685996472,0.9250661447644232,0.5472912192344666,0.5593181737598,0.0264676795610591,0.551063844882984,0.520657628831004,0.603686003426771,0.547291219234467,-0.068535406225544,0.068535406225544,-0.043242583000202006,0.043242583000202006,10.709750497875094,1.0
dataset_0071,eta,0.3280921280384063,0.1500431299209594,0.3394825160503387,0.0239679927006363,0.6184139773249625,0.365868479013443,0.373908603236435,0.0176938521933943,0.368390519387598,0.34806372453794,0.403568846721628,0.365868479013443,-0.04581647519802867,0.04581647519802867,-0.02890800333725929,0.02890800333725929,10.709750041754225,1.0
dataset_0071,rho,0.7123913764953613,0.1854390799999237,0.7439744174480438,0.3109724253416061,0.961579430103302,0.8573691844940186,0.894303623394647,0.0628085198879649,0.90666783083052,0.727018531298199,0.97160592870768,0.857369184494019,-0.18191224689928565,0.18191224689928565,-0.16269341338247623,0.16269341338247623,2.660018511389076,0.95900647903133
dataset_0072,beta0,0.0984832122921943,0.0282652080059051,0.0991013944149017,0.068457530811429,0.127574210986495,0.102802462875843,0.100215559534468,0.0118525795340547,0.100071336648865,0.0772658255816919,0.123993621193085,0.102802462875843,-0.0017323472422736963,0.0017323472422736963,-0.0009699422339632946,0.0009699422339632946,1.2651288039928905,1.0
dataset_0072,sigma2_w,0.456589013338089,0.1574363857507705,0.4151135236024856,0.2730404771864414,0.8800736293196677,0.3097291588783264,0.568832637614665,0.197243181003078,0.527116846049703,0.29405038604312,1.04657020022104,0.309729158878326,-0.11224362427657597,0.11224362427657597,-0.11200332244721739,0.11200332244721739,0.806667333798209,0.9653891903879618
dataset_0072,eta_raw,0.2981366813182831,0.1641281545162201,0.3089791685342788,0.0145385138457641,0.6076343536376951,0.0443285778164863,0.12051657592929,0.078821569189616,0.113736913532785,0.0055873048425776,0.286037660174532,0.0443285778164864,0.1776201053889931,0.1776201053889931,0.1952422550014938,0.1952422550014938,2.114797961621102,0.96808273253
dataset_0072,eta,0.2075622975826263,0.1142657697200775,0.2151108235120773,0.0101216905517503,0.423034107685089,0.0308614876121282,0.0839034549810144,0.0548754553557357,0.0791834644379262,0.0038898730461731,0.199138979499465,0.0308614876121283,0.12365884260161189,0.12365884260161189,0.1359273590741511,0.1359273590741511,2.114797986192664,0.9680827348264051
dataset_0072,rho,0.5218487977981567,0.1209165304899215,0.5135188102722168,0.3096082046627998,0.7715220227837563,0.3405575156211853,0.603935781776865,0.106830006534123,0.608709277589568,0.382668163342323,0.784756959298882,0.340557515621185,-0.08208698397870828,0.08208698397870828,-0.09519046731735126,0.09519046731735126,1.148785598519539,0.9670845428964511
dataset_0073,beta0,0.0657557845115661,0.0220570880919694,0.0662888698279857,0.0328004313632845,0.0979430366307497,0.0660848543047905,0.0685855057120079,0.0110703871542024,0.0688331085578177,0.046178000114412,0.0894887785142972,0.0660848543047905,-0.0028297212004417954,0.0028297212004417954,-0.0025442387298320046,0.0025442387298320046,1.5040737588691753,1.0
dataset_0073,sigma2_w,0.5529678463935852,0.1132005378603935,0.530351996421814,0.4021639905869961,0.8424032613635063,0.5010402798652649,0.603692369057766,0.0955649855444323,0.591627556313902,0.454566120677871,0.820259694049411,0.501040279865265,-0.050724522664180816,0.050724522664180816,-0.061275559892087994,0.061275559892087994,1.2038474363049108,1.0
dataset_0073,eta_raw,0.2033659964799881,0.1402546167373657,0.1841874867677688,0.0083696470595896,0.515318539738655,0.0420034937560558,0.166834215380381,0.106997562402407,0.157099798057668,0.0079372869709676,0.388327351473692,0.0420034937560558,0.036531781099607086,0.036531781099607086,0.02708768871010081,0.02708768871010081,1.3327080278550087,0.9988633770201459
dataset_0073,eta,0.1523110717535019,0.1050437614321708,0.1379473060369491,0.0062684513512067,0.3859480783343315,0.0314585380256176,0.124950565925596,0.080135875871492,0.117659969385458,0.0059446348980335,0.290837956832754,0.0314585380256176,0.02736050582790589,0.02736050582790589,0.0202873366514911,0.0202873366514911,1.332708062107975,0.9988633764702727
dataset_0073,rho,0.3360125124454498,0.0860572755336761,0.3265645354986191,0.196709706261754,0.5326540634036063,0.2350760251283645,0.369644853807598,0.0647167582283726,0.366693302017176,0.254301319277225,0.508946621027431,0.235076025128365,-0.03363234136214821,0.03363234136214821,-0.0401287665185569,0.0401287665185569,1.3192639127165067,1.0
dataset_0074,beta0,1.6377121210098269,0.4438773691654205,1.6871342658996582,0.2074981547892095,2.098840117454529,1.665614366531372,1.66425285674581,0.0085048044032329,1.66420425168275,1.64767485268571,1.68134120000264,1.66561436653137,-0.026540735735983034,0.026540735735983034,0.022930014216908212,0.022930014216908212,56.1790070321708,1.0
dataset_0074,sigma2_w,0.2601250112056732,0.1763388961553573,0.20370514690876,0.0878842325881123,0.7620276167988772,0.1550011336803436,0.244981289216758,0.126434264685581,0.20921713438668,0.129439221830125,0.590038001075223,0.155001133680344,0.015143721988915226,0.015143721988915226,-0.005511987477920005,0.005511987477920005,1.4636239056379126,1.0
dataset_0074,eta_raw,0.5980516672134399,0.2180174738168716,0.6107746362686157,0.1098796058446169,0.9665643066167832,0.3077003955841064,0.482394428639882,0.240583283737258,0.551919983757727,0.0296138125393218,0.898183312726295,0.307700395584106,0.11565723857355792,0.11565723857355792,0.05885465251088873,0.05885465251088873,0.986316812399873,0.9201795084832805
dataset_0074,eta,0.4323635399341583,0.1576164960861206,0.4415616542100906,0.0794378478080034,0.6987810388207435,0.2224530726671219,0.348748739776262,0.173930526625628,0.399012483074372,0.0214094093751834,0.649344768107188,0.222453072667122,0.08361480015789635,0.08361480015789635,0.0425491711357186,0.0425491711357186,0.9863167958297256,0.9201795201256381
dataset_0074,rho,0.6216360330581665,0.1950181722640991,0.6407050490379333,0.2128936566412449,0.9235923543572424,0.4133062958717346,0.566862192800068,0.12266999559865,0.558010001645027,0.35289675598796,0.829304977345002,0.413306295871735,0.054773840258098505,0.054773840258098505,0.08269504739290634,0.08269504739290634,1.4917851243028142,1.0
dataset_0075,beta0,-0.6491735577583313,0.0178715791553258,-0.6492899954319,-0.6795413285493851,-0.6175585702061653,-0.6338673830032349,-0.636457781092105,0.007294738364693,-0.636529303807025,-0.651030622479361,-0.622280836199796,-0.633867383003235,-0.012715776666226253,0.012715776666226253,-0.012760691624875031,0.012760691624875031,2.1559380560430905,1.0
dataset_0075,sigma2_w,0.1364769041538238,0.1505542248487472,0.0756979286670684,0.0358879758045077,0.6056848645210261,0.1349624544382095,0.158920221004383,0.0959204210556909,0.127403113592582,0.0581331068306457,0.429973903540775,0.13496245443821,-0.022443316850559197,0.022443316850559197,-0.0517051849255136,0.0517051849255136,1.532367867533123,1.0
dataset_0075,eta_raw,0.8090307116508484,0.1484158188104629,0.8386397659778595,0.4740957237780094,0.9912799686193466,0.964994251728058,0.961297692037069,0.0351917770937431,0.973063381549454,0.868239885020591,0.996558826281766,0.964994251728058,-0.15226698038622066,0.15226698038622066,-0.13442361557159455,0.13442361557159455,4.030459102594078,0.9588614306622516
dataset_0075,eta,0.5554388165473938,0.101894661784172,0.575766921043396,0.3254897274076939,0.6805618152022361,0.66251540184021,0.659977518375045,0.0241608628689402,0.668055235226627,0.59608881766464,0.68418599829409,0.66251540184021,-0.10453870182765124,0.10453870182765124,-0.09228831418323102,0.09228831418323102,4.030459150424219,0.958861531481947
dataset_0075,rho,0.6971027851104736,0.1962951123714447,0.7162207663059235,0.2926294192671776,0.9700359523296356,0.8068976998329163,0.816691713280001,0.0904181618489274,0.826743886365498,0.606631922810056,0.949926251317894,0.806897699832916,-0.11958892816952738,0.11958892816952738,-0.11052312005957454,0.11052312005957454,1.9732529110133303,1.0
dataset_0076,beta0,-0.4572308659553528,0.0156413968652486,-0.456508457660675,-0.487480104714632,-0.4311578668653965,-0.4642052948474884,-0.463416678933938,0.0020435098094191,-0.463413642761519,-0.467299418525573,-0.459424877535026,-0.464205294847488,0.006185812978585226,0.006185812978585226,0.00690518510084398,0.00690518510084398,7.152447097151118,1.0
dataset_0076,sigma2_w,0.0735868141055107,0.1693447083234787,0.0073253095615655,0.0006126731706899,0.5855615481734273,0.0005763336084783,0.0540820112950799,0.0917902581914535,0.0182557490495903,0.000933985502452,0.330793940342785,0.0005763336084783,0.0195048028104308,0.0195048028104308,-0.010930439488024798,0.010930439488024798,1.7733249108273204,1.0
dataset_0076,eta_raw,0.5280683636665344,0.3012888729572296,0.5478009283542633,0.0232201365288347,0.9820994287729264,0.451248288154602,0.330297200109953,0.199274227350561,0.311031760753891,0.0160518285161462,0.781860882159269,0.451248288154602,0.19777116355658142,0.19777116355658142,0.2367691676003723,0.2367691676003723,1.2521127658160884,0.9906395622008027
dataset_0076,eta,0.4290865361690521,0.2448149025440216,0.4451204240322113,0.0188677250407636,0.7980134174227714,0.3666657209396362,0.268385867027911,0.161922009226822,0.252731566466086,0.0130430530814524,0.635307870256449,0.366665720939636,0.16070066914114112,0.16070066914114112,0.19238885756612528,0.19238885756612528,1.2521127193390598,0.9906395608452451
dataset_0076,rho,0.72233647108078,0.323272705078125,0.8838735520839691,0.0254634325392544,0.9992782682180404,0.7225685715675354,0.990165527425306,0.0153638858654529,0.995426511297521,0.942118524931204,0.999802008576212,0.722568571567535,-0.2678290563445259,0.2678290563445259,-0.1115529592135519,0.1115529592135519,16.882039262257,0.9909204450723752
dataset_0077,beta0,-0.0368612408638,0.0304365027695894,-0.036660611629486,-0.0760662633925676,-0.0001724783171084,-0.0002257221058243,-0.0255893275897405,0.0164368571152131,-0.0255652041944393,-0.058728089693998,0.0057063940179589,-0.0002257221058243,-0.011271913274059499,0.011271913274059499,-0.011095407435046702,0.011095407435046702,1.1778442334500436,0.9087620169139903
dataset_0077,sigma2_w,0.2302971184253692,0.1784277111291885,0.1680916920304298,0.076533493772149,0.7540484458208082,0.1153814867138862,0.180900957814619,0.137076523446823,0.136520245372107,0.0778563892194426,0.545913249425317,0.115381486713886,0.049396160610750195,0.049396160610750195,0.031571446658322816,0.031571446658322816,1.4475056550835614,1.0
dataset_0077,eta_raw,0.657944917678833,0.2375651597976684,0.6960784792900085,0.0791351484134793,0.9842425510287284,0.7987747192382812,0.713802168809662,0.270691822662739,0.830393423604256,0.0652377843716792,0.986749769386604,0.798774719238281,-0.055857251130828955,0.055857251130828955,-0.1343149443142475,0.1343149443142475,0.9821981887740613,1.0
dataset_0077,eta,0.4283318817615509,0.1546584665775299,0.453157439827919,0.0515181588008999,0.6407565087080002,0.520014226436615,0.464695822167978,0.176224400237081,0.540598462103522,0.0424707673494034,0.642388767358091,0.520014226436615,-0.0363639404064271,0.0363639404064271,-0.08744102227560302,0.08744102227560302,0.9821981502448122,1.0
dataset_0077,rho,0.5719054937362671,0.2193050384521484,0.5819129347801208,0.142118427157402,0.923447784781456,0.3659988045692444,0.43764740015904,0.228689441515034,0.410116426453482,0.070386196560728,0.867663481605643,0.365998804569244,0.13425809357722707,0.13425809357722707,0.17179650832663884,0.17179650832663884,0.9799970126830309,0.9286033442472358
dataset_0078,beta0,-1.07184100151062,0.0409953854978084,-1.0706082582473757,-1.1458437621593476,-1.0092882245779038,-1.0694260597229004,-1.03225036818523,0.0171742955942474,-1.03207473395785,-1.06643386415478,-0.998833741610989,-1.0694260597229,-0.03959063332538992,0.03959063332538992,-0.03853352428952572,0.03853352428952572,2.020048669186717,0.8453481654542502
dataset_0078,sigma2_w,0.4245878458023071,0.1078165397047996,0.4022441655397415,0.2895604364573955,0.7003546506166456,0.3602451086044311,0.446058943434314,0.103123614102596,0.425052391311606,0.311390575901224,0.694052855092297,0.360245108604431,-0.02147109763200694,0.02147109763200694,-0.022808225771864477,0.022808225771864477,1.0735163524025584,1.0
dataset_0078,eta_raw,0.5607220530509949,0.2281929552555084,0.5761629641056061,0.0620413338765502,0.967523828148842,0.5640770792961121,0.631125749803418,0.123680149116111,0.608635058921177,0.46230959230556,0.930598124792506,0.564077079296112,-0.07040369675242308,0.07040369675242308,-0.032472094815570895,0.032472094815570895,1.9335995469791543,1.0
dataset_0078,eta,0.3988630473613739,0.1623223721981048,0.4098467379808426,0.0441323735751211,0.6882366761565208,0.4012496173381805,0.44894386874051,0.0879784173722672,0.432945380676182,0.328858483416583,0.661970015511399,0.401249617338181,-0.05008082137913611,0.05008082137913611,-0.0230986426953394,0.0230986426953394,1.9335995320572197,1.0
dataset_0078,rho,0.3466388285160064,0.1241057738661766,0.3322513401508331,0.1430262252688408,0.6343081176280974,0.2875800132751465,0.417088433770959,0.100386817179507,0.408434313787483,0.243142525934533,0.62906376533596,0.287580013275146,-0.07044960525495259,0.07044960525495259,-0.07618297363664994,0.07618297363664994,1.2730107654122547,1.0
dataset_0079,beta0,-0.4048424959182739,0.026272514835,-0.4042345732450485,-0.4495047010481358,-0.3654953129589557,-0.3610311150550842,-0.395421991908099,0.0171156452678702,-0.395029132058557,-0.430885023221853,-0.36292493443703,-0.361031115055084,-0.009420504010174913,0.009420504010174913,-0.009205441186491525,0.009205441186491525,1.2361577153786947,0.9621781170700923
dataset_0079,sigma2_w,0.1814081072807312,0.149608701467514,0.1296841129660606,0.0659585518762469,0.6279195830225942,1.1625230312347412,0.253794368382797,0.185706980805927,0.194559592336835,0.0853302587367996,0.772301270049457,1.16252303123474,-0.07238626110206581,0.07238626110206581,-0.0648754793707744,0.0648754793707744,0.8180272848377659,0.9655283804625452
dataset_0079,eta_raw,0.6039174795150757,0.2522102892398834,0.6365226805210114,0.0563561224378645,0.9783153474330902,0.5531601309776306,0.570880318131335,0.0964260279563543,0.538632512820606,0.447577470273767,0.818858528718251,0.553160130977631,0.03303716138374069,0.03303716138374069,0.09789016770040537,0.09789016770040537,2.4831841108670027,1.0
dataset_0079,eta,0.4050303399562835,0.1691502928733825,0.426897719502449,0.0377964528277516,0.6561283841729164,0.3709888160228729,0.382873240247651,0.0646702024843086,0.361245551714599,0.300177516833117,0.549185193879208,0.370988816022873,0.0221570997086325,0.0221570997086325,0.06565216778784999,0.06565216778784999,2.4831842081347255,1.0
dataset_0079,rho,0.5211049914360046,0.2240408658981323,0.5147534608840942,0.1190422059968114,0.918230094015598,0.9620515704154968,0.682572497708299,0.153998878547119,0.698897947357635,0.35204174015152,0.918025328808715,0.962051570415497,-0.16146750627229434,0.16146750627229434,-0.18414448647354076,0.18414448647354076,1.412033677363106,1.0
dataset_0080,beta0,0.3607531189918518,0.022417863830924,0.361068531870842,0.3367721021175384,0.3872603818774223,0.3694479167461395,0.370598919659858,0.0038807600591959,0.370568252682028,0.362979895080044,0.378280652264009,0.36944791674614,-0.009845800668006166,0.009845800668006166,-0.009499720811185997,0.009499720811185997,3.299724265462832,1.0
dataset_0080,sigma2_w,0.1378564536571502,0.2103829383850097,0.0503917355090379,0.0028611091896891,0.7512494400143622,0.2492650300264358,0.139297734458825,0.162082645385909,0.0702971893990176,0.010459130613975,0.602437456391559,0.249265030026436,-0.001441280801674799,0.001441280801674799,-0.019905453889979705,0.019905453889979705,1.264215763037674,1.0
dataset_0080,eta_raw,0.6160972714424133,0.2570490837097168,0.6585600078105927,0.0578816981054842,0.9840671151876448,0.4384905099868774,0.368840647924889,0.150894748892046,0.43779508159018,0.0262835817602301,0.54604044126687,0.438490509986877,0.2472566235175243,0.2472566235175243,0.22076492622041266,0.22076492622041266,1.7819590066811393,0.9392059656985624
dataset_0080,eta,0.4717823266983032,0.1968377977609634,0.504298597574234,0.0443234613165259,0.7535587713122368,0.3357782959938049,0.28244324034535,0.115549091641457,0.335245754900549,0.0201269031545381,0.418135670400476,0.335778295993805,0.1893390863529532,0.1893390863529532,0.16905284267368503,0.16905284267368503,1.7819590128713412,0.9392059669202305
dataset_0080,rho,0.870858371257782,0.1858894377946853,0.9605125188827516,0.3141106255352497,0.9980265334248544,0.9911489486694336,0.96199787595578,0.040476968656861,0.975706082495332,0.845562369860039,0.99710669284046,0.991148948669434,-0.09113950469799803,0.09113950469799803,-0.015193563612580396,0.015193563612580396,4.512976101242432,1.0
dataset_0081,beta0,0.1006955876946449,0.0151527170091867,0.1010167822241783,0.0726889736950397,0.1266189888119697,0.0961797013878822,0.0972296496186321,0.0094391482703774,0.0974743750972893,0.0785845856739848,0.115204933228953,0.0961797013878822,0.003465938076012795,0.003465938076012795,0.0035424071268889967,0.0035424071268889967,1.4726789535784575,1.0
dataset_0081,sigma2_w,0.3943821787834167,0.2045609652996063,0.3389729559421539,0.1574438281357288,0.9392416775226592,0.4394119381904602,0.34311465913199,0.146015415384496,0.300900800185158,0.180915208389922,0.742123189811685,0.43941193819046,0.051267519651426674,0.051267519651426674,0.03807215575699585,0.03807215575699585,1.3930625993706034,1.0
dataset_0081,eta_raw,0.8326087594032288,0.1020940691232681,0.8364451825618744,0.6307126954197884,0.9908891260623932,0.7458208799362183,0.760579335041591,0.0425074902054326,0.756379659128318,0.703343718713167,0.904305034295561,0.745820879936218,0.07202942436163773,0.07202942436163773,0.08006552343355644,0.08006552343355644,1.7922674799316431,1.0
dataset_0081,eta,0.6734135746955872,0.0825736224651336,0.6765163838863373,0.5101200565695763,0.8014305666089058,0.6032195091247559,0.615156144538604,0.0343800345132391,0.611759448988127,0.568864009781933,0.731401410417872,0.603219509124756,0.05825743015698315,0.05825743015698315,0.06475693489821033,0.06475693489821033,1.7922675574948082,1.0
dataset_0081,rho,0.7706438302993774,0.1132818013429641,0.790154755115509,0.5130802854895592,0.9305012822151184,0.8508976697921753,0.76082597470743,0.0778791811889999,0.762413617020229,0.603463114913047,0.902093137637068,0.850897669792175,0.009817855591947477,0.009817855591947477,0.027741138095280005,0.027741138095280005,1.397786441289324,1.0
dataset_0082,beta0,0.2485099881887436,0.0264147724956274,0.2485312595963478,0.2161237474530935,0.2833532772958278,0.2669552564620971,0.252679267887544,0.0148055790613788,0.253097559840909,0.222481897141754,0.28066944948234,0.266955256462097,-0.004169279698800432,0.004169279698800432,-0.004566300244561172,0.004566300244561172,1.1553936733620171,1.0
dataset_0082,sigma2_w,0.974429965019226,0.1867352277040481,0.943367213010788,0.6936540573835372,1.4170085310935974,0.8343262076377869,1.12502572209618,0.228282093879535,1.09424477600026,0.759310312330539,1.66260425413141,0.834326207637787,-0.15059575707695394,0.15059575707695394,-0.15087756298947208,0.15087756298947208,0.8007963302266028,0.9092336367116759
dataset_0082,eta_raw,0.3388616740703583,0.15033820271492,0.361335352063179,0.0263295650947839,0.5926001980900765,0.5206848978996277,0.487443054441795,0.0376971088233874,0.497612124389867,0.398497782805738,0.534284433764247,0.520684897899628,-0.1485813803714367,0.1485813803714367,-0.136276772326688,0.136276772326688,4.170296778056059,1.0
dataset_0082,eta,0.2586260437965393,0.114741139113903,0.2757784128189087,0.0200952550396323,0.452284412831068,0.3973971903324127,0.372026352059743,0.0287711923494821,0.379787590961698,0.304141530154507,0.407776635741052,0.397397190332413,-0.11340030826320369,0.11340030826320369,-0.10400917814278932,0.10400917814278932,4.170296882946845,1.0
dataset_0082,rho,0.4912343621253967,0.0827845633029937,0.4899117052555084,0.3346243217587471,0.655882728099823,0.5115891695022583,0.53658442558332,0.0847523664671921,0.540826318737133,0.369575329779101,0.693224537547269,0.511589169502258,-0.045350063457923306,0.045350063457923306,-0.050914613481624627,0.050914613481624627,0.9926129853875475,0.8912059347538228
dataset_0083,beta0,-0.4507497549057007,0.0223606303334236,-0.4496340453624725,-0.4924043104052543,-0.4152546666562557,-0.4394750595092773,-0.455826234971069,0.0132492507343377,-0.455869804793043,-0.482208712651348,-0.429655119889165,-0.439475059509277,0.005076480065368316,0.005076480065368316,0.006235759430570531,0.006235759430570531,1.4680184492451027,1.0
dataset_0083,sigma2_w,0.2410800606012344,0.2138869911432266,0.1630404740571975,0.0465696576982736,0.8270810484886169,0.0713952481746673,0.237308691492371,0.173723579370257,0.183175212852144,0.0615672840395769,0.730081700860456,0.0713952481746674,0.003771369108863415,0.003771369108863415,-0.02013473879494651,0.02013473879494651,1.1675311274543125,1.0
dataset_0083,eta_raw,0.8530383110046387,0.1188762411475181,0.8756161630153656,0.5769292682409286,0.9938066378235816,0.8781211376190186,0.870209569554023,0.0663806218870998,0.870370314239872,0.783678556451147,0.969519097921512,0.878121137619019,-0.017171258549384283,0.017171258549384283,0.005245848775493611,0.005245848775493611,2.243199284097707,1.0
dataset_0083,eta,0.5532776713371277,0.0771027132868766,0.5679216086864471,0.3741943091154098,0.6445795476436615,0.5695463418960571,0.564414903001792,0.0430542406960743,0.564519161446477,0.508291188581901,0.628826718019428,0.569546341896057,-0.011137231664664293,0.011137231664664293,0.0034024472399701855,0.0034024472399701855,2.243199493045668,1.0
dataset_0083,rho,0.8009824156761169,0.164292424917221,0.852245569229126,0.3834741719067097,0.9754815846681596,0.7873994708061218,0.845469263213815,0.0956458090254392,0.864969926573276,0.595195005155897,0.969111049283839,0.787399470806122,-0.04448684753769805,0.04448684753769805,-0.012724357344150006,0.012724357344150006,1.5832629331061387,1.0
dataset_0084,beta0,-0.4656582474708557,0.0301022790372371,-0.4645464867353439,-0.5154597297310829,-0.4202769599854947,-0.4708774089813232,-0.432266500932836,0.0161071166528283,-0.432321260062284,-0.464145542704197,-0.400147516064268,-0.470877408981323,-0.03339174653801974,0.03339174653801974,-0.03222522667305988,0.03222522667305988,1.4872766355924287,0.6854677405214284
dataset_0084,sigma2_w,0.4176174700260162,0.0523198693990707,0.4140326082706451,0.3250992707908153,0.5277905523777008,0.3856410384178161,0.450494752432592,0.0544826386171694,0.444732785675981,0.357684206456304,0.572257422684505,0.385641038417816,-0.032877282406575836,0.032877282406575836,-0.030700177405335927,0.030700177405335927,0.9446252666097947,0.8392385927486433
dataset_0084,eta_raw,0.5541725754737854,0.2972068190574646,0.5882512629032135,0.0273389891721308,0.9862676292657852,0.9724635481834412,0.472342520921887,0.282633465816217,0.487224114577782,0.0238254238281263,0.957814657613301,0.972463548183441,0.0818300545518984,0.0818300545518984,0.10102714832543153,0.10102714832543153,1.0267020276105407,0.9962381093733114
dataset_0084,eta,0.4265375435352325,0.2287552058696746,0.4527673423290252,0.021042372053489,0.7591140434145928,0.7484892010688782,0.363554291686858,0.217538343300685,0.375008410257808,0.0183380379709793,0.737214233298891,0.748489201068878,0.0629832518483745,0.0629832518483745,0.0777589320712172,0.0777589320712172,1.0267020610196116,0.9962381087312592
dataset_0084,rho,0.0332732833921909,0.0328928269445896,0.0230853948742151,0.0010593948565656,0.1196746271103619,0.0634434446692466,0.092134837514726,0.0530036735806406,0.0864424969929767,0.0078233474203757,0.208065102172929,0.0634434446692467,-0.0588615541225351,0.0588615541225351,-0.0633571021187616,0.0633571021187616,0.5923601318834519,0.942975683347839
dataset_0085,beta0,-0.057174976915121,0.0452614612877368,-0.0560863148421049,-0.1197120087221264,-0.000636238331208,-0.0942181646823883,-0.0544063896035606,0.0300534143250917,-0.0544712271160082,-0.113381451716648,0.0040147806547442,-0.0942181646823883,-0.0027685873115604054,0.0027685873115604054,-0.0016150877260966978,0.0016150877260966978,1.014306575139591,0.9603818717858139
dataset_0085,sigma2_w,0.3861620128154754,0.0964816883206367,0.3722364604473114,0.2470876947045326,0.6101449608802794,0.4151505529880523,0.546646613801459,0.146792965166661,0.521826382817335,0.336586581717487,0.890878124679699,0.415150552988052,-0.16048460098598355,0.16048460098598355,-0.14958992237002355,0.14958992237002355,0.6549933347990801,0.7534854819029286
dataset_0085,eta_raw,0.4720849692821502,0.3041060268878937,0.4459766149520874,0.0192430850584059,0.978553168475628,0.4432024955749511,0.238749974556078,0.163171925686608,0.221117183254672,0.0121759254355909,0.611958261656766,0.443202495574951,0.23333499472607222,0.23333499472607222,0.2248594316974154,0.2248594316974154,1.5994303691255554,0.9882171261205516
dataset_0085,eta,0.3091411292552948,0.1991414278745651,0.2920442819595337,0.0126011829357594,0.6407978624105454,0.2902276813983917,0.156343543855082,0.106851852725582,0.144796849095241,0.0079733090479069,0.400736056607796,0.290227681398392,0.1527975854002128,0.1527975854002128,0.1472474328642927,0.1472474328642927,1.5994304026478416,0.9882171261999667
dataset_0085,rho,0.0795347541570663,0.0816182047128677,0.0551552642136812,0.0019107872503809,0.2911423496901988,0.0500659309327602,0.317115772117372,0.103675396881104,0.31146221521799,0.131472799076298,0.53442852469943,0.0500659309327602,-0.23758101796030573,0.23758101796030573,-0.2563069510043088,0.2563069510043088,0.7177750408994668,0.5520474642082819
dataset_0086,beta0,0.8881201148033142,0.076952114701271,0.8891802132129669,0.8574145048856735,0.9331307888031006,0.8542717099189758,0.859690370195555,0.0044515166165651,0.859742873951888,0.850953970001054,0.868289851175945,0.854271709918976,0.028429744607759155,0.028429744607759155,0.029437339261078943,0.029437339261078943,4.367605151048978,0.6273316124260923
dataset_0086,sigma2_w,0.0699395611882209,0.1086601987481117,0.03401137329638,0.0186359193176031,0.4089464582502841,0.0464240610599517,0.0581881577346332,0.0381916720577402,0.0451929603214069,0.027867037650718,0.163107529477,0.0464240610599518,0.011751403453587696,0.011751403453587696,-0.011181587025026897,0.011181587025026897,2.8860479111096358,1.0
dataset_0086,eta_raw,0.4233863651752472,0.2277264147996902,0.4274703711271286,0.0257979419548064,0.8964292988181113,0.6189762949943542,0.607889831268609,0.0476605250814086,0.599119114848832,0.526834162091789,0.719239681410248,0.618976294994354,-0.18450346609336177,0.18450346609336177,-0.17164874372170336,0.17164874372170336,4.524981195691606,1.0
dataset_0086,eta,0.315487802028656,0.1696911305189132,0.3185310214757919,0.0192234240006655,0.6679773584008216,0.4612323045730591,0.452971191083648,0.0355144036029421,0.446435661685118,0.39257228140871,0.535943913526437,0.461232304573059,-0.13748338905499197,0.13748338905499197,-0.12790464020932613,0.12790464020932613,4.524981161318186,1.0
dataset_0086,rho,0.5654501914978027,0.2182746529579162,0.5322009325027466,0.2179428398609161,0.9664771184325218,0.6914166212081909,0.69026090621859,0.108451623536347,0.679271301821996,0.5025782246673,0.902069983953534,0.691416621208191,-0.12481071472078731,0.12481071472078731,-0.14707036931924944,0.14707036931924944,1.8737164438861036,1.0
dataset_0087,beta0,-0.290531724691391,0.0273579489439725,-0.2900493144989013,-0.339095264673233,-0.2466741118580103,-0.2662234008312225,-0.290261218647293,0.0206118524616016,-0.290414086790446,-0.330818424128497,-0.250296725625477,-0.266223400831223,-0.0002705060440980067,0.0002705060440980067,0.0003647722915446905,0.0003647722915446905,1.1477794747679892,1.0
dataset_0087,sigma2_w,0.4388862252235412,0.1174860522150993,0.4153810441493988,0.2884734995663166,0.7301342591643333,0.5530335307121277,0.441883318674872,0.115219309154489,0.416551726120553,0.295366733534595,0.750926116432109,0.553033530712128,-0.0029970934513308123,0.0029970934513308123,-0.0011706819711542193,0.0011706819711542193,0.9694910832236681,0.9843924690648262
dataset_0087,eta_raw,0.7245405316352844,0.2149345576763153,0.771327018737793,0.1408533189445734,0.990462851524353,0.9901872277259828,0.924295890003788,0.0955722345955373,0.966725771333442,0.654986466182524,0.997442620503537,0.990187227725983,-0.19975535836850355,0.19975535836850355,-0.19539875259564898,0.19539875259564898,2.480929374051689,0.9796185033000128
dataset_0087,eta,0.4948490858078003,0.146796703338623,0.5268034636974335,0.0962004628032446,0.6764695420861244,0.6762813329696655,0.631278637931944,0.0652742381872279,0.660257537419735,0.447344804523437,0.681236631793485,0.676281332969666,-0.13642955212414376,0.13642955212414376,-0.13345407372230156,0.13345407372230156,2.48092926570243,0.9796183998261017
dataset_0087,rho,0.2958054840564728,0.1386070698499679,0.2821529060602188,0.0677657853811979,0.6116842433810233,0.6770538091659546,0.357146963656493,0.140298392203063,0.346520974366548,0.10398367142272,0.656023876193909,0.677053809165955,-0.06134147960002023,0.06134147960002023,-0.06436806830632918,0.06436806830632918,0.9852877621934621,0.9334130226528666
dataset_0088,beta0,-0.0362393967807292,0.0214186254888772,-0.0356098115444183,-0.0667841777205467,-0.0071382601046934,-0.0192594584077596,-0.0385772747525084,0.0109695962261327,-0.0383345628604915,-0.0604883348213528,-0.0176003279224531,-0.0192594584077597,0.002337877971779201,0.002337877971779201,0.0027247513160732,0.0027247513160732,1.3907365235334246,1.0
dataset_0088,sigma2_w,0.2552571594715118,0.0549063049256801,0.2450466528534889,0.1875137537717819,0.3849859870970248,0.2556515336036682,0.251215420332342,0.0326812500205634,0.2474927080546,0.199143287259815,0.322479738726483,0.255651533603668,0.0040417391391697755,0.0040417391391697755,-0.0024460552011111025,0.0024460552011111025,1.6010857372413565,1.0
dataset_0088,eta_raw,0.3105087578296661,0.1987801045179367,0.2955354005098343,0.0137404677458107,0.7661810308694836,0.4947195053100586,0.357525323421049,0.182807557916298,0.341039444492403,0.0242713928946104,0.690804427287343,0.494719505310059,-0.0470165655913829,0.0470165655913829,-0.04550404398256869,0.04550404398256869,1.1288871283164672,1.0
dataset_0088,eta,0.197736456990242,0.1265860348939895,0.1882012039422989,0.0087501274887472,0.4879151158034799,0.3150445222854614,0.227677279844687,0.116414488135198,0.217178834491481,0.0154563728784567,0.439914217556622,0.315044522285461,-0.029940822854444993,0.029940822854444993,-0.02897763054918212,0.02897763054918212,1.1288871069824324,1.0
dataset_0088,rho,0.290486067533493,0.093750275671482,0.2794831991195678,0.1424541048705578,0.5114517346024511,0.1987587958574295,0.265312292861478,0.0566618736491259,0.263006553635507,0.16233028781109,0.393616758342037,0.19875879585743,0.02517377467201498,0.02517377467201498,0.016476645484060803,0.016476645484060803,1.5954138125105766,1.0
dataset_0089,beta0,0.5501728057861328,0.032746497541666,0.5495558381080627,0.5226848885416985,0.5844148680567741,0.5619157552719116,0.550900135193543,0.0070154891644681,0.551074316457739,0.536773786884555,0.564037105459726,0.561915755271912,-0.0007273294074101599,0.0007273294074101599,-0.0015184783496762222,0.0015184783496762222,2.264213703290469,1.0
dataset_0089,sigma2_w,0.4021723866462707,0.1888349950313568,0.3476243317127228,0.1927526678889989,0.9046577140688896,0.8696271777153015,0.842765035381091,0.244564397528148,0.805671076856243,0.473874994917613,1.43941138050044,0.869627177715302,-0.44059264873482035,0.44059264873482035,-0.4580467451435202,0.4580467451435202,0.7373156069619926,0.6051126080126457
dataset_0089,eta_raw,0.2345857173204422,0.133388876914978,0.2401700764894485,0.0124128912342712,0.4759247668087482,0.3493922650814056,0.372194555910051,0.034636958746949,0.367787066016964,0.323803460846483,0.420118097486603,0.349392265081406,-0.13760883858960882,0.13760883858960882,-0.1276169895275155,0.1276169895275155,4.812475982299458,1.0
dataset_0089,eta,0.1516373753547668,0.0862232446670532,0.155247151851654,0.0080237554619088,0.3076401576399803,0.225848913192749,0.240588437254079,0.022389504746481,0.237739413568071,0.209308189454938,0.271566456122173,0.225848913192749,-0.0889510618993122,0.0889510618993122,-0.08249226171641699,0.08249226171641699,4.812475807903471,1.0
dataset_0089,rho,0.6700268387794495,0.1171114146709442,0.6739506423473358,0.4383699014782906,0.8748930722475052,0.8978628516197205,0.87426397156702,0.0336097108478164,0.877467981320246,0.802433988016475,0.930109812659266,0.89786285161972,-0.2042371327875705,0.2042371327875705,-0.20351733897291013,0.20351733897291013,3.4189962899437787,0.5675239179676724
dataset_0090,beta0,-0.1585737615823745,0.0436442904174327,-0.158521682024002,-0.2243777774274349,-0.0992389913648368,-0.1473659873008728,-0.15243577443336,0.0222718969153178,-0.152326579003593,-0.197792959093793,-0.110339204627502,-0.147365987300873,-0.006137987149014479,0.006137987149014479,-0.006195103020408987,0.006195103020408987,1.4309138221256446,1.0
dataset_0090,sigma2_w,0.4455617070198059,0.1619039624929428,0.4101938158273697,0.2468847148120403,0.8676081106066702,0.3590837717056274,0.412488216377704,0.0860902662273676,0.40137267511194,0.273997673102477,0.609900419918855,0.359083771705627,0.03307349064210191,0.03307349064210191,0.008821140715429665,0.008821140715429665,1.8479259299833881,1.0
dataset_0090,eta_raw,0.5635505318641663,0.2881521880626678,0.5976616740226746,0.0322887036949396,0.9829380065202712,0.2121157944202423,0.446051727424721,0.270363585553386,0.445797146315767,0.0216829596872339,0.961278152449219,0.212115794420242,0.11749880443944527,0.11749880443944527,0.15186452770690756,0.15186452770690756,1.0117647580027016,0.9887124326631241
dataset_0090,eta,0.3888119757175445,0.1988056600093841,0.4123463928699493,0.0222770365420728,0.6781611874699592,0.1463456600904464,0.307745727586967,0.186532711866227,0.307570083723738,0.0149597855919364,0.663217349581652,0.146345660090446,0.0810662481305775,0.0810662481305775,0.10477630914621128,0.10477630914621128,1.0117647480906091,0.9887124325937638
dataset_0090,rho,0.2731329202651977,0.1712282449007034,0.2442679330706596,0.0255233984906226,0.6665358692407608,0.215287983417511,0.129820076423857,0.0885607798960228,0.113493057896208,0.0076385188990077,0.348239601037481,0.215287983417511,0.1433128438413407,0.1433128438413407,0.1307748751744516,0.1307748751744516,1.8820036234926905,0.9474902443664471
dataset_0091,beta0,-0.1706076115369796,0.0133509971201419,-0.1705513671040535,-0.1952853802591562,-0.1452257622033357,-0.1685126274824142,-0.168634458238892,0.0085070095080718,-0.168616531077953,-0.185576486993022,-0.151737370936711,-0.168512627482414,-0.0019731532980875877,0.0019731532980875877,-0.001934836026100506,0.001934836026100506,1.479341776319372,1.0
dataset_0091,sigma2_w,0.0932018905878067,0.0387501195073127,0.0849237106740474,0.0638590026646852,0.175088695064187,0.074051521718502,0.0868035685689351,0.0122730501003972,0.085060643300835,0.0678824005736218,0.115644031750893,0.074051521718502,0.006398322018871597,0.006398322018871597,-0.00013693262678760032,0.00013693262678760032,2.3288503691731908,1.0
dataset_0091,eta_raw,0.5405395030975342,0.2256603688001632,0.5542631149291992,0.0520261501893401,0.9469898670911788,0.1377191394567489,0.362203339056424,0.141311282086441,0.363508602083569,0.0348609966602611,0.619051742243899,0.137719139456749,0.1783361640411102,0.1783361640411102,0.19075451284563022,0.19075451284563022,1.531971746672779,0.9706172108017047
dataset_0091,eta,0.4224041402339935,0.176342099905014,0.4331284612417221,0.0406557941809296,0.7400244638323783,0.1076205074787139,0.28304350908038,0.110427588156946,0.284063505827064,0.0272420979068406,0.483757487944473,0.107620507478714,0.13936063115361347,0.13936063115361347,0.14906495541465808,0.14906495541465808,1.5319717251893676,0.9706172090430878
dataset_0091,rho,0.3641698658466339,0.1364042460918426,0.3417470604181289,0.1557235248386859,0.7023848861455917,0.2125432044267654,0.286734549942902,0.0636853459490175,0.281266014800666,0.174278055423679,0.422923409305718,0.212543204426765,0.07743531590373193,0.07743531590373193,0.060481045617462925,0.060481045617462925,2.198558520286086,1.0
dataset_0092,beta0,-0.1269912868738174,0.0182998925447464,-0.1267055720090866,-0.1604751836508512,-0.0952927576377987,-0.1254822462797165,-0.11629348053347,0.0105234599000032,-0.116187616969606,-0.137461270285203,-0.0956712321896857,-0.125482246279716,-0.010697806340347393,0.010697806340347393,-0.010517955039480609,0.010517955039480609,1.5597599089062437,1.0
dataset_0092,sigma2_w,0.2964849174022674,0.0343819186091423,0.2941720485687256,0.2360953759402036,0.3700650058686733,0.2781987488269806,0.344469390832552,0.0372693700449397,0.341770052798558,0.28025417808593,0.427298608859653,0.278198748826981,-0.04798447343028461,0.04798447343028461,-0.0475980042298324,0.0475980042298324,0.911082651845732,0.6703819950140635
dataset_0092,eta_raw,0.6013854742050171,0.2797868251800537,0.6534261703491211,0.0354561557993292,0.9870342746376992,0.8262186050415039,0.302133972591296,0.293053190583783,0.202544543848747,0.0115102595703434,0.979840190375891,0.826218605041504,0.2992515016137211,0.2992515016137211,0.4508816265003741,0.4508816265003741,0.9827003055113231,0.9924398384962966
dataset_0092,eta,0.4360432028770447,0.2028634846210479,0.47377610206604,0.0257079992443323,0.7156634941697121,0.5990617871284485,0.219066604615873,0.212482452345338,0.14685784959521,0.0083456800991175,0.710447295055361,0.599061787128448,0.2169765982611717,0.2169765982611717,0.32691825247082995,0.32691825247082995,0.9827003388510641,0.9924398035051301
dataset_0092,rho,0.0760165005922317,0.051277570426464,0.0674360729753971,0.0051183252478949,0.19772704616189,0.0504260472953319,0.186618959131145,0.0501351389285358,0.182472175204791,0.100181376480054,0.294574181198784,0.050426047295332,-0.11060245853891332,0.11060245853891332,-0.11503610222939391,0.11503610222939391,0.990822274480188,0.5064447197351605
dataset_0093,beta0,0.2164628654718399,0.0400697849690914,0.2172622978687286,0.1705848794430494,0.26617958471179,0.2073486000299453,0.209957949682163,0.0168916458183694,0.209941452301728,0.177495885607447,0.243289429319615,0.207348600029945,0.006504915789676907,0.006504915789676907,0.007320845567000606,0.007320845567000606,1.4529496341912511,1.0
dataset_0093,sigma2_w,0.375089168548584,0.2002947032451629,0.3162736147642135,0.1559968654066324,0.9068318352103232,0.3958819508552551,0.431384397857434,0.200028701151176,0.383309241620746,0.190434174270255,0.966885178477718,0.395881950855255,-0.05629522930885,0.05629522930885,-0.06703562685653247,0.06703562685653247,0.9670088205630966,0.9541346497584864
dataset_0093,eta_raw,0.3660270571708679,0.2483080178499221,0.3364487886428833,0.0139620730420574,0.92067199498415,0.9733418822288512,0.436409221695593,0.365024734649248,0.224481876342628,0.0117008841015041,0.98751767779542,0.973341882228851,-0.07038216452472507,0.07038216452472507,0.1119669123002553,0.1119669123002553,0.929180485314029,1.0
dataset_0093,eta,0.2476439476013183,0.1679984331130981,0.227632075548172,0.009446358308196,0.6229015499353409,0.6585366129875183,0.295262582917883,0.246965784917877,0.151878318174977,0.0079164992178893,0.668127541141483,0.658536612987518,-0.047618635316564684,0.047618635316564684,0.07575375737319501,0.07575375737319501,0.9291804478758477,1.0
dataset_0093,rho,0.5057856440544128,0.1908091604709625,0.5071506500244141,0.1493370752781629,0.8468278497457504,0.7509523630142212,0.546324044278729,0.168323597851976,0.557162413541912,0.204261019321428,0.83566002270767,0.750952363014221,-0.04053840022431621,0.04053840022431621,-0.05001176351749792,0.05001176351749792,1.104675127339274,1.0
dataset_0094,beta0,-0.8162873983383179,0.0370051823556423,-0.8166420161724091,-0.8721790790557862,-0.7625835701823235,-0.7824356555938721,-0.798017222998745,0.0138634589375767,-0.797919484370362,-0.825889819533544,-0.771231878445063,-0.782435655593872,-0.01827017533957287,0.01827017533957287,-0.018722531802047082,0.018722531802047082,2.0051159390736664,1.0
dataset_0094,sigma2_w,0.4482306241989136,0.1831618100404739,0.3977839052677154,0.2405486550182104,0.9438660010695454,0.3771728873252868,0.53190697512111,0.199331929400173,0.481552420198801,0.289591615223727,1.04945237381013,0.377172887325287,-0.08367635092219639,0.08367635092219639,-0.08376851493108561,0.08376851493108561,0.9255871396224516,0.9302690876588491
dataset_0094,eta_raw,0.864460825920105,0.0982816591858863,0.8788291215896606,0.6499180391430854,0.993132582306862,0.8792608976364136,0.912920810806088,0.0321355898878096,0.91021540896597,0.859690649336515,0.976360568106321,0.879260897636414,-0.04845998488598302,0.04845998488598302,-0.03138628737630933,0.03138628737630933,2.941756939429702,1.0
dataset_0094,eta,0.5953881740570068,0.0676904469728469,0.605284184217453,0.4476241357624531,0.6840094730257988,0.6055815815925598,0.628764494398173,0.0221330455925903,0.626901177667948,0.592102787087989,0.672457952200283,0.60558158159256,-0.03337632034116611,0.03337632034116611,-0.021616993450494948,0.021616993450494948,2.941756599379817,1.0
dataset_0094,rho,0.6450796723365784,0.1321740597486496,0.6530304551124573,0.3711717933416366,0.8707850709557533,0.6869563460350037,0.707321574051869,0.0935059628766227,0.708063835515625,0.515871180764261,0.87147226721202,0.686956346035004,-0.06224190171529065,0.06224190171529065,-0.05503338040316774,0.05503338040316774,1.4049824273737543,0.9980675079957394
dataset_0095,beta0,0.9836778044700624,0.0375847555696964,0.9828960001468658,0.9443649217486382,1.0290806770324707,0.9590193033218384,0.954342727903164,0.0069356575285745,0.954273472133835,0.940874439480263,0.967604902522535,0.959019303321838,0.029335076566898377,0.029335076566898377,0.02862252801303089,0.02862252801303089,3.1692588022086134,0.8694193114853521
dataset_0095,sigma2_w,0.4162098169326782,0.2160022407770156,0.3623809069395065,0.1522201403975486,0.9559812173247336,0.2534364461898803,0.616799889167695,0.234340529985626,0.592883388576235,0.256474246048711,1.15135031069926,0.25343644618988,-0.2005900722350168,0.2005900722350168,-0.23050248163672854,0.23050248163672854,0.8981814450932437,0.8702921693474751
dataset_0095,eta_raw,0.834186315536499,0.0948630049824714,0.8375155925750732,0.6495784416794776,0.98851438164711,0.8909486532211304,0.869880403255741,0.0373307359125725,0.867492288933304,0.73148290695344,0.93288610625426,0.89094865322113,-0.035694087719241985,0.035694087719241985,-0.029976696358230748,0.029976696358230748,1.6828726710611508,1.0
dataset_0095,eta,0.5300996899604797,0.0602825097739696,0.5322152674198151,0.4127870172262192,0.6281703114509583,0.5661702752113342,0.552782098712419,0.0237225283694132,0.55126452590335,0.464834769198848,0.592820274769746,0.566170275211334,-0.022682408751939276,0.022682408751939276,-0.019049258483534892,0.019049258483534892,1.6828725507938613,1.0
dataset_0095,rho,0.8161426782608032,0.09771179407835,0.8369853496551514,0.5769941344857216,0.9446981817483902,0.7995381355285645,0.892378939324267,0.0460798591292711,0.90541123891674,0.780059485775508,0.951202108451986,0.799538135528564,-0.07623626106346382,0.07623626106346382,-0.06842588926158866,0.06842588926158866,2.148524087759034,0.9619970373137807
dataset_0096,beta0,-0.2669230997562408,0.0174013897776603,-0.2667296677827835,-0.293584294617176,-0.2406870782375335,-0.2402859479188919,-0.259872763744606,0.0090903249754128,-0.259683390593829,-0.278278152182773,-0.242599263964708,-0.240285947918892,-0.007050336011634795,0.007050336011634795,-0.007046277188954508,0.007046277188954508,1.4825914993858875,1.0
dataset_0096,sigma2_w,0.1749789863824844,0.1529161185026168,0.1178700476884841,0.0584618208929896,0.6294474929571148,0.063734121620655,0.0993826028367565,0.0472844560231849,0.0891241026711912,0.0558998243662483,0.196810868958475,0.0637341216206551,0.07559638354572791,0.07559638354572791,0.028745945017292898,0.028745945017292898,4.052100200636959,0.9818183412509978
dataset_0096,eta_raw,0.1991787999868393,0.1357196718454361,0.1822615787386894,0.0073692959849722,0.4934209801256655,0.3934456408023834,0.196826983010687,0.11867992629372,0.191732953527431,0.0108147788675164,0.410406433560925,0.393445640802383,0.0023518169761523045,0.0023518169761523045,-0.009471374788741604,0.009471374788741604,1.216370958781965,1.0
dataset_0096,eta,0.136871188879013,0.0932635068893432,0.1252460479736328,0.0050640141358599,0.3390677861869334,0.2703669965267181,0.135255070037036,0.081554172590126,0.13175456769742,0.0074316724810112,0.282022058489405,0.270366996526718,0.0016161188419770156,0.0016161188419770156,-0.006508519723787187,0.006508519723787187,1.2163709622406937,1.0
dataset_0096,rho,0.65838223695755,0.1692593544721603,0.658845067024231,0.3432651847600937,0.9383582085371016,0.4018415510654449,0.511590269822995,0.112807417887546,0.504690522546559,0.319066764457425,0.751191727902414,0.401841551065445,0.146791967134555,0.146791967134555,0.15415454447767196,0.15415454447767196,1.3771317885289571,0.9440013367666752
dataset_0097,beta0,0.4600281715393066,0.0234046503901481,0.4601542949676513,0.4321988634765148,0.4923173435032367,0.4534188210964203,0.462221972089203,0.0089006306082554,0.462331807508189,0.444678472460857,0.479334863860943,0.45341882109642,-0.0021938005498964297,0.0021938005498964297,-0.0021775125405376627,0.0021775125405376627,1.7347010925832498,1.0
dataset_0097,sigma2_w,0.3178073763847351,0.1610248833894729,0.2682955265045166,0.1552116766571998,0.7675002604722975,0.2264540791511535,0.512875865707521,0.208091968197789,0.466679554505612,0.241414405929153,1.08460719553528,0.226454079151154,-0.19506848932278587,0.19506848932278587,-0.1983840280010954,0.1983840280010954,0.7261549094853034,0.8592122545633071
dataset_0097,eta_raw,0.4240806102752685,0.1805556863546371,0.4374463558197021,0.0415587936528027,0.7913930445909498,0.5078614950180054,0.523978078487697,0.0159171800757643,0.522632875760566,0.502241827727287,0.552821872536378,0.507861495018005,-0.09989746821242845,0.09989746821242845,-0.08518651994086396,0.08518651994086396,14.824705153352786,1.0
dataset_0097,eta,0.344029039144516,0.146473079919815,0.3548717647790909,0.0337139476090669,0.6420056983828544,0.411994993686676,0.425069330837147,0.0129125727991278,0.423978055368692,0.407436124516183,0.448468424689439,0.411994993686676,-0.081040291692631,0.081040291692631,-0.0691062905896011,0.0691062905896011,14.824705127553624,1.0
dataset_0097,rho,0.5999152064323425,0.1434160321950912,0.5965121388435364,0.3337934702634811,0.862319016456604,0.6199221611022949,0.780989326611411,0.0744436645676178,0.788808041817671,0.616167134107247,0.90424140740241,0.619922161102295,-0.18107412017906843,0.18107412017906843,-0.19229590297413457,0.19229590297413457,1.8346849933787448,0.8544736728265492
dataset_0098,beta0,-0.4647712409496307,0.0282527524977922,-0.4634702950716018,-0.5108260005712509,-0.4248791940510273,-0.4281117916107178,-0.440741297885288,0.0148501328296335,-0.440712432384755,-0.469929081354611,-0.41252475059148,-0.428111791610718,-0.024029943064342696,0.024029943064342696,-0.02275786268684682,0.02275786268684682,1.4972181606796928,0.7847820313326923
dataset_0098,sigma2_w,0.9168620109558104,0.1907681226730346,0.8840192556381226,0.6354414835572243,1.384436976909637,0.7266041040420532,0.880691201538946,0.142764272820964,0.860862435141409,0.652412154998264,1.19574780819092,0.726604104042053,0.03617080941686446,0.03617080941686446,0.023156820496713526,0.023156820496713526,1.3785134271077066,1.0
dataset_0098,eta_raw,0.4322830140590668,0.152650386095047,0.4547347724437713,0.0518547584302723,0.6873755365610122,0.4407848715782165,0.471210342235211,0.126732672302605,0.464120760410852,0.101817531448943,0.651064587620267,0.440784871578217,-0.03892732817614425,0.03892732817614425,-0.009385987967080678,0.009385987967080678,1.1570763484119704,1.0
dataset_0098,eta,0.3296019434928894,0.1163910180330276,0.3467206507921219,0.0395375863648951,0.5241017580032349,0.3360843062400818,0.359282741807874,0.0966295895916272,0.353877163517627,0.0776325954340489,0.496415823609958,0.336084306240082,-0.029680798314984602,0.029680798314984602,-0.007156512725505104,0.007156512725505104,1.1570763560636186,1.0
dataset_0098,rho,0.5154551267623901,0.0873951837420463,0.5150265097618103,0.349235164374113,0.6887977242469787,0.3614755570888519,0.474287406108916,0.0689755702197145,0.475799027882303,0.34098124659928,0.604155370455948,0.361475557088852,0.04116772065347413,0.04116772065347413,0.03922748187950731,0.03922748187950731,1.2902581564508253,0.9686370466295222
dataset_0099,beta0,0.5057654976844788,0.0434602387249469,0.5064229369163513,0.4845155462622642,0.5341035440564156,0.4960149526596069,0.500595786775628,0.004515479963708,0.500597654261917,0.492103244636202,0.50963348785736,0.496014952659607,0.0051697109088507665,0.0051697109088507665,0.005825282654434272,0.005825282654434272,2.828711340085777,1.0
dataset_0099,sigma2_w,0.1128494888544082,0.1727319955825805,0.039077179506421,0.0089948436245322,0.6040628269314764,0.01557223405689,0.0186939601307618,0.0101917633391178,0.0149939345173431,0.0097082920109041,0.0456502728844206,0.01557223405689,0.0941555287236464,0.0941555287236464,0.0240832449890779,0.0240832449890779,16.556349117235616,1.0
dataset_0099,eta_raw,0.3598256707191467,0.227466881275177,0.3471436500549316,0.0156770904548466,0.8687441110610962,0.1908044070005417,0.220452505231561,0.118558365022164,0.240011337009596,0.0121374005154137,0.417262525653105,0.190804407000542,0.13937316548758566,0.13937316548758566,0.10713231304533558,0.10713231304533558,2.105687768232875,0.9912627242306191
dataset_0099,eta,0.2756237983703613,0.1742379516363144,0.2659094929695129,0.012008535885252,0.6654515728354453,0.1461547762155532,0.168864996796367,0.0908148351891991,0.183846918013681,0.0092971594811258,0.319620024202692,0.146154776215553,0.10675880157399428,0.10675880157399428,0.08206257495583189,0.08206257495583189,2.1056876925149814,0.9912627243675423
dataset_0099,rho,0.7662907838821411,0.2137342393398285,0.8337444365024567,0.2819187678396702,0.9907047972083092,0.5196064710617065,0.535578018878084,0.136679305421033,0.510782633554398,0.317963005423148,0.811804027444831,0.519606471061707,0.23071276500405713,0.23071276500405713,0.32296180294805865,0.32296180294805865,1.4352514225469069,1.0
