parameter,median,lower_95,upper_95
beta_0,-0.23917316645383835,-0.3087191104888916,-0.171293855458498
sigma2_w,0.33762297241891076,0.07906692163330266,1.1017401837781002
eta_raw,0.7183875703947233,0.102552420967155,0.9827521315159247
eta,0.8316903489208516,0.11872680192669115,1.1377500068856892
rho,0.8783188065122878,0.45132526658831307,0.9754315546176805
