metric,value
correlation,0.7693049710650753
mae,0.732873604955172
rmse,1.0988897533236526
abi_on_car_slope,3.053896865859245
abi_on_car_intercept,-1.2486015760814846
