"draw","beta_0","sigma2_w","eta","rho"
1,-0.221880961934368,0.637845963344302,0.878002222884183,0.929255883047805
2,-0.212911754363563,1.41749222672957,0.869503454669329,0.975514768614105
3,-0.244861218378836,0.816519829388595,0.785714642569665,0.955675074768226
4,-0.222311142054727,0.897869746876345,0.834273036794946,0.960744811912664
5,-0.218338892930761,0.457628008577905,1.05407466843974,0.891626592332636
6,-0.232374749410118,0.545000399258421,0.808900062904296,0.90103922314494
7,-0.218466419925185,0.147185097789951,0.949768722741254,0.761956601303723
8,-0.223767781238613,0.213745999715606,0.735243055802621,0.794449167986407
9,-0.222824903768093,0.167883729929756,0.910468732279974,0.799160495218457
10,-0.232004337074612,0.120465744300314,0.897229947295341,0.661007605656253
11,-0.234516285498121,0.180782612053704,1.00195098151787,0.671191086011168
12,-0.216274800703555,0.116886340959159,0.795889586843078,0.602502785127169
13,-0.213054939772132,0.138598530847766,0.800785013016519,0.554007976606074
14,-0.218038415228546,0.121641307226794,0.876050764323384,0.632718915041436
15,-0.203666103057441,0.193275381087636,0.834381887184615,0.810136636631594
16,-0.22828140398776,0.335866205168767,0.950463253097769,0.89911993668692
17,-0.212761952816712,0.220000169314696,0.853073564644,0.745945426035754
18,-0.23132621626708,0.178166558711383,0.90220040928518,0.680991386566147
19,-0.203411998386187,0.305532232817087,0.760725169137223,0.790505231566069
20,-0.214389552316407,0.658309024506853,0.71240064868139,0.916419806230655
21,-0.214503860999528,0.436167596827674,0.827375254648695,0.924971135759365
22,-0.218175146826873,0.481572714649796,0.901588233173035,0.901911521571053
23,-0.221292104230427,0.135477887770659,0.848635506722375,0.675603060619936
24,-0.209402466083154,0.255220287620673,0.893961537642374,0.844942284968565
25,-0.244758740654056,0.255226389331174,1.11445140987926,0.855857517598595
26,-0.223161724842932,0.318132746915512,0.857579933138387,0.887061551130628
27,-0.226341549525841,0.378085822532516,0.899409218884334,0.8852500695189
28,-0.234986986999772,0.362679503282213,0.803276874699596,0.852305408843891
29,-0.218032833936388,0.147446542508647,0.792656097772871,0.634954842892249
30,-0.227802067281468,0.19131089076712,1.08755762846246,0.743006645120033
31,-0.210001776522631,0.275847409280567,0.886568914433942,0.824945221018398
32,-0.217665247682126,0.204437605742385,0.830978025912677,0.784861314417913
33,-0.204374973501806,0.221991376295271,0.88064478899828,0.796152048373213
34,-0.230388473947241,0.288652591487269,1.1300686355508,0.854427974584043
35,-0.205608309685204,0.566451196143735,0.855026834321899,0.911968460213258
36,-0.227340595809288,0.266531206111186,0.991362168090929,0.860140210937702
37,-0.235644989149571,0.404201049368543,0.796156817242397,0.865158463994828
38,-0.214813445482466,0.448896330842503,0.896969503973282,0.91924277883279
39,-0.221706454489901,0.276023297508094,1.01725107707687,0.835939706190337
40,-0.234050767479888,0.296218962780824,0.90048881450133,0.863401488789998
41,-0.215347899679619,0.275443390495729,0.925183138183378,0.81321160449134
42,-0.210919362334722,0.279059932088689,0.908118309101938,0.870121028386891
43,-0.215851281164449,0.335513458466409,0.865513311833585,0.878276694813027
44,-0.223228207977591,0.334931665878009,0.881578339841533,0.863774770748181
45,-0.211473806762896,0.278517758938818,0.872536641873879,0.868051040205557
46,-0.230055242374832,0.39765749754992,0.724793547041765,0.901410920248911
47,-0.22339017065311,0.534536624839122,0.899802049127662,0.934430368071682
48,-0.215177416301486,0.293925685303075,0.775537688519968,0.884208676258539
49,-0.219650845210089,0.456441324696908,0.815326455703747,0.898237348370862
50,-0.230791363585328,0.37414071394564,0.826176504416302,0.88477968337108
51,-0.204578645872379,0.471071821377372,0.860283056176642,0.917053512159607
52,-0.209458462303181,0.537883984730293,0.896382424217234,0.926739718830725
53,-0.210893261582437,0.295521406543832,0.871268374741093,0.881964237558714
54,-0.23453954814296,0.457721973932726,0.832602832484874,0.908902766434309
55,-0.217266642726008,0.407432085372416,0.931791324309573,0.915149376430264
56,-0.226189821888371,0.666321284574329,0.787108957848151,0.943156157176475
57,-0.227844207023463,0.693873498944412,1.00901815864254,0.929882420699585
58,-0.22569388422736,0.419824530204423,0.910127772349226,0.885959294807993
59,-0.211859685402378,0.195728468108672,0.77952438730615,0.836734576290756
60,-0.217182765458801,0.249407663771947,1.04172813675331,0.84351088657802
61,-0.231464501623405,0.354225911493588,1.03738611202453,0.904220836105755
62,-0.209233324487799,0.310728550021712,0.951391936724219,0.844306235624276
63,-0.223299742475581,0.135344641206433,0.894481317553024,0.773852676285873
64,-0.211703745696778,0.196288468575977,0.874783519279354,0.751361689836965
65,-0.207541206726149,0.118614495819857,0.917145638834013,0.695023587210849
66,-0.215704793163134,0.193651789787944,0.984715935180331,0.744251741355612
67,-0.225098023582222,0.251240271432794,0.918221746214825,0.811282850055896
68,-0.226795411169737,0.136990182157571,0.690514793534295,0.590674643974839
69,-0.202175552477594,0.107005904175416,0.750077442871464,0.459460672810022
70,-0.234122371000853,0.144466326143294,0.83178140661263,0.634655222669036
71,-0.209429587684503,0.153062481830404,0.826092342795666,0.726029310492431
72,-0.24506668807662,0.180855082871831,0.889554024177535,0.802740216112918
73,-0.206937769533025,0.190767436298244,0.888780419173317,0.809417243295907
74,-0.225281168536956,0.258162286622811,0.76939919034935,0.820699387602918
75,-0.228795891360371,0.211829271186932,0.903791510340702,0.800076193792817
76,-0.220877091211944,0.150268012609492,0.869496045518907,0.685429032707333
77,-0.209022365263017,0.184573374750238,0.89430973503249,0.700594517401352
78,-0.234494894046979,0.154107458108315,0.897526176271136,0.747013950110856
79,-0.220244138096586,0.182077482075848,0.708576800956713,0.771674157641011
80,-0.24086867961713,0.183394589980899,0.779494996847776,0.729189633521711
81,-0.214469784806231,0.152424085329783,0.747002313859856,0.682634157948053
82,-0.21613748522384,0.179317140621013,0.81397520859409,0.728629243137844
83,-0.224060019318364,0.208074344867374,0.855737762285167,0.779824335451454
84,-0.196852695628739,0.292028640543345,1.02475835759635,0.859666843066501
85,-0.226730020799979,0.143829326387597,0.878123035103821,0.742270603134234
86,-0.210162907477549,0.19300823633657,1.04352795483535,0.784634909745911
87,-0.221965225257576,0.270281939108932,0.89205185178651,0.839789933165967
88,-0.220002673844651,0.346655794757151,0.91272036709686,0.912971602496912
89,-0.223860848078005,0.57537081559151,0.874491123515645,0.940291232943368
90,-0.21260617389629,0.480301733623104,0.816310609333746,0.922036218809844
91,-0.217002750044933,0.373713604628525,0.87507496767162,0.896951443565703
92,-0.231419513556184,0.556131793130814,0.940789209551447,0.9459924597894
93,-0.238861839207223,1.23980598226275,0.727228817842843,0.961790070339692
94,-0.217472233368754,0.492183285235643,0.888032102113886,0.928348768345294
95,-0.213797402479999,0.396957900995389,0.903232877990424,0.887916033724652
96,-0.218645090088983,0.318404262924268,1.15466300652217,0.87696943089888
97,-0.250837267991219,0.383418710534792,1.01488260838171,0.893898496817029
98,-0.217235637227144,0.640553644804858,1.03775752813704,0.942777914482512
99,-0.230641610270232,0.280802068860504,0.907423659914781,0.85142832911757
100,-0.225004191949498,0.262379962929429,0.749165631764486,0.835492659003216
101,-0.207945341082171,0.158706089028851,1.03205018184479,0.772138979065885
102,-0.224821222170456,0.210684363493885,0.907507186509679,0.779144205195714
103,-0.227685844661462,0.274309539446431,0.898651766533091,0.848455110627151
104,-0.228615283967406,0.405988487788429,0.795880110341406,0.876798102354389
105,-0.206725551129262,0.252103335676919,0.859104128904003,0.823049511636935
106,-0.211107701645387,0.206144023796349,0.841759092171158,0.805920275966722
107,-0.212265448391215,0.360305285188691,0.840230710493597,0.899200988955553
108,-0.22534888891707,0.182407354986153,0.840801034453205,0.825649606170638
109,-0.225115607808831,0.22738006825259,0.957119020493781,0.889482468748182
110,-0.197025180396514,0.495217063768796,0.705961880226262,0.921328291776629
111,-0.219681401785416,0.497365857872054,0.791161540400419,0.910411975267693
112,-0.216873814220385,0.387347867419831,0.864256916122262,0.907149647072138
113,-0.219256263478516,0.255353263990068,0.716843361216993,0.823465492748069
114,-0.233999406857436,0.141484311965745,0.839046338603464,0.763851539048336
115,-0.200938147261524,0.187090356330158,0.744761215298078,0.782641012163561
116,-0.218938224632443,0.205844015128304,0.832802937348761,0.828078094847687
117,-0.222021777484552,0.237639240660986,0.959172235354396,0.7675148116853
118,-0.206321701487572,0.20147416815555,0.892366225953019,0.814543363037476
119,-0.221886289856395,0.250631090796399,0.864917712981327,0.836340629397957
120,-0.222568163996005,0.471752030140538,0.770320181132186,0.890741621763326
121,-0.226071538160181,0.397218333245532,0.897160681987829,0.904201837909901
122,-0.227546140869126,0.67236980991698,0.976084792602855,0.939143350947028
123,-0.214243152840713,0.226020689848564,0.842475973892744,0.83664726763532
124,-0.215639189305669,0.400503960512151,0.718507892473793,0.875915796158331
125,-0.208278934394821,0.198463772467172,0.907563823204943,0.805442103451435
126,-0.215191855941996,0.174638587205283,0.824099431275742,0.702264604503733
127,-0.216517864398211,0.230165025088305,0.945818528547826,0.836488633001168
128,-0.220586664493356,0.305848898602169,0.964829587815415,0.834248724746529
129,-0.222975229310105,0.32800571402091,0.992726115397282,0.879913563008865
130,-0.217755246981642,0.160382365208174,1.0658779199468,0.749034869940517
131,-0.203479758808274,0.27140209382822,0.843537588017966,0.832863342230609
132,-0.21143735455261,0.155886438671299,0.814461160151292,0.754637845378842
133,-0.225558983188486,0.43800049689606,0.928845138812326,0.914695495448089
134,-0.223016047569497,0.374962021003068,0.825094700387106,0.872103403681602
135,-0.21121000372837,0.425324338971937,0.862505958233556,0.909231966909708
136,-0.207580769884261,0.484767745309292,1.00709237361576,0.942043393578714
137,-0.221899679378589,0.667294036225917,0.87463943992331,0.935724926934709
138,-0.22410082801972,0.522635523628721,0.867988065678738,0.924145362175411
139,-0.227755832170984,0.940685947437253,0.918839720651652,0.961763666225197
140,-0.203788725555397,0.668593404111694,0.807488636721085,0.915617940568969
141,-0.215483686647178,0.62697531585966,0.924564607477465,0.927959713115151
142,-0.21593593557082,0.48859560760144,0.858912889250886,0.888880069333606
143,-0.215037015786699,0.195226818923646,0.890935027770663,0.840602175737035
144,-0.208860592130505,0.392765735928735,0.902213226583907,0.92012472345531
145,-0.238752413378243,0.704987889776369,0.846193597039067,0.923176654758639
146,-0.219200396960235,0.684307027049351,0.747713335208409,0.935929822316331
147,-0.213043794634324,0.705169213221635,0.977250205227839,0.943131671003427
148,-0.205179685979728,0.304402911325845,0.857492156470531,0.890192688861732
149,-0.21970428231091,0.556808251701544,0.884982522368035,0.890977622900725
150,-0.220390900060262,0.366676933847651,1.15012398839244,0.872899982866118
151,-0.225586093424214,0.319130356675602,0.805614098347471,0.868620243437038
152,-0.219124871494616,0.31734998962579,0.894482975398697,0.8965817106119
153,-0.224468693642717,0.267573469474397,0.83989194907161,0.856927036751626
154,-0.221195687954983,0.276969317670154,0.639466493320949,0.815452727293262
155,-0.225393981542963,0.114928510720901,0.756209035805462,0.651031547338618
156,-0.221272066066905,0.16678122809935,0.802063240860662,0.800245989634204
157,-0.218132585814481,0.274608583252269,0.843184787774474,0.879934665579776
158,-0.21951767134407,0.258466255505977,0.75303084806241,0.799897549292012
159,-0.204237697915209,0.266556451511349,0.746349824798879,0.860256391502172
160,-0.214765143189553,0.540589795064353,0.737892499936147,0.933891696602609
161,-0.209553748461368,0.655385213288453,0.942628524692466,0.929441068899753
162,-0.205257781641131,0.290966617243269,1.02093510438063,0.875623298473339
163,-0.211492967243671,0.249066965113831,0.859102109965152,0.874746687158707
164,-0.22367435908936,0.186343315374867,0.957317698484077,0.761813144464177
165,-0.247158472585709,0.167984995246598,0.749099622179778,0.693965717711301
166,-0.221935794684901,0.150509275411746,0.814370031031006,0.704327680235842
167,-0.23427937172581,0.169249101663679,0.813340095306986,0.768116500105861
168,-0.231230293086836,0.320429577409321,0.819364318799378,0.8909086038467
169,-0.219346032661162,0.17089124545711,0.782024237216145,0.701688995598454
170,-0.236764514636601,0.182056366287131,0.702638227216482,0.754943152954918
171,-0.222027951683468,0.181582275700776,0.670442291384266,0.740138829373422
172,-0.212672116404546,0.521734642514669,0.858643869560354,0.915969742197718
173,-0.21939579487302,0.435502992739642,0.782795591881212,0.896861059359485
174,-0.223230412708561,0.235507443504613,0.830587239538302,0.82834893732534
175,-0.191709919556089,0.318121813343868,0.982788606048506,0.849271906392514
176,-0.210722621252533,0.29874278436676,0.881386400142507,0.887270630847473
177,-0.206009837308897,0.385826184159974,0.888076199690892,0.890694776108168
178,-0.228690683077235,0.36194778400652,0.900208317965654,0.903179039696532
179,-0.210242292087377,0.157731200780304,1.11648758572099,0.77370279289532
180,-0.216636361727031,0.329403285620897,0.749751302557971,0.89628001120808
181,-0.22744664352794,0.197135186860474,0.720599885482063,0.758934238062358
182,-0.232856767520848,0.246429523170662,1.0452561306932,0.84334576348872
183,-0.207725787394219,0.158196509621031,1.11410167262076,0.747067674028671
184,-0.218056109422639,0.271085177321879,0.913237053941031,0.869944860059066
185,-0.231725416840403,0.427083385894216,0.892928945231712,0.912077292104069
186,-0.217931997877298,0.791184423547166,0.999251571118808,0.955656198035412
187,-0.199181525528557,1.11045475669037,0.9020653812863,0.967976254077308
188,-0.225040616185047,1.58214134112846,0.713737943755324,0.972752831453899
189,-0.2184175131373,1.9498920298408,0.744296385084077,0.976579311485972
190,-0.207388049087519,1.69400952625074,0.7278566052406,0.97829666841499
191,-0.225529592004352,1.44617626882794,0.820637982035256,0.972161315782818
192,-0.195458251207139,1.32712431642572,0.859385820418286,0.959718575323863
193,-0.218420022011854,0.85790208342425,0.942701048348192,0.959418888157058
194,-0.209121239601993,0.357883522425124,1.00265111515224,0.880172021730387
195,-0.217615675090133,0.313374360263921,0.88132530612525,0.86017588063051
196,-0.216710553052999,0.279707931906565,1.06384438170317,0.795145794049311
197,-0.22246140476055,0.198759861135308,0.729219833095078,0.826652748127871
198,-0.228433947064851,0.141031136728291,0.911109330057406,0.681243701264847
199,-0.211386284655617,0.170092685098329,0.892075549687155,0.766168244054994
200,-0.222685360607489,0.188292646022929,0.953457088570174,0.799601444111337
201,-0.234361959792751,0.186387221093098,0.737055912961627,0.808380095837495
202,-0.211008129562348,0.309514357378326,0.81960584763885,0.869752983659827
203,-0.216094335868067,0.611301655320565,0.932799645718844,0.941336358437018
204,-0.207509812801675,0.365331816724888,0.858257129776408,0.913042944194888
205,-0.216748093247886,0.296768598021912,0.774801179414929,0.882699917446949
206,-0.245141338979015,0.719744026848361,0.770925505753006,0.931849687253044
207,-0.209825582315796,0.403438291334021,0.850588993984643,0.922101073730071
208,-0.225492890926682,0.321956852286051,0.914107803131982,0.85775723024234
209,-0.219235420764985,0.128534660456719,0.82429879616663,0.689378977733486
210,-0.210806310142671,0.162079054372614,0.861422495497689,0.740398903781913
211,-0.218398522956383,0.111730088584898,0.766729383073634,0.717177306112384
212,-0.217240713498988,0.152742707914196,0.867531784999944,0.765732928300091
213,-0.212593575743013,0.29551730945155,0.965660402732165,0.78282559500053
214,-0.220378349450365,0.288706122823714,0.807130105608815,0.872430610225454
215,-0.215895889702282,0.255783780181426,0.919349897161684,0.816320461620807
216,-0.220772984651448,0.133188046863148,0.763002764961844,0.680874576170802
217,-0.232461498738715,0.221032003241464,0.807956789139208,0.801837229865491
218,-0.233378368886857,0.357474060084995,0.871434519757749,0.862784175797392
219,-0.235246017406798,0.245382238056418,0.943685370811484,0.816523292478332
220,-0.220352914561473,0.242947045718936,1.06308925644716,0.87642481413034
221,-0.220699903077923,0.298291469442803,0.859108040253377,0.839040296926982
222,-0.205772439055634,0.381868504479495,0.741632424236886,0.910943821457771
223,-0.226224267243157,0.246382549198807,1.05074962571219,0.878190169665524
224,-0.227245416461207,0.362346195684663,0.746809019972952,0.862183367542672
225,-0.211742358212322,0.287508012842889,0.923840603062844,0.896162859883378
226,-0.223352419782795,0.419003105138325,0.753919128595776,0.919696887625726
227,-0.222537874046272,0.306497006124392,0.880771466803105,0.857570139251836
228,-0.212386075551659,0.274213389991202,0.833003633584087,0.799790160844129
229,-0.22217942338036,0.390769308562235,0.873379327451977,0.896333807858892
230,-0.219425368818419,0.450333850113419,0.893299992259846,0.914149372761754
231,-0.215827774113703,0.373134569723665,0.86266567780347,0.898869477978716
232,-0.232339813995951,0.443586933708007,0.890033116587991,0.901695915786359
233,-0.233261550269321,0.661436265464917,0.85013068374392,0.938854096029268
234,-0.228529095493022,0.825672872849254,0.988281957623311,0.937041920303502
235,-0.218577554475506,0.509985532043308,0.797795513018487,0.919058622180097
236,-0.197023701807491,0.255267680586259,0.846285765855728,0.820767078388074
237,-0.224975969403705,0.159388632742182,0.868581497458701,0.746906851899889
238,-0.235962422142697,0.177654811280439,0.818326541751049,0.768423973877489
239,-0.228364880097626,0.171093657347808,0.71331192682903,0.702168783299142
240,-0.201122067516398,0.162619714664671,0.708272305803724,0.727483290381472
241,-0.219132634183519,0.173371595832798,0.820607069492575,0.736449650523587
242,-0.200740303279409,0.178572803737692,0.890421904982877,0.778256492715445
243,-0.223510926881893,0.241741412595128,0.93745329944088,0.848297472376416
244,-0.207541474803138,0.195593749652004,1.11295341293007,0.790018210237888
245,-0.208635551929586,0.266180392526032,0.876007644069289,0.837614803437261
246,-0.218830852301458,0.232516641644171,1.0400801843665,0.808249233572961
247,-0.23546677418892,0.157302546739911,1.14794825180229,0.763157805235312
248,-0.22601305629452,0.308175154034133,0.882014622316231,0.86463624759086
249,-0.217132728169191,0.173600803293613,0.875987780520143,0.782462763284925
250,-0.207354576006967,0.194170863778911,0.854725280638215,0.783346123341576
251,-0.220845259980787,0.260710714796437,0.735358114931314,0.84085788005453
252,-0.230983639179202,0.169089308956206,0.896691840906011,0.730786911401054
253,-0.218811006171042,0.271818506015085,0.783654160632467,0.802063946490459
254,-0.212385374454522,0.16358575852782,1.08438725849505,0.788357657408766
255,-0.213838886838189,0.335772140087789,0.877737569181834,0.85884366940408
256,-0.212029450761878,0.328749380862821,1.0364954974764,0.866506863251422
257,-0.217851778849479,0.291781979492116,0.79500902570195,0.870780709407456
258,-0.216036456472728,0.210854258377387,0.9076907088632,0.80130883980087
259,-0.206241130906737,0.167178961166055,0.754645445304787,0.754502131352974
260,-0.219744927235508,0.162206811501291,1.0062957016353,0.67071308399081
261,-0.215362723860229,0.203333188717941,0.880939956679263,0.79290380671798
262,-0.234583979464819,0.190507246377873,0.882645152680333,0.797264059418629
263,-0.23951094438969,0.164277382110483,0.79095825464849,0.772437592319605
264,-0.237516753143147,0.293868768850024,0.69103805206715,0.843935278936519
265,-0.232330453206427,0.21704557858897,0.866484270734626,0.784320287870056
266,-0.237166623513359,0.221755402399717,0.903836021077799,0.81190391937218
267,-0.211980707013329,0.238352435347313,0.86924926640463,0.810703561347623
268,-0.227563435125097,0.213743135667266,0.975635419469937,0.785414518869348
269,-0.219445019918687,0.253303992775954,0.894788176505852,0.834733205277928
270,-0.219351836159188,0.440864361802701,0.707227965126505,0.888338739983804
271,-0.199445498993322,0.279046093501814,0.922788246845003,0.86740394846237
272,-0.219137182637249,0.250171654706998,1.09159571246512,0.842707489560435
273,-0.24662027359463,0.311189045003864,0.902781013847598,0.856112191551765
274,-0.216761537225839,0.197768618140193,0.716912701677396,0.715571116242314
275,-0.211716451776237,0.193248601685468,0.848420686714284,0.778368049992177
276,-0.22842823109713,0.189224433645145,0.907549910605552,0.79056341728151
277,-0.214079132991172,0.223962885680185,0.816749385845755,0.82508316236887
278,-0.212435170655701,0.147864960825797,0.873152518455156,0.739986830516174
279,-0.241139515335584,0.185187708551191,0.977209386201139,0.753474546248676
280,-0.218345257426056,0.133722930855496,0.982315798984301,0.746181671061214
281,-0.217888535482927,0.152616731336626,0.745383962239342,0.699855072495368
282,-0.217453506666152,0.15893843450774,0.93862358631638,0.6338338539258
283,-0.211049584020762,0.300814493909801,0.918944253830487,0.818824189853267
284,-0.208689242644618,0.1564553003416,0.874585434909576,0.7193003648704
285,-0.204778380421827,0.2163564106871,0.853729497185079,0.828970632852031
286,-0.222405129256672,0.763583900095615,0.929305158591299,0.948442230626119
287,-0.200506622018749,0.474456282443166,0.887482238005051,0.930970276285194
288,-0.210280835971774,0.330405975477125,0.771982409717623,0.868734736517527
289,-0.226010493248939,0.534799740142372,0.820466073469088,0.926258743998092
290,-0.217795951556997,0.450375945888645,0.751183029730199,0.919806642731631
291,-0.218941559003793,0.362586591502432,0.703504714198156,0.890350387010547
292,-0.235571442930431,0.481941327750597,0.782860253164674,0.902779778116689
293,-0.21678429090921,0.310816604145563,0.975871283503339,0.875213930658708
294,-0.224603435713874,0.530768585637851,1.13680389004347,0.911172144099649
295,-0.219963066096406,0.533138675606041,1.01609779649681,0.924500213509765
296,-0.191782714284343,0.202887036087889,0.93180664348718,0.830039647916529
297,-0.217230376361848,0.149440888529073,0.910480076158857,0.718172630383427
298,-0.213020972121204,0.157315116018714,0.817626274263124,0.627755612083531
299,-0.220018102587221,0.174640860677358,0.843739075761755,0.704452450643262
300,-0.220667744408004,0.257025949772542,0.883653470152013,0.846359544585577
301,-0.208079089059777,0.288089733514148,0.653769284827901,0.833482076103134
302,-0.227913050883646,0.596462402581533,0.921831056704682,0.928947338535373
303,-0.208370120783808,0.714628572403797,0.900116485021235,0.955139820914207
304,-0.203203765743224,0.443666668014934,0.774369315169419,0.897129876299639
305,-0.222724464745467,0.522088427039958,0.918318559850501,0.935275793176986
306,-0.227915444150826,0.924357062789488,0.843987817873882,0.953966980294912
307,-0.221666882840472,0.459473315752413,0.965810091195494,0.917594749708957
308,-0.235521450923453,0.441782630395625,0.874741988958446,0.914597561469861
309,-0.210532327198645,0.255991211417188,0.926818622898074,0.837095528684447
310,-0.210266042897288,0.297115698918087,1.12368401949035,0.831739654273893
311,-0.208461990303375,0.145406509633778,0.958907279252875,0.715020082161942
312,-0.221008394791837,0.189790874597778,0.916179772932306,0.776804026892577
313,-0.227676649339312,0.19731598308937,0.859207821747762,0.829867284871115
314,-0.202108356436885,0.369448704231372,0.916051991903921,0.863489924313102
315,-0.214432600136858,0.399602870059452,0.815658361206271,0.886752868350987
316,-0.20123941212178,0.607718111116452,0.828391445658651,0.943397293021024
317,-0.228435991727303,0.453747779618826,0.86636416665946,0.899149692604249
318,-0.230973646458056,0.437784865095689,0.873538918769782,0.908448953589302
319,-0.223172427269977,0.28671908973263,1.05598591557819,0.864223746272884
320,-0.205864885386268,0.13698663813737,0.876294599125142,0.743396703376867
321,-0.231215809646009,0.252661571159482,0.843909798085715,0.832649006702345
322,-0.199573714450896,0.250843815125561,0.936429991336941,0.810825865344793
323,-0.212348597361709,0.170980707667023,0.884278280191757,0.675582757851883
324,-0.219920926379042,0.145677800073785,0.77462153851806,0.633044209914595
325,-0.194302406877441,0.179435287253816,0.768836113372379,0.763257995153961
326,-0.220801279888509,0.273807069102415,1.00392318473688,0.830174127840582
327,-0.225902309327666,0.528387074465506,0.9208513528318,0.904722484873862
328,-0.204890924620576,0.549224971313912,0.773257562520987,0.914070706632039
329,-0.209269346183405,0.96385307512965,0.814434394663338,0.959893658020813
330,-0.214257498957857,1.27189344869505,0.907973762924632,0.965209396691128
331,-0.222997806301551,1.68336091904856,1.02108940308189,0.973997738518923
332,-0.220592518216933,3.3321317670738,0.737117179606267,0.986265795419047
333,-0.212707077253157,2.78419622125259,0.732778038355599,0.984722435293291
334,-0.2283189895961,2.08400768358078,0.953039979249854,0.975399491660334
335,-0.215826852343302,1.55074777260998,0.911541474588914,0.975732233205196
336,-0.231444634917008,1.59031963631256,0.746019456199813,0.974534407003682
337,-0.227673362105278,0.6306790685964,0.851622201727242,0.940816984999952
338,-0.243486563382713,0.623236061368315,0.921501003991545,0.941269199156942
339,-0.228239562249696,1.16648133913478,0.830615818471432,0.959806071111527
340,-0.19014448446757,0.439259626028357,0.960289428692574,0.880440761434876
341,-0.219134725001607,0.328354659953128,0.893361220406373,0.855291515157377
342,-0.220756330566758,0.167036241080916,0.835440709948415,0.774138966001544
343,-0.214943557368681,0.514451562496101,0.840365223857168,0.922884659609779
344,-0.206770647509636,0.440520734861903,0.893361154452394,0.903987428195045
345,-0.227048385578811,1.01970927132696,0.826006568603471,0.934220282471951
346,-0.222812103330514,0.490635720235591,0.858684238683149,0.917371502005344
347,-0.21592994740851,0.528386632390937,0.959867959900681,0.919319019083956
348,-0.222086502469805,0.345009929281345,1.06192069138901,0.860912051338729
349,-0.192668634908315,0.256346856094398,0.888129505597031,0.825262439939663
350,-0.226121923155129,0.28535866880598,0.900117471340314,0.83798414908234
351,-0.218161875446559,0.246024450008207,0.899582855378153,0.767568841878259
352,-0.208714611175919,0.181226846312641,1.0016223920271,0.819381857888101
353,-0.221299211871466,0.164168710848931,0.733197113336871,0.758083143371872
354,-0.210709439994448,0.216473067918469,0.777814090765699,0.783886699307113
355,-0.214296357609184,0.160525530574921,0.856982624294573,0.812296131010625
356,-0.241549570903409,0.349263314387734,0.899377338345986,0.872802634744435
357,-0.224958868802508,0.202217526893567,0.896044170625852,0.788996693996309
358,-0.217310962508579,0.287625003790392,0.889966113219491,0.864561906418325
359,-0.212282529775682,0.303784182708329,0.908284510895838,0.883369276309405
360,-0.221238180347831,0.390247668224031,0.89582835375081,0.90916227983447
361,-0.230189284333316,0.506763206280316,0.87936414908249,0.930440924171263
362,-0.219289921115833,0.55152390311602,0.699512374649762,0.929666562463732
363,-0.208778776680988,0.856679902377097,0.72535130236526,0.923625724924141
364,-0.227981162176348,0.330991958796107,0.927551207427946,0.848449583305076
365,-0.234134798222701,0.171667966331554,0.86164890987164,0.796718169187426
366,-0.215675707607576,0.20117437811971,0.921118806944352,0.824245473984625
367,-0.220974066424342,0.406452041395449,0.944874653502563,0.904816303153082
368,-0.196152225061164,0.233166973658545,0.980847240534839,0.830390055582687
369,-0.245789029677728,0.243456349365121,0.739313135797555,0.784767873714946
370,-0.218019552495554,0.145394180496233,0.888534491885849,0.719919003317588
371,-0.2256022182801,0.234572432113027,0.831979307053761,0.809761305606727
372,-0.211371865164404,0.19435425721459,0.695764752266418,0.741605668483389
373,-0.238572234913253,0.152577413358844,0.865320990099759,0.739246371457136
374,-0.207336734166895,0.56896490907363,0.880592749291518,0.925495838566664
375,-0.229260071809754,0.501648338008529,0.883935688301892,0.921066943707657
376,-0.238915146629592,0.589572140409123,1.02574521237715,0.908855940422649
377,-0.223914166983236,0.378622158887118,0.898079543749471,0.888488480156954
378,-0.247161056957469,0.215598678709284,0.856834162748631,0.823781077300845
379,-0.227314877829364,0.476082817868711,1.04754468136661,0.880892093142411
380,-0.22673207970076,0.195209093325656,0.750771131870352,0.845985135017144
381,-0.226825682682894,0.193081548884777,1.02956094784865,0.73790902004036
382,-0.203665725781521,0.121613806245515,0.877847598092087,0.602535888244332
383,-0.20660367090219,0.0806678432553147,0.931234943776609,0.639713663663066
384,-0.235493381559012,0.128881283488775,0.915903896511875,0.710777432822841
385,-0.216914189553465,0.242257406855861,0.940497966810967,0.872960511455071
386,-0.216503877154241,0.227020426923069,0.75483641166346,0.76471370421621
387,-0.238343475459434,0.296068367743421,0.785399112727698,0.846421889062538
388,-0.218993085596888,0.159842821433357,0.836485320588964,0.749498451747271
389,-0.221844169012186,0.411912495033181,0.693519893653693,0.853675587852732
390,-0.212093437839902,0.154170322612763,0.822795542749932,0.754124189494531
391,-0.227403284022385,0.234287459530321,0.813970853607492,0.755114827097067
392,-0.225910054795992,0.18065187830979,1.08655797077651,0.738016897516069
393,-0.227022624347729,0.184820921606528,1.08617624499662,0.788246298622047
394,-0.204096187262119,0.331426263383888,1.07950785672749,0.912435341994909
395,-0.199299890606464,0.531926164517275,0.926055685204767,0.94035664763417
396,-0.226130020319447,1.44814293767166,0.894165222356861,0.962711675009496
397,-0.236091287554205,0.335651330152329,1.00443476775882,0.890959382133449
398,-0.228878342346427,0.560318366195932,0.941364523712107,0.932239278052843
399,-0.223387556101626,0.415863137904118,0.85954723038572,0.909195067533067
400,-0.213941281687482,0.710774281631871,0.861960890817488,0.945388476821329
401,-0.225380704810335,0.495105096900545,0.842632052512088,0.905306604777195
402,-0.22700933437262,0.275357721730827,0.796906182606004,0.850234261645921
403,-0.207777507340511,0.721765118899451,0.8821524066029,0.937361257437136
404,-0.209869199176824,0.394282508804407,0.841406751932691,0.907301882220005
405,-0.237220718681131,0.216950377495668,0.784333437577707,0.838839727233262
406,-0.222856900461276,0.49890251875223,0.881795903205039,0.90681312102234
407,-0.225045791941222,0.325385726468427,1.14759002677414,0.912489670375074
408,-0.223212506416751,0.508665174355604,0.855584423374357,0.908693761668797
409,-0.21221647299496,0.815901809577927,0.845188346017837,0.957201323809617
410,-0.220508667177187,0.526142928958735,0.960006165994567,0.917865244250834
411,-0.225186668186857,0.283661497693322,0.882996659249068,0.855857720916079
412,-0.220648423757225,0.336080268405691,0.88699171459804,0.916186621285127
413,-0.218280041043376,0.482840060801339,0.906935766660454,0.884058714853989
414,-0.215158498517768,0.262078716209269,0.844941955562928,0.831569269401337
415,-0.224632677786437,0.301824022358813,0.760345453921594,0.835255782885757
416,-0.218429645440259,0.124951115090168,0.778739818918375,0.75673141499608
417,-0.223563663437668,0.218852747862672,0.879782266917357,0.770737795460503
418,-0.220250437540579,0.165224134019517,0.790736167036656,0.74994395515425
419,-0.227305915926151,0.151261526992215,1.04893724154319,0.674521546940979
420,-0.214720508782822,0.222486414142682,1.05675805010244,0.777858605371097
421,-0.21897642623354,0.269809804987021,0.864241420867057,0.886116724922029
422,-0.231022968625454,0.485093878668671,0.872146377180967,0.909725251619005
423,-0.212620756561361,0.244255514610702,0.928346663534751,0.882676921854632
424,-0.218408702886325,0.450452844763504,1.00374195940093,0.894589578824762
425,-0.239529144697603,0.407497352208242,0.718574410411471,0.869023923716781
426,-0.242156767603685,0.315005459498398,0.696122060990997,0.852362377882162
427,-0.199052286719247,0.26907962708083,1.11353989639401,0.858451607053066
428,-0.223413567025492,0.248811818625395,0.925130531682447,0.830436234063049
429,-0.199037049515442,0.494752636767958,0.923922546968917,0.925329121489621
430,-0.206609433640488,0.14435048566443,0.919637113161744,0.645218832906448
431,-0.223186321595356,0.1270254830939,0.985661191790305,0.674463960827942
432,-0.216098472607356,0.198379533724972,0.865462105739006,0.805453528255425
433,-0.220454574690886,0.312999361550483,0.810565201506097,0.858392753866169
434,-0.21643833850264,0.430981332373841,0.887842170391369,0.920084019398236
435,-0.233624710805816,0.371886139895673,0.702451745781947,0.876721870419561
436,-0.228212126423184,0.388372857996475,0.663797727226789,0.882446566104666
437,-0.224408860740172,0.400184101817049,0.699188661926846,0.885723041406461
438,-0.22047580556133,0.240349269983636,0.848735646326116,0.738472965121872
439,-0.211391029396935,0.149514467387187,0.965324426752402,0.790997374692487
440,-0.222301452539457,0.343808376609389,0.915946003119779,0.899718833472454
441,-0.220048497319489,0.422490733662557,0.842715570310732,0.930401029095007
442,-0.216842678346541,0.305755241980998,0.727158641117168,0.86132261768978
443,-0.239588747992582,0.389959922951342,0.846458475329488,0.904143391200179
444,-0.21694143323128,0.360207682058244,0.882448361813749,0.885788305991949
445,-0.23254730825958,0.404508376483431,0.968653602172486,0.889283332309253
446,-0.219902079499903,0.622654563893234,1.02128559662264,0.92656193210552
447,-0.216943045879311,0.538408663145268,1.08348250006728,0.922637038166481
448,-0.213455553172275,0.172125132465693,0.769188990766952,0.782172749878123
449,-0.217987066764486,0.184578606566041,0.905396703999885,0.718930476117134
450,-0.203590229515767,0.175696296756481,0.850636352608958,0.763820009441475
451,-0.217457124878717,0.187343102655669,0.867646171510708,0.760529101267777
452,-0.219125839710043,0.25226995912304,1.04317113022507,0.848469741562421
453,-0.217430752352627,0.309728401001005,0.888921236313496,0.823232290156433
454,-0.220238357861245,0.352706091216134,0.853526270566082,0.887439192417322
455,-0.212785175122075,0.295507747947796,0.876829035969703,0.879765592899497
456,-0.218148673852498,0.130252207544057,0.744991588167041,0.731903717449365
457,-0.217295342001821,0.194895001199434,0.865331828747974,0.822354260272669
458,-0.218533217851313,0.217918269667466,0.925228127693444,0.837875088774645
459,-0.228222026544117,0.237887511120701,0.908909472260156,0.800679122321346
460,-0.228352509238265,0.331508459843646,0.739352381507653,0.828547074328068
461,-0.231455025723045,0.25748386909231,0.793199651613651,0.80012223867768
462,-0.247795914457807,0.192486935919651,0.991157831928485,0.75274324211344
463,-0.216904117125983,0.153584549646584,0.772125925209479,0.741662513839492
464,-0.237287574284964,0.196288314836119,1.00161563883312,0.796677826370056
465,-0.212615432858527,0.200319441285116,0.932003223881882,0.75752449447909
466,-0.223218702748993,0.274646620652497,0.75270029199978,0.816048265217722
467,-0.197119785239685,0.14847375093223,0.873837925510028,0.692791224801445
468,-0.213898937498988,0.255696265761865,0.745453798497118,0.85684970519136
469,-0.22575619768797,0.28655379650199,0.865631275136428,0.869685224546291
470,-0.223468279278655,0.219678293374652,1.02943119839029,0.852902264013125
471,-0.240264452553774,0.17524878072078,0.956526517430114,0.75835456977734
472,-0.218915052291813,0.175599196114643,0.788614988438004,0.851069381385973
473,-0.221523227300615,0.382971600914162,0.787545651743076,0.895024498508559
474,-0.224380314198477,0.499247901923037,0.880516290406754,0.91911972879218
475,-0.215045800192067,0.32698626869552,0.867672127255001,0.840489613096891
476,-0.208373407391634,0.283356289120798,0.753379164772967,0.84804117213819
477,-0.223119437847391,0.293027933962923,0.771390570468032,0.877836749575617
478,-0.215349389520193,0.236203460217828,0.802582311427437,0.797664157346234
479,-0.223235620572898,0.123675551766717,1.04093539008027,0.709789832226601
480,-0.2419635936075,0.34562205922623,0.894961636263924,0.873175816637378
481,-0.211480341554836,0.321693366829711,0.748232654793068,0.801568433765867
482,-0.229558181599419,0.356527597159824,0.723905808464254,0.89307870209386
483,-0.239163488136256,0.274560603364106,1.01654260850016,0.881270090450244
484,-0.210871165697189,0.276991815057393,0.883331381151321,0.873259233848249
485,-0.23923247607324,0.265653719175701,1.08602543305402,0.881095259166499
486,-0.217519588358572,0.536987098732694,0.896940690695246,0.937880099139075
487,-0.220604332753549,0.434709118860308,0.804807862287835,0.922784993709526
488,-0.22096716774658,0.320580641171181,0.878995088161543,0.865684663701771
489,-0.209454107623581,0.22566454584849,0.781082474329135,0.853606951150989
490,-0.238735632116771,0.246352746132028,0.915009781120796,0.796784706838935
491,-0.211294108490518,0.261883980709413,1.0155815744278,0.872368684349961
492,-0.208100865125662,0.189054872985886,0.764777809364313,0.819560836667846
493,-0.232046185269737,0.132716559300218,0.954772398146566,0.665896148003141
494,-0.222537934069329,0.231828741093728,0.681057919354787,0.783197240753396
495,-0.212680710265423,0.256904642212925,0.742460783754606,0.84351510175064
496,-0.209696437311325,0.252906522417645,0.753354255388217,0.852506131388037
497,-0.218582316260646,0.184554728491163,0.891820317507274,0.80270307684579
498,-0.217744397035087,0.185095754740497,0.983544577059215,0.815592110043519
499,-0.242854044428226,0.283977829044729,1.07505284336202,0.896265037281147
500,-0.226090653369854,0.2937022709557,0.726496596670874,0.836647558881152
501,-0.216202408395234,0.172001534922504,0.844289435304887,0.803640061575187
502,-0.231643745963044,0.235799103724581,0.860390253055253,0.835738431273283
503,-0.204743517232591,0.213160657984726,0.72120038645123,0.751390128395618
504,-0.205225628725777,0.191944702646958,0.750963708908304,0.784441817137522
505,-0.221567999703506,0.184196559805253,0.825844059987633,0.748463950193418
506,-0.223365523170297,0.144887043853661,0.779115163536401,0.614365552740278
507,-0.22534357304691,0.112028343451015,0.950938699164154,0.715213606081777
508,-0.209055310661864,0.218106891171177,0.710079569580082,0.776164648069559
509,-0.223876033215568,0.346430255619365,0.747342492664124,0.818131207749509
510,-0.237754508353208,0.183902109430865,0.721132960073734,0.837797783413108
511,-0.225338752128464,0.20812390808867,0.729619436014068,0.800211825652949
512,-0.218271460448459,0.511431179217578,0.803863869045867,0.915477590770826
513,-0.20820438443247,1.25821029729137,0.918848545978198,0.966261442010543
514,-0.220744803249816,1.39121878420966,0.860778027024572,0.97339830755731
515,-0.224943613561206,0.878442651662106,0.913580827680535,0.955256404831542
516,-0.219252218922473,0.489040602871689,0.977490331808045,0.905128872218046
517,-0.211389094058664,0.197352854096087,0.91822245978933,0.813393494293718
518,-0.239800349989025,0.192817866713631,0.86777625724323,0.782023456989655
519,-0.207466224390973,0.146867192126523,0.901152467039797,0.826604095821124
520,-0.228408116488623,0.28159095101927,0.913866996333745,0.833852210360377
521,-0.230779237958705,0.171600193643514,0.800867170345444,0.775607138423369
522,-0.236035123304011,0.192562933852621,0.923530414098798,0.812259161915587
523,-0.234050631870986,0.368421584132009,0.818515578983307,0.880904136028163
524,-0.238291136435776,0.265606369694356,0.914519351041686,0.781361031524644
525,-0.21387097469292,0.139077812974271,1.04191561281343,0.63994550331095
526,-0.239212847721453,0.201334883792986,1.1445417363951,0.779089848066985
527,-0.216055379060549,0.184238839910224,0.812990976416743,0.767313106367041
528,-0.239548312007955,0.248964271596023,0.713184834726927,0.708094129175107
529,-0.21303182880886,0.185618971118958,0.921185427434299,0.778331948866848
530,-0.208452301480395,0.158344550633623,0.784073727566419,0.775045780062155
531,-0.217389526680226,0.323889273160102,1.08746022990504,0.829726848907555
532,-0.213839229654733,0.164703433478664,0.844119368591794,0.754191101170095
533,-0.236383952744843,0.260673522458585,0.873311397420172,0.85506058558211
534,-0.225336927013891,0.169905295620802,1.02993058389712,0.763849941511566
535,-0.227504194789352,0.137053953248632,0.882246151971314,0.784031513800022
536,-0.210477813535466,0.290468004171087,0.869294611319261,0.878489867983566
537,-0.23085790273441,0.415092008402453,0.898084316575212,0.877649951046965
538,-0.224507388210801,0.187980988532487,0.79185636338004,0.759711431152697
539,-0.237716453267697,0.176957016327864,0.869910341183756,0.734507860419623
540,-0.233494694341559,0.160442041285526,0.809069944295447,0.615605257620842
541,-0.228288228431613,0.165050764867433,0.921796935026084,0.70879069312674
542,-0.229279858783389,0.130059352052626,1.14398651561755,0.669572689554714
543,-0.221488238259667,0.105059140667153,0.804735857654304,0.61231038446177
544,-0.227775611497228,0.262287976710452,1.08022810562479,0.786075088875921
545,-0.227257622573349,0.332612786532691,0.87575874886421,0.875998761614769
546,-0.219281244737178,0.230493429367676,0.918804950651035,0.83331266556881
547,-0.226260504171718,0.389558267816566,0.985273804103138,0.9184544078983
548,-0.227320521116585,0.371743243815527,0.856652521322657,0.89059420910628
549,-0.217915319655333,0.422885357390423,0.911791511434348,0.89154869257996
550,-0.221538392332568,0.237604540663711,0.940406457386386,0.787416053609097
551,-0.221404042046405,0.339598535447205,0.953415820430556,0.873052770849186
552,-0.21498045030735,0.288041894476288,0.89900099944826,0.845089855795813
553,-0.219966633149287,0.227804027874959,0.883466032370903,0.84160460715358
554,-0.212115906518808,0.357771972897603,0.828569384697234,0.867209087873632
555,-0.204794527975767,0.414141204478427,1.07934173431741,0.891714269750802
556,-0.211221351511242,0.273869375872463,0.84953806047789,0.835906893555004
557,-0.225308889874372,0.298795611262817,0.929539086420828,0.903401219628951
558,-0.204379162719049,0.821641566359624,0.734538058690857,0.926144606571038
559,-0.229156373837146,0.467403028088766,0.840211044247749,0.916141728126843
560,-0.222004238387872,0.496221799506877,0.866817197569421,0.911831639304367
561,-0.237453817615777,0.535966325846604,0.747606238857076,0.926894133755477
562,-0.233389226614535,0.442447277115819,0.729444387918855,0.885084115195028
563,-0.212303460811039,0.146210103138561,0.832340405237107,0.721833329439955
564,-0.227738888106485,0.251568626838764,0.715468996914948,0.765088441533129
565,-0.197039986472565,0.195459928062437,0.759465738301369,0.818310007223456
566,-0.232391821569779,0.42383497317684,0.956054165530931,0.878149880444512
567,-0.221829457728332,0.340701323506973,1.01144525016638,0.883540186961515
568,-0.229095876096695,0.443745672623983,0.730356891310532,0.893885821460827
569,-0.2227186168295,0.682969814693916,0.681113406755419,0.927356242555969
570,-0.222421591813122,0.987622885175096,1.01965100664473,0.95634560395254
571,-0.233212940138819,0.461410283035504,0.890631197307065,0.907306981156435
572,-0.197316235692225,0.256701949024379,0.869255588951354,0.84639229691827
573,-0.208698987172827,0.215954896268446,0.69049819282764,0.828357682179886
574,-0.228033334041036,0.229967460032443,0.79494357051561,0.808013525068976
575,-0.213858443668325,0.237855372333325,1.06416346114756,0.802366293856142
576,-0.22954354316951,0.114760295882582,1.04559089303113,0.656725105889774
577,-0.243077865437361,0.452517390959466,0.748644104824499,0.862274088698638
578,-0.223952387832428,0.150260293458193,1.05006368297986,0.809510509461034
579,-0.220811273568009,0.18233947920782,0.981425565643671,0.792255521789079
580,-0.210874670284359,0.335741702604432,0.891944108539876,0.871799305493376
581,-0.210782504677585,0.696992905467119,1.07877920069284,0.947663554061392
582,-0.211173589213093,0.87013188542186,0.812372698048353,0.954374020479038
583,-0.22894014508471,1.04548957915646,0.807539653820731,0.95860104373158
584,-0.212158840480263,1.52202415294203,0.786270214286225,0.968103975249903
585,-0.218916696855976,2.58475100461602,0.923150474287438,0.986092998532051
586,-0.240230530641464,0.819598682594171,0.749225825476727,0.95793928325338
587,-0.21270516879274,0.385849397288945,0.784018194397168,0.92517998385569
588,-0.208597040418352,0.66879915584632,0.726649941147726,0.935480511036261
589,-0.207015443434489,0.4029587660233,0.868721354803922,0.867926075574814
590,-0.226357763732537,0.472617754492248,0.886655016463724,0.912727415474366
591,-0.206642919632086,0.387624975973541,0.865679098166242,0.873543016951905
592,-0.214067972884718,0.345613497826772,0.843487649589368,0.890570447413813
593,-0.206481321065589,0.258555249090725,0.69185732697205,0.857838217582434
594,-0.214789872981863,0.459673484622833,0.828867641467739,0.887265032617649
595,-0.209481030949801,0.693684903261826,0.959018916449315,0.930739961535086
596,-0.213902257361621,0.263039388832925,0.833085286113616,0.826969709129853
597,-0.220858004040861,0.180572226860173,0.693157906609112,0.674587524349598
598,-0.222036551321312,0.119396702936673,0.775052178030372,0.646691654301768
599,-0.227755117885544,0.120650395019759,0.949502148324107,0.531166335507014
600,-0.225494885862869,0.129861114846974,0.931831258242206,0.630272340136509
601,-0.224420721160845,0.168746193142148,0.775253792816057,0.715008351080888
602,-0.221343677819428,0.136357253255679,0.875889661794282,0.681217632365286
603,-0.201482052050426,0.520529422944241,0.797384397296635,0.904796558991901
604,-0.215124328257862,0.795959410487662,0.839962051938832,0.94312650295338
605,-0.241943740196167,0.549766147781951,0.848860302847014,0.89963269609716
606,-0.230466863689686,0.323224266192022,0.849485113498397,0.862790863274668
607,-0.214238453368856,0.348038124612456,0.86465495765037,0.881141304652479
608,-0.21890622236185,0.390286345260639,0.846953420731077,0.875242543390623
609,-0.223792350402134,0.624669066529111,0.829165396257835,0.927252806267727
610,-0.235298918255116,0.596325553109362,1.070416622266,0.947321473023217
611,-0.233626784170297,0.830015353856676,0.887115700379801,0.93829477449112
612,-0.218761730506109,0.899035010239201,0.8426527720553,0.949201244966588
613,-0.21754834651289,0.539936693312595,0.901961321096705,0.92769968984774
614,-0.226299094756013,0.721374070773095,0.87054624675388,0.926629689174176
615,-0.215964229819837,0.403761846717795,0.890596690553259,0.869998242365897
616,-0.230783236587913,0.318636626467316,0.748292065386753,0.876112834663036
617,-0.221200635916662,0.37321381854922,0.751641385973412,0.85331261876838
618,-0.232645503842278,0.302790910211905,1.08012279203279,0.814537522837655
619,-0.229973955866765,0.15713666028246,0.727863100852482,0.746642016951601
620,-0.22529951907493,0.203404374894935,0.813477102916874,0.777170247739316
621,-0.222648695639149,0.594730977203586,0.702966859353292,0.903918909695647
622,-0.227716194685139,0.254369509369643,0.719404453896205,0.822735337521631
623,-0.209582813194895,0.239617610982637,1.05766077190214,0.819620369494464
624,-0.226270461194797,0.335646020519704,0.823366858956816,0.909025130372729
625,-0.210540017729591,0.608220167805995,0.735793811944209,0.93103111308123
626,-0.218720333794577,0.591232648666312,0.878955466441002,0.915212202377251
627,-0.206768460455921,0.375058213963162,0.914519110116508,0.892498542126672
628,-0.218888582403339,0.545034521579062,0.848951686071916,0.895600070663291
629,-0.224600225370292,0.441674495712427,0.915110612003672,0.913025703614111
630,-0.235946254785205,0.402983829035256,0.808178695376272,0.854043148314228
631,-0.204510554589772,0.19326724987888,0.942114718671103,0.81638679361374
632,-0.233202817602023,0.156599013910635,0.953815789299534,0.746500772619658
633,-0.207570276876841,0.169888906970004,0.97735344178254,0.705853351307324
634,-0.228570120028103,0.198902136968167,0.863657938056934,0.788734074300662
635,-0.199953979211574,0.172200678840167,1.07915849441671,0.689756591521183
636,-0.211687245983068,0.228971171743018,0.773219151636138,0.832252463174046
637,-0.226697446952248,0.267352066732038,0.718391369437698,0.849731522056218
638,-0.223385936579373,0.2030178728445,1.01836978190432,0.801894951920426
639,-0.222595911008719,0.281744046198963,0.83041782366873,0.822222651436106
640,-0.226661166086451,0.436107646402282,0.709425348983468,0.865561733168042
641,-0.221113189009587,0.365179935356886,1.06703634426063,0.902129630068953
642,-0.228865939337337,0.452250059070148,0.853389449547204,0.86672216616643
643,-0.221363316914972,0.595399847431727,0.81830626976047,0.922476126436581
644,-0.228827342724518,0.415153202454281,0.893754068269513,0.900130531482732
645,-0.216370242143507,0.277803719610735,0.872827227312494,0.878365685307167
646,-0.228013272705222,0.273700764363204,0.751595418935329,0.867095710895124
647,-0.218739344194466,0.159002778718493,0.891849165147852,0.725721742266828
648,-0.227547566763293,0.192823500182225,0.80577961587864,0.692966293431816
649,-0.230400923023547,0.18799033092705,0.761544988037956,0.70634526465932
650,-0.233793161322028,0.160008349811349,0.806417100107667,0.752285707655617
651,-0.207175419090467,0.170386083257003,0.902274409132023,0.75580504245663
652,-0.229338047894725,0.188049151279401,0.963595765635887,0.817503733449684
653,-0.21145187798233,0.160580330593296,0.718202662556617,0.741445863309992
654,-0.229878134430702,0.222937027522325,0.848183602426507,0.809623635216096
655,-0.229089758053291,0.158385498169737,0.920966511891883,0.662438286445328
656,-0.224605672260871,0.159700488638282,0.845227983834499,0.680426975914548
657,-0.228340255819348,0.160954928098909,1.05395391312705,0.68779291932561
658,-0.223408184576616,0.221578628141962,0.876390392799141,0.808884802805268
659,-0.216090701994813,0.242841803626568,0.805752613375686,0.824644972472173
660,-0.22241142594859,0.159801192441683,0.857673579712175,0.805823562458629
661,-0.230966892905535,0.154080709377277,0.898222210905907,0.749102306519459
662,-0.220919267503864,0.208322780257856,0.943527356391999,0.833758779667418
663,-0.216061862425444,0.542639633954525,0.878028956691558,0.90284123239292
664,-0.221947979823819,0.496179477812148,0.720361447391299,0.910013964748203
665,-0.221860062828861,0.483025442840421,0.720215907843466,0.893372473160265
666,-0.2049606219219,0.649093897646937,0.834526270536146,0.919697508778204
667,-0.218135324082341,1.67473353511245,0.881646123465888,0.971419776050637
668,-0.206872477386724,0.72679831735542,0.963027726441882,0.959998032619054
669,-0.223133768366318,1.34502146935991,0.906135844676139,0.964385563218766
670,-0.221810825817196,0.403198608624498,0.907116354502156,0.890638286550715
671,-0.217309846506729,0.428305847463667,0.734596654231341,0.902177403963769
672,-0.209724388876328,0.461072836374263,0.912374377823268,0.922723686923275
673,-0.20920880784553,0.381798171520444,0.8685988467148,0.892008550950634
674,-0.215277186959187,0.277260162408738,0.851758809246881,0.843452739327385
675,-0.204487304859061,0.331784508219443,0.878628481310229,0.916767167358224
676,-0.221138922463467,0.263697186197615,1.0622425835249,0.853047771072146
677,-0.218760206573413,0.279236117197112,0.826124297381193,0.861719413771257
678,-0.213202020291049,0.530578755751801,0.744989901019279,0.905817432423616
679,-0.216576396384567,0.331980727189263,0.814533414865813,0.898188753716358
680,-0.240195518215282,0.461752768604743,0.88490111885808,0.940235210576327
681,-0.211592115153113,0.423583462279191,0.865514457167495,0.937107542511786
682,-0.214962665480068,0.486095455685136,0.901622577428564,0.919747531818116
683,-0.224687368865808,0.534691045209142,0.924519695364052,0.907216155177628
684,-0.212958044930185,0.299267342464453,0.988635675495849,0.82447863907628
685,-0.22990143086455,0.170147268523847,0.88904598270746,0.813960312242488
686,-0.231122747976283,0.260247720466647,0.717240306649562,0.799299361532673
687,-0.202389274051309,0.338898208123505,0.961622040789381,0.868290981222117
688,-0.211905665969534,0.165162530783169,0.858232973177611,0.742622067845652
689,-0.222469451228341,0.230494627286317,0.830301288545258,0.809399895270468
690,-0.228276393629092,0.453329141383337,0.955877345636974,0.933989394779806
691,-0.207851672559764,0.205821221097478,1.07816217681832,0.835403145086477
692,-0.229478793406159,0.243515886153129,0.89725349665936,0.821206667207959
693,-0.220316686754906,0.176893563764928,0.848628339424556,0.721515138849604
694,-0.212062708921074,0.157506860317542,1.02961738982118,0.714502883482203
695,-0.222476241555162,0.149829920055096,0.879292245972869,0.706431236507904
696,-0.231068462690626,0.306765397792316,0.817857753339562,0.878016293243359
697,-0.234010084327203,0.447584878175014,0.756329415207749,0.889757449160141
698,-0.217277428315166,0.285950731726814,0.829842678732858,0.862312263717495
699,-0.203870837166673,0.26899421222552,0.919570319669582,0.858225148931914
700,-0.234354697698755,0.380752343356723,1.05802517590534,0.880321661584907
701,-0.220614775306589,0.310146302892149,0.890581692025179,0.89075733652218
702,-0.21561896830648,0.30898295325636,0.695946246706514,0.852532881069878
703,-0.220528347101472,0.353500709865708,0.694556129652793,0.850025212625317
704,-0.229413729023531,0.291126774216045,0.764209030774277,0.83281853601829
705,-0.234757418598317,0.242705249357223,0.915350594766366,0.863340065598232
706,-0.193745742100393,0.231860046109132,0.949694829405532,0.805832423610124
707,-0.233726556130402,0.306107973906061,0.842146148091101,0.865582777642627
708,-0.218268775323337,0.416579889206545,0.930451962244561,0.905752145819087
709,-0.209820025651569,0.347763912014518,0.903038764315686,0.861533307620968
710,-0.216268441174616,0.265864561552762,0.937413280119202,0.817082375653195
711,-0.226559154257445,0.221222504255498,0.886642180467673,0.82421217627815
712,-0.222966814101977,0.186351781193862,0.922374474988958,0.769294364862609
713,-0.220272882802221,0.176754494403241,0.979334391112631,0.776511868590867
714,-0.221871923876635,0.298510324964262,0.771671507346777,0.854273571546628
715,-0.213416981854192,0.461894867511306,0.836689486570369,0.877741403130085
716,-0.218690211388656,0.378136881749487,0.900931539175251,0.897894127670906
717,-0.224619102765296,0.401848025620107,0.912162370139683,0.906680292027454
718,-0.214517959324482,0.522625489930106,0.972025345782009,0.890185162133164
719,-0.211866475048867,0.256805422229356,0.906203969939985,0.884694253990193
720,-0.217623986848597,0.430447135312714,0.851041643599539,0.86772162107419
721,-0.206457433894527,0.251734239579699,0.884665635670966,0.799056073121495
722,-0.207042295510821,0.270649144125736,0.690339968841195,0.817443556934027
723,-0.216289534825799,0.226298913971253,0.942366008559563,0.827295339337555
724,-0.236339563298589,0.238020459088157,0.724128292830575,0.85578013086786
725,-0.218841066258995,0.295176525800047,0.717717542318811,0.863181186929863
726,-0.22468251240148,0.284154549544194,0.862413739002397,0.867131120461956
727,-0.225923480455463,0.880678000369267,0.707601466286356,0.957010385020547
728,-0.223680966690931,0.911750710838172,0.914520328862496,0.963428969223573
729,-0.225147069174778,0.870439401769289,0.922628112000849,0.960459422181752
730,-0.236177883511118,0.62035913188788,0.741530476317839,0.928188985133383
731,-0.227622351658451,0.365417689145726,0.909232710112285,0.909522706935428
732,-0.233817749569566,0.396193605804335,0.840088831713535,0.878497771611106
733,-0.215096150377133,0.288617247054921,1.0569130472717,0.867829819986266
734,-0.245604834816416,0.39205397936644,0.885517759925607,0.86452133948932
735,-0.211899418556585,0.372168043705452,0.917471570105318,0.921011310130058
736,-0.210009768320546,0.358282053794561,0.903775928783292,0.905870087111141
737,-0.232879787136582,0.59791808796881,0.914235294280484,0.908557926992041
738,-0.203001092917074,0.402043253891361,0.84113535890005,0.888836729446713
739,-0.199686062792723,0.340225267683674,0.756487176877072,0.853245902285925
740,-0.218688283721793,0.291187068259913,0.814812313584364,0.871737491003746
741,-0.215588219258172,0.352908835812588,0.896861527809941,0.891706138376344
742,-0.203069046603388,0.44822778078926,0.907332435463033,0.872846245431266
743,-0.207549225506669,0.263449486435242,0.9005434736467,0.859443856131319
744,-0.21081337933412,0.120493348398412,0.89915531427932,0.727235128144044
745,-0.209021906048344,0.150984109775917,0.844122195344824,0.770460509721125
746,-0.229880723760267,0.173718883867007,0.951481095756319,0.612271956286742
747,-0.218693997610924,0.159941090297598,1.01655713477546,0.706050461020501
748,-0.221384016344012,0.146139019284398,0.7854124865699,0.572580985343993
749,-0.22293648830063,0.104614543441739,1.03594616801855,0.640731023392054
750,-0.203425359810216,0.162510242136503,0.958446559184256,0.692532947626069
751,-0.224890305641177,0.271637003227385,1.07362574000364,0.799563022433413
752,-0.226640641186829,0.23586546587197,0.847054616419173,0.813738233032302
753,-0.213435696749985,0.145342974922978,0.903429857724679,0.76377630202392
754,-0.231816021519219,0.293071392051678,1.08311016144964,0.815331110182599
755,-0.222252093896279,0.340211421208337,0.865979480036356,0.906176973614904
756,-0.207647094524511,0.469823699358044,1.1118410884742,0.91839345436124
757,-0.220760013735417,0.471176870421876,1.08885343858021,0.900380065692635
758,-0.223708686609363,0.475328330049947,0.90112360081229,0.911718026379349
759,-0.219101558813427,0.218918041389421,0.855804711991556,0.85404082932606
760,-0.21630690651185,0.17074614834358,0.709755908307109,0.780172890163268
761,-0.231547962643535,0.255482553382015,0.99431560626292,0.792615239081935
762,-0.227856100065912,0.295432723029033,0.819955221700904,0.772664306383648
763,-0.214509989917336,0.137173876517553,0.962371666439323,0.694163207578363
764,-0.225041779657774,0.143947310329873,0.721030583221003,0.703260266619485
765,-0.227147242041764,0.173880503911369,0.765420174248338,0.76834985933789
766,-0.219547676470573,0.18743781254747,0.76034233686837,0.678816057475081
767,-0.231771149389299,0.203404863721061,0.726547222992194,0.786531379335809
768,-0.228112105013064,0.227734549502588,0.771876392769753,0.80009402243097
769,-0.225770209558111,0.237738660088546,0.990601873512204,0.847316405648724
770,-0.218142872407077,0.382652660543966,0.893433344070326,0.913860442837835
771,-0.221330530000927,0.584070232964886,0.812243848858187,0.936050324787336
772,-0.217612248305026,0.242907782763795,0.895578137201374,0.853953387381243
773,-0.198312630176217,0.222824271025748,0.762413303740567,0.814810529510671
774,-0.221364117502045,0.188736629348459,0.924235677710271,0.805798113138887
775,-0.216421701541833,0.258072180687466,0.777455592898507,0.784388017307177
776,-0.231012052497297,0.312852761731534,0.707002518117303,0.820390546635051
777,-0.205644568786026,0.30322513260957,1.0583406288577,0.829294225002419
778,-0.229281597205183,0.484565189513811,0.873251734427617,0.928860476126245
779,-0.204100006327033,0.220682628792605,0.85899057625336,0.839927689477344
780,-0.210625179974719,0.485493676915137,0.85053524269239,0.913916255804779
781,-0.22151107529066,0.367367388166918,0.863650033002349,0.875334267652708
782,-0.221107017504553,0.816957546834287,1.02537054530392,0.937176511395325
783,-0.234457753039214,0.463347439571123,1.07338947341529,0.901814293983999
784,-0.228059818336518,0.48927186914201,0.811802085201326,0.924735125271513
785,-0.215886943961601,0.492759176961245,0.890690314754582,0.92532238496704
786,-0.21486859784117,0.27082745900287,0.826114550315984,0.843457844218189
787,-0.213372278031922,0.370294256720762,0.857971535985761,0.86350243995987
788,-0.223162620429787,0.233515984297487,0.920418277587606,0.865500063657285
789,-0.230329278341568,0.318294401350033,0.908238057651028,0.861836091876131
790,-0.223375078093185,0.301312440886664,0.949649975416891,0.850089293954384
791,-0.232305747861405,0.36887477870106,0.983031161625237,0.876756775893405
792,-0.205510999266501,0.219536238461005,0.916164557124299,0.799262002558652
793,-0.220337907257957,0.236513705515961,1.02725621599784,0.779626584584679
794,-0.227711898571546,0.277117041288417,0.990550676710996,0.835056800014225
795,-0.190245491656067,0.153262172398976,1.05559056437813,0.730917461190956
796,-0.225476553882105,0.46780781832036,1.0563314555439,0.883712267704205
797,-0.208914098017728,0.488403327411056,0.794966498330258,0.900208750100284
798,-0.233807666852052,0.329277582276017,0.923584103445706,0.867481382129227
799,-0.221776188744592,0.284071339597344,0.857168439389805,0.845232473096829
800,-0.21576653377933,0.527677098527639,0.865933811839478,0.924785742016633
801,-0.212233467465064,0.553344132100808,0.868680864180383,0.92922630271338
802,-0.226702819204164,0.376035826433425,0.808363386679522,0.877510728006486
803,-0.214950689795948,0.184052353307579,0.687725093640574,0.765729657399818
804,-0.215676908806282,0.17499401541003,0.75654084770711,0.665235916803958
805,-0.238882955659033,0.103660546150334,0.864920708628171,0.571196523678129
806,-0.227449141332121,0.128243512368047,1.08580727269018,0.738293039971808
807,-0.218793514270611,0.144291565352809,1.05099101866386,0.649831284201004
808,-0.224082674476871,0.195165502605114,0.757973751022352,0.76530544507127
809,-0.218929171697884,0.425513887959855,0.744800743881787,0.92497029978321
810,-0.216360072921547,0.75086329628449,0.72218316290493,0.947211851304086
811,-0.222162489653235,0.682745921031357,0.740974054853592,0.92795222795486
812,-0.211757260200264,0.730619523292004,0.89409217750338,0.947415018132693
813,-0.214779077579156,0.488857773665147,1.14228610119523,0.924468013753155
814,-0.237036772199395,0.818974390381895,0.732917171840134,0.929866030645722
815,-0.22942583470502,0.46970249945029,0.911387119164868,0.903471891728311
816,-0.241364352217512,0.255873267495208,0.86890195559584,0.85355498353567
817,-0.224171019082524,0.347128005870611,0.897590365279841,0.841687394252616
818,-0.206076066359991,0.168410974863068,0.914883274515648,0.741880346239187
819,-0.226166018250074,0.128640007748941,0.934908028635248,0.729135858938434
820,-0.227963203751125,0.210775894535139,0.877469114458621,0.797047831796776
821,-0.225763800360742,0.227863284465039,0.860649105573049,0.732640132833291
822,-0.199875746340944,0.240833433367289,0.799135280317188,0.823236876787036
823,-0.217676838591463,0.462387377225286,0.928385909450891,0.893549442810072
824,-0.23729434196616,0.192494830907008,0.783829312881802,0.786153781130205
825,-0.222617911907343,0.478301784454169,0.849118093920576,0.919987155793848
826,-0.201041963043615,0.474301560296363,0.96087528326236,0.92335905156176
827,-0.224882693389178,0.761051810431908,0.924460320720194,0.941731848454813
828,-0.229649957699516,0.738883714457374,0.891760920296237,0.9352585806916
829,-0.207323450523276,0.41634272747446,1.06255962040329,0.911418185327491
830,-0.223881110560606,0.510319065404743,0.716720131919863,0.930269271681667
831,-0.21152733337725,0.743019227888728,0.785439603252798,0.933926499434332
832,-0.229559518079275,0.47542011051496,0.924208229962746,0.920704200048574
833,-0.225233364832424,0.45905349542138,1.03322249964582,0.915277696005986
834,-0.215811730812832,0.248046846154491,0.91797279444851,0.835862342226639
835,-0.227904320322484,0.254890806152065,0.918685283828776,0.842962857837627
836,-0.213535099873529,0.477459309137389,0.7265693602748,0.88668547518463
837,-0.219365394579163,0.219748186230756,0.910232058317914,0.781655585355101
838,-0.217880044098046,0.0984119047363419,0.727165445141141,0.607283484619519
839,-0.226475334836451,0.299642910485202,0.860551439869767,0.891320072626136
840,-0.244112136658015,0.2391579340549,0.84471032491831,0.770777109022338
841,-0.225756588621053,0.185049026104009,0.753221555599295,0.711583637201251
842,-0.238630977391687,0.126379887050094,0.850800419102275,0.666131881223764
843,-0.221012836565533,0.19232590562305,0.729134955708706,0.771612468823642
844,-0.22641805040671,0.205430033027862,0.83236941804251,0.81396480916688
845,-0.224544282491955,0.265001989121611,0.900750518883637,0.831796431987679
846,-0.222351382827487,0.295373422264905,0.858924950268735,0.844378121729643
847,-0.207852595681577,0.683304235162623,0.934016568633136,0.926887368742392
848,-0.228153030981004,0.417459588514559,0.904381425667625,0.909186080392775
849,-0.220013872517405,0.410078043957711,0.884025502387131,0.893934192471626
850,-0.229002074435433,0.216621385336471,0.908609263839593,0.848019917336599
851,-0.214385511110448,0.223920676011134,0.875369661305534,0.810332980851654
852,-0.213172955120834,0.343489711422119,0.850073705795855,0.902806336866935
853,-0.222931936377848,0.349944948564744,0.769374077238251,0.906425670976086
854,-0.230366377399929,0.711032714720985,0.742422296933748,0.905901324175811
855,-0.22033112967433,0.191655258532538,0.87209675571096,0.777359430349084
856,-0.248127422726517,0.107504398587951,0.694581247628066,0.650277053034337
857,-0.233557730128971,0.213834668034808,0.727970685021064,0.685495801738408
858,-0.210044898326308,0.266048165897802,0.920197849016757,0.836490453390386
859,-0.230085316843793,0.240839264906609,0.876707871063665,0.796748542268152
860,-0.209096774847465,0.197214317922315,0.754066598972594,0.762712782899795
861,-0.233703001499755,0.155511947030649,0.754624176795503,0.723769796215184
862,-0.212432844000377,0.32389325627986,0.804719469427811,0.782541569321036
863,-0.188921952955881,0.168706605384713,0.686228739660484,0.775845624512941
864,-0.229227415881008,0.47107546558077,0.687324964632985,0.890377214884108
865,-0.224183812933223,0.317291714059154,0.771344257854525,0.8495428627026
866,-0.214357113067612,0.430131747007464,0.916570091102821,0.923758993579448
867,-0.231830146458862,0.951598662964734,1.03096344307207,0.955651027377789
868,-0.223356277568242,0.592355017687193,0.873988425115098,0.933817864288408
869,-0.203887173174277,0.81762942291659,0.89647107667151,0.9536727279799
870,-0.212387846336318,0.712264462343103,0.934369821268258,0.935714816793096
871,-0.215843819555724,0.307861765943551,0.834143604507102,0.875869082743936
872,-0.235656328317273,0.240311406267165,0.858615463124855,0.790429699829827
873,-0.215956685683161,0.254529030159274,0.903683554787378,0.804135529374303
874,-0.231462339601506,0.176253784225058,0.697620840870358,0.779753704809764
875,-0.210929880607001,0.185605485829688,0.847225455382369,0.666255500802424
876,-0.23003628773379,0.134622480725651,0.897281398908209,0.694980775014949
877,-0.202830141214184,0.12240150020179,0.810495111222657,0.630095803175558
878,-0.219861049194396,0.135019521240505,0.729207627123208,0.607680732226465
879,-0.235162295979091,0.256887069064704,0.706592544162984,0.820114810131904
880,-0.219134208300391,0.429438858858817,0.782883045086114,0.898625470458442
881,-0.213975821820959,0.443195584063146,0.900524631083533,0.898631812556041
882,-0.223905973143317,0.51159080290741,0.836601377575533,0.902142924109973
883,-0.212073087554351,0.468910041911069,0.747562551958867,0.917015104560353
884,-0.234907944040013,0.708583965645278,0.85790098946182,0.937694069168803
885,-0.222480303689312,0.629928768961372,0.915118022972738,0.922546338668452
886,-0.226452558497255,0.780527794729716,0.793533138774096,0.937632959801608
887,-0.23329121415976,0.745591725670648,0.776666588384894,0.946289914287101
888,-0.21979532551749,0.704285287848827,0.961161412109247,0.930921132739549
889,-0.218328234897656,0.402835318279,1.01471423552745,0.914643676787949
890,-0.233579887987615,0.566824742276607,1.03186418848825,0.915062885151638
891,-0.237280882430167,0.899025138376608,1.08331662409509,0.929434090875881
892,-0.213440489251673,0.550732039215406,0.736594781039765,0.917829383717773
893,-0.226858095713595,0.344728442758128,0.738601048492073,0.897130553967405
894,-0.232105637221832,0.785918337397319,0.757614035771927,0.94708860052166
895,-0.229164841309924,0.355229956366342,0.908041047421071,0.878396068342029
896,-0.214710420493857,0.238976070755435,0.869447975147379,0.851103747876771
897,-0.222525889332973,0.289345307179158,0.761604310808682,0.857746178765091
898,-0.223667860912397,0.126671362956225,0.798737571314119,0.715998464187736
899,-0.227072169031583,0.150418956364849,0.882623361944914,0.747794929699276
900,-0.227595131392541,0.178986256756567,0.918281821430196,0.794354749922867
901,-0.224785998393426,0.244712025345165,0.731672362973668,0.838282538048058
902,-0.226240554656317,0.268473727728992,0.749177411113098,0.775211784049705
903,-0.22264480074552,0.209580434416996,0.786867437645196,0.784515628562059
904,-0.240501579332329,0.230475712548724,0.690615426357634,0.823333490469583
905,-0.207466704650347,0.331060199816138,0.75111793872415,0.874899868505614
906,-0.229911740532575,0.343370924030341,0.974197090276652,0.863693638019531
907,-0.224893162670826,0.601655625643609,1.08199321203184,0.932781266488948
908,-0.21232214185454,0.257845967090542,0.949042508795654,0.84205699921564
909,-0.225020701148936,0.135629890944697,1.1415582077928,0.644989073909936
910,-0.210785549853982,0.205818474294154,0.891703791390053,0.76590886656423
911,-0.236267963700108,0.309450986989705,0.944678994105211,0.838929466312318
912,-0.21913403435099,0.195704305635617,0.810052053056704,0.804715551795363
913,-0.227608304808615,0.435016932005241,0.865354612162866,0.879134932828799
914,-0.235909091298287,0.236123590132938,0.759190966648384,0.843179192222225
915,-0.212510409983807,0.256866221206665,0.847574337870029,0.849711522973483
916,-0.23092594331375,0.490359011559669,0.750431724400904,0.896315273245786
917,-0.214250124552073,0.344043785505976,0.887909729635207,0.87735122489352
918,-0.23056518938621,0.338357935942659,0.942115062359584,0.873066462284585
919,-0.222232026227809,0.568658221370375,0.884160928972317,0.936068808773012
920,-0.224810342770715,0.755264524809783,0.850141688193866,0.937686210461834
921,-0.209074762752193,0.244263407669073,0.957317557858035,0.845552599459202
922,-0.232406531869755,0.257746726652015,0.948930114929867,0.814998825706102
923,-0.229389826920782,0.298075458902305,0.764238557249772,0.833037407678744
924,-0.208046130225644,0.297750591304701,0.696681887643212,0.811180677922343
925,-0.22100362076924,0.260958823363961,1.0262401260996,0.802460048711786
926,-0.226694896515837,0.271872771364144,0.952799499019077,0.848684041617217
927,-0.200302385152984,0.139761598942599,0.92142969112885,0.753355669770137
928,-0.218866330365355,0.322540598044552,0.858945397117101,0.862434929853957
929,-0.209304474648228,0.361598909128642,0.882077592902854,0.855358108663943
930,-0.224814897672701,0.544791412538985,0.812529794252416,0.923404159039828
931,-0.216217705072963,0.238837466797489,0.867391045162557,0.865699548160195
932,-0.212114142134674,0.412073801908602,0.856638051359615,0.890031243084265
933,-0.232860854457283,0.432128870721723,0.940461133267451,0.88828116835806
934,-0.219950752547911,0.275550093160278,0.879165193989645,0.788954833849596
935,-0.221275953185214,0.18773995977561,0.990475019554654,0.737500193466415
936,-0.215028656334119,0.184989456375504,0.964006214630195,0.757703534551601
937,-0.21268114489234,0.181367115756134,0.847270073278146,0.825340802462589
938,-0.206245378244206,0.163494575990957,0.915705294038041,0.730078404679502
939,-0.224532388172142,0.167910721825607,0.835426243552671,0.775212952023408
940,-0.219357581980874,0.140581847426831,0.923300830981387,0.712221752264998
941,-0.223500568248266,0.1789472541208,0.991253219975139,0.768679008865071
942,-0.207813514710291,0.143584807741393,0.80210324018311,0.698783745139552
943,-0.215450766080671,0.287925323091433,0.703504998844491,0.784003851757789
944,-0.215832585565103,0.270516507376441,0.841657003806561,0.761430988019249
945,-0.220077004429671,0.255882682943337,0.947682970541047,0.816721136285447
946,-0.220752615853933,0.191982724593429,0.837105853445564,0.81001619877768
947,-0.21199439739317,0.404788211325735,0.876098448491869,0.889205338149433
948,-0.215699637057057,0.705637990513985,1.03200858455035,0.947701969860773
949,-0.217939650428578,0.685014437479658,0.875049113072293,0.932544385124023
950,-0.210323519420386,0.995084879715967,0.726158672709503,0.950664506429801
951,-0.198852500501051,0.681588995822572,0.886578288622656,0.945693380483279
952,-0.219450743694721,0.673673565856167,0.770447473959941,0.931102311608403
953,-0.233221717782304,0.829574892185268,0.872839373255706,0.938364807145936
954,-0.230403917614985,0.767330430874696,0.885028328472109,0.942649760591511
955,-0.208489116402715,0.37699764423071,1.1157300898508,0.900606548571199
956,-0.224058450333393,0.362656584614465,0.866834817707907,0.878174995689864
957,-0.22667532239747,0.437036229707022,0.922034509447581,0.924646410379467
958,-0.22827967746528,0.580003277135815,0.865208248645339,0.938587532430044
959,-0.217220750996426,0.799017078046596,0.886236003861951,0.946709770521403
960,-0.21658050900383,0.683323407212001,0.712586402984417,0.951547947465452
961,-0.225476182920291,0.715413871996648,0.981641898309158,0.934729259161693
962,-0.207510034293309,1.49481473175974,0.868494292029392,0.975093872477634
963,-0.229648002446186,0.863496641466911,0.921988652493107,0.97168280193552
964,-0.229073697904517,1.27829953990638,0.849354782925307,0.959978368421116
965,-0.201535900380413,0.257066243418598,0.808543002557792,0.887916641972564
966,-0.231555307531395,0.822798550887745,1.05913885404626,0.951540089448614
967,-0.214740365515744,0.918330987081507,1.12126139873009,0.951520675187694
968,-0.235160751867373,0.810248671822106,0.849247758150646,0.915699744788287
969,-0.245369101415141,0.759675066789632,0.869917495960305,0.934332016246606
970,-0.209965088401711,0.487199757621123,0.912987382180935,0.907367040526143
971,-0.221331823385268,0.393086033692879,0.72325245932961,0.910406022813213
972,-0.240541230728458,0.528154083999601,0.909118290466657,0.886497287536855
973,-0.218793338651686,0.549632188555634,0.836551692169083,0.899196021985989
974,-0.217696850731268,0.665321080408749,0.839455168938346,0.923154303325852
975,-0.226338522353969,0.742887613878918,0.886801014037654,0.939783690358307
976,-0.207206144172602,0.484416352953972,0.845672345411217,0.923954762184259
977,-0.227380925487589,0.240707298136892,0.836694263579692,0.859349283730438
978,-0.228686493313836,0.204684394188847,0.823986290680646,0.822446136636006
979,-0.234431748442647,0.270565913825475,0.86522705414839,0.830018207060129
980,-0.197994370080443,0.464397840189106,0.942368160398744,0.893932202576489
981,-0.215189435511239,0.310881087436122,0.887387581534792,0.831489604847638
982,-0.234924945691658,0.305606896678862,0.777055519563723,0.831047564664904
983,-0.244701034502385,0.169945420891913,0.860577577576102,0.754361973822169
984,-0.236306197748581,0.157738400109661,0.746422616243723,0.576929835642949
985,-0.230461723335716,0.176944586065799,0.854959242074579,0.749814488754481
986,-0.21309771967125,0.245003985378727,0.798392552107097,0.842501909036914
987,-0.191919251061279,0.25862827863982,0.922551915630344,0.771307726467747
988,-0.220060890780415,0.278183181108873,0.881852154961497,0.844807955678158
989,-0.226902435230404,0.229505418631684,0.75660933557755,0.77834767447878
990,-0.226161940717155,0.125286852586573,0.734015892285871,0.6020374429351
991,-0.205158742981593,0.234080397034209,0.848617949333026,0.856782967217028
992,-0.212920483035654,0.689773995704551,0.885669222085255,0.930542656420354
993,-0.233994673943775,0.510532330227433,0.822437676102564,0.915584089025663
994,-0.226158458533243,0.579916512465876,0.893715060488054,0.916725585348583
995,-0.218950350543583,0.378991336842468,0.867514826052427,0.894597444660082
996,-0.218398769579368,0.221402191734046,0.770671399849054,0.806473986668198
997,-0.235584959977611,0.334204143592668,0.889876705808238,0.878193200858831
998,-0.209985425962136,0.420793434917313,0.842005189409848,0.909480902976657
999,-0.232541631785016,0.225315058225339,0.877935564435626,0.846235172009335
1000,-0.219900816918255,0.312448094983681,0.788961721025157,0.86313347908778
1001,-0.219151519961165,0.974406829738377,0.834188000695403,0.955608529450855
1002,-0.242520609120876,0.44419671443163,0.828877851425725,0.893122242955989
1003,-0.21598204541994,0.476258212826912,0.905275493352084,0.943785210460814
1004,-0.23367650178459,1.12557022203399,1.06967163413731,0.958616669749039
1005,-0.245999949665056,0.755447691807477,0.893735797809549,0.946823538675697
1006,-0.231739119324292,0.530348595719698,0.919997841568562,0.925427367719583
1007,-0.225200316348719,0.459442464292378,0.752323251018202,0.899202315071534
1008,-0.231811809145005,0.547817377925275,0.969668054278144,0.915478733403442
1009,-0.234859427609647,0.426771150824294,0.869328219243487,0.915020245040144
1010,-0.232286335287678,0.359387144912498,0.779430885401733,0.88933788580239
1011,-0.210397466340945,0.326591407752474,0.87873978582112,0.85443336233037
1012,-0.202246645731143,0.277662505020274,0.84413478894185,0.854141786460057
1013,-0.227987360740407,0.312513451611734,0.683037564105846,0.836824191845953
1014,-0.223167933637357,0.247211925924917,0.82142197330621,0.833378793190049
1015,-0.210690610024175,0.207861340513174,0.83159821061254,0.838549334231683
1016,-0.227821924916126,0.266286051571397,0.902719995531044,0.837468401095646
1017,-0.2098949939704,0.49162911320982,0.770879179805222,0.886069614702322
1018,-0.219176982576053,0.581836093616473,0.715889428485047,0.93438388584604
1019,-0.208498207555822,0.549369090504389,0.874731810049483,0.914619570962009
1020,-0.230092741826423,0.556269580509286,0.862214503962854,0.92321032957052
1021,-0.214361047943562,0.487595089121192,1.04867383428684,0.930475563060861
1022,-0.220658420954985,0.561784543627268,1.00418840838296,0.944677556436968
1023,-0.220561928450265,0.890196462943186,0.911284120683961,0.932818708888288
1024,-0.210917096979668,0.365841449211967,0.871081340138738,0.885474295730505
1025,-0.219920341387651,0.820817622457912,0.76622500004636,0.931894652615374
1026,-0.219191942859388,0.692087191383479,0.959951526940928,0.939603167599148
1027,-0.209888872712397,0.642097940292064,0.764341581769325,0.933836827633253
1028,-0.223151934640787,0.462742552653195,0.861518116989621,0.913829138312877
1029,-0.244529776688405,0.228988179228924,0.870762194926391,0.802393691546538
1030,-0.218105524839458,0.268040979895796,0.940749356498548,0.853350696574186
1031,-0.218771731852948,0.333078961268902,0.875243341075395,0.871674723735464
1032,-0.215617819922585,0.424265110311528,0.813604605532481,0.89505665672961
1033,-0.234857282732137,0.870366757446522,0.741625366548904,0.946923506484223
1034,-0.222432827449482,0.81136383787241,0.808561079059454,0.945030028834865
1035,-0.219763791064847,0.305619962851619,0.78408854298646,0.899946749727683
1036,-0.197502283846007,0.371974986808554,0.986756057831767,0.879698883403448
1037,-0.215807914748221,0.302261667547162,0.870975984671733,0.885391339025646
1038,-0.198898314719393,0.235027052581889,0.9001621870061,0.773747409446932
1039,-0.219573312062676,0.188706544719864,0.914007338433107,0.739467471491439
1040,-0.23825423502059,0.258591706766158,0.868036168446153,0.781962219026167
1041,-0.21658898073902,0.254823044631678,0.675632341627874,0.808205144857296
1042,-0.214297762185519,0.202906762380713,1.03528051126102,0.806288641823707
1043,-0.217905041651645,0.112295775424479,0.844486619272526,0.470013050688565
1044,-0.23056290574213,0.155616456829005,0.879421657837222,0.701241989437888
1045,-0.236945905323149,0.214133198162313,0.908506234008515,0.782437244355926
1046,-0.221225281381174,0.294804279909238,0.709373232695949,0.837725199249022
1047,-0.229019814694184,0.352437624211317,0.937574817493732,0.882655183887825
1048,-0.211237371386094,0.407880019181865,0.903864750371969,0.930974587528801
1049,-0.225409298106141,0.637507573262727,0.843784075096002,0.932224076900335
1050,-0.209059597346283,0.311252345843518,0.829320620219961,0.8873649353554
1051,-0.236340323480181,0.15635023269953,0.727892419956517,0.73746246834409
1052,-0.232097534419226,0.292840833161153,0.74013228955951,0.804445204738941
1053,-0.212526110323459,0.171630127061966,1.04622866870778,0.764575174565849
1054,-0.222842639542969,0.154652910817843,0.923713028423789,0.793347038747465
1055,-0.200840921445892,0.211795730572021,0.918517830937078,0.80198354178308
1056,-0.213672425773231,0.185280556512201,0.912091181661587,0.835183493265774
1057,-0.202557201999672,0.235101744195293,0.758633709273164,0.798147025983512
1058,-0.210911541712711,0.172639170562298,0.854637008214311,0.794843349416583
1059,-0.218564419529274,0.492195571170074,0.976167071778822,0.917971237647866
1060,-0.198518503739066,0.447470329705393,0.959845641464593,0.912256705263863
1061,-0.204890779458178,0.478642733186431,0.892980736130764,0.906251465729188
1062,-0.222568183666372,0.329627408891451,0.904429486856526,0.860140585164599
1063,-0.216765499540888,0.227021595226706,0.8983925504141,0.815757987823051
1064,-0.210766927674072,0.267759704613959,0.854799681605347,0.831100444700168
1065,-0.219376507782587,0.334700847329611,0.843390362708549,0.86650875140979
1066,-0.227826410153307,0.323244301017461,0.85341950718818,0.829102264199348
1067,-0.225398067564067,0.145812578124593,0.740013332775916,0.67249217134668
1068,-0.238074628449432,0.208646327324505,0.674952796517821,0.825831358844386
1069,-0.215558074726687,0.334936255101322,0.674642434559757,0.870790940088661
1070,-0.219592214686307,0.243334473884588,0.93560649959882,0.856949703628027
1071,-0.220708605404421,0.644884561013893,0.925587784078701,0.93706934565003
1072,-0.227929202854944,0.274918179314673,0.851317357470295,0.888866658107447
1073,-0.218873185922853,0.246933759952577,0.779779370998117,0.850741157087903
1074,-0.210211219400282,0.57650459670052,0.858126958646311,0.936388426765638
1075,-0.219618960938783,0.529139203588129,0.865595698482231,0.896589338606986
1076,-0.227905727127693,0.491531449819855,0.856280729943793,0.897576002392891
1077,-0.221615735235234,0.290732342536554,0.806740177662567,0.830885425771718
1078,-0.212828854285248,0.256088563325522,0.841986033350563,0.846646930104067
1079,-0.215108647141231,0.269527950492576,0.832577209568307,0.849965639149531
1080,-0.227619216495732,0.330776926869758,0.910996172313176,0.866274389595548
1081,-0.217274946098147,0.355704391714313,0.873396975208319,0.834786576199421
1082,-0.225959174011166,0.314047431601289,1.02270687420474,0.88022558152404
1083,-0.215021557854871,0.442525991288781,0.921659266991559,0.885221791960247
1084,-0.231742202297693,0.322912190224884,0.785977793605504,0.879733701375694
1085,-0.21591819245185,0.296542747765267,0.818642202467868,0.884276160522079
1086,-0.234572100632368,0.292506982567669,0.901180081201936,0.865954290300674
1087,-0.194437071232759,0.166007462051238,1.0554890615015,0.748346046186429
1088,-0.219296471761182,0.542249916418747,1.02302874007996,0.893600119374774
1089,-0.217446214491712,0.26140971605952,0.860462561452693,0.792208978885489
1090,-0.225816558158572,0.156503664633282,0.937010361239658,0.770592648150652
1091,-0.222645167362734,0.335235404880262,1.00826796435774,0.862086455731763
1092,-0.213596639878702,0.252295721506126,0.865809885550928,0.872883017005434
1093,-0.224644165964417,0.277179612710934,0.859181570981327,0.829050149084887
1094,-0.217239422159216,0.315646716301494,0.741624660969566,0.868913434300386
1095,-0.232346329431142,0.45165452378908,0.953878004797334,0.933531099497109
1096,-0.199422649809594,1.15372673278367,0.870334159901916,0.958898447878732
1097,-0.221299044701985,0.386227434539742,0.90416137380187,0.893687085524245
1098,-0.222062477974334,0.330149971530715,0.800113088745539,0.872733225311893
1099,-0.228351983782715,0.363133096991877,0.832850265232518,0.884080646759813
1100,-0.224194885332702,0.873212239155016,0.685413428347734,0.937902933217501
1101,-0.238827147245668,0.658966781819607,0.807055936154545,0.941513794729102
1102,-0.224875220431515,0.777802287482593,0.905041894892628,0.950285186826831
1103,-0.21536092926976,0.526743314798488,0.945255666805729,0.940488367686907
1104,-0.246139815712143,0.400957403342597,0.902057641599272,0.899338716494873
1105,-0.235131902154464,0.43100545881092,0.903203400463058,0.901595000312439
1106,-0.218802414232262,0.249164385352085,0.768230047019808,0.828313897607926
1107,-0.229677870024003,0.256962174503849,0.855684352751254,0.852732255968845
1108,-0.229730204711563,0.178715053017552,0.892928042185329,0.724214518594753
1109,-0.212696841746677,0.206291036635122,1.0514225306189,0.757859575525987
1110,-0.222921626189735,0.254768314460121,0.865739287459067,0.817838911370102
1111,-0.211948229120876,0.343866615968794,0.909617482287118,0.876228192475702
1112,-0.226198784082227,0.353204897685544,0.879381555359031,0.856232587501769
1113,-0.247396656544951,0.319382317990704,1.0473221205835,0.852984959389846
1114,-0.236542190809754,0.416733061366331,0.713223642371931,0.87984543036704
1115,-0.219539995271146,0.468337528710508,0.778704851495081,0.918911576835484
1116,-0.227077891870455,0.572772835268064,0.87831254834393,0.929991269489688
1117,-0.213074194775355,1.66450945513967,0.84879450610106,0.973478274231639
1118,-0.261191290591416,1.52417557290109,1.00294959989147,0.974525773917363
1119,-0.206222719623192,0.660248394793072,1.0024832142028,0.938901683369731
1120,-0.221761362747371,0.815169853355374,1.05069325559041,0.955946989099229
1121,-0.23645261509706,0.645675409069311,0.843154643907255,0.932617588861126
1122,-0.214691704283092,0.469424650758066,0.872705746618724,0.906022281938692
1123,-0.209757185987422,0.201868764151828,0.74878108015091,0.783403503786913
1124,-0.217704437364302,0.211151809622808,0.718933428434037,0.786265607501148
1125,-0.220952413618489,0.301593943335795,0.856967170155593,0.86114133949663
1126,-0.206463320111455,0.145665893229254,0.840316545761583,0.69703393901084
1127,-0.231338491167889,0.18798613544948,0.888165815881794,0.78738695994417
1128,-0.229027772768457,0.290073035373963,0.770249321361539,0.878780841983245
1129,-0.222248225271195,0.355679116549739,0.823424664524756,0.890405247180462
1130,-0.217858187640578,0.316815347774396,0.989033127561916,0.866560434304909
1131,-0.213312222257279,0.262483766536291,1.05409599990819,0.854989085960601
1132,-0.233685064705563,0.354164386039047,0.812202053833635,0.879421070271292
1133,-0.230831828401715,0.444465485017509,0.911039188641988,0.934160103146269
1134,-0.219587120044038,0.959249060088282,0.901029514066516,0.964981378392126
1135,-0.232941714335072,0.454659506711168,0.91768598536942,0.909765577775557
1136,-0.236250214985863,0.233261636225385,0.903278619753601,0.827350256582175
1137,-0.228568154244974,0.269787302690387,0.918471328476152,0.860669889102484
1138,-0.213244475938487,0.459323951435782,0.691728796163704,0.867459069951014
1139,-0.252157304176016,0.228046623211216,0.828962741371794,0.801602677943457
1140,-0.216801838809817,0.314481586022324,0.900402337337978,0.878688149127863
1141,-0.215339328118236,0.173923260544457,0.771774427539569,0.819580807132307
1142,-0.230138467152257,0.438158968097104,0.865054495219267,0.896206499957798
1143,-0.228131083512789,0.22837146793473,0.884811609798059,0.83114935105561
1144,-0.205710747909767,0.234511327762032,0.918004803421328,0.820988629549739
1145,-0.235023328017962,0.224338943212262,0.80026404935577,0.770434157076591
1146,-0.210906094373801,0.189032547887938,1.07546317614769,0.81037664632482
1147,-0.219937336680604,0.227349756592318,0.857422301684638,0.77541208814626
1148,-0.227928372732541,0.255561818639932,0.730699524822301,0.862803771870991
1149,-0.228113656676052,0.251936521423341,0.925467238622321,0.862265146469293
1150,-0.237989083099103,0.258376570993937,0.987870591861306,0.867474612559966
1151,-0.231861512880709,0.212103814739807,0.802940788934616,0.777511306237305
1152,-0.216320212808883,0.196595941040228,0.984248596431652,0.825987425887715
1153,-0.220720002946958,1.0723081176478,0.804810321126656,0.963109553087055
1154,-0.195370941417642,1.93946852648654,0.863792331968296,0.986034751927953
1155,-0.229163101868493,1.89872676353052,0.887024324689672,0.979938018008152
1156,-0.233354313216985,1.74032219548384,1.01276696648368,0.978120763586653
1157,-0.214314787140457,0.575942290425711,0.721020504401462,0.935203724761503
1158,-0.211701567695506,0.700111398232359,0.982014036106462,0.943914071228638
1159,-0.213282728928178,0.463115467545083,0.937065304898706,0.901012755358985
1160,-0.221504894371544,0.518420753012022,0.909695006642312,0.933516470507783
1161,-0.240864049696252,0.739396604659061,0.904501600791237,0.932993338405579
1162,-0.216833025059082,0.322388562757506,0.795512956434008,0.879110163576009
1163,-0.235507945363742,0.498531115320038,0.786724828880293,0.915110394222032
1164,-0.220314294869855,1.04184044668019,0.732282338931541,0.94910740204652
1165,-0.211231234729219,0.398886037446509,0.94917288224201,0.910758206931348
1166,-0.228355001013314,0.366003116897602,0.921902031471422,0.863302773466969
1167,-0.206068949417619,0.350799462316589,1.1182737311513,0.897469392396232
1168,-0.212168563933547,0.383121647531271,0.988599895202683,0.875421301626779
1169,-0.241089489257159,0.472696388801241,0.860240062672904,0.931347341078876
1170,-0.209638806319875,1.37329166190097,0.814454394686918,0.9469442244188
1171,-0.222312479833729,0.577973393013152,0.759831703068628,0.940879517068481
1172,-0.207134337299163,0.213306249016173,0.811596854527525,0.842146838050531
1173,-0.211550401073278,0.237477859525913,0.925053698977015,0.843931495724968
1174,-0.230161011144327,0.413373389310766,0.867254024264236,0.89971575623903
1175,-0.224880132105422,0.432674035689277,0.725436023567468,0.910163280030603
1176,-0.218691405654701,0.44385078278063,0.952309548688186,0.871230416566752
1177,-0.23478370650091,0.164154126486257,0.825303519859329,0.806342045343171
1178,-0.218467036626151,0.263376840184252,0.91007616164166,0.816416663676308
1179,-0.240590547074377,0.136281393304163,0.909871255841359,0.766877481285657
1180,-0.191598012833916,0.315416099191482,0.86168237654333,0.787259444041881
1181,-0.228966877299104,0.286933184937444,0.717877237528455,0.845622840485481
1182,-0.208872368366196,0.224279778632355,0.761413832445762,0.814493786878817
1183,-0.21405368498746,0.423968870296802,0.973986546924224,0.881867396554369
1184,-0.22411890641286,0.298498455234125,0.962207393485579,0.853464318962619
1185,-0.222067649350361,0.189264322166691,0.919426753331247,0.778657611725654
1186,-0.214840670013825,0.225142974946225,0.870484813209876,0.823428940190626
1187,-0.236076799935956,0.446851130638475,1.03014537070883,0.904278762448797
1188,-0.213554215473736,0.27578799433483,0.971082445331649,0.859271574177139
1189,-0.217586181502287,0.326374221632271,0.874465812454863,0.881856216903946
1190,-0.236435714119108,0.630447541687334,0.852994609444609,0.90303792457429
1191,-0.224562239478724,0.272985757789273,1.06255072626189,0.85959758250006
1192,-0.211779858506647,0.231727933549542,0.871446972698367,0.80992793483333
1193,-0.217898362416284,0.205433276863585,0.695088450508109,0.73773648581594
1194,-0.205011882335593,0.266635500678132,0.765494969425042,0.829779703032033
1195,-0.212326059707466,0.197320692256914,0.714273962575777,0.829765827013982
1196,-0.20876452400653,0.329112497611454,0.925735770912037,0.880471278356101
1197,-0.213327933092129,0.287132510780614,1.07960941324341,0.887065017424415
1198,-0.217043258196434,0.231291750214354,0.840783658092707,0.839479975853198
1199,-0.194865430023442,0.297766578682856,1.00648744194031,0.863625941908558
1200,-0.216012870336211,0.348956619426716,0.848073042284003,0.875339085824933
1201,-0.209823663964711,0.48377592108253,0.665264807872036,0.893673946803976
1202,-0.230828460509511,0.527886286819731,0.902051506736602,0.923717773154136
1203,-0.227416102039065,0.452335059792487,1.02072390391555,0.895297423842245
1204,-0.225995512474763,0.292034908536686,1.06000826981603,0.897738628543951
1205,-0.25159776840137,0.472089583334563,1.00829277852756,0.884780745348253
1206,-0.23840338316798,0.544229896553797,0.824810026363598,0.931746496264258
1207,-0.222349434340925,0.40529063460221,0.907297549401547,0.912385330769322
1208,-0.21874314133395,0.533889870067172,0.977441518400128,0.917731317685433
1209,-0.227921724515741,0.240344174787456,1.04489648373802,0.854784426491321
1210,-0.221598130258876,0.432406895610939,0.810456267549326,0.892350563046708
1211,-0.216910154491368,0.389979407578339,0.793837824577507,0.8641525356231
1212,-0.22268635524902,0.203413938841956,0.771799587582448,0.800673603812725
1213,-0.202570165696658,0.162652084497072,0.765410362820486,0.685998430142814
1214,-0.227792003733425,0.15415066451012,0.685863538588315,0.634588224476859
1215,-0.227064408413894,0.123063605243486,0.762774419604861,0.686475671096669
1216,-0.22257913720992,0.252711031169846,0.889872199064013,0.774973680650328
1217,-0.226084376642144,0.187321893075996,1.0446882732601,0.802245063713016
1218,-0.22225928995243,0.317500666660607,0.808754709965264,0.882960032062337
1219,-0.235141574933577,0.265824171318349,1.02185509834341,0.776906003035137
1220,-0.216627405279011,0.283808882922303,0.890266925535945,0.836145091142875
1221,-0.208403316458551,0.141531772389426,0.933666785134252,0.670213038610354
1222,-0.242184518948241,0.254135247007489,1.07105336027695,0.831248358785811
1223,-0.232979564590076,0.25854332295723,0.843063965697387,0.819028211314355
1224,-0.212848800907757,0.142311132037825,0.748750004670346,0.777874275435752
1225,-0.232059972650683,0.1316833969187,0.861044425443635,0.714983989315001
1226,-0.211458483398824,0.129145261374495,0.917377622818791,0.683420530681957
1227,-0.222563585672554,0.256402683009822,0.791009803380484,0.854754703312964
1228,-0.240206964560292,0.219917324008472,0.889393565946084,0.793030306673647
1229,-0.21453178614992,0.194610966618958,0.883734459178509,0.688894230208698
1230,-0.216728634361694,0.226285314715064,0.895945605109432,0.813790555522686
1231,-0.209709521241586,0.246599422193257,0.847763086232892,0.83918043013603
1232,-0.216255244655882,0.370540299991091,0.904427099225673,0.873311275188679
1233,-0.221794437439975,0.215890751764225,0.72993285508589,0.750429694186314
1234,-0.204007869673008,0.135821490126588,0.842909465125892,0.784721518490811
1235,-0.234423891306758,0.214248131108652,0.780098868369674,0.759687721417781
1236,-0.217687301996671,0.183224456111002,0.79351852062351,0.734447071681475
1237,-0.222155173204356,0.201376158058848,0.849283410816662,0.820671417989397
1238,-0.21747846132737,0.356446535341167,0.923135817314815,0.8997529393069
1239,-0.22102807037628,0.560650546012731,0.918956808105937,0.930995806778039
1240,-0.21121650582163,0.695360817608339,0.889019125491509,0.949328692322584
1241,-0.192186351421475,1.08958799519519,0.891748079809235,0.969246612261418
1242,-0.21433397365324,0.989003629935454,0.859084523693773,0.960949762205773
1243,-0.212570629296524,0.870905082173199,1.01507599035848,0.940494033029592
1244,-0.213149655897853,0.992781937454078,0.736963290106174,0.932119809257419
1245,-0.221429317678271,0.81137547014942,0.724418169829637,0.932694295603656
1246,-0.22035608184812,0.564563283343407,1.08193201997201,0.929460271514526
1247,-0.222631167600287,0.549216977938151,0.859135574394188,0.931521815862515
1248,-0.21625669440275,0.48093601463805,0.855959438987585,0.916107629122179
1249,-0.219754926135812,0.684313374328425,0.80676048648975,0.956457531877453
1250,-0.212355173599988,1.2413336261538,0.859658359717004,0.961658986041968
1251,-0.210695871242887,0.551436925992762,0.845076628536745,0.916609966954587
1252,-0.210461141929291,0.565990348159068,0.932613622090382,0.918399571852658
1253,-0.217624021328684,0.200074779587772,0.873154506445933,0.758826259966456
1254,-0.225900011521145,0.179429875272522,0.861126285381406,0.82734678389436
1255,-0.224396932652065,0.449619154348526,0.864325764385663,0.918953313183209
1256,-0.220884813694513,0.474838940960015,0.853498118514615,0.897948920703292
1257,-0.229796109043922,0.391890050661886,0.863230824719636,0.902260164170105
1258,-0.229560839966279,0.818408679559716,0.937961379659046,0.952443287408312
1259,-0.201884022133687,0.671639096836976,0.72531493809123,0.936598766304235
1260,-0.209228602526998,0.716939551066278,0.861864770338531,0.943624170889821
1261,-0.203371924077293,0.471254786328037,0.893642678498348,0.928326695589979
1262,-0.226165967864685,0.418206389807249,0.828380411603527,0.923972287911936
1263,-0.221908711840346,0.323039765171528,0.894924296066796,0.902025071191255
1264,-0.230124133653346,0.445011416021727,0.941953040472977,0.910620720254897
1265,-0.227028605930921,0.393700904486682,0.845945337064984,0.874223324848456
1266,-0.219657654960444,0.361134123367539,0.779948857393018,0.863367711539281
1267,-0.227530590528913,0.241007187243237,0.898021945588353,0.807427223040446
1268,-0.224290764656931,0.270843791336958,0.852761605817752,0.838612046418
1269,-0.199413715345343,0.36586973667384,0.852509610195545,0.876037668036357
1270,-0.199636036511933,1.01947400628463,0.768688464646523,0.949373128705483
1271,-0.224234150346197,0.656431706923045,0.973982558594119,0.928219284732949
1272,-0.227060714449752,0.419564916716017,1.06469577054404,0.894966875390918
1273,-0.201509307866794,0.459255866340715,0.855232680273309,0.90254806233481
1274,-0.228476240073991,0.578148848459038,0.813924569765341,0.912888283261871
1275,-0.2319183741427,0.361081403656386,0.804429695405884,0.870448052314619
1276,-0.223586555806849,0.268520875331979,0.886304421083416,0.82200391741129
1277,-0.223182204043853,0.159247827654731,0.916459719747787,0.770750604835452
1278,-0.230829005818946,0.275391219575202,0.910137278376449,0.831351689410216
1279,-0.241422180347895,0.387346103526084,0.862500508879398,0.896947058174827
1280,-0.206317031199135,0.283436816644469,0.824331010554643,0.82505960189506
1281,-0.214111529937903,0.192045878946283,0.774703998416069,0.756744692017662
1282,-0.222800920121699,0.159335189166696,1.0399124867695,0.751162233563126
1283,-0.211995232645104,0.152500411120255,1.0424346729005,0.759673221701439
1284,-0.22511105961357,0.190362498534558,0.837351929845515,0.75865533545608
1285,-0.224361036730944,0.192259027217476,0.739740075103755,0.741215069003161
1286,-0.212467843320589,0.274792191874259,1.08428446023413,0.828699073544144
1287,-0.230085337551773,0.216250476228155,0.833017729841422,0.797687512397689
1288,-0.225859403306164,0.285363403993341,0.744387186041361,0.819386923780099
1289,-0.214530824507793,0.192874831078954,0.922357877583122,0.835545644598882
1290,-0.209242781305275,0.56503103918704,0.886335465869082,0.910025036372478
1291,-0.197654175784914,0.54164847295572,0.888850620258671,0.927617702280995
1292,-0.231637457400339,0.352512135950836,0.918248603800274,0.881849777479959
1293,-0.216169944601577,0.202950512951385,1.06073053404337,0.799458772678346
1294,-0.216841834795588,0.225542053728098,1.08590240460578,0.831249964860191
1295,-0.212084435203126,0.295820805775645,0.946605939918449,0.830304535376058
1296,-0.229786169256334,0.266069666457735,0.893016084247201,0.871595054141394
1297,-0.214487620854184,0.491429830833013,0.916535976569093,0.922393851301079
1298,-0.213274826677237,0.670349927488614,0.755273980780516,0.934727018312869
1299,-0.232273631261175,0.576321583407833,0.833941384113906,0.931400937801864
1300,-0.223251183769803,0.322979129166855,0.876761025355127,0.827782997356369
1301,-0.231953673551258,0.229369156860043,0.763596845515285,0.791318722380926
1302,-0.228119476485804,0.229054557378209,0.698794545262513,0.78011991875388
1303,-0.223014098737106,0.200962330239204,0.826988781886385,0.808835413451485
1304,-0.220986259485698,0.284719567501906,0.761254126167962,0.871550049497591
1305,-0.218882651342433,0.371560056165832,0.869479754116433,0.87103398410369
1306,-0.217823377296456,0.238153968744497,0.896822218598344,0.85004933327895
1307,-0.213575090170205,0.182674416267469,0.815032407580909,0.854152049612779
1308,-0.226438988706234,0.155140086833602,0.845068240780797,0.718038562074774
1309,-0.221522333668845,0.192756903802932,0.835806822707623,0.764708055197576
1310,-0.202454766782043,0.118757041837705,0.859144631330755,0.60286684534766
1311,-0.204098378097411,0.134803237100782,0.918927128369623,0.731665422698172
1312,-0.194429515504473,0.213710308379353,0.793124318002408,0.737157882154221
1313,-0.219573258931826,0.138539627094813,0.512920600279486,0.53489606353309
1314,-0.233493997031296,0.0919580834925068,0.905079758269935,0.611686563259282
1315,-0.200641040225101,0.135224361225846,0.945191747034881,0.659521481722844
1316,-0.229244812375408,0.189469725005532,1.01219033515966,0.775362964939306
1317,-0.222910473899974,0.342543215780777,0.842035015905339,0.884506510567991
1318,-0.233646319896231,0.38451733723508,0.842310947536686,0.891579788594902
1319,-0.231087821309727,0.444769618088961,1.0297608552713,0.918776063456696
1320,-0.220294967541345,0.366838934581038,0.868672232211604,0.872731845347575
1321,-0.229921698787616,0.20193966333264,0.873106893729076,0.811742873018685
1322,-0.217283813111236,0.157926396845868,0.84403714923608,0.727404276501493
1323,-0.225511153282367,0.204073366198398,0.873275918449045,0.820911507489272
1324,-0.226888179946298,0.130587710238296,0.877973584117666,0.697188134384257
1325,-0.226020178366053,0.452676755876523,0.85167062080679,0.879530383989669
1326,-0.219979871881343,0.260407131933963,0.735816890886437,0.866935402208644
1327,-0.226070034157058,0.408356266272209,0.902000409919069,0.908564996732388
1328,-0.223954049081438,0.333081828529107,0.980383069185203,0.897736728039396
1329,-0.231830393539638,1.16238871921118,0.851156955098079,0.959816189253218
1330,-0.20345594422187,0.660788821373133,0.987640736145869,0.955948378514289
1331,-0.215220406485768,0.615979626519988,0.676053748749693,0.921297503512675
1332,-0.233705120993705,0.374296109701549,0.885383345513311,0.875960577045209
1333,-0.218943662424585,0.437187950947688,0.717052749012702,0.924941730414079
1334,-0.218039517410014,0.822300846787435,0.751529951493373,0.94263579116413
1335,-0.23461556665683,2.04524708755559,0.929101990784227,0.979699496079938
1336,-0.22218317683917,1.34837008199516,0.914199453856657,0.972907986815481
1337,-0.225735787818171,0.98361729971424,0.881896012135809,0.963564092253023
1338,-0.216899644272758,1.36392275102282,0.92578309560422,0.973836039274834
1339,-0.209924774380858,0.95205473473529,0.883173208882188,0.954715346642183
1340,-0.228931884828662,0.947317532149706,0.861791117483675,0.95790048470885
1341,-0.209286275588109,0.529453351911572,0.889104630455261,0.937349505511925
1342,-0.214227096667765,0.711234233788381,0.884240430265207,0.932474899447573
1343,-0.212406589098145,0.529092220491577,0.850611965477711,0.910834834698823
1344,-0.213239613524479,0.582230990527122,0.887177969147249,0.938775913588407
1345,-0.221196400835969,0.635759594062483,0.816705588632786,0.928920566558636
1346,-0.239961700024251,0.382816890753449,0.900789385023709,0.893110083574041
1347,-0.189952439283192,0.321526680994324,0.891992710157062,0.857119382710968
1348,-0.209887811440905,0.30175979028103,0.853204432850263,0.810681742818185
1349,-0.226516883209912,0.186244769231194,0.911856206162226,0.839662086515673
1350,-0.212487117048169,0.251463401451326,0.975446712309869,0.7857800835622
1351,-0.220969527171306,0.197818315643013,0.763943133446608,0.750368890602653
1352,-0.22879181650723,0.362875993793417,0.773843668298013,0.826264853748414
1353,-0.234794279970277,0.120862489086871,0.873043267000747,0.670241976264802
1354,-0.208956809877274,0.195968065362133,0.897245751039258,0.832431504320026
1355,-0.217505067578531,0.158690827790013,0.797295402641232,0.771281424779077
1356,-0.210458717092401,0.198109825042208,0.894068963381957,0.813417803004312
1357,-0.217235521052461,0.689704937536444,0.91115598342233,0.942167805278252
1358,-0.214123442014654,0.384442252210026,0.917921642836931,0.930145962330891
1359,-0.205365218760091,0.265554006712704,0.961315727237265,0.862014084863592
1360,-0.222557278822343,0.25148825677844,0.923614496677093,0.865023702166764
1361,-0.235773263070389,0.30249398991111,1.11242485661335,0.857299758980777
1362,-0.232099781962891,0.442623024658281,0.908336185268581,0.916764154776933
1363,-0.226658087434866,0.450684511816822,0.75928165824662,0.919294883913776
1364,-0.219629800726643,0.369847250033864,0.843411447306395,0.907008699004422
1365,-0.205109118349038,0.295228071343484,1.04845115035222,0.871719534179587
1366,-0.217113364429808,0.296756657781411,0.923370604475711,0.862670481275962
1367,-0.226526400952568,0.181690492616091,0.919864679583332,0.762236052751572
1368,-0.206162153060784,0.169764511790879,0.890057030298416,0.80611010940653
1369,-0.2202537538647,0.210852357832724,1.0544572088165,0.842474622890773
1370,-0.240935061308144,0.323565224549042,0.846969054627288,0.852048473768826
1371,-0.210447387928408,0.496136895736665,0.798865165354953,0.929894099427743
1372,-0.219313536664193,0.835202600017282,0.87530370642913,0.960537000944945
1373,-0.217659986871909,0.453440661057082,1.03788140135915,0.89513792746551
1374,-0.223863821103397,0.249373448066761,0.837922630644616,0.791416079460933
1375,-0.221636966421044,0.151948170947689,0.778763658529626,0.686168909819163
1376,-0.233693007932996,0.293947226353222,0.807261760523667,0.804942865742428
1377,-0.231555220943347,0.254149957753878,0.889819144538196,0.822740212419058
1378,-0.21601236699069,0.197167931407415,1.04017098628596,0.754709771225442
1379,-0.220614299491283,0.177598658811058,0.851479393977019,0.82864745624724
1380,-0.220755743641079,0.305089031007657,0.842431652125625,0.867669370142758
1381,-0.20458399519646,0.194179004128098,0.758818405421052,0.836443631347047
1382,-0.220968834929194,0.306759485061459,0.883933530941215,0.871402858595699
1383,-0.215231016529437,0.324255845391804,0.893941462492202,0.877196301169873
1384,-0.21646846399582,0.268373658606629,0.849398933361085,0.88588382780831
1385,-0.213786886320887,0.196217529020386,0.861665756653331,0.747709104029681
1386,-0.221555547166703,0.175260249872795,1.00032711063807,0.770162203917582
1387,-0.231216609060264,0.219928870081654,0.937934445116861,0.826187642892496
1388,-0.216905041859122,0.453997095965522,0.977841143500732,0.917340082528007
1389,-0.222525457514028,0.489184474446407,0.870099951118604,0.919721864251375
1390,-0.196439993321793,0.439821491859239,0.872615344227293,0.893250253834246
1391,-0.199565691756529,0.124198171725745,1.0052193942931,0.691175152908589
1392,-0.236668313834991,0.132989224155822,0.854590732216555,0.650980497529306
1393,-0.231076164128742,0.165744795482922,0.892524042044775,0.746198603160428
1394,-0.208318441792133,0.179797292185995,0.896402042345712,0.832324339240928
1395,-0.222976293630593,0.130757599597882,0.868352179327873,0.710851318147224
1396,-0.234946996552405,0.161268616455823,0.905104966917435,0.712676714427756
1397,-0.207742665136594,0.128529617487303,1.02830380077678,0.658333411026891
1398,-0.226439275168261,0.136867290272119,0.967795166830949,0.681293320631927
1399,-0.229273546349959,0.120909191758284,0.797177010842318,0.623686178776509
1400,-0.222642406774749,0.129167362654684,0.742934448793347,0.611223944871431
1401,-0.228320047084274,0.145720384524003,0.822686885428059,0.646190582828918
1402,-0.223054684129793,0.117548190725458,0.874121225520276,0.638814458061546
1403,-0.228780201716955,0.237983114888509,1.03267056160088,0.833983462424458
1404,-0.214749578310383,0.284663358112864,1.04324640993585,0.88281437884627
1405,-0.211361738320622,0.252298501375332,0.8533323109198,0.841800344273214
1406,-0.232967062230887,0.247292474983992,0.909430928742373,0.832425661988098
1407,-0.213397346290807,0.288848302805662,0.945290513566473,0.851176909839578
1408,-0.21411642558461,0.184200691313143,0.883435879610737,0.740947839370088
1409,-0.210453261474885,0.241501032464328,0.887114812257818,0.813497184355934
1410,-0.216766572271188,0.33351300942717,0.973963602959034,0.881300816112739
1411,-0.204396330080062,0.418467701493643,0.726637470552617,0.906184659807396
1412,-0.213915311748216,0.296558169675779,0.827303706836401,0.852988113487092
1413,-0.217784087110135,0.205275370186875,0.853341465661845,0.789765042285907
1414,-0.226317639940808,0.222224702824982,0.759449257390108,0.718686501843462
1415,-0.215327751656941,0.229684502707079,0.696089556985136,0.788555324000149
1416,-0.22528027030869,0.253844678996376,0.805743474618446,0.821245328366643
1417,-0.221519521253421,0.185344232070837,0.760081537840035,0.766136538095478
1418,-0.223528828288643,0.130969569423155,0.841861570778514,0.741296642900833
1419,-0.218139074013708,0.171667431937742,0.905957355683817,0.735065498017854
1420,-0.2033522211776,0.284357579466461,0.789607838027035,0.827424696450977
1421,-0.24039782737136,0.296734778501188,0.845231905278261,0.879507671248413
1422,-0.225842387876889,0.328038022531642,0.965264424365152,0.833315442295007
1423,-0.208860351386089,0.227454631216189,0.865883522647922,0.822970208012446
1424,-0.201659012000116,0.168737608620706,0.81118066202018,0.773644615245982
1425,-0.244164719682856,0.296030564847605,1.07964176041333,0.841050522564683
1426,-0.229483313637694,0.263990424601686,0.849042739559696,0.780822996290786
1427,-0.219478914946595,0.190138173158862,1.03276709904557,0.734604805150204
1428,-0.23185948613466,0.197949457899495,0.919359872506976,0.794780388053951
1429,-0.197658137105223,0.181168165255418,0.721711859574113,0.773835858217074
1430,-0.212775257319015,0.178164853462873,0.984204079454334,0.75383952888131
1431,-0.214096433160572,0.119084514538601,0.895925713473806,0.706995786575646
1432,-0.206882151345777,0.194269298906714,0.853258003045701,0.756679628352094
1433,-0.203393197746408,0.301444850272619,0.916927653102699,0.9032362335584
1434,-0.208411371183367,0.639406598180446,0.881556563725868,0.917630026283091
1435,-0.213895530023745,0.389632719996108,0.863166099118243,0.888241805287255
1436,-0.211552815525967,0.356114920592909,0.875257466640899,0.883308936530179
1437,-0.22730923259708,0.371234681807057,0.90980614084815,0.876689473605277
1438,-0.218124796063699,0.109320668062398,0.870687910318588,0.713794489588099
1439,-0.2274697598019,0.156585831106257,0.859485087323785,0.676504151998764
1440,-0.216028292804178,0.196377454511304,0.777224404673649,0.81616473887497
1441,-0.231472708415127,0.293854764960594,0.883744948467803,0.865757380375601
1442,-0.236931109214242,0.486871520094751,1.03613592527683,0.902032976505775
1443,-0.241005483127266,0.326984512734017,0.896481134370521,0.892534321844593
1444,-0.22529232008642,0.350627549289018,1.0320868006834,0.862575213214719
1445,-0.223503807191961,0.196605762899635,0.981531161358123,0.791721015917056
1446,-0.218374201682472,0.223333598547247,0.875828312242662,0.797922496154579
1447,-0.22077857708616,0.30914054458779,0.773185280996107,0.836359962172162
1448,-0.232768362920659,0.329155935870132,0.765754876520921,0.870326721562752
1449,-0.227969754250834,0.219288099437226,0.809226716538976,0.819813587348955
1450,-0.229765847200098,0.2952875755384,0.909388093574451,0.896078910436912
1451,-0.198195390331737,0.53615651767665,0.848390848273695,0.939362846986369
1452,-0.222499800002371,0.562889798733525,0.894225032752952,0.918803278880931
1453,-0.206872784902021,0.294231803081488,0.89768635659775,0.891742691732103
1454,-0.217303269538182,0.379062971761726,1.00896924635932,0.906710756561322
1455,-0.227023385325548,0.565078781881095,0.795902471955934,0.885711905139299
1456,-0.225492018925913,0.226428537070284,0.925518741852576,0.81789643643885
1457,-0.235649317926217,0.270840426196307,0.869997337466693,0.779947738662347
1458,-0.220066551160459,0.241369065244699,0.747552959123198,0.851492567576791
1459,-0.219898644021944,0.200094047723937,0.766111947726684,0.736841029297203
1460,-0.220839189111483,0.245683937498111,0.843648222344996,0.769198962776379
1461,-0.201453349773262,0.154642633137003,0.83840451249662,0.771157467169807
1462,-0.209033932782544,0.13677247932631,0.769645345781237,0.636501576709581
1463,-0.222456820543369,0.230029137293718,0.674857437080467,0.777860880176461
1464,-0.242765798391668,0.348029566109485,0.792401116947315,0.833570156979144
1465,-0.234698564389899,0.276630346170397,0.915280759830267,0.857452770873518
1466,-0.216989844718573,0.366876769283002,1.03122445028948,0.90230871803631
1467,-0.22876150543666,0.260558477098657,0.911047322384145,0.822365951748507
1468,-0.216221679238404,0.288648417066576,0.824513108792183,0.851601346709818
1469,-0.215738285551716,0.299063302397599,0.879564770330255,0.890187486776021
1470,-0.222372449485066,0.478939038044424,0.772209016375312,0.908093003260482
1471,-0.228205092156083,0.365799859809942,0.728379892261525,0.881629484765602
1472,-0.223171632547367,0.475658494316288,0.818209890375194,0.921323456544933
1473,-0.205386115819083,0.382847613372849,0.826697241242146,0.908532171504314
1474,-0.219141810307826,0.950413381703748,1.06445870286003,0.968025937349754
1475,-0.210321990320571,0.465231100956216,0.738621129515478,0.928168617435112
1476,-0.20635346493874,0.589139652319386,0.714347433695683,0.923605454147113
1477,-0.215076507805177,0.310301187875078,1.14139869234026,0.885632614758192
1478,-0.21878293793814,0.494577897354098,0.837297450624848,0.922790587240451
1479,-0.224400382111873,0.353724914609595,0.864676257294162,0.9005147458881
1480,-0.209575081426137,0.167499742590215,0.914735702349193,0.785562393194991
1481,-0.228369282220571,0.132665668146376,0.847795837297376,0.613932847255735
1482,-0.210899484632851,0.200413659349755,0.698417248156817,0.791974114644949
1483,-0.200330019410375,0.292002842474189,0.69275211077778,0.837660979531661
1484,-0.231667727795646,0.369537278252672,0.904181521142216,0.862673312055621
1485,-0.222231605610595,0.156546365703366,0.895403840221002,0.778632467713523
1486,-0.210086697133034,0.236703840395285,0.905286151774627,0.876074310303811
1487,-0.219608425457057,0.592531326264269,0.878314292499609,0.938564464809443
1488,-0.221026471634464,0.402346113772278,0.923721561461525,0.910395489218218
1489,-0.233921261913976,0.286058965491018,0.868757447322097,0.90523086737455
1490,-0.225221106874219,0.464401606320326,0.861455201942361,0.942716834323801
1491,-0.23140618341037,0.595740113541511,0.925368206676855,0.917753778226733
1492,-0.229267193579385,0.362310579042373,0.915035028952935,0.916598520217421
1493,-0.214863994489154,0.733115388162532,0.844846808161971,0.938502215598899
1494,-0.194205927909631,0.196638694769744,0.794430069794786,0.694994333581452
1495,-0.217765302250096,0.318687729671667,0.852075242767866,0.814951150486285
1496,-0.222675738067081,0.331313314181749,0.783037281964335,0.841541905084861
1497,-0.210324262232325,0.256251164259854,0.847053121338423,0.812317772869013
1498,-0.231862519835628,0.357267980081221,0.727903860155222,0.901498575201513
1499,-0.204277827888295,0.33770514363983,0.894453344881141,0.880138698339831
1500,-0.222382804755374,0.550906976292879,0.913113891045481,0.92539187998533
1501,-0.195316907089793,0.406107585078756,0.851794466233479,0.923292974396182
1502,-0.227396556689593,0.44622285718053,1.1164206626734,0.898607373471346
1503,-0.22864087399388,0.431511004408802,1.12329393020913,0.906307792822902
1504,-0.228622728202393,0.448698409450799,0.854965923071543,0.901808714388314
1505,-0.240125005296075,0.458463100763081,0.908277871770357,0.928113734124133
1506,-0.208676221015683,0.646608770796965,0.914084155863147,0.918312544228086
1507,-0.218457609334341,0.312648941238033,0.889402523840389,0.849574607612635
1508,-0.227450583629512,0.402759098484118,0.829120627197656,0.907224805180723
1509,-0.200744715153735,0.243051952950455,0.668194587217672,0.832332611318816
1510,-0.227105276347608,0.268379464267753,0.70193271425425,0.804232788638268
1511,-0.210976200022634,0.244954072749157,0.696694464746866,0.853508614648515
1512,-0.242242447880982,0.195205266591856,0.856973712122159,0.822444429708679
1513,-0.215079571301095,0.327812171018224,0.684348102138657,0.853050630311521
1514,-0.211824416659083,0.478166054293261,0.747269822000793,0.918267429684111
1515,-0.229348005318375,0.433818502787284,0.734626300336925,0.92653012763224
1516,-0.202716278121396,0.382378775399172,0.939285837376177,0.909088816334448
1517,-0.221537326565771,1.94881448313848,0.84755837286872,0.975559356381786
1518,-0.215583903608131,1.39759396349458,0.743706776288083,0.974043751672818
1519,-0.231547881130303,2.24806336328509,0.95192591528214,0.977071410840151
1520,-0.225471546688512,1.75600564872237,0.906824762844051,0.977159962042156
1521,-0.20922830871898,1.09485902227677,0.797420666097868,0.956759321114976
1522,-0.202379311902228,0.26779342796882,0.842199048487988,0.853875710452007
1523,-0.236882766308755,0.246503496279691,0.958870478489124,0.846053210233373
1524,-0.212489861293654,0.335685738554266,0.89105090098684,0.876466388453861
1525,-0.229518186050002,0.245961005244182,0.764690260208758,0.783334563666638
1526,-0.209874619613949,0.396508438117464,0.848460032399545,0.87333367119444
1527,-0.216902706357033,0.164634697591389,0.878848171422128,0.766462335633786
1528,-0.213500183152685,0.25785075806246,1.03417023492547,0.797467178079145
1529,-0.222089679637132,0.198904403654702,0.931618513920621,0.785395742514838
1530,-0.218803565632938,0.205904559354467,0.727291164296083,0.677219385859095
1531,-0.209486583549701,0.275823252303114,1.05602771039328,0.831091687824416
1532,-0.223530350862194,0.266255769418712,0.895358144012785,0.806784503941986
1533,-0.222482593840625,0.452558028279372,0.856808321113062,0.889765983829393
1534,-0.237957028347652,0.347947352837598,0.748974954379651,0.879818233507492
1535,-0.213465047715645,0.186911595069992,0.945461210410406,0.840240332795219
1536,-0.216910904161118,0.176055052961255,1.04029110814117,0.720825843314688
1537,-0.223929970217314,0.185139796250426,0.870661960895068,0.76819680860534
1538,-0.203204697590684,0.116592019075269,0.669037034155653,0.671200993983769
1539,-0.21593523029791,0.187430914113575,0.922220393693032,0.818802840910788
1540,-0.223417431826418,0.298631269641849,0.715804997314123,0.797511761728753
1541,-0.212975249046471,0.326530619389073,0.891862849233349,0.903525652522216
1542,-0.219098827202706,0.231907874505582,0.821567484286246,0.807465228561362
1543,-0.23339708365796,0.252773087153552,0.905763364839609,0.866545920999878
1544,-0.211134893926128,0.213502866060799,0.901285266856453,0.82025601767753
1545,-0.217622240984304,0.277575761601808,0.971111985744836,0.846553310892895
1546,-0.208575247448431,0.336799086427587,0.854651000145084,0.878722014497243
1547,-0.216141958546726,0.230305229422782,0.71799150421684,0.833069704114789
1548,-0.245593417530508,0.54062434912481,0.911794775437546,0.936561404618028
1549,-0.203244843829355,0.906356253931794,0.795628774185802,0.956554420261419
1550,-0.233168479083365,0.77343435827517,0.768968171333716,0.940025380236063
1551,-0.213440598545493,0.879023603310337,0.920694473188275,0.941606563183498
1552,-0.228856964071053,0.423815047330671,0.884953901382423,0.893833271687306
1553,-0.225568082023442,0.633021272754033,0.897621646133245,0.936073945262481
1554,-0.217394126316269,0.5865455281541,0.921281323998544,0.945848465280203
1555,-0.231307403289413,0.742055433982722,0.710255249458227,0.923309093033266
1556,-0.229538482494486,0.514132431198573,0.844041937722528,0.915598655172491
1557,-0.238064898780066,0.702468111184144,0.820378798626428,0.926103096212816
1558,-0.216446601138976,0.329092095053432,0.983451680399504,0.884368878135029
1559,-0.218590437973151,0.191162620156569,0.869527746157776,0.79920364390879
1560,-0.233362522709096,0.287116951129417,0.914088096208201,0.802848093552761
1561,-0.224927557677157,0.169796426623879,0.77188662838429,0.730149301782907
1562,-0.219837949724417,0.164131247626809,0.82870040643793,0.759768584343827
1563,-0.231481598053532,0.212694284740285,0.73514889987446,0.796431263513031
1564,-0.224195518786071,0.350160316195862,0.853471762366045,0.872901095997147
1565,-0.241672276998312,0.330786036187028,0.92150663502409,0.892345896188996
1566,-0.23080171464405,0.194676226270458,0.847056179380845,0.790483812814046
1567,-0.210176869519222,0.213635838052987,0.676977306059565,0.774035384182822
1568,-0.232232820286414,0.184735749784614,0.783709176169416,0.721247565888012
1569,-0.236744461230302,0.220182603379037,0.882380199184752,0.776979150473603
1570,-0.221422147619036,0.213623994899234,0.966226170129358,0.853183920350378
1571,-0.226190261635692,0.346418901013214,0.984441705744106,0.854772243492909
1572,-0.228657531873451,0.259591085577408,0.77983757087891,0.873287616331042
1573,-0.222395749634711,0.369015933710037,0.807845636211037,0.893888399252094
1574,-0.225790846211071,0.440186807169137,0.875916132163915,0.901433236646907
1575,-0.213700634815001,0.232489942678167,0.773971797543611,0.67811594823321
1576,-0.219109153803566,0.111043528119159,0.75571052407262,0.507672110141842
1577,-0.218415893013358,0.107552761431569,0.782227424905752,0.561086366572188
1578,-0.240322658325457,0.176606393231413,0.923712335780049,0.705582830345309
1579,-0.209760048593052,0.32088152631014,0.913609842431359,0.872354207276332
1580,-0.220816193403592,0.289971618942652,0.89871585642189,0.840265925370153
1581,-0.223763997161823,0.293748218842239,0.703172857799297,0.843241203373483
1582,-0.230119300384215,0.216254273692976,0.891542255425847,0.836524607682044
1583,-0.225711216430827,0.313404402523064,0.878948380606718,0.866899063629975
1584,-0.231955021443564,0.218531470112185,0.860771429058632,0.812589560604897
1585,-0.223272968734301,0.182510715611134,0.949696740717808,0.706315922138582
1586,-0.228804148875745,0.140764485879143,0.725482948800541,0.771862857156798
1587,-0.225051727400637,0.266225847838626,0.752316730017456,0.784439276815058
1588,-0.227348949031144,0.272700912167772,0.870648709288787,0.874414602581186
1589,-0.217070173765151,0.245668737294115,0.933736270222746,0.790406007267107
1590,-0.229198221223384,0.180033681313219,0.807198996010313,0.761654675234918
1591,-0.212872907608328,0.226210049801238,0.811778078618531,0.798229271401641
1592,-0.209553220664246,0.242880320656159,0.877208902192356,0.833193640377459
1593,-0.23619161378275,0.168463546031169,0.840166369880145,0.766148099944959
1594,-0.209819560458373,0.237546131960219,0.836874168408086,0.832857980854934
1595,-0.219607774680828,0.354195838913304,0.860734076743425,0.881016747616724
1596,-0.226256659356432,0.19650152849375,0.907160641302883,0.785060204845308
1597,-0.21798805262014,0.268816787172306,1.03269872816657,0.861236692823776
1598,-0.217499704757437,0.281283048162474,1.01795985940941,0.853502187188017
1599,-0.211319232976971,0.316155786952604,1.08027292774233,0.888933781272245
1600,-0.230096816159652,0.279199655148697,1.04248298905717,0.874591196799273
1601,-0.200931010819759,0.384024645731646,0.921900172697749,0.873628808599224
1602,-0.186465238286064,0.193972601444992,0.894191757292539,0.727460226112001
1603,-0.210193756535857,0.210057878970377,0.794676208241372,0.797364692141776
1604,-0.221997800572448,0.179811872206595,0.791509672137075,0.757145643971348
1605,-0.209948537921782,0.213949572636783,0.989591741802747,0.792741014847213
1606,-0.217418059456986,0.184081797244186,0.858528397953014,0.76262319213182
1607,-0.223196966842387,0.12779606275107,1.0529952365326,0.70433159640849
1608,-0.22256569380757,0.156301069346471,0.761845654581785,0.661247121664445
1609,-0.221191499746196,0.16722338347241,0.847834744860824,0.762285836862449
1610,-0.22866391734436,0.204141224133805,0.782514327302722,0.772130629265063
1611,-0.204362179760288,0.159251821721658,0.840531469476966,0.689698731124358
1612,-0.220567946535788,0.139158469750982,0.896891254053679,0.694306602500059
1613,-0.21694605198879,0.166589252904666,0.985152147687246,0.815621614961545
1614,-0.225462825640773,0.162142865923307,0.873439367899383,0.753453148433734
1615,-0.223514855569339,0.141445064095509,0.832161670925866,0.69686660772377
1616,-0.197410429809904,0.156677436738806,0.734471519667096,0.730217419167391
1617,-0.207843837484012,0.207610370621093,0.751254612301317,0.771815662365899
1618,-0.227272836278917,0.158896695521197,0.827631383682429,0.73769867736633
1619,-0.215786579755007,0.255456404602718,0.822266138870602,0.805389509006729
1620,-0.227569007964062,0.228163215654532,1.00105033376199,0.769388232782195
1621,-0.219989901261503,0.16005190062596,0.793736956007302,0.677537944851143
1622,-0.227413894420617,0.38401969914073,0.774195922038364,0.8932468342517
1623,-0.221240660305184,0.986524840305499,0.89654681033283,0.962118265227378
1624,-0.210964513284065,0.786118288356974,0.899082528522378,0.941635069798424
1625,-0.220098049569264,0.446613720293558,0.709983144078425,0.88481167391726
1626,-0.210620096081723,0.358223707381281,0.808114140491154,0.885350015216771
1627,-0.218972072017192,0.388592080421291,0.855665779813953,0.926304328411333
1628,-0.226842451044531,0.500219857695607,1.03413393080009,0.89699821236541
1629,-0.226142231952574,0.344290706539495,0.88490614956394,0.905800021171209
1630,-0.20969713297393,0.38620577876094,1.06557127969897,0.850415760987592
1631,-0.204743091358918,0.206537950511517,0.869272388438231,0.794124509110568
1632,-0.221770389518608,0.444873078300171,0.748448469185138,0.89339672371718
1633,-0.225479667877371,0.480160669231109,0.884292317023482,0.89874730875735
1634,-0.235155101170739,0.360577561185512,0.862516261487017,0.877298954912604
1635,-0.229483517440289,0.276880874737877,0.848902813060063,0.845789094399254
1636,-0.200032054908488,0.309709325131795,0.884302615383054,0.870283397088317
1637,-0.234271033127436,0.350179755812182,0.976744044807422,0.871632011895915
1638,-0.229924647169761,0.314616092779076,0.71333507097264,0.843504635312432
1639,-0.2292833671936,0.188872628089343,0.884977274465543,0.747831296097436
1640,-0.225018447016588,0.222986508703437,0.774195413642895,0.799539594482718
1641,-0.216632754138195,0.147988841985497,0.803431767811591,0.72778730581407
1642,-0.223269130401578,0.416215966369247,0.743637539170702,0.883239281295619
1643,-0.234390659866259,0.419266068138151,0.860135972969668,0.908912787559696
1644,-0.215927634535563,0.51568974149623,0.815377847364306,0.903030634517175
1645,-0.213742969847496,0.581696381020466,0.808650803724894,0.910315567155711
1646,-0.221804344023788,0.551398907204932,1.0389034684085,0.924993287344716
1647,-0.214410685351399,0.184163659451648,0.921512481704341,0.782570306003942
1648,-0.241328532199906,0.284466695753064,0.757847315098638,0.85261917757011
1649,-0.211271661353355,0.219327652531531,0.708028449137474,0.836652122121112
1650,-0.21560634655299,0.279888586396853,0.919380845350677,0.866822965912498
1651,-0.230829272880849,0.401011544982659,0.974921581052868,0.916198148085356
1652,-0.222850358987802,0.593182488459376,0.852437353755644,0.931745539848189
1653,-0.233360211064234,0.649689919999804,0.87674814450781,0.934388292459204
1654,-0.200838721368277,0.817385281070165,0.946309878192806,0.927889294212204
1655,-0.228052856893352,0.981296528791094,0.831709425723037,0.955841783919689
1656,-0.230475445604244,1.12447631314911,0.931585119927326,0.975323730411951
1657,-0.221329185821809,0.835371762439966,1.12390217944203,0.948606833519282
1658,-0.234879109587453,1.34093169849558,0.930124998022909,0.974949635552476
1659,-0.230944701486297,2.21048626479174,1.04083705903154,0.982062275334754
1660,-0.224605315712417,2.29257640863319,0.855862342470314,0.982498556174804
1661,-0.222435016378286,1.16422964885061,0.842416264571372,0.966801711086403
1662,-0.237198797535835,1.52899453834757,0.898810201525195,0.973603317163298
1663,-0.217703597474239,2.20021638586317,0.894654001819822,0.984737957206565
1664,-0.214005696600329,2.12220672272698,0.810010137410705,0.976446701201234
1665,-0.18763264285771,0.993820510432244,0.839689923839202,0.965221434072112
1666,-0.233489975433088,2.27729695157539,0.91483777395829,0.980952705059271
1667,-0.224773467635444,3.41864483723357,0.830126016408116,0.98577050928326
1668,-0.221574678876647,0.528167391152649,0.871064718055907,0.914234101111115
1669,-0.213799040162102,0.840858381938087,0.905868792581926,0.957789822750927
1670,-0.226915551073614,0.729417919630324,0.876554383414175,0.941688704809069
1671,-0.23680907676819,0.98144281659167,0.921177791282123,0.949495647563835
1672,-0.233864109979469,0.926054911818656,0.898251799494671,0.954269621243246
1673,-0.224954112407493,0.688482731910296,1.11242996129688,0.954639647532942
1674,-0.220286541916459,0.188801222324135,0.714133465761959,0.771789795577497
1675,-0.212519917382954,0.123035693740171,0.829692724278864,0.599097962462132
1676,-0.208278848534149,0.118300892138059,0.838796147005462,0.703610510546629
1677,-0.210504329875972,0.259719504498121,0.734698765203511,0.766879225362966
1678,-0.229032221267577,0.243469693444463,0.966803832548196,0.743912946183345
1679,-0.221141679579775,0.193337651856205,0.90352882993949,0.803320478431773
1680,-0.212114415174148,0.288310063014284,0.745387278781626,0.803641858139228
1681,-0.212078670543504,0.235301030996837,1.00900786007466,0.82394088773466
1682,-0.226318360106059,0.162882879351957,0.890273765754554,0.70130595002737
1683,-0.220041372685665,0.124239271364885,0.82199144596469,0.728317495098671
1684,-0.212553152046065,0.250651114676493,0.888998074348061,0.825801609474376
1685,-0.223085440522901,0.238020953983278,0.871738140581966,0.818903692049046
1686,-0.232587368448998,0.249910874587825,0.806437683908374,0.793235549464351
1687,-0.221987439019885,0.231820133348475,0.876858424284305,0.820086652106383
1688,-0.217738345501855,0.178842011728589,1.0673644925993,0.758710193140244
1689,-0.213297056354359,0.271053065786845,0.974393867875841,0.801686499408317
1690,-0.2024768633294,0.176592330525482,1.07977168398509,0.727486417038063
1691,-0.241429268960171,0.217170725734018,0.861510324946121,0.789356567240209
1692,-0.222829446158544,0.29162848528206,0.842434674380361,0.829528269675821
1693,-0.214682949624683,0.245225153352942,0.868237792669378,0.807479785137262
1694,-0.242550578964061,0.241565064091425,0.941504711224981,0.808164164934244
1695,-0.222946810268752,0.140192386639032,1.06191817942934,0.771151097767333
1696,-0.21446161994917,0.297079674973985,0.874404776923445,0.828477099654853
1697,-0.211915467676201,0.214318363907705,0.84303710517582,0.850003619624459
1698,-0.220308221429034,0.342604305887718,0.851022226429204,0.90026325347024
1699,-0.219944307916708,0.56684707094035,0.89865404308422,0.909964263339386
1700,-0.227378523989114,0.297987703044093,0.734370245122451,0.865542283002457
1701,-0.216742318777813,0.288955878925461,0.994879194939932,0.897821584330803
1702,-0.206242024328073,0.605226727983146,0.785625674913796,0.915586697076437
1703,-0.223838128188322,0.439183352236114,0.889910998061529,0.93331510512852
1704,-0.219241395585069,0.716875318825026,0.705502888849734,0.925790121323466
1705,-0.213669508668945,0.379974952121269,1.12966110601664,0.895260523903817
1706,-0.214458403250054,0.386100562592076,0.985472931129393,0.904572520669166
1707,-0.234202493337555,0.405563870697866,0.845634176489554,0.852977303052592
1708,-0.20200952030073,0.311023332354591,0.840096054617867,0.842964180543943
1709,-0.248492467737698,0.231721083218597,0.847437017083296,0.825471878191286
1710,-0.229066551438567,0.232194861767402,0.848521085841955,0.838910194497362
1711,-0.234452820155601,0.458599149927321,1.04413395178808,0.900350236715745
1712,-0.218729656332484,0.38162097965761,0.875435613663985,0.903557504850804
1713,-0.213938870369925,0.672441550572221,0.867172937835104,0.933871957574348
1714,-0.220453818782025,0.396646744907034,0.856243134228402,0.910087004679639
1715,-0.219575442590733,0.342327753377943,0.899782713656842,0.853295696846387
1716,-0.209304848724761,0.596336171729061,0.906526071792672,0.929950388493871
1717,-0.199745694727904,0.337890224813689,1.04390413563448,0.903726095905782
1718,-0.228884587139566,0.445886798848815,0.892390016280395,0.908650170892256
1719,-0.216061100534616,0.288284256651485,0.90144217108469,0.862457992309053
1720,-0.231274571625265,0.282519084359881,0.7660216217556,0.866313299694676
1721,-0.218021297533569,0.423253750302855,0.889505586652049,0.900067801665985
1722,-0.226731453078776,0.370071384804317,0.878831160188782,0.912059980588023
1723,-0.210607022009424,0.438030242490771,0.741010456055339,0.868699797124867
1724,-0.217798999795012,0.429091310586186,0.748934252893997,0.889585576879468
1725,-0.217183388706647,0.280559314751298,0.768635577422205,0.806896634559094
1726,-0.209472156848978,0.166094834432195,0.848845165168712,0.786833358873982
1727,-0.222850765077099,0.326335678161421,0.900816339147031,0.857992805500775
1728,-0.204181312636998,0.314342662564507,0.85391511637421,0.856918457860253
1729,-0.211141735847445,0.331988853905494,1.01884698762498,0.842077804503925
1730,-0.227498247145464,0.211287204917734,0.884858778608877,0.831191290281895
1731,-0.221130246851716,0.128030966438852,0.869952786484736,0.719647097294754
1732,-0.219197563513515,0.224465586676854,0.746576955851465,0.744893660140015
1733,-0.232917094896787,0.176176746125257,0.82478646303868,0.783473114280916
1734,-0.218958790897165,0.328709640846529,0.894879523764363,0.860385205255
1735,-0.220972733998652,0.177412949632375,0.807559550644307,0.790803511994489
1736,-0.223591288391019,0.204600669199178,0.970297079558737,0.795354839348848
1737,-0.225662254366745,0.180594243085491,0.914799911485658,0.775025645704107
1738,-0.224149737372682,0.167401782339316,0.752373990502714,0.756018268913203
1739,-0.213311430855766,0.182965250265314,0.81920174309577,0.813780615751873
1740,-0.208254617169104,0.152179783048254,0.899717668088356,0.784831944425431
1741,-0.209212569901115,0.292814778028345,0.925564546490296,0.852076715056457
1742,-0.197121930247143,0.311683890279447,0.723850840545472,0.876674645253531
1743,-0.225097653956634,0.304387035343971,0.796134558572689,0.873892115132282
1744,-0.236804311462521,0.340099957288432,0.964056427109855,0.847614964277186
1745,-0.221600179329828,0.220811045968814,1.08851189841794,0.818998683265625
1746,-0.223440999796884,0.254695837272151,0.872100750681689,0.821427484285141
1747,-0.213286926384664,0.378851912780933,0.877479401481325,0.911075061466872
1748,-0.225464634884685,0.353584686694342,0.913086687934667,0.85361238846094
1749,-0.230718290128694,0.218430523871564,0.92046036679207,0.824202269696189
1750,-0.229078501095814,0.228347610133803,0.856436284654584,0.817928898062607
1751,-0.227192713137168,0.425047174019478,0.954292962203368,0.884371155131797
1752,-0.227739961433005,1.28255691086686,0.815566627537371,0.966625451081
1753,-0.231013509692582,0.796469701730506,0.791666426969195,0.924336880273916
1754,-0.212681911543704,0.650116806230392,1.04073775962015,0.942221001110845
1755,-0.239281419043102,0.269570122316029,0.801571929778279,0.830399167025087
1756,-0.228661885267892,0.224620806826861,0.9824536929115,0.785390978277711
1757,-0.200603853765155,0.156523034972787,1.06058153468989,0.771888391137066
1758,-0.198911381269798,0.219986263291282,0.797910844173402,0.820453219329761
1759,-0.222229750966025,0.303792639461197,0.860461935650279,0.894749171733168
1760,-0.212082809725198,0.256999240205734,0.85312152395853,0.809412452260318
1761,-0.207327334537044,0.246762836946244,1.02394412290546,0.820814510137116
1762,-0.216751145987737,0.157278131458732,1.02899997510517,0.641113412148662
1763,-0.214639478184933,0.190909615292297,0.765981341081034,0.75617203033856
1764,-0.197721515990915,0.236045453622638,0.868389884203878,0.843959515086398
1765,-0.236860189165014,0.288702110672227,1.01123666398532,0.870450732961458
1766,-0.230658436768711,0.255230869550295,0.828477267185236,0.836809770860538
1767,-0.195678832728321,0.222396805067137,0.910588569005582,0.788104627802028
1768,-0.23228959871192,0.221124656244934,0.947766230050808,0.803718840945212
1769,-0.230222885844088,0.2381313293648,0.71412704264191,0.80895400219294
1770,-0.220518268938775,0.192230608239565,0.773043578341757,0.7726865004236
1771,-0.240286346530951,0.248756646922025,0.912346784926877,0.841825740573821
1772,-0.217837906640202,0.262243439188562,0.889352220725152,0.882037575464755
1773,-0.224397412034356,0.257240108288298,0.902357481218961,0.876650046190319
1774,-0.210370621456116,0.268631841641251,0.763946587252433,0.844258983374082
1775,-0.221291578892202,0.187162400584364,0.858672873483983,0.818190867162084
1776,-0.20724902914078,0.182302347134438,1.05690871459066,0.719373062038773
1777,-0.229552562746525,0.219445911990276,0.854490501881858,0.786247383863111
1778,-0.212126071365597,0.208686476713756,0.766562888793555,0.805063672004912
1779,-0.205633981057436,0.207193086322974,0.839837725909626,0.790125327271563
1780,-0.212143492756934,0.140320905499949,0.824417874958235,0.714312327253758
1781,-0.218261810300172,0.258123555141608,1.01793319939935,0.882978285015477
1782,-0.227727678115535,0.366971189150057,0.8638498553032,0.893203381429668
1783,-0.223582790855987,0.49767332749138,0.735537069107642,0.911104500007238
1784,-0.23320935547949,0.24089008433704,1.02605815149796,0.785262431089897
1785,-0.216094317849899,0.160548158092751,0.748761782268332,0.773159904354342
1786,-0.232287997053905,0.340235088189708,0.725315633178029,0.876414341355755
1787,-0.226372089496898,0.234266214792785,0.84663177518395,0.812501256865909
1788,-0.211319710833813,0.180533114868529,0.968503440013164,0.798191608038078
1789,-0.214994339189044,0.205643034439753,0.856649822962471,0.870795604092358
1790,-0.218741686758606,0.316397332926255,1.06757359088227,0.879038013851396
1791,-0.225511271439143,0.231307793333906,1.07727335376342,0.822244995784727
1792,-0.241633648635969,0.430320872309294,0.811678677645891,0.918022501545234
1793,-0.205877602336248,0.469504127071819,0.845879334124033,0.930390972969787
1794,-0.249689007713398,0.575131516702039,0.899912290320528,0.930294545387546
1795,-0.220388136051378,0.538743379842674,0.727501299419721,0.905021172922365
1796,-0.193814277508879,0.418027329537459,0.739421641153626,0.888546027450261
1797,-0.211126444894544,0.220696336607676,0.913093438301037,0.820619874431598
1798,-0.229180502457499,0.210427164466223,0.835990270241657,0.769916942230438
1799,-0.226687433731912,0.516998356047724,0.972330547386138,0.909925704120203
1800,-0.219639629159841,0.411747750952616,0.751146465118849,0.865728996912867
1801,-0.229647869059216,0.336726898463654,0.857889157625715,0.849906392362312
1802,-0.221753669492631,0.162246584689518,0.881704164821332,0.746443167178073
1803,-0.226754450108596,0.15509603130997,0.907682948277187,0.70624421948261
1804,-0.226455807813749,0.154353635943467,0.802340338135643,0.763641713476606
1805,-0.213123898380898,0.136776537678898,0.801225600248653,0.709969206584084
1806,-0.218134110614969,0.223184737421688,0.726971183860736,0.788034566933171
1807,-0.228888932331338,0.192205776123775,0.791348134898298,0.781978098975735
1808,-0.247236958083489,0.251063013653319,0.989034488387304,0.851194945466733
1809,-0.233006455041934,0.231355448749325,0.848873408460447,0.78921368703923
1810,-0.223336304641287,0.23409981886155,0.82462036446916,0.790289938853262
1811,-0.223266774689572,0.233370298528667,1.03041979874755,0.864652996107472
1812,-0.206405493256958,0.233026439692194,0.848294941947362,0.803749921697296
1813,-0.222972554186082,0.16127124727141,0.855642555840258,0.803417115870978
1814,-0.23286637822713,0.201779756564691,0.882905115805487,0.790803084291816
1815,-0.215261331649648,0.63317168344345,0.867290526903864,0.926912720200587
1816,-0.215078543951315,0.615799025063141,0.984517129190988,0.940685631947691
1817,-0.207488589252383,0.598104992384211,0.856684732162069,0.945552789865709
1818,-0.217833508386729,0.973276259042688,0.861215943931591,0.963530828828752
1819,-0.231104281780181,0.92367161129918,0.88916659050886,0.963371292384379
1820,-0.218591393136326,0.438897931495453,0.910930953316832,0.936702968189463
1821,-0.234187203157066,0.512605129663077,0.825839922297551,0.913584800657051
1822,-0.22302577007327,0.315924945842867,0.829299467311448,0.862895414708756
1823,-0.215302626271352,0.34229909820943,0.655506400528985,0.828119594455726
1824,-0.219287952522722,0.15674079619167,0.751048488321847,0.730025101271122
1825,-0.237459248588551,0.188916573539802,0.678942483127839,0.800897227338757
1826,-0.228140676176504,0.178881909396673,0.840441644792914,0.77854097623189
1827,-0.224004404979391,0.287590643180808,0.768553337303861,0.812073109062997
1828,-0.219204838198873,0.273074639126788,0.768139854114884,0.747707843606978
1829,-0.231914647066045,0.273100062166729,0.867780093472964,0.777597882282082
1830,-0.231310424321376,0.358272819990072,1.13680892717475,0.868373231347014
1831,-0.239848477500452,0.190536873569438,0.727913503335155,0.822489418225214
1832,-0.2250837075291,0.195327633317097,0.841769041054951,0.789084953156914
1833,-0.217313128657281,0.187447016875692,0.866942755458768,0.763388340692349
1834,-0.227898111460705,0.127425044283696,0.897780482822272,0.68833524150326
1835,-0.219098450285913,0.189323211576983,0.895209142493227,0.788913969020454
1836,-0.222666769883943,0.382766375897074,0.742741536768762,0.881413205277683
1837,-0.199184113860115,0.297187331161641,0.868551394154029,0.87912958157578
1838,-0.211921532924934,0.422768937113516,0.837277413180116,0.892511388124055
1839,-0.215572531599425,0.246013219884369,0.754042699510012,0.799022097220813
1840,-0.22508861429935,0.279497186286262,0.912432756633771,0.820682095727263
1841,-0.215621607774555,0.331578428994797,0.80537300083741,0.881114457516999
1842,-0.218170828832892,0.464927221827901,0.688307660928703,0.883606584811185
1843,-0.217676149334176,0.490263368985782,0.875006218097327,0.907676610744741
1844,-0.223043052138593,0.348112204507585,0.878367492527871,0.908861118442912
1845,-0.224260473970625,0.409862122030399,0.804470999244862,0.916515965420284
1846,-0.215827556183035,0.870957603326614,0.86175134168667,0.938782443854598
1847,-0.208544561573119,1.20466283755208,0.669093265331836,0.960418013849632
1848,-0.198553344833759,1.11254999574147,0.837736579801417,0.964150611687949
1849,-0.222130650553717,1.91365276323929,0.712487941361408,0.976612024279318
1850,-0.230192659605431,1.91814388085792,0.919088433249099,0.977567004280773
1851,-0.229400292683169,1.51260887663716,0.923130069270342,0.978347802499994
1852,-0.21469144811837,1.62521991641482,0.921374700288284,0.978055412578851
1853,-0.223092328467685,0.826738894182321,0.836808381236666,0.955581876626875
1854,-0.207124779165912,0.489528769603305,0.770879798686171,0.929618627808871
1855,-0.228179347007059,0.719270451829442,0.773867977159516,0.942049308962038
1856,-0.222860520633623,0.855475378953436,1.08835658551558,0.949140337013862
1857,-0.218183429011308,0.692173232483671,0.878397746019171,0.941240500654175
1858,-0.228644119411018,0.576033039944893,0.988833480092857,0.927696530967873
1859,-0.213598123369162,0.520164179912901,1.03634323273004,0.93329332894675
1860,-0.208039933388465,0.189009852743303,0.850708963733826,0.807376567793439
1861,-0.215218088378368,0.260000994964713,0.986992941911847,0.791260408809649
1862,-0.231242689247747,0.141775216301749,1.13039423150334,0.677349411080393
1863,-0.226450692500107,0.196136603483527,0.742442204521438,0.750871986066198
1864,-0.225050485153677,0.201571959477457,0.627723554772583,0.63087578663691
1865,-0.210740746973326,0.1886978326568,0.773313974511532,0.784828374054464
1866,-0.219347913896375,0.293775224008445,0.736667072627089,0.844751377702299
1867,-0.217679091659836,0.232111655054804,0.894003811730739,0.879882829127147
1868,-0.227715874389716,0.14102625534913,0.821979646614597,0.728432416942161
1869,-0.222249005710332,0.194424588952753,0.801181186696137,0.709880664080633
1870,-0.224246771471455,0.297557159030431,0.909327043359866,0.85557354984606
1871,-0.221594764027733,0.31641730255834,0.810713020558165,0.812579084447954
1872,-0.21667319273059,0.224334869187066,0.86685559321538,0.861095623675083
1873,-0.250545775557924,0.318638811953334,0.870726908916175,0.824583797190519
1874,-0.223793434548603,0.166553058670402,0.549417529553071,0.719184361032534
1875,-0.241404890731276,0.182655808448443,0.743209339145769,0.704181336624439
1876,-0.210458033637573,0.115489578775228,0.871775603298587,0.781270029989146
1877,-0.236571314915397,0.109871769301507,0.8059602945793,0.564174837198884
1878,-0.214349388677381,0.150236487195716,0.769110254158652,0.64827270102337
1879,-0.188636349952056,0.280015320455304,0.912721106610612,0.819120417861267
1880,-0.243225793685041,0.146518196668054,0.808571855683656,0.750311780649618
1881,-0.223920801395793,0.302011765327692,0.757076107872638,0.826844709139139
1882,-0.216145003227694,0.275027750324354,0.892769093203835,0.79632795655563
1883,-0.226451522920077,0.215609591073383,0.699200251365286,0.816820249854683
1884,-0.228920337818472,0.43247236476979,0.752212913969151,0.890928100328524
1885,-0.223121356772412,0.212410161684109,0.72000261396211,0.824746568258376
1886,-0.2163443725706,0.174834212497089,0.845234529145395,0.682442827825446
1887,-0.235173822410742,0.19692035690262,0.743531749195914,0.744681951140963
1888,-0.232466337453594,0.13991108938769,0.84818993849148,0.745343468211967
1889,-0.21366541513525,0.266161899553265,0.840766724458482,0.805275180508257
1890,-0.225201237877515,0.139923570988101,0.916599149319067,0.684148328456751
1891,-0.22771369762862,0.209880754424999,0.896861753033614,0.787274577550281
1892,-0.209098922015357,0.272448165250026,0.842649980954455,0.861793238433589
1893,-0.224400634446598,0.186295950014793,0.896217026824602,0.7722439566009
1894,-0.213109603471413,0.128589124474642,0.923648640375824,0.619193366678664
1895,-0.215026818030131,0.19516368495563,0.896853727421957,0.792541011122112
1896,-0.213293545883775,0.208325735801063,0.826018283500805,0.76449691523959
1897,-0.233461093457105,0.154935207097103,0.825152677324759,0.723038692657877
1898,-0.222469888167933,0.131606056009572,0.672084823593257,0.612561183750778
1899,-0.221507697380598,0.119250375060864,0.728896407385501,0.643338795867163
1900,-0.228972741248001,0.145504382272993,0.826570914643801,0.671234234165744
1901,-0.245006665687181,0.252930755550993,0.809348420086997,0.771073569345398
1902,-0.231326398901019,0.215080157069836,0.756547570025435,0.755778462519944
1903,-0.215192996468406,0.135405078617664,0.909487804246395,0.789465535670769
1904,-0.216276850991465,0.133047863322485,1.13111384576564,0.685388731393352
1905,-0.229979367145376,0.142290018499873,0.909289077990959,0.631939446539916
1906,-0.220838346577352,0.179234645995014,0.914609464082969,0.785457706297768
1907,-0.210227902961129,0.347815088758515,0.855255317332133,0.844371066570442
1908,-0.227567776638137,0.158888037231664,0.874627386304754,0.757287452888271
1909,-0.223658504122467,0.152260118876267,0.816028686664315,0.738116975416381
1910,-0.196606756152148,0.226098694003676,0.891268321188551,0.673683650822378
1911,-0.216435807785757,0.141973654861215,0.795043073429409,0.697748516013252
1912,-0.221736046774564,0.154445010512781,0.923081974697161,0.732484764362561
1913,-0.216001651536633,0.149837531816744,0.862580104404732,0.784658807338743
1914,-0.198981692928999,0.183851440232455,0.863240500826276,0.813978107023548
1915,-0.207035672029596,0.316288669673771,0.866794765306349,0.877852481979776
1916,-0.217721272305702,0.160782954524334,1.07440453963656,0.687757346346677
1917,-0.227175197932984,0.145719688191174,0.767900073435925,0.696392308039744
1918,-0.216808114294882,0.240634436231133,0.699662440075039,0.696423087048819
1919,-0.226208033065986,0.175950302396011,0.785269847847611,0.724444301414819
1920,-0.215895133295528,0.205670249683561,0.8591338460633,0.781230923923974
1921,-0.201821009204344,0.295721949141948,0.912601076155329,0.8792334926067
1922,-0.239894321468442,0.355304385637835,0.882599578623227,0.899182648333441
1923,-0.23782272104654,0.463191613798882,0.738046706831133,0.9028125961308
1924,-0.226265383813464,0.205863362377558,0.879925337252774,0.824930838117464
1925,-0.220160236486495,0.527321564776876,1.01284195824703,0.916067405040608
1926,-0.204078695199702,0.579432691967214,0.910782363170015,0.929784881097916
1927,-0.247979848538091,0.329817164115294,1.08214249941346,0.835688923083863
1928,-0.222801464707621,0.274037612017152,0.810667463945352,0.823181696977863
1929,-0.228917049914806,0.171327884452592,0.781236379313847,0.774183286883903
1930,-0.18639814038247,0.220521728999836,1.06269839079832,0.820274597443753
1931,-0.218240471151041,0.156377093374055,1.02115581382629,0.770994249032528
1932,-0.224387834477199,0.142366541208548,0.835162469636892,0.772049882095561
1933,-0.217976733070848,0.272605090070391,1.08784837400753,0.821197653483999
1934,-0.208139523087201,0.152307976751824,0.899952469042035,0.784488007598411
1935,-0.217503939120851,0.106289988085797,0.765752473967075,0.615113211233756
1936,-0.216120694448823,0.173927159811471,0.895651068374003,0.806606187545063
1937,-0.218726429415667,0.137227307446533,0.92479429725168,0.685046115292089
1938,-0.232487291010704,0.207485655584807,0.722921867217226,0.832221876586588
1939,-0.206310689543441,0.293102917826584,0.8034486215416,0.836809486368693
1940,-0.23293176787478,0.230329479602434,0.848045269508267,0.767078237971367
1941,-0.214870445348843,0.282887369626871,0.680383764138082,0.838605224746699
1942,-0.226475083147073,0.182279425967391,0.737598928998647,0.772110803043727
1943,-0.22240505164071,0.148192672695676,0.86845293234295,0.735314252874329
1944,-0.23639886561453,0.171841277815575,0.832453170561724,0.693847537315398
1945,-0.223313125338352,0.177433862458511,1.12195927132504,0.773067744920405
1946,-0.207420796532296,0.161651768709605,0.74157414665526,0.702646533342253
1947,-0.22602543847798,0.197001318405251,0.933509948860341,0.693458544874581
1948,-0.21257404545084,0.177694231677667,0.886570681652483,0.737695656665177
1949,-0.228367669387669,0.23007348117714,1.08529427278693,0.842706414990911
1950,-0.214952912837062,0.225038997268615,0.917838066796356,0.820628901232665
1951,-0.221841870898584,0.296945843320408,0.906588607225133,0.831340876205426
1952,-0.234447767062575,0.258515657661613,0.729791625343175,0.867956620389507
1953,-0.243305425372087,0.232636461993023,0.914774862172677,0.849906539871205
1954,-0.209629295120415,0.308010615536768,0.735139794913622,0.880716846403933
1955,-0.207474897012291,0.569000691579156,0.881163633868776,0.921040166700604
1956,-0.219452401587265,0.540303673305499,0.864677889055133,0.896166630798614
1957,-0.227566961256503,0.398754930691069,0.730112576628076,0.861432631058098
1958,-0.23029547354009,0.592826116847502,0.848080224890399,0.923740139794913
1959,-0.205357401435663,0.508755623054975,0.888504739403766,0.929402766861688
1960,-0.226959311017079,0.9117155154763,0.936122297849959,0.964968534872821
1961,-0.217092818498967,1.9830513857085,0.862302693469671,0.968638457958394
1962,-0.213166837344999,0.883381976917275,0.916410865568032,0.948876510365811
1963,-0.209918237896398,0.345711765753855,0.915309134480028,0.889898127746103
1964,-0.209024465878745,0.254485188560516,1.00185790841134,0.850115527973497
1965,-0.204800240747416,0.191466913323134,0.909171685955416,0.787848125248945
1966,-0.211284479409431,0.343907445642704,0.894423898644759,0.888097203639086
1967,-0.233523763024659,0.139920791222282,1.02808954267911,0.795261907340417
1968,-0.217216043313744,0.171426973681144,0.905236908515546,0.695983030731946
1969,-0.217535089354449,0.237957669343189,0.878362292765458,0.771675284001596
1970,-0.217836564500255,0.330819709118906,0.817708416836709,0.877370580480387
1971,-0.213681074925437,0.626335893730801,0.886361050441115,0.942409974194132
1972,-0.224016210421915,0.59779331684444,0.726032627043944,0.935270389567994
1973,-0.243576792226832,0.456940607192642,0.716833911283088,0.873738997859667
1974,-0.230669174954044,0.21692367825409,0.721485067359376,0.838077520629602
1975,-0.212071843729384,0.231920041503748,0.729231000076419,0.778055594823733
1976,-0.219371191330677,0.227650868248665,0.893727119307328,0.80799711246484
1977,-0.214667827263028,0.186284661650259,0.862969390061408,0.765382240364488
1978,-0.225575278257795,0.143461224106133,0.755152225699921,0.738511255508211
1979,-0.217797695700511,0.117687981798451,0.911035224145109,0.671313065960018
1980,-0.223655529745193,0.137497614315019,0.822069313195013,0.732059441816944
1981,-0.207449273370517,0.300807026859191,0.879967226110929,0.876487526163322
1982,-0.209996394432018,0.16731034031845,0.903958018565359,0.783315081492499
1983,-0.214676408262262,0.239291303360948,0.868079279026212,0.817637702381264
1984,-0.219551717936475,0.188548978272909,1.08726060192016,0.805673556765826
1985,-0.215195066833512,0.132481984704243,0.76011133549649,0.665286351877313
1986,-0.202028790123706,0.1335739879753,0.861719497225046,0.712091308396523
1987,-0.230386821533021,0.376834524022578,0.802600295190547,0.857083854006998
1988,-0.223265420708155,0.325247865951637,0.736759036775568,0.865754742672175
1989,-0.213529715855585,0.270116121171139,0.873375129253653,0.851530459963891
1990,-0.211308267694757,0.232399922052428,0.759440408531964,0.807506643598199
1991,-0.228647858295788,0.156020986921986,0.744740566158879,0.70353614590335
1992,-0.245789296103547,0.274441203996489,0.886664018362881,0.847712872661789
1993,-0.221384607265192,0.17823549540718,0.923278723985966,0.795995447777737
1994,-0.234698875954497,0.224738184783526,0.86540775957263,0.804583494358467
1995,-0.218129204709472,0.450612368971017,0.713650436774055,0.893631727105169
1996,-0.216395220799949,0.52709197361587,0.82659612002242,0.914897690730998
1997,-0.233543829633323,0.511671521418874,0.91174849236098,0.934263375589564
1998,-0.207397285701699,0.661612431786993,0.854952010841629,0.931241279885743
1999,-0.229234561839849,1.47542502524371,0.816558337572728,0.962752783732944
2000,-0.219419007921149,1.4803993647163,1.08745280526372,0.968922573874758
2001,-0.222272531732891,1.10581248363271,0.922636111136183,0.964303751340475
2002,-0.233115811399652,2.33902209943269,0.748762227533373,0.986483844534802
2003,-0.224032093670597,2.19447295352914,0.806304609999639,0.976140082686915
2004,-0.217481990619757,1.77631293965821,0.778079108229689,0.98090336506852
2005,-0.220177946504764,1.82390070733827,0.870560819809837,0.972353072342643
2006,-0.203971739840318,2.96744787311819,1.06559863614011,0.982470730062127
2007,-0.214640627950616,1.28015915223008,0.905882573322052,0.972935568638444
2008,-0.205947207488043,0.627070446297326,0.848293230494409,0.952707329612477
2009,-0.2294617043519,1.4474208795219,0.825893679780935,0.970858998307375
2010,-0.20600799950414,0.493014985728669,1.11168645613612,0.933778407819147
2011,-0.214538945347984,0.600503485665641,0.867349968307494,0.931269454036295
2012,-0.223539370151904,0.517162870824789,0.86713657406185,0.935394589674873
2013,-0.214621612957481,0.851494984662921,1.13013783405152,0.948288745223214
2014,-0.217383439848266,0.354750995990363,0.908749065522778,0.876008213751842
2015,-0.21655228276001,0.261372850372626,0.80921034978513,0.863977251623372
2016,-0.221358938065632,0.608476724259456,0.920334913772235,0.933189141540245
2017,-0.215892818054305,0.184494018384953,0.862675219393838,0.8055347633332
2018,-0.212270185844545,0.194677846083417,0.755224485463353,0.774731316244443
2019,-0.204199504483259,0.242145377044715,0.919196252314918,0.793963065014783
2020,-0.221085131078313,0.229376735672121,0.685389703179333,0.767179591590986
2021,-0.217965337497992,0.338355001791406,0.817926391892406,0.847254762959015
2022,-0.229956433811791,0.270650473472481,0.830472770428143,0.835157243686997
2023,-0.210411156836305,0.174285209578222,0.735687937386242,0.744709605861747
2024,-0.221166765256288,0.289752979284421,0.999487069622256,0.811719123661234
2025,-0.210419411455505,0.196965237125383,0.850157907540807,0.781160979652215
2026,-0.239091949159297,0.13096077389763,0.870534668195599,0.661773396281232
2027,-0.207253547748298,0.126698981034689,0.915290590189278,0.641233385145354
2028,-0.221418932483796,0.128253388368163,0.820852026693443,0.674338768400551
2029,-0.224991581976486,0.1305903100043,1.08335646253357,0.731383207324679
2030,-0.214433723350292,0.188073348122441,0.760287536475442,0.765196749438559
2031,-0.224827427970913,0.223206314889286,0.716806165053398,0.76684284505357
2032,-0.224827427970913,0.204474331368288,0.690538636521878,0.758559928768195
2033,-0.221309067140908,0.177237833259635,0.734475460123812,0.737927194131036
2034,-0.236814739915177,0.307516420448171,0.817236092602215,0.888230014335438
2035,-0.238070898635538,0.300205223961981,1.07754846781248,0.843234305332949
2036,-0.220369600005018,0.371481094839892,0.927011373488245,0.846810021767474
2037,-0.210709455022979,0.399093142749499,0.834103488501806,0.88004181868581
2038,-0.221376760632241,0.359900074670271,0.752563165064637,0.867136986999846
2039,-0.206644945627647,0.238997302296125,0.833404886890051,0.785404013619356
2040,-0.204217488553017,0.432877674139056,0.923732156517351,0.886826892679095
2041,-0.224801539937904,0.263420047642031,0.84265594130387,0.860196621435717
2042,-0.23089650324604,0.259218224699654,1.0108220940777,0.871058165943739
2043,-0.218653816674946,0.290089252680745,0.882733219664344,0.89978302472729
2044,-0.20759825132397,0.313955074083154,0.893479063452798,0.865681175315138
2045,-0.224809015779526,0.261643412413883,1.01253249098035,0.861184882728432
2046,-0.219028271170611,0.176174450942385,0.854856915312537,0.785152199800902
2047,-0.227738683074673,0.177220994770692,0.74375183243926,0.747568242884173
2048,-0.230449831551118,0.258540874635303,0.842953507782707,0.808499281386826
2049,-0.218039779949851,0.249336259106568,0.864574094416065,0.814810971504645
2050,-0.228210070897365,0.210341553532567,0.788247861206531,0.756459014701806
2051,-0.216301898675291,0.262115813483784,0.755058956429283,0.813352369373176
2052,-0.233200626192823,0.252712207936651,0.730845924554936,0.818184934795451
2053,-0.212749396091643,0.265738423949289,0.723962583918152,0.804459489702985
2054,-0.226906896576182,0.225633648441805,0.911989473838695,0.785888378777421
2055,-0.235586312379807,0.163547164092656,0.75480313556269,0.712870877338634
2056,-0.226779733496028,0.137181588014014,0.768301970071398,0.601790891540266
2057,-0.214975603611894,0.151826248889681,0.853660148944396,0.64970580510238
2058,-0.231296648810699,0.235300353104144,0.890194993454935,0.729508602010149
2059,-0.231237139499115,0.209385951842067,0.869674482433235,0.720837322894407
2060,-0.208675629715289,0.313817118695289,0.90436786673261,0.880922395902389
2061,-0.204996813770281,0.63050502781876,1.01294883321832,0.92782910938747
2062,-0.229893430306781,0.689311344162458,0.793504838770191,0.928957656728415
2063,-0.230397244733302,0.40154590384072,0.767856570649244,0.870309744028385
2064,-0.197419688346406,0.279553035183707,0.94822909945056,0.870614736392678
2065,-0.212459805906823,0.202708445329205,1.08722676452786,0.821334551907341
2066,-0.22352013495642,0.252876142369409,0.890954369030328,0.788274129421578
2067,-0.222815036685056,0.194336848115316,1.02246303714308,0.827491254822202
2068,-0.20643144078759,0.197149851308053,0.830862563696504,0.813871756078573
2069,-0.228064980831319,0.151615289699409,0.888009069786094,0.820134173275242
2070,-0.205053186579656,0.29373035209183,0.915208017235131,0.898788314335833
2071,-0.203546202965082,0.560014202694536,0.903450127788052,0.913089271694755
2072,-0.223983603897803,0.308983401864722,0.797411922566059,0.830982806462648
2073,-0.219830281364037,0.100182025412467,0.862991610004972,0.622707668128057
2074,-0.20963481436302,0.17096197533369,0.742918964113025,0.755643666698341
2075,-0.226844658353933,0.163368438442672,0.872135191454767,0.744125884960396
2076,-0.217363136711667,0.200108638852349,0.855765524472619,0.826128315802557
2077,-0.226087866064901,0.345212711115494,0.776029276720481,0.857374502566085
2078,-0.231266409692282,0.230466423358623,0.831148752554725,0.826529336681594
2079,-0.222858900843083,0.620153175692236,0.789697434952232,0.923971629425974
2080,-0.215218834789799,0.440607334979516,0.873876450434777,0.904528402671313
2081,-0.220285743821326,0.492049474750068,0.918539836950696,0.920699227576431
2082,-0.219915086223346,0.242191202335533,0.835225249940173,0.866509980237948
2083,-0.214934602246888,0.243778028255009,0.750095137548404,0.81492582726862
2084,-0.219711614759606,0.178067373442506,1.0191331491801,0.766178279274073
2085,-0.243224575986389,0.240037474945308,0.933453762355158,0.796310733654088
2086,-0.219212489035577,0.200659360829582,0.895436556981151,0.833625985667356
2087,-0.219097962830061,0.429068499491555,0.87294821725726,0.870886813083263
2088,-0.222507652966027,0.238251153512616,1.04118881970454,0.844854839744091
2089,-0.228722192957231,0.357740949181489,0.906145882301328,0.883402216987473
2090,-0.227708831762287,0.70731120978697,0.774028955931867,0.913711707577261
2091,-0.206184597244327,0.472931339651606,0.724294725012862,0.88399849664588
2092,-0.227145147688817,0.166075849050891,0.783179449046038,0.737584789180018
2093,-0.210680502935034,0.176586423702226,0.894930710554822,0.82312014511511
2094,-0.230416832021823,0.217155346213748,0.744771753810559,0.805456417141749
2095,-0.222282069571907,0.203838542250657,0.861705549510413,0.827910541614435
2096,-0.212216542462003,0.202573318470026,0.948543142581396,0.738055877559958
2097,-0.238021421610525,0.311557232621838,0.859021657902831,0.856883282968363
2098,-0.214848082562091,0.251302345836546,0.910703066313919,0.854243979731037
2099,-0.214137625790057,0.333505511205119,0.896392963129396,0.873050161372354
2100,-0.223922586713015,0.142418520748444,1.04134303175246,0.732306740439868
2101,-0.216533594555254,0.0840119831066429,0.742576129865323,0.491442094269088
2102,-0.2225255385277,0.178066581167589,0.827531023222379,0.774886858219834
2103,-0.22386015555114,0.152814285672049,0.817124808240481,0.800444332830799
2104,-0.247017149248697,0.345573388243012,0.854117150934422,0.879063481182432
2105,-0.231312582762948,0.348129502309277,0.894883109866317,0.926501837572719
2106,-0.232626205618004,0.169181144753371,0.872199752206872,0.721629910782622
2107,-0.21283380518284,0.171003992606753,1.08532749772321,0.752027616176159
2108,-0.214254033129017,0.136767398776084,0.847367846708456,0.648930345744369
2109,-0.221819336000993,0.119600112015342,1.04375326783995,0.784796963403536
2110,-0.208741210071342,0.216437334758114,0.781388165641002,0.753357822297682
2111,-0.227014186153203,0.284386572527946,1.0792081143312,0.880753032287484
2112,-0.19731855601002,0.255041219693574,0.892086505523046,0.874890587754127
2113,-0.216606748420093,0.245479609404688,0.795552397475127,0.803577347185864
2114,-0.220841533214632,0.14887533852606,0.919488152707051,0.805853838437333
2115,-0.216585306904959,0.216583652057969,0.706149407118188,0.824646314351548
2116,-0.221168028732034,0.208274765875874,0.763595664521182,0.749282388866714
2117,-0.228841608850248,0.219931281170472,0.757995675901737,0.8022300162662
2118,-0.220506751996348,0.272360486978155,0.744203590370322,0.872971206149288
2119,-0.22246175890821,0.253307933040929,0.796856660862872,0.824931680487077
2120,-0.237221454080426,0.191342691570307,0.752943880766769,0.816278335030861
2121,-0.223064577622647,0.160623654041682,0.803912920457336,0.704949714573306
2122,-0.231143935468032,0.206203004163402,0.938602040704999,0.792684395855759
2123,-0.230821057250773,0.113437642438287,0.879910733745905,0.597058026697376
2124,-0.214778244461798,0.214238790507493,0.874413417799968,0.791295765308836
2125,-0.232603852898345,0.225070656363039,0.89804470577369,0.806778871497482
2126,-0.211332552640792,0.208987354102891,0.890754167396431,0.788261867781933
2127,-0.22093202999063,0.323066718874256,0.90869977658406,0.852185074393964
2128,-0.228089313427198,0.56494626589082,1.05265060046673,0.916043404202298
2129,-0.206490561515977,0.223179264307453,0.882317488419413,0.857186151587498
2130,-0.220160111476149,0.399382742410952,0.831271887311451,0.901137295091432
2131,-0.216104849082604,0.391604993664059,0.898053388441954,0.90473012103196
2132,-0.225112044867765,0.277623179488133,0.889412529248792,0.837981962068784
2133,-0.22073863690409,0.259486297820512,0.870102026227944,0.871016184275549
2134,-0.222209198174406,0.598694789761875,0.885720380074605,0.923079344223131
2135,-0.211990574270105,0.671769748674047,0.897501063329152,0.941029699084956
2136,-0.235443215312646,0.564987023603676,0.872500547988477,0.922425984523889
2137,-0.220798929912034,0.29335515194667,0.945459384818739,0.843391876082971
2138,-0.224959178524451,0.114145108639603,1.05279582779324,0.694567349697407
2139,-0.22904678580027,0.265186358013813,1.04809672841051,0.812995203201996
2140,-0.215289827495984,0.245594961909836,1.05771743004408,0.827294269152564
2141,-0.215545767604474,0.362036137415432,0.890323646808541,0.878092303003668
2142,-0.2266724480836,0.154397470453956,0.958898038638634,0.76174711173384
2143,-0.220708776026805,0.192795761011852,0.993648160547532,0.821566492193096
2144,-0.223697740027782,0.215139153690075,0.83233813921549,0.782486795743103
2145,-0.223365431974323,0.23787864095319,0.717754209826469,0.765850606368726
2146,-0.225665579598396,0.548901656875814,0.760494363110209,0.916378637569826
2147,-0.215529702975736,0.438889269581068,0.841526445583144,0.89105262338509
2148,-0.219029808385904,0.216197256148397,0.967074106652834,0.821865425555114
2149,-0.223777661411131,0.201694264863197,0.897268359762542,0.794670883360303
2150,-0.205483604023782,0.164285470257346,0.782963528738042,0.805489312832976
2151,-0.235396730229316,0.22358066016475,0.826070563380619,0.770778805152656
2152,-0.22869750243677,0.402719431867322,1.10521703027162,0.914437266156325
2153,-0.235611002610261,0.321178350685437,0.860148144907491,0.891190640438651
2154,-0.23911462162077,0.265932538628217,0.892872494686211,0.795981983046084
2155,-0.211354499814243,0.242560527195991,0.74851253814127,0.756852775273275
2156,-0.207794565287421,0.336464388448004,0.758146984313819,0.863625067785241
2157,-0.226715498693429,0.209536352281488,0.743647021172143,0.83682574544764
2158,-0.22136598899685,0.29744441786081,0.873404623200121,0.822760587389716
2159,-0.202794933454701,0.197574960479385,0.901960496747983,0.810939278052708
2160,-0.228888663232671,0.322031788232354,1.06874609737155,0.865696723943071
2161,-0.223266418468552,0.376744220913851,0.880519295998929,0.916577286950785
2162,-0.231735097342592,0.400369904225791,0.997474776051034,0.881141382432854
2163,-0.206668792855225,0.530664221454928,1.05667270813792,0.944674423790028
2164,-0.216401655497109,1.25244285863398,0.846773446209681,0.956445690876537
2165,-0.229862831405884,1.38046375311643,1.0396833112334,0.969389377678479
2166,-0.247290730662199,0.659251611900088,0.873692482949461,0.94913104251507
2167,-0.222458261839331,0.819722391307858,0.77316669842923,0.949729960523824
2168,-0.226051687318484,0.314590917912738,0.859687473228838,0.876611785678654
2169,-0.240868300341569,0.238589432123476,0.984992127812941,0.822837758304711
2170,-0.228337300800615,0.235545441054784,0.949637536642478,0.796875497865602
2171,-0.202833291788784,0.199444633368886,0.821153940344226,0.803843366516102
2172,-0.211949727339409,0.178734160729066,1.03125992982806,0.792924235148004
2173,-0.223192758208485,0.1064706260252,0.987476317818067,0.658118252101526
2174,-0.223387401904631,0.169510659624747,0.853524281334022,0.757859139183179
2175,-0.238824187200789,0.19236130748752,0.763040924570646,0.748630947711997
2176,-0.211534228673191,0.221419088251324,0.769643046447635,0.806357584536504
2177,-0.226890767817995,0.165402542759001,0.858841446641891,0.691975380810666
2178,-0.215058167517744,0.190009775708105,0.749697544660532,0.816533248592153
2179,-0.225380003091645,0.114501791955845,0.695425610882374,0.620892368216682
2180,-0.210615230427457,0.190829593598256,0.792113920290125,0.800454121450655
2181,-0.237279615799884,0.270173951798151,1.07006689875551,0.879452617174064
2182,-0.216909238528411,0.211695975640292,0.926151833966971,0.801862364923642
2183,-0.242369460078387,0.26914109057758,0.752032859209119,0.853235616601234
2184,-0.236812070208209,0.355311670917275,0.79724379470559,0.838755027236756
2185,-0.217331764359896,0.199184075464982,0.889165287228185,0.802752958599304
2186,-0.21373059003372,0.59073389770453,0.715278748757789,0.925048264520368
2187,-0.219331151416122,0.528710665485181,0.783618313293612,0.90654063975015
2188,-0.233097580263656,0.542688446335251,0.879359219661159,0.891189329303953
2189,-0.214907189903543,0.133075452740012,0.8623795090111,0.743798800919696
2190,-0.23308376168505,0.169675909011373,1.04523198594516,0.733481924481418
2191,-0.230943533242528,0.185347059521484,0.833720968701371,0.781027050443565
2192,-0.227099032378734,0.151359154025793,0.873043880006599,0.749925217973942
2193,-0.218132386074543,0.144947110649927,0.853788181865569,0.725993400697343
2194,-0.219498383618886,0.232431960112029,0.841274700922388,0.81417979453235
2195,-0.245250644628229,0.222813895842886,1.04202243530968,0.854346364667468
2196,-0.208261372814114,0.14785836267031,0.854154709872713,0.808031825901821
2197,-0.209560944119948,0.167352083675811,0.896995482798877,0.754399293703555
2198,-0.215303995151452,0.180525401566316,0.741099531066112,0.819885312998922
2199,-0.235299048580616,0.350416130612077,0.859792186087206,0.849042357592093
2200,-0.21804981014508,0.480116102349893,0.990008096671266,0.897518797165879
2201,-0.230799505614434,0.370340001807235,0.937550394679243,0.900443441830016
2202,-0.232096745267025,0.251129206087284,0.770259712027107,0.862711818071003
2203,-0.217925800753615,0.314856445784963,0.858593051588683,0.886183947282463
2204,-0.231092363267225,0.365378327600464,0.910331341164309,0.872178308527873
2205,-0.213703098802573,0.247589530027497,0.850039408627223,0.871533454041717
2206,-0.213918707497886,0.602981447226811,1.04155346412599,0.946812460198341
2207,-0.2275161512343,0.893464782847153,0.852777268008022,0.95515123022411
2208,-0.204759013328439,0.714068781042552,0.918652110536119,0.949677967964388
2209,-0.213733204461537,0.29552925184534,0.807672285415332,0.875757998041268
2210,-0.216982685526014,0.285029855866889,0.905192115769795,0.834200801150669
2211,-0.216286422098231,0.173684305868289,0.765984966654979,0.759966739307622
2212,-0.201493627075506,0.216679982172573,0.917788975164769,0.823439502365626
2213,-0.20580306122748,0.339000253672216,0.961547151935685,0.898798068590531
2214,-0.217085174768,0.272403997164759,0.771896901600542,0.877965715483804
2215,-0.206676107512575,0.193203299699052,0.961273515156406,0.759868022272622
2216,-0.218662364948697,0.261469316508604,0.810572067591179,0.801293256091513
2217,-0.214598188925043,0.223266896712043,0.891082024069154,0.8243198501719
2218,-0.20092309768575,0.200427673842621,0.87611242939188,0.756562722158859
2219,-0.225429586068681,0.246184774419922,0.766060001066263,0.84801043610363
2220,-0.211035731327032,0.153143776167848,0.870602803419369,0.730373843099245
2221,-0.217142319972367,0.205691081329015,0.772958781069843,0.81391304832304
2222,-0.211412685523411,0.180855181006631,1.01890660291189,0.650808100240565
2223,-0.223403186714763,0.221924464548372,0.862189413826671,0.839022404142543
2224,-0.210275393461749,0.104199674972313,0.858459007094889,0.683006519800298
2225,-0.21512592470113,0.309501401937013,0.790350274143035,0.82970155680795
2226,-0.221884531493797,0.427378905491039,0.858575761177577,0.890705663163302
2227,-0.224897067647365,0.477606049348469,0.875062014970076,0.914815011956417
2228,-0.222219497721833,0.505459260960881,0.907083836192713,0.905737495591995
2229,-0.211115665380381,0.480473246238088,0.807840830453878,0.920284282392327
2230,-0.221373692709962,0.434676655814908,0.816706869596554,0.939402225350422
2231,-0.227397904167248,0.440905710122909,0.873773526082279,0.914391997347312
2232,-0.229983796535437,0.592571418176659,0.905623276834228,0.931071815843695
2233,-0.226709916464072,0.799945761875125,0.743246699156706,0.944115053531475
2234,-0.214271179497521,0.882236686821969,0.753778078641476,0.945795920683418
2235,-0.241230464864474,0.504150775545207,0.889303178052116,0.944785879784173
2236,-0.224527493493224,0.501267834411716,0.88094116766562,0.898134801015496
2237,-0.214487361144785,0.591139453309777,0.763879060114452,0.923753882398764
2238,-0.22874721984194,0.548933453785688,0.827848171744404,0.906201440329695
2239,-0.21143887498624,0.514304868785899,0.766336016328062,0.93332759872027
2240,-0.219760018713841,0.779805528440932,0.906516752550053,0.949501694280304
2241,-0.205652050262519,0.751303613776009,0.907732157828247,0.954091705874387
2242,-0.222582972737982,0.54782863846226,0.897427860814789,0.93916249665629
2243,-0.220056898583064,0.596455643139262,0.958332558686707,0.935123612636701
2244,-0.238766516727811,0.68114957623098,0.994536341774357,0.931227866487331
2245,-0.215801346304306,0.336434365647837,0.806713779010315,0.890341484576895
2246,-0.223579200577667,0.27084224180473,0.897877708902865,0.866598810482604
2247,-0.211680692482198,0.31921129323543,0.762756033018442,0.855137368027659
2248,-0.235258392747547,0.384322333074972,0.876678521317812,0.902975488359907
2249,-0.210771584480862,1.04240351525362,0.856196974807681,0.965225959481939
2250,-0.205184234660891,0.457048436320831,0.998279665690859,0.920723555836594
2251,-0.20708701377899,0.171589447012227,0.909563734426465,0.868003081768039
2252,-0.22330869988744,0.270855233314952,0.891347818444751,0.83583798520765
2253,-0.218077741656955,0.364658627596037,0.874330630702981,0.867337062174462
2254,-0.232634995203151,0.421315183100156,0.870364022943538,0.871531137489044
2255,-0.22748331964433,0.177293957307132,0.938231362309174,0.768543606757174
2256,-0.236372850485794,0.142208231884555,0.879831180908072,0.68126018483708
2257,-0.234877832748984,0.237642308149725,0.919400054067819,0.86974974285018
2258,-0.21664152768245,0.19485358239045,1.04807742297357,0.763030310542398
2259,-0.223816519155244,0.225652942835019,0.911748979603769,0.791933607330939
2260,-0.216238966616654,0.282026181657997,0.826005700630852,0.847669384581932
2261,-0.200061987077366,0.234643435087256,0.794038954386987,0.839592630775364
2262,-0.193088654040482,0.372947045601438,0.832845463041256,0.885099629344656
2263,-0.225351562438933,0.420281518180443,0.734685871371013,0.864376423024189
2264,-0.236032230427748,0.222436430542807,0.874474123957238,0.845895278944527
2265,-0.235371255719914,0.363767691411929,0.874835964673626,0.860589811816891
2266,-0.205194286890549,0.177664165181146,0.865341960133896,0.761863484311602
2267,-0.228003032126886,0.155489518249434,0.882059359560068,0.713709081257458
2268,-0.201024947497459,0.368646819120429,0.921373642115963,0.838590259356696
2269,-0.216559607908244,0.537613225436856,0.904893607615687,0.931820339961965
2270,-0.230315501431462,0.395909773340684,0.798567567788827,0.905520199015095
2271,-0.230188722164029,0.47049983897563,0.947314375367434,0.924397455365709
2272,-0.207461724154054,0.658570833968741,0.87553759783817,0.910809314863288
2273,-0.210639438879423,0.663238307746403,0.722861114639316,0.937796881870654
2274,-0.219725090109078,0.877936636018587,0.777070379351868,0.954832829855404
2275,-0.225890229327864,0.266605639233283,0.893606275577014,0.897076311987728
2276,-0.228366828559528,0.325408832403429,0.901913420274788,0.879752489070979
2277,-0.241312076782236,0.470590304657156,0.927249915511606,0.900904637311231
2278,-0.247801834197958,0.564577594920263,0.985807164907702,0.872069379877917
2279,-0.222983554814416,0.174416947722962,0.899141342936027,0.798551853414305
2280,-0.220633198594432,0.260011878368924,0.795659045570431,0.812570989934392
2281,-0.221115534774799,0.210706858144984,0.76545538625661,0.789673703603331
2282,-0.216718710588316,0.271728532692233,0.910283628557827,0.829696894542605
2283,-0.213715238665897,0.303056177885452,1.11309538966649,0.822773118007933
2284,-0.242700708545752,0.478237913580653,0.873813116184172,0.918183056491671
2285,-0.207566921869654,0.228424637601928,0.7426185999215,0.856481797039879
2286,-0.221177837307124,0.716750740341135,0.957350075557954,0.934891287028899
2287,-0.225551438014736,0.531545193892393,1.0468065330856,0.921605660247033
2288,-0.245176574628369,0.743519469463367,0.971239500455796,0.924113661704646
2289,-0.215041122719135,0.328831225175166,1.10649660863165,0.852933283768187
2290,-0.220681921359453,0.467265985205515,1.15025492485625,0.907259009520957
2291,-0.224446881481808,0.265213253797147,0.988942553373179,0.855089404864383
2292,-0.217760578519439,0.463385283507996,0.947821952432141,0.905759455166824
2293,-0.20922349650556,0.323994124693777,0.867909601968837,0.861615582749803
2294,-0.228528726044205,0.205308105525185,0.898849479736005,0.830493498051091
2295,-0.238120798518799,0.288726321655516,0.785110291013489,0.821780382148711
2296,-0.2184028058271,0.585460100225088,1.02319414378186,0.948425778595646
2297,-0.228787001541804,0.875114032579825,0.925536155835042,0.949139171073063
2298,-0.222122478633149,0.35441523081043,0.762919686138021,0.899743749904032
2299,-0.216937576092994,0.207061098445491,0.862633328783149,0.7650528468469
2300,-0.225127108629269,0.192714667084078,1.09838142501618,0.783393804140865
2301,-0.204646271909048,0.214765265833825,0.86990614576496,0.861193470601897
2302,-0.227522975483679,0.212635765986964,0.913124323165004,0.861326201932605
2303,-0.235221764689524,0.171595818724444,0.839551748579408,0.747571484183237
2304,-0.216320791413691,0.211088679602912,0.768306732318804,0.716487018245312
2305,-0.227638612357978,0.368257479254289,0.783678344693224,0.891614824338809
2306,-0.237968363183007,0.60055203095388,0.794031365396778,0.897010116992615
2307,-0.214644917604016,0.380177149047212,1.03870240868187,0.901295330508242
2308,-0.225650142296685,0.30315114834365,0.865409706094308,0.848273457097309
2309,-0.211267208892661,0.627337488360636,0.892760356598615,0.92965959698651
2310,-0.224287482279,0.564739565039318,1.01359574978338,0.920115519219337
2311,-0.203995254433203,0.298266687115618,0.848855274712411,0.87590992995005
2312,-0.234486242775231,0.305402611417233,1.1315758246386,0.875298853679515
2313,-0.221617762274359,0.150477420301651,0.756190484505234,0.653326923350975
2314,-0.234775178186126,0.219481911571042,0.975754723458505,0.808900623786319
2315,-0.216440906505404,0.172245705958237,0.847748418830001,0.71753532771813
2316,-0.232106332199718,0.168110563307709,0.877870041689621,0.726050675223076
2317,-0.221175515958496,0.171904566789112,0.683672307477895,0.707698593664889
2318,-0.234318748913258,0.297084933330188,0.764952573540346,0.80663060979649
2319,-0.232295085825112,0.281431256015231,1.0412306782523,0.86524579322146
2320,-0.225950784629342,0.501123917990219,0.846951670611227,0.934320538393003
2321,-0.226820257968661,0.482661057109061,0.897735149188395,0.931373703346457
2322,-0.216633261868954,0.439793663507578,0.996137109312289,0.910480899653722
2323,-0.211167266142114,0.612625951627391,0.888907183461123,0.933765076660596
2324,-0.231256335079085,0.777991173592685,0.746671452870949,0.937205430357681
2325,-0.212750108179346,2.06501557196253,0.831563300078873,0.973090928358808
2326,-0.199759140875058,1.42618272750258,0.880510617892894,0.974407830217501
2327,-0.23433647262858,0.950322924409839,0.854794260995732,0.94467309958304
2328,-0.22449326518776,0.731799484206866,0.925499526808519,0.952972058689547
2329,-0.22426741974204,0.544190661873698,0.917214637913157,0.932495079894326
2330,-0.209976702775705,0.741263059088446,0.756882450108481,0.939845661224955
2331,-0.235795443717615,0.691898065974165,0.759755225386342,0.947194093186209
2332,-0.215987870440486,1.61151946336781,0.87882226039574,0.968645434737267
2333,-0.206438210203255,1.82040239628617,0.871371124917312,0.975410356505956
2334,-0.239520211362231,1.75379458093374,0.92243437440509,0.968475004129873
2335,-0.202948410377941,0.365812423882672,1.06035179651892,0.890159272833075
2336,-0.216483879951943,0.302848724792483,0.818457022091314,0.847378510586499
2337,-0.217218212044418,0.364761371533431,0.792839077911576,0.889579694270038
2338,-0.220298381202355,0.259551094492158,1.08097807340265,0.826963097000319
2339,-0.21247852133696,0.257701862942124,0.924118981971721,0.831220666039127
2340,-0.23750045085566,0.430616772973722,0.845312028392189,0.909735726360042
2341,-0.213625830797775,0.560241188817715,0.840921813385552,0.895596061111431
2342,-0.227061495435596,0.377391648106021,0.856643054677058,0.878850827755192
2343,-0.20954459945552,0.195671379955537,0.940335114064767,0.752848241997658
2344,-0.233520386619917,0.219544007667266,0.907031054464789,0.834928257132932
2345,-0.226400596102763,0.356560941877672,0.910515636598906,0.903306267253943
2346,-0.211699590148697,0.421639595653033,0.883299371246494,0.885712107126195
2347,-0.217407006698437,0.184014825512498,1.02068816175884,0.780068477987103
2348,-0.199593534562067,0.142341375465883,0.794615632970128,0.693327277182884
2349,-0.212395913277914,0.224793352008805,1.0414967152035,0.781275411577656
2350,-0.230373263121914,0.159588651779349,0.770708736556288,0.788821055978133
2351,-0.210975677309372,0.321799867252152,1.03479662717989,0.840705576712239
2352,-0.23469622270127,0.192481585109021,1.08488482183914,0.816619217588195
2353,-0.214512063911075,0.217459564308132,0.911342089320418,0.775701148545647
2354,-0.212744964697832,0.157588938695787,0.701307962116934,0.572882068286145
2355,-0.211153279518822,0.157247931981727,0.709133732172509,0.695998721501183
2356,-0.23784698644461,0.229856428249904,0.732936123072788,0.707748689043309
2357,-0.23472859878481,0.280124506913566,0.725151956461072,0.833489830733994
2358,-0.223938339253074,0.229736224166272,0.896332479194975,0.818078098549241
2359,-0.210553800623998,0.203098786442542,0.859001375386544,0.791460988515646
2360,-0.21799425603474,0.245302174115909,0.919403639696709,0.764372859908329
2361,-0.222328498835829,0.181473171884378,0.897717589071438,0.766355688567574
2362,-0.199153297692,0.351503693472167,0.826722714907302,0.879380941719854
2363,-0.227664521653043,0.227304564357043,0.880346866325647,0.847348879261536
2364,-0.22046274735796,0.16269219451629,0.780571127688196,0.65053987856951
2365,-0.204377122897633,0.106565726646321,0.671797280368531,0.669307701042487
2366,-0.218711181791217,0.135662523382218,0.846823750438905,0.734548092137594
2367,-0.214577512936036,0.208223778929406,0.779263439620469,0.839097929716028
2368,-0.199076439885851,0.218211699998276,0.889344470772626,0.837083838120463
2369,-0.21282833615419,0.234205754665138,0.883877779000526,0.825620508157475
2370,-0.222481831448413,0.200875978044062,0.87204175508501,0.803882826570815
2371,-0.224687416267227,0.240654995866012,0.858244711463895,0.780415607673713
2372,-0.220244894564269,0.114246526374994,0.782376463210931,0.555605250651268
2373,-0.233204892939341,0.180703216753224,0.756353757688609,0.723021666904238
2374,-0.211818736378837,0.19633430757625,0.93556651472865,0.797300619912368
2375,-0.191782659542711,0.211900904987556,0.91995489445647,0.832109123891021
2376,-0.224589005725069,0.389259343449758,0.828911514224716,0.886378488578599
2377,-0.199487076591689,0.433970701940358,0.923097578949888,0.904965820335589
2378,-0.214212977272032,0.255062917790053,0.864701257283921,0.872441204381644
2379,-0.215500992027664,0.29102310397856,0.797897091127073,0.81135562692988
2380,-0.232163555809054,0.288226658931937,0.844566236318157,0.852883408415064
2381,-0.205537421341686,0.302927174751218,0.806396629340211,0.83659967477564
2382,-0.214914444501932,0.535767715373008,0.906046655647195,0.921315746908249
2383,-0.240603410037834,0.626552726131915,0.860563811299363,0.921027788735266
2384,-0.214007303813147,0.309351049895856,0.871060888317108,0.846581646356542
2385,-0.241717550681734,0.291941682997452,0.969006588409415,0.838045222851436
2386,-0.226270397562646,0.232994105663462,1.02232116497724,0.835919741778274
2387,-0.222736829673533,0.176077883478766,0.872793150399872,0.760080880288217
2388,-0.232605074364553,0.16120200569383,0.894864733729355,0.734302587023579
2389,-0.225478371302114,0.135960786877019,0.925069938777484,0.748036661871352
2390,-0.218185229891479,0.239327634966929,0.880087300293195,0.832073729893093
2391,-0.219565106459817,0.211240490986501,1.08775897806368,0.800638436663712
2392,-0.217479620156697,0.528558265242036,1.01925601260938,0.912042187360821
2393,-0.223980604202917,0.509440161847512,0.821791557771894,0.911022070679232
2394,-0.215327558718903,0.35929208587329,0.857049464659296,0.880765305076758
2395,-0.211543894467852,0.225856609297873,0.873136043212514,0.779059919612079
2396,-0.239418650136486,0.157079821967345,0.892400545060492,0.734264740153173
2397,-0.224672458128587,0.256189728668253,0.797183244800405,0.821832449836831
2398,-0.219742514124152,0.373825542265416,0.736704924894642,0.866968798915467
2399,-0.217482857939976,0.736086741915958,0.764315377938173,0.919569920275383
2400,-0.21364423264279,0.243581813582863,0.87677790342902,0.787598698368808
2401,-0.220060875315653,0.299296368720422,0.847356907036698,0.878628814959297
2402,-0.225522629712808,0.32968005807609,0.891866535609392,0.90400082907681
2403,-0.225916628268749,0.564985590850686,0.834633480728973,0.884784396167781
2404,-0.207384846145532,0.414109246142984,0.914531926653228,0.907230270496899
2405,-0.219866134457682,0.589427237456377,1.03931337145501,0.933034869146892
2406,-0.217207319893972,0.71729192415852,0.908019858495776,0.94498079708659
2407,-0.225329301497858,1.14797230834093,0.927243684965428,0.963950626364793
2408,-0.198912910128969,0.935449477223945,0.911396152927573,0.950973522588921
2409,-0.212902052010169,1.03422729747916,1.04978375098075,0.945898182883066
2410,-0.229616659156199,0.632050771658699,0.919589739451661,0.931380568016114
2411,-0.230081857078575,0.343484262452557,0.944516001426406,0.894210280997514
2412,-0.228756300232323,0.544151283651308,0.882693169656622,0.943257126550146
2413,-0.220521575013499,0.136311860964561,0.772703241088178,0.667881978034471
2414,-0.231663599348843,0.193278265792704,0.798327948946772,0.677840717326627
2415,-0.233595292783427,0.137934810460052,1.04789600470557,0.730834420184812
2416,-0.228593352149161,0.197123113888539,0.954823447551957,0.741968348806939
2417,-0.24122605443456,0.169005960196259,1.05603409122187,0.712646336600144
2418,-0.20948248215252,0.181008626072618,0.890983352946966,0.77919553532082
2419,-0.213820189941264,0.442778908202004,0.899367547046082,0.906826380131831
2420,-0.219337141393443,0.295443636215683,0.882829107161879,0.876165073584793
2421,-0.222533864945147,0.339011624541165,1.05903788016504,0.876215558135851
2422,-0.23386247991222,0.831209115595953,1.0725395368407,0.921111681460298
2423,-0.221846464698441,0.278055705801826,0.751858953401522,0.808964507206058
2424,-0.225302551874873,0.215950562342414,0.916249240137621,0.731247430170682
2425,-0.21650418174576,0.125835012777558,0.81646407900882,0.654918393334108
2426,-0.227850209299103,0.15891841620807,0.716496129389334,0.746390658990722
2427,-0.212911245298929,0.25471685899881,1.03056388180204,0.804515505471112
2428,-0.219702858792336,0.312927337943673,0.902792147308264,0.84154990614904
2429,-0.216203712578186,0.296454179253893,0.798226313954338,0.819937509041403
2430,-0.219953425152596,0.3599824831235,0.859065126679416,0.90919403420325
2431,-0.22352697505096,0.272159499759908,0.925255309069183,0.834811706190641
2432,-0.230327977460893,0.288497690554496,0.921171706946462,0.824563456396824
2433,-0.215262330706922,0.114788282416946,0.75968459857733,0.618837422377782
2434,-0.217778543766143,0.174380018824206,0.88654336935981,0.735386981717128
2435,-0.211069893758914,0.214469548161389,0.778111886973131,0.82048641113617
2436,-0.211392480143589,0.224998691256707,0.796654848576188,0.865179986473845
2437,-0.206825197657255,0.256360847115831,0.880697659937237,0.854232340898182
2438,-0.21135583305369,0.167392457848221,0.726902628517379,0.798330666756725
2439,-0.203754123040692,0.130161191969126,0.894198614355235,0.747719357622711
2440,-0.241163614280502,0.194421113649737,0.94142825046306,0.774558878918016
2441,-0.213457560990308,0.0903782792102746,0.747136229377303,0.524113631944655
2442,-0.242128360731032,0.162593168659513,0.915414570313611,0.692966720437101
2443,-0.235960361295907,0.227134933671805,0.843887361010591,0.758452236369672
2444,-0.201448730148226,0.264657283133763,0.905553872857219,0.824228836266966
2445,-0.210515588451205,0.197146183210237,0.833175958088775,0.747858731627736
2446,-0.218892052940269,0.157877003741146,0.839569999863772,0.718071604702195
2447,-0.218919251638071,0.126262663060597,0.798856610424598,0.631941702129584
2448,-0.213353584447416,0.251988903647146,0.957476944652302,0.805667614884521
2449,-0.216461709857198,0.161669187161669,1.10663042973472,0.768294438521698
2450,-0.221361429536483,0.207377857950636,0.901621633930136,0.81218911313267
2451,-0.226628354643036,0.491601116013041,0.925327061478875,0.912535507001194
2452,-0.225471490970903,0.39959298104104,0.73148847514876,0.892851168589137
2453,-0.230436907165425,0.273588714179422,0.898126801857366,0.871715756266115
2454,-0.224009321897741,0.276133733429079,0.886236039504509,0.839359409654601
2455,-0.233114317017262,0.325716749311467,0.850728284262911,0.862812436441527
2456,-0.207594365566253,0.288371219882816,0.897897916973153,0.844033836477435
2457,-0.233261569369132,0.14908298329453,0.717121591985262,0.694075240990426
2458,-0.23968664427763,0.163175032214983,0.748968669497351,0.678857034008418
2459,-0.23601028752362,0.105437185733331,0.918378805835213,0.637707522076378
2460,-0.218937093658462,0.144813458887473,0.759381002932009,0.725425883431481
2461,-0.200660354679068,0.208241534016458,0.909150465456753,0.761370012148586
2462,-0.240815906552277,0.240248166664637,0.717361904589063,0.77803808536977
2463,-0.226650054766215,0.333807266262664,1.05568100040605,0.859054510411888
2464,-0.228828555425187,0.308368956809785,0.929881357515822,0.874989644415351
2465,-0.234734909027699,0.390339311522669,0.715249248353977,0.872790863852366
2466,-0.224273891186382,0.266578888933372,0.92153872233091,0.851777127330816
2467,-0.228159287154964,0.53661295535099,0.81885649664064,0.892391516640002
2468,-0.217720835251996,0.55118485045946,0.870400467137792,0.93867085509545
2469,-0.220442231894338,0.799884684220114,0.889283590710085,0.951853975206725
2470,-0.213428381107307,1.20665073319891,0.899120760348634,0.955112077824178
2471,-0.230466759209849,1.15626471188706,0.852870761894286,0.950129899966485
2472,-0.226494110306778,0.693007571666117,0.944325674307924,0.949909694580096
2473,-0.228749901696063,0.663406013149204,0.889722964847741,0.92730076039013
2474,-0.210622099169932,0.513367056907857,0.957103175469378,0.938232320641076
2475,-0.213524238131364,0.377982679852457,0.822937743644424,0.921349817910617
2476,-0.23241617380229,0.617317516773377,0.848712823001138,0.920283284075303
2477,-0.228556731164444,0.520897743892127,0.834560588000217,0.920101604855487
2478,-0.213995874748947,0.523574596002251,0.83335459286043,0.901455508540551
2479,-0.217619054208654,0.371363207700729,0.887838633432631,0.884897125097105
2480,-0.210142412482841,0.350108853245173,0.746715141183041,0.830518061363124
2481,-0.224970860709882,0.298602521610826,0.761127345620053,0.827155994802517
2482,-0.198552369832555,0.213085877989532,0.762431805857612,0.791757507392594
2483,-0.221221413324605,0.188184461939532,1.00409501550885,0.777257067631605
2484,-0.224422239150011,0.318749155909384,0.848077884529634,0.877756717178956
2485,-0.202574043229349,0.129907715017932,0.957125345786896,0.706139475341836
2486,-0.216596111106713,0.310638279943615,1.08201735660029,0.863024486806855
2487,-0.214092059690747,0.167986392791607,0.857186088441141,0.762680598633019
2488,-0.228751421620293,0.1441204669378,1.02388905850757,0.652759594574627
2489,-0.222940937626653,0.184180869480839,0.885024442590896,0.747405284802235
2490,-0.203912737782706,0.135349156467733,0.916022374258146,0.642258147848544
2491,-0.200575598168434,0.203701344545611,0.853787293595218,0.777545489410665
2492,-0.23121441251193,0.2510433888919,0.886500688944363,0.818373870861447
2493,-0.238898286016893,0.481283809383741,0.717373606112045,0.875072768719048
2494,-0.225205369999726,0.39117824328827,0.73184192575575,0.8943551349671
2495,-0.223512229060248,0.287460367535452,0.894207993067786,0.836667721117922
2496,-0.208932845666727,0.370268717790361,0.907776639778759,0.883810118100379
2497,-0.219590168085735,0.219588977326067,0.911441566989166,0.819533378285312
2498,-0.222119030387224,0.31165320889727,0.849658187060242,0.850596180485606
2499,-0.234774246559476,0.31471082535062,0.819528915907748,0.875191935310959
2500,-0.222337362856339,0.353980494703649,1.01107705289552,0.895290565568373
2501,-0.239536622997993,0.28955606437299,0.902428563150099,0.867015174575263
2502,-0.233377273764183,0.420849517630503,1.04825092550165,0.925815799261326
2503,-0.219317353517305,0.387608201064059,0.816224252971053,0.908779197869219
2504,-0.231722375305222,0.2801994121659,0.760941940749398,0.842212054498401
2505,-0.219201187151044,0.255735178358163,0.891166620416192,0.857212107925503
2506,-0.209852642681492,0.153832900170751,0.88243574666034,0.790103607888638
2507,-0.225684539711079,0.248121275502023,0.743637996914002,0.747819425202886
2508,-0.227464710056205,0.168513499545705,0.821267871575505,0.774770755057821
2509,-0.232188344833981,0.228371354455902,0.806867719993908,0.802984013155825
2510,-0.218408240860234,0.241638860162819,0.866657951890143,0.80927358718507
2511,-0.22361291362291,0.276129703207947,0.777677357088096,0.854659864895272
2512,-0.222267175848329,0.342544789063194,1.07537080771563,0.908411187918584
2513,-0.221837508100775,0.862328841500461,0.900084313607691,0.94383869658448
2514,-0.233423664541228,0.946444088383686,0.916109796190602,0.944985542278454
2515,-0.226761043766185,2.56500254154667,0.923039532211827,0.98138562813612
2516,-0.22220683629275,1.12621012112015,0.829973379368528,0.969233129305965
2517,-0.216173443959627,0.740591119256653,0.826943989881044,0.943217685024077
2518,-0.227969198176638,0.456436269545491,0.820140694296745,0.916126918394461
2519,-0.218574888573099,0.546690236938387,0.889178965036136,0.902772598199645
2520,-0.224634409619256,0.258828760154192,0.833197498472967,0.817686725229104
2521,-0.226087919235868,0.261465329308644,0.887584448121476,0.888448804156802
2522,-0.215317976262778,0.249029915391459,0.876569280403851,0.874353656886302
2523,-0.230739009997598,0.418946609829232,0.911866669366758,0.897922691126234
2524,-0.209768151109654,0.286017588608814,1.08128322492604,0.877039125222858
2525,-0.231305639954508,0.254541774445468,0.736872201337663,0.813234253952836
2526,-0.211880195711752,0.172124770913108,0.921324707210425,0.753732094202364
2527,-0.213872729031453,0.194140132589881,0.925244433750001,0.80495608258606
2528,-0.202766224047552,0.147083261477847,0.868612363564951,0.723015234831903
2529,-0.222681448161176,0.19295584119015,0.814424044531714,0.768084173287827
2530,-0.209206699598935,0.214703650193878,1.01083617350141,0.856369019272665
2531,-0.221819479084625,0.352606012644425,0.790313863139242,0.8535059172798
2532,-0.225471150378562,0.560232818998212,0.844303624281483,0.892275247636276
2533,-0.219923712870537,1.2013489926975,0.904251788258705,0.965924445791126
2534,-0.218383485202267,1.64846169050686,0.807084994320394,0.966755356220244
2535,-0.208964637795798,1.58982396759483,0.777614736305351,0.97448397043809
2536,-0.202114263427947,0.72656406670094,0.727584111933486,0.942851719071251
2537,-0.219590856696024,0.648027638922848,0.906198830861051,0.945078602727241
2538,-0.216802459463272,0.677580469038907,0.765963215605923,0.918377698989134
2539,-0.222487948484029,0.19486897781442,0.878213847662211,0.867402074443543
2540,-0.22592517907217,0.241198557754311,0.808431898260274,0.82641759197932
2541,-0.225472438437578,0.45899960204259,0.844270575918267,0.895063640016243
2542,-0.224946045694761,0.451381154939188,0.884236600403355,0.924815344590663
2543,-0.206737113515434,0.230827988572771,0.914200312841264,0.841958840871836
2544,-0.232739924148727,0.464121927189793,0.838078103456787,0.909586446047885
2545,-0.236256164426411,0.169581815369972,0.919469285458243,0.811760310169649
2546,-0.211872909178702,0.245839655834632,1.04256852913029,0.791995469769037
2547,-0.223147248892019,0.135574176221889,0.849713252546763,0.720103169239306
2548,-0.212673954656502,0.261758872263241,0.854005447753854,0.801055159958595
2549,-0.224057498297882,0.188184682182817,0.957741378615477,0.790095822905797
2550,-0.223813309969084,0.219026502546216,0.728110902867457,0.784182763272217
2551,-0.219285125591135,0.166055722001351,0.875423973277825,0.803517011749335
2552,-0.230312859661239,0.239747173941454,1.02297926504527,0.868876979034526
2553,-0.221414612721658,0.312645123384125,1.06674756328783,0.875668827454464
2554,-0.219930045509468,0.226418049058095,0.913946398881719,0.821682502518936
2555,-0.233843301979305,0.261551167779193,0.870895870491603,0.817459221828948
2556,-0.203707844400226,0.357368021975914,0.872693678592801,0.859361993593202
2557,-0.205058637881792,0.236764621280914,0.955477241929727,0.860867405969634
2558,-0.205758879326458,0.413677494642087,0.89417417123437,0.905650965535107
2559,-0.215002093862497,0.273837298510487,0.87559711300346,0.851754354574187
2560,-0.227410659530125,0.414239342607477,0.783598939947204,0.916174306107168
2561,-0.215160548142563,0.456549695683657,0.919796559940184,0.920831648691002
2562,-0.216600232482983,0.487240026554926,0.898561651554286,0.922859706567861
2563,-0.221841940257011,0.646841667564044,0.856285362097941,0.92646450186469
2564,-0.233094315817874,0.34509921924001,0.822148863298441,0.901236266920745
2565,-0.222218515877757,0.812310941407431,1.11667080524646,0.958233272593002
2566,-0.236092483007546,0.392323645491049,0.916386194060462,0.910969918018817
2567,-0.216068485483222,0.662605183736156,0.773977521381791,0.933684575405186
2568,-0.209243047047638,0.344719582493899,0.923597151529995,0.891154120483416
2569,-0.200023204890138,0.461435693175179,1.02602739912013,0.863546968134104
2570,-0.248258742418306,0.553104713218152,0.917897091637479,0.922476521212127
2571,-0.209992355540354,0.396160071191722,0.846220732350149,0.904275853114702
2572,-0.205867631825134,0.506297820742333,0.870645319404372,0.919760287422417
2573,-0.24532476755976,0.394324107737523,0.772355363082993,0.842668124166159
2574,-0.223801769932189,0.276896693475643,0.908847383683379,0.846944015703593
2575,-0.218162413514132,0.307206176786348,0.851242151378824,0.849319352439586
2576,-0.215020336467377,0.134854325647917,0.91767776812921,0.772085881148858
2577,-0.230174439704916,0.229382959287184,0.849878212055298,0.803297100648766
2578,-0.227776028656055,0.122567727702138,0.882362114699998,0.69142971769202
2579,-0.221115206650149,0.173099226340025,0.891555587795019,0.791722155706866
2580,-0.238344511706236,0.602266513082478,0.896106811071453,0.939474229994125
2581,-0.21412207016766,0.888945624764233,0.877103637338626,0.958688207221897
2582,-0.211809079184051,1.20199274757739,0.817796886990407,0.973637873926919
2583,-0.237739617565212,0.984017376990323,0.867964533217337,0.963944340166049
2584,-0.243473751076732,0.353317762367555,0.845825505787654,0.87112886944896
2585,-0.245167870275312,0.210107216882716,0.801308545462401,0.846223389996675
2586,-0.220756896882156,0.311343328157764,0.820506316863429,0.871323746019968
2587,-0.222974700329664,0.364792315941513,0.856062628118317,0.899951780788538
2588,-0.221037982864213,0.20999084210117,0.834105477271841,0.724950996308161
2589,-0.205762830916367,0.094817707742875,0.930316260963309,0.51165759728194
2590,-0.247223184801511,0.130742478836707,0.825212518929189,0.713001702125233
2591,-0.216483270749886,0.204698098348697,0.89615746133191,0.820395211473177
2592,-0.226690823195779,0.244964952254544,0.901322249139248,0.835616846676202
2593,-0.216442813762668,0.129978556810935,0.654965798448224,0.619868104539891
2594,-0.224454488808598,0.150941608088787,0.784622666793758,0.696208154443539
2595,-0.20752253398713,0.154057885927165,0.790209186093387,0.685296925236193
2596,-0.22437650877525,0.112384868682049,0.666735758800964,0.655120101025343
2597,-0.209069575242366,0.116193643407827,0.665370636047364,0.584327345896736
2598,-0.212911542116428,0.10048582635147,0.647930726960339,0.411234515078378
2599,-0.217892534047665,0.150847375480616,0.696256938330025,0.601577121166356
2600,-0.226144387759868,0.150927073894268,0.87772323768233,0.613089262161214
2601,-0.23219039178874,0.127570492248997,0.79620261867139,0.583112883510278
2602,-0.20959761723275,0.104047726752732,0.845441205721503,0.622852961674
2603,-0.223107796874032,0.193986496233118,0.889106453611825,0.698717915803626
2604,-0.208992696861923,0.13506338649381,0.788991723419298,0.68265409640301
2605,-0.229021914440504,0.153474718497656,0.676580503146051,0.630839420315201
2606,-0.235025586714913,0.205019266169217,0.85571895170237,0.791587127842226
2607,-0.211597044030815,0.144113230568323,0.92837952933584,0.630572890272251
2608,-0.222373523477799,0.15604032015059,0.899453264863454,0.771424747496692
2609,-0.198028431071018,0.242604036591894,0.821107782633956,0.798678547282486
2610,-0.211599765966334,0.25458433304651,0.922470724933807,0.856053399318344
2611,-0.209651904944703,0.360775245556405,0.718105953958138,0.911100540547454
2612,-0.208775824562204,0.448265132111176,0.941487720141391,0.91207992580413
2613,-0.210215661306551,0.703679454060818,0.908685490720176,0.947961963346455
2614,-0.233658945943122,0.53250044873852,0.905729651637589,0.945538502075512
2615,-0.18530499826376,0.817364601693209,0.854699722450222,0.946692562491734
2616,-0.232667685585435,0.488870717251593,0.909935014456269,0.899036387507295
2617,-0.212234656815701,0.48343717516444,0.774431572595531,0.900492508530628
2618,-0.219799692081236,0.655721917644926,0.908826931333776,0.923416992818738
2619,-0.217191267585788,0.569489482592858,0.72944364338764,0.888556373519469
2620,-0.202439602051756,0.648197192600026,0.834705540245766,0.933379432485878
2621,-0.206494586977009,0.621822927899366,0.805689713032014,0.924831246000715
2622,-0.221759257794207,0.323880812398507,0.856467000343563,0.891726259147323
2623,-0.215462115355129,0.499793693757103,0.895291312436072,0.912332182179598
2624,-0.225176777848518,0.331715197315702,0.792210555317895,0.845062613043627
2625,-0.220980390337364,0.342162747877389,0.933434696345403,0.863955030367745
2626,-0.211581780944396,0.312993204602505,0.903153820672257,0.877502673603134
2627,-0.204862973944247,0.257695286580221,0.900838140733765,0.869427560491726
2628,-0.228771057357326,0.479685941314854,0.970575685758714,0.923062700248126
2629,-0.214909568332894,1.09925732384204,0.923423292640337,0.970208152138601
2630,-0.238463596479952,0.782911068687747,0.916901226756729,0.948370392638276
2631,-0.222869940829753,0.584634932375222,0.902231286298775,0.93565743730096
2632,-0.236381543468651,0.709687599117849,0.846627929679547,0.943079432920098
2633,-0.224216909193872,0.625208862438876,1.01864326086204,0.92782306729021
2634,-0.21814222630203,0.887504508963159,1.06699025337556,0.954191854095135
2635,-0.213494812064726,0.567336098662198,0.917076361038038,0.916802952571106
2636,-0.220144000838079,0.425384251669531,0.971906697896891,0.909401311701217
2637,-0.231557161123927,0.304344969690842,0.875125470035747,0.862258003044433
2638,-0.226555181323015,0.449927138215918,0.848086002997844,0.883305705189059
2639,-0.206596438255832,0.531600215939527,0.793054364673184,0.924101089865258
2640,-0.212361273960894,0.432363728469084,0.78293859206661,0.906590563377366
2641,-0.227139479121306,0.304455638715544,0.91420505498259,0.871737548426803
2642,-0.23191821564783,0.432318020243566,0.96629507518056,0.920954078667064
2643,-0.215479763485168,0.551080568361469,0.853192608186161,0.936119686741453
2644,-0.244485575114554,0.561350180401949,0.712247108895795,0.9093900922103
2645,-0.205591471588074,0.419524593699129,0.836676612371863,0.892479514255254
2646,-0.235629825094655,0.362105012806182,0.893978030813565,0.912492711678962
2647,-0.216067026816443,0.426259286018329,0.91387606591184,0.899327699180324
2648,-0.237577517791962,0.786996866220074,0.830149065540483,0.940055972033906
2649,-0.206506558144765,0.384959069658374,0.877920261541219,0.890494974316748
2650,-0.215589682712639,0.351825528570202,0.885093629310965,0.853203576743829
2651,-0.224315125778464,0.115809605719086,0.834021876601657,0.666733186448294
2652,-0.222372895044307,0.177733377717534,0.76192115550506,0.692899964277078
2653,-0.219715544854958,0.217150747182659,0.781658574840996,0.758496813186989
2654,-0.210969676575851,0.568500150389565,0.889113287978801,0.931352648620782
2655,-0.239550634354302,0.428919874322796,0.714279125437945,0.852526928811347
2656,-0.209128667442484,0.317741373159953,0.796517536548691,0.876642517941697
2657,-0.208226053714791,0.513955274259281,0.85247562419659,0.910119127828975
2658,-0.202430664855912,0.360623271632799,1.14113238627585,0.901743825751077
2659,-0.229436076451381,0.831690131534902,0.90645681887121,0.928470431295172
2660,-0.226974204038158,0.285256208480379,0.909479845882381,0.839552812125303
2661,-0.238963880817797,0.371510655706738,1.05604399189348,0.86775909152394
2662,-0.218908285894767,0.181114597797651,0.937678711292896,0.79262526165615
2663,-0.215928805852918,0.183826808321949,0.695562641876702,0.725357564414295
2664,-0.22981080222268,0.196918717709005,0.847437319695642,0.762612537734923
2665,-0.235316330375593,0.178044095699481,0.917748022209882,0.759170604432396
2666,-0.20359781476955,0.20313529924756,0.874905742133836,0.789534102978414
2667,-0.211974941274482,0.14895466256099,0.748341167068495,0.692044235323881
2668,-0.200905205632832,0.205548657157568,0.888125939630401,0.854618224847445
2669,-0.206494452694182,0.324579962303671,0.732543454347636,0.825336864870183
2670,-0.225702845450804,0.272102215537493,1.03653867089644,0.89554923687953
2671,-0.229607831640792,0.252656669881232,0.849840797427756,0.852580948861082
2672,-0.21318140129742,0.308781107532217,0.98463685790783,0.868374798402385
2673,-0.221463136729648,0.171364687683775,0.727185591912428,0.792826184841062
2674,-0.221289094888929,0.220731155011535,1.02542513838214,0.796037298523681
2675,-0.213263811871364,0.283179420888561,1.02610288234102,0.84360591866208
2676,-0.20679018278172,0.477122080857292,0.865016532733963,0.904037363138991
2677,-0.206600917882767,0.449340323212976,0.924374761389835,0.908941499649686
2678,-0.209290900063873,0.49448886371309,0.809873880329376,0.925531575285064
2679,-0.219669380674344,0.356404393848263,0.963757203483361,0.890290580749452
2680,-0.220000698847774,0.167881371721201,0.914310599040483,0.791935143073512
2681,-0.210633296718546,0.229366217997742,0.80034662694386,0.768257503801814
2682,-0.214791319363456,0.205761373643561,0.860626044162413,0.82984907301191
2683,-0.212459030292797,0.364178186128829,0.83381502956299,0.898547022561411
2684,-0.211020395315211,0.329660509212167,0.91254672421046,0.873284596344395
2685,-0.220828303172588,0.232248822488533,0.951437378886555,0.822991232199499
2686,-0.21822732630649,0.206622380635894,0.880638932622349,0.77849319027673
2687,-0.20158245908093,0.219375069569982,0.913187719887549,0.797879729120066
2688,-0.215158289252966,0.239805249883589,0.737888031949247,0.809789154771228
2689,-0.217521098858649,0.184969255838783,0.845310108239757,0.820933179061383
2690,-0.212791979917746,0.416459106309128,0.827415491340913,0.887969184150297
2691,-0.214856744873928,0.282791385952485,0.883030054179263,0.832160624626126
2692,-0.203767726953227,0.202649264407364,0.84868656230738,0.803392755246122
2693,-0.202472415267414,0.279157765302102,0.854793586666001,0.835574982034802
2694,-0.216461484709863,0.16240611047349,0.890632773498201,0.777679982644385
2695,-0.217160875137009,0.147511119329477,0.878405597669606,0.728128343764666
2696,-0.204643387580118,0.176752204485914,0.913026759561301,0.748138391342431
2697,-0.21337578957889,0.402638001588639,0.87630579026646,0.872799832629474
2698,-0.236683370880376,0.396770090800903,0.893881614310831,0.901300109323866
2699,-0.221418789175274,0.329093554231035,1.09793772526058,0.884506644760894
2700,-0.205183187423541,0.336255835381582,0.901725731363194,0.875628515652613
2701,-0.220475224093511,0.302757258149353,0.857803421007249,0.848271179253162
2702,-0.233742919209912,0.430660887932728,0.899562556997944,0.898983567233711
2703,-0.200873944450162,0.623402963127669,0.90891052206755,0.892202118817855
2704,-0.216025124723689,0.246663533459884,0.829496954356063,0.825037489993946
2705,-0.227174067141643,0.403959256150165,0.919903792202711,0.877799628855514
2706,-0.219444484243512,0.311561145090322,0.891236549269451,0.862051139666163
2707,-0.210490446823417,0.219835201955106,0.773992137002186,0.760495295597277
2708,-0.21552347341415,0.132277658432166,0.856342172579954,0.640035848181752
2709,-0.227462670426526,0.0985408473041307,0.9570444896373,0.536688034039345
2710,-0.233965639913942,0.150742390652533,0.901770401631559,0.718477849322671
2711,-0.217223071399056,0.213524679002979,0.9123412218757,0.826918049112046
2712,-0.222277705401523,0.168014858188745,1.02759436505663,0.779088805123284
2713,-0.226083099706091,0.149128057396958,0.815199371291417,0.727974942277013
2714,-0.214725601697402,0.144672477372225,1.15619192811578,0.705325111300158
2715,-0.206091771882625,0.0922001163955234,0.771769812041841,0.464815539706075
2716,-0.214933985316377,0.172077221816373,0.915268135398795,0.690629055247703
2717,-0.224157040937114,0.23037596597095,1.03361722646524,0.768507985397135
2718,-0.210163540447797,0.118655452144515,0.829167306107281,0.646399112401953
2719,-0.207116138478417,0.120915952125303,0.728999469279463,0.584928573911249
2720,-0.21070916029376,0.200606513088587,0.725092253548353,0.800755307808509
2721,-0.227638607482798,0.256376349835481,0.848784857392697,0.837907393647465
2722,-0.224357612207326,0.145282922830514,0.883349540555111,0.763983963557368
2723,-0.214355016133403,0.150096867651952,0.89340780990593,0.720730194357347
2724,-0.211932422107503,0.200878211044578,0.983644026667323,0.801246140927536
2725,-0.227093764365802,0.143463467634963,0.977695790081544,0.693256588361145
2726,-0.199584695083271,0.267904205901195,0.688156486248392,0.834043033442327
2727,-0.235787532398909,0.196730744399648,0.749255976448257,0.803472602520953
2728,-0.226738982981679,0.159590467201382,0.864110275092451,0.76075818138003
2729,-0.223183318298931,0.27403350862972,0.91148966693016,0.855059665581452
2730,-0.214237198171538,0.163749402086477,0.825007022778821,0.77776359503213
2731,-0.225040073863983,0.218756722922899,0.71401871121962,0.812522775223846
2732,-0.204602507177195,0.180352398493076,1.08530881962284,0.808967028253034
2733,-0.197840494008411,0.330238749160536,0.875360100185336,0.845034744099928
2734,-0.213265385192492,0.318943265943191,0.946021844680936,0.850906183110144
2735,-0.246817249677762,0.440888496619465,0.881578307818588,0.880464233112791
2736,-0.227205846769393,0.360519420733681,0.850552980414556,0.870460084234676
2737,-0.217666972699562,0.244408171534835,0.910540173593367,0.810539834153871
2738,-0.216576613607229,0.16167679745929,0.863352111017217,0.732674362895655
2739,-0.226051457448845,0.211456154775664,0.707772814842738,0.773378013794389
2740,-0.202936771218655,0.158055645672247,0.662260147670325,0.691498391334122
2741,-0.232361670355241,0.198918495024941,0.857391620336142,0.840193282936123
2742,-0.214174888007156,0.347806180233083,0.946480469054836,0.896622443816475
2743,-0.221989297950104,0.478169458865903,0.919558372315687,0.913508942304163
2744,-0.238782684879671,0.28935988811378,0.887437533384043,0.889738505430201
2745,-0.23215890436222,0.395612612394944,0.881858094460431,0.876336822554681
2746,-0.216934297945972,0.176432445890204,0.91195914293494,0.785843730680057
2747,-0.226272621461074,0.290817410959672,0.866092635998072,0.842206010250386
2748,-0.211506206243311,0.165254811686074,0.860618072442187,0.687423808512552
2749,-0.201286821226127,0.206175485053934,0.917212895903004,0.776972463662682
2750,-0.210087772864968,0.199923047551182,0.857122984818723,0.846920605507392
2751,-0.211048457708231,0.260419507099713,0.822196421319218,0.834697298794326
2752,-0.218686940443591,0.143098853969419,0.9194334315934,0.663437385982739
2753,-0.216387215683974,0.375640522818389,1.02993648493904,0.905354682469769
2754,-0.231897054604377,0.444260651932862,0.997615013046831,0.909082423884309
2755,-0.223128388200352,0.36528904170613,0.870566872782885,0.853813627409362
2756,-0.238021550483532,0.324273395205252,0.863133462954328,0.856130622396949
2757,-0.224110470822017,0.217353337282438,1.08755222256484,0.819041131435447
2758,-0.22565176323713,0.135178650792075,0.806843128417249,0.728594431733784
2759,-0.22636403086004,0.232286036899976,0.896213776996191,0.853635183070114
2760,-0.220425027341848,0.449062106367906,0.739947883358516,0.868727022181474
2761,-0.22323969543294,0.27791848099234,1.02226054249392,0.800478027901475
2762,-0.212647568092443,0.16919785766095,1.05964851117832,0.738989275172937
2763,-0.21234524627464,0.219515597800097,0.975828754159968,0.825204884836499
2764,-0.207298269197343,0.184076138349054,0.874858399775693,0.725318416977024
2765,-0.221280329701999,0.316797313550759,1.05935606893365,0.866274542247665
2766,-0.216067051899645,0.368517841934139,0.923962713300143,0.917748630505697
2767,-0.223100551746827,0.474199284877555,0.917948253604562,0.931267676614143
2768,-0.219873972395585,0.470707833111183,0.754216722693077,0.917625780061303
2769,-0.206538559511911,0.398594295722437,0.795200629565428,0.882933736533602
2770,-0.206903664174053,0.234421653319786,0.888441225329961,0.843460682544413
2771,-0.227900740034317,0.192907600065016,0.768933823209934,0.852432046231793
2772,-0.221761885766645,0.411763467871536,0.759836865407729,0.879582274172647
2773,-0.215882372682728,0.412628754775829,0.861893759948336,0.906209002079427
2774,-0.220831523912852,0.532916161176898,0.926851813183479,0.913710254645522
2775,-0.213013171146119,0.660152573439518,0.902623102997466,0.941345720902419
2776,-0.205627463209018,0.449982122343875,0.875126685027296,0.915731682439235
2777,-0.215103747475677,0.546179020411634,0.779542010800016,0.88418719805776
2778,-0.232520227144069,0.173920620213033,0.879157381404646,0.772308839801703
2779,-0.214656235732873,0.150119924893758,0.895857046786236,0.747960127990392
2780,-0.240619660435904,0.503756103496009,1.15374996914541,0.909562912899347
2781,-0.221770125994008,0.332396985697649,0.889106057537217,0.873956934089601
2782,-0.228124225739444,0.316286420497533,0.879618457512885,0.886834584256133
2783,-0.212408081073208,0.319578737332106,1.06607513445577,0.871382195605463
2784,-0.211853044548714,0.44716312073943,1.09839650832751,0.918214141503742
2785,-0.217583429841308,0.600278261776821,1.04382487805774,0.916755373676675
2786,-0.221166096893122,0.479165867650237,0.844969884150918,0.89150864279867
2787,-0.217637177888328,0.293253167096686,0.908998132207519,0.890675850479277
2788,-0.225704358456668,0.376247853013305,0.843527474106021,0.881508170100467
2789,-0.233592551962312,0.60932330423841,0.985652502651224,0.904528152942986
2790,-0.226558187781455,0.414067380099601,0.975009367884115,0.918744077906046
2791,-0.215412515551051,0.306362788373754,0.892024286723991,0.834652908664938
2792,-0.239127969893971,0.233209640430927,0.922730827431568,0.804973802453055
2793,-0.218958978033151,0.424522707502685,0.734069099348689,0.90579682920171
2794,-0.226827141885475,0.699544861573739,0.943553694412414,0.926717943595555
2795,-0.218157931226314,0.420890481005122,0.826947441926566,0.911886648128435
2796,-0.207796159672976,0.481086177057594,0.926066860571056,0.929395843609374
2797,-0.220222371681585,0.699181411555023,0.888395890931099,0.936435099553682
2798,-0.218362638072802,0.453625911711135,0.731943502266007,0.908334231317113
2799,-0.218035740359287,0.310179022027559,0.879518101875605,0.833923018026278
2800,-0.201968096153234,0.28108736340646,0.845017576849578,0.842012694914152
2801,-0.21352319487082,0.196919621400051,0.806265716990586,0.785165300765207
2802,-0.229166012633728,0.146853130657049,0.872587266405871,0.706371872408181
2803,-0.197907431897782,0.115310867483968,0.8505575341559,0.63541486845675
2804,-0.218537530484839,0.246437694215157,1.07006096419917,0.891657159403101
2805,-0.207849442433174,0.30059029983219,0.831106985959776,0.881525308845177
2806,-0.216815278552997,0.754078485430939,0.727295894379738,0.937614785334055
2807,-0.21764737032679,0.615280413203465,0.755883997884864,0.91526012720768
2808,-0.217307502231242,0.252307778393152,0.879054693914886,0.859301034669256
2809,-0.216306374998354,0.340229690433874,0.906277307282336,0.855635152600829
2810,-0.215372856268169,0.373963794771684,0.909490839540331,0.853900863970548
2811,-0.227490060425842,0.402538378563152,0.934449115332915,0.871043282358497
2812,-0.220508133395489,0.516216730227031,0.861327280940669,0.937781271141973
2813,-0.227437762851654,0.58383554161154,0.737807911011841,0.898933943922167
2814,-0.214763254157575,0.418502161789593,0.849356649206331,0.905539854842948
2815,-0.205514358791772,0.728157704515111,0.858697910032683,0.942603395336009
2816,-0.202165517833922,0.529610132063339,0.762055847797917,0.924797112968356
2817,-0.206348438592185,0.406440410792805,0.780777063505621,0.893461471897968
2818,-0.227140319463473,0.259616935276166,0.77816198032678,0.844968694468637
2819,-0.229850002306597,0.780789508780422,0.751152375769472,0.943214518303061
2820,-0.211774939565393,0.408487006736446,0.762123222554449,0.88547302458701
2821,-0.235006294556288,0.261731747418108,0.697552126949364,0.790926315889076
2822,-0.215512938651842,0.236346175545851,0.76883183233278,0.789273800563875
2823,-0.230285592462697,0.138598955336252,1.08705119144355,0.72159194705538
2824,-0.222032965846227,0.190091228097031,0.875295315023357,0.783926050426753
2825,-0.243581673103011,0.162988520008859,0.88487681912118,0.803602274256822
2826,-0.217910206942484,0.339206172102631,0.789494369452004,0.832253229489717
2827,-0.215114140797468,0.295720238087934,0.895100730514705,0.860881411025078
2828,-0.227607711009062,0.145463946157168,0.924258823994794,0.705884676119561
2829,-0.230910617178576,0.137268627178627,0.943352178791193,0.68309378013744
2830,-0.220830173799364,0.172649807791878,0.886163712921,0.75797648613725
2831,-0.201561293355932,0.204678838798034,1.07443772852697,0.70967037054359
2832,-0.203664050162695,0.145668855275923,0.919552004177523,0.810964031435317
2833,-0.20334555093856,0.219928276607362,0.823721474437646,0.827026002263357
2834,-0.231832146336685,0.227958705485016,0.626639474880195,0.758382477392419
2835,-0.219806541512384,0.362688156174895,0.821895580558265,0.831349339938146
2836,-0.233663184071552,0.255763957660037,0.916118754732043,0.820410048890796
2837,-0.231738121609933,0.13740362023276,1.06217618302226,0.64532819163036
2838,-0.22986508093042,0.182972106931959,1.1028566653941,0.760512045201666
2839,-0.220640605148619,0.161646582757399,0.922271379559128,0.70901235190796
2840,-0.223531860325401,0.227810175572568,0.861497200130867,0.837678688664988
2841,-0.213897831218278,0.834457180941737,0.917576475601782,0.961688147622739
2842,-0.219980047677275,1.76095620314315,0.935353112871376,0.979108381496101
2843,-0.224331680510905,2.50051197800355,0.765424852829995,0.981397520457212
2844,-0.225074520881917,2.09320707543021,0.936504320436766,0.979379928749928
2845,-0.220623201287337,2.69677388320746,0.93759889058293,0.984249193245839
2846,-0.231691639450158,2.54679248708867,1.08877583022948,0.982361867853414
2847,-0.208280905888713,2.54458800286857,1.01342781114642,0.984377631837718
2848,-0.234061211608861,1.69274459265841,0.84955352086917,0.977572344350129
2849,-0.21603029005054,2.1231363018271,0.867098046500416,0.977437292876754
2850,-0.238586437522314,1.37225008566514,0.770634039152767,0.965408663117858
2851,-0.217200435031274,0.880347196301779,0.815184684202618,0.955047456681209
2852,-0.209182581014178,0.704814169601679,0.763542808703334,0.940871938279281
2853,-0.207764820561906,0.462012493123797,0.860130877123818,0.897610693688954
2854,-0.212841089451745,0.25002761913392,0.911574435897879,0.837454624872259
2855,-0.213119042435212,0.377758366145724,0.734840733635214,0.90472180244619
2856,-0.226022951585651,0.458634041957995,0.838317865318653,0.902860896101788
2857,-0.223004255538413,0.228311665765521,0.71034528428887,0.839197786870422
2858,-0.219572876048548,0.158324280964413,0.869162575947845,0.712118255988557
2859,-0.214181440411548,0.143125174991786,0.75740594008754,0.591655840746454
2860,-0.218300445734077,0.137744298668664,0.903814925555965,0.746796108116895
2861,-0.209531310111189,0.33346171932843,0.845827153081899,0.851697413640454
2862,-0.232840755519285,0.532514579602588,0.899847792734966,0.909653947608685
2863,-0.219329594956297,0.374613650419996,0.867159425049961,0.872012603598865
2864,-0.220030008702472,0.574581106876808,0.822365516715191,0.938063931421987
2865,-0.227796861809415,0.56324639459348,0.821351835348328,0.900814132317362
2866,-0.200566852947605,0.633479658973745,0.999653593456183,0.911240062784459
2867,-0.222430299026918,0.410878514657043,1.05201926051723,0.913177077023195
2868,-0.213058015037716,0.449005238910463,0.962675488744961,0.903621760263093
2869,-0.21357747937644,0.36924582049018,1.02400364597468,0.892073429723569
2870,-0.217694770262884,0.532732978646771,0.755512954062477,0.926714725556709
2871,-0.217453986339529,0.74242977061735,0.807228322997701,0.941761249173136
2872,-0.2044428417593,0.637262781642302,1.02266313345179,0.939488777976242
2873,-0.200406527190736,0.588024265154303,0.899611914733174,0.95022054919407
2874,-0.221210747435032,1.25386769759015,0.731623211352202,0.958096849799453
2875,-0.217578637706041,0.998040959313377,0.738609103503855,0.950724365299074
2876,-0.211557507933326,0.660607863404049,0.915803868800106,0.95069434180154
2877,-0.216030884875756,1.11758648814369,0.791059400278416,0.973295149781402
2878,-0.217693511738334,2.01712324409633,0.868518691036252,0.976074054397035
2879,-0.213748827049822,1.2220523289404,0.845835851755662,0.972338801263821
2880,-0.224665598495928,1.4994498499988,0.86534095236022,0.976014382256473
2881,-0.217094126991959,1.4559342102255,0.790888053791042,0.971027815212445
2882,-0.230088350415944,1.15046869301406,0.78143267598865,0.951727353547754
2883,-0.231227512027243,0.971522198855702,0.993774337841135,0.9566416034674
2884,-0.234512877176199,1.1324108966931,0.949800556679821,0.956238810637324
2885,-0.223048377457257,0.682306916377092,1.05394963240412,0.933950833062134
2886,-0.211682957823748,0.386187893535055,0.891104476193368,0.914846931948285
2887,-0.223884118380954,0.868313563007939,0.833111311091619,0.936077181688804
2888,-0.218565536335213,0.472907820783165,0.858522882768329,0.945764966668918
2889,-0.214170300926755,0.478925845674297,0.80119378152151,0.907127306235325
2890,-0.216272584974969,0.590480237082232,0.886849967148221,0.921811800019478
2891,-0.226975542678678,0.365104939652392,0.886445918216136,0.861962213125643
2892,-0.198460195560665,0.310261970042675,1.0427996933352,0.871398010507388
2893,-0.217232145763239,0.154125100592942,0.861859075577001,0.726540411968394
2894,-0.186518057104825,0.180409872905305,0.90385048974976,0.77013689494328
2895,-0.235850292819619,0.154139098052902,1.04455790431561,0.739257787229195
2896,-0.208598375127694,0.10913019922593,0.809307458098825,0.68946750468155
2897,-0.215180404138462,0.156659099850258,1.0729606319805,0.676021378767593
2898,-0.215679525853089,0.123071914151013,0.768796675331444,0.666453918891439
2899,-0.238791550283023,0.133714864397999,0.911204946474956,0.707701088990056
2900,-0.233489625211145,0.301799127881468,0.84913399358976,0.870749826235147
2901,-0.221970190967752,0.339409764360751,0.853480192107129,0.873171607394719
2902,-0.227396142226512,0.427500492870773,0.818981996837085,0.909042572793771
2903,-0.237843191906099,0.314824444835211,0.86305300690474,0.863059544356799
2904,-0.202977354475377,0.339474215894239,0.87534741253436,0.875305741079342
2905,-0.227863658366996,0.24501260257508,0.791183709995161,0.823382087788808
2906,-0.22169587666241,0.307064824451061,0.854168925283097,0.861512999030871
2907,-0.220734062564022,0.275748007278018,0.903732525617129,0.887441648501469
2908,-0.208949740782713,0.24882560431203,0.952276355042707,0.853065269609896
2909,-0.215616965387268,0.286440118070604,0.888705071478314,0.857535630845595
2910,-0.217264528947228,0.232492193060564,0.910473205265665,0.816909365370896
2911,-0.219487539634326,0.154253295348285,0.908743085037374,0.708279184952324
2912,-0.223177781198329,0.119482016905875,1.08354195077847,0.682829573074168
2913,-0.215100122883225,0.212825409313622,0.775549513395617,0.834921469891852
2914,-0.203602130942113,0.23415461957067,0.921157509064774,0.865055825236315
2915,-0.205938841653704,0.183885442355029,0.799650288944512,0.822878010699988
2916,-0.224416944415599,0.169890036575956,0.972303355180805,0.785612089705767
2917,-0.206571488134696,0.151378629673379,0.776258536983765,0.752471723133869
2918,-0.215170000114451,0.20257840407499,0.729881787946647,0.795924264015997
2919,-0.215240578363163,0.197918242523613,0.967549174863745,0.754092961388059
2920,-0.221223459369601,0.497403702904833,0.790048221923836,0.910577833260969
2921,-0.213621384501262,0.258702272929834,0.895766967447031,0.86738494104208
2922,-0.214168977487677,0.530963669989422,1.1469640095043,0.904142629486619
2923,-0.221770498799246,0.243484188164123,0.894911918504128,0.825733613246761
2924,-0.204817582739516,0.183334190769684,0.754107531746954,0.833527666368965
2925,-0.233493997795135,0.182938597980717,0.848281656260359,0.796097910447532
2926,-0.208739832108339,0.24316405089202,0.796889613561882,0.844214973508108
2927,-0.22387434259162,0.273943336642507,0.868749469738073,0.878444000943943
2928,-0.223380316637094,0.469533843111374,0.856682162525863,0.908847047418361
2929,-0.229732752778676,0.390635361027344,0.850013976133533,0.898662582895893
2930,-0.224746492952815,0.419932953829879,0.78281225332012,0.895280077889916
2931,-0.220983740267184,0.339927631699201,0.912591881350861,0.855952428620377
2932,-0.21584881420396,0.236409087238319,0.770460103109439,0.809947547170978
2933,-0.210524710852357,0.241588046075733,0.987169965198675,0.783395927030413
2934,-0.231813793364382,0.19855968535966,0.975571601739545,0.732011154937676
2935,-0.22915259598432,0.18907141215614,1.06154938413857,0.743581616114088
2936,-0.211758605397686,0.141485631053786,0.829039728233608,0.766942064310527
2937,-0.209616257748037,0.157127441615632,0.94065363400343,0.774500467007616
2938,-0.234006008038837,0.20588491507144,0.722157395590182,0.80207371484971
2939,-0.222600195527287,0.105267814099717,0.758968110024798,0.533120106050551
2940,-0.229977252538157,0.160261975808238,0.691965498639289,0.651716505237357
2941,-0.194418873278788,0.158196625015197,0.824981145452253,0.76313131155577
2942,-0.215139620018815,0.156062824753202,0.847234276378536,0.702392206465817
2943,-0.208861151391942,0.22221371831998,0.918690767009504,0.88028324521721
2944,-0.240858690648,0.244956008242895,0.948236217376618,0.75985227252592
2945,-0.22097798765942,0.132817998051228,1.08859768540451,0.75825484246604
2946,-0.227710750453484,0.207101795525585,0.934485755562395,0.815162968703443
2947,-0.228008446274153,0.21472876774594,0.852549272931382,0.804262351826911
2948,-0.225692224920463,0.213442227050369,0.772622294335414,0.811183161572195
2949,-0.232530333670832,0.181809906227771,0.82504990179771,0.805241976724001
2950,-0.231498869977315,0.373403898503534,1.01710542406462,0.875820264912198
2951,-0.21370701520808,0.346706278297248,1.00169423383943,0.882495329885327
2952,-0.231038673940169,0.298389300967757,0.96580369540783,0.866468354938052
2953,-0.223511791386798,0.301674209974895,0.889299045946868,0.872264792610465
2954,-0.219741718528931,0.328742726691718,1.09032752635842,0.870336245668568
2955,-0.231886302548127,0.224458789850689,0.908435135839688,0.835601017420186
2956,-0.206267151533515,0.40504896143225,0.839987015036286,0.865016515424028
2957,-0.218079885426598,0.411437465521722,0.733065153239401,0.885278597801206
2958,-0.214187473889962,0.309848588521434,0.804121144698636,0.845801444711461
2959,-0.224909686500733,0.196359565813593,0.767731710827307,0.80483506335927
2960,-0.225222388879733,0.374565055887841,0.999534475685559,0.919731809704519
2961,-0.210670808863918,0.403443771546139,0.886310349670186,0.892515787244559
2962,-0.219493452380861,0.123298626913698,0.855077233134325,0.654945293555355
2963,-0.206059769377568,0.171221952748871,0.859390607454027,0.748586957422325
2964,-0.213549894794622,0.464172962942612,0.833223575363586,0.885823604893155
2965,-0.22922278436925,0.223864256735478,0.819217711035165,0.786017321242259
2966,-0.228104733237482,0.222098223553539,0.759437600644921,0.830409832962938
2967,-0.21711908098752,0.230402039959825,0.919394477917539,0.785812052017933
2968,-0.232342703246235,0.440000857962305,1.06544576103939,0.923317123250828
2969,-0.223645605185016,0.748408544698039,0.774075188960881,0.928061235951575
2970,-0.223227499352651,0.316409350136521,0.879490848845605,0.894433249852647
2971,-0.229314957729972,0.731900391221964,1.00057173284755,0.952415898813987
2972,-0.228657275631918,0.85648625574545,0.887155043584474,0.966454500101596
2973,-0.226243358315942,1.33700355371788,0.783306100828222,0.963251545601005
2974,-0.215221067247561,0.659192809287111,0.814243815005213,0.951573634469394
2975,-0.249414202047832,1.00510093840167,0.854071418585446,0.945078430720932
2976,-0.224828548031678,1.47112043182832,0.760572076461423,0.967894479532719
2977,-0.226417567966835,1.79090679079834,0.787833958919929,0.973737391735202
2978,-0.219198700065426,0.966712017050263,0.986804813581604,0.963925942610395
2979,-0.211738070717818,1.35022558451307,0.742890503101499,0.959444130562332
2980,-0.219363075390857,1.69173382898838,0.95351454860456,0.976695783526969
2981,-0.224114311986441,1.28838002869435,0.804428059617166,0.968510586653208
2982,-0.225017374808482,1.47542287724169,0.76345872367347,0.960006916433734
2983,-0.219410000290765,1.15011547394445,0.815577309065178,0.966085117759355
2984,-0.213320978584731,0.960097772998873,1.07117633405402,0.959094649919131
2985,-0.228771249048464,0.66112090243505,0.752741796623165,0.92450908400349
2986,-0.228307370304767,0.271653140765096,0.836512555711675,0.828626671409844
2987,-0.223290223049559,0.274491105109884,0.839969846385595,0.820836854474313
2988,-0.211931024326595,0.130198920725805,1.08773377914312,0.750048189683554
2989,-0.202701824617475,0.206090051765,0.900053788496501,0.751168499641327
2990,-0.226590372158411,0.189794947260658,0.915602125486201,0.739344770322158
2991,-0.219608128718955,0.135019373096829,0.97035866958581,0.646672773036639
2992,-0.238396151057483,0.198410568965547,0.800041810308394,0.797101713526842
2993,-0.202480131649278,0.280982784448468,0.866142944426872,0.876006090715743
2994,-0.215710717622513,0.605989043523283,0.851008687116093,0.92052266700928
2995,-0.202137884773177,0.287986122516139,0.871586508052109,0.859840074855564
2996,-0.222728397711112,0.246684352361046,0.912326550547668,0.856589127553653
2997,-0.218694206895071,0.239992878260526,0.784643734011267,0.810343716806243
2998,-0.224464778522512,0.254051174735137,0.886223779147946,0.873450877283146
2999,-0.216618963892184,0.251802874406779,0.996095493497357,0.828192218644688
3000,-0.21199903340425,0.367147162875223,0.836625476063007,0.877856063082087
3001,-0.227394801971034,0.462770222544252,0.841107003100843,0.9032659504444
3002,-0.229767854166531,0.626652424639858,1.00874264410947,0.9291543276697
3003,-0.22534814609216,0.33578589260265,0.969017596737245,0.886857594146805
3004,-0.220231441661057,0.290971057583377,0.925901517836536,0.861448863655644
3005,-0.224935049272418,0.26458895892418,0.755173892799106,0.825419004300963
3006,-0.220561018288298,0.263657999652964,0.823933422771614,0.834571064523077
3007,-0.218287785245655,0.377315207080216,0.837650387684324,0.86617707379068
3008,-0.224753552746062,0.369017130953809,0.74706443707075,0.872905266066341
3009,-0.22239663481006,0.331343007336498,0.857671173799124,0.866004534866888
3010,-0.246261946524654,0.578076087461046,0.97496065849204,0.937328030276029
3011,-0.213228827935767,0.693096918039612,0.9245548633336,0.939688260629974
3012,-0.221137551222594,0.556442925530184,0.870572755304969,0.939081093914349
3013,-0.221844971199421,0.286168117046602,0.913369676432476,0.875772682313621
3014,-0.20906675452368,0.534095031370084,0.81372915887308,0.930304648297424
3015,-0.218749197304895,0.482277496621726,0.80975528473732,0.913038781563149
3016,-0.215048787109537,0.37530706963511,0.736813005709527,0.900320064109088
3017,-0.220356973315736,0.111248389531616,0.779746824779256,0.664621236277391
3018,-0.241104135731043,0.0933606167046043,0.706756560915835,0.531918821447392
3019,-0.22898473040917,0.11905124155883,0.718038362688263,0.578349649565135
3020,-0.233463805341621,0.168839117127077,0.857176687897011,0.726198074849886
3021,-0.231802449217785,0.366590457093857,0.904958888026573,0.880630829644006
3022,-0.245299560079692,0.577194229729399,0.858714964807494,0.898791791305921
3023,-0.212649481735999,0.409130642939672,0.808081176053664,0.895953865864803
3024,-0.219800466428149,0.432804955953402,0.995394035046551,0.893019335162276
3025,-0.218848746032394,0.390660058457211,0.869274079661964,0.909953821967626
3026,-0.22593652718362,0.592498020621276,0.886084187292737,0.922126764865471
3027,-0.224959240800637,1.34411449266366,0.826070238293283,0.963861391102499
3028,-0.216583838116815,1.38291954716951,1.07759205852177,0.974438159398285
3029,-0.224468478248478,1.36159595848327,1.06197559444763,0.968444121485833
3030,-0.219281103808399,2.11904021412953,0.964834585043541,0.980417966320866
3031,-0.24072035950395,2.59680486350252,1.05124697087942,0.983235882426662
3032,-0.233649710187001,5.56629553265292,0.837706217111637,0.989765398516281
3033,-0.21839892065204,5.25688192949972,0.809510602532632,0.992380023342094
3034,-0.223411449649775,15.2806040993065,0.774682664699431,0.996098486141203
3035,-0.235730753935286,10.1501327803872,0.912044731791657,0.996686580265337
3036,-0.220087402018313,12.3443170624386,0.83077011693422,0.995785169362483
3037,-0.217306634657603,13.0363027271499,0.84740434303508,0.995984810230734
3038,-0.237392826949279,19.0052166746768,0.872959709325433,0.997110196182645
3039,-0.212321147925874,15.9225429222739,0.725076342956725,0.996249208439466
3040,-0.222054682229793,24.0053515164268,0.914548249334112,0.998418375947188
3041,-0.20563996583438,9.05301156442455,0.916549769335945,0.995507595610656
3042,-0.211989408316429,4.53130605330044,0.919424070671892,0.991665363259168
3043,-0.23682424282403,2.38399812214122,1.14441264069419,0.985594122951948
3044,-0.206234118862939,1.77331429434138,0.851358750484666,0.972871450521581
3045,-0.224221733840218,0.766353139515437,0.922973275396522,0.959953686319032
3046,-0.203876903778045,1.07139317899919,0.718784982060408,0.947408225239701
3047,-0.206945183914056,1.07867642771055,0.808509012602597,0.970403536485224
3048,-0.223281135440361,0.686379881679845,0.876486062560744,0.949711669635554
3049,-0.210203152778362,0.631393416885431,0.864998259106684,0.925676322415565
3050,-0.213463893359823,1.23598512238103,0.913133694489403,0.966667285191494
3051,-0.205900247181932,1.0969125757996,0.717490348716811,0.962925562547361
3052,-0.218501002021916,0.36777317147761,0.713161657401698,0.892705517069862
3053,-0.238099725131133,0.199846417371975,0.98573998181672,0.835966644487938
3054,-0.222612366803546,0.549917672229038,0.864954269086891,0.936364536758748
3055,-0.217544498524443,0.459816074720255,0.961048017604485,0.915794904909506
3056,-0.242526486063479,0.29429689415808,0.986720812431814,0.891833947835569
3057,-0.210354973907061,0.287468073790789,0.930396561600399,0.839933269253845
3058,-0.204100789149824,0.186205964868526,0.956481425744788,0.73635016959021
3059,-0.209634310842689,0.21717674173979,0.920047598916644,0.687697090334439
3060,-0.213482005207226,0.184924003756835,0.751191108537361,0.702176207864696
3061,-0.218889826112454,0.10853339107047,0.752718028216636,0.631620422564508
3062,-0.20125800457085,0.176518372808927,0.756542127566742,0.791066847924331
3063,-0.220268112977636,0.2262654142267,0.878584899593975,0.772370181558352
3064,-0.228076738171323,0.16925744281577,0.771266170955485,0.64769418766207
3065,-0.215723697403045,0.147921666442631,0.821212372916792,0.740384846914632
3066,-0.236902508934359,0.228904079339413,0.919973354882575,0.79692369123897
3067,-0.224727725869588,0.226769558509172,0.833574989055986,0.835195886938166
3068,-0.228387156033667,0.335079308294441,0.900926791126096,0.882149158750569
3069,-0.245387445453398,0.408799594649216,0.762590398882903,0.880922900000617
3070,-0.225853743691226,0.414063338935018,0.835220100813974,0.886762264759567
3071,-0.227094880975705,0.434412644758195,0.888643342936283,0.924617283508576
3072,-0.227015075731514,0.317348056910888,0.906048273146669,0.842142172432946
3073,-0.229444403515197,0.745679894104442,0.807880810590667,0.934023787492498
3074,-0.234862028314758,0.354191199112738,1.01166554672608,0.904644659502169
3075,-0.239170304849614,0.329987510604313,0.891337670389935,0.888330372205694
3076,-0.210824146362367,0.259967766627946,0.84258453403388,0.888160400062015
3077,-0.213084972641525,0.359887295029048,0.793905208154433,0.918975587297895
3078,-0.224759292508037,0.18167695925132,0.906320142282797,0.858595384990854
3079,-0.208955273485051,0.298219646063766,0.754930414774374,0.910209832131025
3080,-0.212463580462727,0.22576688724406,0.849996657772774,0.776792710005847
3081,-0.233180380985803,0.310052328992372,1.03896150619995,0.830715423784798
3082,-0.215239005427968,0.381698418070085,1.13777728161493,0.917029824040948
3083,-0.204975785170353,0.307790427116968,0.885819062035509,0.889202947845466
3084,-0.218957304822372,0.529748956683635,0.899856828151688,0.901485006813955
3085,-0.223404127574346,0.406201503655795,0.785442377857166,0.894319319327909
3086,-0.204923819818542,0.191503791865741,0.912823859259074,0.797055080637757
3087,-0.220140363423522,0.197527765855969,0.869710826399094,0.803818654320798
3088,-0.221523693985946,0.152280011554197,0.823300538316218,0.798765212280157
3089,-0.206274469288927,0.283427341598174,0.879192311325197,0.842652871083273
3090,-0.225391629319579,0.528072838441991,0.870114154530248,0.933299801694679
3091,-0.20688428647362,0.981098198160222,0.859501773334882,0.952310860766256
3092,-0.217893324294931,0.865247852880331,0.769981825293768,0.950634122141317
3093,-0.211876317060644,2.75141245635241,0.7208943016966,0.983274852972505
3094,-0.211248653223472,3.07982205442674,0.719716226584006,0.987580986612259
3095,-0.218596531900515,4.18334818530807,0.753951642087751,0.988224951430206
3096,-0.214782210753611,2.10173551681489,0.717809362960291,0.984286208236184
3097,-0.232835598333046,1.08464553560532,0.774513256249059,0.955463103718782
3098,-0.20418351176235,1.12549726918128,0.887850589203889,0.959503730884837
3099,-0.227604081996894,0.870360159350711,0.746276685464497,0.955400439222429
3100,-0.221025435443781,0.699472978726918,0.783622330442892,0.928408413464287
3101,-0.203860729561068,0.275018864893173,0.855586959583147,0.862499772932849
3102,-0.215469558675589,0.216894634467087,0.749576155891313,0.828250911861714
3103,-0.227594847179581,0.256589991810014,0.767441706390654,0.853495534764827
3104,-0.202772212276112,0.178180923985047,0.710772098426874,0.751090714030655
3105,-0.243414904844234,0.541807225336953,0.716191353649586,0.921318784788757
3106,-0.216248481100039,0.434360295197135,0.922154068615762,0.911242453494238
3107,-0.208793719055126,0.581861076363969,0.834337362204913,0.937502821778804
3108,-0.210479147810643,0.541441530912841,0.938885755914311,0.929652731197117
3109,-0.20409301853314,0.341490456423819,0.856056912064356,0.909008883368221
3110,-0.208405787383578,0.323285856735907,0.794970431598751,0.908860512030165
3111,-0.23484311926878,0.812382430029545,0.910580948074511,0.955818156345206
3112,-0.222422401559874,1.1910813972212,0.883664707489587,0.97010442572004
3113,-0.23110417565103,1.31027461219309,0.934822270272129,0.96796435111779
3114,-0.228620486858577,0.527202642436205,0.81710203174431,0.924325436332942
3115,-0.2192010280458,0.808395414200111,0.74591676729938,0.946239399713425
3116,-0.23062883644113,1.1031419893962,0.789466015839967,0.95006293354501
3117,-0.228395396633159,0.598021932469768,0.77138013062529,0.904828379507729
3118,-0.228128623524955,0.800567592903668,1.00984018689587,0.93667848602165
3119,-0.266749954476275,0.78556918626769,0.785019548992316,0.940013707043828
3120,-0.226000686784704,0.845498343022129,0.829251708095576,0.950167817975373
3121,-0.210340749073115,1.06664756759623,0.824013721411725,0.953865064823108
3122,-0.209778084251736,0.845584788888884,0.728654011087818,0.956409228823036
3123,-0.212577920288727,1.4625512442147,0.723968370261798,0.95847556467242
3124,-0.216766809029298,1.89977985446054,0.941979401444581,0.978460031495398
3125,-0.213345578106461,0.634905201910705,0.915350792209865,0.95415765330272
3126,-0.229346429385003,0.24838788598125,1.02076051833062,0.843844493666015
3127,-0.223241463808902,0.374786438017262,1.0230524696055,0.905382481429071
3128,-0.228012080952122,0.354806186138881,0.836393076458979,0.899967105321538
3129,-0.23345777539895,0.579889231219915,0.901628619662209,0.922332811816364
3130,-0.214313515283284,0.360937702248186,0.960691231893279,0.860917162915564
3131,-0.215639056931116,0.380789204293941,0.882632905613112,0.875995019552971
3132,-0.219861642964407,0.211831047877074,0.729525890345663,0.802192595699602
3133,-0.216746691242681,0.368155176063444,0.801118841133222,0.877617367873562
3134,-0.214178932094038,0.686445238698986,0.862524637357747,0.935554181688207
3135,-0.226324274747077,0.667910813891637,0.819898222082392,0.928289202060977
3136,-0.229382274257408,0.425443616072449,0.989488209483688,0.902435039183296
3137,-0.218256999521701,0.273262437377594,0.854636543007642,0.858936885702521
3138,-0.221151524099498,0.280517642710997,1.03369809008616,0.854028611754638
3139,-0.221030919516642,0.274579768375551,0.835082929699823,0.749677726995432
3140,-0.226335242421192,0.194354788317798,0.801764881489863,0.658053648978947
3141,-0.211729223502249,0.18911246813942,0.987458431870166,0.735693882711379
3142,-0.217388360164538,0.202278697272294,0.905558481716613,0.790701603633648
3143,-0.228253767776196,0.218706982703329,0.976855370488611,0.805610420120375
3144,-0.211896105595071,0.199929679162426,0.834497659121353,0.843398094370682
3145,-0.204403220299643,0.38905667846929,0.827780408014567,0.901000559441036
3146,-0.203397263469471,0.613308542018357,0.956465409291977,0.927974763341703
3147,-0.208175675623602,0.384667838312231,0.756874527947401,0.868625890103969
3148,-0.229386977886243,0.381912872615305,0.637450266448592,0.853261522189797
3149,-0.209512543217232,0.35206751240513,0.930135044675833,0.902005692596472
3150,-0.217894523411548,0.239145007582579,0.737173227969017,0.817943380520638
3151,-0.209178383052189,0.186813090637659,0.87454725912597,0.796384552083721
3152,-0.212772142304979,0.412341715926658,0.96083072445315,0.906940799782025
3153,-0.243020519263626,0.751058677344397,0.702439006633424,0.939627872951493
3154,-0.233413811333795,1.43405383140222,0.688620290548515,0.950326820889052
3155,-0.23433109421588,0.409889397686967,1.08473070750524,0.893230811995206
3156,-0.221397430699053,0.411271385539402,0.833075458247393,0.90092124668859
3157,-0.217311819334997,0.360794518263337,0.727557208279293,0.891633023802618
3158,-0.223638066528882,0.383467897990731,0.908387594077344,0.896164352106533
3159,-0.218702046649879,0.242628691829355,1.02257206097917,0.847125540362653
3160,-0.218708563648974,0.172619223722077,0.860420794482551,0.802730854880752
3161,-0.227054602399862,0.243508129648581,0.818596738613568,0.87689743615699
3162,-0.216031284689898,0.429318246296735,0.898223069857056,0.91462188437222
3163,-0.21323750752033,0.72415162463703,0.904920117949246,0.939536555819262
3164,-0.215145461586553,0.359320150436023,0.876249642109404,0.869776388073294
3165,-0.233540008289373,0.228227621947989,0.788655273625676,0.773106490033082
3166,-0.222134736712802,0.328353511242758,0.821643546646232,0.82336656160356
3167,-0.21495503409187,0.229126214128424,0.843500201216173,0.832678232653628
3168,-0.221363611212672,0.169883920269054,0.831695693704305,0.810977536737989
3169,-0.222337783928625,0.362952450792418,0.730204271203994,0.86225430830864
3170,-0.220865520133637,0.292187604239365,0.722050234150108,0.859431691791346
3171,-0.215924641843949,0.296798641274681,0.764577516913176,0.871875713523139
3172,-0.193799586172111,0.215783773428412,0.760142426050771,0.778024480065756
3173,-0.225314928131887,0.154145129804195,0.859548546512123,0.73287561805189
3174,-0.213034504436361,0.277049960919397,0.787378372727595,0.790791306916754
3175,-0.218626464291065,0.298297574747189,0.997718466256653,0.858863406341374
3176,-0.240558839037286,0.274452689753964,1.03926025295969,0.847061232064462
3177,-0.226979126743855,0.155395072748302,0.946105238776769,0.688381260676543
3178,-0.21100210842643,0.193734656043163,1.07791592767617,0.766997666513573
3179,-0.206666969173648,0.247040924016956,0.91655720065162,0.814724476079748
3180,-0.225070598135238,0.243923783701665,0.917122113519908,0.794149865293751
3181,-0.219054281902048,0.354557024720297,0.86290746295916,0.859941056483916
3182,-0.247054647151494,0.320397080768403,0.912821766371684,0.868296229493007
3183,-0.219741419926362,0.409286782407196,0.747516946267504,0.911051686026217
3184,-0.222999479845645,0.378966454137821,0.735634870686792,0.860328136780642
3185,-0.227294334762057,0.249735112924615,0.812324412607233,0.806094174572826
3186,-0.220793923682801,0.173986196432584,0.730095268104732,0.73543358762201
3187,-0.207380875399871,0.199182866397967,0.714001177617915,0.77111325050093
3188,-0.222255236299713,0.238118261775453,0.955302999784675,0.793165828891024
3189,-0.211489631515687,0.195799124728218,0.853151057875227,0.776343086870452
3190,-0.223996676507281,0.596715612243814,0.807160452163804,0.929421170256651
3191,-0.225779681980704,0.487578416017293,0.866044811039908,0.943028695432697
3192,-0.223760610887505,0.639882338736203,0.878729862342509,0.931993221431725
3193,-0.227121874966959,0.356478381175095,0.809857825965966,0.847341990803884
3194,-0.218293341999391,0.233565549681855,0.839468832504045,0.815985037582068
3195,-0.22558656090366,0.177627442393175,0.720908174252925,0.754696255747969
3196,-0.221052668978793,0.155792660855642,0.699481851910119,0.732559623495069
3197,-0.223305424045849,0.269563887164014,0.868118606119603,0.84673925558038
3198,-0.244204643829067,0.253374845475819,0.920863869290974,0.792136415660471
3199,-0.212305325678179,0.44654028219937,0.824132095670713,0.876655712386053
3200,-0.22492127510483,0.242131268308462,0.785748824620871,0.844915347887177
3201,-0.238631534178898,0.293748337787999,0.75781029190461,0.806319865522156
3202,-0.218514279225301,0.382362358565321,0.742846738389941,0.84191004557587
3203,-0.229615132838101,0.456637435054673,1.14824332915271,0.884769257679284
3204,-0.219513402165858,0.258292902108176,0.870332054897923,0.80643887490887
3205,-0.218201275508251,0.329313845417276,0.872639684007678,0.860195113837227
3206,-0.215839719949618,0.483542767723059,0.920490972706141,0.937374269004565
3207,-0.206536719926609,0.458918997767331,0.742710236885472,0.904900893815298
3208,-0.208829994550185,0.30953063160593,0.91614365091652,0.880321368243813
3209,-0.209397920706216,0.350308773789345,1.06345112217849,0.914254592690757
3210,-0.222183567825795,0.254717288691894,0.97091261233599,0.86619244707868
3211,-0.223721423260118,0.244971566239284,1.0465715914812,0.882649854421427
3212,-0.226504209460637,0.182137146491815,1.05754565595516,0.698100309718141
3213,-0.225441056882686,0.155395850457406,0.727684442143555,0.639263672447067
3214,-0.215424221253607,0.15092020730534,0.79626775400629,0.64320706043586
3215,-0.201274859469851,0.201721721424534,0.799541413654065,0.780032200709478
3216,-0.225842142351506,0.431801665351526,0.859512583039612,0.896543497604532
3217,-0.219002711200945,0.55608124155076,0.888972569253072,0.914766826142534
3218,-0.223643198474946,0.541267775418947,0.838927136277482,0.928844119132764
3219,-0.218048053599135,0.562511987600096,0.869505328319881,0.942959276818607
3220,-0.219627557096392,0.350901752064405,1.0718322255573,0.902386657185405
3221,-0.213546276256655,0.230035717751329,0.85983335056433,0.845640572201186
3222,-0.213766969082967,0.270661764769896,0.898247290440309,0.783010067901382
3223,-0.233741642720207,0.45806717169724,0.676540482280651,0.866245360760086
3224,-0.204489894952494,0.252780238004051,0.739884992198923,0.802449834821625
3225,-0.220448767081437,0.238719512729216,0.897264422751878,0.816602354592831
3226,-0.198689386067767,0.139101172384191,0.86505648123929,0.786037730010629
3227,-0.201086037201112,0.25165165446116,1.14248942896673,0.846649150973648
3228,-0.215618368017396,0.353099676207911,0.890685013803461,0.885246926671387
3229,-0.216029548746492,0.422802606267341,0.82214538832279,0.880688525793754
3230,-0.206438236827642,0.267223170085192,0.732546192131692,0.829097370135899
3231,-0.208698101014568,0.289199426955536,0.896917116636312,0.855119982384014
3232,-0.236589695377689,0.280480014509183,0.872785238342406,0.840498900556494
3233,-0.21204734150043,0.305667509573653,0.768185333316304,0.824829035732541
3234,-0.21448473751637,0.206916001436945,0.923179077255172,0.86689969740973
3235,-0.20581328409318,0.266420465078828,0.988074963278388,0.8961340566041
3236,-0.224910524210616,0.508750708988619,0.947497974307491,0.92336237937121
3237,-0.229130749711747,0.30116456129234,0.924800274549789,0.881812538002055
3238,-0.220626550165729,0.226524643403927,0.810458243886968,0.817047465727588
3239,-0.21843730900776,0.334439501458356,1.0670111830641,0.911624537586688
3240,-0.211195620557517,0.320454220782679,1.01629173479108,0.898687279892824
3241,-0.213361205980904,0.307635904176531,0.921538266579515,0.893059464509886
3242,-0.229437011636305,0.530214013605523,0.849769532752644,0.925934574585132
3243,-0.222480770337796,0.519221207974488,0.954757560455648,0.919859000262064
3244,-0.197576285133178,0.672873914821334,1.02460219961763,0.932654201311018
3245,-0.226134772288544,0.447218126611709,0.751841519853759,0.918745800503178
3246,-0.216284343416107,0.589699778521016,0.913639822470513,0.937815395028439
3247,-0.23301230091609,0.53308646333272,0.972631652774267,0.932324057761483
3248,-0.212626925486133,0.529099872251225,0.759693776286843,0.905250661190528
3249,-0.25364711964867,0.39222193750951,0.902947807395873,0.890862843224317
3250,-0.213224300363255,0.222520437701386,1.02040213369143,0.805388405472172
3251,-0.214256188186591,0.209272240441066,0.751313045809074,0.703282310470365
3252,-0.215569169594548,0.126841078111529,0.826771716408503,0.630512738993568
3253,-0.227639197592627,0.16392096325286,0.840038280081548,0.743257804782139
3254,-0.224506671411215,0.175696470876169,0.831824003331411,0.738701387582012
3255,-0.212257939164018,0.19498940899329,0.956751140190117,0.800526568083494
3256,-0.216885643392127,0.151783792084138,1.0853357991911,0.700145140551866
3257,-0.212024092769268,0.252646619091685,0.993455229377466,0.841239023955203
3258,-0.217688361288384,0.330121686984194,0.907916721576709,0.879357157890875
3259,-0.216430637130407,0.215410518102162,1.14352502497972,0.807847974295434
3260,-0.237673258955902,0.332805609392519,1.07213994849409,0.873323348258917
3261,-0.210768097940841,0.235242754821567,0.770707598147279,0.819049664047763
3262,-0.233013848800545,0.1536881696844,1.05642715243222,0.682439009194634
3263,-0.228236785394543,0.161334242563344,1.0365600655017,0.822905674602426
3264,-0.222584067349079,0.350252605726019,0.873618530121329,0.853584969788382
3265,-0.232903957333578,0.21473295627251,0.767635090643859,0.804675360203423
3266,-0.197852405829795,0.265612616499499,0.858518470149394,0.878075250626648
3267,-0.239362567909677,0.548058675737703,0.906067808297646,0.904320950045347
3268,-0.226374315268161,0.664268840837356,0.716795873796571,0.940139882145327
3269,-0.228060901245556,0.503920913941393,0.843319357126082,0.923033539792032
3270,-0.214828518928667,0.527583602821118,0.92514610147135,0.920141651573348
3271,-0.226136711062448,0.380362111511454,0.724921268270183,0.893339513839474
3272,-0.212376524009373,0.171517310918587,0.917901429088876,0.74410758668715
3273,-0.243464911931054,0.186716839404537,0.973366959661145,0.664880920463426
3274,-0.213635121777888,0.145134254274006,0.885214154626407,0.628952239556497
3275,-0.224733041876147,0.280890595233608,0.848329657186022,0.835992493301404
3276,-0.227022769638201,0.346751122061373,0.809704429516528,0.850275897930562
3277,-0.203343143812142,0.316312563013401,0.99906604222411,0.877593800779878
3278,-0.208558945868299,0.416396165679645,0.866764515143603,0.920489192984246
3279,-0.224734547906285,0.217180855016002,1.06949465264762,0.829112178888583
3280,-0.217115872432602,0.235095201372681,0.898740068596842,0.774733435103777
3281,-0.217168041787451,0.174559814529887,0.904178810004239,0.803652202687772
3282,-0.211074209963634,0.309462778184785,0.761792723564754,0.906222299511363
3283,-0.200792187671228,0.486041295815325,0.955107819531133,0.911660610845221
3284,-0.220801120924477,0.6185610578914,0.91755714898542,0.938073812637056
3285,-0.227529069680966,0.335372410679137,0.81715987828095,0.87004085590071
3286,-0.225296636181723,0.397071516093003,0.911235261302252,0.900176275707088
3287,-0.223879446716276,0.408112683141751,0.765404814507115,0.913774584996741
3288,-0.206938131995344,0.591316022749897,0.909493877424132,0.91959291583936
3289,-0.196057578985363,0.326137617746589,0.999834596284928,0.893294560496462
3290,-0.227589742714899,0.495775116516525,0.869258049337684,0.866387875093063
3291,-0.210315378531505,0.252180299783553,0.902013555687512,0.844217328932369
3292,-0.216200269792978,0.204937206502158,0.831686099898487,0.788919179510348
3293,-0.213821680093841,0.225609219423639,0.754636211812015,0.845668534666387
3294,-0.223861575788111,0.206947503852757,0.984187998811127,0.81495062095426
3295,-0.213848028581119,0.302799864256783,0.882513973394149,0.890818996617055
3296,-0.224054537776381,0.580684896315387,1.07634957066726,0.925260741273233
3297,-0.213714926235014,0.706869274936478,1.02710722703475,0.942159520543918
3298,-0.216816344711932,0.666803676502075,0.792708295460417,0.946661432438093
3299,-0.230961503786308,0.548090506856286,1.07420608063719,0.950425135079314
3300,-0.223560068100982,0.537815175719381,0.985833117811958,0.930214901612913
3301,-0.204894140244172,0.360180928622389,0.899053138332158,0.885310301761622
3302,-0.220326686986978,0.42161835536231,0.787699612655885,0.862881252813421
3303,-0.226147807557289,0.187523999323318,0.900006295038073,0.785708704106175
3304,-0.206506192569344,0.219808965626012,0.925521685347115,0.808164616880128
3305,-0.192211093196748,0.171897215809159,0.88124742927004,0.787622259134721
3306,-0.228090598700338,0.315076118614662,0.990812470406815,0.884050975288955
3307,-0.21292615028141,0.383659693086065,1.10137174327946,0.876533494581464
3308,-0.224526893158262,0.460675467216128,0.931220840538654,0.91903962809022
3309,-0.233910651700459,0.716967624541242,0.857600917075541,0.919552365171234
3310,-0.229795818344274,0.401383925062218,0.74332174980987,0.870509749346864
3311,-0.221881037540672,0.429793526106939,0.887869766129128,0.90245390128206
3312,-0.228607984545999,0.347922135582751,0.883047329742187,0.899783001936977
3313,-0.215347047963842,0.450918029668478,0.851258969630611,0.90574096888463
3314,-0.235577781499572,0.211855410808901,0.825426462158604,0.810318682708517
3315,-0.209497978808126,0.271541623673059,0.837234061035555,0.804037456452407
3316,-0.216604025910853,0.265520595066664,0.79381690524896,0.887088398610192
3317,-0.208151474814613,0.891194133391578,0.842996114371891,0.953102654547144
3318,-0.229307337830051,0.700962820454751,0.702875260378007,0.939537372103676
3319,-0.222422027653443,0.483799948462017,0.829604506059536,0.929930014333726
3320,-0.220010942895586,0.210718846251853,0.904538425287046,0.851661954616594
3321,-0.232508891694568,0.197595997663268,0.872900053686031,0.839521693456467
3322,-0.238140086230048,0.206710451709369,0.894090069666977,0.803903731233248
3323,-0.24209736272703,0.218243594557039,0.8555630899805,0.839748105684763
3324,-0.213610714512213,0.482386803454257,0.925265835131597,0.919234631391216
3325,-0.228210753703895,0.470714982072082,0.900082273877827,0.916498682197864
3326,-0.218657422746969,0.355125367014693,1.01999775373916,0.866882996358889
3327,-0.190275002259785,0.152092815398924,0.851138977940269,0.721625758118357
3328,-0.224655023887128,0.21401292599131,0.802078629962482,0.801193211937921
3329,-0.228471393928805,0.221355870106353,0.91390139645537,0.80335492734859
3330,-0.208323580146586,0.221927019510506,1.05634876078379,0.805137653119999
3331,-0.236550626154742,0.287116431564398,0.856816430989017,0.866569296347923
3332,-0.214782755741329,0.550976086203003,0.914850146754464,0.908141539526459
3333,-0.194304869098724,0.188315388537617,0.800395313489809,0.739751465869277
3334,-0.213131105168709,0.329623347783096,0.858623586832396,0.887335898102169
3335,-0.223274892489754,0.331733084593851,0.910050723580968,0.86560002266253
3336,-0.220479705284201,0.858170028884811,1.13647631608533,0.947612824439841
3337,-0.212105577908496,0.960157111776615,1.02515336618676,0.947792288395051
3338,-0.228038047576041,0.471509206123067,0.893826574586875,0.903670317425608
3339,-0.228837083943479,0.256275968519596,0.717871429293321,0.840252262885412
3340,-0.231828124520156,0.147681005476599,0.769938330168499,0.583265446634962
3341,-0.23274831812789,0.154636254912418,0.81223112995938,0.697729294872753
3342,-0.228188311152598,0.110020810082097,0.783805706390656,0.548668927300961
3343,-0.22876081026994,0.20101363933,0.867059607708271,0.818744085030764
3344,-0.219642308977016,0.216670435189109,0.938743056409236,0.785666745994095
3345,-0.201022940928734,0.219222768680795,1.06547893549361,0.866714954988324
3346,-0.215069390242487,0.266150325146284,0.92410867017106,0.872507242640705
3347,-0.218722747425228,0.28544826528765,1.05119181067456,0.811373602884323
3348,-0.206413184647329,0.328671346478903,1.07903047053974,0.861878599160651
3349,-0.225418645026936,0.177953944407223,0.930947702495241,0.737294833504163
3350,-0.22171333338959,0.17512873954251,0.87514202960915,0.75577578832785
3351,-0.213837250923269,0.161036421681366,0.919513507322386,0.715539056184482
3352,-0.241223043265126,0.245998590067534,0.770364729210413,0.789556082532341
3353,-0.220005731448418,0.0823269493456855,0.71133261193372,0.555219263720832
3354,-0.222575641782968,0.141287736005302,0.832821859299358,0.687718023383439
3355,-0.220543198988076,0.191761555134882,0.861688253584391,0.799788823723656
3356,-0.225245007423044,0.205777261282327,0.915626783063345,0.816984458418411
3357,-0.208123693188609,0.622341019177799,0.880036291641167,0.927617922650569
3358,-0.22307189691529,0.544824109461352,0.920558607122316,0.928024354145941
3359,-0.207022794313263,0.490927717330367,0.888719435079075,0.946878126710031
3360,-0.217081474293043,0.684317762170437,0.80247158822848,0.934467078349907
3361,-0.214990922805324,0.710947213377388,0.797214975726152,0.934972708231269
3362,-0.223909036718357,0.468740840667614,0.768743380087285,0.903530767987067
3363,-0.216153612689949,0.341398726440697,0.868738381778516,0.896549896961554
3364,-0.21764809029796,0.396761852997651,0.98777396267951,0.908096719845943
3365,-0.226496453506799,0.425193312460611,0.844142134843153,0.911698181628905
3366,-0.216578955457875,0.313140336911212,0.857573923128096,0.879408535036788
3367,-0.221623651204567,0.512249989992716,0.887786540157882,0.931727455334433
3368,-0.226888768398312,0.711926278859486,0.989682704855839,0.93749716295907
3369,-0.21610977244366,0.389143194644873,0.865550977250796,0.888831789588215
3370,-0.195733299523157,0.317763364358002,0.853805066075888,0.872612723293252
3371,-0.218103829540118,0.707666345198341,0.82612632236338,0.90367830382568
3372,-0.232003028703665,0.229759513491458,0.904044015394733,0.878983815012018
3373,-0.237781157615095,0.38839467770181,0.774114729483936,0.871178209097956
3374,-0.224985950141577,0.205907525514563,0.831318271033843,0.847594164804999
3375,-0.218950010941701,0.157029870928132,1.0360142421219,0.727614697756147
3376,-0.228369256460211,0.292280480684874,1.02491517362921,0.877637135484484
3377,-0.212574694881947,0.175561012523016,0.871037859967911,0.738645785463598
3378,-0.2473087057583,0.160013402218888,0.913877781773303,0.832099186402388
3379,-0.231612487606643,0.142785952628414,0.955180992986286,0.700380591116162
3380,-0.22459999203707,0.317749180683841,1.08914972006396,0.814041022417921
3381,-0.235118513664965,0.277577090388683,0.7845557659133,0.81878572862261
3382,-0.209579126024558,0.153502931660636,0.863589795124074,0.795741482061472
3383,-0.229718753108549,0.316572477775969,0.898315205612677,0.893018823469096
3384,-0.226966142302028,0.577401846842091,0.732080254470241,0.91651546935237
3385,-0.214919636294999,0.343704481412833,0.767735518796685,0.883685029380464
3386,-0.228878114629945,0.178675890805567,0.743130066986098,0.640969666099695
3387,-0.214526330396235,0.203754615332282,0.836282347797994,0.791541854673871
3388,-0.204003445550085,0.287162424825476,0.861065869344318,0.835325116018754
3389,-0.24498662942419,0.17954008193461,0.899919938384886,0.80400757323186
3390,-0.218605618658001,0.152512451801404,1.10619260994635,0.691967550906674
3391,-0.231745359616308,0.32120842838456,0.844672363800368,0.864910310856156
3392,-0.209795818914273,0.255203560424297,0.834865455842739,0.833114296978204
3393,-0.218026919973678,0.135953196212719,0.813572290140763,0.717788686000937
3394,-0.218907732594762,0.115981161707009,0.952428576857368,0.654146007740874
3395,-0.225058311494151,0.286089836648268,0.731222929926603,0.845136857641023
3396,-0.216153561243689,0.339155439326207,0.859104207737675,0.866778933676686
3397,-0.225673970404562,0.280983609199148,0.788778050003589,0.844427740984084
3398,-0.217395071233756,0.350146056172166,0.839484972345938,0.857901349075681
3399,-0.227902021968646,0.480955084480559,0.911506907679658,0.902394958850517
3400,-0.221230568543623,0.774060877530794,0.877675091255869,0.955857942013245
3401,-0.226594135735788,1.08575614026452,0.9223479297039,0.968227097597816
3402,-0.224414638300299,0.723572426272609,0.945102935999335,0.929027369823557
3403,-0.235268534664915,0.566007981317952,0.845652634518252,0.937946520714862
3404,-0.222000244319197,0.344558691324218,1.1113654787327,0.867687641607465
3405,-0.21637502325326,0.179027365950075,0.847813285243849,0.820726049789554
3406,-0.222327414639766,0.348760373474527,1.14136766984804,0.83227384839643
3407,-0.227317951192248,0.3400919730755,0.92278001872103,0.825705702621198
3408,-0.210611354255253,0.155924611678676,0.85377431551868,0.728339554756572
3409,-0.223852038228879,0.238846844325742,0.920956727606122,0.803277719795412
3410,-0.222254613575895,0.176866453157646,0.971585657136178,0.816762222986823
3411,-0.212280590334096,0.360004794843034,0.971133741469228,0.895485792477482
3412,-0.211402088596402,0.237953499699152,0.881830140459276,0.823930094600047
3413,-0.232051055830085,0.475675108445538,1.04946314021178,0.920007720198552
3414,-0.227312025482797,0.594509242336091,0.916119060836153,0.919866555717958
3415,-0.228741488882158,0.675394360892895,0.860832465984051,0.942711423718271
3416,-0.189620487392297,0.771729206185811,0.90693790011961,0.950251897213739
3417,-0.20519463918289,1.3343067120598,0.880604874160243,0.964448335675129
3418,-0.228083905361807,0.792786515973423,0.811815765464983,0.953369833190971
3419,-0.226474843589671,0.954741018527315,0.969327401944951,0.962963056467967
3420,-0.215379788181249,1.08673854476919,0.864681937209606,0.965120369334834
3421,-0.216716338530476,0.559824975631845,1.14269793721617,0.944621533142326
3422,-0.207888495473833,0.570822445012734,0.994696476982039,0.932584173842543
3423,-0.209109306242019,1.00353390734746,0.935535732567664,0.966550283274037
3424,-0.215226573610861,1.46485651324359,0.916564897522808,0.966056286724379
3425,-0.232513017467391,1.61387414899268,0.923608238659288,0.97996941217492
3426,-0.212101945424636,1.80568401270336,0.930837815955191,0.980830592770766
3427,-0.214788153168113,4.66302773485606,0.83558539083701,0.991005048590437
3428,-0.228159436472309,4.32445851233826,0.824142474305859,0.986822616474491
3429,-0.222046326187274,2.52668292374891,0.814388575266801,0.984928688981655
3430,-0.229685803704516,1.84244611108814,0.750254821299856,0.979220888067636
3431,-0.20459649172249,2.11095426333972,0.854296458651809,0.984584553872127
3432,-0.236551757359205,4.11948970763192,0.96333305683405,0.986981858082674
3433,-0.218684810920217,2.61565516369766,0.854828589208659,0.982048160444947
3434,-0.212254012876687,1.64103344162285,0.83057688213146,0.981878301548769
3435,-0.227701421121316,2.02439512606363,0.865340843733316,0.977235155477976
3436,-0.199010818753093,1.11542585285795,1.06448449987787,0.96236850323626
3437,-0.203553345685038,0.583880505836057,0.71439526608938,0.923480223765516
3438,-0.238764683936919,0.459018803396022,0.935243976541012,0.892429373987342
3439,-0.225957123015647,0.290419111731956,0.806047064236604,0.859006538918035
3440,-0.221462798509145,0.420867050731429,0.883551419505683,0.862533029817656
3441,-0.219640978048191,0.306406455974596,1.0124857100035,0.856649897534356
3442,-0.220913473773305,0.252057940505408,0.863307261343796,0.834686708288111
3443,-0.22124831363699,0.296251367913344,0.709992456223573,0.847656399181547
3444,-0.213571711041205,0.413547340471568,0.716813535446593,0.910642942773645
3445,-0.216085362996839,0.519278943978455,0.81634432702881,0.9188977250275
3446,-0.228289288737784,0.424080773203666,0.892494568465817,0.890046372269938
3447,-0.230041719803292,0.538160858223479,0.719429681106099,0.906725742060414
3448,-0.230246714603382,0.420088861661685,0.848888972518455,0.891993010577701
3449,-0.221655412650352,0.509675283501013,1.00455305616478,0.934837322741827
3450,-0.226689104423964,0.863869126954632,0.853460134944259,0.950829803094731
3451,-0.216273647139159,0.524797612036305,0.965488100235457,0.908944200196442
3452,-0.22841345805598,0.279298693049676,0.901652690318182,0.8795817497444
3453,-0.2305518136177,0.41114222780222,0.837143426944679,0.894793872025493
3454,-0.212670427899612,0.378614444481736,0.846518095190142,0.910844471409409
3455,-0.225742048119286,0.185075219495797,0.810998260407179,0.75362956817067
3456,-0.239418827296674,0.169194579789083,0.851507807830785,0.763218715134474
3457,-0.194779734749022,0.14204640446081,1.03838833028604,0.747259042271958
3458,-0.218345205278344,0.200646343234023,0.807441342184038,0.809863410859623
3459,-0.220016790382269,0.17427405005821,0.838890032985056,0.775562196970685
3460,-0.21039188443095,0.205167657097571,0.923862185675421,0.712054691611378
3461,-0.218633294266756,0.177515590691904,0.718638599582576,0.734366448936218
3462,-0.214119058056109,0.123618315365071,0.788081511019549,0.672477847950805
3463,-0.21276252751859,0.202628793532738,0.714840987299492,0.766494762752016
3464,-0.218983213210264,0.255919260208218,0.857778717402019,0.846651221093096
3465,-0.215867514268359,0.438655264173853,0.735497324930829,0.89316584456593
3466,-0.21669404322855,0.28452269727613,0.897340608608332,0.872050221577035
3467,-0.240059967239452,0.339385800724437,0.849448594381004,0.838912187585687
3468,-0.232842243744768,0.347810223328076,0.816075555016814,0.859479610680714
3469,-0.206206691122853,0.207845973417645,0.824311333640135,0.793738424888056
3470,-0.214191421410235,0.230272234151132,0.900177258692401,0.82097238731308
3471,-0.20246656601369,0.1815248982894,0.848166896749141,0.769965530769852
3472,-0.213340994235685,0.198342546511933,0.754490764567852,0.695743163356141
3473,-0.22635814613358,0.264167240236117,1.15514677679046,0.857359093145065
3474,-0.212051221016492,0.342520379354844,0.905039998492775,0.927684143836202
3475,-0.242863306587249,0.688985486178936,0.884237291131776,0.942820859539576
3476,-0.231804757261299,0.236802245779018,0.747159095496014,0.803985881373787
3477,-0.237963627608714,0.225080256254597,0.773804073685361,0.803694621161258
3478,-0.231430410723129,0.312380111466453,0.767334215715769,0.868786866189912
3479,-0.214840596808743,0.366031031400948,0.79302650815162,0.901217190880645
3480,-0.221386964333292,0.683270835714649,0.819152441146495,0.939276866534097
3481,-0.224159466004256,0.939598559361674,0.824112809871799,0.961748540941367
3482,-0.227941161603306,1.78458805914628,0.910218073749291,0.98058345950643
3483,-0.205824583595123,2.41379862020684,0.873861883335873,0.983621170669562
3484,-0.210444444425553,2.65305107965498,0.868328679586137,0.985518951933521
3485,-0.201125230081385,1.41367893761722,0.88615155576212,0.972265858798893
3486,-0.221346468514273,2.93279104470305,0.817325030622165,0.981116411893904
3487,-0.203221442769177,1.09457838478232,0.772614415249511,0.953879632762898
3488,-0.207891905004424,1.42655855769548,0.848841139437464,0.972727604696045
3489,-0.22467988706817,2.52086239532928,0.863057155302439,0.982109464468116
3490,-0.191951717325562,2.55564881505187,0.751308692520659,0.980334543861617
3491,-0.221817925484188,1.80547623647098,0.813504806693146,0.979869968815855
3492,-0.233024287000265,2.12128332233025,0.797172477606985,0.982505379811915
3493,-0.222892893811975,1.98502835834825,0.869063521560366,0.982599279313355
3494,-0.229267323344291,2.47651573059129,0.775427560839829,0.985479284745415
3495,-0.226520192918535,3.0826219230335,0.865830134710028,0.988982404906361
3496,-0.217121089696692,6.79499003135427,0.960961617620459,0.995567359267004
3497,-0.223096723941128,8.40191828419584,0.834407099851212,0.994678406750701
3498,-0.229627471669322,6.48775085722192,0.77855008028679,0.99380692992023
3499,-0.225124005816196,7.39316111913618,0.774680371999936,0.994542530876747
3500,-0.204880592817346,5.77939428578487,0.77067764227539,0.991120768346792
3501,-0.222181000528294,6.65129186357972,0.795380747782629,0.993621637927297
3502,-0.226113296142032,3.08596292638204,0.721008958082755,0.986709480147022
3503,-0.211607530935395,1.39108788072633,0.931333601446009,0.968700564923992
3504,-0.21656719785259,1.27811694301613,0.856452388964947,0.96415782015339
3505,-0.212742676247939,0.683111371074475,0.890999496161661,0.956863146422224
3506,-0.229682303767128,0.355301910076958,0.865168511264871,0.876032566303109
3507,-0.212835651855776,0.332490186981025,0.811954827228579,0.902542644896799
3508,-0.216958625715336,0.476839587189587,0.849702648912023,0.922028840195572
3509,-0.220501416045413,1.5845522692871,0.821121720352045,0.972897111296423
3510,-0.211219134916131,1.93603571492784,0.769916743724167,0.984661885699536
3511,-0.199422003956001,1.98330609850145,0.814552806364352,0.979693580385985
3512,-0.217411417420607,3.15031467293299,1.03895622863914,0.988551074349309
3513,-0.220054207175072,3.01433640016997,0.729229046923311,0.985702794066072
3514,-0.234639786017494,2.22332871771998,0.741438078359097,0.98418406427092
3515,-0.225297916861376,1.39397303438332,0.957667453415115,0.97512586251966
3516,-0.229823853116529,1.57107310660401,0.857473703428723,0.971240111996519
3517,-0.22124473752182,1.37229326237679,0.745992310121559,0.96645867564177
3518,-0.245343489059083,0.850944233284894,0.853270282662365,0.961371073281011
3519,-0.221561748541312,1.2851785205675,0.85357987506697,0.963635037843859
3520,-0.207207670103281,1.55916585804197,0.894658976890573,0.972893953765891
3521,-0.218603023140883,0.881540661143395,1.13309036641209,0.954402395555282
3522,-0.226192600423865,0.57082899238492,0.831028147136314,0.917524110307644
3523,-0.213173610111411,0.424969685198763,0.862498476204774,0.914827812635808
3524,-0.217582870460119,0.419116603374646,0.981467526053618,0.877911807615817
3525,-0.212600765282452,0.244571058466004,0.858982656882335,0.815743375218669
3526,-0.210458617115182,0.322949386859334,0.917509235929121,0.847958119197622
3527,-0.235536289667244,0.35745276219078,0.795938199609561,0.85793840093712
3528,-0.235509634955149,0.184762610438527,1.11882422438055,0.69826426531741
3529,-0.240442819259509,0.457009268950006,1.05089862548314,0.897476903848157
3530,-0.209294906254744,0.182262196039457,0.903689366246392,0.781382573442095
3531,-0.210818799276794,0.236718126382629,0.839396709257945,0.787095575770994
3532,-0.222947740491755,0.284554451259274,0.805986452290868,0.823057161200812
3533,-0.207348147002408,0.247999835671912,0.853346721814071,0.843259868462999
3534,-0.237659908190175,0.752767255277968,0.681238098695189,0.924717260375109
3535,-0.233617243005359,1.12517566958092,0.675735118877114,0.942696653608861
3536,-0.225529368335596,0.376855390029523,0.860705961759277,0.89705169164701
3537,-0.237241936831006,0.254807393074004,0.903571478338757,0.813668732298185
3538,-0.215230974072575,0.31805141625698,1.04260231391852,0.882674658475699
3539,-0.221092550536332,0.395344869512523,1.00181470526041,0.881306678858773
3540,-0.24591002439051,0.48620005471184,0.918386237910952,0.926220169101198
3541,-0.21954607686395,0.942893829697747,0.932342783960742,0.957543145593499
3542,-0.215178504666415,0.562044123947038,0.883770675155664,0.927111603214325
3543,-0.212200224913519,0.266140806840432,0.714656089576286,0.875516451849748
3544,-0.208461676701389,0.188971391304638,0.830954434311616,0.796958400489709
3545,-0.217232452309173,0.232514189497385,1.04915637782166,0.78780326502662
3546,-0.222149770270143,0.139203195674686,0.860043905894209,0.729906189228207
3547,-0.223197528545978,0.256961027813325,0.872850213369926,0.786579325314353
3548,-0.21857795553489,0.412125983135257,0.912161396592984,0.888852971969559
3549,-0.219495864315145,0.639862961268893,0.892872600832398,0.912910770897969
3550,-0.217813807063327,0.599271606796633,0.720856946732081,0.941389845621451
3551,-0.216075520876105,0.623374367383094,0.91838087346537,0.939770127685742
3552,-0.215066824056042,0.373854982150327,0.959560884286365,0.919286922005525
3553,-0.21335688214952,0.162954101627357,0.840695207816327,0.669827747392729
3554,-0.231727390870683,0.160047116622594,0.748650383440211,0.737844469501364
3555,-0.215916447994701,0.457545760526491,0.738491408017791,0.850761347359255
3556,-0.211994326418114,0.298474484789391,0.722899479281663,0.879440864028392
3557,-0.215184622586092,0.134230046706858,0.718988952644139,0.735646882887997
3558,-0.223426744405071,0.358374222577555,0.903358950797,0.905963620009336
3559,-0.223292112943169,0.547269093895596,0.881168270398134,0.928430341927427
3560,-0.220466949383747,0.524446336671975,0.768484540138899,0.906625430416121
3561,-0.225139859176102,0.274096548429507,0.785335633718233,0.879519341091647
3562,-0.242438516643664,0.435599337532535,0.817658256378191,0.913536692631419
3563,-0.217739462199157,0.281968595703423,0.859599753361916,0.869446981210578
3564,-0.216353599243158,0.146025018100957,1.00882400387759,0.624166878301775
3565,-0.209352984432662,0.201084366824775,0.848086918985113,0.779560860866301
3566,-0.21619461880256,0.267385839362415,0.995545034490343,0.780515967448115
3567,-0.197212462226502,0.225956351690757,1.04457576489281,0.80226513425452
3568,-0.226652388715756,0.142897221373296,0.938078361257318,0.74123954283221
3569,-0.219768528468008,0.183342244032939,0.740464635133023,0.792383025843987
3570,-0.214655156618535,0.126867367965575,0.800084895788493,0.6919853296889
3571,-0.211576373227959,0.241831948628919,0.759129497312889,0.806405369672728
3572,-0.225783565988158,0.137493061326952,0.817854869475883,0.724795910898529
3573,-0.215196086301239,0.220430617792195,0.736106324850614,0.811532691014788
3574,-0.213003865392394,0.316949352592709,0.873554908213145,0.880283407211142
3575,-0.219293558785703,0.285279473360202,1.01136702161762,0.841631553957203
3576,-0.224930652207622,0.131881486948875,0.962024588749916,0.704191014129895
3577,-0.210505443046772,0.176392470293428,1.08235919864403,0.829786190726223
3578,-0.225960925622383,0.238432310231035,1.05019287397386,0.819275820971824
3579,-0.221267412191653,0.217244241763,0.901225470427743,0.832021044088964
3580,-0.240337159077275,0.189970745031989,0.778715063162376,0.762478392851826
3581,-0.200822072274555,0.103831677410244,0.746479392608342,0.627737299889587
3582,-0.215229622912623,0.163660233792093,0.824896950408271,0.690110485153336
3583,-0.229558323491906,0.187239318018513,0.884772548117801,0.794303710852797
3584,-0.214641959713176,0.316971690721898,0.862529496196776,0.862338949690282
3585,-0.215728958495262,0.415265737429142,0.71957554602767,0.911282386540928
3586,-0.185797795828945,0.368142775543665,0.790240791679662,0.864391725882079
3587,-0.210473918663567,0.24852268762648,0.882288788024524,0.818782763359227
3588,-0.219876630446118,0.334144432019265,0.990184966176356,0.845324243378692
3589,-0.217873991121336,0.153927973060817,0.757198957270816,0.686240427305907
3590,-0.22662288703558,0.120485049447306,0.709361190184634,0.580672032219127
3591,-0.236020339870567,0.186402313503477,1.00475447233954,0.744870405046408
3592,-0.200024794968856,0.269495130939485,0.941403462633358,0.860281717181698
3593,-0.223016678519567,0.246749880912994,0.732300800519568,0.85444886129999
3594,-0.217644787780517,0.141349321665871,1.0958977799645,0.741912240850256
3595,-0.21382884150269,0.31592528476281,0.91681487191239,0.851071781600789
3596,-0.214514303402106,0.501085141641277,0.726636101372871,0.893850439395338
3597,-0.225749944844184,0.278462559502637,0.865574401426184,0.867427277385321
3598,-0.211445235890535,0.648231794357208,0.742369270866751,0.935856054111477
3599,-0.228363348274921,0.46269497072084,0.834808734672909,0.911598105076892
3600,-0.232511049983688,0.251762805643652,0.818668274329475,0.795161671476416
3601,-0.238279843583772,0.218558538225315,0.827657163974904,0.799010196134389
3602,-0.2290312738838,0.228420512158406,0.905563614805453,0.797156293494659
3603,-0.210437241511293,0.223731141319561,0.945497867484623,0.751975450408073
3604,-0.215808621171227,0.199543860453689,0.709401680607332,0.736218648586858
3605,-0.235813344352383,0.866177779441857,0.837989549237952,0.92845181963634
3606,-0.216926742417537,0.399112645970131,0.977782682444608,0.911177373865004
3607,-0.240589871650212,0.256852680804536,0.843665302507045,0.898512746308947
3608,-0.216121837613394,0.379971588773606,0.771517639922835,0.899652360488757
3609,-0.213146972615218,0.347929301977914,0.879663666689015,0.880690175696003
3610,-0.223762596932358,0.345705529467474,0.884714288138076,0.877952667262422
3611,-0.222297037987364,0.22156604109628,0.909870530634702,0.805388836539476
3612,-0.242683997230965,0.130076708407048,0.808573398241107,0.681006003883144
3613,-0.223002261563601,0.196710903468598,0.731994400951838,0.794163083803639
3614,-0.219638303942474,0.13570921363799,0.866862793643559,0.761593357128881
3615,-0.230404277887174,0.168320395177959,0.853632335020158,0.74921501553766
3616,-0.198290575691745,0.171117643911676,0.760380502197895,0.71368320663999
3617,-0.22183890040613,0.179973167905134,1.08919143892377,0.82423166646289
3618,-0.233057635368392,0.194327339593691,0.891160983746539,0.75505144837966
3619,-0.225325433335841,0.175508205131607,0.832922992458645,0.804433630628956
3620,-0.236313151517107,0.287823984467459,1.12999249244143,0.846356913544855
3621,-0.224023816534351,0.235475310120405,0.82248072484012,0.788311750257261
3622,-0.219574197098671,0.211834846368536,1.04987581227641,0.82884510036169
3623,-0.238175485223413,0.175004771669957,0.759378026628145,0.812150317168223
3624,-0.222423065601914,0.310809986472299,0.726826885586273,0.864139318379972
3625,-0.216246206878519,0.339284027410022,1.06838989427772,0.874024651193391
3626,-0.234265711575794,0.256359081162748,0.897327951677101,0.844360527667795
3627,-0.202592115837884,0.154865508333528,1.08499543453186,0.75853498195515
3628,-0.214717591162568,0.394686836857368,0.863892798014142,0.882446572939297
3629,-0.203631407738542,0.398439027640376,0.89420290293923,0.907910140606175
3630,-0.227876341582834,0.41717351746539,0.835513067342998,0.890117778020602
3631,-0.229483443541058,0.283739927297548,0.984020119035461,0.851626125451163
3632,-0.220275783735313,0.306970327562954,0.723931584948722,0.820517612505884
3633,-0.208811883766223,0.363323551038702,0.963428114390867,0.886134024864371
3634,-0.197412261839038,0.330312085320014,1.07060638451469,0.897786824666007
3635,-0.245248832773005,0.431774619193564,0.863318752018367,0.90603696426835
3636,-0.212264513962914,0.473514784744042,0.938937412567547,0.913383192805626
3637,-0.223408716781428,0.401327113559822,0.929681518574386,0.886838000186318
3638,-0.229080954093364,0.312448578729527,0.812439092917922,0.869904271838757
3639,-0.201080459565118,0.40881710273718,0.883611173635556,0.89390838112412
3640,-0.219072702191166,0.286970469390774,0.812760011171358,0.814977663546749
3641,-0.224813183144533,0.265454587788814,0.829741496785791,0.837119145579644
3642,-0.219674121441775,0.264994597145119,0.84718198902292,0.848196620735898
3643,-0.227381212336821,0.178311705861857,0.911785513980893,0.832852151222054
3644,-0.216583333287392,0.417934697022139,0.887214852457139,0.891353808182871
3645,-0.2152475770595,0.310248860909385,0.817645972759215,0.881082949851186
3646,-0.214786736845752,0.416910975035045,0.717704208018064,0.862175492691203
3647,-0.216406811492937,0.133993598084776,0.883242388895259,0.771708503156092
3648,-0.213196545400064,0.263265966988528,0.880219807732848,0.848117407887823
3649,-0.218784580297085,0.16099275080212,0.886780534998996,0.701255721616761
3650,-0.21261436117453,0.178251682973944,0.863029278939031,0.699572969942949
3651,-0.212291531903549,0.104232196103684,0.830205995449107,0.673917556728711
3652,-0.222884713867401,0.188909799764442,1.03562790897617,0.762491233025617
3653,-0.205762427026056,0.225566770321406,0.889413004226226,0.861767772631045
3654,-0.218830516400561,0.170184571961114,0.885630125913582,0.722122852486883
3655,-0.201526972730685,0.123142481927607,0.963004493844493,0.726126014179459
3656,-0.210973355166943,0.174141492985887,0.868970429219725,0.777679390969121
3657,-0.229688419234379,0.305311180050726,1.03754606483994,0.837848891001281
3658,-0.227103832143249,0.210419125082619,0.796880237823254,0.772845267095144
3659,-0.225357516718698,0.260357218446802,1.07411774027166,0.784684836127502
3660,-0.207411473889392,0.180949806751601,1.06775880988903,0.820215191884126
3661,-0.219931653360149,0.298985518061321,0.934315829494288,0.829306301946001
3662,-0.216137154317775,0.218718752394985,0.749366850618775,0.780642209258813
3663,-0.234265727756746,0.210496498930851,0.863178675679798,0.868582321837796
3664,-0.210514842394036,0.283155537527883,1.0628472415239,0.85711327624849
3665,-0.222553265845598,0.342580039685784,0.868435571683373,0.884482963937731
3666,-0.218356548913981,0.362082007810943,1.01267549315393,0.885113691588092
3667,-0.206192600790722,0.280097711247726,0.878103921774846,0.859561223376271
3668,-0.208062165552253,0.286241895275015,0.776377616273608,0.84559850370856
3669,-0.219418010780929,0.341591701018869,0.894656191159863,0.849190554018509
3670,-0.215746911814451,0.232274594952093,0.904525630790027,0.785755045344562
3671,-0.210296814680128,0.30767335294388,0.964585883029937,0.863133729019828
3672,-0.216019923675087,0.221469279276567,1.08542196504288,0.859123055303827
3673,-0.216711807388995,0.417277114540963,0.975719108743587,0.900141290110528
3674,-0.227336048239786,0.290930935706043,0.92777014574064,0.856147170503692
3675,-0.219490844099483,0.539683771026491,0.788899150195473,0.918127557124525
3676,-0.222227753190223,0.46357053632639,0.768674817387153,0.921079079283062
3677,-0.220396914527796,0.658097796065022,0.99394224121054,0.932103386959738
3678,-0.223728860392515,0.529244442664494,0.795331694547559,0.912893909769611
3679,-0.220580119677764,0.230846941752367,0.912694416370832,0.830941990815277
3680,-0.219889736594058,0.232441549324131,1.04267707761858,0.827235101757774
3681,-0.211263539154451,0.229981925110003,0.957706799171107,0.815043946264838
3682,-0.207133709449524,0.183960855615354,0.675339383060209,0.738883370356956
3683,-0.215247655989418,0.209702584996592,0.748984521214361,0.793234196985379
3684,-0.222262488963366,0.286434955517043,0.882352867624471,0.831017666196767
3685,-0.23150242726709,0.562314816423405,0.860866655449172,0.909749577805411
3686,-0.215576037869646,0.539603795127238,0.864810089400101,0.934812639662417
3687,-0.235544075664556,0.959627196453001,0.75799829225335,0.952558889160351
3688,-0.219700782424117,1.19501977092912,0.717953011680962,0.961557939740833
3689,-0.219018322097261,0.805173899304419,0.898618938702827,0.944074090336224
3690,-0.215173127282482,0.952409828756364,1.04864522118654,0.963038930901499
3691,-0.227048913485215,0.659826781948885,0.864202860571073,0.941926908490545
3692,-0.223198956920314,0.85985772538094,0.908634737464995,0.94605984909602
3693,-0.224912202534732,0.835371862251693,0.912083774475124,0.933185949384582
3694,-0.228113119459607,0.470765290992322,1.01449066495123,0.935867160999683
3695,-0.227094418955672,0.370647890539876,0.935090368073751,0.917117631370865
3696,-0.21576843595892,0.308127597363195,1.07693447203179,0.863371574551939
3697,-0.239701209791104,0.208279092603166,0.901861045769773,0.796395499662169
3698,-0.211173140536395,0.175787972574898,0.70023313793386,0.729885783359406
3699,-0.233357955527892,0.220833214406007,0.845373390438369,0.801770422042247
3700,-0.219623882495554,0.542216686827802,0.860977059838485,0.911611862007501
3701,-0.216735673583415,0.322146576317595,0.9212363099281,0.916368260293074
3702,-0.20234421017019,0.416440130341473,0.914938755248898,0.884297445197733
3703,-0.234977267478552,0.354360857219323,0.844652966704945,0.912193975816874
3704,-0.206696737045758,1.03396306608193,1.01956851618395,0.966937918546235
3705,-0.204435902331787,0.609909696761627,0.889603789475534,0.946623630647712
3706,-0.215839948174721,0.623407818478821,0.901233759108712,0.944083167523789
3707,-0.216526315622707,0.476030329587486,0.863364932605078,0.932379663405155
3708,-0.238995363018676,0.838095591449574,0.807431296224673,0.949524520940569
3709,-0.223196307303969,0.70793494668563,0.889442234058765,0.943616817126459
3710,-0.22671938138339,0.501144634113561,1.09080779555172,0.906784394046661
3711,-0.216468684701959,0.317304573707174,0.895752646194656,0.8983952141233
3712,-0.212570520063076,0.2435979610885,0.80976456692861,0.840291813821686
3713,-0.242203243506519,0.227446623420796,0.892502410175545,0.818043015932796
3714,-0.228965796157335,0.289105221372748,0.931994249625827,0.871115054332658
3715,-0.223730077084981,0.274186142756889,0.843280479630696,0.830722297775547
3716,-0.200531945687441,0.418852188096182,0.857675076525545,0.916774534658418
3717,-0.22157947828326,0.287330139086599,0.859412983244277,0.889049361465211
3718,-0.220567441065978,0.511697906549371,1.09895885615804,0.902876198745931
3719,-0.22431460882909,0.293322603945877,0.862594433159765,0.880110853259772
3720,-0.225448395149032,0.385878702028775,1.03346111131008,0.90397793645325
3721,-0.20706202038107,0.331710604082204,0.876892906560638,0.834196354813177
3722,-0.228996319377518,0.20191345217175,0.784275284688867,0.755501314134402
3723,-0.247533999446544,0.215800081963017,0.83851966792995,0.852340257577966
3724,-0.241701538408065,0.289481453079243,0.779337858585916,0.856387476482732
3725,-0.220041699436665,0.274482932351252,0.920589953998777,0.848821406515249
3726,-0.22497528954945,0.20698185973557,1.00167266782569,0.840538008528495
3727,-0.211400915580518,0.105364614689484,0.803317735680552,0.581444169265783
3728,-0.222214945183583,0.162218726145742,0.810044605963674,0.635560030714286
3729,-0.233263788789459,0.13256556976257,1.05445216333985,0.627464115593657
3730,-0.221312042753155,0.14568433145527,0.94898537555552,0.72008875202977
3731,-0.212176005609494,0.216275167188102,0.913158910463145,0.821558279000829
3732,-0.220961983980508,0.187729389181224,0.884450507747073,0.762894504151884
3733,-0.202763282344161,0.166352442832268,0.826799404323642,0.784658380862032
3734,-0.214673150002409,0.172079192833769,0.840298874081359,0.68949104051115
3735,-0.216325363551632,0.179253615639439,0.713547521000716,0.787103716496792
3736,-0.213807711994256,0.178605552417579,0.963980678514684,0.689117619067813
3737,-0.219662515630796,0.265003892800305,0.963070616409849,0.822814038377792
3738,-0.229710331555921,0.28048736888639,0.855498527030496,0.864288792338976
3739,-0.22674371790967,0.307388100474631,0.89208579992993,0.835365246519617
3740,-0.237614971902772,0.46349695461693,0.799558839575891,0.864350655844997
3741,-0.204688530910612,0.267357502495422,0.868795407919427,0.792172556457122
3742,-0.206311118728,0.188547315531196,0.902958523006508,0.8341649705911
3743,-0.207921043154704,0.258458631472677,0.91181814516324,0.783447706248737
3744,-0.234396675056199,0.157393286013253,0.840268902515992,0.740186103265634
3745,-0.204295415957438,0.390174175003271,0.85658887317102,0.845702947076767
3746,-0.217809240929479,0.221141767497228,1.08135507186641,0.815035074629421
3747,-0.213630797009699,0.253748117350195,0.804445770089226,0.794089419265858
3748,-0.202623586855234,0.20402668928626,0.785263167722246,0.823998778863748
3749,-0.219618044885564,0.32843511268468,0.732084145472104,0.870901318190898
3750,-0.209567374205597,0.352923238265258,0.975519532750817,0.863661586945804
3751,-0.225050257434933,0.231427411529395,0.892393689154257,0.819901075713355
3752,-0.234768780933948,0.508743535395198,0.804673633350166,0.904008746464395
3753,-0.22239797891242,0.317265018231327,0.926129051932073,0.857666059116416
3754,-0.215797277555239,0.476444913609744,0.921576253973167,0.892247537105774
3755,-0.217007649210445,0.429905744115794,0.850828039634652,0.917321427887133
3756,-0.221672253499432,0.472070698888061,0.911465045271511,0.937389020016948
3757,-0.222199382091479,1.09154725090313,0.822885288639653,0.960439173757959
3758,-0.223863573212021,1.66549674103993,1.08116817782499,0.971785017105119
3759,-0.212909317880495,0.989431612557123,0.920612465861816,0.968105387339912
3760,-0.217238029007754,1.62617628096109,0.790122455101949,0.970019175307185
3761,-0.218687212405958,1.01674816091506,0.769865646762631,0.965188750315216
3762,-0.234135416426755,0.46797246583235,1.07158918800388,0.907960219909365
3763,-0.223250231168164,0.506030926277547,0.904071704503263,0.891191284827723
3764,-0.207724984178048,0.32601274521531,0.839904030385688,0.883766632334023
3765,-0.236896580530035,0.517117117711309,0.801952489788385,0.905576295341443
3766,-0.22913342163283,0.265336599022534,0.953876981041861,0.801182575883625
3767,-0.231678971822093,0.134562464612109,0.822226007344386,0.746546318824487
3768,-0.206307940853978,0.22934183110546,0.938291257364224,0.849585955002256
3769,-0.22598378422972,0.231358902621796,1.09622257992686,0.804688278829568
3770,-0.20458536137546,0.0995120369685858,0.963399016050789,0.700620904303999
3771,-0.230711359233055,0.218032716090126,0.766737834163591,0.799742527625839
3772,-0.233587166493353,0.383943405451281,0.763930547533852,0.863814725270491
3773,-0.234658337003777,0.175941419108796,0.688090334340648,0.795753804938171
3774,-0.204719258646427,0.278459688392188,1.0144398725302,0.886199353994465
3775,-0.247119128043442,0.455925214213968,0.949902498538663,0.920506991354371
3776,-0.210832129945936,0.308430390488589,1.0597468964064,0.877465624360254
3777,-0.218825870814744,0.311798351201585,0.845126282839437,0.867033107240364
3778,-0.21644399433077,0.280311617417242,0.873398402532444,0.867927438347964
3779,-0.22406653852794,0.350538991329209,0.960485047534128,0.898182835038479
3780,-0.2133994232112,0.244508040365502,0.892341706235989,0.844350677307182
3781,-0.232360611843729,0.240642271343277,0.924671885628428,0.843174366450741
3782,-0.225329996219639,0.247121378897027,0.722267309207138,0.853450380324426
3783,-0.223148998887074,0.165379716083268,0.808693352939042,0.783731171040208
3784,-0.213928013975552,0.17145814480428,0.872501066020305,0.681909473351609
3785,-0.229382231606819,0.123843805952277,0.81284720743818,0.663754223518761
3786,-0.238757494474983,0.11743178874234,0.922692489075646,0.634957933433613
3787,-0.216395321398049,0.227385162883085,0.887545976817371,0.813262918475171
3788,-0.214419677692082,0.353314875388673,0.910265393499882,0.876357802546557
3789,-0.21292756658098,0.176326768469001,0.902367893902698,0.718597049504558
3790,-0.219330164110107,0.220529089883271,0.837981173906682,0.765206476729762
3791,-0.225309196660049,0.110868190165482,0.934053630742536,0.666633838784186
3792,-0.219062419973035,0.23144776315011,0.868932353413544,0.714795363449708
3793,-0.219704295696109,0.240515952281156,0.912953760121773,0.866561966557493
3794,-0.222861867922403,0.821201737148413,0.727989493372099,0.94315804045815
3795,-0.215059547156571,0.569013177969747,0.886656816778918,0.923185976532504
3796,-0.20885921693948,0.48857600926151,0.870948362019136,0.91722746739494
3797,-0.216261903440042,0.185826271978494,0.974548537962392,0.751867710282682
3798,-0.22517454285651,0.203126394996321,1.00540340624305,0.826648715684179
3799,-0.210873696459209,0.363056317836444,0.941402182471316,0.820801119512404
3800,-0.212363472898171,0.251009867821546,0.908046897046144,0.849639869286237
3801,-0.215500325062265,0.296065907796239,1.08098748668794,0.875418725765037
3802,-0.231619133456294,0.267160712705116,0.975898483548225,0.879050230899138
3803,-0.216429757013744,0.357527138753211,1.06906201765824,0.904525798320489
3804,-0.198976528936103,0.30788556734351,0.872265473496008,0.887524409771571
3805,-0.213425603156196,0.423950382323667,1.03358202386721,0.912336667070976
3806,-0.216071720689088,0.814692082155058,0.910891414985173,0.951663839172949
3807,-0.208827822611646,1.06960926271419,1.07115914572582,0.970684069538225
3808,-0.248671779217174,0.924345878484782,0.924521315441151,0.948034692505187
3809,-0.219344324304348,1.00551222972233,0.965206984147282,0.950982602084657
3810,-0.217743634699543,0.773112542455218,1.05408200360668,0.961862591016868
3811,-0.206984874470833,0.628532996980367,0.77355903410456,0.932297517942243
3812,-0.211975455978781,0.744224662966372,0.901060613982812,0.952935085044963
3813,-0.224405695729549,0.623505582491899,0.887536930490806,0.943978703247766
3814,-0.207839869370249,0.266220038951614,0.802952888152736,0.794916092328081
3815,-0.209914858971822,0.213592193607037,0.84373853326166,0.8298152688428
3816,-0.195692455683839,0.150576080094898,0.888844902426911,0.697760120537421
3817,-0.211788746028802,0.237513110958037,0.722797941165083,0.816506114607938
3818,-0.224313335454733,0.28292492126268,0.858575468207277,0.874168620638929
3819,-0.214323708905705,0.451377799829947,0.797535428684183,0.913375296783541
3820,-0.228742485609978,0.509811002865166,0.748699544352418,0.915667481223875
3821,-0.210154546318174,0.350786569393885,0.746123567017874,0.898596026123211
3822,-0.205187522320648,0.43094690760524,0.904201539710483,0.910160236667943
3823,-0.209722368670673,0.282116803192483,0.913591380049643,0.841316428269001
3824,-0.232361189576566,0.262743485489892,0.94388049638433,0.851418160120639
3825,-0.221556763804777,0.304221818490663,0.893070731393013,0.912110946462097
3826,-0.213662918673926,0.606992751476455,0.920324495365194,0.94603522106329
3827,-0.199987855878552,0.482257720063811,0.886933812791841,0.938296966218024
3828,-0.215812940084201,0.883509967795116,0.8475519416149,0.9532350881528
3829,-0.224581550963647,0.719523251664156,0.705765023204158,0.93534580176282
3830,-0.216682050755318,0.912349497588267,0.894798256916027,0.963322115606024
3831,-0.216862477664382,1.19379463083809,0.871532251386866,0.965707845237038
3832,-0.213792445152159,0.385820349739029,0.878594385487864,0.896177685883363
3833,-0.212794009508767,0.310659163071614,0.74469891213586,0.8726059162676
3834,-0.209236178070035,0.307868330498248,0.881012383012107,0.872954284457887
3835,-0.227485861085207,0.571156966038779,0.892765664228164,0.931899505557708
3836,-0.215388405280803,0.378974814056341,0.878123364395925,0.893941521141679
3837,-0.206377657020611,0.230589737925688,1.02916069170243,0.817548796485652
3838,-0.215386987267993,0.146771133742397,0.888309731478223,0.820371046917758
3839,-0.219896568244727,0.488393847968857,0.767331009900481,0.894558570572751
3840,-0.231011683415462,0.284225577184018,0.785219561234992,0.867310294042655
3841,-0.221463311904051,0.328931744074012,0.820325944353352,0.893785029159173
3842,-0.232267375695884,0.353777225422158,0.809423429779578,0.865251102735731
3843,-0.216913667317375,0.362678709904578,0.806992997322131,0.895007951715305
3844,-0.208380571635405,0.559002909943191,0.869467334635199,0.935717730179577
3845,-0.197427820852755,0.361790615584812,0.969112163387748,0.860342561831687
3846,-0.221762126326043,0.321593963980628,0.95453526368918,0.83900724365476
3847,-0.222647341961942,0.287812229067689,0.851732685986188,0.851464650200089
3848,-0.21393435689432,0.377839216105372,0.833337156933448,0.913629284375804
3849,-0.199425688480793,0.438016533952525,0.890949888502557,0.910925778527004
3850,-0.21605328200144,0.307312534094933,0.796935851306252,0.835723540427454
3851,-0.228990225123679,0.263368006595721,0.903763529068578,0.886325415014992
3852,-0.229225819711245,0.642065079673734,0.894100665482111,0.920352884696876
3853,-0.203000998400083,0.518758683950184,0.739749407552865,0.894213494334468
3854,-0.219996757461685,0.318463336989104,0.919681315917021,0.864571133119714
3855,-0.214131641298784,0.394872595798248,1.00750016918113,0.91184146499299
3856,-0.214492653462823,0.877270821723687,0.861590180604801,0.943391914546812
3857,-0.210269305361392,0.511356221724822,0.854750392148097,0.926171171674316
3858,-0.229841541307253,0.387283279760902,0.675888990550757,0.88890103410114
3859,-0.2430189737317,0.219366907223416,0.882993315324086,0.840094410248605
3860,-0.212150984700774,0.170333903962326,1.13272871961779,0.831267937342617
3861,-0.247291441558378,0.392251663258868,0.852970717220325,0.902007408373064
3862,-0.213913517906933,0.518482909068024,0.748214702143017,0.917752792128302
3863,-0.200379063166694,0.43049423373027,0.784619751819396,0.88069644218627
3864,-0.234573454194099,0.396267596688752,0.800721014211159,0.887854893144094
3865,-0.230700952373004,0.277547159135826,0.910424261070204,0.843325143851402
3866,-0.22015925294681,0.180203068676056,0.893471608504481,0.811866776795433
3867,-0.210409879743792,0.404308885226084,0.790207155687047,0.877203798240315
3868,-0.240648676054427,0.253398150830804,1.11713247360046,0.83613690745801
3869,-0.202098187856781,0.220739904808997,0.907423000436904,0.821008579273743
3870,-0.212671197462439,0.174240072420065,0.712441500312792,0.760502660087036
3871,-0.21260014121145,0.143348951431082,0.873895455770534,0.762107226216411
3872,-0.222303897985635,0.11218250047847,0.861432340911013,0.706100626523469
3873,-0.212314323367498,0.311160678039254,0.769364829175664,0.778089603015319
3874,-0.237004124878387,0.126738934379834,0.930479670202762,0.618940646070864
3875,-0.225045376232048,0.109092167182026,0.81294307173562,0.395318312652354
3876,-0.213725524196154,0.159451454977142,0.856206642006887,0.741776419476518
3877,-0.248327151015793,0.430031428868455,0.853921428247235,0.900214735134418
3878,-0.22106484726902,0.608328131871672,0.877188149990028,0.937636570201355
3879,-0.208924812061948,0.678083954211239,0.882658680475999,0.951689965996222
3880,-0.205383760821513,0.437863830576208,0.867170590941108,0.920175475999272
3881,-0.225669548913461,0.269131519073784,0.838019037144647,0.797826350848806
3882,-0.231488418777394,0.18531569026812,0.886152019809286,0.801506607265249
3883,-0.226489165497377,0.337388157730723,0.755766654181123,0.871823032663445
3884,-0.21431147460322,0.181348845179366,0.92542070926805,0.807917323211122
3885,-0.23719738524261,0.328026263525986,0.863438244678542,0.876766227503301
3886,-0.215617794543637,0.357926850511667,0.736131924775441,0.864177867102508
3887,-0.218586056839441,0.618391678406242,0.917367131214606,0.943675442549712
3888,-0.244046712450698,0.537491851482194,0.990291989325794,0.904465114996663
3889,-0.214087742435516,0.270580800194619,0.843766806182148,0.881036718422238
3890,-0.229764036235587,0.291200941828079,0.859239719228873,0.875572475185447
3891,-0.223216272317226,0.191623187224277,0.869549263542183,0.755985400326487
3892,-0.204144437602002,0.175755229612362,0.842747469117032,0.814705408831641
3893,-0.236277537802747,0.180756672550409,0.789383769307251,0.713449405255349
3894,-0.208919186139855,0.170013450192396,0.898275814594125,0.731340514250174
3895,-0.218399754786916,0.23666932525317,0.869186503659238,0.8181545855639
3896,-0.201288014849876,0.480184189059755,0.804935545727449,0.898581398779489
3897,-0.232768022701342,0.333337996127929,0.920433786931992,0.836712098034755
3898,-0.229180903152167,0.435261648976331,1.02546500735827,0.902793890615507
3899,-0.222993860657395,0.460005692547373,0.733891611214906,0.882639617120273
3900,-0.234409372003641,0.195889585186662,1.02484553811287,0.824661640084433
3901,-0.207326805871736,0.319843051005929,0.896427816330373,0.857505553606691
3902,-0.22029981089558,0.515859284409074,0.721005906914767,0.919105438217673
3903,-0.207791520946124,0.938115894050622,0.808995435983425,0.947751968857897
3904,-0.21940119549098,1.59920964344974,1.03401050561606,0.973173083899956
3905,-0.210921632094845,1.80111616912408,0.730254808758895,0.973461339242725
3906,-0.236503815740159,1.5214360325829,0.905393416685967,0.970217478493007
3907,-0.227627847394186,0.922333468807018,0.752651443862235,0.949622119920716
3908,-0.221420041645152,0.5252954082846,0.838258079273193,0.859678953472343
3909,-0.209245697641271,0.239170650052789,1.02644422422936,0.891934540313686
3910,-0.233786946399694,0.355893032809351,0.969441194222574,0.897430104371296
3911,-0.200434298129798,0.350007364666559,0.89206939068006,0.893489515541771
3912,-0.218802630978145,0.721674614106616,0.850783800465916,0.942301930834805
3913,-0.231443353689045,0.692479943119515,0.840744628410762,0.936452008817074
3914,-0.218902241502902,0.794113444067518,0.852408292428724,0.948931485883873
3915,-0.202329483117915,0.565761068707938,0.863316572754544,0.928326234263429
3916,-0.232198680230418,0.44291675918725,1.08194655135653,0.917469909523027
3917,-0.230978675829844,0.495996900636145,0.853621607986094,0.931533347057607
3918,-0.225390866551663,0.547535700302885,0.784503009601914,0.946612924862366
3919,-0.221241075162207,0.8377507130614,1.00192955210878,0.959997605248703
3920,-0.223940174748033,0.795659927047579,0.798766685473052,0.951879250052068
3921,-0.230871174068464,0.660053915781223,0.780356641161667,0.940481817957202
3922,-0.221217196098455,0.912644725620025,0.730143410660831,0.942948806511989
3923,-0.213974443574617,0.447924117297234,0.704333185380945,0.874673269995261
3924,-0.233109568789217,0.346125946579283,0.916067538875653,0.851239340444298
3925,-0.215677327848624,0.392099632183719,0.947811817783035,0.904226141224448
3926,-0.212822744535238,0.335248353028917,1.06808596202234,0.824565287607315
3927,-0.219268529638923,0.239782917604738,0.783174160097791,0.862670543796229
3928,-0.215270782145886,0.264598341988015,0.780791622041822,0.853599542450445
3929,-0.219313925118288,0.163026193790412,0.742955565356574,0.627778106255299
3930,-0.231902582887781,0.184709849974871,0.869798461962785,0.75747044745702
3931,-0.214512444005873,0.167202592736798,0.809649808825538,0.758262693957667
3932,-0.240997282053858,0.218278115094274,0.904241302283709,0.799321168197002
3933,-0.214789200994671,0.105326499077769,0.91712377658753,0.64199219209321
3934,-0.217473588187689,0.160731881200905,0.789509864497101,0.782067494915214
3935,-0.20986219024778,0.292367099497985,0.806236333538052,0.802936825511106
3936,-0.218397472065028,0.32996015710477,0.963161265510658,0.906348090020054
3937,-0.208153615775895,0.205652198339446,0.879862854121336,0.816479638596264
3938,-0.230390451544453,0.156909741384379,0.765775211338425,0.652886825534796
3939,-0.223647548535169,0.167110385772324,0.787037978813221,0.772280135127881
3940,-0.219093629088753,0.182251642921008,1.05236790913684,0.748225657770909
3941,-0.239836984806556,0.208559204535658,1.07442180755523,0.790240754717503
3942,-0.207174046256852,0.272257192658953,0.894337031438604,0.839069227385911
3943,-0.213063123384186,0.173997637059533,0.861919529996865,0.704596368304382
3944,-0.214818855078871,0.107203815449617,0.707982806645026,0.636264052889065
3945,-0.23187866957772,0.135877738262286,0.71662194391436,0.649634905643763
3946,-0.211397096289695,0.216449971036639,0.890443307171835,0.774046177299265
3947,-0.212910646634612,0.187707390923434,0.893709076314933,0.796068458293996
3948,-0.22887119126895,0.283155146659192,0.920496115872264,0.826915274223185
3949,-0.217204719320103,0.228725440611409,0.96689608793864,0.831383668963366
3950,-0.224096759362828,0.160481403833577,0.853077993118213,0.706482088573538
3951,-0.220853641126181,0.118781516854912,0.840301803549132,0.594692269917492
3952,-0.239772606188513,0.223541822919735,0.965398021162523,0.799057776853516
3953,-0.223794557549889,0.337811629950382,1.03106328291298,0.905866849890392
3954,-0.212290710727093,0.27559622751797,0.887764551706329,0.797751686173528
3955,-0.210562995630683,0.155859729192195,1.14935101919236,0.783967452074967
3956,-0.212101603207656,0.315831208686938,0.733615961641781,0.843457584513778
3957,-0.213787557254287,0.292172813119739,0.837491649275424,0.894861546414835
3958,-0.219650889582431,0.234994074697993,0.746594463193101,0.805007565896332
3959,-0.221112167972224,0.322156497194166,0.667102593378428,0.849232349892821
3960,-0.228458462181083,0.565357716653119,0.913619530014922,0.920915234084452
3961,-0.223004436017645,0.83919408745596,0.829875872680438,0.952407320260505
3962,-0.217725850840235,0.438588627971832,0.86072781814669,0.932928431543524
3963,-0.237547940567731,0.343454461254442,1.02866080482834,0.89047996293518
3964,-0.206991240236694,0.4632460141253,1.08856159539701,0.893074061398971
3965,-0.203635354052154,0.488550409332954,0.878129601502825,0.91786775725574
3966,-0.218496122192908,0.370618767172485,1.0070853709525,0.892980532518112
3967,-0.203084991657848,0.417748168527488,0.88282646014683,0.924071896589436
3968,-0.224671084515427,0.85564055091053,0.84405418168183,0.951117342879911
3969,-0.239223991429839,0.998020831364367,0.758632904258449,0.956391744138956
3970,-0.211168486904501,0.595435435721724,0.774072920945609,0.924564809577244
3971,-0.200316961754407,0.236436313389027,0.740958193732544,0.828382334555563
3972,-0.223493127433073,0.271617965619966,0.881877748205452,0.852784741848456
3973,-0.21971330169261,0.243515937358976,0.805142823470746,0.791176468047625
3974,-0.214649463804156,0.2794003077205,0.882838140468136,0.849206039141347
3975,-0.225839809867383,0.378595302789285,0.859257213819197,0.880506030650875
3976,-0.22346807565156,0.769612168070308,0.962337732734848,0.940506012163185
3977,-0.223113019729915,0.510357253743947,0.895074806408939,0.92034274982007
3978,-0.233334821723752,0.456318537579621,0.884708795656711,0.91481722264528
3979,-0.232754692107721,0.497577678312689,0.919595050155582,0.924131153299308
3980,-0.224318362408986,0.54605681147952,0.891445526912218,0.921457347910395
3981,-0.216894617725818,0.737231166698257,1.09187752354851,0.963434046877607
3982,-0.222680932030582,0.7631002143261,1.02422286893163,0.947846307447998
3983,-0.221080585968584,0.707468245400236,0.883799528956488,0.930321204502237
3984,-0.216111912686434,0.556092785331867,0.898551008840824,0.915172674714685
3985,-0.21689531781098,0.429069066276059,0.836159656975752,0.893040346865487
3986,-0.195569969716856,0.899646049288316,1.07014048886132,0.966325211408423
3987,-0.194202182778704,0.83004607911446,0.886154927954475,0.951983196531293
3988,-0.221736490573251,0.472382877615642,0.949851885221141,0.924568276158267
3989,-0.220865125461377,0.38613278434655,0.779710874215226,0.883037727708894
3990,-0.204295289374887,0.213469591170173,0.902865725588684,0.825791238118062
3991,-0.21554859906454,0.183424210240543,0.861978510460407,0.806954905641736
3992,-0.211162740589977,0.310199839459773,0.773452923888309,0.826700025365722
3993,-0.216961289456996,0.217454415719815,0.85105377128056,0.847286942528299
3994,-0.231415846857842,1.88640516231023,0.770248475336984,0.97511510869093
3995,-0.205386189802839,1.63637610000556,0.730832187419538,0.971912656658953
3996,-0.225759092104153,1.34534008223454,0.911425228481077,0.96764954970519
3997,-0.222745057112854,2.34247564307357,0.726117756508868,0.975632734198956
3998,-0.229488892106061,0.761952600856616,0.927118535611197,0.954524260632303
3999,-0.217412740626043,0.564319226751831,0.771334308470603,0.907918241447806
4000,-0.230616004592814,0.535636328044483,0.89131648351506,0.914508564002691
4001,-0.218816401898997,0.335938310037007,0.910213787211493,0.888057880978913
4002,-0.210202532939841,0.486138780280108,0.876854252966961,0.90741969091772
4003,-0.231426100426861,0.221663233819093,0.903219959289142,0.865252169725931
4004,-0.221543035285694,0.472292951068437,0.913338739560847,0.895457945419845
4005,-0.230825519161144,0.505809577922765,1.00117260644784,0.91260378695451
4006,-0.224736586155896,0.442128719281966,1.05251360161011,0.881829498287095
4007,-0.225722429782886,0.630646882414474,0.920784912934847,0.897128488325343
4008,-0.233955631061938,0.232773572952859,0.90599441513874,0.835225092383131
4009,-0.236739307817598,0.504037713978586,0.976634819110148,0.926445416857666
4010,-0.217118458050227,0.814236257499392,0.740022085326358,0.932132743725211
4011,-0.223079748373407,0.56832625317718,0.777704743476524,0.91736161697399
4012,-0.218486929524962,0.662796918846126,0.93844315496922,0.953835641076753
4013,-0.220253672790086,0.77174630736013,0.949000286076491,0.9471631041661
4014,-0.233573213554695,0.525161794700144,0.913604259523281,0.931097774793082
4015,-0.225600138738766,0.298355199619716,0.881727941398121,0.852245918976113
4016,-0.229161577692451,0.440104231062978,0.845982150871663,0.917786247666484
4017,-0.229721651845777,0.470270979030877,0.808479149780523,0.921026286592888
4018,-0.229966754621231,0.61043417109117,0.869039365493661,0.921869396980897
4019,-0.209446518939762,0.642995722888071,1.07736071649755,0.92051423263566
4020,-0.213922095135421,0.617311174849404,0.729682608460031,0.914367998436829
4021,-0.203473514611354,0.230108344684871,0.872456319356336,0.862819701286043
4022,-0.224099973735337,0.494107529496207,0.788226666270398,0.880394882973891
4023,-0.226152682662464,0.614136447814361,0.707301222995467,0.931103090795206
4024,-0.217503786435796,0.493119788429258,0.968948181976536,0.92222344656375
4025,-0.225727628726733,0.586255969572366,0.722894006096933,0.899795803074452
4026,-0.219199322965109,0.296508729925029,0.714349873936419,0.847971502654106
4027,-0.224050484250898,0.240905081212571,0.818030737456657,0.807024295670646
4028,-0.245180011424812,0.107936735417766,1.0170153098732,0.631491763470807
4029,-0.211934055647188,0.172467093502263,0.858052041483333,0.755968524635674
4030,-0.201971114587397,0.279181670768696,0.869852681807,0.891840551297397
4031,-0.220701678777527,0.368634950067809,0.784800786835924,0.852180877550115
4032,-0.224235436431158,0.154919106695216,0.876575981211963,0.770766558550035
4033,-0.229741924901826,0.195228128988469,0.968709694454694,0.781688386744535
4034,-0.231579402357634,0.170846721632996,0.982725973395504,0.74274768466277
4035,-0.251098579693176,0.117603866445531,0.78212645528731,0.637115647473253
4036,-0.225152776522815,0.166345377609166,0.717880580310126,0.680710032763892
4037,-0.241142556820953,0.15270930731079,0.678914107278536,0.699052147955033
4038,-0.230060176663346,0.125331498380822,0.897892854979026,0.672344818543797
4039,-0.226090023482439,0.27272326075867,0.877213307419191,0.879060382956329
4040,-0.221819054941609,0.216523297396469,0.8746537086519,0.848645966155567
4041,-0.221592455215102,0.370969800801555,0.747711199321404,0.89847017901483
4042,-0.216201780521849,0.450143896484946,0.76786509439002,0.892271455001194
4043,-0.210186184637454,0.252673682476805,0.883713573650135,0.808592283253233
4044,-0.217464701229906,0.153906559697673,0.729464656740369,0.718263761023207
4045,-0.210563764060937,0.181171277974374,0.855624665997892,0.784631165423318
4046,-0.219202371079245,0.178783509941318,0.867948675144628,0.749110214019169
4047,-0.220137012134025,0.143936138636314,0.828318931151072,0.736735471577923
4048,-0.246756901363083,0.284600669970755,0.850749699770426,0.813023865746468
4049,-0.197955346061538,0.158272623160275,0.84890282504019,0.74235157523626
4050,-0.222268658246906,0.19238106729358,0.790943273699115,0.780086109095002
4051,-0.22504822085094,0.160899634246887,0.818008155301302,0.742919397200875
4052,-0.221396675913992,0.203511026924358,0.72140309779114,0.802322460674283
4053,-0.227134456805521,0.162127628274864,0.785070729053498,0.701050630248116
4054,-0.205389872460858,0.139686575406453,0.743663746181175,0.694488254768844
4055,-0.223045682640078,0.139809087912759,0.860390320312439,0.708081726804428
4056,-0.230406447547918,0.199680235199325,0.914881771859109,0.829723765180154
4057,-0.220544195396412,0.173305804621892,1.04338108694493,0.829007352148705
4058,-0.231125176568711,0.434614520739761,0.938041783549313,0.920868300680986
4059,-0.200927581864556,0.435521682846558,1.02224654227657,0.924907250970565
4060,-0.201704083782701,0.16314887708312,0.894177234606231,0.791373903566249
4061,-0.237234226206687,0.29552905429446,0.919427059335919,0.907697782210259
4062,-0.208952695650799,0.628585167073225,0.826052020895974,0.93835977415227
4063,-0.239612870179898,0.40601731117563,1.03187885540714,0.927271661815614
4064,-0.234230044126868,0.739257093532557,0.903654378066239,0.955985804833401
4065,-0.21290807939751,0.684450650020557,0.92065400271084,0.932128867464959
4066,-0.229481522988867,0.497559661917813,0.876657693312151,0.921351586861775
4067,-0.20422530163116,0.39857188888457,0.909013229721891,0.904738350934615
4068,-0.246296793054051,0.480014330134226,0.980938161232106,0.896519129362221
4069,-0.217768060379837,0.389906464376787,0.843922312463222,0.899741380453981
4070,-0.224497899086779,0.286814435003538,0.978446517862167,0.856319588311298
4071,-0.229547054209343,0.159342461361912,0.896744318342506,0.763227412128314
4072,-0.212147946828966,0.241706317671941,0.783175109741405,0.73866253603131
4073,-0.224866942374758,0.187835981732214,0.919784281398427,0.755049098048674
4074,-0.221473420849961,0.195482650945968,0.801018675909857,0.746975089026239
4075,-0.200892920903528,0.174557167038915,0.888351945371203,0.780346559043971
4076,-0.216994529437515,0.312957044930796,0.924988898852873,0.889048087572014
4077,-0.205565555028621,0.358299845172907,0.936335663772164,0.884467506010752
4078,-0.211193383614199,0.459074301212995,0.773009699069706,0.907993720003525
4079,-0.230895745305911,0.331225095073221,0.818635378552089,0.875104278834955
4080,-0.223413943234481,0.313942255988634,0.791217566720599,0.879595640486961
4081,-0.209027619181309,0.684364526167362,0.792731791269751,0.946480371613498
4082,-0.222495772593648,0.591498261711071,1.07593736740499,0.932574235049021
4083,-0.209665578646122,0.355643250696202,0.92231628792418,0.876462354887343
4084,-0.202395146230586,0.218820110972517,0.837454434077143,0.819787171998694
4085,-0.223267752346013,0.285496857548727,0.857383924148406,0.849516087001514
4086,-0.218773551673719,0.40077949501034,0.914018741930832,0.901832789166805
4087,-0.217985642270963,0.331877551312167,0.800347721936622,0.883660512392107
4088,-0.226123889616279,0.216869924651719,0.970079939109705,0.860874331468136
4089,-0.221163044054433,0.428969594016099,0.992027325033037,0.856787531397736
4090,-0.228960135350092,0.214043853523044,0.950474961789135,0.831579135177273
4091,-0.225055136706982,0.122349390878908,0.838563080529192,0.585656694514231
4092,-0.218040544606463,0.189283623172943,0.7413469264258,0.732444737145737
4093,-0.225274226715588,0.154435196213447,0.869584347241186,0.719230991249129
4094,-0.214929219480733,0.257840932646724,0.784957848289563,0.789535376372792
4095,-0.222101217197368,0.35468113598271,0.736959604260964,0.866029860643549
4096,-0.242490449857025,0.402008751938819,0.91297313483107,0.909397811787028
4097,-0.224565013223784,0.216763272792928,0.760560276799711,0.788175537739634
4098,-0.225182553279521,0.264935035157005,0.987361619462551,0.841808209487844
4099,-0.202673919794749,0.133749835964058,0.676483759698149,0.754557710414273
4100,-0.222413326769874,0.148547439846986,0.854810860152498,0.716379778714192
4101,-0.210527123283499,0.132570085670312,0.850052225443392,0.73935107059576
4102,-0.230778668622879,0.127152470139334,0.755046937190799,0.640867462912485
4103,-0.212922951060433,0.123969801525815,0.778117680263991,0.66548125295093
4104,-0.236893544315032,0.196058129397372,0.883450924268593,0.783707034843072
4105,-0.220201469892469,0.298113498318068,0.872804045478964,0.874882866907135
4106,-0.211308124803723,0.235104845944912,0.844080387448266,0.87159852902667
4107,-0.208076520777168,0.377605712334352,0.877491604621183,0.896415031591111
4108,-0.239560678153295,0.451608792004013,0.79451433720811,0.891962354087294
4109,-0.202187594426523,0.345722391702133,0.922177048111276,0.887815254184527
4110,-0.220432549660016,0.383117019387963,0.87537290111852,0.8904907080115
4111,-0.207110858760813,0.196487424729419,0.968287796452198,0.791217359418333
4112,-0.224906539883441,0.241163392102296,0.813927441685277,0.759904185579309
4113,-0.233940760654633,0.19522803296935,0.741705263556575,0.754609636307174
4114,-0.246308202550957,0.152311200081037,0.970130143345654,0.607774805909586
4115,-0.231617910649064,0.145385106796086,0.978145970006723,0.686393470755483
4116,-0.195717804155948,0.195944113542665,0.915678834376704,0.771827897361188
4117,-0.225300133312876,0.160248010772175,0.810036358789877,0.710178712154127
4118,-0.194525734287733,0.283227967221805,0.96450107137229,0.82670893627646
4119,-0.220790941804852,0.388581021376798,0.924367324250895,0.851492869481158
4120,-0.202496433436879,0.394255034758074,0.870038913791962,0.888762009223225
4121,-0.213625184985388,0.323455003297313,0.93936263754623,0.89185524994381
4122,-0.244749461195999,0.209059684672259,0.889119289272375,0.822042939515875
4123,-0.209425237085125,0.307006893993931,0.860676477446567,0.890548986200107
4124,-0.239593466550613,0.237953375023797,0.974453378612422,0.841520291400888
4125,-0.238711312373604,0.233057561656688,1.05228533807679,0.77078099334791
4126,-0.210641448533943,0.352815288157127,0.852184881714881,0.844096064742774
4127,-0.217723817795898,0.889725405724732,0.818184723235674,0.964922130424268
4128,-0.225022677089134,0.939966082624385,0.792583427257352,0.944576194815662
4129,-0.229961384535468,0.46784420594165,0.857457995922781,0.913127765080916
4130,-0.230748238289977,0.253078029490742,0.868861285160489,0.788418044518816
4131,-0.210693848070643,0.156473768065003,0.859605556775976,0.716556994548009
4132,-0.213323551559636,0.121400404137188,0.769988092289762,0.701865561080771
4133,-0.213616024914959,0.244852277147979,0.75442037840107,0.696316535739321
4134,-0.214105497697122,0.221240304240468,0.695398493788465,0.808221945162894
4135,-0.226704266790893,0.164391191265377,0.758213510344603,0.716399130107333
4136,-0.210819752838092,0.124115955902727,0.765952556990986,0.752990684669442
4137,-0.218103963804744,0.130044675594548,1.12899879365619,0.701440799681604
4138,-0.216249971232708,0.206612573991706,0.913246133032439,0.752461968870188
4139,-0.222845052739719,0.192011084133623,0.886752667129143,0.75965919525486
4140,-0.223927616645362,0.171136487465319,0.918509419750241,0.828412011818604
4141,-0.234020168951895,0.389323988219962,0.862104075871177,0.870024676185284
4142,-0.226723587229227,0.415286451821344,0.851839077656125,0.871965450051281
4143,-0.218973931477468,0.26488508205777,0.926928353411391,0.855834381202691
4144,-0.224584011323889,0.277988445399769,0.923118519514995,0.874725263707809
4145,-0.221341081071358,0.351962233760314,0.849382629593473,0.8650577234621
4146,-0.226014820097297,0.357927233744664,0.754427189443917,0.873044213496521
4147,-0.206447991302623,0.909352298446271,0.99192766425013,0.957810252206741
4148,-0.231007997333491,1.30370379124969,1.01936863200533,0.971936029179157
4149,-0.218197890173741,2.56085276868827,0.76186093444239,0.978549774481089
4150,-0.206381455651875,0.897249517111628,0.698151515134797,0.954863848126664
4151,-0.214693023433272,0.82626164275765,0.808523338413856,0.94991508626992
4152,-0.213115817633252,1.11627151430831,0.905285952863487,0.968789544834474
4153,-0.219916032075988,1.86583864373244,0.842170328116313,0.974137085756456
4154,-0.212424643624747,2.02715013676575,0.829258792717857,0.979953992048113
4155,-0.220825121981693,3.89012288683064,0.820091091716217,0.985286977661565
4156,-0.213844249406874,1.21121943516915,0.748656966940343,0.959907713725667
4157,-0.21898193158993,1.32537398483959,0.815781998158774,0.975343618299234
4158,-0.192126659485021,0.778283509733856,0.880855445510175,0.958986327195433
4159,-0.219172939621139,0.89121226737648,0.84426274546548,0.960544225847897
4160,-0.219876968093046,0.586265381690913,0.893619209828807,0.94437609168968
4161,-0.211560646752964,0.608084281245371,1.00399757031476,0.938525452359962
4162,-0.218007279792676,0.455023049708014,0.904805978876597,0.885385806722069
4163,-0.218354564792488,0.203660144452456,0.781709731868896,0.818499234720929
4164,-0.223414549737814,0.208739382306272,0.714293340707327,0.72378827769438
4165,-0.215297606920634,0.342125296987191,0.765210373969822,0.875785082390953
4166,-0.237832985556498,0.916453558470374,0.832101425142266,0.931429430300956
4167,-0.217908518558408,0.867542641257821,0.820583217563965,0.944903840195218
4168,-0.221321511229759,1.02158368606341,0.923542880488948,0.952138600116288
4169,-0.236031759942965,0.494716162712862,0.911132780313586,0.935866805850213
4170,-0.206436595551533,0.417136867368658,1.07912640202779,0.915351595283941
4171,-0.215162945205355,0.37997500738351,0.69994886238524,0.894129799226732
4172,-0.219875850918805,0.362019440037852,0.909857786534542,0.899978949495093
4173,-0.229394394705137,0.391759115368094,0.858445853396283,0.901174846448266
4174,-0.221888887772826,0.447500698799598,0.849898870952871,0.896382098884011
4175,-0.224567813025728,0.435223341702047,0.869620641122796,0.915516862509148
4176,-0.215129355363303,0.750531526035751,0.94481287290302,0.952429330065767
4177,-0.21906655327597,0.992760578876798,0.790822347160984,0.952244654109074
4178,-0.234865854102562,0.485966651587116,0.802982391996757,0.885012995190903
4179,-0.215798920627176,0.233323498709474,0.811373529871139,0.845223956519405
4180,-0.215649694520853,0.30283744448327,1.08073519809767,0.878127616648572
4181,-0.204710584686929,0.224547296099485,0.960463618213436,0.863558886345336
4182,-0.222664981071796,0.254692252716402,0.879173862315056,0.78310206933575
4183,-0.229279566456616,0.284421632168347,0.92433932829923,0.83897895466157
4184,-0.242480260467263,0.224704060015179,0.858020866798092,0.749568364096176
4185,-0.232285116486299,0.26646619549592,0.921310949984342,0.840457118458336
4186,-0.225748090466791,0.288809604358997,0.881795451952846,0.826321016574241
4187,-0.228946015382451,0.171715507777785,1.03740159574823,0.805892402524653
4188,-0.217504992884969,0.184273902913551,1.12495921489116,0.742929226774487
4189,-0.234721430922924,0.193348950289536,1.0326404503493,0.790234701778993
4190,-0.211189253682799,0.168854569906776,0.882213699021366,0.700211838397213
4191,-0.241224205036967,0.177182218048838,0.773215073812969,0.735198519007489
4192,-0.21568649212311,0.248602761693364,1.0808115984004,0.803724380571259
4193,-0.220808539773632,0.353081445643097,0.848670445350298,0.877391505565969
4194,-0.210289807672483,0.161123898786061,0.871995160102186,0.812016757447533
4195,-0.204107998740456,0.394753721637333,0.937764438487072,0.887989690167369
4196,-0.225347530073699,0.661958000858573,0.737849381838236,0.956658733589293
4197,-0.247635328900958,0.747937796317207,0.741095616069457,0.945244384209529
4198,-0.196735869430044,0.772425021043149,1.03364006780695,0.951719880750923
4199,-0.215311146197923,1.13174744438168,0.880454152483299,0.958195889241967
4200,-0.219001415242465,0.772406078424036,0.885546513238351,0.944081482461159
4201,-0.230216136674118,0.553598066146125,0.861405209761615,0.947052928748276
4202,-0.238833809645749,0.401813718590657,0.815432845356472,0.902816487780904
4203,-0.218259115295953,0.397131139220165,0.843632976111022,0.855736637433313
4204,-0.219324274969784,0.453003847746863,0.89392710875628,0.89215351313804
4205,-0.227862933814484,0.310309768378802,0.757009800858956,0.847650938106141
4206,-0.22181190641109,0.1670628812475,0.883573937511518,0.7795400467576
4207,-0.209781367125431,0.131863314726866,0.911457417845471,0.735670496324818
4208,-0.228841941168885,0.173435804725358,0.68070503258941,0.720547560405726
4209,-0.212679846514955,0.132213453267072,0.836899651628436,0.662485490656454
4210,-0.220702502447574,0.155468894642011,0.719705865818239,0.762848054208019
4211,-0.201561700981218,0.223498328526488,0.676008045444665,0.831005993046877
4212,-0.221509375177984,0.30985881717872,0.861099332945359,0.876331832783297
4213,-0.203216635196413,0.279321270031943,1.02883406154294,0.896599046108233
4214,-0.212528905357489,0.373692821777433,0.918296780034864,0.87086205540477
4215,-0.213699088477428,0.637230329397703,0.842540133104024,0.945041369060792
4216,-0.213584516844953,0.634879926585216,0.855163035608657,0.923945346649612
4217,-0.219945753036743,0.493088626408952,0.875470699224272,0.923547724485745
4218,-0.219679541885491,0.18015454324115,1.03846616523948,0.764441705325463
4219,-0.212533492706518,0.185952046913641,0.864413310430255,0.802448430874483
4220,-0.207111600916015,0.334742855551983,1.00025018216551,0.882362452945513
4221,-0.223423834119193,0.416389443515147,0.753161093352918,0.915974380162856
4222,-0.215855715989028,0.312591506218207,0.896074479817547,0.871705704155135
4223,-0.212376359824101,0.230495369584513,1.09803421037425,0.845334561832984
4224,-0.22309999147757,0.32180591227114,0.981350057981477,0.807392198802705
4225,-0.231203645691636,0.252537905033996,0.845455094972879,0.858297407898409
4226,-0.213397160834636,0.261519282776994,0.84288282830215,0.870367664021215
4227,-0.229407169819488,0.644818412812277,0.948491597892588,0.938879132242793
4228,-0.205984965389521,0.682172075726061,0.907438833570248,0.934918815580579
4229,-0.209548301480276,0.660919278777632,0.861290149033803,0.92402202903014
4230,-0.21795216067038,0.421645763764533,0.753717278978533,0.874957867442226
4231,-0.21898221338289,0.270847016353382,0.749597946239578,0.850882126339103
4232,-0.210461983914437,0.384461343797805,1.01577791289325,0.878522009028888
4233,-0.229068976877079,0.376613573465561,0.766535729226131,0.896867098961432
4234,-0.205736692929626,0.588219050846951,0.876761089585931,0.932364205317575
4235,-0.234781427618402,0.627712424256191,1.02932159962789,0.93411928028317
4236,-0.20467977066598,0.534863913140935,0.814059068126634,0.906795894797372
4237,-0.229016185599243,0.513446011264799,0.876728964103554,0.917094541595791
4238,-0.222820864877645,0.314855635882721,0.992246177971013,0.88986825739569
4239,-0.210943465001946,0.909262054646175,0.822243047238212,0.945906659475495
4240,-0.231837802476453,0.607640308064292,0.727545578427472,0.923468713987734
4241,-0.214383124927804,0.451470438815917,0.854056668314371,0.912693976270815
4242,-0.224716857893426,0.666329682279852,0.885407106593428,0.945484830015347
4243,-0.222636852544765,0.878247806289498,0.867369627876851,0.9490551407948
4244,-0.213122885395605,0.618211111347125,0.94127283859448,0.942279647279648
4245,-0.230090917445413,0.540854762862848,0.889047250649031,0.933428997240043
4246,-0.239665502591337,0.416403966048447,0.91877894800656,0.917130047404353
4247,-0.222917501523207,0.398089457305479,0.86433709944686,0.880572907332358
4248,-0.204546569466102,0.356962517871163,0.920368892804272,0.88403476399357
4249,-0.214270384742072,0.953609568872791,0.827704544272775,0.953586366452989
4250,-0.219152500435904,0.929112597516337,0.764844027877866,0.951342540392645
4251,-0.203443446485414,1.64838547315736,0.761518417539083,0.972524603539803
4252,-0.215108416651899,1.58990268130445,0.74162442100062,0.968560907361611
4253,-0.222082408269137,0.58989507472898,0.842870225094509,0.937611587467187
4254,-0.205201334287102,0.864360341993986,0.846954349562086,0.961296945023524
4255,-0.229249561559915,0.739910511820732,0.848833543025328,0.936823474322519
4256,-0.223473002286138,1.20334523521469,0.727496785265938,0.961195405584698
4257,-0.226977332064054,1.67201498268261,0.840293269739282,0.975612568718033
4258,-0.20678116099878,1.6206030670482,0.763106933407494,0.976388586583007
4259,-0.229568482094903,0.618078036110902,0.754670960268886,0.902159125166907
4260,-0.216667172792333,0.312704694645604,0.90607121720987,0.857345619178828
4261,-0.225796526951104,0.262623332530357,0.858328711827737,0.846611550420627
4262,-0.214776133313044,0.353371521543988,0.906318058623546,0.887592318979768
4263,-0.205558429797905,0.396871347936274,0.903377670349619,0.898311237116315
4264,-0.231625778330262,0.292378783583933,0.854991380507568,0.854789693384662
4265,-0.233110546972273,0.157207197975271,0.989874234236065,0.738798204428447
4266,-0.209130027614895,0.137460431625058,0.900932811374461,0.717434134001894
4267,-0.201072526468844,0.131043699681778,0.895817475466503,0.766907054070335
4268,-0.220532982436003,0.158710272006124,0.874972577777809,0.724972202704768
4269,-0.203822774235696,0.152926249399694,0.847280890196451,0.765404004140443
4270,-0.210992535474897,0.159803852649454,1.07495728790998,0.711556743710828
4271,-0.235008371190296,0.122359707400496,0.727203554617115,0.678906058159352
4272,-0.221113700571784,0.196852165283531,0.951104294243068,0.728732791663975
4273,-0.210115461281291,0.165144277097789,1.0477286978743,0.680565743658948
4274,-0.221681206210157,0.238192816477418,1.08212133823764,0.834491241539179
4275,-0.218252955710436,0.341150744849925,1.13733644840301,0.898300378149262
4276,-0.221460270802732,0.214015380624904,0.76040767497084,0.847629325797563
4277,-0.209970357072072,0.297164302599642,0.863397845643377,0.854129223113467
4278,-0.216094691357391,0.327967123713237,0.792676945923707,0.860565182479592
4279,-0.21928592116834,0.365532450694446,0.818710490914786,0.91236302557798
4280,-0.217540312011682,0.384567193277357,0.783350484840356,0.902209658305706
4281,-0.223499580593392,0.314153569797997,0.865432270288377,0.869925171519455
4282,-0.230275272479406,0.164669967447178,0.842799922373895,0.822522697106504
4283,-0.202663978730923,0.253593941676576,0.867987855508187,0.890326484458632
4284,-0.221543538045984,0.374610756245216,1.02270879562927,0.89567639326472
4285,-0.233711118349197,0.409702182487082,0.788631407481427,0.855450578721133
4286,-0.22611808759137,0.249790493492311,0.733412820534233,0.807252760191231
4287,-0.222764161658065,0.20823016062892,0.718381945228145,0.823984589518814
4288,-0.232716977112778,0.176587059271639,0.748728072561946,0.747250137115104
4289,-0.215153542572953,0.360125829947574,0.895004881132274,0.884830662659015
4290,-0.233508822175872,0.433139468005234,0.89047131756662,0.906663997976506
4291,-0.209336537111372,0.581297098266072,0.8350882191713,0.932327009624347
4292,-0.234268678264339,0.950840655358695,0.908382746577166,0.95036690229492
4293,-0.225400295703644,0.194718850740229,0.633384132806621,0.715693580063398
4294,-0.235190197861988,0.128880078842486,0.750215420406251,0.637851439763793
4295,-0.228979424857,0.20555888054841,0.694776848955834,0.787630106324177
4296,-0.222299424097036,0.223188885879695,0.73772024740721,0.808583567158078
4297,-0.208700130308649,0.128574355407764,0.725607863924306,0.800042504209362
4298,-0.229615258479102,0.238165594397564,0.921005006623792,0.79857243322332
4299,-0.222811171646969,0.303439374779845,1.05096123740543,0.836093774159914
4300,-0.231547004476878,0.492787962806037,0.82113850988393,0.893113438331858
4301,-0.222227336552389,0.28126612769682,1.08947124934449,0.879486135226313
4302,-0.226620354972236,0.428429851687104,0.834981749572112,0.89481249432051
4303,-0.234396296394798,0.329227876659104,0.816066207332791,0.896635662247504
4304,-0.205623763401553,0.412500919314016,0.859182722783454,0.914979693439757
4305,-0.219121833515858,0.300967758921288,1.0115981111643,0.842558700757467
4306,-0.220596204174268,0.238501886575096,0.862112503016232,0.829856066691187
4307,-0.219971164340606,0.3058769168648,0.992517749177057,0.850754662447717
4308,-0.22252164253542,0.225681710131863,0.900284560263406,0.843130566958386
4309,-0.208869198122855,0.14439148995134,0.907574244732856,0.693225836620207
4310,-0.217049646508297,0.178500774125842,1.05064858513633,0.772912075723243
4311,-0.214551033334693,0.163167944729512,0.881169487611859,0.727837337606934
4312,-0.21022938431279,0.162021658182537,0.906025931339616,0.701697277652191
4313,-0.216986406405901,0.220201260311999,0.669071574200184,0.688745054431188
4314,-0.211852589523544,0.162879009050993,0.906395199476725,0.74508116148697
4315,-0.239113928404323,0.305290645228228,0.689788897056145,0.821377837769146
4316,-0.217266401595001,0.242814308539949,0.851205827773419,0.76612884666595
4317,-0.20288132762852,0.258892760571846,1.06164349899283,0.836462960209298
4318,-0.212089420809035,0.239211717239588,0.856363970523252,0.881427809381947
4319,-0.21063839658035,0.285988932224317,0.875965109010935,0.8586652057963
4320,-0.20214520675849,0.330696700972859,0.908892047842394,0.892319491497315
4321,-0.20376684257593,0.492862150001238,0.872364959607885,0.920276116565097
4322,-0.231820290510193,0.719374220187985,0.871669873723755,0.930176941354649
4323,-0.213194065203212,1.2347777219948,0.895675462439345,0.963573221996837
4324,-0.228741971684237,0.444999918593928,0.746641977509177,0.920138867176213
4325,-0.219079997810619,0.569121111797142,0.904812840911009,0.913267885067929
4326,-0.205203421282846,0.168431148255398,0.937278670276211,0.768893426792431
4327,-0.204620441433191,0.219609163415756,0.901506136792086,0.864200858781223
4328,-0.227612561218229,0.145013886028254,0.917543300852745,0.714207369395509
4329,-0.220305209290754,0.17034606561128,0.723504994678527,0.733631231670883
4330,-0.214706656476296,0.298927784681879,0.852870278060684,0.861984233005016
4331,-0.217537512079114,0.224430729795012,0.869340402822196,0.783758119902312
4332,-0.2152779156179,0.216621352851493,0.925911945772532,0.865364080428802
4333,-0.211143342171196,0.140773566611302,0.762784578528946,0.696432894714002
4334,-0.227028805697343,0.362081610362565,0.849814521845427,0.873307614819146
4335,-0.233794279660809,0.388304178124426,0.848760985437989,0.886084756198787
4336,-0.228449599594874,0.250113837302935,0.775790981261523,0.818495165972214
4337,-0.219658524299752,0.349862514103444,0.902417302646173,0.87995076421698
4338,-0.216946401070947,0.190550742534476,0.861828980468017,0.82827392521097
4339,-0.223037732295084,0.156508132654211,0.877639299581755,0.787661227493553
4340,-0.213580494479692,0.146801565618282,0.86983815794654,0.708348551338539
4341,-0.218990089793786,0.316077799429108,0.90740221974218,0.853239355741635
4342,-0.208784503596059,0.177069101630814,1.01532400103339,0.763606408776935
4343,-0.219753886474361,0.144902800837901,0.691549191653083,0.705446071469537
4344,-0.224695113738516,0.325327541801689,0.699043006114763,0.867640595665373
4345,-0.21147911549406,0.337814800998821,0.746644746655706,0.873914537952771
4346,-0.236457631682913,0.233146867832323,0.820916605334885,0.795127749749081
4347,-0.226746999153498,0.219900351268271,0.849621399036422,0.78872608610676
4348,-0.230396615311069,0.186601864796523,0.854403669460141,0.777403017302478
4349,-0.211727350318863,0.274021491100048,0.975742409100163,0.847928594952694
4350,-0.221199662001558,0.498422410237135,0.997867416550728,0.905011994579342
4351,-0.206998643287149,0.384410047827623,0.946970335830324,0.884691733178749
4352,-0.226588512971817,0.246012562655011,0.775791715995099,0.847260168962569
4353,-0.236935087528566,0.254624735337877,0.884132323488384,0.871297855932144
4354,-0.227556964854507,0.225692891691543,0.996162926121207,0.8060758546716
4355,-0.216767735339192,0.184792938022402,0.919405010519748,0.744892489081607
4356,-0.20394383244157,0.302135771270243,0.870035804097017,0.855009552083838
4357,-0.212277502750975,0.243125902009946,0.753480048015046,0.809346632243803
4358,-0.217303010781298,0.18418112299055,0.678130770180041,0.706570215124307
4359,-0.231298043184358,0.160102528630115,0.839219190170476,0.733915535630162
4360,-0.199060863278633,0.288718469380179,0.68102675045039,0.859085949192843
4361,-0.226094977005937,0.623885462352145,1.03294000668656,0.936190177819792
4362,-0.217709407205703,0.487796310334616,0.96432137180934,0.924002111630414
4363,-0.213155767091575,0.867157969586633,0.931526697055599,0.953624982607598
4364,-0.215138673286907,0.688096618578214,0.942506899209691,0.954331819835666
4365,-0.20066684898704,0.612775008386637,0.903997206981693,0.936419746438965
4366,-0.218679127042407,1.02196512608078,0.957238681165307,0.953672607413759
4367,-0.223534864500178,0.881831807552383,0.986315029440597,0.963092194008114
4368,-0.201847770681467,0.624849251434961,0.867835744082769,0.958291705534428
4369,-0.226601491511477,0.971274906460942,0.82292138581355,0.961833601159086
4370,-0.234774314824285,1.66248801936436,0.783422362838154,0.971416174098989
4371,-0.221047937220534,1.81019759189027,1.10928897705462,0.977040445188721
4372,-0.221604553738168,0.322566770344481,0.894976365684352,0.903282226412807
4373,-0.227887734979711,0.288113443694205,0.989164537168502,0.872311213406098
4374,-0.214221363428849,0.208124155520993,0.754840376206361,0.806145981032281
4375,-0.211331759837618,0.180298929792773,0.849340740671854,0.719535297961566
4376,-0.21718532323233,0.155986291256529,0.75482547318079,0.65400256838662
4377,-0.208295395282211,0.100454020371432,0.818167714514721,0.639373772507705
4378,-0.214350946954854,0.195116836599732,1.07477527268048,0.776116295599603
4379,-0.221284253397188,0.176248997125346,0.929029061107661,0.796790601251377
4380,-0.211775243440035,0.386365746385259,0.778276473862214,0.850051185269996
4381,-0.227985434686677,0.280466325411802,0.833999492042696,0.747976382356862
4382,-0.245217536236996,0.195142876748339,0.821320505073755,0.739529181996445
4383,-0.223997237517714,0.26549304816054,0.804555740093722,0.839424801189293
4384,-0.220615319373967,0.234188591653264,0.83943928656258,0.863313638638099
4385,-0.253535683454907,0.166868475700258,0.895419720234941,0.774778307799786
4386,-0.235730223537176,0.224198963460472,0.847435644884476,0.783052349350896
4387,-0.217162210116899,0.193019215445632,0.920170729940404,0.798657838359397
4388,-0.217026631202834,0.21037013699765,0.715900656776895,0.791936116071217
4389,-0.210605610316869,0.136814868815444,0.90273505425093,0.778817822329786
4390,-0.204428691952645,0.230776308605039,0.741422850767983,0.768056602172986
4391,-0.237805494443136,0.358317724300304,0.86984082535547,0.907588623809692
4392,-0.197912536438782,0.171826955684046,1.05140637947659,0.838203064156959
4393,-0.227443020349089,0.30782669408989,1.00551431280576,0.877047690000236
4394,-0.221286217957888,0.842337752514135,0.831669148242459,0.951234422988171
4395,-0.211731804637472,0.999796310111198,0.987459401128775,0.954522336036428
4396,-0.218589106928709,0.448837445590506,0.910581495932483,0.916049157133295
4397,-0.247228421801729,0.335346351708127,0.865862592068826,0.891437308079279
4398,-0.214050623084503,0.348726563405287,0.814223730406951,0.846998990810869
4399,-0.218774227368405,0.363693093660084,0.909744414467817,0.868535188131488
4400,-0.21787227192122,0.645282541384711,0.881119253080859,0.92630042049562
4401,-0.231949258789099,0.392112279944839,0.818505379787298,0.899455606216221
4402,-0.2066071527234,0.306910834023434,0.961686174232306,0.841219465262275
4403,-0.206615682542007,0.159330072145701,1.05715213749378,0.745252128501122
4404,-0.238014862452947,0.232488248342248,0.844154636048182,0.838243811125722
4405,-0.220605452115812,0.324841777085053,0.859435968217696,0.846432356053408
4406,-0.219532481553485,0.200805929244866,0.979083447817589,0.768856687000133
4407,-0.207591978635871,0.340620241454614,0.919225792700452,0.859776637615549
4408,-0.210541180633641,0.1400011450682,0.733482638727508,0.633887584834215
4409,-0.228163634316975,0.176864880506442,0.915556580622942,0.758253935293288
4410,-0.213047496791262,0.532827108340095,0.942102545906392,0.910239296258474
4411,-0.221405179968577,0.1130731608367,0.942817213722575,0.673240108897639
4412,-0.216701011713431,0.253147108156871,0.916323808893268,0.790326906697677
4413,-0.228085320283451,0.402253450087603,0.77317300074931,0.897296312774645
4414,-0.225517739963861,0.416570011260103,0.739037944593614,0.904384484351583
4415,-0.207177083795208,0.602093538381922,0.7329180005427,0.945714489792919
4416,-0.22053980566378,0.821396685785064,0.85978952340898,0.954816654499374
4417,-0.229686340005462,0.67747211769588,0.827096450844877,0.936005195947222
4418,-0.219201991344835,0.649604516809189,1.01548155533903,0.946103423716455
4419,-0.225699643903054,0.487153256479394,0.917933324339174,0.907593684175196
4420,-0.205508903332867,0.420137182016181,0.894193084251223,0.924294588513736
4421,-0.243542948557806,0.652015978863715,0.901721189699459,0.931236184328108
4422,-0.211903029026286,0.650144918824026,0.880851363944041,0.941480149421228
4423,-0.236354100972905,0.524867235417428,0.899598403548457,0.902088940041042
4424,-0.225384828654883,0.86630985734231,0.733776868669678,0.963308980498134
4425,-0.191230445749449,0.564483558638644,0.830837720397221,0.915927569450635
4426,-0.227971081772562,1.19742014818848,0.763176085892691,0.971856640878615
4427,-0.244597344891347,1.04967870867915,0.90470206119863,0.944434895677113
4428,-0.207445449416906,0.236334836502276,0.99409362778703,0.829619860394569
4429,-0.212147991081685,0.168878183179559,0.866098023982962,0.724875352085115
4430,-0.225126618723065,0.183708500434252,0.905021036301595,0.789802948345385
4431,-0.216156966264904,0.150500424809072,1.03525564679506,0.748989357395451
4432,-0.209509408787189,0.222887547328003,0.939429715503134,0.820972174734511
4433,-0.219799936149286,0.317906527289463,0.879788390562392,0.873627555260983
4434,-0.214489017690977,0.295495113114956,0.85506089102576,0.872470141880145
4435,-0.219191899026664,0.332123943659828,0.846675135873505,0.894056479701896
4436,-0.219651794323345,0.348164496406592,0.846352868990883,0.910513383232219
4437,-0.223808578248797,0.33896687643165,0.758419398737462,0.912871852603793
4438,-0.21856905901606,0.439181440313782,1.03573019426426,0.926118716892336
4439,-0.214786255805412,0.449516203424623,0.801549285675788,0.901845887137358
4440,-0.221680903801088,1.00451220483664,0.755426991735565,0.948343989766398
4441,-0.213969182203652,1.37769420896603,0.893697630921627,0.965816695804942
4442,-0.209732298346925,0.459332827868473,0.715059867089761,0.919580738884489
4443,-0.225113682804162,0.965470222264548,0.846538094876118,0.95282339368768
4444,-0.241256022048015,0.915823288022174,0.887269708970153,0.963829139829637
4445,-0.205247489232374,1.68944803377131,0.913930662689201,0.970616775195164
4446,-0.217729512887703,0.631752821259561,0.867997641006276,0.937172551507217
4447,-0.221913578919206,0.709699359285627,0.912254193875532,0.938001882645806
4448,-0.236625474196199,0.330739482182257,0.808818382969551,0.835868319435966
4449,-0.215083971929555,0.548488326985929,0.894221716447203,0.923370770731165
4450,-0.230493249338783,0.437708852017619,0.973656202989691,0.884537047792672
4451,-0.229165215545067,0.527827924797202,0.859359403693348,0.913807227348308
4452,-0.226048899217231,0.797135542660306,0.905480026858073,0.946807136718459
4453,-0.224113024072364,0.366680991463321,0.91093893275647,0.910566390722509
4454,-0.208970277185127,0.216621653627801,0.964731665107173,0.809039087103351
4455,-0.220365544672244,0.304419442080047,1.14754994535624,0.87360105805426
4456,-0.225838417333246,0.573407135978728,0.73663178584086,0.925228547866699
4457,-0.207243096526893,0.566093524941467,0.877875012447321,0.918332594706181
4458,-0.21203330417938,1.62586832346555,0.926059779190144,0.958099195773769
4459,-0.202646714045391,0.553656424865244,0.863296668887031,0.932538957642529
4460,-0.226357600399777,0.623101961730139,0.831423538209508,0.945171475619768
4461,-0.243350234620057,1.04930811736398,0.890208255176193,0.965063009791806
4462,-0.2226390066094,1.43879268506883,0.891948116959127,0.973513706350809
4463,-0.207453929649398,0.671110880000685,0.892599224328642,0.941147063585383
4464,-0.235489680204944,0.637892711718814,0.908088121207665,0.935415454779852
4465,-0.224923568571462,0.58601125850607,0.901269539838583,0.932338289362106
4466,-0.206368998613019,0.331321736450258,0.88327412788369,0.912992452803292
4467,-0.226380049939601,0.29673905071279,0.765052433766282,0.810500397273854
4468,-0.216379970370743,0.482215006746845,0.916355890121874,0.923701518908233
4469,-0.201645206533815,0.415043877120817,1.02641331258699,0.905693576641389
4470,-0.214695964717021,0.285851441810641,1.11567792660688,0.868041469313744
4471,-0.249032029172527,0.207365855026055,0.872653454185801,0.803814532149164
4472,-0.222132755715516,0.140923121850771,0.918479497227351,0.805790009331186
4473,-0.217390622868681,0.206451886543721,1.0111590854911,0.822850554674945
4474,-0.233006789641716,0.296535499202638,0.874269893339174,0.855912381605582
4475,-0.221387211539735,0.693102251049206,0.775460306407282,0.931433063163912
4476,-0.212372058016368,0.306491519215194,1.08144704083232,0.895986683618813
4477,-0.218382042900151,0.579986919748276,0.900711174194298,0.925661874307373
4478,-0.223101987574368,0.902307930921657,0.880940493478956,0.965287153902342
4479,-0.211198259051683,2.00514482161653,0.736093174193124,0.97979881386677
4480,-0.21074720553217,2.71926422026245,0.757094333379083,0.984225573028885
4481,-0.229502632246841,1.42081644625297,0.849856816290482,0.975758788360078
4482,-0.226610731096396,0.727477227451094,0.867244021787635,0.952401145529878
4483,-0.22131114951816,0.794760601275021,0.789836457302989,0.941180848913469
4484,-0.221989744772426,0.447303797588823,0.89999489521599,0.912651063693505
4485,-0.218767735086193,0.186675031308546,0.783597227776587,0.823165109045337
4486,-0.215213051282223,0.240401012391364,0.776183501566648,0.862218984526526
4487,-0.198174740434062,0.669442982300028,0.870104748876328,0.933775576599844
4488,-0.226086854401267,0.705951136966728,0.923348871162338,0.918252721893777
4489,-0.235595284797239,0.33193575619324,0.866008433976331,0.887166345949552
4490,-0.218782718855402,0.244604469341085,0.795115433572705,0.745994195163529
4491,-0.22248937674836,0.247241102187959,0.662432171022704,0.802779484013856
4492,-0.247622770432094,0.22309848826839,0.873530279631309,0.770882322802315
4493,-0.230260625052075,0.165359977050982,0.797563923942826,0.686678011110082
4494,-0.232273928277314,0.103757814875634,0.800863023246356,0.659447126518992
4495,-0.22103232511468,0.0977695064800058,0.69172512332047,0.624166965489856
4496,-0.208413263954404,0.18559061076384,0.578026405170778,0.725088629067863
4497,-0.208900251507915,0.137627775391278,0.74517367203931,0.758375177801564
4498,-0.223685821169658,0.185725902300329,0.891468240644017,0.780902845774248
4499,-0.224578041418187,0.345073086805833,0.944787195406539,0.881889804795667
4500,-0.223100739315052,0.368136924562294,0.863796675218609,0.885010668273427
4501,-0.227392020397236,0.635457390871218,0.904826739419805,0.942817667247522
4502,-0.202040316728063,0.569062661447112,0.829257414304927,0.909798617108145
4503,-0.208447626691053,0.555494344149553,0.811088342484045,0.913499961034018
4504,-0.232933574072628,0.833183265576537,0.759825566721151,0.936078283707542
4505,-0.220324236038814,0.764487331342076,0.712622284021433,0.938801825621586
4506,-0.236827368911404,0.779834861093008,0.716864594295686,0.939351463864535
4507,-0.210751822522348,0.425254916231334,0.819369116666519,0.873483344540935
4508,-0.21280864779788,0.393143391298774,0.896750237171066,0.909074725291669
4509,-0.22455530154455,0.476378981255421,0.833620201635319,0.943000013778432
4510,-0.214760918033935,0.978959149060771,0.893100411821775,0.952200937896221
4511,-0.219560042116495,0.893119240322951,0.879059022198958,0.947633519270339
4512,-0.212524605383613,0.684800174347953,0.750635414882872,0.938873579989643
4513,-0.215334622989204,0.466856710258893,0.881338934953015,0.889274563118119
4514,-0.221517968255614,0.271111347139453,0.902869474420958,0.86986458629683
4515,-0.228815806960745,0.475651509991375,0.803515772380771,0.9123909575016
4516,-0.222649383644498,0.489414535310023,0.721984860460052,0.919704440831008
4517,-0.201209933355097,0.454169023912671,0.945352943036223,0.905850206878824
4518,-0.203317582049327,0.113239520384624,0.923129193797921,0.803215716802345
4519,-0.229225162323341,0.315590828502358,0.925680824508721,0.86394527612041
4520,-0.219349679190463,0.208778758550877,0.850977289983852,0.844256774281849
4521,-0.216309770595877,0.366514777052402,0.870611792013408,0.87776813674205
4522,-0.223962874388696,0.264987660043595,0.760353352050837,0.84626475272927
4523,-0.242768042526713,0.23655065258157,0.901927168058877,0.809955656697463
4524,-0.230174407151845,0.211238219580095,0.859687166997109,0.843066774092026
4525,-0.198997837358378,0.191682609602018,0.924073678741983,0.782371596053787
4526,-0.22101459925694,0.264637802334477,0.94059165451838,0.772277783488469
4527,-0.224059422323673,0.226194412567204,0.911577980849071,0.812879331121169
4528,-0.202206431129962,0.408894016947728,0.681900830472222,0.847957618658859
4529,-0.223869754328228,0.420205555363642,0.853431391020776,0.870432424851989
4530,-0.211083429758278,0.126100911639811,0.883650885397711,0.734448909726195
4531,-0.240098926724963,0.283232483438192,0.76930330927597,0.810538890919027
4532,-0.235096352275567,0.166012898115554,0.850069885817978,0.805912053048437
4533,-0.224112308572512,0.375055954857834,1.06932450105695,0.886135011759564
4534,-0.208709219781338,0.240125694882602,0.898314574082462,0.826632474404806
4535,-0.21989250348965,0.262618660870927,0.775114704870258,0.78306338127364
4536,-0.214086068304883,0.151475623058852,0.780817417311589,0.746156651719657
4537,-0.214435127277912,0.174805064229042,0.984381148833067,0.784034313803916
4538,-0.202461627486748,0.389997721816991,0.971550527299593,0.910029013010134
4539,-0.215937220996142,0.833155282152972,0.854554131823262,0.94159567219557
4540,-0.213112700734851,0.470984757265808,0.855395162025528,0.941655333806892
4541,-0.218133213239703,0.632302369331764,0.857530399000219,0.936585771928621
4542,-0.222614121142549,0.567885073719396,0.923093575283905,0.936024069751223
4543,-0.229394829420483,0.998552283159196,0.904750607565064,0.966689299643748
4544,-0.227404960689352,1.41280380825043,0.75858913630294,0.975508233573101
4545,-0.216906404922915,1.75148615816069,0.896674511814414,0.97650843956116
4546,-0.215490185372082,1.11065628329154,0.916512910094427,0.973600686300038
4547,-0.212559979432698,1.2844500280873,0.923034972303197,0.965317709820632
4548,-0.207084196916553,0.714897257605042,0.900636918499081,0.938044018026462
4549,-0.228446636831868,0.597652292831694,0.851514440122608,0.958325219805786
4550,-0.221076034370731,0.771109070087983,0.845251010336407,0.962100699375356
4551,-0.234608412593749,0.767752390477956,0.760119280379219,0.943770047476276
4552,-0.209201454269916,0.785482443742123,1.10601677849602,0.943342584726023
4553,-0.217492349213505,0.499224038935459,0.890243127635574,0.937694036716931
4554,-0.225038716854939,0.471003684718237,0.852738308889011,0.909308859832876
4555,-0.222635279095404,0.588280825382803,0.918611477098923,0.924394793389702
4556,-0.218930220894683,0.391811048423235,0.847916433558381,0.811284270569192
4557,-0.232195480341266,0.24826104211074,1.08621262251447,0.82222707263556
4558,-0.226640583912087,0.196609602035189,0.851338893261287,0.78943866546577
4559,-0.247312689316538,0.223758152298364,0.916055135428995,0.780900740190667
4560,-0.250460054983759,0.304069293987316,0.880605557613276,0.870071527896571
4561,-0.220854814593407,0.601978710664775,0.801640321761933,0.913068946405173
4562,-0.230146553359412,0.438135488689763,1.08923336101341,0.890096013769191
4563,-0.206757787765317,0.249941485668827,1.02914029029519,0.822883328813034
4564,-0.226199100698768,0.128251004144463,0.904871415847292,0.743907228079753
4565,-0.203482554671103,0.17860363352063,0.987440784245596,0.80547932097997
4566,-0.223442706041133,0.17606694881638,1.07619213229458,0.805085783978805
4567,-0.234311935899063,0.22966675953168,0.71668708666064,0.729342929117612
4568,-0.23998639753952,0.157543416437801,1.07787421740712,0.719029703756598
4569,-0.231162279873969,0.226828083577721,0.816100861085958,0.78606831820888
4570,-0.228479216453114,0.137592514770186,0.843659233002555,0.695843077541181
4571,-0.214429360873882,0.253489203334986,0.717286528530278,0.834315587125254
4572,-0.208061177893271,0.186865915303082,0.985922041394702,0.805092176530544
4573,-0.208678137904346,0.219137547479676,0.882136461899269,0.835758475252286
4574,-0.220802165385358,0.243098285337616,0.826635939084868,0.77605247813742
4575,-0.187416420136787,0.129761979914454,0.781560489527444,0.600529189986912
4576,-0.230584066720983,0.158999525021741,0.884066355124971,0.681776686801432
4577,-0.219974862583954,0.197685900183737,0.897681767739524,0.836073952358788
4578,-0.226907450721083,0.243865513299471,0.821000593590305,0.794999438742414
4579,-0.241217944419083,0.295310350936845,1.05013146912406,0.878760995928177
4580,-0.205793499706387,0.285050332116401,0.887886133560315,0.824394868595265
4581,-0.225585053653242,0.22150397354449,0.849409452624391,0.697938083092914
4582,-0.21491756078699,0.313967049097868,0.888580025309521,0.893890490902168
4583,-0.217093702740698,0.313650802452806,0.758593983732218,0.878105588631203
4584,-0.227584988452683,0.435773853376709,0.877928300679722,0.919939407647354
4585,-0.226186979044852,0.21344188533482,0.925515731108104,0.840415383956542
4586,-0.204445804716773,0.138973765498602,0.915438229988521,0.728745226161322
4587,-0.243666320779497,0.196119013986497,0.917354793670409,0.821965805703924
4588,-0.239019692505123,0.298568990525094,0.794552897750316,0.887311398881443
4589,-0.231335337148764,0.276783994488061,0.798520009499579,0.863007254983823
4590,-0.214405264269305,0.283147173145961,0.905881471245688,0.895121506786278
4591,-0.210231179161252,0.473832152264325,0.787659939262911,0.901091311665956
4592,-0.23653452920756,1.26861050361546,0.777493473904548,0.962230017063265
4593,-0.203646366622788,0.95149536122099,0.869362228343389,0.963291531464742
4594,-0.213468049565729,0.750594011933124,0.901292144866157,0.944997247254982
4595,-0.217000725648213,0.469550426664398,0.781092239377028,0.933810963886153
4596,-0.206350360671252,0.617811219565261,0.823514182746539,0.940017513527887
4597,-0.239171031285095,0.619986809649073,0.926239518844489,0.948586407990845
4598,-0.213853943230347,0.492078906062584,0.850571772867666,0.908756943974892
4599,-0.214013387635676,0.722044911013038,0.877423661227573,0.957878544347136
4600,-0.218438334298483,1.73522103125537,1.08349638580456,0.968601190559852
4601,-0.213066951434574,2.14091725572096,0.902605994682392,0.986352245743329
4602,-0.220125395153908,3.88526177380731,0.952846021575953,0.986169402087804
4603,-0.212135279964619,3.2106812788256,1.0066140847781,0.991253578660333
4604,-0.229826544844637,7.39436010180122,0.713649037726598,0.992878112379032
4605,-0.231273068719713,6.54853172546696,0.735818126611602,0.993705831800315
4606,-0.225913958385429,2.58904382357719,0.849716189986563,0.983265105286541
4607,-0.219795116978197,2.14612829165806,0.873646764604936,0.984501443669917
4608,-0.201140419637111,3.08637906848855,0.891896376822301,0.987944561006534
4609,-0.227777020491009,4.61640594819234,0.872916025431805,0.988980818682628
4610,-0.215213808748362,2.50069244432856,0.879566184786181,0.984044273540631
4611,-0.227271129559316,1.64058315598915,0.881103758927204,0.976821775950262
4612,-0.219826377602429,2.40553278005229,0.857490444734027,0.984026106221367
4613,-0.221651597898456,2.16457739152843,0.785786518160538,0.97966110630195
4614,-0.219950373371433,1.26526524969249,0.817947682706999,0.967037301952632
4615,-0.237221464672092,0.760896828979207,0.838216936411651,0.955911861986826
4616,-0.23576364083822,0.64927168562374,0.830936948923051,0.915917984047147
4617,-0.223367743740832,0.773521010684715,1.13368085982817,0.926543248625057
4618,-0.208118674638456,0.289622153135242,0.901302921876714,0.830323509378382
4619,-0.220307653955147,0.566459513084403,0.825029987913422,0.916069302982609
4620,-0.215080985195038,0.464737916419316,0.913022774647936,0.927356703640737
4621,-0.196494516935612,1.26574213221234,0.727528291413674,0.958764487862427
4622,-0.244312577381582,0.759761697861269,0.725290729825423,0.923963318704195
4623,-0.226511844611375,0.414730981217344,0.890045741230736,0.905191031173283
4624,-0.215325414667184,0.455474871226297,0.866885836620464,0.907934158355992
4625,-0.241950891682978,0.224516730637674,1.04820176614425,0.836446284607327
4626,-0.208675611992448,0.339547233986336,0.849483229901785,0.868864601815016
4627,-0.213672015221276,0.407183526694897,0.808756713488949,0.920435411564023
4628,-0.219634251786357,0.330109193802168,0.89649789882592,0.916761402409925
4629,-0.219307663833536,0.65185846230377,0.898332412559803,0.941695781262033
4630,-0.214706423284798,1.10122471824763,0.871804350786148,0.961002499533067
4631,-0.196930447771846,0.445333465082736,0.745916454871098,0.92665818333723
4632,-0.225302914270337,0.238518482903457,0.764981082168271,0.861328267384624
4633,-0.217963354387872,0.133912647775197,0.897287696537242,0.661745618192816
4634,-0.240385313535013,0.14379761164535,0.707137507837677,0.605351475676419
4635,-0.245994019353942,0.15756878219071,0.655222793238154,0.637245376256136
4636,-0.204275071960321,0.18452818097298,0.866693714782259,0.762940426389724
4637,-0.197698067532099,0.382044490118813,0.864895077310351,0.863383991684015
4638,-0.213151546169019,0.137659957489859,0.724385650570428,0.557037301805411
4639,-0.211231910057043,0.0970210835980009,0.710942841876226,0.536157197882694
4640,-0.208535481183496,0.0950324243473562,0.967623255968068,0.525871765890079
4641,-0.215994632130295,0.150916034274291,0.846784711576966,0.765460825632094
4642,-0.21608732688798,0.310226080742561,0.747299088042022,0.833420750286386
4643,-0.22504190565223,0.536672176625824,0.940696175912694,0.900241906169363
4644,-0.228442913306911,0.152463481949234,0.894261592073017,0.766790922790207
4645,-0.208489549058071,0.205000781521669,0.847494458109617,0.833793108020898
4646,-0.213555393215218,0.193622468479697,0.679223954785739,0.797102423144098
4647,-0.226765055893172,0.39188539550324,0.714949990761825,0.853124869368464
4648,-0.230217869391355,0.312850938938517,0.893140027298012,0.871452521459641
4649,-0.226076797026274,0.477933966071921,0.755088613598498,0.891559096123171
4650,-0.210729224849178,0.189528742030421,0.882755619614519,0.785747694795575
4651,-0.222184739490288,0.175199679870623,0.885994850011785,0.768479573255429
4652,-0.209672967655509,0.121976707672808,0.747158437330524,0.612020597924475
4653,-0.222201062436005,0.187620058970702,0.740564536522044,0.764596645628184
4654,-0.208666803600669,0.183735060441828,0.915561310060592,0.757324835336656
4655,-0.215227718668921,0.231716323219888,0.990982155447904,0.811138681678135
4656,-0.204381094181026,0.251441091076874,0.89627406190939,0.776500465660756
4657,-0.195156377596323,0.216932465650872,0.792706080572006,0.809541969350497
4658,-0.204474622989131,0.215871601949744,0.973210834855411,0.801778971507983
4659,-0.232708854585021,0.235989102720579,0.876004704637652,0.831505413139098
4660,-0.219846861349355,0.203460513102685,0.91131512844158,0.773153995468471
4661,-0.22231800143729,0.178710370290266,0.924994704838017,0.782351223154201
4662,-0.227391071194284,0.353693976051797,0.802824796593125,0.888755717783597
4663,-0.232427199278667,0.150363520416119,0.855880639802054,0.761211566348978
4664,-0.219046942965767,0.246457636171222,0.790608126228034,0.820164839477924
4665,-0.220597897775379,0.25954263129799,1.0558519337123,0.87385992639406
4666,-0.205945173974778,0.492258680898803,0.813093540906317,0.924439957835743
4667,-0.206815716453036,0.458093535959641,0.841961486330574,0.927082854423098
4668,-0.219450710347888,0.381511118884225,0.90537797290675,0.86746317368389
4669,-0.216222055763976,0.58784402744471,1.15678900175555,0.947192269945556
4670,-0.219254843730176,0.74045747641521,0.954706104457143,0.933439936869833
4671,-0.226946849692036,0.447903159619906,0.924830587054683,0.914276421366134
4672,-0.239836584554443,0.240617813928084,0.713156577008546,0.772600704028879
4673,-0.215039283504283,0.285316542656019,0.942053833495212,0.866821980910763
4674,-0.232386949840051,1.17154582615422,0.948262241600056,0.965076753494042
4675,-0.246510467740491,0.40205205203064,0.902601892651755,0.91087712502328
4676,-0.214985607446873,0.30780099111761,0.90076584016311,0.870989850757599
4677,-0.20646878650961,0.369757793030922,0.871975022298273,0.88242989991207
4678,-0.217385244673753,0.664061690112779,0.781969321915322,0.928947901821333
4679,-0.214960161255179,0.479050792135037,0.88487783056468,0.907274032801557
4680,-0.220806348834257,0.422193317256287,0.927721352255244,0.921484384474948
4681,-0.208199629198287,0.808079675346054,0.78863140101147,0.943650256860976
4682,-0.220586931979082,2.18388983161096,0.929205194192396,0.981184538933464
4683,-0.240899114976015,1.42116283927751,0.8892968204419,0.966668022892549
4684,-0.233941767261363,0.927100515251253,0.983124755356264,0.935311669452977
4685,-0.226710989708897,0.398483583602741,1.02465160389909,0.887552472656369
4686,-0.197810966235505,0.233237409308943,0.78876267100588,0.850981191512845
4687,-0.203335227402718,0.516973319968833,0.964573116456516,0.917870357862661
4688,-0.222598228627632,0.448184565749254,0.8344542391789,0.901981941190378
4689,-0.227596495840712,0.343079195632202,0.731384491622759,0.870156575463017
4690,-0.207676859983431,0.298393450774482,0.816522029028813,0.88517366431033
4691,-0.2274114223617,0.221842929740296,0.83423851153597,0.80509258965186
4692,-0.220535912440716,0.178065393078725,1.06744468099207,0.752946891956512
4693,-0.225134698060665,0.17334588114871,0.896431377296924,0.714884162100995
4694,-0.229918442325413,0.249978800073032,0.956250608627469,0.865767013230797
4695,-0.21051328388617,0.920804828202332,0.795179782861256,0.942218883199915
4696,-0.225608152243537,0.478369564848448,0.895518675010589,0.935864354009627
4697,-0.235872945497911,1.36038045713327,1.03036432899158,0.966225334037229
4698,-0.245839483185619,1.16494123760862,0.886287798082525,0.964746025934659
4699,-0.217580061251949,0.769933020494013,1.14087193337024,0.94087864020536
4700,-0.203992426006812,0.459127643837918,0.898469619006698,0.914748719204569
4701,-0.229463271726695,0.473786774785244,0.87476204037921,0.899671970955948
4702,-0.214511833298026,0.241103790326304,0.930789127162889,0.858770951725882
4703,-0.233312568681084,0.19196804824634,0.913912156341822,0.763741930057332
4704,-0.221707521060627,0.480633998719745,0.902678792651882,0.909700506956959
4705,-0.211807173192095,0.228952212751015,0.900127499504524,0.90436244585483
4706,-0.227690560623077,0.450115381446144,0.894302939264491,0.888412268652395
4707,-0.210017786938059,0.313844712616011,0.783203417865276,0.83834881815621
4708,-0.224488772767267,0.343088010669451,0.967879498511314,0.853701210558574
4709,-0.232131521097396,0.435894424705765,0.856134801133857,0.898445300713961
4710,-0.240837974711785,0.260424878854199,0.852587053634595,0.849336514195181
4711,-0.225203948247799,0.226448879152081,0.821326423061245,0.844185874504268
4712,-0.213678087907473,0.167359342824769,1.03201041061843,0.717169271129598
4713,-0.234324537417775,0.332294765276462,0.903033541843906,0.83444042091378
4714,-0.222518551095461,0.18170260989619,1.08642990832391,0.76037182257967
4715,-0.217842585741879,0.236002952279645,0.838272203266157,0.748736816804656
4716,-0.216855896451191,0.262608835836492,0.892506776446081,0.806477846565161
4717,-0.212205082445432,0.266204525084941,0.844462610816029,0.869131865431301
4718,-0.235564610211972,0.394636206863193,0.851532541048888,0.906505647506713
4719,-0.22216292004721,0.155291285109217,0.922936456615215,0.761648708755382
4720,-0.22499939461778,0.194725326400878,0.712271323278145,0.727618719336727
4721,-0.196639824670473,0.352275348103989,0.84567644826172,0.860958996495789
4722,-0.226730208333652,0.262134274785851,0.948803018885717,0.850880461844376
4723,-0.223683244830653,0.45135065314158,0.915350470405256,0.885695230350887
4724,-0.207779633327582,0.208053765919062,0.86181206961613,0.798604650826283
4725,-0.233604234817768,0.493919077455384,0.884660107551986,0.860872311627732
4726,-0.206917989290346,0.251474543180057,0.775650503275034,0.842387162573258
4727,-0.253023163971621,0.247383138584031,0.715838051151713,0.829359912972065
4728,-0.216235759243137,0.12767557678656,0.876206635796132,0.753126320713691
4729,-0.233694587422877,0.332785330669904,0.899784051970823,0.858738577112924
4730,-0.227983323947609,0.246031807985435,0.963507613614532,0.850811061608192
4731,-0.240464401080209,0.136712336389905,0.830089134119354,0.722555852275294
4732,-0.224288407214924,0.164106246132856,0.776877903128381,0.667761709600342
4733,-0.211392110972716,0.161930649047854,0.763681390862533,0.669826172122455
4734,-0.217729029948407,0.188081118228789,1.00191898096876,0.835385818060226
4735,-0.231545496641456,0.440049940369322,0.798650236415277,0.887567723299417
4736,-0.214257416232234,0.745125570788626,0.917552049060648,0.939950848839305
4737,-0.233425309211408,0.58214965055011,1.09100442493304,0.927299161006795
4738,-0.214501940247355,0.686184769235162,0.84346756737915,0.947360054330206
4739,-0.216634030170215,0.488663894031735,0.919410607970958,0.93264231345442
4740,-0.22189195603817,0.736766807997726,0.974281116397192,0.952784778602799
4741,-0.203126269848356,0.503258823719052,0.916088889962148,0.914973730593379
4742,-0.223378837119711,0.418012766999786,0.863123257023821,0.907486962878401
4743,-0.21690416476316,0.888443076207004,0.695056146618716,0.933200926266518
4744,-0.233067652349988,0.218466595361856,0.860858283286481,0.800729720683539
4745,-0.225339669398964,0.33297506388043,0.935301372562814,0.888942367605205
4746,-0.208230927382598,0.219660587992433,0.857333800919531,0.772103000189844
4747,-0.216370063790958,0.327017753309699,1.09466753524431,0.853741918170038
4748,-0.227863337346922,0.192112291054744,0.54584798079964,0.621873928617778
4749,-0.22752259101217,0.164342132738357,0.764149147879515,0.747017209476717
4750,-0.219797867894184,0.119448488510548,0.73598790842117,0.641657889650743
4751,-0.220873256003665,0.117656475279986,0.692233718394246,0.655620797185363
4752,-0.235429637669453,0.140372836946748,0.771646209468649,0.598399576076297
4753,-0.232525281295334,0.202587486010591,0.703281806541541,0.676073938297127
4754,-0.233258837025731,0.254212148337288,0.843348409798759,0.832656460026229
4755,-0.215716238983094,0.192246588142211,0.815976077087728,0.727026204175603
4756,-0.201510412794575,0.124928392103306,0.872189950435541,0.713958453446714
4757,-0.227079421549015,0.150035561517698,0.962564952573358,0.73392344234443
4758,-0.221585501356123,0.173296683811242,0.79633201453452,0.704794172959973
4759,-0.236339954083091,0.283110918215524,0.859232546846105,0.836806997508182
4760,-0.216035258501501,0.166560999751513,0.975007718427002,0.799145844993139
4761,-0.219562410570964,0.199209686765787,0.990833258822149,0.836459561470815
4762,-0.217793810510496,0.280325565123131,0.839215009663522,0.870542626277284
4763,-0.20801298175627,0.244322355789768,0.765039814097727,0.752924667899368
4764,-0.218492286353833,0.142119348731707,0.693473140333209,0.611020019099654
4765,-0.225463687333381,0.169831963989612,0.874886604115639,0.741564884816746
4766,-0.225101945882755,0.316422506464841,0.770651137493625,0.837394709541099
4767,-0.219335917720936,0.327746881804379,0.879478825425242,0.853721246898701
4768,-0.230658335537605,0.166527807692767,0.79403707277555,0.767956317142847
4769,-0.222015800325,0.232395908328766,0.862504739615168,0.734183742587887
4770,-0.196607922043339,0.166552081163887,0.887940936657632,0.707513049712964
4771,-0.210749240291736,0.403257771455746,0.565253541782386,0.841576342965819
4772,-0.206068252035595,0.383395544239364,1.02646666305247,0.85491446925852
4773,-0.220316740384487,0.243104301859787,0.909507299768248,0.859948382936426
4774,-0.228388697561815,0.238447823350242,0.774298616159245,0.829112638751013
4775,-0.228518303449968,0.229813441165284,0.924521669675829,0.829996611989355
4776,-0.211590444899026,0.202993941947473,1.06566085106735,0.813210380088541
4777,-0.206050640849091,0.169953313905295,0.905796060562199,0.757479217622432
4778,-0.227379720915644,0.260352496941202,0.890128234793775,0.877651266344919
4779,-0.225282755681957,0.279407037128488,0.894025956638436,0.883755541373192
4780,-0.21408840264866,0.271053604038272,0.78614226800545,0.86437000152629
4781,-0.214684989462799,0.550386297329991,0.861481260324075,0.938131017885497
4782,-0.229325157892026,0.37212548042439,0.850204927356816,0.878722979098434
4783,-0.237899896285139,0.273501255457524,0.748236429419587,0.8141779948791
4784,-0.213775837144522,0.241180998591259,0.697467840175139,0.774817831002718
4785,-0.228127096518471,0.256731187533221,0.716903301235144,0.803416146484444
4786,-0.229697981535026,0.111100597308701,0.868950403423953,0.703790010747204
4787,-0.211833962876615,0.225807735859211,0.834709329291894,0.834090136582055
4788,-0.242084457433582,0.464717164848769,1.10016803465041,0.905792231331143
4789,-0.204886451004648,0.219880136835766,1.06238084870681,0.860986789302818
4790,-0.205657006513167,0.252582897748789,0.844059005854892,0.854868430303336
4791,-0.224072684137873,0.41243379497758,0.906511746520281,0.861446823719555
4792,-0.216689677624504,0.241925366018379,0.887794617576282,0.849154668062791
4793,-0.218225987564061,0.469552975119373,0.814432133726736,0.912661368657464
4794,-0.213195580452755,0.41969591755207,0.799710711810901,0.898669805925758
4795,-0.227337316651048,0.509903158269064,0.891758741716249,0.914417910266211
4796,-0.212048658783478,0.378274583343982,0.885379645994545,0.918655123701799
4797,-0.188415140785477,0.179394082410304,0.882382556472477,0.779625665953102
4798,-0.206541648104457,0.157625104378708,0.843378436320955,0.789028571950946
4799,-0.198956009452156,0.163802448750296,0.85948554081608,0.692444602332811
4800,-0.210270676698486,0.250489096688561,0.694135621416974,0.69903522090563
4801,-0.210767196246516,0.12591656983839,0.99215452046051,0.598591242491505
4802,-0.21943942049364,0.22281978535386,0.959422523565095,0.804742105401628
4803,-0.213242837088937,0.0921077686549604,0.754929741686212,0.500971533897684
4804,-0.228697568175528,0.166016490366689,0.705327113657072,0.77818844802071
4805,-0.248081456990899,0.238105627544698,0.797934099693263,0.806815898607278
4806,-0.214454836760153,0.158815734727897,0.735955412795937,0.727306974136162
4807,-0.216802514236442,0.238760423974002,0.761029281388225,0.804166633041894
4808,-0.224305014382828,0.419049954999471,0.826790834952773,0.895404936082672
4809,-0.243508549262234,0.501383994852321,0.761886843282373,0.912049082853979
4810,-0.240495833734784,0.684470545105874,0.846738164172801,0.94555960453764
4811,-0.229724294752457,0.61503667079823,1.07850936207272,0.940035926560828
4812,-0.207277797092572,0.720536754172002,0.925982059632388,0.94993947989851
4813,-0.217416888327868,1.06161949784587,0.855733917696557,0.957826150733324
4814,-0.220181864710316,0.587375098673434,0.93583844307705,0.926463797439124
4815,-0.225917707426674,0.815921629113412,0.870053952631456,0.950638407038822
4816,-0.218955335073509,0.434458080664281,0.825969395387069,0.889576002439206
4817,-0.206151518755086,0.214502020119735,0.880325484035048,0.782723787772485
4818,-0.230138862394944,0.297388085353679,0.685373788120661,0.780743576194582
4819,-0.219048456897056,0.181256941430953,0.956438361075513,0.78628451824206
4820,-0.219026431979436,0.22588522458983,0.841650304669643,0.77298847198613
4821,-0.194150495552751,0.179605142421925,0.845945160292127,0.798430352562411
4822,-0.223255606045568,0.189242168501868,0.908900358805927,0.743520133893296
4823,-0.202821020634581,0.43260823406233,0.765610533359583,0.850918476522781
4824,-0.211851965014176,0.264610570240646,0.877125573862131,0.766380498514897
4825,-0.221430838720513,0.226421860965442,0.734351399696444,0.819784113299794
4826,-0.222761332154521,0.290189178487482,1.03970645804589,0.836086371849881
4827,-0.215225520883564,0.214478649684677,0.776877987516089,0.823084957462038
4828,-0.228845178162899,0.162870656158855,0.760067837160944,0.74294012335213
4829,-0.202264000847604,0.22387369648385,0.892124568970809,0.823496089581464
4830,-0.208775839417581,0.22486909540692,0.862652903037287,0.822943664099589
4831,-0.230672890017633,0.206885875301262,0.922498428276635,0.821545012520839
4832,-0.193588945076535,0.268338483914731,0.910862002888912,0.828524681943505
4833,-0.244061506683921,0.374126822539738,0.761336063210511,0.850926387187112
4834,-0.238077594191768,0.242467644767311,0.851739105120819,0.829199219180614
4835,-0.212705633754854,0.26205457472577,1.0645524545308,0.862140777552764
4836,-0.213834862315646,0.581072509277205,0.7176490647611,0.924124249548742
4837,-0.222902413022687,0.323003927221285,0.760269755869969,0.89877634318316
4838,-0.224722143829199,0.25678030173667,0.770522772888948,0.823465315665665
4839,-0.21106464790797,0.257286916162367,0.825675296728502,0.863087617720209
4840,-0.237780614072449,0.272866560023113,0.798952623233918,0.841760988226451
4841,-0.212509416547349,0.457840608431504,0.926161233623359,0.868679729795566
4842,-0.215700830593704,0.240803012611561,0.993186445712109,0.887103979651535
4843,-0.219702490335871,0.188393227257198,0.811869697400783,0.794734869525199
4844,-0.22600066799457,0.21491472739296,0.856178445544903,0.783787454133373
4845,-0.22910011958369,0.251061201444641,0.882228534118491,0.814401521071213
4846,-0.232480154310348,0.150794821065095,0.804753713373429,0.685602493447912
4847,-0.228852324988958,0.169501511367125,0.848758183242459,0.762880355060169
4848,-0.224699246383068,0.207680326737297,0.854502988076425,0.809460738570301
4849,-0.205458400200986,0.286820527390347,0.907313856631889,0.84316125235083
4850,-0.221716867271744,0.278843179815918,0.973542987429117,0.872087367879415
4851,-0.215597995427343,0.358660510561063,0.717343458240039,0.905238544345412
4852,-0.205688528886182,0.438907561522376,0.881830929882277,0.922875713762387
4853,-0.217706735785273,1.06357976892907,0.814090750602814,0.947705865290515
4854,-0.221657669785202,0.355640766694202,0.912659587799343,0.903200547651788
4855,-0.204393732998526,0.300563233387983,1.08695130750653,0.877548610867497
4856,-0.222347659070364,0.365836643024905,0.870608094586824,0.892577182878307
4857,-0.214393644649307,0.717601973727303,0.817224598208944,0.921835398328512
4858,-0.241059447314495,0.560027175522952,0.923664358175982,0.914283601923743
4859,-0.212903090864041,0.44619631942408,0.980976993488588,0.900192002749061
4860,-0.210205966126274,0.379134018465361,0.962794466137246,0.873358584586224
4861,-0.228306418344317,0.410761768433032,0.754408172749025,0.845183831773232
4862,-0.228803169241909,0.129165575258051,1.02220599691483,0.756703992003924
4863,-0.222943590544731,0.211402011791778,0.849818207916086,0.822559232617555
4864,-0.24120201231111,0.356965613911964,0.893040461290584,0.898496067763759
4865,-0.232452588398878,0.405303886569223,0.898362288372622,0.865345146431941
4866,-0.221400943029444,0.329005462235142,0.923086073802469,0.918252566973489
4867,-0.22386637436295,0.431900078937422,0.996666481332874,0.868978215047713
4868,-0.221966871814902,0.39140344792423,0.957435994587159,0.869413561439545
4869,-0.232649678910849,0.171751804683408,0.826088116446097,0.747127672613503
4870,-0.20773291872794,0.132629517346433,0.906788954818938,0.661585274138409
4871,-0.216120613170428,0.357381273243751,0.904835329448984,0.853220058289593
4872,-0.22645308480036,0.420012079111049,1.00236593363793,0.89625512746692
4873,-0.215042488551948,0.289632803968084,0.743888011904062,0.801581540604316
4874,-0.214266034403895,0.191079881820014,0.819077397640119,0.7537927285404
4875,-0.234097884110632,0.31462605597269,0.871172416190887,0.872253079591546
4876,-0.22057307198874,0.244242348980949,0.871498838134793,0.846951265446063
4877,-0.219906806219147,0.225806446486553,0.897068611394694,0.852797584239801
4878,-0.219135064960024,0.539055554184417,1.02514386357785,0.911019376528758
4879,-0.2060178299954,0.406571549915072,0.933192701593252,0.910348973128967
4880,-0.218280630729297,1.16359277655875,0.868627029676917,0.964050491072508
4881,-0.211842807308304,1.28065725755023,0.923596587349462,0.94763756343346
4882,-0.223506569385103,0.71975459006272,0.893409832043109,0.952202808914464
4883,-0.232974303329048,0.843263885287775,0.82528406273781,0.955411800804392
4884,-0.229922294272921,0.29774503025692,0.915196766098171,0.873830332525878
4885,-0.234129517325757,0.370153113498587,1.0249260275802,0.898316908654751
4886,-0.223040327191836,0.666937840785402,0.924436115563054,0.941381858958822
4887,-0.220226634509557,0.509134860924413,0.911489982126795,0.932590219122711
4888,-0.222869102836255,0.403271798258598,1.11569744911941,0.919268452072155
4889,-0.202177740509728,0.324158205415186,0.734274134594364,0.888554434598507
4890,-0.227400346808351,0.36262424316045,0.899514545864218,0.871577776457781
4891,-0.22817397586825,0.481952332228793,0.947602366822394,0.928847454997269
4892,-0.214371309495281,0.209415508985437,0.888411911697911,0.837578742098853
4893,-0.19884308208061,0.299541320418618,0.90690337866426,0.872699837481125
4894,-0.214993977651135,0.271561219159671,0.793288109316395,0.84509273914694
4895,-0.209877474500266,0.254937543348985,0.863932733384683,0.79621542802482
4896,-0.203148046990782,0.27199571112801,0.756436721878544,0.828871329624291
4897,-0.230112002987401,0.447806035771973,0.868386796638593,0.912045635341594
4898,-0.226525848110939,0.44145152550012,0.840002691686322,0.889501230039409
4899,-0.225929812958325,0.680908954952299,0.868564475736236,0.943533703038627
4900,-0.218267782083476,0.235976432406079,0.884739595790933,0.856222496606057
4901,-0.219047299084158,0.350689293268344,0.918864605799453,0.855315686500829
4902,-0.201927053961967,0.211100630206405,0.908520167320554,0.823305767717386
4903,-0.202268032847999,0.303754954777573,0.807565996244033,0.86974869952064
4904,-0.222429964282505,0.41971043671808,0.927787044031935,0.888946430702079
4905,-0.222666943589458,0.71361614687733,0.742026572715293,0.930654483052871
4906,-0.225086668891408,0.354278884568702,0.826845711365322,0.90278685309488
4907,-0.227521336935847,0.789776237428543,0.814483824222071,0.950941963244354
4908,-0.216493913128086,0.710567573616842,0.849648292502493,0.942768223376551
4909,-0.222066334098349,0.369634209576456,0.909038646892233,0.89601463846924
4910,-0.204370108648958,0.69587962998841,0.970551995401246,0.943540574126369
4911,-0.213013485249013,0.48510405886234,1.08274318661003,0.934871174761088
4912,-0.212875548052505,0.545721472549901,0.865069509997957,0.907202542370819
4913,-0.218899404100107,0.504443948190116,0.781536550364859,0.889363588037401
4914,-0.218873127668259,0.400278715659162,0.749244830857781,0.862928099177272
4915,-0.228439499471611,0.318896052788471,0.866175940802851,0.860194770263618
4916,-0.230513888394445,0.321261638760981,0.922217832127586,0.873675921276316
4917,-0.219896999610651,0.392433026828005,1.01635961546899,0.880375536082355
4918,-0.245752603313335,0.303194646908051,0.896844034385538,0.893875573268314
4919,-0.20440068711984,0.275999928611727,0.889201155106765,0.882229932278008
4920,-0.239472109224683,0.505977543685705,0.767775510606628,0.905804490436225
4921,-0.232855247995116,0.277188699022795,0.756004253155064,0.864645262745156
4922,-0.213426115750471,0.198854855344942,0.865065644574132,0.778661333078688
4923,-0.230561466357049,0.198012844409897,0.87569439838038,0.840981448340722
4924,-0.244846880398123,0.280884369737798,0.912167486376321,0.858376448250551
4925,-0.228414093803948,0.239370760238408,0.875120365281569,0.862458136811281
4926,-0.232107743377074,0.256502697801263,0.910658611498486,0.78700154715198
4927,-0.199072036251235,0.28202891697671,1.02151571411762,0.835799060235595
4928,-0.216868149233926,0.212332929038233,0.779367097339605,0.749352899189209
4929,-0.215744876368802,0.22632831204975,0.846816472843983,0.854405228233866
4930,-0.229162314617644,0.517092693726563,0.916958824711944,0.897231945850274
4931,-0.20807431082381,0.42099536652914,0.862626537833931,0.898050735535102
4932,-0.207109847007049,0.278115069361475,0.848688459788046,0.875637772205043
4933,-0.241562259069827,0.213997199292733,0.969098294342468,0.814485509110275
4934,-0.226275616370842,0.244258753190753,1.08558911207806,0.836750300175198
4935,-0.228607354729421,0.1788016982664,0.915517802150361,0.825555684353073
4936,-0.218924468452611,0.146130999466207,0.874989269395159,0.734245593642517
4937,-0.220785253069499,0.227839361102609,0.790153736215576,0.706136822188827
4938,-0.219877778974176,0.211921885294575,1.02251883820545,0.84323485007826
4939,-0.217003998416477,0.227463745011622,0.812432699391525,0.787762063768182
4940,-0.222744235182318,0.208614546459475,1.03938497146553,0.835728350514065
4941,-0.202345768273479,0.220364496052596,0.67815836913492,0.798202961785295
4942,-0.215477819560751,0.240480313895304,0.701045321478035,0.803762507754731
4943,-0.216456358125554,0.357544113769936,0.725960206134548,0.857262135166587
4944,-0.223801766089302,0.294226969180597,0.88589287088884,0.83866894641716
4945,-0.233111932434539,0.241003843074486,0.732805718228065,0.861331094298177
4946,-0.211453888886443,0.22103006722108,0.811888996330401,0.811683637043152
4947,-0.227089157009286,0.172493998934551,0.824000319844438,0.802250089689493
4948,-0.219712768581593,0.427806447078888,0.693270818345756,0.860546525139133
4949,-0.231741565408282,0.236015309037437,0.854813133643458,0.825736499845739
4950,-0.215533458585183,0.367780310754791,0.832461985400759,0.839867627778271
4951,-0.250040298313155,0.197565405934282,0.763119347841979,0.722810067028544
4952,-0.232800965340583,0.207056627929584,1.07082278527215,0.850227239426117
4953,-0.214399118066622,0.170670577947979,0.861954276082967,0.712378240896694
4954,-0.216486428822206,0.129793122853324,0.87707506731031,0.74089783325594
4955,-0.219500493520135,0.240212131629149,0.874529803095279,0.83317522808196
4956,-0.229340510851831,0.48066534241728,0.72986835714995,0.900079159480353
4957,-0.231857555806543,0.273240115474579,0.73018997275588,0.869407011036122
4958,-0.244742611324185,0.463451097859825,0.886171011695656,0.926244132694704
4959,-0.190153422957258,0.403162927904247,0.869354937126559,0.9144635890955
4960,-0.216069541433337,0.514086500412275,1.11186565295851,0.94096457103579
4961,-0.196086986136556,0.347277796613963,0.745982086982541,0.855088690579756
4962,-0.224441896428564,0.336928919280505,0.947299020902335,0.865077193781877
4963,-0.202052113746299,0.288159921643369,0.91167212366745,0.836474173267971
4964,-0.198440257001913,0.205787600464193,0.901481239675,0.724584360459983
4965,-0.229960762981775,0.243427485407002,0.832139580374514,0.827757221049244
4966,-0.236364511059331,0.227930001294993,0.842292124839024,0.805067367596091
4967,-0.209260041276184,0.542522125212862,0.944092326196177,0.932017960316083
4968,-0.22356208016027,0.263089919349494,0.852450957874036,0.804748252439083
4969,-0.242908476748178,0.224648193008752,0.874747619666364,0.817186532198817
4970,-0.209957647828293,0.36393551602575,0.750022536802111,0.88604346227205
4971,-0.201422193651029,0.268219897279102,0.765993240208222,0.863549387617873
4972,-0.230740073907673,0.714642887551157,0.965459379558662,0.941131208283768
4973,-0.227099033062433,0.875169067957619,0.910475777868458,0.951932690312133
4974,-0.21556620386479,0.623105764394354,0.828283780790896,0.943296353954356
4975,-0.20885758006442,0.470946932739264,0.857406606340256,0.906283743742388
4976,-0.220965453110718,0.37081405653785,0.811097431752385,0.890333694238722
4977,-0.203414374353306,0.322755054813834,0.743555068987735,0.884045585277581
4978,-0.22583745877414,0.274083716703023,0.931031436795912,0.865910580636014
4979,-0.211719284257482,0.306125165158968,0.809127993659646,0.848558071102142
4980,-0.212201887267719,0.346296614157918,0.905659239530955,0.841954138889855
4981,-0.204481778968303,0.166753113186177,0.680250813615489,0.713303392488773
4982,-0.229901247511955,0.12375602980778,0.802513698455461,0.684404395078949
4983,-0.216775139152175,0.271009585096266,0.723077790874209,0.829830877663107
4984,-0.23634873342369,0.353015472993125,0.918558316417329,0.825171102724451
4985,-0.230156775268428,0.364540913129741,0.893407277471327,0.855336220069816
4986,-0.22414178894902,0.461314962954922,0.880781152640959,0.910385548895273
4987,-0.216961325045003,0.423961317171934,0.919925741013088,0.884294287612654
4988,-0.214149149364781,0.300688546381005,0.816469098676755,0.830713467287043
4989,-0.217875785659693,0.2390337640023,1.00261850134891,0.809677339981725
4990,-0.222080964076705,0.162173529124953,1.0367548340653,0.744356801346172
4991,-0.234959112578256,0.118218296960945,1.06998253953572,0.604051053920784
4992,-0.227971430214066,0.210620060528794,0.915995298741066,0.761000631158203
4993,-0.221786164184193,0.634325194272704,0.916714589327027,0.90000215799731
4994,-0.216879761351423,0.501953845081819,0.911084370698426,0.917774272084304
4995,-0.215247766917677,0.217615082103282,1.0056983196273,0.825712066739326
4996,-0.213879518467988,0.26635188030096,0.919435375726603,0.883906196517255
4997,-0.205192038083369,0.489189627203711,0.842604437602914,0.925134432514215
4998,-0.216663651031046,0.63178955712278,0.785554025751138,0.948972030677268
4999,-0.247993848125276,1.10063026935621,0.862734593794552,0.962784747897355
5000,-0.218448215577338,0.479488334882519,0.807241670609958,0.928219739492641
5001,-0.218172457769577,0.619431592209753,0.880184223565133,0.93771929036125
5002,-0.195476882561648,0.352731559614991,0.820257789031028,0.895178382516619
5003,-0.212508177381702,0.243784876330444,0.800611133759021,0.793520102939841
5004,-0.240161388612676,0.284254300993023,0.861971450200268,0.795905759901724
5005,-0.216270381331108,0.170617386132262,0.780825839872223,0.761251410006705
5006,-0.208949654594155,0.194657334638013,0.919249245607388,0.805021027187235
5007,-0.202380314746044,0.254662697007027,0.959466945655545,0.814941709068791
5008,-0.20892635166555,0.568307452418193,0.747515408954986,0.896369799419823
5009,-0.213739632695282,0.260664240582801,0.889341240473903,0.856804893340072
5010,-0.219276962081863,0.197581603065191,1.068289883386,0.777229833771405
5011,-0.239105303546668,0.252787024370918,0.782471535601541,0.805185862349038
5012,-0.231531284087125,0.144625900711518,0.774701109525084,0.6811951174163
5013,-0.220404650853176,0.291202743099925,0.776491148076847,0.801350424925853
5014,-0.214602816079287,0.388643877412937,0.819315186739635,0.88380412147536
5015,-0.224282400542446,0.304629670073586,1.08977219587272,0.859864456094644
5016,-0.241250973213734,0.299186224133037,1.0589427422159,0.844255443649928
5017,-0.210289268759144,0.275238435304684,1.0398865804121,0.825948629169333
5018,-0.23343646934623,0.326371635908232,0.776750910484339,0.83160674685587
5019,-0.220263559793454,0.212807801894722,1.06575198878256,0.810156077957852
5020,-0.23837299886396,0.274692533654116,0.862962080201932,0.844986723387799
5021,-0.217666493056073,0.165671793105198,0.808039197670472,0.745995598840749
5022,-0.208188313869893,0.190943051937323,0.871453869162209,0.799944204514921
5023,-0.232389164831337,0.242101190687715,0.841177952285979,0.799995627088219
5024,-0.248778182712899,0.122700161286539,0.770099099826721,0.673446889175962
5025,-0.222932511443765,0.107615572967188,1.06431400831607,0.720927076847304
5026,-0.203684292714553,0.235619385272642,0.83411362540495,0.807274768912474
5027,-0.217132652631208,0.336290092239123,0.68846500304855,0.898883587056388
5028,-0.222055788150375,0.762400430408313,0.901080541184285,0.927410480823571
5029,-0.241135440248944,0.35835689982572,0.545504547565333,0.85069878875891
5030,-0.206552608973195,0.244282027617741,0.731148129311474,0.82780788760341
5031,-0.226437478342007,0.51435790084115,0.782895635534636,0.901440321530174
5032,-0.237189378873989,1.31681651228862,0.786837546128582,0.963960379313111
5033,-0.207809284662363,0.644781487420265,0.71822215174199,0.919236774662721
5034,-0.2288641565427,0.364221931660835,0.860466408484801,0.895350241552751
5035,-0.200468582071738,0.433574924256158,0.759697366813916,0.894375142420082
5036,-0.23138604970226,0.700118038507468,1.06233761901005,0.932209037217564
5037,-0.210344859461094,0.421920706115262,0.823325083578214,0.91833098783123
5038,-0.1945907614664,0.519174181503759,0.77619086577305,0.92199021215909
5039,-0.202022859376882,0.509973662465916,0.734645995597295,0.90152031809359
5040,-0.216385646650341,0.294429094201972,0.810681384592122,0.86050076267038
5041,-0.199303682596139,0.598453791941978,0.817794914439968,0.936926469193709
5042,-0.207494748200787,1.10233867395027,0.908204816585929,0.967318485834161
5043,-0.21413692657939,0.954117503432332,0.732636596536358,0.963515498955637
5044,-0.211312024253381,0.779397017428474,0.724750537751725,0.950864706283645
5045,-0.22484540388965,0.660972855869839,0.919458388016634,0.937468653780681
5046,-0.21792579675088,0.54574169653016,0.873623497961748,0.922019190331962
5047,-0.220959519164024,0.222665627981937,0.888756885620888,0.85344012303542
5048,-0.216815108790232,0.20730393921494,0.790860600344248,0.806233795110173
5049,-0.225711370822849,0.181731954996472,0.816042965739401,0.728205491265654
5050,-0.220233695603452,0.123021334317416,0.896489792883829,0.705153488911029
5051,-0.193546406612817,0.0893048503843849,0.824273639052676,0.615206893089176
5052,-0.218598923687585,0.132496417420284,0.783612872510148,0.597011876225636
5053,-0.202950828322885,0.144771003953831,0.739089446974056,0.558547152489694
5054,-0.211989235449339,0.178035612895628,0.941786902456893,0.712925455711604
5055,-0.217317103901861,0.149312379117953,0.955653232653533,0.637384180061809
5056,-0.21465966729555,0.13227382000196,0.891065026202409,0.683862020430562
5057,-0.210860454438537,0.145820223073918,0.736673766341928,0.758918410538986
5058,-0.208766968877821,0.391999423280746,0.974907582268787,0.874588179393973
5059,-0.219672841415393,0.262494980236761,1.04678506221236,0.83033422938184
5060,-0.196590252659884,0.186320766021071,1.10482698491365,0.794990770739842
5061,-0.221511903822872,0.248163197885212,0.835966998003203,0.847192650571173
5062,-0.222402120135944,0.38924380676355,0.845860461012898,0.881119504563916
5063,-0.215613325422958,0.315321718498205,0.911689391711447,0.85156811457882
5064,-0.226638595139538,0.317258891159484,0.830209866146508,0.87623628710086
5065,-0.19890905301222,0.371532081499761,0.892198282743263,0.889643197167734
5066,-0.22948546023445,0.390721969233352,0.867439700756354,0.907360293436862
5067,-0.23697656801404,0.187578758806748,0.736327947389183,0.741285652422759
5068,-0.228657163679131,0.113657205159374,0.924815954381038,0.688963819607373
5069,-0.222357481447533,0.144330233920134,0.798576462528866,0.740956382515782
5070,-0.216028901968458,0.351933708754701,0.750695517752043,0.900279484455929
5071,-0.208091142539703,0.403265188712892,0.853394457673261,0.889407368407016
5072,-0.205389257191642,0.518356051495721,0.902332595813716,0.904045791835488
5073,-0.216894147318022,0.552630783826102,0.866366107602219,0.931159637613835
5074,-0.214189722464993,0.402554647617743,0.877173390740481,0.897490220210007
5075,-0.220285739954862,0.575577426398188,1.00038526663122,0.917078097490554
5076,-0.228634766525754,0.314388523940145,0.804975345184383,0.869885812505727
5077,-0.222740310824335,0.136806014309827,0.951444676520117,0.7276875933003
5078,-0.232116280475267,0.21131607468486,0.739634777449161,0.810979601444216
5079,-0.218704755126243,0.236192691342562,1.04699953016837,0.844494599021051
5080,-0.218496891150819,0.230851460172423,0.906280152033496,0.85201175934818
5081,-0.240448368002096,0.399650557891144,0.853105052284637,0.900727294272798
5082,-0.220067320283202,0.262347588376335,0.832551744845814,0.86421540544559
5083,-0.222430006958445,0.284830457376093,1.06421205063107,0.865094895969664
5084,-0.21690859521936,0.239990749399546,0.865009969925773,0.813000523827767
5085,-0.215478374465531,0.169557911693654,0.825809526927074,0.802174571104589
5086,-0.20330068698012,0.145885547375072,0.874266708487101,0.781049904466583
5087,-0.233246820267713,0.301581645422886,0.924806494150357,0.818058517858155
5088,-0.217649178250206,0.486983396654168,0.878769612834436,0.911200205716407
5089,-0.230101940557469,0.687568097054172,0.919610908454779,0.922060431189074
5090,-0.228445279122893,0.524566625122461,1.07411244498447,0.925358212965681
5091,-0.217691831146327,0.368852427704901,0.822621607823389,0.878652797772155
5092,-0.215491825165902,0.198670879472781,0.785078751653527,0.808174033240575
5093,-0.229244542410662,0.266054262298373,0.826679681116464,0.810327365485352
5094,-0.220618030223679,0.14012118081778,0.874721764198854,0.658843219056427
5095,-0.210300164228282,0.216710477365723,0.868875304168959,0.693534516739745
5096,-0.218394130115131,0.195988511512922,0.789827029520745,0.744181266394088
5097,-0.215260276953956,0.210219953158679,0.868492698118222,0.854640443371907
5098,-0.214022566721572,0.168121887821099,0.899450951422264,0.76461984744864
5099,-0.251488869448315,0.371926341266018,0.863798759763449,0.866761680365481
5100,-0.241131947583957,0.126858067778399,0.788440899792926,0.650638619016845
5101,-0.219848980944694,0.254349920092552,0.736889830459271,0.858109520506108
5102,-0.227276105300487,0.152257494197901,1.01363092686668,0.749886805373983
5103,-0.231050177135923,0.204036878769639,0.749655673255616,0.75053380104875
5104,-0.211501797360844,0.134302263213375,0.712400423693846,0.7863628056243
5105,-0.203790087401799,0.162457731840964,0.689997990859174,0.601275614957791
5106,-0.207157975810223,0.126047071923531,0.758316077524931,0.597411722349897
5107,-0.201642657711659,0.124378402039256,0.934022485329401,0.527438671300894
5108,-0.223810049512804,0.147235049948388,0.856373095981305,0.67720892953456
5109,-0.221680718822569,0.12127042919055,0.888831920249985,0.575215204752494
5110,-0.213059123890501,0.136800885780358,0.896917766954885,0.650003422734066
5111,-0.23509272393831,0.165849712834806,0.872296057098967,0.736486153847506
5112,-0.218280246198654,0.218084665303109,0.687199080618853,0.784408161964863
5113,-0.217085041253619,0.138520106333785,0.772983715716695,0.697601793437647
5114,-0.230768405919068,0.163838902500601,0.828934517153098,0.733232147825006
5115,-0.240330361924829,0.260372740060501,0.990104235404179,0.864754213420236
5116,-0.227067278948006,0.250945454178032,0.848874066722565,0.856321674804651
5117,-0.204186416701194,0.230880575117988,0.828319725765302,0.860510932306804
5118,-0.223285727340696,0.362216685268157,1.06521297411435,0.891456310668906
5119,-0.235901434358856,0.198766227202192,1.11943879337528,0.797112087033824
5120,-0.226969802392655,0.230924414872186,0.891743458611346,0.759880737262246
5121,-0.228145869172687,0.294246439393963,0.809448138399692,0.843466157964796
5122,-0.203055903323317,0.220380436145712,0.908262995466396,0.814926435721176
5123,-0.202629296766754,0.216252381751014,0.89224815691242,0.860864828626603
5124,-0.231057983422352,0.502364546573797,1.03465640274371,0.896120878486073
5125,-0.188182994939896,0.375848155297601,0.728942293553451,0.802521089107217
5126,-0.221044372607037,0.26664582067829,0.911556531493818,0.866231509255861
5127,-0.241888863928407,0.220728677246614,0.976084130300823,0.771812363665649
5128,-0.226453876148919,0.183277123277009,0.878692232800908,0.775783698380523
5129,-0.216201676475607,0.529573064987485,0.669400820486377,0.928748322148788
5130,-0.212386785471952,0.403074411581367,0.879641027532457,0.901530818798604
5131,-0.233327633050964,0.261228928870882,0.903094599507712,0.857203223586846
5132,-0.23349548694513,0.269110159150787,0.873505119900138,0.842771705019836
5133,-0.231090404311224,0.343377459371716,0.939101405631668,0.855250644446942
5134,-0.195472293602294,0.418972431282855,0.884240109506067,0.901248243921916
5135,-0.227644157045615,0.289456438000818,0.900259332990288,0.847228989068332
5136,-0.206535847125075,0.531557972788681,0.886060194848372,0.888617755957442
5137,-0.217983051377821,0.198981242371699,1.01955815526721,0.787439034810993
5138,-0.207988533180477,0.214840228316359,0.970552880556847,0.850800538209122
5139,-0.230458430990908,0.480784993561243,0.84566470303549,0.930594427285623
5140,-0.200676128395899,0.756081854543729,0.945926983819987,0.934712624578418
5141,-0.225761628922302,0.758766069700662,0.702839435071557,0.920282992906327
5142,-0.232514196068763,0.536817489465456,0.909810436675364,0.929429502757366
5143,-0.213159120321444,0.37332150525133,0.942089461799097,0.90611371403668
5144,-0.22924072820643,0.263044364553431,0.852701234566995,0.86507444573665
5145,-0.196678555518284,0.272877562021053,0.858903476929119,0.830585492127638
5146,-0.218461856012415,0.239464422114171,0.876050520714862,0.818905364321167
5147,-0.236597331017924,0.544351169410995,0.743900183661426,0.929141759082459
5148,-0.225260334772214,0.566777615588916,0.806983702369535,0.915715924917074
5149,-0.217408336059814,0.487983858218357,0.858343718674403,0.906919435523302
5150,-0.216442180834439,0.453277261959962,0.907924025648094,0.920788154128392
5151,-0.216256720116479,0.812575422218008,1.05801015868968,0.950617188725613
5152,-0.203847776030962,0.55158387516528,0.830256424763804,0.929199164073733
5153,-0.230673631659721,0.481062011044547,0.799165956156333,0.901647623985454
5154,-0.234953515257227,0.534769379833756,0.801253136402614,0.930317619632446
5155,-0.214020905300742,0.306467847490656,0.980193136173396,0.842916078505026
5156,-0.217088671221556,0.287811922259516,0.741606483874954,0.82343074843522
5157,-0.218529765905266,0.285622723281554,0.794034637314671,0.829011162393688
5158,-0.218074853750571,0.266968517979604,0.881526538333596,0.856113392068329
5159,-0.223205575463479,0.553249173167944,0.718886364355452,0.918316507203966
5160,-0.23832853505059,0.633626187431779,0.873622602251864,0.903505459504979
5161,-0.220397248147078,0.288906416070698,0.913585290512763,0.871710688906892
5162,-0.22236642311998,0.39785027751772,1.06577720306194,0.897612569439433
5163,-0.211321209274352,0.58130435462067,0.847613308245878,0.93424346154254
5164,-0.218028553278594,0.439069023765067,0.75965428304717,0.894673064990794
5165,-0.20329688902519,0.565427332409691,0.784281768074592,0.933286353200518
5166,-0.200932164618627,0.324539428240289,1.05603460368036,0.887900854556337
5167,-0.216045861781802,1.04776453928916,0.870915855004813,0.955984196132417
5168,-0.224473913759804,0.392245877364197,0.889303834111566,0.907616307734637
5169,-0.229785917652404,0.403572279061278,0.916331979306654,0.890234562111569
5170,-0.233721442364505,0.256611262205902,0.848079168948107,0.84783487549399
5171,-0.212287287606327,0.313309796264076,1.00016827178345,0.872303208363941
5172,-0.213868960342899,0.261716124011957,0.913489488289539,0.868034361753984
5173,-0.215259586720185,0.410049699795155,1.14635641336628,0.908910618603528
5174,-0.209059264139471,0.574556231174049,0.885549895692141,0.938112811264183
5175,-0.212313732004999,0.870403975973509,0.902552656929638,0.963325520684035
5176,-0.22631575175825,0.857750997955303,0.784350143170656,0.95236633630289
5177,-0.212527598903247,1.07427969833276,0.857073524767099,0.963166173018561
5178,-0.22514742068093,0.968564221426546,0.890999957953736,0.965833995966929
5179,-0.213252389077847,1.1418907920166,0.859316274801075,0.971703648359665
5180,-0.201743792735495,0.547829039172232,0.911115452791421,0.911622152614076
5181,-0.224085699487845,0.427076967418298,1.01907667203711,0.879713911944541
5182,-0.218988517974429,0.393763906725189,1.09169330914838,0.922804282982933
5183,-0.202061328617022,0.303185044569014,1.03995170325984,0.886166416569463
5184,-0.231444893542616,0.242287094228733,0.81932592294949,0.759275380959961
5185,-0.239618742311663,0.186187625055821,0.920388859835855,0.77501354282697
5186,-0.226728006474621,0.214899988511502,0.756531582996804,0.719945469413298
5187,-0.219421716739631,0.16806353219904,0.974596344428471,0.766984202176477
5188,-0.205972187003328,0.153522649212114,0.950517150270506,0.709225437909743
5189,-0.233143162970968,0.164320154535874,0.673333305493382,0.743881003323515
5190,-0.215941594174997,0.194023659089307,0.886590552227562,0.806998271393551
5191,-0.215981356547067,0.186237617041065,1.07521322552552,0.749125887567023
5192,-0.232970149219464,0.231828787492004,0.707643191403951,0.777963901059169
5193,-0.222232574250101,0.347371494369696,0.843076688626772,0.832039461659315
5194,-0.221855669909384,0.326988427889764,0.93601469088275,0.864234865686682
5195,-0.211465274191339,0.335069148266644,0.700586392387604,0.825746613956143
5196,-0.225622984712601,0.427761333731421,0.744989400253169,0.906192084159915
5197,-0.219840206274448,0.292867222494251,0.903151384430841,0.847043289134125
5198,-0.228369076670428,0.398866316395183,0.847723937185335,0.928014825483986
5199,-0.236543337506293,0.526874658231634,0.803529340018745,0.899573462087626
5200,-0.21407132635309,0.395050407827426,0.881267088547967,0.900213281082492
5201,-0.223054345813217,0.755487095878076,0.90964690856202,0.939180740446645
5202,-0.216900309688304,1.21145913584339,1.0233001221471,0.969170150646153
5203,-0.220329970405126,1.92906294986124,0.969794484038642,0.98036700693717
5204,-0.219685733562508,1.98183161938563,0.836378671447392,0.984929491591695
5205,-0.216944699762275,1.54819132025833,0.85541054743122,0.979143850229529
5206,-0.220207216856394,2.73332871116671,0.855107817857178,0.985734775407944
5207,-0.218740023869176,1.97427175418799,0.810702889830731,0.977229310490535
5208,-0.216063949854467,2.08204729895905,0.91997590362839,0.985819172255883
5209,-0.219202872439221,2.90787748459012,0.857785484189693,0.987782762063588
5210,-0.218072581537639,2.688746439148,0.768134151318834,0.985454694950516
5211,-0.199681521927182,2.23515100302157,0.863606045596194,0.984586398515496
5212,-0.240412660222043,4.78545440296976,0.879728160762207,0.991034916128305
5213,-0.225371854940336,4.78160218181606,0.880652793009356,0.990877536361027
5214,-0.211820650929916,4.03637388248528,0.867472653474193,0.987285343033109
5215,-0.229932538525217,1.91510401604495,0.992829173937056,0.975452302931308
5216,-0.210280729460114,1.29673240404171,0.689334604098672,0.957395524906226
5217,-0.215946690629027,0.993252021796284,0.915540664724979,0.963573542606834
5218,-0.229997124154075,0.930623504730225,0.832911316452974,0.951191915024572
5219,-0.218007909132623,1.49935362946416,0.824139225532463,0.972216066439553
5220,-0.232677885346418,1.38839428706804,0.731449034803638,0.97368732598489
5221,-0.211104235527521,2.01150936902279,0.715959749745199,0.978854886671752
5222,-0.221932922647708,1.73141608044128,0.856920102501642,0.975145335257714
5223,-0.225799332858368,0.637003145759182,0.75420300915658,0.915966522974468
5224,-0.218838749400814,0.264358617077844,0.816077476271779,0.861544682404511
5225,-0.241803514518737,0.286188439740729,0.906354938962276,0.835575295811672
5226,-0.22085637533657,0.417705810911627,0.761551997464396,0.876515751414442
5227,-0.210760261743389,0.160947194704573,0.726775769295088,0.766440483764212
5228,-0.21432307792928,0.141920524220887,0.583093690710761,0.67112628956287
5229,-0.230344060322742,0.171595207210625,0.77002167849969,0.672994591976786
5230,-0.238123095272849,0.225293624236005,0.920155510455353,0.70616154549838
5231,-0.23572553179772,0.179192231407421,0.704773283111882,0.699224329450095
5232,-0.221175554278227,0.130424496237594,0.692981846053987,0.512591463485508
5233,-0.200136803116932,0.192816188662775,0.915530020067894,0.770909432701319
5234,-0.214210334557079,0.205182868312119,0.849347593821457,0.827607454593006
5235,-0.214910668012324,0.21723848765413,0.78142230981332,0.798038057128803
5236,-0.215894237424938,0.21004289811835,0.839593854063777,0.754619875835891
5237,-0.231239259031988,0.196039488691297,0.886530792495361,0.795989517352441
5238,-0.208363421651295,0.267988505704967,0.908883190560638,0.86546357603753
5239,-0.202319532046708,0.257887104444909,0.80879938596381,0.824671686882791
5240,-0.224721590540377,0.273385708555984,0.748838242710638,0.810759670906148
5241,-0.242865964176586,0.199905807203473,0.893817148350836,0.800513624198483
5242,-0.224627229595423,0.337721479392414,0.807311905714182,0.862747723781326
5243,-0.204619814746358,0.362695893067181,0.923389887152813,0.893146336550866
5244,-0.227576612953367,0.173013019414608,1.02929545085842,0.847867237729546
5245,-0.206922424807125,0.25745464670366,0.951124280941472,0.819675513682265
5246,-0.206140957133613,0.248940333416069,0.869098118381921,0.871932185618277
5247,-0.209167142478354,0.19815265290439,0.825622958593571,0.72135733935956
5248,-0.218009016431425,0.231814039079537,0.77676041270894,0.777670826281631
5249,-0.219618989214289,0.244082689716416,0.691581119177416,0.778462340150261
5250,-0.234650144931845,0.338697031328664,0.706924828463817,0.806551282859684
5251,-0.220104447095763,0.215070478232686,0.743185665556888,0.782884854242255
5252,-0.241048243972975,0.272520046507537,0.971982404153999,0.774991629606522
5253,-0.231461929840447,0.142996084029564,1.15541045137453,0.759491841752792
5254,-0.22009869165334,0.103476801654326,0.880455633814045,0.713628642735578
5255,-0.219436475458794,0.146302339090601,0.815033244139103,0.686901968922231
5256,-0.194615725477412,0.170430651506301,0.770093492703244,0.678616267998906
5257,-0.219201441305198,0.167786766891077,1.0117143472828,0.724854199145301
5258,-0.234233887293861,0.10727731524017,0.848127070854191,0.666270682553362
5259,-0.212348482261793,0.255886668998058,0.863775525595529,0.829873478681835
5260,-0.220994096510219,0.334945844701652,0.889781161262081,0.871015836319369
5261,-0.23449533780812,0.224148551434644,0.865732618281863,0.769870009046338
5262,-0.223663578867548,0.14265348438719,0.757206061734591,0.727691399891961
5263,-0.226133023068616,0.302582741952667,0.60633026413628,0.820046658683968
5264,-0.219662198824595,0.410496331823014,0.77246109239954,0.856124584091008
5265,-0.217629540287103,0.241916883493948,0.816355088380942,0.842595992375823
5266,-0.212892002274721,0.326410740724258,0.936268819769885,0.88449040178214
5267,-0.23401500320281,0.335181192680566,0.846250564580722,0.881230387152008
5268,-0.200216277221827,0.381025452084949,0.871685359066731,0.899988239356067
5269,-0.232599574414129,0.480140166500397,0.775531198234627,0.928921655288452
5270,-0.229024588528788,0.366025829814228,0.868853816957654,0.904894791071407
5271,-0.197804996590498,0.219756591966134,0.893156862055784,0.827399620241438
5272,-0.234166836748976,0.524293721105135,0.994579642950113,0.924670728088067
5273,-0.207175320509641,0.48890388953071,0.8217149743881,0.904236798161774
5274,-0.215057142164953,0.395174066652679,0.818367936197019,0.865549855691696
5275,-0.228373645191228,0.276047663115581,0.847184822997578,0.8407976005144
5276,-0.228604064326789,0.151026295425521,0.836222713832313,0.806001186457246
5277,-0.230451051337504,0.144538898298111,0.692860951476714,0.655729080302596
5278,-0.220832965966482,0.232070096353735,0.860372288634192,0.770925882946063
5279,-0.219238314830716,0.182052665189441,0.943154612629287,0.816700026998193
5280,-0.202207221008767,0.172270359955303,0.845289065824746,0.814361520916351
5281,-0.218238045442055,0.0901885209024241,0.820056509632211,0.657690030693685
5282,-0.232652784405208,0.156586303808246,0.753259603195404,0.646319910180927
5283,-0.220393492184066,0.0964604452051432,0.734410655754771,0.610733918973937
5284,-0.222942911712497,0.191213047236247,0.870861183698734,0.714138206607602
5285,-0.207066032638396,0.275448584991874,0.823953613778762,0.802780709601794
5286,-0.229859249130368,0.222880512707417,0.974161771258212,0.795671183100007
5287,-0.220456102021554,0.230094910865328,0.820280466866178,0.817772071930982
5288,-0.232886298499669,0.413841161047627,0.783642554752376,0.882928411262163
5289,-0.23492557264028,0.975256741248938,0.783353866048915,0.948981424428388
5290,-0.217649287338092,1.06322560154497,0.882906233175826,0.967265663009913
5291,-0.228534598174808,0.805880900013903,0.96862417108921,0.958976561603422
5292,-0.236009890660032,1.18769202830102,0.891255163704423,0.970271754041148
5293,-0.231089878138957,1.06584103541461,1.13209528402185,0.961753100385192
5294,-0.227316677326811,1.68848948210265,0.85399600645993,0.979991568571134
5295,-0.212309156928355,1.05599972006938,1.02433209372281,0.969196734649155
5296,-0.20526186768835,0.906361318206918,0.88790387337105,0.953511793635768
5297,-0.208871777378269,0.491716675978091,0.692035876072568,0.918469521743932
5298,-0.218534060353947,1.87342342843583,0.882728608624681,0.980680689310416
5299,-0.215559100886756,0.74617747214111,0.912589494509735,0.94155688547456
5300,-0.21951815946719,1.23363048311053,0.852447895289414,0.970740480861781
5301,-0.23616895427376,1.62919346961392,0.845446661042348,0.976981453887302
5302,-0.227382532477885,2.15563399634282,0.953262835423089,0.977922632619746
5303,-0.213958654126002,0.831944499474674,1.05517329622161,0.950704075244861
5304,-0.213712364104121,0.852255419403092,0.862597842735141,0.957181745358988
5305,-0.22299062860682,0.645106332759956,0.820547097996475,0.93512930290838
5306,-0.217994210245658,0.426634755311725,0.854344202230258,0.896545347383066
5307,-0.212686545517856,0.235501412816018,0.870588613990195,0.850098434255897
5308,-0.229186888999845,0.252431717332529,0.996564970440075,0.783509180570088
5309,-0.224863802025317,0.340616996473565,0.991276489922339,0.871031758501326
5310,-0.20830112179732,0.175442445789818,0.91404289494767,0.806599418070388
5311,-0.209728929877192,0.19538012908758,0.822945396320368,0.776120192408168
5312,-0.223441707439326,0.190313551229443,0.852439076675821,0.770794080577524
5313,-0.230727987471432,0.145974317343161,0.964993396472034,0.681598447584428
5314,-0.220308934249462,0.127214421891243,0.898585944477933,0.72784079080527
5315,-0.213082224801334,0.143307849281536,1.1195050920183,0.681839031638509
5316,-0.220618372148582,0.219649574409346,0.773645108544773,0.702790949803941
5317,-0.217000859440995,0.134296409329681,0.816630310281684,0.623132745546699
5318,-0.211189966116111,0.191417168017952,0.788423012352422,0.752328327768829
5319,-0.210079763648774,0.109870933530231,0.927289907714753,0.720351351455909
5320,-0.219210745028259,0.201881459532737,0.888241718058744,0.795936617628826
5321,-0.233483576054122,0.193923811709438,0.705266862494299,0.704601942457598
5322,-0.226140817900611,0.151229534922603,0.810728078130217,0.741150454401584
5323,-0.217793005840804,0.181444995755103,0.89770687997948,0.723240867421215
5324,-0.21551848750517,0.121099058911766,0.826901378657016,0.643722537077562
5325,-0.213682982675199,0.166052061593178,0.8493631367332,0.625112322058587
5326,-0.217932882374398,0.120969260864373,0.868556228128473,0.669996192207399
5327,-0.207491188768414,0.136455454804774,0.947350417126406,0.728211350686898
5328,-0.234042334632525,0.224709394272597,1.07081510484149,0.832397073374461
5329,-0.232924738454558,0.216837730359727,0.785908114446634,0.83096288869041
5330,-0.221851943386142,0.224755597443329,0.704563309696261,0.760950215453938
5331,-0.202852590085122,0.223166205532488,0.771798811917593,0.78837605599516
5332,-0.249120049138809,0.306043389713045,0.89267824713408,0.842776436834269
5333,-0.218075993145399,0.17013558067032,0.548400098607555,0.715861162816372
5334,-0.227449395541447,0.167889579031491,0.753255084137762,0.761831404922983
5335,-0.220631661488839,0.377422534273672,1.15473146275342,0.885542543865378
5336,-0.201018546656464,0.503529544435473,0.903817461983816,0.912927612814943
5337,-0.265456497917818,0.224889721892421,0.845008260074017,0.83398411751996
5338,-0.22641165660057,0.203184274625595,0.951147983597537,0.817288023415663
5339,-0.211899959470478,0.278745302830566,0.890979935397222,0.841386468032998
5340,-0.221553888442565,0.247723532147647,0.807258469980771,0.829766647806959
5341,-0.220532843911493,0.216463158523785,0.860806696407371,0.780242466284507
5342,-0.212786105908246,0.175015564562677,0.731203716349115,0.758021733599776
5343,-0.221837993643614,0.150562663493969,0.887407774122279,0.710285413775877
5344,-0.222250624065779,0.134332659578871,0.828221048505352,0.697750004660973
5345,-0.236538428771483,0.15814499274398,0.853453043874821,0.712294178416332
5346,-0.191879335261108,0.107754229269855,0.845904672673079,0.662819742958736
5347,-0.215369692296996,0.283471160210441,0.950343261239464,0.855545660465078
5348,-0.231525873518207,0.212767286101954,0.898438739885664,0.848359479397992
5349,-0.217023222773874,0.184965533870662,0.852702088575554,0.756867283180233
5350,-0.219110367897603,0.181111034049771,0.875766089478283,0.813941364080768
5351,-0.229223276841333,0.339944858082218,0.805841880587906,0.829834544255922
5352,-0.213591828693742,0.131291173260376,0.935271276872391,0.679159163771198
5353,-0.22001635073402,0.223066833644877,0.917376201524134,0.747218010152371
5354,-0.232970333435488,0.202403770768188,0.888452316796712,0.795952723801284
5355,-0.228201804930058,0.215487509914898,0.672589965601657,0.713736482442382
5356,-0.21521636985696,0.30430150035115,0.920421230688695,0.858644983496533
5357,-0.217404050486649,0.799300816780524,0.844648730545188,0.953501728727569
5358,-0.230642867315648,1.22986178528498,0.915469408910841,0.961300434148384
5359,-0.223818839641187,0.972849624310871,0.904267646599251,0.96346971131303
5360,-0.213657803374058,1.50685570900619,1.02347721585074,0.972249780873651
5361,-0.212381980902285,2.22216646585207,0.834643004669482,0.97673225088743
5362,-0.219866681165378,1.7248252704943,0.71618417811743,0.974315977573236
5363,-0.20815758730443,0.756669649002431,0.709927431331954,0.940289905334692
5364,-0.220056077796947,0.555882375230936,0.734230300598104,0.923408063199078
5365,-0.213663271376037,0.59801987076577,0.934205895525342,0.932656210375885
5366,-0.204982843798872,0.721911944459212,0.908054689782914,0.947808861815206
5367,-0.218300007348478,0.651185156057278,0.930502109269844,0.945798875867767
5368,-0.223172075148584,1.30489821358902,0.902737742310006,0.975420869347043
5369,-0.211959866103331,0.957565923935983,0.87344584610855,0.963248774905013
5370,-0.223350329675866,0.402150363222344,0.914149200203387,0.923267981158722
5371,-0.212686758444402,0.584187989426034,0.991727358147708,0.938379170325824
5372,-0.229188233200466,0.479336574303541,0.992135275220322,0.904785339131152
5373,-0.219100350327002,0.228805237003266,0.872250223905956,0.827124392953042
5374,-0.227186063183203,0.215997315834984,0.906654979453716,0.799947654980841
5375,-0.220626621788284,0.155371055021116,0.976298774742166,0.698586108343669
5376,-0.216573084067159,0.172110296047309,0.820724079421226,0.768794184559425
5377,-0.217261546943428,0.220747908602911,0.881955302959439,0.830488070557496
5378,-0.231942822091762,0.241128000686068,0.836969637427821,0.796199613358875
5379,-0.215763350006739,0.154416131330428,1.02530454766649,0.758222851849635
5380,-0.210721193203309,0.318659437656248,0.852339255470791,0.891446099387309
5381,-0.204382858776237,0.554449261408675,0.727272948718505,0.942891442572056
5382,-0.201583960067607,0.816383798221884,0.736365656799984,0.948129712937456
5383,-0.221444957178847,0.517153670572256,0.875269040938257,0.9381213697922
5384,-0.22813027393575,0.468673515813952,0.970548821920772,0.909007095108731
5385,-0.234774360860072,0.437898697364721,1.10480225973004,0.903232946234416
5386,-0.214121104526025,0.347109696619282,0.739431746206525,0.844372404614026
5387,-0.219717908821718,0.188675609886476,0.806453942700427,0.784342665001403
5388,-0.191210960225807,0.249022493153477,0.83274858242814,0.830307943634101
5389,-0.225187582280473,0.466839027066583,0.866870001504638,0.890662877894043
5390,-0.223289984343302,0.344837245343611,0.859158149338058,0.876494733477088
5391,-0.218825761725388,0.686687274065689,0.872337834440649,0.947328339939981
5392,-0.20833540266937,0.81107432664725,0.835420410163511,0.948219721758596
5393,-0.225613661699048,0.551713880817602,0.832940432258925,0.89945613928329
5394,-0.234494212017995,0.195373439469208,0.922930358742113,0.797503880733818
5395,-0.228445529902291,0.402643706219096,0.871139927377985,0.872926212122402
5396,-0.226597879442149,0.332384677582505,0.720960865368355,0.84825376798689
5397,-0.229873824012636,0.237582324628777,0.771780062418725,0.775729238418802
5398,-0.222697012318756,0.193350372138713,0.883035942585362,0.725180910823379
5399,-0.199546012651497,0.214262834186609,0.774630469271657,0.768952052794796
5400,-0.218863952949646,0.302048270707698,0.833043575395466,0.867451291505709
5401,-0.215495816898177,0.25423243066396,0.824764761915975,0.818683817875658
5402,-0.221770205709674,0.138486301503009,1.00460567578599,0.71573183150945
5403,-0.223589474503938,0.158685842484173,0.854227532423431,0.82559718862495
5404,-0.219590091643596,0.367939079318952,0.872486276481952,0.905569819335917
5405,-0.20805001893584,0.54816471460559,0.962285302906381,0.921352344535851
5406,-0.238923458883618,0.365293321333572,0.925881982789439,0.845747073682321
5407,-0.2142400707264,0.261645395310844,0.782473776050131,0.808720484346941
5408,-0.231317259217894,0.271864604212332,0.885474105886501,0.833046781956275
5409,-0.236877891491877,0.244491190022142,0.887033923495514,0.866871057316233
5410,-0.22550729466508,0.254234580934866,0.994661831762075,0.847881244468471
5411,-0.221029058052774,0.264735263141763,0.880281605838526,0.839039412062154
5412,-0.21301474606743,0.168841569164809,0.640580221740062,0.685592798862563
5413,-0.220230238400162,0.153875725104664,0.6360411447867,0.590119201699428
5414,-0.207819561905651,0.152009079968664,0.589211251286553,0.679094541696664
5415,-0.219919369302173,0.172352452971761,0.911203654909617,0.722707909592712
5416,-0.213509808101364,0.21698144469866,0.92169684965466,0.752678653966816
5417,-0.213940964700135,0.128950968052048,0.807388236061715,0.608898485904293
5418,-0.237847183378037,0.204796420179779,0.961809043678098,0.787789148181388
5419,-0.218609523259811,0.17262500350383,0.899602357757614,0.749850692302418
5420,-0.229569322753074,0.35470298481,0.847006165838313,0.874688031212873
5421,-0.228256194865353,0.157241870130579,1.02452379491083,0.78311117797943
5422,-0.208474414641024,0.32098465404096,0.952052322464851,0.846422816795606
5423,-0.213487908027051,0.375903616565277,0.828641909712976,0.887177073371585
5424,-0.234823869452448,0.377205945208751,0.938560441476931,0.892805769336495
5425,-0.218474460436641,0.326318310860729,0.908657048465919,0.87681170146729
5426,-0.213532380730153,0.27340716587242,0.957837713982894,0.835376477894779
5427,-0.213517268486339,0.221115821571439,0.917815805287659,0.826929719559163
5428,-0.232847392321973,0.312630465401151,0.807179122340665,0.880462681874885
5429,-0.217443010808091,0.244970293571578,0.980849871400837,0.849295810263435
5430,-0.211929306303425,0.393541791830124,0.828152699238931,0.91628660035287
5431,-0.218017527886113,0.329670365403575,1.05276912961044,0.902545822738868
5432,-0.205665134461971,0.426678598450206,0.923527975924936,0.901026442531127
5433,-0.221689724020853,0.169265367968319,0.896440973158329,0.825846952791534
5434,-0.210692149562516,0.241718295770486,0.834787739053931,0.861287991989511
5435,-0.221197766000275,0.189862691706857,0.894281968305934,0.819220439962157
5436,-0.230988908654851,0.123107236852022,0.81028878521045,0.638335042754948
5437,-0.225877758820637,0.200355101595445,1.00557838955601,0.771219947716035
5438,-0.237241496151779,0.241062667276249,0.919304938854457,0.803712268541595
5439,-0.213745574755392,0.186568080474232,1.02557465234761,0.798957883081972
5440,-0.214575624378214,0.22159680023648,0.884873932155197,0.774958566183723
5441,-0.205827688026871,0.193351468722665,0.733169358145895,0.714682222374757
5442,-0.227836462057326,0.0925522177892647,0.807145626133174,0.543904357141896
5443,-0.218473187769763,0.313595086464406,0.716925455717281,0.791070435741637
5444,-0.212599178234127,0.143590633835225,0.794608958559411,0.592325619364066
5445,-0.223685138069508,0.19946149849419,0.755803185559646,0.773761124040764
5446,-0.236498435184988,0.103616010840777,0.855590846594001,0.678169292647035
5447,-0.200103069415768,0.202170782084648,0.855788543495506,0.817380329600603
5448,-0.209137608449209,0.302030581786355,1.10759859800092,0.871904680089278
5449,-0.210519787442163,0.397908961857103,0.971453716714849,0.879558336106608
5450,-0.219745052909005,0.185714923663332,0.848962357298087,0.810732132687277
5451,-0.220276583431066,0.205419901366649,0.75147809781585,0.800734994043499
5452,-0.212232092898827,0.180627460222786,0.878349928124488,0.778567696046784
5453,-0.231257182006746,0.24695754812029,0.919771269706194,0.809887728805227
5454,-0.223006997126739,0.334478782186079,0.856989409213677,0.843662163743681
5455,-0.226911516257396,0.208464220591638,0.934783440372129,0.835987151291755
5456,-0.236005255774422,0.39646221170924,0.892879917750333,0.847929214304274
5457,-0.226894453463609,0.176383374489017,0.790224286427034,0.737528596791865
5458,-0.223257664876138,0.130163184436887,0.875261113012207,0.511511402526202
5459,-0.213865680397021,0.194932527083223,0.811056486018707,0.805066848016184
5460,-0.214232956459035,0.280638197348411,0.902589152800277,0.889381368824123
5461,-0.217975641697639,0.232608181111498,0.731159159067148,0.832634848363228
5462,-0.235779122014282,0.490642539766948,1.12829381373969,0.911437949881847
5463,-0.220381766149492,0.46889051185762,0.868830477029274,0.906539571203579
5464,-0.216575611181223,0.610270926645471,0.90893643296522,0.910402603130388
5465,-0.22087944123069,0.590277300597057,0.87926224969764,0.916972540037914
5466,-0.214137390006153,0.245055975738255,0.879523378969855,0.785159088234496
5467,-0.194060886117306,0.162423304231736,0.912763206882992,0.766778835128133
5468,-0.215287260699216,0.161887427952013,0.849783945244595,0.804538823741284
5469,-0.222309511319042,0.334633253348571,0.822709245574696,0.857056304582617
5470,-0.21478473857218,0.366801939647327,0.839464308440465,0.879884924642279
5471,-0.207498021979324,0.321431423223429,0.895713697290266,0.869807344041028
5472,-0.231394747767254,0.199657951068114,0.873933462348497,0.825057609406466
5473,-0.199414767591691,0.160656832567616,0.843317377155711,0.767662055192435
5474,-0.229300704161003,0.181349547622364,0.889619459764678,0.759821617967752
5475,-0.211420383203974,0.219088343453353,0.855787225809263,0.722987045450849
5476,-0.225932738524328,0.185929587053325,0.750796896123719,0.728603600165391
5477,-0.223198647411716,0.33522235455437,0.734630469065595,0.87470580934653
5478,-0.231838281985366,0.493044327773582,0.801328491743292,0.920679269510634
5479,-0.20830092932175,0.451889470320525,0.985030929923337,0.894285512695333
5480,-0.219591344427468,0.512261329308141,0.860348390841388,0.922133226916923
5481,-0.215548151759794,0.261579894311534,0.912649450640878,0.877039695792052
5482,-0.206770249496988,0.407545000301155,0.889445874792964,0.904026983833128
5483,-0.217085456956966,0.506827749921355,0.78903860957976,0.9403281426349
5484,-0.217233170468929,0.551440215123144,0.951184160587604,0.941243892925868
5485,-0.224148850081632,0.816799453600249,0.875938345451904,0.953038262629887
5486,-0.239605648245792,1.41230393324771,0.840607450407416,0.975673391878766
5487,-0.212677735056637,0.777690953471021,0.889097522927226,0.953151985996747
5488,-0.236767114215627,1.03162791505139,0.881849177213872,0.964147834375871
5489,-0.224599513700428,0.557447362730489,0.875688758804895,0.921226121982044
5490,-0.222631322250134,0.242110916519672,0.798212552505157,0.813883292184189
5491,-0.233795937825678,0.219511562579359,0.8570345098546,0.799704150207616
5492,-0.20237532884745,0.144106118857639,1.01502124684936,0.743257897346017
5493,-0.222261826960252,0.19611786280744,0.921206447203399,0.737866058809108
5494,-0.218608074952089,0.150244256581684,0.831794490493879,0.710928385900616
5495,-0.215828407362664,0.162673888903039,0.894518109543048,0.770712138422098
5496,-0.23400108868318,0.161182286366331,0.952506602569542,0.731752292141886
5497,-0.215746675725579,0.221797852324849,0.923425010242953,0.830297727406833
5498,-0.233868258248828,0.337547316631226,0.743104377029205,0.907201638063243
5499,-0.231233404644882,0.574225399599472,0.836503120201078,0.90767651715034
5500,-0.209908529748114,0.490529754926504,1.05131817752418,0.904607902341082
5501,-0.207377926158673,0.386147595405987,0.894293726396703,0.898584491921008
5502,-0.205490959626557,0.299975551837045,0.890419372098043,0.842204596063388
5503,-0.228950820067552,0.210093436569286,0.897545379133721,0.765187634399716
5504,-0.230585116808696,0.225814814150903,0.84326320045472,0.821749520500037
5505,-0.207075164586819,0.309566933548149,0.836345534471541,0.882079974963319
5506,-0.244757664032033,0.337738341483967,0.728006353111853,0.884511712001731
5507,-0.208855905819519,0.426821807550687,0.823948178807307,0.895788446859385
5508,-0.223958901221133,0.253717646886206,0.801536643198261,0.78598866556803
5509,-0.206589042921414,0.17128423424692,0.748619050362846,0.719021910800165
5510,-0.214696617343555,0.149157439906628,0.695072446374536,0.685581722833376
5511,-0.211367215188177,0.168965441601185,1.10394343509545,0.776331782496138
5512,-0.216995494840595,0.26306826973517,0.915484045428963,0.866149484659601
5513,-0.233042601570434,0.249570998870938,0.992245005335671,0.818476037503744
5514,-0.213675055838175,0.364873326242764,0.886286582190663,0.8558621548997
5515,-0.200157311677301,0.366544699680742,0.744716480975233,0.903668229473818
5516,-0.200665385782468,0.200798077826934,0.959066822125138,0.816715970697438
5517,-0.195144601129496,0.164756948116525,0.962790365377786,0.765209862802709
5518,-0.225852789384462,0.162877010026665,1.12616357590923,0.769769668722158
5519,-0.208542067727908,0.202810725638523,0.844049595542983,0.790581530870232
5520,-0.233865761271229,0.33116874748814,0.902055730735535,0.844662737499697
5521,-0.225192631810509,0.163181872316715,0.852528834879778,0.804534773541406
5522,-0.209340886504359,0.406675037493088,0.871561553338321,0.908337708280906
5523,-0.204703198127237,0.428293697842778,0.872450596907822,0.919754168714435
5524,-0.187282749413251,0.907722011248546,0.879584799732081,0.943434351482337
5525,-0.218002147072525,0.293840492825469,0.868138076196642,0.871769367115323
5526,-0.229727517301134,0.339266873306268,0.863748100389017,0.890783670588569
5527,-0.21557009724627,0.284489155457729,0.849635760224835,0.85794351607317
5528,-0.246294088273392,0.270336641168824,0.922933632457129,0.885181729211715
5529,-0.208702183572915,0.51151700532247,0.977972759935052,0.907332769539278
5530,-0.220434851191596,0.326765387818885,0.842727719042938,0.898073957345254
5531,-0.226056079858322,0.385592464589222,1.0034682287176,0.914826245266167
5532,-0.205153166014385,0.517965808587322,0.931974511493226,0.910548310569551
5533,-0.206732523627715,0.798129650939253,1.03275168138919,0.948910051666387
5534,-0.219086031943374,0.590533707979073,0.82868117241533,0.923688115281676
5535,-0.220160589502883,0.580064037187447,1.02002676656933,0.93425826198351
5536,-0.206308358365018,1.01149305883242,0.905265080640765,0.951619419495885
5537,-0.220330230330677,0.677954927758391,0.894472272135292,0.932539034699329
5538,-0.210281391682802,0.623165773820326,0.782955766344082,0.90732296527359
5539,-0.193575906491244,0.472226876160782,0.865980870077287,0.893917740470983
5540,-0.226121599996235,0.348559053060628,0.714387207911908,0.881381902602408
5541,-0.205389505723948,0.210599489204551,0.78751458450473,0.850072214130662
5542,-0.217764291227587,0.30915130508241,0.805597209774548,0.856383234170988
5543,-0.20908190813178,0.170788240084659,0.964440628308113,0.72657231710214
5544,-0.210612516531155,0.168485301384958,0.97600693433639,0.728218173837277
5545,-0.232878983818786,0.386191539848311,0.887162370752061,0.863396688595047
5546,-0.202362993368994,0.280045827418801,0.885608511172946,0.895162057012213
5547,-0.224863814210863,0.491752836103256,0.866048146773271,0.924780363649904
5548,-0.222257071497761,0.60010042399562,0.830307875289677,0.924446987540106
5549,-0.211676654120435,0.548458919380895,0.704515848282114,0.903656234363575
5550,-0.211146494348979,0.600747376896863,0.997520094269434,0.940062812021698
5551,-0.217430127331173,0.511426765156581,0.890636574913589,0.929781387589415
5552,-0.201860860462652,0.477509485115419,0.988276828161691,0.910060832034974
5553,-0.2226873140893,1.85904136485883,0.96686596719305,0.969299200941976
5554,-0.210091970124219,1.15849743638435,0.833969808612923,0.969437812306762
5555,-0.229372249405973,1.59060723782596,0.867550920061033,0.969153810450702
5556,-0.202004947578327,1.66540964089153,0.881234726795957,0.972108002651874
5557,-0.210875444255596,0.801999019152642,0.823237793244858,0.944504627905356
5558,-0.218893613906243,0.973864827755799,0.912250181033761,0.942735702139011
5559,-0.219937400603957,0.470135387908258,0.787244779779463,0.9274685079148
5560,-0.226481574345191,0.423331592165224,0.838543976098534,0.898253985982408
5561,-0.222428893054317,0.335638756610252,0.899149315171275,0.883639510495369
5562,-0.207066651056787,0.459031760320294,0.924163093050164,0.899935402396626
5563,-0.221375423390264,0.740360257192365,0.784295244691193,0.9429995141524
5564,-0.217317276371598,0.697376339127913,0.967457944476282,0.935622158312498
5565,-0.234831131340811,0.323426789749991,0.803512219322906,0.871768616806208
5566,-0.209866136656108,0.315167926513516,0.744490022935177,0.866171727455708
5567,-0.21414022575653,0.245149294541197,0.791625325920692,0.868862061542477
5568,-0.199716162193687,0.598674095801676,0.896021058154349,0.945068371673354
5569,-0.225387831057363,0.390314774411932,0.886726132754784,0.893868249753462
5570,-0.223003314675619,0.363248533650883,0.916819259623415,0.883258680196888
5571,-0.212823859382232,0.34150518132725,0.891373479130894,0.851574180252099
5572,-0.201812190857675,0.512206588765196,0.858980918295947,0.93801520811362
5573,-0.226678536889138,1.07246794499934,0.809107316045394,0.954717228005486
5574,-0.224702501215717,1.38282339974478,0.873448062048273,0.966572100974719
5575,-0.207132080825318,0.811584303538147,0.906181447172032,0.95390504524619
5576,-0.239148368837873,0.894019364797719,0.862426979762501,0.957676108291322
5577,-0.239810309114029,2.37152154259383,0.910984194269119,0.977201763674459
5578,-0.216671631271817,1.43882571250781,0.842276089855601,0.975639461921061
5579,-0.216721124807773,1.36505767896837,0.886675673883858,0.967700645293528
5580,-0.250181253163089,1.03328956913893,0.819171185498625,0.966066976504689
5581,-0.220276523920548,1.04854756848946,1.07782703551777,0.963047399242242
5582,-0.221967261316002,0.394400533980431,1.0018403087759,0.928450758185816
5583,-0.257103039356478,0.271653861624348,0.777598487730661,0.810526461565227
5584,-0.203459131195328,0.201742067755536,0.964128345753652,0.830083478094022
5585,-0.218217554586007,0.236907082592771,0.67123044981571,0.797815253218576
5586,-0.226832785925804,0.366494852687069,1.15527482002805,0.856663502339132
5587,-0.215273823369599,0.120345122178048,0.926942622545142,0.711696357462624
5588,-0.215058640379406,0.11488507758717,0.765733265554633,0.650896155523216
5589,-0.217906178891088,0.144235083341888,0.9217635161057,0.714808640725738
5590,-0.231579213972649,0.335416791684032,0.891400769745678,0.889222583441484
5591,-0.243016030476704,0.76298610805668,0.98506332273483,0.938354880200002
5592,-0.223563653464135,0.649634531485261,0.925612295562845,0.939985249014624
5593,-0.220079567982815,0.536631524979854,0.884925130180878,0.948362551156901
5594,-0.214747463581072,0.928128960823304,0.940347231104175,0.938081315368463
5595,-0.203225423837965,0.558786188554975,0.784474931096201,0.923867577762149
5596,-0.222655146036215,0.255457632600028,0.82990737466969,0.872910937000324
5597,-0.218024282284292,0.294690875035078,1.08423394234711,0.885568476288504
5598,-0.227181932816053,0.228330834149144,0.873318371221663,0.81899944577951
5599,-0.207993363314979,0.284615007006353,0.893945524234241,0.872926684811027
5600,-0.236356359922159,0.4835943240359,0.856218033777644,0.907413406692135
5601,-0.205929724278375,0.726732752136313,0.845620816566688,0.937459649770425
5602,-0.229097089826931,0.509348678595063,1.04591076035498,0.919858903098109
5603,-0.227779872271479,0.738786042375291,0.870901306430752,0.938420176550855
5604,-0.232713479907186,1.51934157975988,0.910796971367787,0.97075369711086
5605,-0.210312133882551,0.908962400434773,0.887078860446214,0.952378584470239
5606,-0.194325938262931,0.623037341615687,0.886333906869469,0.954255769859065
5607,-0.226637142302417,0.32655885200284,0.900710664305949,0.861550754420108
5608,-0.203460692407287,0.566719076578787,0.876874143057839,0.945620443809609
5609,-0.227443899515265,0.916623508519147,0.963173674866118,0.960002619886555
5610,-0.226580063090517,0.357502840386452,0.875554232733074,0.90385927312105
5611,-0.227158505421859,0.514787623999898,0.782461932849859,0.920276086395286
5612,-0.218987724558599,0.296733477843196,0.874277045874297,0.863542408067755
5613,-0.2354027530122,0.232435206028632,0.932769911913211,0.838963741593987
5614,-0.209678030014557,0.395845402770487,0.924735514539917,0.915317562016902
5615,-0.226836579206731,0.421038244374066,0.753730857461037,0.909101978578841
5616,-0.223012622458104,0.222309514542633,0.798653421848669,0.788948298071157
5617,-0.218107316984673,0.201085570765837,0.905604479953294,0.788067078831039
5618,-0.201871413479277,0.157056054050502,0.834292458447372,0.745404570076376
5619,-0.22400812308069,0.185440850858883,0.74047673179386,0.782755272617813
5620,-0.225634518529667,0.136942200190792,0.85444199142792,0.699836409086571
5621,-0.224966561927276,0.171545274940635,0.725384239966723,0.682140850593266
5622,-0.222625522615785,0.221598037292314,0.759025165511134,0.72817201856848
5623,-0.22130445464714,0.162639992218179,1.05886051238303,0.757948291578624
5624,-0.202756310456285,0.152297590602337,0.890460242754186,0.638569385027474
5625,-0.212766675857613,0.148142319377201,0.826286781582048,0.709453913222884
5626,-0.215558403991352,0.132427257327419,0.873860575334401,0.71500478927654
5627,-0.220788104420458,0.149131006691842,0.826780706951535,0.802504855196553
5628,-0.204558210758304,0.147396083412358,0.875054952327538,0.736761508175069
5629,-0.214305109849803,0.159457398249776,0.99502718447389,0.770833795703742
5630,-0.209407471257555,0.590464700282388,0.891592143324981,0.922931874277549
5631,-0.199997597474361,0.249143888430372,0.782376817147917,0.840640960908205
5632,-0.217028530241456,0.378717073574967,0.823512402506218,0.841286504299724
5633,-0.212861213294309,0.285915327048836,0.9489279612899,0.895024217643569
5634,-0.222845532436405,0.281203021876205,0.928865254164806,0.843352572473964
5635,-0.227541715958864,0.244737137213694,1.03616924999551,0.811208254605267
5636,-0.218443218041707,0.19626859881919,0.988066860595237,0.717739504605822
5637,-0.22959814758351,0.220893943538983,0.887141206585326,0.794950173002957
5638,-0.200601092285195,0.215954967693073,1.0037194964541,0.824127714998628
5639,-0.239248126556265,0.36307119460517,0.935470933268636,0.896497661198242
5640,-0.222704172376112,0.321364592103115,0.913334718952847,0.896458162327134
5641,-0.237755589439537,0.650998869623081,1.0046489644516,0.945397430138113
5642,-0.22688044825512,0.875131114247019,0.884875802958477,0.948322968092673
5643,-0.218087541943936,0.275741204225908,0.88229098617349,0.902910982920189
5644,-0.194923507237427,0.352775541079907,0.912531164505898,0.880041301232267
5645,-0.211509375050355,0.620700026690968,0.870952076021006,0.937539990041669
5646,-0.191620947917896,0.404196209253496,0.765428312068537,0.894490391345443
5647,-0.2171030637041,0.299380201228223,0.716009912535433,0.801216096790566
5648,-0.215016096692532,0.203794950125943,0.956304974754354,0.790012632268936
5649,-0.225513277131002,0.325973610334157,0.95035823388575,0.882258714181618
5650,-0.225225939948318,0.585199941148379,0.783368007539631,0.91705119839893
5651,-0.218245191180384,0.624690446721476,0.886210288434033,0.90588933805845
5652,-0.245284838787237,0.278492143374252,0.823110891821137,0.861101379603503
5653,-0.238027153858328,0.119407559115678,0.925567309734251,0.713406585050612
5654,-0.20786916601242,0.224072889442739,0.837699545036707,0.739221223854294
5655,-0.213400213166693,0.257773596102275,0.752641964856176,0.844338354575682
5656,-0.215162925120244,0.23971760401338,0.826734049087638,0.86694541467169
5657,-0.207638809477797,0.487149787717765,0.882529968305639,0.919707090797602
5658,-0.216502424914514,0.417326140647869,0.774822616550592,0.898330478877593
5659,-0.202526925403996,0.548489962297273,0.851900111029855,0.944842953731599
5660,-0.232032019840199,0.584530547591986,0.962040366507266,0.924200453650795
5661,-0.231507188892794,0.301519290683188,0.955698843890156,0.819921616122217
5662,-0.209906985477263,0.233170601214374,1.03636972707521,0.852230758844686
5663,-0.219188542739669,0.48501158226092,0.938154382634856,0.906430725228457
5664,-0.210778455037712,0.246222757694129,0.853306900682065,0.864761665561653
5665,-0.208445427640342,0.47198230437488,0.886597572146493,0.880041368120661
5666,-0.207137308040003,0.222556267052533,0.907089529213467,0.785688443031893
5667,-0.204935405242492,0.132246754599127,0.720240114876344,0.720546798397284
5668,-0.236147400101164,0.174469338203612,0.869635914266698,0.793438676416317
5669,-0.235817761138094,0.178301212709309,0.782170889859894,0.736582766052592
5670,-0.222235869200089,0.309005685018754,0.850517249600862,0.865620241263484
5671,-0.235623861831927,0.380945651520748,0.870083667344005,0.905936930123865
5672,-0.216187143529095,0.586314993536599,0.874091990905639,0.900518077848582
5673,-0.218899657564041,0.218932652445174,0.8435614504704,0.779234370083042
5674,-0.225809556775259,0.169130199290478,1.00076867366075,0.745268251246074
5675,-0.21152596027983,0.327679001814229,0.797925306523044,0.848533452722954
5676,-0.214563836762166,0.309033527740541,0.919572797888123,0.828899769108591
5677,-0.227140019804168,0.441217464579272,0.982901168702783,0.910434986743645
5678,-0.215731831748104,0.325318743323608,0.800972390659316,0.905989393268507
5679,-0.232422003586569,0.359998710140707,0.835266596543006,0.913194772329039
5680,-0.245672650814971,0.342294154282735,0.980006672323546,0.878780984418788
5681,-0.22820153208046,0.282135439898594,1.06836127581684,0.85513826186905
5682,-0.229487313699328,0.148705025940896,0.790420804805692,0.709183780504844
5683,-0.203405919423523,0.152193854918056,0.844247918276284,0.706779082661113
5684,-0.220755298574514,0.15661591013084,0.887876369480192,0.766807406711117
5685,-0.240159453935984,0.198906527869821,0.903347529267529,0.804909428063906
5686,-0.221394526898307,0.250941781836342,0.843832334493432,0.828838483224061
5687,-0.231289062476798,0.186932949249564,0.938351398455431,0.829276793451977
5688,-0.211178959567671,0.242206599771509,0.825108735108315,0.833706849967003
5689,-0.217813435607804,0.354496871925356,0.985935324364877,0.882137887686517
5690,-0.213373576933887,0.290315668602778,0.891125875746244,0.832238428610278
5691,-0.221646697749404,0.212966491986232,0.891238859202283,0.783235096036098
5692,-0.222796059356496,0.105626994203027,0.892471843787159,0.689128787252012
5693,-0.223861274433101,0.154783131126187,0.981597161417448,0.770524610312859
5694,-0.21467391850773,0.117495113776051,0.912839558972477,0.685657186714663
5695,-0.227888850397825,0.17931890669647,0.972696958254288,0.70849737716753
5696,-0.235368313783226,0.223631615930582,0.890538911645875,0.793836121410621
5697,-0.218047373848969,0.293101434162112,0.753957429222009,0.874582232297946
5698,-0.230779902935179,0.240276269889848,0.841349309655473,0.77822550273802
5699,-0.218403295285022,0.197417268538229,0.911229350243405,0.788888606229233
5700,-0.212582770232359,0.130996099078878,0.860997183901836,0.751363772157214
5701,-0.221971855801841,0.189569931942207,0.810790876464874,0.817720779442062
5702,-0.217896717503969,0.214539214088347,0.707717272129374,0.750196165167463
5703,-0.210217923880027,0.238774798873947,0.696822188573187,0.773447804785019
5704,-0.235363354641469,0.16201111237526,0.895869793838236,0.692183725278969
5705,-0.20251339496583,0.228998433071491,1.0774682585303,0.796060606161688
5706,-0.207788393474206,0.200996452005552,0.838722215834199,0.79562941121821
5707,-0.215389264411818,0.301244792691836,0.762913285653543,0.847304315873183
5708,-0.20601406538121,0.381306668781344,0.926114785985433,0.897966488991418
5709,-0.209773766030122,0.180918268364998,0.968076294863035,0.755207691169702
5710,-0.223755416575461,0.19141536509153,0.898491221652754,0.784293220064798
5711,-0.218705085107717,0.246066269126243,0.912565555368472,0.835132683445172
5712,-0.21561160062469,0.149077039376504,0.848259051373544,0.747709712351708
5713,-0.217187593635807,0.176320524114276,0.815326734297535,0.679905445042116
5714,-0.215842912408819,0.0930099844824744,0.823111956977225,0.598805628671244
5715,-0.196147132367885,0.191992992171584,0.877047820205972,0.753173382035615
5716,-0.240216980659365,0.459452968858322,0.911453103265536,0.914156253717867
5717,-0.216882867542794,0.136271876129613,0.754564008762166,0.674602031806079
5718,-0.218659361708897,0.202250408912315,0.875720714040298,0.75497054110235
5719,-0.218333216901872,0.295746634544033,0.793460241589439,0.877035109162694
5720,-0.212273568822669,0.191266077934738,0.976301280921445,0.833003769191417
5721,-0.197837069437164,0.172453748275741,0.935067073269792,0.784920182715988
5722,-0.223467172509606,0.225036207517195,0.83969472188398,0.831082813194193
5723,-0.217342458491302,0.291943457046968,0.964424736569548,0.846616207487973
5724,-0.196763880713014,0.429210265976046,0.915202328174305,0.911920355559296
5725,-0.216331879095732,1.37279050218032,0.770995249477853,0.967358511792707
5726,-0.236850372171861,0.535901129588057,0.828942294349261,0.924924683693555
5727,-0.234269805855576,0.34698648006364,0.908257270724922,0.905253817725331
5728,-0.233608164437672,0.953549885261845,0.699543729158444,0.952593263909815
5729,-0.248206341376866,0.413769087874075,0.691565420174213,0.871324988414785
5730,-0.207377912080829,0.276591382255032,1.08498909050305,0.780207029949427
5731,-0.212031194642495,0.453963665169592,0.819715682966688,0.884600593923151
5732,-0.205250355931711,0.543646500306109,0.907205978089005,0.914683111389567
5733,-0.222552847304625,0.638692018451885,0.88102046275053,0.926542536016141
5734,-0.226758771392264,0.395324975997752,1.14792947042514,0.917181942237834
5735,-0.192207363482559,0.474680312105653,0.922190467145902,0.910540434566677
5736,-0.21973451085518,0.33642811614333,0.890534950390783,0.894694318365207
5737,-0.234957051392077,0.225529942955717,0.901393621454159,0.840476614533114
5738,-0.228937656124759,0.161045243667593,0.812277820262181,0.749695599639652
5739,-0.214555269407231,0.232236249822505,0.834051498346291,0.843491066317088
5740,-0.237100876608628,0.205488033739142,0.602743306149959,0.709894970468066
5741,-0.221988178963955,0.165951000603376,0.950875466174365,0.764023378858908
5742,-0.236099879505105,0.150201011824021,1.01294532188542,0.752406254124658
5743,-0.198640477206009,0.246346604076793,0.885713560019272,0.801047919930083
5744,-0.207463553217032,0.260903631690763,0.883951579070326,0.787976133177847
5745,-0.239646856633184,0.165754860733998,1.08082812419753,0.659668231191805
5746,-0.209528760627381,0.41317606476245,1.03113448344285,0.907735679873413
5747,-0.205645105549317,0.828539644876381,0.735383626839976,0.95082468318427
5748,-0.230515414853679,0.427238043377595,0.949042697620987,0.919639587970105
5749,-0.227436591470171,0.189911554009711,0.964908177858046,0.770634041673985
5750,-0.241512855961412,0.297605445479382,0.912702768531653,0.861412726638485
5751,-0.203424471048994,0.241044983292529,0.8852921601554,0.840030843289026
5752,-0.206515978447681,0.303294179178907,0.755620225569324,0.855882843543854
5753,-0.22149693077231,0.121765152895302,1.06348203648996,0.717247935733735
5754,-0.221953449373301,0.254218018644191,0.846945522916592,0.843551359107335
5755,-0.211257997368676,0.383322139081237,0.915853015446245,0.876536422160309
5756,-0.220282427446721,0.314900246033681,0.812841743554953,0.85563125679604
5757,-0.206298435152683,0.335549894599629,0.918176770339589,0.885442140701386
5758,-0.204657215512347,0.627918167307247,0.990765315207332,0.937315030819245
5759,-0.206295639742106,0.27713066161662,1.03247890056047,0.876344526192671
5760,-0.212843639362314,0.326324291895796,0.722506706514546,0.864954596240437
5761,-0.198884251471803,0.307716030242654,0.752148314275874,0.87124165278285
5762,-0.217205969477661,0.533948664128188,0.711852237411342,0.931005024364726
5763,-0.22325422510966,0.594576206566441,1.08141032092518,0.933920145738849
5764,-0.240843301008748,0.484400293977778,0.714072949952214,0.878933967407715
5765,-0.221364573070468,0.427729372798427,0.714042191650042,0.9055889731691
5766,-0.224998392613522,0.409286894393235,0.844125113259669,0.911470474526752
5767,-0.206784876440048,0.186017609366484,1.05327674732289,0.79360487652546
5768,-0.207578361101626,0.426668097444403,1.06966412699013,0.897574794702851
5769,-0.215607456834524,0.410158640333387,0.859028012439679,0.890070324921492
5770,-0.219959904748335,0.202458836876694,0.972299134739728,0.838908489643712
5771,-0.217702846053754,0.306990961750279,0.900436966558857,0.860000403303865
5772,-0.217367552645281,0.261982182053238,0.965008331499362,0.789925811813381
5773,-0.235450864436801,0.237162732502819,0.759275746879767,0.810746901864903
5774,-0.242978579905082,0.266220745306417,0.896534224479327,0.808717572493871
5775,-0.228371398318771,0.185223649087688,0.70871127297728,0.670050006287201
5776,-0.236676763354342,0.158606204574548,0.763752797441039,0.76811043204155
5777,-0.230226704355702,0.143815520595073,0.910698544069706,0.648631165677464
5778,-0.224630679010043,0.213495720216168,0.77067019858687,0.80915745411132
5779,-0.21576008003093,0.222014043591721,0.902784941400734,0.737780699430746
5780,-0.218242957734889,0.112814741053157,0.910191522149474,0.725740392488597
5781,-0.209221578655692,0.137352924095425,0.949941883424567,0.712948390885446
5782,-0.201560197444579,0.163573421684441,0.752365694604809,0.665392393402731
5783,-0.240792626269457,0.145601702693828,0.848200503426689,0.707497370287773
5784,-0.227778053274834,0.257016745257576,0.801927846448398,0.805732003998981
5785,-0.233357452154684,0.245088706305806,0.843497720650702,0.825598628961776
5786,-0.201444506432621,0.365388582868345,1.05765192593831,0.878867983568243
5787,-0.22584220362729,0.499282591680175,0.901477085169186,0.931438772379764
5788,-0.223586395264476,0.98274677258891,0.85278316067652,0.945383056322646
5789,-0.238819357100392,0.494792506554724,0.845992380156602,0.930790329850929
5790,-0.222747682668181,0.175277052388057,0.873176384656196,0.769255850137905
5791,-0.229281935869633,0.238065327547124,0.813955700839897,0.821273384441112
5792,-0.235331500497239,0.344064047318282,0.986160052542842,0.87783840350027
5793,-0.20056943363505,0.320480786965779,0.772047069329888,0.883522004244958
5794,-0.219135477762279,0.280785143725347,0.905138498971487,0.830395817048795
5795,-0.238953812438055,0.333313009572619,0.772957890524073,0.861397226690155
5796,-0.22644852981028,0.157261268084523,0.875217317435113,0.769847755264545
5797,-0.2258083671274,0.139114168408056,0.834104999865824,0.675776232496908
5798,-0.210404367845588,0.303130214765708,0.868666990830851,0.835242961337181
5799,-0.221902588915722,0.183093707904519,0.879413306313109,0.756296018444412
5800,-0.209306557430839,0.27168058088002,1.08283238490496,0.851483481711427
5801,-0.212822473145376,0.341577765593759,0.863301491735641,0.844284903408
5802,-0.220650916909987,0.311723691321395,0.891010065310193,0.844494378139446
5803,-0.195440805621672,0.133786362530102,0.763526934656556,0.690256301371707
5804,-0.200258785653917,0.169154799042865,0.896721494220758,0.794360864293962
5805,-0.211683012113281,0.196175582737332,0.89282021769804,0.782488479018277
5806,-0.217530572968888,0.397713012283171,0.722556862232138,0.889215321456181
5807,-0.21137729879274,0.322943384266242,0.921167341853131,0.827332634000702
5808,-0.222847030407718,0.169223984859629,0.939591285398497,0.738717949292421
5809,-0.225981343443432,0.307309885167778,0.895263223602336,0.870719584757944
5810,-0.201701773768956,0.164606166080042,0.94883070376543,0.755187454791921
5811,-0.230283399151168,0.196510450092079,0.762949355322335,0.780506980962373
5812,-0.199957124294324,0.263483075978761,0.749249717935698,0.782946666451645
5813,-0.221303335633205,0.419342422982978,0.820824074145752,0.900377632699876
5814,-0.203857501965094,0.262674123659072,0.952377562614437,0.802209975461578
5815,-0.233854421349773,0.189123948703747,0.835117604389951,0.769387920685662
5816,-0.212674623295854,0.165725246374745,0.876068588064217,0.576037973262714
5817,-0.211556938046535,0.147318159651265,1.07838623060067,0.707717846052787
5818,-0.212142205411439,0.165042105220858,0.785611512324422,0.598995000474507
5819,-0.229495496642549,0.222190462345271,0.910763916955283,0.804691815032201
5820,-0.229720071718827,0.151005839562926,0.768300080882069,0.547035470215112
5821,-0.208403097041387,0.131243268057707,0.723845477145775,0.648044692342573
5822,-0.22160865477991,0.134057825772599,0.899556090439326,0.709574611140218
5823,-0.241501773915548,0.22585444374988,0.84374757901793,0.831962916465988
5824,-0.218133736261869,0.392888604252322,0.860659168499862,0.887435627337316
5825,-0.226751892394586,0.277867928734375,0.997599255150081,0.866631466122152
5826,-0.217435228068904,0.179694204649043,0.753391477047635,0.729186311922215
5827,-0.214786267777584,0.139521010614378,0.964031863524807,0.566482298127072
5828,-0.229305482334709,0.188056420429768,0.874836559726861,0.75956420268401
5829,-0.21264053451453,0.241399155233198,1.04688560313503,0.78061236938571
5830,-0.202813786133549,0.253981795020636,0.810483208009548,0.812068767963891
5831,-0.210173951374391,0.423424289693375,0.956539943173742,0.861243179145915
5832,-0.229904611322589,0.228571674354183,0.730161040744215,0.755140056404549
5833,-0.219683376729799,0.673529560324173,0.740714865867587,0.930382450190675
5834,-0.226692353136846,1.07066525854998,0.860843389946572,0.963341710796116
5835,-0.207302109975001,1.25041128597964,1.03565015777416,0.974615190704843
5836,-0.222205826335761,1.37181175893877,0.827250547729104,0.966855995306753
5837,-0.210341236102722,1.15530779406413,0.993569387171508,0.968003096410017
5838,-0.207769360965914,0.549484078522307,0.830621413370892,0.927776205344562
5839,-0.215914015385729,0.726599645355118,0.982860778755824,0.956600411778093
5840,-0.217059842563071,0.652547451382213,1.00327886569736,0.943605555855592
5841,-0.23206687439992,0.694526627991817,0.85708352778759,0.943991352655044
5842,-0.205927553426187,1.67769282889063,0.842132464077626,0.974453912319705
5843,-0.206854037489143,0.887375099288617,0.919869751126504,0.961234915956405
5844,-0.222777184898498,0.954832427054784,0.854098145923284,0.9506618679388
5845,-0.243897248729387,0.262239519722317,0.763251389489158,0.800231673207441
5846,-0.230414151128731,0.214911757798985,0.900706330637647,0.778192495758243
5847,-0.221142708843204,0.186596701196856,0.703989237813033,0.729264844516815
5848,-0.217276001014926,0.15908809636519,0.834335301659805,0.677210831485911
5849,-0.227600844147871,0.152048279500314,0.86912433802275,0.616346328715917
5850,-0.23176526123897,0.202906187646917,0.92080926600557,0.76288283864103
5851,-0.234869795666596,0.176174870881463,0.913693167018393,0.764017796769545
5852,-0.216761449076197,0.288649772704781,0.87721811324742,0.856119950128322
5853,-0.22897411884812,1.21165659568731,0.827049624898406,0.964327591967207
5854,-0.219738452005753,1.00946050223339,0.914397998990532,0.968111727886562
5855,-0.212155340309135,0.493150824774817,0.910943808392716,0.916972533538695
5856,-0.218029914916806,0.243802414392664,0.710892124826236,0.821032146750399
5857,-0.223299261279534,0.209424248246354,0.725747639612866,0.722090661674287
5858,-0.207097830500023,0.301154145079867,0.868699608489648,0.877074980612192
5859,-0.202114228660245,0.379406209627808,0.869181157870683,0.859594701434185
5860,-0.2039010642996,0.194284870734533,0.869003142944203,0.772207896324308
5861,-0.205383810490106,0.250374160954413,0.898956083274815,0.868902102632077
5862,-0.221119660490266,0.330019039731233,0.852309423430112,0.87097805550129
5863,-0.229021868407806,0.321846849676581,0.92578821896617,0.885884883067413
5864,-0.225095629342877,0.338262959326521,0.897455714297816,0.908114364468215
5865,-0.225241798789904,0.269486383631112,0.826669755512347,0.82358793143555
5866,-0.21006262081633,0.186273497919833,0.890107426923198,0.790568168326635
5867,-0.213642436131179,0.147664538551914,1.04755175579213,0.794902203953316
5868,-0.196996262020766,0.357523241508162,1.05336540358931,0.882514641106797
5869,-0.222444577819143,0.276981752847655,0.953809460335839,0.84812832383538
5870,-0.227722637743126,0.164488128196181,0.781243856876426,0.735291775118616
5871,-0.233593858081865,0.257054468473795,0.736599607550213,0.857896944996057
5872,-0.224766563436058,0.189871193059226,0.886536981832727,0.770527719333099
5873,-0.208885824686321,0.132457444375514,0.859350837182229,0.772741689432051
5874,-0.225399838911588,0.175633486325824,0.948479781169237,0.777994332533251
5875,-0.212789443947143,0.237339406287134,0.822805071267679,0.815618491826034
5876,-0.216464620308362,0.321521644474887,0.892557315708629,0.852136302412175
5877,-0.221443737884206,0.234074133366599,0.911057369562782,0.798937864919117
5878,-0.239419080524335,0.183827823264941,0.905614081917193,0.780832562069548
5879,-0.229316096853045,0.166660004687904,0.849920931037352,0.695955622001788
5880,-0.203807207857918,0.178793715666252,1.06693217202073,0.739878438475568
5881,-0.220278385069517,0.288793527904717,0.815505284111513,0.883118151951222
5882,-0.219273365276623,0.558014731265639,0.927929150750081,0.921637510935397
5883,-0.2303276517426,0.723048783840643,0.881747184805723,0.934929581424258
5884,-0.213995133569786,0.471195519603314,0.891911613920957,0.907098225081442
5885,-0.212972060345972,0.157050647528061,0.876103503833989,0.76022273838343
5886,-0.216643946272413,0.314090620395005,0.688335567768407,0.794260345114294
5887,-0.231014003066747,0.287132784170445,0.841510178885022,0.866247279779411
5888,-0.227379482829268,0.213145122432547,0.795635721973698,0.727159975820891
5889,-0.224702070568707,0.405910278494668,0.835637478360273,0.891455976152083
5890,-0.221645807602059,0.254403963332958,0.774822411045549,0.840309267570053
5891,-0.221447214838244,0.250843943303386,0.744105235573526,0.834865087849277
5892,-0.199913473934127,0.288174208135142,0.917016693771194,0.870561980996815
5893,-0.213566479653113,0.594693340076644,0.892875895099515,0.937081962789459
5894,-0.224409157329033,0.438624109072963,0.794669827542977,0.884457732494025
5895,-0.217532252917287,0.221841222802696,0.879677396545147,0.842789495000804
5896,-0.237076270327511,0.304595121416424,0.906713315639899,0.901893479721925
5897,-0.20804783987391,0.481448759750753,0.921225654790765,0.903673699151203
5898,-0.210130377287507,0.439429183613383,0.918895099197562,0.898973521072472
5899,-0.214779430361101,0.212026467840797,1.06624552272973,0.856418750084122
5900,-0.223791100119389,0.239145890022829,0.864380298228881,0.810191557626957
5901,-0.218808865174482,0.210737343173653,0.851028733890224,0.815696044502861
5902,-0.232502408911588,0.233285752205773,0.869104910237668,0.871193615355713
5903,-0.215720160680615,0.211046541637839,1.02499014047859,0.836325502408296
5904,-0.229902634091125,0.651905384527523,1.07654500553036,0.940109813241703
5905,-0.225897121898337,0.755385556467281,0.855840740455555,0.953303721466693
5906,-0.226301309586288,0.999999455381594,0.883554980761861,0.946925044276161
5907,-0.200778629343039,0.682803387981932,1.02905226827283,0.945500444356571
5908,-0.225985200910832,0.321985333904217,0.868839890253271,0.859198604426692
5909,-0.223794082733599,0.314669502669009,0.910699991419388,0.886156534588783
5910,-0.211039254154808,0.268651598574819,0.963215216761728,0.876385049590267
5911,-0.212807984296766,0.156766057752022,0.946796927877494,0.740944717217192
5912,-0.219943109373583,0.213824044406322,0.785364064051509,0.800731046200057
5913,-0.217640199259582,0.238960395045573,0.982045262829957,0.817509194696569
5914,-0.233106858800966,0.157416969360692,0.723458498878798,0.729620465073973
5915,-0.210930660048014,0.165017444394234,0.861106566454478,0.736914297398775
5916,-0.220672035828382,0.15447467597591,0.798301775890094,0.705125945250453
5917,-0.227047180311354,0.138235439249927,0.719461097613807,0.646301184130205
5918,-0.235658342509908,0.221447006202988,0.702299588364663,0.781896424766908
5919,-0.202899514863411,0.212111741657407,0.863059011427721,0.821198157461568
5920,-0.231449088368471,0.372808557954271,0.790868500491642,0.857568653207802
5921,-0.218876888309805,0.15914300155607,0.856273159703617,0.744767675257649
5922,-0.210081630524489,0.417146497423711,1.13727590718326,0.863507272427584
5923,-0.231401697647931,0.247615667509344,0.877505167877877,0.851730305125539
5924,-0.23885143475454,0.362558513485755,0.871757055046363,0.907672731024361
5925,-0.218505174998739,0.361522993037647,0.92344799677239,0.894777487591776
5926,-0.21180405248741,0.404117486437491,0.791158814215422,0.893646980199153
5927,-0.221964309838561,0.421577458091149,0.92011945110565,0.873557784150211
5928,-0.239862091868027,0.352341813045791,0.803074636482014,0.848318264560639
5929,-0.22211715437699,0.36498552190165,0.806008366418922,0.871403579365567
5930,-0.228924403447314,0.492502702116538,0.724401300455161,0.906601451105371
5931,-0.226250362938005,0.7971573056296,0.944569902324616,0.924335553472797
5932,-0.226715554326739,0.475399044243507,0.875302231520712,0.911539332413385
5933,-0.211663918683623,0.36381192588941,1.04819227605923,0.889859694483015
5934,-0.212705904817327,0.20509345529653,0.839907123626283,0.785100605571857
5935,-0.20503952474634,0.134018336092018,1.03247131215161,0.65790346458088
5936,-0.249629261391747,0.1852171844954,0.862711652082826,0.784007009491626
5937,-0.225687485662867,0.382635709128137,0.91483060527994,0.897344256189834
5938,-0.237310306742512,1.13267062520393,0.871404165001158,0.963636763649577
5939,-0.213133094497262,0.797035848502557,0.844437153944644,0.933707041691729
5940,-0.238352614367794,0.674312058712086,1.05113431422963,0.945143431734479
5941,-0.219999582758774,0.394649435797143,1.08172138162726,0.913725076264805
5942,-0.211719470245438,0.49675701658288,0.910330868252405,0.930778189439131
5943,-0.208906829345765,0.344980821763744,0.835032580717435,0.864062274507001
5944,-0.21296170588658,0.295159783384463,0.796436975931471,0.831771847198943
5945,-0.207725141510522,0.486027365284845,1.08926943016325,0.911933047065964
5946,-0.222178776212621,0.482693711101773,0.899584522479988,0.919899302628685
5947,-0.217506445125323,0.193894719455062,0.878320000776091,0.788168358335399
5948,-0.212994222102163,0.23844592796004,0.841800873297771,0.793852517512979
5949,-0.213241229421835,0.192908048498603,0.885251043567089,0.698550159146333
5950,-0.214445809225897,0.138444331197311,0.831595007027047,0.743819343329112
5951,-0.212851503004141,0.16594016593792,0.860780256204548,0.814070715097319
5952,-0.208686722672885,0.31962882534602,0.991332302286634,0.823753141491391
5953,-0.21643655592236,0.355014029200858,1.14471213463956,0.870208870396767
5954,-0.212525635817149,0.3348682019241,1.00558403203727,0.873076978905831
5955,-0.220681601787136,0.488419357000789,0.874843279240749,0.920047778245787
5956,-0.223502219397298,0.471851210582993,0.85729919186481,0.890626751089927
5957,-0.218015524264418,0.231307967600925,0.820202545495351,0.842587292466186
5958,-0.202206027919503,0.15057105726184,0.870694884741059,0.768610059874331
5959,-0.224935688834391,0.378579653038372,0.939999992143011,0.909117132803492
5960,-0.228762869826182,0.225388726688392,0.959371954427205,0.834885407442581
5961,-0.223171162491388,0.569277543719079,0.970033868521483,0.935054898445851
5962,-0.206904845611529,0.312404054124639,0.78728511088894,0.849809059672697
5963,-0.242609315847281,0.149013130574115,0.905804748062419,0.779022280901676
5964,-0.233051685572317,0.288449885592844,1.0498148956404,0.845397539073468
5965,-0.216321047592443,0.486043062714483,0.74196795409087,0.909947501214855
5966,-0.232117407902646,0.344914263152999,0.872888458596394,0.837910674693139
5967,-0.211565372495047,0.342240725105969,0.774850555595797,0.885476489489361
5968,-0.217571908895105,0.233883239307064,0.921470271384709,0.810034859829897
5969,-0.228903873054726,0.176346539597653,0.778375123771788,0.750745423787382
5970,-0.222997382887033,0.201052969110343,0.738193106568128,0.817345538221147
5971,-0.220548159207376,0.224695937240272,1.06019732365308,0.827221568779813
5972,-0.229681586814991,0.124874231028536,0.809225670638307,0.632553401019397
5973,-0.223759561857071,0.248089729605409,0.835135694022211,0.82758716704257
5974,-0.203610741117839,0.351185506352986,0.819187990638384,0.863110792619403
5975,-0.221207235356167,0.232516685210753,0.86262428656278,0.888723845314234
5976,-0.217398681022333,0.163113220602353,0.753558520400977,0.795087107315436
5977,-0.229403691920199,0.171948208293381,0.94368234462666,0.679552627391192
5978,-0.212320952134904,0.119042562120216,0.684434928821538,0.604604849646494
5979,-0.226265042621232,0.108302213397261,0.85389267107223,0.704034429108305
5980,-0.225709227826258,0.166112990232105,1.08338182531196,0.747306007234795
5981,-0.212141503782194,0.306259580529936,0.870804968322613,0.873137475871507
5982,-0.217635817514327,0.377134093059958,1.03206199019232,0.884450817220605
5983,-0.212866536095545,1.26701431950384,0.9208993833119,0.9661179874043
5984,-0.233549474610287,0.999292373021548,0.863828563267211,0.959226623777817
5985,-0.2186839661948,0.276239573489129,0.893377328112628,0.91022396027014
5986,-0.230054809091085,0.38464202357861,0.922666809087792,0.886734199162999
5987,-0.212746209295193,0.230235048053114,0.886008905872775,0.836252978947804
5988,-0.223776844987066,0.217282325378527,0.786327506666669,0.802764171195237
5989,-0.222665070645552,0.507124637090421,0.694300487267531,0.907719884079265
5990,-0.218494000586987,0.560132128218312,0.89571621106942,0.941562981451678
5991,-0.219828886089293,1.22704060854454,0.822613675491188,0.959495903970262
5992,-0.227097405241891,1.14092828144275,0.793499425359334,0.955391351244082
5993,-0.21187929615439,0.994546475893804,0.870900458130833,0.966943803283854
5994,-0.210831437043266,0.97860638987494,0.907081254939737,0.961007406190238
5995,-0.216484185405808,1.44756257080283,0.881739858500447,0.96866188418972
5996,-0.218372856250807,0.832330580569857,0.799558605898519,0.958974964957368
5997,-0.232948424792876,0.877430460585101,0.891441270572421,0.952924866885216
5998,-0.215658041265297,0.951413589739499,0.881633618602372,0.953158943530513
5999,-0.23074620984366,0.417352507150912,1.07740945519183,0.919045094580677
6000,-0.2257000593333,1.04225160000013,0.893961533145077,0.95559369566686
6001,-0.235798710542111,1.17352214592428,0.962844373237595,0.962411686102256
6002,-0.220900217578975,0.91806839333245,0.892015217141936,0.94683191289345
6003,-0.241204264657832,0.556850722483279,0.869382137694743,0.921815268996295
6004,-0.199126270500846,0.584824091050528,1.00407596482658,0.936543285262419
6005,-0.220609518066147,0.48224874393762,0.893995864524214,0.920070981575739
6006,-0.235896153626354,1.405550546148,0.877251514145136,0.959538854853299
6007,-0.230000086283311,0.877154757625601,0.869099947615929,0.953099449946277
6008,-0.224403807529024,0.357504751235167,0.855130140886031,0.890343609811254
6009,-0.218417100923417,0.431034083905644,0.851535891626136,0.903924098099707
6010,-0.220333991876441,0.375996283675731,0.894969376822241,0.921090891064058
6011,-0.19563909805324,0.522124554897153,0.896481080951987,0.928290076639273
6012,-0.199452391863028,0.366645496067611,0.995025703813425,0.859406756159924
6013,-0.196812122830171,0.179982021172962,0.886225442959458,0.812194820839675
6014,-0.228586515441515,0.391610533772891,0.891737691523633,0.873816319292025
6015,-0.227575704100809,0.350928952888163,0.890081831252658,0.869028387424913
6016,-0.226357209490006,0.254498785608164,0.90506338382215,0.860318451154891
6017,-0.24070039626921,0.115135662665933,0.753277868950562,0.597860086982759
6018,-0.212713381365193,0.140886788891809,0.919649209592503,0.791836653436517
6019,-0.217372611965696,0.439365651184861,1.05394735399851,0.889872134716372
6020,-0.222202760372632,0.451074755051883,0.77219275121935,0.919927304802616
6021,-0.232587525683641,0.319034931523283,0.920032640628732,0.860340662663341
6022,-0.223147990966216,0.294359130974126,0.738650078264286,0.796762418423923
6023,-0.22074205407676,0.190299385092654,0.845307136477978,0.6926492131029
6024,-0.208055459711666,0.153659924203154,0.829812118581117,0.792549253889929
6025,-0.200590725832229,0.191347323910369,0.897866857914437,0.803952174471953
6026,-0.217321307059161,0.2351822134187,0.891343413378954,0.831596941633512
6027,-0.222022770678315,0.321356870479505,1.0470561424918,0.893489122449643
6028,-0.226362514253094,0.223243136988443,1.00705911107243,0.820091226812516
6029,-0.222696492816454,0.177466901141982,0.883193075375723,0.758437395319425
6030,-0.204177573021609,0.173191357479518,0.847801352043177,0.711270847396926
6031,-0.219362318922981,0.255889079927335,0.757874791027338,0.822293392548818
6032,-0.239750365631964,0.226798740530789,0.914847881525997,0.807499494672443
6033,-0.243402340857513,0.191991884042299,0.927478232609343,0.742102133885587
6034,-0.222138631494722,0.119593263847727,0.692140549872887,0.494255299475023
6035,-0.231311008552948,0.122327475152384,0.784756434464634,0.613301906862952
6036,-0.21380665371321,0.0873105060111759,0.873920949495717,0.547367004245366
6037,-0.20638053749091,0.167994137509489,0.910046561539363,0.786722872173158
6038,-0.216039160021572,0.180439453752747,0.730442548478366,0.767553012666971
6039,-0.217647449914803,0.239773687156627,0.980867947238017,0.823059065335156
6040,-0.226826267158062,0.252299621344097,0.869302573414026,0.841656713692555
6041,-0.225536718240437,0.250347092398851,1.00377465553239,0.860581098823883
6042,-0.216960835085188,0.300769720845475,0.663045794189817,0.851631174075479
6043,-0.207319303265873,0.264927344441573,0.85077782326868,0.82055183169939
6044,-0.217470421139302,0.185513007272775,0.896154007819929,0.802933742974518
6045,-0.221558355637298,0.114547903201463,0.846709487638919,0.499431037501508
6046,-0.205688341840813,0.120249405082662,1.05157307991839,0.525523122319634
6047,-0.210325176163828,0.153915182512884,0.754112422030526,0.598642693244923
6048,-0.218805438999123,0.110395873687504,0.708007905751811,0.537308151072135
6049,-0.215831361284121,0.154467654596028,0.827681515036186,0.732634213352906
6050,-0.222843489267487,0.23204604212674,0.78899167279584,0.796671246833511
6051,-0.213876224659737,0.332668536318351,0.818597092528714,0.805489948495998
6052,-0.218222540029867,0.226240515700007,0.752764213456703,0.779660519684329
6053,-0.211821432916996,0.299560633460228,1.0404004948014,0.825653866647917
6054,-0.214323897002971,0.317018743044197,1.02102842236131,0.833591799057751
6055,-0.21620127076164,0.239534523833203,0.859149034535486,0.865581711172845
6056,-0.213529054433273,0.355645992105787,0.799863316124989,0.856801864959718
6057,-0.212591381143492,0.269065507507139,0.825914825348265,0.86992859090287
6058,-0.219916146752863,0.132861499760301,0.813451080701931,0.723738458102758
6059,-0.210044383356271,0.171098292170085,0.787269294086215,0.780040431417006
6060,-0.221841341128309,0.22585189113776,0.795682704566306,0.778154853787099
6061,-0.22387724277778,0.2773560262549,0.753339080054826,0.812597597912698
6062,-0.203683262361369,0.199558620525168,0.779027666886202,0.82072769935605
6063,-0.216048281213285,0.224830917874635,1.05255063680246,0.836641397116038
6064,-0.21745387217658,0.353424068177527,0.918891215404178,0.87443256632561
6065,-0.218223031188214,0.650079641273689,0.858535404963503,0.939673611366804
6066,-0.217550959762608,0.151890570169371,0.860661157241715,0.832297951199023
6067,-0.221685575632269,0.471380121334463,0.907237623617645,0.907441047782577
6068,-0.230557329782914,0.264248000600951,1.02547986975936,0.861460428974472
6069,-0.219354781719093,0.27405528663069,1.01525477595775,0.859686774152755
6070,-0.23796896338355,0.569916539213782,0.793404962659463,0.935905902867548
6071,-0.234494810452022,0.62746631607426,0.858344110041331,0.940757741844329
6072,-0.227655433251241,0.941991457458352,0.924678818836556,0.953130102652498
6073,-0.221748505078076,0.53165365081905,0.925990390768812,0.923021743051275
6074,-0.229484226325182,0.385396541946634,0.867760017927556,0.916257950553254
6075,-0.210093602469935,0.444179836830098,0.810959782744858,0.921308133093124
6076,-0.23480324573661,0.335309176547396,0.934027434655707,0.843538053559113
6077,-0.215377317036591,0.21247803686159,0.801290664066173,0.82169605636731
6078,-0.24476042332843,0.204112641561589,0.749745159816859,0.790968588195356
6079,-0.204405754623634,0.276858042068245,0.939573815629841,0.846919809597475
6080,-0.225319855242752,0.223675090179073,0.772527356783898,0.826620699051363
6081,-0.228266598660972,0.44519406302209,0.90916269970911,0.93298304252527
6082,-0.213365269284196,0.396617429779957,1.03713475696395,0.896662660426586
6083,-0.211252739763393,0.549463946258217,0.91515687182272,0.921798361344102
6084,-0.220143433858836,0.470905460865679,1.08838345271947,0.912118303395584
6085,-0.249863384127042,0.46802621659439,1.08967731498292,0.916867261364506
6086,-0.236151858691196,0.220967314961948,0.914938313384457,0.818983798795784
6087,-0.235324109016153,0.254187526904139,0.926452994126897,0.823254119184289
6088,-0.220794846650655,0.213376815355337,0.891777700336,0.760520781294489
6089,-0.212633868823381,0.193902433875346,0.768550198701405,0.79030635630836
6090,-0.230955760682631,0.33122290852795,0.722024579244683,0.774014785938347
6091,-0.249540482262633,0.276978381137882,0.666762678478967,0.81858697533766
6092,-0.21839720110101,0.27162611724468,0.824635230233642,0.819847862726753
6093,-0.212446011303531,0.259257907518403,0.888045277521984,0.843631527711938
6094,-0.249360217159624,0.35200682371527,0.835013150980147,0.885745768219578
6095,-0.217554588525921,0.171643311589251,0.953409219533009,0.74534064614318
6096,-0.219507241606332,0.111865745416747,0.740663104307431,0.588673562699577
6097,-0.220558412736768,0.112686894951489,0.746922827289301,0.617555744906246
6098,-0.214901837466429,0.149421712968876,0.724781905318711,0.735236823059983
6099,-0.216849876346202,0.153683599083841,0.891794855887623,0.714553450933691
6100,-0.202732280902993,0.172834027637133,0.872146690681056,0.775357592938072
6101,-0.207347393877674,0.435141681044831,0.899902433921416,0.918903118821558
6102,-0.219150117656468,0.221837037608818,0.889949571735596,0.85254318077562
6103,-0.220311378753293,0.482949663813035,0.972549975007241,0.903637281948558
6104,-0.217625319091739,0.287304837982439,0.893192731871953,0.862263409251598
6105,-0.213282176908784,0.15142266270648,0.892984370816225,0.780503767668385
6106,-0.213610563572712,0.255126840773972,0.86079431854042,0.830315039464642
6107,-0.216549943856591,0.179877071041496,0.848484994490218,0.809372247386336
6108,-0.220471822141882,0.245946651166006,0.767653705896353,0.815649479536229
6109,-0.21312435370829,0.224297912032574,0.910275005997043,0.741417812799401
6110,-0.234402084727821,0.226428735087565,1.02506148815567,0.81141424650129
6111,-0.236612003598051,0.306902496498176,0.856327350714697,0.854648088890989
6112,-0.233420535229863,0.327100345502023,0.704594356652177,0.839561965850969
6113,-0.223698472693576,0.307286423608996,0.757974820834027,0.863090182591946
6114,-0.218570525848954,0.221746314469272,0.930203142189904,0.839462012391548
6115,-0.224635559782441,0.481632901531695,0.848538703391917,0.911511172500101
6116,-0.205664317518731,0.830958424288633,0.83410307774634,0.944988831229358
6117,-0.236621546871467,0.673811730615221,0.877036582845674,0.922903730719298
6118,-0.218414273155998,0.817907357895862,0.925455334135976,0.925208110421128
6119,-0.233181884472322,0.456832656577162,1.0042421648198,0.887186452287255
6120,-0.210224533923897,0.299621614949101,0.850373644670078,0.877128047102164
6121,-0.217754241419275,0.168631327754866,0.885402504198385,0.780610626399686
6122,-0.218424679301292,0.237214248117014,0.849752136757426,0.812532177272836
6123,-0.212578955055148,0.179746288328437,0.809582051076644,0.789133745772184
6124,-0.214845395505699,0.21868276955673,0.959319015122167,0.818145423223329
6125,-0.212950165624081,0.252175840773368,0.760574140622458,0.834213889176632
6126,-0.232928939270966,0.301561812632724,0.749660374847112,0.872845653542696
6127,-0.234998155165305,0.366787046185518,0.764563777200644,0.847802541241577
6128,-0.234882102177818,0.446219940176668,0.712318411489759,0.874564659862922
6129,-0.222708704309076,0.182590657043322,0.935915499367117,0.735947377831698
6130,-0.22935801285953,0.423662451284845,0.924498769428977,0.839554273921626
6131,-0.232787183042542,0.357066053233956,0.817254802458386,0.831297083924988
6132,-0.225949441133033,0.251372853866306,0.843178283620527,0.826856466286506
6133,-0.233262547836682,0.360859031585987,0.861992344215217,0.871557309836369
6134,-0.21881011423995,0.515447585328676,0.84804993395044,0.921887822124336
6135,-0.227829479163421,0.596709351019677,0.926616642777144,0.928897624531166
6136,-0.230193754062925,1.46449100966637,0.754799008203757,0.968568400935336
6137,-0.213626419660501,1.0635326225023,0.914053992274228,0.971960932574655
6138,-0.232675538925992,3.30943888082958,0.750752428726308,0.987490548080739
6139,-0.214712777381873,3.55299201967682,0.856323914552845,0.990732395430579
6140,-0.213627052622277,4.79039160744406,0.929443294335103,0.990069165133036
6141,-0.200565986621805,1.66833911318594,0.877933471224612,0.983313836702388
6142,-0.218742045675658,1.4456478029149,0.981804398629581,0.970607825233947
6143,-0.221491663655679,0.756741432253858,0.976172337359051,0.932393082479661
6144,-0.218153734315564,1.61726286884782,0.853857035472013,0.968585259795706
6145,-0.213309690809533,1.99875735465237,0.916299167652405,0.972364651051592
6146,-0.215887726655277,1.32688662522807,0.897949276553229,0.968024044899548
6147,-0.22056730949407,0.752416432910373,0.834874862934623,0.95362840034328
6148,-0.20712327382777,0.525753953593399,1.01756865207191,0.925446599018808
6149,-0.215871499920835,0.390525527034557,0.906950834371082,0.869914622488802
6150,-0.202277771511298,0.573343841545783,0.911691973983107,0.939482087494774
6151,-0.208940310146318,0.215444127122,0.896989579140057,0.790253865061131
6152,-0.224532510303525,0.138773332511804,0.899121358478581,0.689308633854519
6153,-0.222717014781582,0.478465817348652,0.926014046665034,0.910770277739058
6154,-0.220504282652281,0.37322793975006,0.906069893181403,0.878278253121728
6155,-0.211257335119695,0.40501125189839,0.856334493151807,0.87940152116505
6156,-0.223629202357698,0.39050340433018,0.822887789747001,0.886053924058845
6157,-0.231098373671262,0.512829481123786,0.963669753811708,0.913181686121403
6158,-0.196416981674263,0.243144059940412,0.837782180804207,0.843700306171606
6159,-0.213487024761203,0.238369338615311,0.989578125129148,0.815095916102092
6160,-0.22388420969576,0.216073280761886,0.863140205975829,0.871201015304964
6161,-0.214843386542332,0.152974438759552,0.751545139930498,0.725876058210065
6162,-0.224302653463573,0.12253670929149,0.787180216549734,0.627939904780558
6163,-0.220222215361683,0.147987967352679,0.79273317166902,0.664305383611861
6164,-0.208777640314928,0.212897648595295,0.924364517421176,0.825619186127676
6165,-0.211939779138107,0.219564567010492,0.911794525882523,0.786926970099239
6166,-0.211309826960658,0.181050165065215,0.891923153822012,0.780814089252405
6167,-0.206498596629917,0.180211514813977,0.922872155353178,0.757286945643992
6168,-0.217594482675601,0.144866795439753,0.781349400557272,0.770978771482588
6169,-0.23256275331592,0.141519296238686,0.861063271592136,0.717197358578306
6170,-0.22484349935874,0.156432071301139,0.874813122192596,0.773167892403453
6171,-0.234328808942821,0.250569049802807,0.878094565655975,0.833403883938212
6172,-0.223622242105041,0.155017927032453,0.812564496609067,0.736055160040494
6173,-0.209998005301661,0.126188017880223,0.951363888622252,0.689401687042797
6174,-0.230194814432684,0.150808504916862,1.03885936121334,0.604134153831441
6175,-0.231845917091244,0.130621638856564,0.670766497147102,0.674151116046057
6176,-0.213360140649491,0.127375121898353,1.00329439264936,0.716879955937812
6177,-0.225275356868443,0.240412623636874,0.890830881434552,0.845702179262564
6178,-0.240416438027182,0.219973830795423,0.932725499196207,0.783161965434148
6179,-0.212764134878627,0.188794282125874,0.798716415899646,0.793686850860802
6180,-0.226552977987959,0.135539181917979,0.923404628516655,0.625889217525697
6181,-0.237032379538708,0.287587480489019,0.747242257342606,0.83545042880939
6182,-0.218249622486259,0.272881525489543,0.721864236109997,0.810521108209735
6183,-0.222063549186176,0.323457055562283,0.8072398649815,0.893107359493467
6184,-0.236267106775828,0.356577298136162,0.845836493474055,0.875477271109386
6185,-0.231729772706722,0.702496699068992,0.870719622368524,0.921547360793509
6186,-0.204003121556139,0.162488252401194,0.949117511338359,0.785746190888333
6187,-0.246965476853621,0.333102375549638,0.865579444108143,0.848326807473113
6188,-0.228894741897646,0.515504656986222,0.795439133286022,0.902737203370329
6189,-0.230510462044939,0.204160084272773,0.923546479599413,0.795652034265872
6190,-0.208341887863814,0.38676951899693,0.784459714003974,0.879930902938565
6191,-0.208184540423987,0.449997102231448,0.779209155831398,0.930144738718837
6192,-0.220164368301671,0.427138502621021,1.0302760773208,0.917516943313177
6193,-0.224272950405501,0.571027065148217,0.787084707726043,0.925689137270034
6194,-0.227176767237783,0.597957904128948,0.907296800947455,0.94490578146383
6195,-0.230473102434491,0.735969827394474,0.879557792611112,0.949559811110229
6196,-0.217256291145363,1.17688742242641,0.953194317682811,0.963775536138138
6197,-0.213592498741642,0.74168738016703,0.828026710238316,0.952508425902063
6198,-0.222182862498359,0.637147186801061,0.817333568269566,0.926767533888017
6199,-0.216426880508404,0.255224448320845,1.00260267193437,0.86153316033261
6200,-0.222789816877584,0.18391245718496,1.02291316321198,0.752417041824572
6201,-0.214599333247817,0.348645144971818,0.911583463358771,0.906193217293975
6202,-0.227275514294781,0.675382861580609,0.796351274916848,0.910967033353657
6203,-0.219991540346028,0.372597383370226,0.880209818748246,0.91147576250378
6204,-0.207838966863821,0.57509444729761,1.03824943525706,0.924944961059767
6205,-0.216434206345969,0.251245352382301,0.997843560368266,0.868441394392119
6206,-0.217040741679203,0.344453648114081,0.865058561053625,0.899598185939153
6207,-0.22285153308742,0.265938684889955,0.756248731782281,0.84234545874269
6208,-0.221302874574811,0.292824721789189,1.04788154107726,0.858517937889984
6209,-0.213344628550894,0.522088383029973,0.980579877323933,0.92364977392213
6210,-0.219258475492529,0.395570751654126,0.817238970912867,0.908879220500997
6211,-0.219824375401941,0.601240850828863,0.959666077783236,0.94825895744333
6212,-0.218836950337962,0.591196079023213,0.968678772456965,0.926691330878032
6213,-0.223696282081157,0.216193090288877,0.84421476243973,0.768387973906465
6214,-0.23452601551086,0.201269622724712,0.86653870374965,0.79170931783751
6215,-0.214129201538635,0.252509276634668,1.08274442190704,0.820145253787617
6216,-0.230303396835906,0.279492772963596,0.854811580766364,0.883897865516201
6217,-0.196658614674598,0.260228721220703,0.859444847661447,0.789540749076195
6218,-0.225164216759612,0.113652355995111,0.896988396144934,0.745661772362923
6219,-0.217792841500854,0.185451550544602,0.956181377478315,0.827922102034781
6220,-0.229005080133312,0.22775047660647,0.857825434078,0.843505148823969
6221,-0.240025574897918,0.216704406481275,0.908392862617272,0.810538794747884
6222,-0.23659600116567,0.175153447566401,0.912906709974823,0.75734500277975
6223,-0.223888258762085,0.159094690840993,1.00404067529683,0.770718467552927
6224,-0.212343904400402,0.162319831048611,0.744989016943875,0.767173684484366
6225,-0.211381819427166,0.186554241615137,0.73196217935094,0.741033198341461
6226,-0.236244873162245,0.224303359724033,0.907981832947641,0.811372818226913
6227,-0.220349949206463,0.231198468700568,0.860223394223247,0.853646372075498
6228,-0.233532291354318,0.136477504845029,0.872975369057517,0.659015899351655
6229,-0.204968703055478,0.177912087520348,0.859338988979697,0.798837442067039
6230,-0.213759181872691,0.264667100238743,0.791984172705567,0.8550288989692
6231,-0.225309160227375,0.285554815208388,0.763276327462063,0.85495142893612
6232,-0.216700144390878,0.346784190466437,0.754364501479172,0.87216412974897
6233,-0.217808738980418,0.243129279179947,0.875950388122988,0.804608276444701
6234,-0.221194196554636,0.195649652033808,0.916442696214292,0.777715565789676
6235,-0.233009819427564,0.1825933056501,0.784406981590799,0.782239055132259
6236,-0.232151495628632,0.334862397852347,0.747779844883351,0.847797567612454
6237,-0.217245089066137,0.493317321882659,0.91959529074229,0.924110066187961
6238,-0.235835573590038,0.510488471224485,0.848051640004857,0.924871810232605
6239,-0.223987186914001,0.571647056971433,0.874046589114288,0.942709835538414
6240,-0.222856515687356,0.593355534297572,0.856674053660648,0.957201631239422
6241,-0.224228131605029,0.453946795693294,0.859407310548285,0.914214843529515
6242,-0.198359066360669,0.436123071029409,0.912782750980279,0.933748592539283
6243,-0.222885280209617,1.10825470481129,0.868494870017103,0.970566597134874
6244,-0.222215561749439,2.65286540889798,0.851408906333309,0.979736025670113
6245,-0.208981195978178,2.3024331325844,0.802119824862524,0.982062833244752
6246,-0.215864948371722,1.25054570733837,0.897329423054325,0.968175648692046
6247,-0.202265161449062,0.541245487577592,0.910107355539136,0.938464506767911
6248,-0.20751813122477,0.310418855254914,0.871325232494067,0.894214907768502
6249,-0.223364412193093,0.234089458380019,0.76039126045802,0.84598873898101
6250,-0.227138138762375,0.757167465620425,0.890135115828114,0.946496449950528
6251,-0.221823827738572,0.934606145174971,0.805811003184679,0.954576537534675
6252,-0.223507275295893,0.726256362768626,0.910354465924637,0.942824742299975
6253,-0.222298989262535,0.676309942001971,0.802038618893279,0.931939497556693
6254,-0.224305296967144,0.354976852750221,1.08197133260751,0.868264359081099
6255,-0.204039101316484,0.204146686169395,0.862852946947231,0.81191417298178
6256,-0.231162071057987,0.198476993834077,0.991349665371621,0.839836691514774
6257,-0.207406716016387,0.272432166110107,0.832426259632851,0.822205195022495
6258,-0.220454142574513,0.281470643437641,0.961851056754752,0.845809936194483
6259,-0.215967163971463,0.213982138333489,0.876772168482513,0.82699719389199
6260,-0.214643585362019,0.226489579228225,1.0402804496543,0.843832519464747
6261,-0.216263521285634,0.213679051127186,1.00920551089901,0.801577650784346
6262,-0.22489756509242,0.29872092454415,1.11274527864315,0.830056193180314
6263,-0.230380529726424,0.254263036855344,0.787834994768835,0.840948672660044
6264,-0.218760648314029,0.331126781257806,0.898152646642918,0.859962843894485
6265,-0.236543152082653,0.411324916949247,1.03819937204024,0.87525755389583
6266,-0.217658056431279,0.575504170153661,0.740065608668186,0.916771600134377
6267,-0.216394147262933,0.734468074449099,0.914068132214549,0.938834296744499
6268,-0.219220088088028,1.12049575428184,0.8649500368626,0.960547979318327
6269,-0.220579020523568,0.580869318039501,0.913996105741209,0.943141159699535
6270,-0.22725192138292,0.674605653746802,0.722496540139268,0.931764408450794
6271,-0.224843469586432,0.714555096864376,0.696617768749681,0.926764085169992
6272,-0.208293666627202,0.456650411787069,0.66904979557241,0.919324127022373
6273,-0.220549844560667,0.574557470416359,0.899790517670343,0.928191413049365
6274,-0.224473242095258,0.23990645077154,0.856486783368412,0.856305605663849
6275,-0.230600564785438,0.22235679827053,0.972237635217443,0.777567356251066
6276,-0.225390161499162,0.131109078974942,0.874279540580729,0.669200311879543
6277,-0.236403274364721,0.133753659862173,0.854384720861765,0.642865949304021
6278,-0.22763745446258,0.17378082896529,0.905380780567166,0.678305705664138
6279,-0.200316347945944,0.1879512804794,0.856214589804391,0.730087695011646
6280,-0.214064384745609,0.2084612560447,0.807402955282781,0.817025055479779
6281,-0.215123522547833,0.168991724111988,0.697090306613344,0.824008527375525
6282,-0.219358890685423,0.267578361459877,0.88330322830766,0.849833431021093
6283,-0.224220588943059,0.313387429879926,1.13983045679472,0.854517947493373
6284,-0.2144769192158,0.188870448042105,0.965030728455404,0.807586720624402
6285,-0.214270237575485,0.284955678686506,0.875752331691224,0.862974594530589
6286,-0.213928925040386,0.184989184242636,0.94431259369955,0.772117075762335
6287,-0.225973501955715,0.293420042042274,1.06809259487887,0.851461337610652
6288,-0.21554634545155,0.377903640405544,0.984523059499966,0.889786536275377
6289,-0.229462493937608,0.350397142591681,0.870897075439989,0.890469289487759
6290,-0.24087607868881,0.220679293613594,0.768699768195097,0.816587207186798
6291,-0.210989580021776,0.364757703984072,0.775206316388444,0.914317893623652
6292,-0.236693426507137,0.321728354610883,0.856799666678407,0.830238895791915
6293,-0.227710870604479,0.186466405695662,0.839700617077594,0.784012538132479
6294,-0.227267851869237,0.208066706846038,0.93191979433945,0.777802849643822
6295,-0.212400877933261,0.18297893099524,0.918851567131765,0.755502222257233
6296,-0.216653633411027,0.314342165499839,0.904060184771619,0.860375241696042
6297,-0.202836799315767,0.467563383332306,0.875298518062674,0.911476923456863
6298,-0.218551625666858,0.502349131676057,0.850567700373095,0.916892820213787
6299,-0.21590034484894,0.487699167730316,0.787019504085881,0.910112349479975
6300,-0.200075922885441,0.66294546558339,0.964753779186657,0.930484876520625
6301,-0.213604751082508,0.307683884322972,0.988987681053254,0.856000413004438
6302,-0.218292771849442,0.228994794369908,1.08548457536705,0.851663340708013
6303,-0.227853093354163,0.236556291248414,0.862690494935923,0.784163298356535
6304,-0.205169566292462,0.391313516914731,0.963127193442528,0.882560886614703
6305,-0.225552553078491,0.341517017798754,1.04294421924725,0.855072328284968
6306,-0.201568798675194,0.564807397522957,0.901629990503645,0.927779893788448
6307,-0.230901221448899,0.699089572634982,0.855764058854682,0.931229700112935
6308,-0.239987954213673,0.84044613838236,0.982986104157423,0.95050302507599
6309,-0.225297600118082,0.936521551213755,0.851816609671537,0.954649473125218
6310,-0.220356049201804,0.804341644931328,0.917447336900493,0.954884688854301
6311,-0.20362272189947,0.377381563982845,0.808273664465976,0.904638781323869
6312,-0.220230863461096,0.244226092667156,0.92133036168173,0.868448089335761
6313,-0.215837921157919,0.235944636913232,0.858355211964478,0.812284568967962
6314,-0.220041077694413,0.311842049322321,0.722744103737269,0.808937404236909
6315,-0.220588437803393,0.432714792204403,0.843731134470363,0.878300262873915
6316,-0.216268074886532,0.29921098391327,0.83031712467046,0.831140235670747
6317,-0.197978287620233,0.52959974403627,0.712638252106616,0.91935145163211
6318,-0.215068163707334,0.422127845045829,0.780412716368267,0.900921898672847
6319,-0.225910038095425,0.393911484085434,0.868138538119466,0.902662689202143
6320,-0.222779008940924,0.533040104548153,0.922055366349616,0.904199264505851
6321,-0.217942917344429,0.411598022889582,0.828897349732828,0.886996256654941
6322,-0.220349528916936,0.712061921093169,0.912269169200417,0.948179993567591
6323,-0.224973322801367,1.09740052247065,0.861437647566708,0.951113265228411
6324,-0.226061192048308,0.607696271120514,0.835550211155374,0.935421661676742
6325,-0.221028329874607,0.43418075720369,0.872529852694022,0.91914763577875
6326,-0.206887786111498,0.440465311239913,0.833991280053115,0.907766070298068
6327,-0.230413903081498,0.449298215798872,0.890735746746847,0.884327630251135
6328,-0.244873208051512,0.432337397813902,0.897060251130638,0.867301336489698
6329,-0.207355317506645,0.157473169074695,0.809584982520185,0.744952012455782
6330,-0.218501921501023,0.149466521690425,0.688968955662653,0.726957161606039
6331,-0.229262801551851,0.32781722604401,0.846651784429615,0.873277717313384
6332,-0.204571470622327,0.303115400981775,0.874366402843631,0.862470421879208
6333,-0.211140139358624,0.182345020276623,0.962811800993318,0.730343634734131
6334,-0.219040494143419,0.213261288553271,0.884535072085927,0.769907340561702
6335,-0.23318414234054,0.188496883476817,0.914650177111139,0.717025000048901
6336,-0.209920403560359,0.155367219864274,0.847374788072885,0.738091923799237
6337,-0.208002506106404,0.135120232271213,0.835716479750228,0.705248278064565
6338,-0.223016464778608,0.134793393797201,1.08234012383003,0.75748512883827
6339,-0.234090714357531,0.2323300049369,0.916740725022751,0.808904725100073
6340,-0.225346924375861,0.234437080154692,0.754007453755682,0.790629487812412
6341,-0.219223109954242,0.186059210882495,0.79065396053722,0.814583255624827
6342,-0.217192466861738,0.202016470469127,0.675150846249997,0.789560400115128
6343,-0.206038336326999,0.261721667186192,0.747418871042404,0.82717313950721
6344,-0.208618316949862,0.213026386721483,1.02149565509368,0.806492760771353
6345,-0.208778397953852,0.190560499299884,1.03010274718025,0.782548682385294
6346,-0.201779357731624,0.158646413839716,0.904396197643977,0.749998328041256
6347,-0.226652462696702,0.11215576085396,0.84387541600603,0.718090724213557
6348,-0.21761483632658,0.18157919123464,0.857427014890721,0.698988132981088
6349,-0.215414266730633,0.139995275227009,0.924817586535299,0.72869690255372
6350,-0.212559616683429,0.243472349237288,0.928171076136256,0.746802027280477
6351,-0.217844773294867,0.138002766964186,0.930782383216671,0.734897489435286
6352,-0.240881366421651,0.151238790493746,0.825160087250229,0.745488022590615
6353,-0.210184846419356,0.128120231597676,0.880033845328544,0.720459592927647
6354,-0.195965053377491,0.296266207009404,0.982981838406814,0.861409861931764
6355,-0.211850004214701,0.317152392203315,0.897674516043964,0.872597059625994
6356,-0.216903346120473,0.372451887360059,1.05867331427103,0.896458465514074
6357,-0.235331717032502,0.314974222209179,0.925600199426227,0.875994918207928
6358,-0.202032421483566,0.261016355359689,0.798038562939465,0.828121374618395
6359,-0.220486704674314,0.344365045362108,0.90912953580018,0.841381343071706
6360,-0.217782316296629,0.198940774090936,0.864595268568581,0.820102462108795
6361,-0.222418311306013,0.0800250700443165,0.74169446930113,0.528142399357108
6362,-0.235834002351757,0.139032146347544,0.917923945751406,0.663738467125312
6363,-0.1979659141208,0.162412329220239,0.690806469846885,0.671814567997076
6364,-0.225922537197636,0.145593814760764,0.711403330998934,0.606120023646196
6365,-0.217309469334821,0.100673624691389,0.855899556587311,0.622295449301135
6366,-0.220968775169343,0.131123410425153,1.04841892401078,0.679737411671829
6367,-0.21978827325292,0.187039591994922,0.824239747971723,0.76642972293039
6368,-0.229108817411663,0.315744929333037,0.737975197145337,0.815835347143755
6369,-0.226662505193672,0.214588615562031,0.725858230104685,0.8318615383022
6370,-0.226128239353484,0.647718353175782,0.767299646500416,0.931191155556017
6371,-0.218406756330871,0.902268861012218,0.806968129277463,0.952292805479326
6372,-0.231360113218587,0.45177082084576,1.08701869283959,0.901168063041914
6373,-0.208357903853447,0.218045143851462,1.08791446785799,0.832673247343848
6374,-0.222226084606191,0.321831393244482,1.06078410801688,0.870733695862975
6375,-0.204147786008799,0.551521007467395,1.01831153183426,0.909796480001611
6376,-0.214507761683975,0.410031004575687,1.06317325062323,0.889414902296953
6377,-0.236196997000282,0.411926037614004,0.905638560644525,0.921224730188881
6378,-0.210949328377199,0.40106372312301,0.910242273156082,0.911171977875932
6379,-0.226444184219332,0.358872194338024,0.854052842172091,0.870558369921442
6380,-0.235024840922711,0.211525568975567,0.846602586763116,0.845453762910419
6381,-0.228136612672966,0.274122324003122,0.881443786871292,0.861141149361076
6382,-0.228143720566998,0.305235974018251,1.01653540162849,0.880246157289143
6383,-0.22065279792111,0.449169854192815,0.896032128886953,0.928838708030629
6384,-0.197556584351503,0.928166433291534,0.865786608286667,0.946805185658705
6385,-0.228635073361644,0.758197227507831,0.75954875706423,0.944931195025132
6386,-0.202243575041331,0.657423507511195,0.821446902959499,0.929313810139516
6387,-0.221251531065354,0.671572577628267,0.737751581801271,0.929308692832889
6388,-0.20642555479635,0.265526534862601,0.714009711526094,0.848734302109058
6389,-0.221884456391331,0.32028615258989,0.831324235077424,0.886029577448748
6390,-0.234491410429592,0.304389899970012,0.776119913274712,0.858440982048678
6391,-0.235208641809032,0.349125108477625,0.864242319218249,0.904705667355749
6392,-0.220100103840678,0.399583244231168,0.981921630368648,0.897600972900297
6393,-0.211145981401017,0.430520478575294,0.888276312504814,0.897294989782101
6394,-0.199948023636863,0.298873850515499,1.08029530142294,0.889236130105731
6395,-0.228043900712969,0.33415780125311,0.800064402158881,0.868020291495606
6396,-0.200426584813172,0.377428925762834,0.879380575870658,0.88520923906304
6397,-0.217475240002227,0.258452970062806,0.815030767962092,0.83409362687806
6398,-0.224900217730021,0.195476727420647,0.849117976015863,0.809126054095363
6399,-0.199700431688992,0.287389139048048,0.841930500940847,0.762502085294638
6400,-0.201579234829873,0.210443361184623,0.701168021061897,0.750381662733978
6401,-0.218720427546566,0.248564978459344,1.07877621037734,0.780288651372051
6402,-0.232216376315596,0.141461044425222,0.915083945258502,0.760748808141867
6403,-0.225273608705902,0.132145234429451,0.872606724047472,0.685654217589915
6404,-0.227922099993986,0.181934675045731,1.02976035201563,0.793650238616228
6405,-0.207095837589005,0.170737511192137,1.04945206961769,0.825375273085556
6406,-0.21013090982791,0.325039038899006,0.821923551781443,0.833895603132674
6407,-0.240517940832,0.249201302754088,0.809800447767796,0.8443227991668
6408,-0.221947792385441,0.2413616763424,0.881422931144099,0.818412759931424
6409,-0.207927868564752,0.267501820444128,0.827588557441929,0.847110341077123
6410,-0.215355531313865,0.419083989680457,0.861292310258014,0.865480980317209
6411,-0.216946056717909,0.27166152421664,0.915233691500902,0.845556777273382
6412,-0.220880465378603,0.19026032109737,0.880878931701817,0.783074511832944
6413,-0.221976420365129,0.148404439782086,0.972965619570489,0.707394573020821
6414,-0.229910619694081,0.188179684022362,0.750303071133456,0.72805179461448
6415,-0.229497304507816,0.162023380646157,0.90204255006296,0.761704528498015
6416,-0.231277461032996,0.520882974568968,0.791010058176216,0.90572965749644
6417,-0.20252974573358,0.207191425264353,0.878533410737491,0.752224172737344
6418,-0.215489741271328,0.228437671937459,1.01710077078329,0.819879107429682
6419,-0.219560622736386,0.229228524764099,0.841235472703199,0.832747610429646
6420,-0.242123541882126,0.301347313802702,0.715268154762292,0.83683761381601
6421,-0.214272856572059,0.383009991717013,0.824815328479774,0.896185022002711
6422,-0.218479392410046,0.249565330827645,0.847561950653431,0.79742971011802
6423,-0.208005493766239,0.239190082667598,0.888764201448405,0.768477450210121
6424,-0.232721374371695,0.144277914787037,0.876564766995518,0.744494610342405
6425,-0.206181933910803,0.246754003076399,0.875277066501852,0.838589765489364
6426,-0.21882194402772,0.187780859933159,0.869138463549301,0.759858095452543
6427,-0.19732163673875,0.157950195887227,0.83717252273362,0.704907208536559
6428,-0.236383617814398,0.155569670866309,0.83716992626852,0.75312657896115
6429,-0.215222754701855,0.110173014687911,0.82690893083201,0.608778724290359
6430,-0.214094342831064,0.169179893880422,0.922080893534468,0.694107273708455
6431,-0.226777681002432,0.132130547827837,0.805878446834606,0.702983256804275
6432,-0.225433254957626,0.214618381001365,1.04175929038433,0.851932596981812
6433,-0.2013945845586,0.364929664770347,0.791251568270652,0.885093083465686
6434,-0.230037009776457,0.321038814491064,0.818147787297637,0.865336694040353
6435,-0.250683904005191,0.579536338879063,0.747816743012073,0.914947734811719
6436,-0.225875859990706,0.329981646838823,0.85029058248248,0.88228548674162
6437,-0.233928227680508,1.18463681566323,0.937764743328867,0.962467981146576
6438,-0.220244214407813,0.796435502649224,0.687412763803856,0.938366780201018
6439,-0.214388773871952,0.832515817388653,0.945059992141275,0.955122193820529
6440,-0.231253489667487,0.762705692388612,0.811537502818852,0.940003184678607
6441,-0.229988927833248,0.476032698768913,0.769711910541104,0.920602450071397
6442,-0.214968722263474,0.906967547119514,0.842691341565938,0.949124677419057
6443,-0.215846697045585,0.497822149055475,0.883438259576912,0.891761373580446
6444,-0.226567503734158,0.794040233429283,0.826514858651692,0.941326002768068
6445,-0.210759174115098,0.60935608481744,1.10195632338238,0.935777306149369
6446,-0.213293283399544,0.827325911301045,0.804467885589711,0.928250921328789
6447,-0.228574029183143,0.477908679580356,0.817536702633843,0.908911288372899
6448,-0.239068063312936,0.485983231185387,0.846055172105535,0.911696980407595
6449,-0.226892944841846,0.397936584090828,0.865153746933602,0.884942150635649
6450,-0.250960347529337,0.169509644132645,0.795204263786541,0.770393561531136
6451,-0.225454556404227,0.354932808815726,0.867025434490731,0.889835666456828
6452,-0.234157055049456,0.356431026513227,0.715879318853344,0.86418672108995
6453,-0.212545761833314,0.233318595777568,0.815104222478775,0.815507377201864
6454,-0.217719749981722,0.266457555233008,0.987839012016236,0.828034211982398
6455,-0.227229170178355,0.345257791043619,1.06624121356543,0.875600800207191
6456,-0.231942465415492,0.244960598867173,0.839067449333836,0.821737591264236
6457,-0.219317372970095,0.213020807155287,0.777456066216376,0.793121805402267
6458,-0.203017718588133,0.14901514213393,0.782251207197868,0.736503926891899
6459,-0.222232387109826,0.115162728608134,0.721322017403154,0.631057622529698
6460,-0.235324043962949,0.131395267201054,0.70263714092733,0.69198106823693
6461,-0.217365240770863,0.110934593027929,0.672951913530618,0.578222834590766
6462,-0.2238954783899,0.20333470099271,0.896208294593155,0.704337843661614
6463,-0.222172192598873,0.253200846184,0.895481413332736,0.813429184966031
6464,-0.213405964679247,0.44919108335819,0.889425468287381,0.919993423872841
6465,-0.240648940881283,0.231894778133494,0.84854611936069,0.830742181459087
6466,-0.218365692895205,0.24252237508676,0.745055519478605,0.824495453722081
6467,-0.221360665698058,0.50676638885139,0.875807120032231,0.880608795624166
6468,-0.221419356060008,0.124055933471948,1.0767425778833,0.696803915707845
6469,-0.227756944887598,0.183435222765161,0.822546638575811,0.727776498502037
6470,-0.227756944887598,0.113226503735684,0.884357385915995,0.618914442662188
6471,-0.22090170366771,0.192705142230431,1.07691485007513,0.748348094924338
6472,-0.219251338202455,0.212361587504521,0.774903063089686,0.729691534698129
6473,-0.208604296345619,0.205662574828902,0.809177484467284,0.708171158273252
6474,-0.225291064117744,0.216453393143359,0.884292659841786,0.8325831604007
6475,-0.206268230329664,0.289739877275396,0.926156520093825,0.830465506300323
6476,-0.239476071252078,0.515186226088594,0.927822107047622,0.910047457202554
6477,-0.234345263457303,0.4196475749952,0.894489512638974,0.91811712914238
6478,-0.219083235578935,0.348916194384105,1.04034560043142,0.896325210705734
6479,-0.207963638347278,0.480184812296698,0.868669668470277,0.913549840792768
6480,-0.234736260173327,0.718445719567721,0.716198947867777,0.931182826247652
6481,-0.210753225091146,0.618202272178764,0.846965403752844,0.935071008963044
6482,-0.212018687074835,0.344407868613587,1.13320548027382,0.84049509607416
6483,-0.208541632687714,0.231841599295069,0.918605177537499,0.820516690791091
6484,-0.215419554928831,0.232901802011787,0.974167664841694,0.855843368381895
6485,-0.22760954603115,0.326339139086152,0.882462785878623,0.878654894097136
6486,-0.209296378684055,0.296073640120891,0.905893951961426,0.854401273041566
6487,-0.21561345246548,0.256148489615658,0.834843980535751,0.810354579295622
6488,-0.224830333888436,0.2058931883568,0.797794260135069,0.84204994265705
6489,-0.221309914423306,0.173164175678766,0.730458878050111,0.649163359673467
6490,-0.222725881405472,0.159961630749004,0.908317628485466,0.705425027135629
6491,-0.219490994356669,0.218818191842442,0.899333747229769,0.82933219925999
6492,-0.229926021857778,0.192379010784815,0.700342092043206,0.785629921811706
6493,-0.214435399930668,0.354645887209837,0.704341367810425,0.85428926743036
6494,-0.219764853169778,0.703627620435196,0.825373012604331,0.930071998241555
6495,-0.239244933524514,0.59814698880285,0.747260129043597,0.943545292094095
6496,-0.215314734845396,0.845254332904272,0.892075637919378,0.944635056454912
6497,-0.237284874269687,0.801182080184102,0.924334742055877,0.940685034167355
6498,-0.230530018545297,0.501392318373075,0.912777301604329,0.903272799060014
6499,-0.230180987000605,0.76521017355478,0.919563368631731,0.931256002822313
6500,-0.223693551659846,0.553460564751273,0.829944432701888,0.929832309452347
6501,-0.206184191657427,0.681394334907877,0.923498100417681,0.941767252580182
6502,-0.2358611508323,0.939475357938053,0.857904065711382,0.955958654905439
6503,-0.221609644540374,0.569305570152034,0.824880538748541,0.935902565332736
6504,-0.219345914576551,0.461920492623704,0.888590034200398,0.939356523384564
6505,-0.229242728114557,0.48445915465813,1.0752267776584,0.915057180336258
6506,-0.209360462399467,0.275448880080922,0.930297911336352,0.841736063150381
6507,-0.231405213047058,0.173776797773741,0.973349295938227,0.800829884312059
6508,-0.191228108403893,0.219589284602104,0.857955377485614,0.798373570856305
6509,-0.208936493559077,0.329253862326908,0.909333699189184,0.856904616221981
6510,-0.217718957916534,0.249789059640501,0.861130547374865,0.81907688292917
6511,-0.190020031539619,0.242719275412019,0.869948555265042,0.840602658781456
6512,-0.212600997379474,0.309264211100092,0.904205943407505,0.849872869048781
6513,-0.223497663925271,0.221452839267566,0.883307318758258,0.81530611167953
6514,-0.21907256430756,0.463285805137193,0.882236582785931,0.914836321964728
6515,-0.220796636072667,0.422697640866805,1.00617008760937,0.891861512510982
6516,-0.216088390965107,0.149099194124529,1.1309706603188,0.770433089208965
6517,-0.208456521809182,0.264372681361274,0.764458522958982,0.856401078578783
6518,-0.215576237682894,0.299561028935914,0.827165204352728,0.844318870312378
6519,-0.230848205958566,0.170338945110772,0.908968998642103,0.75152911298712
6520,-0.226007349665076,0.506829877789472,0.713853272769767,0.933286843426149
6521,-0.21486303105123,0.351439327967435,0.715919952361345,0.889667056326019
6522,-0.229539615878172,0.180368322429532,0.723594291558822,0.692895267353799
6523,-0.225729864217598,0.116776709390683,0.767642539223515,0.423609596209296
6524,-0.219495881155753,0.16423386021336,0.804628374350028,0.825302302473267
6525,-0.228688204915005,0.167176523963246,0.778130740933938,0.741962837055784
6526,-0.23681948933406,0.136176390608841,0.790639611193767,0.762917750023484
6527,-0.232573973414003,0.176191456685698,0.903771454975115,0.720485815550965
6528,-0.231879671091622,0.432414499412823,0.915983570453517,0.887967868113349
6529,-0.22939950058036,0.329388718367964,0.919608415958873,0.882684559262992
6530,-0.210528796118646,0.263934089624181,0.903005317661183,0.8653529613973
6531,-0.217099539814457,0.463132872817502,0.883464933696091,0.902937717006635
6532,-0.245037875738566,0.390228444841512,0.8478130432229,0.877339728545397
6533,-0.221582868253456,0.526767237073845,0.913059781806695,0.89163682685411
6534,-0.214717722614287,0.193322689696667,0.750010147938918,0.70636754456694
6535,-0.219343948937264,0.150409377862132,0.77074779623999,0.726656732040357
6536,-0.19735628242754,0.125961769347454,0.880625824233536,0.704475127896698
6537,-0.203633600458951,0.266963647228709,0.906703377477763,0.845966148823427
6538,-0.225231010166483,0.207777133862349,0.860456276472363,0.789409081183029
6539,-0.211957334265113,0.214341537523908,0.878594042399547,0.82626429000899
6540,-0.19788200576934,0.257465699770566,1.1231617021176,0.832883970035
6541,-0.228876963737045,0.171955282974233,0.88286111401863,0.792042686137787
6542,-0.20912785960654,0.256519710439954,0.823787607414413,0.835336040685109
6543,-0.204517651865237,0.213199008024842,0.899214838905897,0.862756763995223
6544,-0.208154646621416,0.382337472438554,0.819293634809052,0.873557527471305
6545,-0.204120779882749,0.206989242045265,0.997809770689638,0.801179997846992
6546,-0.219531856742345,0.197413549441237,1.02627023305398,0.855496555248705
6547,-0.211967909603318,0.180818097183537,0.922002721030694,0.831091984737378
6548,-0.225309004238459,0.383835321868732,0.764817358281495,0.900414263207311
6549,-0.217455380708669,0.290317789387267,0.855914519028233,0.869555909211354
6550,-0.217447873449967,0.563820267867133,0.854088378943026,0.926602808335888
6551,-0.216919945831401,0.554130202799904,0.715943657479276,0.929438919410943
6552,-0.213924783188787,0.547087418006526,0.728998731480916,0.923237526390992
6553,-0.234303936653139,1.1764935785663,0.752630530034292,0.956454998989559
6554,-0.214358891662673,0.690994657033842,0.896429445394726,0.934719300131669
6555,-0.223960986741544,0.428178512653849,0.930488525270786,0.871584042698437
6556,-0.208390297408927,0.449823239703228,0.790920837853049,0.912728804194164
6557,-0.214144221739447,0.99850927166752,0.796579810932439,0.947842833908204
6558,-0.229466783128373,0.807554480527206,0.837186855160694,0.958379174834004
6559,-0.226753584211834,0.478984161273701,0.923620639016858,0.917440917284773
6560,-0.233567741457812,1.10224848036027,0.769736141606729,0.953880482183989
6561,-0.217029886914248,1.11133067242884,0.847572766567614,0.955383183877054
6562,-0.222598824890977,0.356329485954915,0.721596122157844,0.867294381742565
6563,-0.214425488891758,0.212392028424124,0.78239473846207,0.748136348689926
6564,-0.213354678946363,0.278706454158147,0.980873330729718,0.863130319803943
6565,-0.212949608465702,0.463945100724759,1.14521651518548,0.893447791394554
6566,-0.224130893876942,0.562342404766214,0.795773419138608,0.916784062769194
6567,-0.220541870311613,0.678232178900457,0.862743937640856,0.931667411797767
6568,-0.205281897002574,0.601335762219626,0.879074022664906,0.939959645685553
6569,-0.235817526942335,0.295193023802464,0.775354065530692,0.771650591815474
6570,-0.211309755731787,0.222993723171761,0.848544354706324,0.769690477357612
6571,-0.226955728996756,0.314604691093887,0.843502417601723,0.872014268794168
6572,-0.20851632944703,0.211149481207988,0.985822898010258,0.82697018133457
6573,-0.230238275546162,0.241683362080954,0.856537619028616,0.791782228593558
6574,-0.242625960910942,0.177356774218431,0.884709153253909,0.794843945489604
6575,-0.225238599973099,0.157812224293026,0.790099462778092,0.71830559869293
6576,-0.232465826175708,0.116857715389331,0.771361722836127,0.745169611580819
6577,-0.227341574383527,0.214096246841422,0.98016385488062,0.788937607048894
6578,-0.2392110753568,0.211512327507984,1.05548991870457,0.805646144942755
6579,-0.227099616528983,0.347428421536049,0.864846498884205,0.84451729183912
6580,-0.206603711791956,0.21148737461282,0.807059396975968,0.804085029009218
6581,-0.22438186599872,0.174507494061678,0.768072441634723,0.745136736372158
6582,-0.211830320922502,0.180922227902385,0.93491791331706,0.788881756904062
6583,-0.218527641083214,0.24988347284754,0.738097205208501,0.795002050414067
6584,-0.224746981748973,0.205035750093178,0.941090501288765,0.81067516685338
6585,-0.222673893154042,0.304105770862292,0.76106861231656,0.87844159814014
6586,-0.196829248354657,0.324403708182994,0.765616389578067,0.811180468162639
6587,-0.202278410248408,0.168181245814211,0.873675926226484,0.811593184372688
6588,-0.243369773542431,0.255953021296342,1.12145539439153,0.813268273099631
6589,-0.239666906855356,0.273773647249256,0.890063133769574,0.901721532721309
6590,-0.225631682132555,0.288434671052322,0.883525515728397,0.870120808846998
6591,-0.237088656167206,0.269546252639002,0.813687228007266,0.82910324848772
6592,-0.233307269073154,0.298819380096928,0.824362469428975,0.870355715730937
6593,-0.213834772642123,0.148253936458463,0.671072351057823,0.695353064469632
6594,-0.22387850869621,0.126558207683346,0.875104380620939,0.761843107362354
6595,-0.227147731981104,0.164611963474355,0.860936588018645,0.755512080719278
6596,-0.22527426256198,0.203441789545521,0.924072479518095,0.782176304661455
6597,-0.242568801039193,0.220660453208089,0.913681095082574,0.74327590595259
6598,-0.204783019496025,0.197330448763164,1.06677078499098,0.766560099121407
6599,-0.226375955680813,0.298613308786906,0.672698337989572,0.735673141761936
6600,-0.217010439133036,0.156225348909958,0.710124504056766,0.704495399904626
6601,-0.219465526283603,0.109434765285495,0.92504722181247,0.644573480545557
6602,-0.229232271245052,0.2865138641855,0.778270130159612,0.816124328313558
6603,-0.212421951593951,0.205995108953263,0.860052322276521,0.802230557944547
6604,-0.223656470392371,0.22896821470892,0.72785307108427,0.793758509240867
6605,-0.220906200050785,0.222986791786657,0.888046068592092,0.823966046258995
6606,-0.205830916327995,0.300853349564083,1.03203197260428,0.860290356447529
6607,-0.220065010571907,0.470793378634409,0.894039259587474,0.926079271884152
6608,-0.209521059418712,0.372351298515897,0.829976744823552,0.861790888552887
6609,-0.230039033286201,0.38471780553462,1.06211751049734,0.887917801638954
6610,-0.223348832958942,0.409221446743895,0.930076278441748,0.921064303487207
6611,-0.227426480760813,0.589364700089639,0.965664202294322,0.932984895156436
6612,-0.222956053523037,0.459657388594183,0.747180983621315,0.922931123838451
6613,-0.209147501649858,0.677514188676599,0.91268192724945,0.947356257108885
6614,-0.220001623177361,0.41271538893016,0.877763647884844,0.927008639915741
6615,-0.228370251670925,0.376509005039574,0.877771162881865,0.865369237459856
6616,-0.229079736540179,0.181606254541426,0.851565981774471,0.760517808696351
6617,-0.212263340515793,0.39056923959311,0.814132340571253,0.867287674959112
6618,-0.241704658553454,0.427504572252244,0.739863780302141,0.908046802392067
6619,-0.231312145554495,0.231942456712042,0.721265968636286,0.811258523796203
6620,-0.209624138575442,0.283983633380422,0.69734729931829,0.815459092909253
6621,-0.218288230505169,0.174427498975661,0.866831278759884,0.798320521511967
6622,-0.209889816806711,0.293699787484342,0.899185875367461,0.868062153470218
6623,-0.222633547517976,0.968767283758616,0.880373228524635,0.933062954819222
6624,-0.210616340073441,0.520564722130877,0.892713665062862,0.937664379648123
6625,-0.224351716377111,1.52547432978429,0.714160749367525,0.969745471249081
6626,-0.209922937387879,1.20983698471468,0.75963975059039,0.97170579072193
6627,-0.229122271488659,2.08689591490911,1.08782233867145,0.982933117870787
6628,-0.234950647570094,3.23005354230877,0.749175871647095,0.985599413123948
6629,-0.211144830216927,2.93965079870211,0.900037908956853,0.984621996799205
6630,-0.22954591820698,2.14490665798844,0.952128298994989,0.981728351449113
6631,-0.230561475062304,3.1944238273685,0.835688910598531,0.988050677922123
6632,-0.21775267396957,4.18425686634854,0.862272682548181,0.988949758636183
6633,-0.211933178344583,6.51419771014158,0.721861015186929,0.991664516124994
6634,-0.215982409185404,5.92878870757643,0.66404372251659,0.992888683899674
6635,-0.224288881158127,7.95262873087582,0.713221658476407,0.993165247042041
6636,-0.226088534042167,6.37384516945689,0.850955491396771,0.994548088029234
6637,-0.209887692577963,8.33102541590017,0.972995730152703,0.995691931834271
6638,-0.197803044218628,6.45305554200416,0.892802419785908,0.99331348191322
6639,-0.235496551516919,8.01348574683923,0.842492516279158,0.99502815419724
6640,-0.227883064975334,11.7498558028575,1.04399653569167,0.996120804085856
6641,-0.208528698426583,5.81478624001739,0.919220002245298,0.992126499848611
6642,-0.213394144144948,4.89232777900738,0.890847554434802,0.99149879062764
6643,-0.221012092493073,1.47397286379659,1.01988601270489,0.96911931594018
6644,-0.218452283395322,1.68607215241431,0.900116759001828,0.983953300394959
6645,-0.235794190625191,1.435263543549,0.857438520831845,0.97458896075913
6646,-0.230403274088738,1.56594805172875,0.855308545324164,0.973956508118973
6647,-0.213754834646517,0.754447863852656,0.850407028356029,0.959277272484542
6648,-0.211377384256518,0.738420650003201,0.813947904005968,0.945741963460617
6649,-0.200973757885564,0.950142374181244,0.830032756768278,0.952027391015317
6650,-0.219347961204372,0.799245442495974,0.727743355624754,0.94295159516564
6651,-0.223113451346662,1.25467744789773,0.794352838774154,0.961472360879479
6652,-0.19771964878048,1.24199783348347,0.74661608492739,0.951443181240934
6653,-0.224678496611045,0.447571003887382,0.730950033666315,0.907126450295855
6654,-0.235333758231683,0.613702039331712,0.917153075003026,0.945334018699263
6655,-0.244002501015374,0.656217574968912,0.889113557311801,0.945995649620754
6656,-0.221049342220509,0.657013638291712,0.800349499612933,0.939905715903586
6657,-0.218767724966506,0.394982466146363,0.866283748014514,0.898966968470947
6658,-0.220720507962332,0.294478947052799,0.990039160206213,0.903743120760428
6659,-0.189835597859318,0.646340595806025,0.873514068437849,0.902122691964112
6660,-0.221796138650709,0.151310991627932,0.800949434892673,0.765443167851413
6661,-0.223295928523924,0.238375792715179,0.894630410608653,0.834652831857538
6662,-0.208008699788359,0.28917650914755,0.845477888181108,0.857170800076039
6663,-0.219440121901056,0.261332006259074,0.956435506513348,0.814613655182559
6664,-0.228353534896278,0.224444418244218,0.821823261985181,0.801137001635095
6665,-0.2150842742347,0.499863656722462,0.818884070172388,0.883754814544207
6666,-0.216502279072508,0.310257570663514,0.714380704393935,0.806144743249101
6667,-0.231392303817415,0.476001331058103,0.881852324283054,0.893283244126931
6668,-0.22012297107349,0.237678806276267,0.938483337165243,0.755427901618534
6669,-0.238887165340582,0.364218140189641,0.715760811821428,0.868199924854333
6670,-0.221317472913342,0.460705877147776,1.06532142137142,0.908570489649043
6671,-0.220797112540197,0.487123840325096,0.960605121285297,0.899758349642885
6672,-0.231084444643698,0.377836062079474,0.77691683181761,0.85729293727543
6673,-0.203117810800774,0.187558892964402,0.812076578156609,0.773324901704382
6674,-0.219810969115376,0.335478935418065,0.698954940279389,0.820040871305636
6675,-0.232360811869005,0.229409138331195,0.888570280718273,0.820261470664244
6676,-0.209303628664859,0.115243997262735,0.730753587157666,0.757435553994469
6677,-0.202869314024906,0.20600211689478,0.85814028694609,0.813373238956541
6678,-0.234244980771538,0.287107859606297,1.02240729676139,0.824375017221383
6679,-0.231961557554868,0.269691680362539,0.991892533903234,0.820550454820226
6680,-0.224565872510084,0.343819625293255,0.701542247620995,0.851147975147258
6681,-0.218028843350816,0.156167100556385,0.807740634267919,0.741219178428583
6682,-0.220517202542869,0.142055651860924,0.785955318646517,0.71859140565682
6683,-0.221610023776356,0.190872752190207,1.14030811890285,0.84855446049758
6684,-0.216964014367243,0.293338149906187,1.00085557706546,0.872844098438561
6685,-0.211895344732456,0.173055090432923,1.02240228108335,0.784256387340386
6686,-0.208371983280617,0.218222291903637,0.878055665483832,0.842068295646501
6687,-0.210354208619134,0.263853721198589,0.988141296504178,0.866462421285562
6688,-0.219109623587418,0.206404468848436,0.964496859428823,0.799239381126623
6689,-0.215057187300426,0.215617107681779,0.899010917760229,0.811139337145596
6690,-0.205996742187734,0.276461248571106,0.848957493018811,0.832861296785309
6691,-0.229847777412801,0.312690537783106,0.681930061376979,0.80835786980501
6692,-0.223154931210795,0.260106645039969,0.91740983086572,0.846959105375511
6693,-0.214737562063207,0.142308408068814,1.11895190391975,0.737994172361051
6694,-0.202072475770153,0.159796643941172,0.820689862923509,0.701957323454213
6695,-0.217173960116892,0.125280170124237,0.948890334519871,0.728402521350136
6696,-0.222203377474582,0.278531823807933,0.780638047661341,0.840975600984179
6697,-0.228413594867258,0.281849924549966,0.99896421276128,0.826466416503383
6698,-0.216656666930379,0.181362551726537,0.747235160729602,0.746973371011984
6699,-0.216205289089355,0.197467233521448,1.05046641519757,0.823547588797159
6700,-0.229554756792467,0.25840168266205,0.812138077726207,0.806941568941734
6701,-0.216014102073403,0.232177354214617,1.13867753778973,0.806616515117242
6702,-0.203801187388835,0.191490401436722,0.849884696332843,0.794645089672361
6703,-0.217644558924872,0.134017792436617,0.774689562964228,0.62413900488556
6704,-0.229804014733879,0.137458159647581,0.82841949497784,0.560861580738464
6705,-0.218877333904649,0.130909179960915,0.927878545333382,0.516899560046899
6706,-0.215134820100077,0.166843353970065,0.988621530157064,0.729443800059314
6707,-0.214357801597859,0.204479303022708,0.926691846948253,0.827670830914102
6708,-0.202564570990726,0.228686843819426,1.05925453061127,0.821573669775374
6709,-0.219457986044527,0.240572930333,1.09137794033087,0.791436448985603
6710,-0.217730786111234,0.253711900744147,0.87348814420419,0.788123073009675
6711,-0.21959785038791,0.226799810045726,0.828580697022326,0.827806171924877
6712,-0.219396397889513,0.238466135641912,0.891388596213086,0.811265054996887
6713,-0.232229418284396,0.24871928588999,0.906680573611146,0.813136623686688
6714,-0.203416056909831,0.286628733689167,1.0320759466897,0.810557664599353
6715,-0.21466542690783,0.283865162378837,0.898458006007013,0.863712921025927
6716,-0.219018427552398,0.259424599182218,0.840130692307919,0.785870269506523
6717,-0.235011372199422,0.25857054107431,0.85870828931617,0.780083397003542
6718,-0.217748256642428,0.20879831479526,1.07529305728643,0.857975308578641
6719,-0.217838625824927,0.336117099616013,1.07674421040088,0.897102436549238
6720,-0.222330241921306,1.16005331330996,0.901757652142218,0.975282994915703
6721,-0.216763638808928,1.31920067881054,1.02752243101357,0.974079130885278
6722,-0.20010047387327,0.673377356983368,0.828200341461396,0.938060437718078
6723,-0.221351598622948,0.535991511222737,0.874350350503095,0.937417233073893
6724,-0.224053352447514,0.274814497241841,0.828961351107898,0.822610513732822
6725,-0.222208544905882,0.17573211119332,0.773919506724754,0.759282932310006
6726,-0.205098966716708,0.355302137755175,0.917638382780611,0.864190033941091
6727,-0.21815635379588,0.444127830474603,0.950067305684758,0.907670010608306
6728,-0.199327772412032,0.857714389622921,0.853533017487668,0.942921834207849
6729,-0.232539362358815,0.4417256708645,1.02936952314987,0.887864686506419
6730,-0.25079564309485,0.195825974378053,0.842272520815949,0.800400723996869
6731,-0.219126926974918,0.198364379012193,1.009773195955,0.79615642000757
6732,-0.233991201994303,0.252190871927564,0.856791908938775,0.887382848152834
6733,-0.21751894387421,0.315869256389451,0.883868776422649,0.902507948218659
6734,-0.208449702454834,0.506284320392581,0.733913561509249,0.905264092979826
6735,-0.211498069114128,0.24285840128949,0.813922798460774,0.815621274105197
6736,-0.212972829124334,0.178094068371462,0.780609397945513,0.773467957859949
6737,-0.195068440482953,0.44857750781221,0.925162695131383,0.925818551721359
6738,-0.215289538497064,0.680380514940189,0.897757643070171,0.933790614154094
6739,-0.223429802431858,0.965602455718518,1.07135722581185,0.954496212222787
6740,-0.22191304534409,1.13518890203362,0.7542033280449,0.962437544662592
6741,-0.228545946129789,1.37707911197161,0.769650139830589,0.974551966762136
6742,-0.209451371843014,0.362539299504699,0.916065569926837,0.907101725313749
6743,-0.212370455585621,0.705020163846722,0.754362274532105,0.935894112871528
6744,-0.220326167310863,0.939070108559729,0.893712224052759,0.953659723491671
6745,-0.215306865921399,0.444299786478016,0.745568899313818,0.917794151177269
6746,-0.219732014416663,0.199175153010876,0.877527042019532,0.805964610768311
6747,-0.226193548308126,0.201475071948586,0.817748268911515,0.796504409523275
6748,-0.207548976013473,0.274102984911748,0.775498891150816,0.84376573887205
6749,-0.236491332459755,0.287222790750666,0.812036816006477,0.838486635429343
6750,-0.230957436345436,0.140757819388414,0.879808739517586,0.747346186851092
6751,-0.196096093388658,0.125286043016446,0.832198535545388,0.726381754298389
6752,-0.228522967196767,0.175087217821598,0.771045104932973,0.715754440628037
6753,-0.214261401181002,0.189441780260046,0.83062182958696,0.804271290392035
6754,-0.223846806333707,0.250906069081773,0.891076649656387,0.853318131658521
6755,-0.223560162113002,0.200045223047739,0.759286727840127,0.743758710688465
6756,-0.213923666867502,0.188481959143032,0.972599092811113,0.686296583892504
6757,-0.209527921514764,0.193970931815761,0.74913865025868,0.808912679804974
6758,-0.224836659471468,0.207803174858461,0.896905126369666,0.789459813964972
6759,-0.219767982393124,0.573512826174942,0.922227876827012,0.92309956112991
6760,-0.230725611873495,0.240792140395917,0.854996655750286,0.862594116256973
6761,-0.201826829828686,0.307339633817067,0.867476099554173,0.908439289427578
6762,-0.208311724525343,0.381767223295817,0.722771830737783,0.865812691597478
6763,-0.210685167851328,0.351120007433293,0.914883676588744,0.906902264678784
6764,-0.211625711568427,0.466122569680683,0.872052216681539,0.8947354754666
6765,-0.222000266536473,0.425991545413258,1.00623541800222,0.906140333636221
6766,-0.204997801926744,0.220081232710707,0.849364745435114,0.790044396083457
6767,-0.229741479594321,0.120196923703474,0.912587514001044,0.583948734031569
6768,-0.215795521773783,0.319383647442515,0.855226885603519,0.818945131725905
6769,-0.215698776142918,0.225353747363626,0.898385349856715,0.849872204260705
6770,-0.243844238711545,0.14972728699712,0.914036200084447,0.75783469305808
6771,-0.207495754316534,0.171691688629179,0.944956249564666,0.734763626501444
6772,-0.215310411656362,0.215441088158753,0.905421315864343,0.776355263307167
6773,-0.22413321684091,0.355948436926353,0.897923451764722,0.865565616030583
6774,-0.219361278127712,0.111259725941102,0.80794613920496,0.644683747958826
6775,-0.225412465157519,0.349166152657276,1.02007216987965,0.881086905934812
6776,-0.226152219640736,0.118891743235179,1.07511769888394,0.72695913366919
6777,-0.239982413722921,0.273147998722716,0.930937088791436,0.825577424578192
6778,-0.236066699411254,0.176112578141978,0.915472446467641,0.725493940796379
6779,-0.231379336323188,0.176999110457571,0.886218804605011,0.821172950357736
6780,-0.236486397926242,0.16899794999311,0.925124573174061,0.75999160447158
6781,-0.210934027295505,0.162057902393148,0.768872082663386,0.708307618352244
6782,-0.242107933389817,0.13327801217942,0.80985651116892,0.668055836946044
6783,-0.216746006848241,0.13890367302119,0.835498828177526,0.728197298098189
6784,-0.220839655994931,0.258691556424979,0.903930889964943,0.830903445234968
6785,-0.214636306698019,0.282475383703224,0.718630860591216,0.864589380989955
6786,-0.224817484968063,0.407592190356191,0.759333739365021,0.886529293670299
6787,-0.21021879728937,0.415854664167142,0.889491623782364,0.891370160202718
6788,-0.225312660388443,0.221746905365336,0.856712375128397,0.875390869718912
6789,-0.211053412959551,0.288812722931902,1.07355270032391,0.837516889447162
6790,-0.21825642420933,0.177084340838295,1.05051538521907,0.781718347112836
6791,-0.245649177780952,0.272341369023554,0.900880187143394,0.859282298460882
6792,-0.222356911305044,0.419231737594208,0.750255371414546,0.908512997872794
6793,-0.208838493124436,0.410858047273555,0.686084132376409,0.857539462182411
6794,-0.232576650564175,0.35676444863939,0.901579413714455,0.832016827186196
6795,-0.224520803579067,0.512469855428884,0.933298031607006,0.928077738247135
6796,-0.221487151060315,0.387759528436011,1.08046010723966,0.887373332518414
6797,-0.224879935021545,0.452022293198326,0.774346449828009,0.935164968372156
6798,-0.221710166672308,0.790369815059268,0.85799110142393,0.931037305577069
6799,-0.217878775582304,0.486351474554271,0.795790360663844,0.917541266658232
6800,-0.21805750149803,0.450417791529045,0.638868766272129,0.881310838908612
6801,-0.240295279585292,0.200718494778023,0.856798390881727,0.802518794429086
6802,-0.229281186215456,0.145225769559989,1.00730541073536,0.737664170656375
6803,-0.208572551043252,0.196319199843109,0.80520795736853,0.79333309802018
6804,-0.212495178688825,0.236273097476862,0.780652156945295,0.875626950941645
6805,-0.192191851936661,0.265213445040593,0.871763058266222,0.862983548888742
6806,-0.221825074671349,0.398925878449703,1.05911572003311,0.914808440342781
6807,-0.233931842068013,0.555156597562176,0.801356527850318,0.940435208174598
6808,-0.220312923660431,0.643112158574566,0.874097550797728,0.939857117067709
6809,-0.215967985752934,0.541965257534117,0.90840478617682,0.918946256753982
6810,-0.225921345132511,0.465052551414976,0.922356614855961,0.915808005190823
6811,-0.206436376480901,0.718741899365574,0.780275369825743,0.956138569576329
6812,-0.214456809037562,0.423445677696185,0.860879452455123,0.910382088177733
6813,-0.235543697253413,0.291112954521314,0.701301868056872,0.857984842662646
6814,-0.210524625558933,0.208679467494742,1.03626077238357,0.806312993523641
6815,-0.221985781981352,0.272312097566673,0.723130890470258,0.831851555787002
6816,-0.217606718888271,0.31631979783584,0.917958714908153,0.86756638779001
6817,-0.218103412792336,0.298527032385329,0.876754162518871,0.887065302989798
6818,-0.224820835997981,1.47698798664015,0.962789130997132,0.971949180262514
6819,-0.229918632829101,0.768096488744307,0.857069625468133,0.958222516799987
6820,-0.231522693596901,1.90339033480636,0.878098245637095,0.96996690135194
6821,-0.21268808723059,0.833955373157592,0.888305140460666,0.955778075444037
6822,-0.208580845448268,1.06169667218077,0.84457338446107,0.95918074941259
6823,-0.224114264044999,0.628980753971989,0.686367916319752,0.909552960146459
6824,-0.229580763024901,0.271139588787406,0.740712844989344,0.867499602347989
6825,-0.216787496395467,0.197643721358212,1.02467908744409,0.791876450244251
6826,-0.237457947246254,0.142747747962034,0.859839484662426,0.712307908334216
6827,-0.212052925423584,0.290623554245402,0.778361718088053,0.841544713786273
6828,-0.218583480531134,0.335346945314778,0.780467942539157,0.860370640517091
6829,-0.239220726835815,0.22686291343278,0.85738318582718,0.870100917476011
6830,-0.20819540454158,0.260976603832494,0.953814002533704,0.858619245796137
6831,-0.213900450491413,0.421929283189493,0.893682512969216,0.913393207424949
6832,-0.232315530469825,0.368587303712211,0.993453965590667,0.901029866082325
6833,-0.22919162427369,0.253657513003142,0.998069776883205,0.877241346867779
6834,-0.234031013285439,0.227002552481661,0.933580538742974,0.877496257227328
6835,-0.244551207889225,0.45385477191333,1.00893194083379,0.89276266285938
6836,-0.228479928532464,0.345214873978469,1.00348957551548,0.876569107478652
6837,-0.222287848093376,0.804004430881463,0.672295205343113,0.930212900624451
6838,-0.220208085382579,0.405088553770528,0.690690813517303,0.927775498824633
6839,-0.233721329122458,0.569342425429715,0.722799317021989,0.943055166698253
6840,-0.212186722876223,0.336130359294586,0.950793695565581,0.896067632668047
6841,-0.226019534836239,0.202180297682508,0.914166616889943,0.794098675125473
6842,-0.222272497934627,0.164392556334144,0.846236127680788,0.690921129515167
6843,-0.213868070740461,0.20925401108778,0.932606436725649,0.778112368217396
6844,-0.22616343187754,0.192058551533077,0.702395070856987,0.759388213358767
6845,-0.236563374730967,0.175154720534213,0.7238146742776,0.699780981513673
6846,-0.230601098840918,0.106534896477189,0.924399191562835,0.756125368696157
6847,-0.24544879084863,0.163612033621281,0.843036216325657,0.735361058878568
6848,-0.224114752507551,0.170806862647839,0.889175178722728,0.663459324816416
6849,-0.217313213519087,0.247105648418995,0.728003980434699,0.79984883891058
6850,-0.213431237015671,0.178264617653264,0.840273964967987,0.738176148335497
6851,-0.222793015181901,0.190703954220652,0.713165938580513,0.809542144823705
6852,-0.241227765927089,0.168635428205287,0.843730166493943,0.753290344208875
6853,-0.212456879270937,0.147707447202627,0.86718518430776,0.753041421264395
6854,-0.235514893493474,0.246505040830488,0.882154647202862,0.827705251238744
6855,-0.217035664415895,0.210634256887196,1.03098841629897,0.795795437677048
6856,-0.214512423023909,0.191282715407558,0.849916302296001,0.821473320507396
6857,-0.216065684965578,0.123168582367106,0.921262816771401,0.723790164867959
6858,-0.221856695773491,0.231020570358038,0.926907541254713,0.790033689374418
6859,-0.228727988717796,0.172918416856885,0.752450606780621,0.750025913028123
6860,-0.221451209197096,0.189219451137358,0.914385606437308,0.791723443031629
6861,-0.224814877511448,0.282694905638847,0.836449439959348,0.856132341878021
6862,-0.227954228609747,0.283244685737178,0.857851188886543,0.902501023421608
6863,-0.221080214653837,0.389911438699608,0.84265254108635,0.904562567741954
6864,-0.243938529378383,0.625624816225852,0.794333493690551,0.937713527986479
6865,-0.207253152824063,0.521327351452344,0.905351421268414,0.930014563351551
6866,-0.214998657092151,0.474372758895373,0.973974715070096,0.90371916167997
6867,-0.224968954311416,0.241322374196475,0.78880224000625,0.767259116830037
6868,-0.205549932070803,0.174413533352892,0.925755281315148,0.791207009760912
6869,-0.211423871722361,0.211807973096648,0.749298816437487,0.821328763292161
6870,-0.231177383675584,0.2883648936935,0.898233439589161,0.867690644916103
6871,-0.207760271250284,0.239278516459884,0.895297899797701,0.85755688717659
6872,-0.225256562680642,0.139078777170796,0.775458620721493,0.808413919468856
6873,-0.213096838682894,0.202480972940959,0.866956882577212,0.795939417837789
6874,-0.223892751136212,0.254217230947906,0.778542948364107,0.796132477109812
6875,-0.223184738723801,0.302916339765429,0.761008635696,0.821501589325861
6876,-0.233994628166348,0.28502902798029,0.914705511303225,0.812615432882914
6877,-0.222265438037408,0.290802679155207,0.848791939168177,0.903731545793126
6878,-0.241628141793022,0.451983491371939,0.787821672743909,0.886156991015988
6879,-0.217057938757292,0.425586702144896,0.860235858956536,0.92491446674113
6880,-0.221024571484214,0.466468251034187,0.858734255422713,0.904017715822693
6881,-0.211717778678007,0.370723374807632,0.888231651350292,0.916188702578869
6882,-0.227923828962388,0.969530310074437,0.899040434101996,0.952386681568491
6883,-0.207353126832133,1.26993004455178,0.764645142123621,0.962953916964465
6884,-0.230945449147878,0.704351984083002,0.878873028368585,0.945707036779956
6885,-0.228376893196048,0.676861822104978,1.07981469050398,0.944280696511189
6886,-0.205765544682516,0.642300300570408,0.865685625494145,0.930550487391268
6887,-0.218557061457936,0.284630858981633,0.907222169604218,0.875065206840673
6888,-0.222217877633753,0.269046845648776,0.921202254442773,0.867969042816657
6889,-0.224345175778865,0.155391235621473,0.874604322233417,0.725043160233945
6890,-0.225897389580286,0.183545777800696,0.872305087433947,0.765383006722111
6891,-0.209677184296097,0.158938693032467,0.899159020387141,0.761520343287561
6892,-0.225907376654192,0.263865072043161,0.674826871856319,0.821665653296258
6893,-0.198615188179747,0.291734811930654,0.875026887681668,0.836698315566715
6894,-0.219940300357844,0.259800661892283,0.965144786413677,0.834980991072506
6895,-0.236685173335459,0.233921723774478,0.770252064738526,0.724258859725042
6896,-0.225434558672264,0.167469595294143,0.795036479594953,0.723989460883271
6897,-0.23007077005627,0.174121105551556,0.899677346287841,0.735557186256439
6898,-0.228374410384867,0.13227556791513,0.810410075550275,0.615724503128158
6899,-0.215808276127701,0.357954161138095,0.764918992113538,0.875170262551592
6900,-0.209419612341653,0.514659135405123,0.898107922877523,0.919161478575286
6901,-0.237995050867719,1.2744916103707,0.854908059840544,0.9669836274301
6902,-0.204108208267546,1.13151992690089,0.765669821744956,0.962753102959089
6903,-0.233949754404534,0.682674762886314,0.874614607844347,0.938468422553815
6904,-0.213988720648973,0.366384603393192,0.85793232214774,0.871814773941006
6905,-0.210090855523488,0.470382593177186,0.732771432783613,0.914422123984803
6906,-0.215510772664396,0.542128957388592,0.746990397884992,0.9005234457021
6907,-0.227815781392793,0.322082211205055,0.794988394701641,0.854328670110415
6908,-0.241346225923041,0.496521804643738,0.818220116777582,0.919254496195892
6909,-0.213973920950697,0.850332350084073,0.796053943078429,0.964559504276988
6910,-0.220251372088421,0.645544839275034,0.885803346870654,0.934001458955898
6911,-0.223764451819812,1.02991879426605,0.892886622697887,0.966377437668261
6912,-0.23009188682016,1.34255870387606,0.883140661442571,0.969538626814436
6913,-0.206999523763537,0.57496422913857,0.837851143282268,0.938926935419808
6914,-0.222200577256937,0.392160472383062,0.884151089059703,0.885143099974917
6915,-0.225637791213403,0.351026693806616,0.729761975759114,0.878991323253496
6916,-0.215918612050444,0.193993738408938,0.841985677846902,0.837810912601821
6917,-0.212690078404898,0.343920647511706,0.950984889708133,0.844955950041858
6918,-0.224416963039763,0.149657506293375,0.754102991319538,0.612981471617078
6919,-0.210574564666091,0.296990248364666,0.965667524301943,0.853974082251701
6920,-0.201024424361266,0.362546699471506,0.914959394504908,0.88764434796487
6921,-0.225033006515959,0.325468219471488,0.91290086816699,0.857725935187159
6922,-0.234285331612107,0.359315273058587,0.912439300380945,0.886958080083889
6923,-0.212777842703169,1.06001852454962,0.853164828606886,0.950025875649452
6924,-0.217012635659026,0.427573138212432,0.799034350029347,0.910410144682851
6925,-0.215494289738486,0.253259181300433,0.887388154342746,0.849893741965276
6926,-0.193548032456009,0.307800890408903,0.894610134398981,0.845803321644967
6927,-0.201206713572056,0.260563961345542,0.845649407683734,0.836739171811786
6928,-0.219606028777555,0.268557754020911,1.08528182931203,0.866081640417096
6929,-0.230170652578208,0.240126804549399,0.945307282575036,0.832824996826026
6930,-0.214307900563709,0.211690507050372,1.00574695841537,0.824657042901924
6931,-0.22325879163583,0.164326692112377,0.844715609776152,0.785803086306998
6932,-0.233066961480804,0.16680987211761,0.756928693432463,0.815823426722217
6933,-0.219042022244039,0.574047844435827,0.814893840183792,0.938280189463361
6934,-0.237272794796974,0.883232854143972,0.754555231925115,0.945792761155806
6935,-0.224635955007622,0.523925815254219,0.784491119597551,0.917186411157586
6936,-0.227734572586226,0.432167941900495,0.864853569784523,0.914165263883281
6937,-0.209935574561657,0.816353182505246,0.800147366781374,0.952939594072916
6938,-0.22144807472923,0.516750835116728,0.874753675201914,0.922752976427378
6939,-0.228062416795676,0.65596144949423,0.884808735329964,0.936216087620801
6940,-0.215795066829242,0.551629493880258,0.920875582389948,0.918588177586227
6941,-0.237389584920389,0.560483065205773,0.974825217811781,0.923411098688509
6942,-0.220175620800723,0.732292448997392,0.908857269410834,0.922716079575489
6943,-0.219478456914177,0.209895264801194,0.888467975437734,0.812159037041747
6944,-0.210488944161605,0.187313536451324,0.895839004136694,0.825863959048359
6945,-0.216082304326612,0.641138847853295,0.973258244533573,0.928171856885168
6946,-0.223109699456638,0.233697858420314,0.717407751421803,0.821582453149102
6947,-0.225619376816908,0.319107590980665,1.00026929190745,0.853369012545724
6948,-0.219517213308084,0.200614899636873,0.908370502564625,0.817482894503283
6949,-0.216824504168001,0.245377611157113,1.00260352002052,0.886509633376356
6950,-0.22246454650224,0.300354511302778,0.901997355953343,0.869868900494451
6951,-0.229849503667816,0.628087392889646,0.850871934086935,0.930760205285887
6952,-0.20882819561601,0.605521441629843,0.871943260005877,0.943491826528248
6953,-0.204081638009531,0.279454958684339,1.02648034274557,0.828847692368853
6954,-0.238534127868305,0.375183139922443,0.856133071113662,0.855084265491175
6955,-0.217947615159175,0.420244605489229,0.882900616014158,0.891886255457339
6956,-0.229263291634129,0.226659932431148,1.04758600094645,0.875058849541845
6957,-0.222931727131416,0.156717740887424,0.894873807807048,0.771143728683464
6958,-0.223893870849838,0.147035740211398,1.01665850193954,0.673699773385181
6959,-0.238979317382696,0.224992834527612,0.866653333601356,0.788197505172806
6960,-0.229407713767498,0.178280250648587,0.77451809196638,0.77629165947209
6961,-0.227972968344444,0.128108604465134,0.859203449921835,0.683084025196866
6962,-0.231802998268488,0.212011083681291,0.781917195127985,0.803608818020922
6963,-0.249959715220115,0.323782841859472,0.843201569921195,0.880836420072416
6964,-0.218742132693716,0.40319593333795,1.02912934180875,0.920695886428617
6965,-0.214124561365618,0.978411232095544,0.836178740009842,0.942682721534613
6966,-0.204803488196183,0.461766792397342,1.06689153219807,0.910254792207609
6967,-0.226019138144898,0.391957155950563,0.836049106066461,0.90055478743212
6968,-0.239214002300868,0.278840680462668,0.993217180111373,0.883733734977803
6969,-0.197197454284204,0.312713330183024,0.830532956855579,0.858041841682242
6970,-0.232296014216869,0.34880729055646,0.892124742919904,0.901435876181706
6971,-0.205370100385054,0.257461898366708,0.743502871241205,0.781833671250582
6972,-0.208864498443537,0.124825475764792,0.827494346043363,0.727052516803255
6973,-0.222935870547309,0.109071290806739,0.768884457557746,0.59020017938612
6974,-0.210736713581098,0.137105219667322,0.77161184038247,0.699792056181019
6975,-0.228560984356044,0.28003343611801,0.81795931937966,0.854278627150115
6976,-0.227429183406436,0.232495047653832,0.889440690913178,0.781969165206358
6977,-0.226276222796455,0.140316362046263,0.895144599334923,0.699072470762037
6978,-0.214601299600228,0.214662849794117,0.879911521455832,0.813974092966982
6979,-0.221638988053064,0.262870739884031,1.06572217366165,0.860266625931323
6980,-0.213826487414559,0.330187425162346,0.857070816632092,0.888451384222415
6981,-0.213260047540379,0.502093843522738,1.1439218571709,0.884600841634228
6982,-0.234873976028509,0.236249178672744,0.778820751184009,0.819741361342012
6983,-0.214813852862615,0.257156178183643,0.722516579837097,0.849465587496564
6984,-0.205931645502293,0.271862754384699,0.951283545689813,0.835000143940915
6985,-0.211349132550013,0.340983539315309,0.966584380960629,0.874892435512582
6986,-0.222829850259403,0.364248141854036,1.08545987924864,0.901325928306997
6987,-0.214031006541098,0.194432351830497,0.88782366293114,0.809447454668734
6988,-0.226844180552407,0.157640920193574,0.699640225809411,0.678367393205399
6989,-0.22901321175176,0.139723721356478,0.84537090621156,0.723696295105866
6990,-0.215933648137893,0.104086702078447,1.00916944300925,0.579874592286359
6991,-0.213847682543814,0.12530191732164,0.805604358645528,0.634339791778198
6992,-0.226603718933663,0.218930324597761,0.836875207008255,0.755815551430456
6993,-0.217491593111363,0.117473892481076,0.762591340586738,0.72583973316059
6994,-0.219479347035467,0.111700855301469,0.770133375300696,0.645014246957229
6995,-0.235945359300809,0.271384587985601,0.777261795966979,0.836581226283123
6996,-0.226489245740946,0.171997266958278,1.05350795400603,0.831454610899426
6997,-0.212568769568541,0.404659185090571,1.01889875984191,0.892548127939113
6998,-0.220958765318041,0.879674831669386,0.930583617447991,0.923855884509462
6999,-0.211897606771179,0.365846731550047,0.849193341909687,0.880943177059005
7000,-0.229081267819627,0.480923799880631,0.880279824762835,0.921765928541297
7001,-0.224132629139261,0.318585934127549,0.918297486375668,0.870686641513041
7002,-0.231734428594922,0.277527183015865,0.899449692853966,0.828183689289265
7003,-0.224742516897926,0.295353688833345,0.803732008190097,0.827894824773934
7004,-0.223745710492256,0.248520712634428,0.915578925773982,0.870652777284052
7005,-0.209764494542317,0.358639732593236,0.905483924905252,0.889969853924712
7006,-0.227254690316455,0.417222288069693,0.907232453977492,0.875534223307065
7007,-0.232649374766002,0.634728450670397,0.883711009726108,0.935872362066402
7008,-0.226810027391308,0.467677924884566,0.877382012574468,0.920290845501112
7009,-0.217379840071669,0.42516427049623,0.905907750407566,0.886112601637957
7010,-0.212061303622369,0.827564565144576,0.746030010899848,0.93182225945307
7011,-0.219441325810303,0.296433689834094,0.830400740107184,0.852553776571768
7012,-0.229738228922745,0.259826070731578,0.870273803174677,0.848266038822809
7013,-0.21883207277561,0.268389266160645,0.895332653853706,0.865168128825658
7014,-0.21961137341479,0.282484314840887,0.900986935482245,0.869426624927448
7015,-0.224444081777814,0.377932786031588,0.756439814305449,0.87314435386959
7016,-0.230495533106554,0.430987280975716,0.727124547515872,0.919166349674479
7017,-0.212122851574974,0.156841135051562,0.873318793550967,0.791753282407149
7018,-0.225628032017727,0.31038168802136,1.03973178852612,0.893150806099101
7019,-0.189652477870074,0.586918239546102,0.942396849931272,0.943929621115735
7020,-0.222709439535099,0.528052976362487,0.839620606933717,0.904751387824392
7021,-0.231808695960699,0.144061622673577,0.898115974655446,0.813534376390934
7022,-0.224001203124036,0.307734639731599,0.90526427272187,0.89445648374986
7023,-0.205171395455855,0.962982367875797,0.933114483866683,0.962467872435853
7024,-0.217884066992454,0.803988440498111,0.800045369260946,0.952665210547358
7025,-0.216177168768035,1.11512144353834,0.84421663216558,0.956137986972324
7026,-0.210581007068559,1.32538966601885,0.856478847629137,0.973383743864906
7027,-0.223909916988406,0.912605583019835,0.98916996921876,0.962495701991475
7028,-0.211745564562185,0.841330840539366,0.973441825551712,0.953518194745658
7029,-0.215940076016084,0.664653428087103,0.843459785187958,0.934008088943369
7030,-0.221767670467384,0.321450880609346,0.780122327992903,0.835087103240869
7031,-0.233760043413327,0.267139235903935,0.739923523063088,0.858772394539828
7032,-0.218453438449446,0.419298179345183,0.919049655510262,0.898516751515136
7033,-0.203122601725129,0.509220991642657,0.900630012830493,0.90611276170984
7034,-0.213812708200511,0.220954328572506,1.05011774675145,0.836022745894792
7035,-0.213328965327788,0.25483282570071,0.972128036731416,0.841590843100701
7036,-0.208489797199621,0.258211510061877,1.10865376546442,0.844465348307913
7037,-0.215905216422447,0.23583020303201,0.901402598835528,0.79842248077795
7038,-0.221202835717839,0.12595112530117,0.752970217041862,0.636251812153126
7039,-0.213229805409564,0.178191697412086,0.881376147486522,0.727005797514017
7040,-0.213694636896538,0.224271998026196,1.05861309553111,0.827145148769758
7041,-0.224912896203005,0.157688717615309,0.823364903228061,0.781958886560875
7042,-0.211087553140466,0.264012893022271,0.69660751135146,0.789965493039126
7043,-0.218937301749918,0.256583116596163,0.915704995537753,0.855217217642841
7044,-0.213847854651106,0.183848346800406,0.860177344699921,0.806832241164127
7045,-0.224281722953876,0.332246056724317,0.897665404006287,0.880577382961434
7046,-0.221681216394778,0.248786795949694,0.941506588952105,0.771083920937043
7047,-0.229050667236056,0.295153557627712,0.800660916747851,0.869732074846066
7048,-0.224885632456633,0.211098743947551,0.793861086340665,0.81373464652894
7049,-0.230890877687742,0.430399642821726,0.903329987727464,0.87559888804259
7050,-0.222347357188211,0.198166480865038,0.809019820264054,0.843831652840129
7051,-0.207723780186377,0.142577626599161,0.814227499699705,0.776314295733
7052,-0.222199610068393,0.235665334018637,0.844792181465241,0.813054300829619
7053,-0.227985347289427,0.363950147005183,0.732905030206447,0.859835537977156
7054,-0.226773072421731,0.213857289509188,1.00053208549749,0.750080303481919
7055,-0.226526467824228,0.295739501636452,0.753506888859317,0.824508492064049
7056,-0.233492884684613,0.314787225034423,1.0344161137904,0.822281515288732
7057,-0.224078319400699,0.267966412660871,0.89336500561914,0.848785602656973
7058,-0.229057560288178,0.227493215246986,0.776216867236127,0.832214264553602
7059,-0.214150348027715,0.207104680756154,0.9134117216568,0.793916577996446
7060,-0.23223326357936,0.232706251359316,0.827727414492527,0.821902205838151
7061,-0.229293015547517,0.136509458257908,1.08532324728985,0.757065026560691
7062,-0.221837713720522,0.150334044467891,0.902226034996681,0.831123198506437
7063,-0.224526980012785,0.256714552557361,1.0068702919605,0.812727021868946
7064,-0.207687776544519,0.264316300742022,0.912862245370085,0.772899741171906
7065,-0.223798252059747,0.114514727679163,0.740545650813731,0.733846098165766
7066,-0.226737295485852,0.182768702143548,0.755200570208112,0.772864966657518
7067,-0.221749021783518,0.49094357181815,0.99522385734802,0.912294990838489
7068,-0.223379862706508,0.422238538781953,0.720896468767955,0.831667422069291
7069,-0.213815322330934,0.257214970448031,1.0774037570219,0.829498343243304
7070,-0.233123189139561,0.207098300683776,0.827925023239084,0.816124267981276
7071,-0.220871610685072,0.296019852235698,1.08644783901122,0.852535022873003
7072,-0.222740355763251,0.211851153639582,0.761701037994872,0.800243082495941
7073,-0.204972262229119,0.281796232126305,0.916324158853372,0.847164388151072
7074,-0.242895338290284,0.400904796529934,0.884054749963359,0.884192759561848
7075,-0.204474996977169,0.585032241096599,0.915284939396862,0.907949924787648
7076,-0.231853472144792,0.42045679808926,0.81353635493644,0.89863751210755
7077,-0.226684666202825,0.473187469853343,0.853436422604671,0.913231043319436
7078,-0.231037387939637,0.722529683895133,0.846573529387408,0.929117074892049
7079,-0.211587663107055,0.798796154147843,0.869027131060037,0.941501539611886
7080,-0.213048099147205,0.778231852250748,0.926036962874188,0.941894627197814
7081,-0.218511778303188,0.540819529109604,0.77949693930473,0.913319374306572
7082,-0.228953218051864,0.441355354425188,0.873263954857953,0.903450860978016
7083,-0.23334110614032,0.310777154756624,0.920171144685017,0.889787180516003
7084,-0.205849476959054,0.408785825684095,0.94113225728116,0.879599598386417
7085,-0.206338586763468,0.334237863760278,0.860770164079667,0.855764151988043
7086,-0.225984543340292,0.148528036337901,0.789928449152256,0.770221691357073
7087,-0.220075308387704,0.372440739812454,0.86549401245048,0.896557752360325
7088,-0.236017212368718,0.198831243059203,0.891838477161656,0.754262118599234
7089,-0.203222959231668,0.366190334476665,1.04346115443182,0.901530847793787
7090,-0.225690388193027,0.345005731334134,0.892145493066943,0.88856017567163
7091,-0.237001068078089,0.550144797755516,0.821194508275054,0.921752854501602
7092,-0.202638543454392,0.451798500353561,0.923111648105034,0.925451213116709
7093,-0.227208631092628,0.333376834177946,0.840451821637508,0.844779165198329
7094,-0.214735022148244,0.365322983101856,0.901853999031239,0.893196879361833
7095,-0.233689544487265,0.28320902857132,0.792762618567031,0.797645825297284
7096,-0.210938025070602,0.344668633281621,0.760803516483678,0.876507759652549
7097,-0.222356955717753,0.285488633864775,1.09318347220372,0.861537937108514
7098,-0.215518065330231,0.237520548570641,0.812362574380674,0.788872153680887
7099,-0.211085834475735,0.155300191139412,0.894240538503778,0.72356306452312
7100,-0.207288730728422,0.129678002658106,0.798758419051859,0.64974198800867
7101,-0.227954674502516,0.138778252684247,0.990064505458076,0.72563955972804
7102,-0.217537326573101,0.131442867295867,0.765697524149818,0.552987829816846
7103,-0.228509219428178,0.160479785216713,0.754412497869912,0.751085447651263
7104,-0.23049688275505,0.279194600865005,0.835468857359604,0.818020749361496
7105,-0.231240446785898,0.449683787551463,0.887386136612589,0.87477201771714
7106,-0.226070770894439,0.43888959160205,0.843548913842513,0.909855654724897
7107,-0.207885508782231,0.45695621649324,0.951227664028333,0.92425761385116
7108,-0.220822446791328,0.254156425653198,0.952467393283876,0.844794871350079
7109,-0.225553367678108,0.396020727660079,0.791411496110245,0.905968317150524
7110,-0.217602342684591,0.256884005271689,0.866016301693502,0.841276113944188
7111,-0.22840170091594,0.13165685550802,0.777142296813326,0.688872737367623
7112,-0.208142975637085,0.356036894444482,0.700542246890317,0.838759034782338
7113,-0.210200986283181,0.221825374183332,0.873332371897005,0.843725554958524
7114,-0.220823719018368,0.270043372598156,1.04935270689034,0.81757839039982
7115,-0.227932884007571,0.463896739398864,0.896214194385344,0.91820856394906
7116,-0.227985450573408,0.392437009600661,0.894998241357479,0.897135812579897
7117,-0.226445804945633,0.30766617900646,0.917654737140943,0.885278174610098
7118,-0.191446239560508,0.316364060522948,0.916419934391219,0.91819272278875
7119,-0.211085095432719,0.319789932258419,0.859974947631811,0.904457123747483
7120,-0.21505600926221,0.486591062957301,0.924567569456562,0.908192780592784
7121,-0.207320261202897,0.321734910215386,0.912284986077216,0.889415806483096
7122,-0.226212879920994,0.763266372759,0.755621307075982,0.945004532012785
7123,-0.245379686238127,0.463179742209482,0.897496722385619,0.919560996980544
7124,-0.214629400359374,0.42944238409131,0.856916861043526,0.899434562062472
7125,-0.22178187135945,0.432637126459139,0.858217539996357,0.934291140890932
7126,-0.210831344961232,0.276456164640521,0.855201498549887,0.847441000620798
7127,-0.236219827509817,0.326577729320085,0.915086254913237,0.820098717019572
7128,-0.20886098013414,0.197629540092739,0.771338749145055,0.796104630569564
7129,-0.229262666821306,0.196950669181728,0.92219244432125,0.764149244198262
7130,-0.234829937059693,0.122467823753772,0.876388052343359,0.656326651590687
7131,-0.19964542252224,0.248489240882637,0.810917817591867,0.726918100440182
7132,-0.230508090937388,0.168210618188389,0.702026255165004,0.745836678345755
7133,-0.233386987679064,0.242548506675936,0.790073293172484,0.737228443877495
7134,-0.234486589192318,0.265836275215852,0.823030850349006,0.791477084473989
7135,-0.227083756692345,0.428030279684317,0.946187670389851,0.902074057444367
7136,-0.205732101686539,0.439859846599694,0.872389689689601,0.910723585063867
7137,-0.214438531470397,0.447699578351392,0.891589857246497,0.931937219588583
7138,-0.211016966075395,0.481343913115695,0.891665278964471,0.91964230871347
7139,-0.21967558935225,0.68881308321785,0.802007842750109,0.918385736962849
7140,-0.223215491517322,0.70406610892716,0.897875305711507,0.94651085788891
7141,-0.228010174525253,0.540412785981831,1.00601562381429,0.927088029105971
7142,-0.217570909652949,0.353226074733972,0.902504745022388,0.881161917073954
7143,-0.214387941985957,0.337609276848653,0.891429401136405,0.879237002138284
7144,-0.200296929074196,0.241884477214271,1.11547223110846,0.881882123905925
7145,-0.219890157231819,0.268907441259194,0.698241330500132,0.806068968677907
7146,-0.214466858573994,0.213634425891788,0.882309012975691,0.843275064149354
7147,-0.202279761156688,0.143450636595237,0.910445704179777,0.719233958762295
7148,-0.213563771667418,0.11688874776159,0.772670996729382,0.732136811238151
7149,-0.231936585731885,0.230226406961803,1.01521943526397,0.833446632507172
7150,-0.228042012926392,0.253453246017939,0.790565122356938,0.797436833788107
7151,-0.233335619000854,0.165192093842893,0.767019156652133,0.665735957321455
7152,-0.235531561074468,0.104769835076952,0.814112995466643,0.706437787489101
7153,-0.210927027279585,0.237144683777318,0.759121095537358,0.730435398313364
7154,-0.199484391034998,0.16220262861381,0.988414801204532,0.763086408888533
7155,-0.216504232623445,0.273161730820409,0.891423213395314,0.742276160057254
7156,-0.206689650590525,0.218765659778668,1.00684823186774,0.824898498285441
7157,-0.219002449266933,0.351697091156905,0.901470126107117,0.883035711740566
7158,-0.220982214205111,0.16943236867622,0.758228401672755,0.795625441269086
7159,-0.220860325539112,0.184981044458966,0.870146407049383,0.74239339487375
7160,-0.218741403332777,0.152996008982121,0.688549917628907,0.72055811812349
7161,-0.2135069023987,0.135743513126564,0.69021937469804,0.687572157420296
7162,-0.202138729533116,0.12015155836773,0.704670249099056,0.61315734898843
7163,-0.223954671156191,0.140800714361176,0.876644139218162,0.79194284293076
7164,-0.217631184704368,0.239546205747408,0.741323269282576,0.758630083347704
7165,-0.223891317174444,0.332297739686334,0.922433315645907,0.857177846244621
7166,-0.214858654362102,0.393750949710014,0.914662585782548,0.87387828502147
7167,-0.2250569558377,0.16520681716633,0.909769981183223,0.733008331041114
7168,-0.219149301496849,0.158208069397884,0.880110415940421,0.778702673811147
7169,-0.226183600916415,0.329277157528968,0.972285259621064,0.863187970387102
7170,-0.213739478190674,0.257502761753078,0.922865908343393,0.819511821802408
7171,-0.207596291329486,0.161396087910721,1.04876502785852,0.759670974928057
7172,-0.19417250208178,0.163193246834027,0.860944432204502,0.789510927565589
7173,-0.23114086960046,0.160469997678456,0.808974494039281,0.755101842755789
7174,-0.210172545925085,0.243187133745271,0.87795241697705,0.790137111867006
7175,-0.220605420104499,0.248327322056874,1.10188954399146,0.774903807978743
7176,-0.237901127140249,0.113953639152167,0.728486492081457,0.592833656291578
7177,-0.209792684463589,0.130738847968229,0.814594278025869,0.589451344689395
7178,-0.231134903472485,0.261002616533597,0.871161156000752,0.805495344419318
7179,-0.220500221009594,0.244890962097628,0.882043007849843,0.771759876445954
7180,-0.22038744767502,0.17114308484813,0.888700717446573,0.815222383884741
7181,-0.225135689343461,0.134274205246875,0.853653950449876,0.735273891433025
7182,-0.21838160835322,0.113379394091236,0.667578408272824,0.567095659216708
7183,-0.212451027738343,0.128377705589051,0.742904103815998,0.744866262463261
7184,-0.220160075251354,0.23445277917135,0.867684529429744,0.855240346282011
7185,-0.223336428226278,0.172493909247092,0.732324895800191,0.688748364102145
7186,-0.209135635160485,0.151662773352898,0.936099914021259,0.701722592645998
7187,-0.219030495567335,0.183482037264558,0.675599644793227,0.751761465929648
7188,-0.211169169845081,0.17644097900038,0.973249153459867,0.772051881914125
7189,-0.24107594304996,0.181487570969409,0.908837294509537,0.804871845791255
7190,-0.228049093318132,0.209622162884369,0.722366261575478,0.788897533815996
7191,-0.239306877416004,0.442708890167464,0.799471443209092,0.915559103862287
7192,-0.203318971610623,1.15264126729218,0.905619233902663,0.959224418247446
7193,-0.215034152924825,2.23818225253765,0.878431379859904,0.982677319917954
7194,-0.206877948499906,2.61915935121598,0.867905072724439,0.988607613396525
7195,-0.215433736732453,7.17706181481095,0.833673552305023,0.993410267490196
7196,-0.204134364217774,5.47877151093848,0.735175869291009,0.993040640297018
7197,-0.229196619866463,4.81241243970362,0.978654335985132,0.991770730030277
7198,-0.213124423719887,8.38838432294241,0.795569644469914,0.99567900415502
7199,-0.196417050678597,4.94989444796233,0.758557592722249,0.992101806580399
7200,-0.205053414885226,5.76154072995535,0.910295947136492,0.992903588926561
7201,-0.219387008366577,6.1390212281533,0.966230537400784,0.993239347962535
7202,-0.201228796037028,3.15686039736346,0.920168751908111,0.9875002531213
7203,-0.227099461447965,3.17305436108011,0.846364973940399,0.987951387414863
7204,-0.199802263209858,3.58706991019467,0.835606635909758,0.98832582223588
7205,-0.197886538917251,1.69935864021821,0.90924895885187,0.977557167580211
7206,-0.230135903387442,2.51607251917306,0.996517786089775,0.984063248568449
7207,-0.227408772702344,1.91785179853775,0.978657259764478,0.979116852321227
7208,-0.208576384579342,0.750696094145056,0.870523767303637,0.960653252211054
7209,-0.216423777161683,1.49385615605001,0.866906709586946,0.965430740356321
7210,-0.225052968930934,0.763450291516338,0.890171991637166,0.95720165066368
7211,-0.221042937658738,1.00775040434399,0.895211307910735,0.963035665314711
7212,-0.215944745165037,2.1300003471431,0.895906045113528,0.980154687917342
7213,-0.221826905428073,1.57705792401099,0.873745341554796,0.976302645086575
7214,-0.23515121998729,1.31904022182899,0.882639230561483,0.963169186663208
7215,-0.205011931426951,1.50959015155743,0.881216384418201,0.975676085623642
7216,-0.23994909681475,0.664566033878514,0.777225862343125,0.93820020215518
7217,-0.217378789274091,0.762123257997898,0.743220201467953,0.944629233712788
7218,-0.224392199056569,0.76929432881685,1.0272951202468,0.967114829971548
7219,-0.215462165059021,0.490925820535225,1.03777943945598,0.93332704429142
7220,-0.230384932663243,1.05834791616117,0.89884307473163,0.962984863060241
7221,-0.21055145337237,0.476791145416666,0.898995393590631,0.91567007903596
7222,-0.228919950646287,0.250109642006234,0.892711010381146,0.797112309982384
7223,-0.233637286481827,0.231845299029238,0.803675353675302,0.779878496657774
7224,-0.208882695867558,0.168342662774263,0.868705607260511,0.731832065533881
7225,-0.224921345683726,0.355784159591763,0.820845062086534,0.836652904697689
7226,-0.207359505071747,0.215239288868872,0.923353980667142,0.82964606685566
7227,-0.238268615044255,0.162552452077764,0.776714004225749,0.800853228250017
7228,-0.230675745120199,0.223781698469839,0.888713461873305,0.756430831230588
7229,-0.224470037108181,0.292640722066306,0.863116095313802,0.851145487976961
7230,-0.248892363124318,0.248574601801393,0.822260314340847,0.833080896788669
7231,-0.207166269244793,0.234354111678574,0.839335354006931,0.799012174990967
7232,-0.224385316261688,0.37159105059685,1.03175816842528,0.891291800928641
7233,-0.241596903513157,0.567841209585385,1.02271606457519,0.936367631909158
7234,-0.212208362579241,0.167274139584708,0.974577602284332,0.722772566389018
7235,-0.233325523225771,0.174383739328616,0.756895647118191,0.760712480618135
7236,-0.237047450539739,0.349153113202359,0.870747331498813,0.813497073686402
7237,-0.216704870428694,0.166392493434036,0.925914210737227,0.634712375484236
7238,-0.222002373129997,0.144151439072642,0.704240692671505,0.689921558359537
7239,-0.21423291188291,0.132405391222302,0.893658271963426,0.664359418163627
7240,-0.210631480906475,0.272461061249599,0.775980108970912,0.804058544274197
7241,-0.221589930567561,0.231939758162088,0.83878456945969,0.822320608670136
7242,-0.228440743048619,0.242005257899897,0.911868503617334,0.819531399531844
7243,-0.228995461010076,0.166004470333026,0.774420362081112,0.735574794361947
7244,-0.203887645618157,0.147557746332299,1.04839759273324,0.79074387968471
7245,-0.200129265302889,0.241990350502456,0.775971989458255,0.797947283380011
7246,-0.21725160020429,0.240064165199791,0.840560369699593,0.857092693366786
7247,-0.209705229846502,0.139666998577087,0.942725113315631,0.661452852324999
7248,-0.226332653282984,0.338808850736678,0.924265721562681,0.850727915856428
7249,-0.221486919476305,0.29995449803558,0.810420486982528,0.889138446112028
7250,-0.214741138023261,0.161546122669319,0.91551385421725,0.800515509947679
7251,-0.230794648774322,0.189722878879722,0.858659109908149,0.712790023030443
7252,-0.199778526240702,0.13558438914813,0.689205675517673,0.616168594128717
7253,-0.216685608269386,0.215577015005245,0.696630050079956,0.71365723400911
7254,-0.218399648612271,0.13729144363317,0.698224908632409,0.611016836500372
7255,-0.223126650333969,0.332541237405165,0.666199195397023,0.855963104393497
7256,-0.225354175190791,0.338921180301327,0.887304066473577,0.877552125745818
7257,-0.21576054313178,0.419584849443888,0.662093616055411,0.866056121019558
7258,-0.217016608500076,0.188452554445857,0.852415048128107,0.776358415563936
7259,-0.217807397197464,0.217211243891469,0.921947578101348,0.838930087458148
7260,-0.224295349365289,0.302636954808811,1.00844612877706,0.848008990534258
7261,-0.224090709595261,0.204778790137627,0.89005019706263,0.856489650348178
7262,-0.19035285602911,0.322889050826886,0.828329282163743,0.858690625575867
7263,-0.204318862478513,0.375170345086082,0.849473695159764,0.902223167389017
7264,-0.214895741846625,0.655791342245911,0.754424483613719,0.938708586068206
7265,-0.210299706448129,0.283853347249307,1.03277835086803,0.832440161265936
7266,-0.198312750755248,0.301891814244522,0.911378123624177,0.877308585570774
7267,-0.206337221146332,0.287363642667337,0.891048534759783,0.874548886348363
7268,-0.216810106271641,0.192005480266592,0.794280357103945,0.760958757084036
7269,-0.213955008309023,0.277842794458178,1.00289214531222,0.805717278503139
7270,-0.219547129167564,0.274141057845617,0.990619489497317,0.795423403717799
7271,-0.245214449000491,0.207585199114397,0.921433271939338,0.800035841498581
7272,-0.212487012351113,0.19602413254591,0.793023836584823,0.818227388238425
7273,-0.209658310578698,0.271436193201297,0.914936984185453,0.801841824154939
7274,-0.222604148368361,0.307447482225922,0.950926196106344,0.885385171999136
7275,-0.221638885057345,0.672095646032106,0.897017192572437,0.944496664955391
7276,-0.191666196966179,0.722675770420424,0.898029451518631,0.94589343487716
7277,-0.230567932735638,0.526190473148338,1.07505363074831,0.943661059401969
7278,-0.21441316568478,0.892693345987811,0.769469397576868,0.961812887612742
7279,-0.225627333998605,0.761185110090197,0.736081868550633,0.959928184808509
7280,-0.223876721510841,0.756252764516582,0.793466029502569,0.929640413422471
7281,-0.224651469718336,0.292539213395427,0.793328668800328,0.864313108958049
7282,-0.220325076723011,0.438872865420359,0.912043592515353,0.897640462232005
7283,-0.216506891294676,0.308999108068572,0.914662831557616,0.884278082056515
7284,-0.215178503267404,0.364274645551876,0.859164168824078,0.873125634790596
7285,-0.236855267291254,0.233155010293638,0.763325396287478,0.850278218981005
7286,-0.211355237758232,0.279339897561399,0.757828714709378,0.837503872677516
7287,-0.223751786165472,0.313104599788798,1.02214945722485,0.888590490977398
7288,-0.245008415671372,0.381170134261507,0.876884333277269,0.869125623377139
7289,-0.216872209398639,0.325295208797804,0.799905430318993,0.882390640931639
7290,-0.22217036002198,0.374039410709911,0.769413281390209,0.877403533701797
7291,-0.226254972651335,0.310727462409563,0.921062855008489,0.869016695967466
7292,-0.203982116778818,0.177240306549031,0.833662861180843,0.739188450010859
7293,-0.199911259827534,0.273819663630901,0.802004465101451,0.799898564830427
7294,-0.197112207973351,0.129880616037387,0.920407858503741,0.663513154608149
7295,-0.224197942007249,0.201102848374864,0.788648137268869,0.72411647586146
7296,-0.20577863413493,0.212825652106608,0.852941132255547,0.794076503917682
7297,-0.210217926223759,0.308658363259214,0.880305617815451,0.877158600957919
7298,-0.204106068468659,0.157717859679148,0.90666576242671,0.817422007973462
7299,-0.196667261306653,0.195198266196933,1.0236707227264,0.765905271356862
7300,-0.234352249775295,0.210060292719633,0.853736443454649,0.817694035938708
7301,-0.230095772857357,0.328325692241939,0.865967688402903,0.902721056521299
7302,-0.211371304273397,0.322990918832157,1.03085388727675,0.876771355621441
7303,-0.207989184200784,0.177609054398843,0.809233887669145,0.727751171309252
7304,-0.230992537177822,0.155055812504198,0.917855586169399,0.759003021527413
7305,-0.229862870504217,0.157359799776442,0.771676322912059,0.67643279644
7306,-0.240965389989737,0.230117946322259,0.912727242124638,0.849026245024282
7307,-0.212514916386379,0.348627432629295,0.790138194112256,0.845219001790806
7308,-0.20901210426709,0.454604707800774,0.910902589631987,0.924315037688263
7309,-0.216480053332067,0.40095718876715,0.797812455505482,0.88190430509427
7310,-0.214330725927419,0.139514072880142,0.913251620109764,0.769572368629717
7311,-0.205296788947196,0.185939034258531,0.86183884939475,0.759382193297219
7312,-0.202771929508411,0.183308880767487,1.022026601068,0.811526460159368
7313,-0.197006221902976,0.15445815894721,0.873964938707061,0.714439256282461
7314,-0.249429415139385,0.156659015744408,0.74466227760895,0.728096556587501
7315,-0.207782451218675,0.339196036768113,0.769762743812713,0.829602126353762
7316,-0.213517815723373,0.221179169864337,1.03774117582542,0.819479415916358
7317,-0.205846751811028,0.2183015855042,0.746389636981955,0.768982433062884
7318,-0.217251789029089,0.192336692517877,0.908462592959489,0.747439958934251
7319,-0.204867446456248,0.519619525948826,0.918248607595127,0.891327072335097
7320,-0.220837240990402,0.244558172886788,0.885226401699187,0.888467056343712
7321,-0.200880725552103,0.348888476142089,0.802019985468538,0.854307309415842
7322,-0.216079667753056,0.303972772699484,0.831107549402486,0.851939503298379
7323,-0.209139204857805,0.261102278041427,0.809016221345153,0.863779940529464
7324,-0.227405985408491,0.254365847609596,0.739287444975571,0.810915568552295
7325,-0.225858730667832,0.303324724355014,0.908521011216273,0.844563253395865
7326,-0.2309917853729,0.229690499197055,0.895164591833556,0.807017574354332
7327,-0.232015709016124,0.258927205861117,0.773536791799086,0.838693787130279
7328,-0.232353796167454,0.597151167759996,0.829525864366061,0.869237959698863
7329,-0.212319577199928,0.443260348294165,1.08056029881478,0.887227978393683
7330,-0.219496720645703,0.342655303258585,0.766445274892754,0.88231572937366
7331,-0.219290270945546,0.212254020662763,0.768537580577377,0.70020219826965
7332,-0.211872549087627,0.198515302662917,0.792964841585547,0.790321278225228
7333,-0.210493265264453,0.213546074555888,0.815718803603216,0.770846112967081
7334,-0.231365584057405,0.207935779583608,0.779118601562083,0.794247756637416
7335,-0.242030716768078,0.259445460228052,0.875046036994139,0.80778829468043
7336,-0.217511623370754,0.241815338104187,0.665438352787232,0.779766505216636
7337,-0.233756337860225,0.156629791146454,0.823735407004683,0.721485466340111
7338,-0.215294569060808,0.172024562582034,1.0663705531973,0.689643199052572
7339,-0.218285110027958,0.204451116338942,0.92381019112171,0.800665803614653
7340,-0.219262226509546,0.206089967907442,0.924309856072642,0.785675101924664
7341,-0.235050855607554,0.218106802945528,0.857994997759324,0.773517489848276
7342,-0.224652788949156,0.273434885956861,0.765496044884351,0.742887328511549
7343,-0.22802135841507,0.152032511374221,0.707127796081652,0.686109218944574
7344,-0.213381647479149,0.274217271077866,0.956870363138704,0.85892392600255
7345,-0.238745179655415,0.593010202706028,1.01881045059411,0.922910305967832
7346,-0.215426097326676,1.20723399373024,0.871566296422176,0.958934851272282
7347,-0.22330475301907,0.36140890945401,0.712588957964538,0.884009881272176
7348,-0.227181238061488,0.229844537312298,0.759289419430755,0.798945202659066
7349,-0.214153623165348,0.192540088281153,0.925557012657419,0.835475328204594
7350,-0.212222996235106,0.165598128222244,0.717016611750368,0.694137272489904
7351,-0.211924016411968,0.141361182113384,0.879272116639569,0.60974790251139
7352,-0.203953914056228,0.278793064125497,0.865506729897672,0.868019025208616
7353,-0.224674207202181,0.279889243816272,0.899722975049161,0.844789633122109
7354,-0.223557974603567,0.321871563464159,0.977353591320028,0.8368627927359
7355,-0.218754919155782,0.144437544531414,0.745802812451891,0.753788372965432
7356,-0.216891120339898,0.162579814525769,0.842462202095875,0.730468357934592
7357,-0.223945593063416,0.200508465190359,0.966666731220776,0.832560168604927
7358,-0.215124164891566,0.155989009551873,0.751359902793457,0.769179546534772
7359,-0.227398168141195,0.155650493198636,0.928391000158367,0.676825863583929
7360,-0.232212735317616,0.1426801675344,0.878437333042345,0.687058216409704
7361,-0.221451193560845,0.246452109305913,0.973406521219536,0.79850706014475
7362,-0.227864576970312,0.354108788751785,0.803106638006377,0.881984925146661
7363,-0.248405561868882,0.298903551605103,0.809483760745903,0.890513126019878
7364,-0.210444385683998,0.355917867432071,0.835391780095532,0.911373739241568
7365,-0.219993242031526,0.407881922834618,0.906077483454084,0.919170116055155
7366,-0.23558575154655,0.441328753089972,1.03285110005415,0.92218971296814
7367,-0.22652883809987,0.903726439286878,0.878824981622693,0.974105528483409
7368,-0.234409916792723,1.06602739876306,0.874437860686058,0.965157834112528
7369,-0.233710388119951,0.808981067947479,0.885099912523425,0.940091707913741
7370,-0.243518215705326,1.18620124896298,0.902027326231254,0.963094776671214
7371,-0.238762275165022,1.90710571287719,0.88693446798337,0.979758556149481
7372,-0.232998218371863,1.55098773405,1.08452396930379,0.972520176419228
7373,-0.223824572328341,1.29426534145097,0.768937634065141,0.961621673390814
7374,-0.221930689461404,0.641225802910051,0.731214909671005,0.931415767040338
7375,-0.215662131350384,0.287782849488353,0.823295959524925,0.863676527101929
7376,-0.222525895464028,0.589613009226599,0.87192848299193,0.907452116158331
7377,-0.216997039434849,0.863274773485855,0.897102750397266,0.953157947830462
7378,-0.205950612023847,0.291985967809494,0.82437546175796,0.873025879309066
7379,-0.226661682918652,0.241923237287801,0.754284177750972,0.836265667078573
7380,-0.20479582297135,0.335348024226709,0.865050343092968,0.882778826917046
7381,-0.21642952897597,0.527840610067737,0.752051835402706,0.916777187638541
7382,-0.218465326385424,1.28224249827346,0.769440316664645,0.965219335734281
7383,-0.218913878200263,2.33855582481829,0.949793277882158,0.979973908356178
7384,-0.231413249017793,1.55814765212776,0.971357933889724,0.98109241612906
7385,-0.232935456419173,2.13567621045998,0.737634142261575,0.972549607207567
7386,-0.213290325413412,1.0062059817161,0.87643842648405,0.957067082326125
7387,-0.205648885303514,0.492661098871929,0.752100598182148,0.910237591823997
7388,-0.208269456124856,0.830253541741733,0.955442833320663,0.956818990287952
7389,-0.220950457928266,0.58222485839769,0.881054344692847,0.950018733186858
7390,-0.222917755916045,0.774574116056213,0.896046730792525,0.943809935149282
7391,-0.231638937271845,0.620683979539666,1.05931861792095,0.935569855083734
7392,-0.218545124240487,0.434126754967696,0.81098478602299,0.913395692830828
7393,-0.220211001447316,0.420368292418743,0.860403595247175,0.913358771479433
7394,-0.201627568591817,0.659189114956578,0.783412593591772,0.950929681209375
7395,-0.23853767722034,1.36862700544923,1.02517719458565,0.961563162441505
7396,-0.229039804064011,0.249528366539734,0.85267682931127,0.823986234227175
7397,-0.209374277236373,0.138054662220496,0.850561004338566,0.7198057968024
7398,-0.219525887624681,0.341775795232114,1.06760567525044,0.876375346204235
7399,-0.212005553349817,0.249431177178546,0.809386096949458,0.78875828811931
7400,-0.202543716012489,0.220734844210722,0.885801402171688,0.833995396826436
7401,-0.213738931719562,0.360730169337148,0.802812839492822,0.900387068193162
7402,-0.231149858134309,0.379742373502932,0.770406866048611,0.890034033273985
7403,-0.207668195993305,0.344730762253607,0.87620641242965,0.894613453908917
7404,-0.22695748759144,0.298761316774741,1.04548000903032,0.848459188948326
7405,-0.205417074982733,0.217003353432313,0.759089609916136,0.84285734647716
7406,-0.221403561065874,0.34827838205318,0.832331893591479,0.834941807256176
7407,-0.219093399177174,0.301044883154042,0.932535186405001,0.839558595206339
7408,-0.215977317528837,0.188582107414562,0.817219502244049,0.761120069007833
7409,-0.218481407364703,0.243881674584899,0.90530437591835,0.845863016392776
7410,-0.223762270807705,0.402464050053371,1.02904580346886,0.889707359001687
7411,-0.211612180619627,0.273056513058444,0.918508198100807,0.860106360313644
7412,-0.207488036504375,0.278748420723017,0.90802637893632,0.878763191599246
7413,-0.218413486539134,0.371007702716141,0.920514949499884,0.904966571540392
7414,-0.227593861947174,0.348543987251848,0.71752104922116,0.902009803886455
7415,-0.230498351752432,0.460268397276048,0.858503281315046,0.887413460626541
7416,-0.217540972621707,0.309498648914227,0.866111002261358,0.816320967372947
7417,-0.234137220273361,0.378033155933997,0.725836140122093,0.853289851096588
7418,-0.206707911296848,0.257993665657067,0.811051851471068,0.845059714388877
7419,-0.212599134604552,0.186868190658855,0.927484944832549,0.772968851178517
7420,-0.201727808733973,0.142907286523294,0.855147069193858,0.757532968806733
7421,-0.22275637467304,0.1387100383101,1.07918563972744,0.773660651778994
7422,-0.228652688826624,0.20164739407784,0.880006183225784,0.789022633383778
7423,-0.215225931536483,0.347667327716077,0.977120250751685,0.904756104282847
7424,-0.205591783332324,0.379989276748376,0.88258489515908,0.894711401259244
7425,-0.215803325193253,0.277308307790334,0.899514424294416,0.898575449841401
7426,-0.215159640429847,0.395944253618956,0.875437776522397,0.893144932913339
7427,-0.222875042091781,0.413167799967989,0.781520832455494,0.891793387407406
7428,-0.237831816508952,0.438265404470867,0.818373249454155,0.893712034297716
7429,-0.215739294427499,0.466671701507187,0.850951857836082,0.909401213403859
7430,-0.222737408061361,0.208781434344311,0.905505594268142,0.817127471221109
7431,-0.208979620852467,0.292256130958388,1.05708882798009,0.846851726685642
7432,-0.22005225768388,0.457086769987985,0.922745043966402,0.906021436108827
7433,-0.227653551979482,0.345050191180897,0.857637508903858,0.913176716672714
7434,-0.217789996580852,0.523638845006669,0.869339603260476,0.935788351620302
7435,-0.225520667008229,0.403380593577271,0.755419229158524,0.902967066747685
7436,-0.217715726783679,0.282813928475423,0.767177526272204,0.84111257878755
7437,-0.218152540247544,0.214000122011052,0.992744040522178,0.772816952469359
7438,-0.230605103521429,0.14143255410859,0.704182577659368,0.711270172919439
7439,-0.217316973975239,0.177918491911823,0.81278774476049,0.746902858580581
7440,-0.208922784947424,0.154949724826402,0.819677732964821,0.764532228384413
7441,-0.22060885780077,0.192296546794493,0.798809388045765,0.769634968670997
7442,-0.234893412144279,0.173358956718721,0.889598103418443,0.756265917249965
7443,-0.214163554166489,0.108507315964064,0.878633916597144,0.686151306849749
7444,-0.207394868425219,0.156602174114504,0.71717841665846,0.718852754687841
7445,-0.204969301208588,0.223812738511133,0.898778652887208,0.792753662440559
7446,-0.224255243026534,0.167392686976962,0.825090806670124,0.760765605889905
7447,-0.229763753541831,0.244344270335105,0.846407862365263,0.842710497249716
7448,-0.227492473869913,0.228150644658007,0.774508331788685,0.773617448457382
7449,-0.220385457141621,0.324365141729245,0.737633992753892,0.836349537969666
7450,-0.226601829408287,0.470892898272331,0.785019563111493,0.890593907469184
7451,-0.202486182426218,0.387818940861117,0.914901868883756,0.918059783495325
7452,-0.237196749396539,0.45572620187711,0.909613389732947,0.927853487051601
7453,-0.219031519541304,0.254737235665491,0.910214756775571,0.816535168997284
7454,-0.240738585970738,0.195832761660046,0.900284430189749,0.639950541727401
7455,-0.214147562302651,0.110581920511869,0.763108017187377,0.657647593421943
7456,-0.215454382379973,0.197159755712072,1.1341781556331,0.742023572894598
7457,-0.221480212066555,0.152085247788164,0.843966780701185,0.774793536459764
7458,-0.228962878349991,0.241629575655666,0.744324517191152,0.759847057353209
7459,-0.200302683556239,0.152984897634905,0.668218456655924,0.612556058140279
7460,-0.218129086749605,0.289213091147035,0.880117639526427,0.816362896561296
7461,-0.22191724181876,0.16325417990613,0.677809080894314,0.671673837489784
7462,-0.216894920818197,0.139659967900279,0.749857372793782,0.614058742851441
7463,-0.22840491317781,0.269626991652465,0.779415537487611,0.84803719874668
7464,-0.216225618833257,0.283877910681672,0.892746701894048,0.89103081998093
7465,-0.220433477656926,0.20602393056613,0.867161504921822,0.859441965810565
7466,-0.214956006659788,0.191230738310891,0.840138650666208,0.787896652311234
7467,-0.209129499521313,0.175207217949384,0.90242468120477,0.730240366506679
7468,-0.210072153472156,0.218509367699501,0.845288014608665,0.814176413917158
7469,-0.216302481743424,0.183713765680879,0.903202389373468,0.763653592430628
7470,-0.219770204610099,0.295054877709058,0.924394704317044,0.80549679600773
7471,-0.229641624610722,0.256493407883092,1.02753367551579,0.80382645685488
7472,-0.231587554167434,0.240948300995761,0.862377770043932,0.841805809319245
7473,-0.217852797188709,0.384223822716044,0.888576040659304,0.917477737915331
7474,-0.24177552418662,0.304406594704427,0.827795079394555,0.857375229329374
7475,-0.234153464274416,0.563754872429462,0.959946047253061,0.917527885470648
7476,-0.21496237724545,0.433041983630442,0.885244016226892,0.916189298213683
7477,-0.211145201843593,0.34382549812065,0.91211651496518,0.88171782327001
7478,-0.212427249274322,0.396429612921279,0.83707264075315,0.893379534781145
7479,-0.20962602832578,0.232387262378103,0.795910253459874,0.832984851784618
7480,-0.212641472514012,0.2170754442112,0.690343588401031,0.814717732898238
7481,-0.200048401212581,0.238246406216286,0.700451644039442,0.843810964420753
7482,-0.237546361513421,0.875090882725005,0.980668771217723,0.93816713461041
7483,-0.225895118075811,1.01343318765857,0.898893632442154,0.961251994118585
7484,-0.22165613382634,0.667562441657209,0.923518974743297,0.950602300017875
7485,-0.205065570545147,0.582754957684405,0.952700811672363,0.925724522018289
7486,-0.226431534295199,0.353159008930386,1.07849646753381,0.873976045164364
7487,-0.228798147950858,0.182117119852705,0.782017725778011,0.759827838126732
7488,-0.226447480982754,0.292676304055323,0.862891210857392,0.88434253326042
7489,-0.22180699855176,0.281407516224935,0.915089310839206,0.861459990418461
7490,-0.216966205254036,0.276624001397304,0.905650033793002,0.873197017279069
7491,-0.21253532425083,0.256902485885833,0.827951378094199,0.852447685113109
7492,-0.204495053386821,0.300000869713751,0.907592610923878,0.873952380851464
7493,-0.21875038550847,0.487766412416535,1.03670396986699,0.90026546478472
7494,-0.21015817840312,0.374603911037497,0.912421571393317,0.885269292964666
7495,-0.243472384021073,0.210161162259892,0.883379504865761,0.81992653952591
7496,-0.205582466045712,0.127278308087045,0.903477421872322,0.768596723880619
7497,-0.223850774861106,0.308736197185063,0.870046153785371,0.85084835961808
7498,-0.234271959535956,0.222648085866477,0.975400105602501,0.823229560622859
7499,-0.232687954527142,0.133890655099237,0.824533746056065,0.741726180001713
7500,-0.223321664716883,0.118272795739008,0.864625461656845,0.665347815351201
7501,-0.201782076851875,0.227309943211591,0.80114864758138,0.820406622566342
7502,-0.217211274846867,0.192528642157309,0.854550034003895,0.801522312014595
7503,-0.218682670312564,0.156762087940784,0.806234579162986,0.692334070182137
7504,-0.21580971366679,0.313968005393238,0.837050523671047,0.889058213174819
7505,-0.214901162582414,0.32093376474471,0.737481854994648,0.872643173678977
7506,-0.225440507264884,0.575092304050523,0.805730870748607,0.916330140019827
7507,-0.199285602155955,0.277041253937354,0.759922348002519,0.866277101795002
7508,-0.218544477366678,0.423214317459909,0.89260621828261,0.90969992336023
7509,-0.21451777674105,0.150821030511953,0.735576098888131,0.788733383812427
7510,-0.204018545174428,0.247696128613155,0.83051904361761,0.855011215342986
7511,-0.225875976171981,0.230426391201488,1.08622005645619,0.83177707315966
7512,-0.215403553781308,0.251907583420238,0.728939637023846,0.817129415792661
7513,-0.215239827963254,0.25034510317236,1.07136296617935,0.813692846759861
7514,-0.206467735058825,0.262378577343445,0.970911188400996,0.86955448157784
7515,-0.223303051494153,0.3660605227972,0.938098728302807,0.844935578275986
7516,-0.238442033715046,0.289578300817293,0.908660871249255,0.775554998937003
7517,-0.218623316904035,0.299486470942754,0.97862982206733,0.848376437429867
7518,-0.230073145633931,0.483124076253543,0.758037647997247,0.891063718092486
7519,-0.196669503790207,0.278575639985102,0.84816932747809,0.830246718197668
7520,-0.22399663262239,0.289374699723326,1.01014561082922,0.818706306116324
7521,-0.216619722311094,0.342820003384325,0.871045381123195,0.883065296727142
7522,-0.218286146055096,0.245448720307691,0.966427296949313,0.857184575220645
7523,-0.200203318084871,0.130085028750933,0.893645415691859,0.659694430816654
7524,-0.237168456742383,0.137945928386468,1.10810931812583,0.739160984106783
7525,-0.201644136080303,0.360403460678515,0.895953335670202,0.85944179469655
7526,-0.220359959795107,0.235630659094226,0.925358116128946,0.760954078028584
7527,-0.233471478124265,0.194385063544343,0.870492201044751,0.801633678272169
7528,-0.228799280292083,0.155750826444461,0.805530028083453,0.773937655696271
7529,-0.221843942559008,0.188100991216227,1.07648290058981,0.804118770934734
7530,-0.210154539790467,0.106668911994546,0.830815008521475,0.556579123538206
7531,-0.211324547801506,0.122502610088895,0.670893767736537,0.607266282890085
7532,-0.230308428640683,0.142015295102278,0.814721390531843,0.597999046736507
7533,-0.221003054959557,0.346202439051807,0.811378080039444,0.849070909295866
7534,-0.23641387827853,0.536758355622455,0.872941909441596,0.914929344850352
7535,-0.232012319853348,0.418134616723016,0.762317057768495,0.902656712568168
7536,-0.213851153380756,0.410701945738294,0.814212493331925,0.878469457244496
7537,-0.201975371645314,0.172439337823371,0.705641605589599,0.78007913663317
7538,-0.221500034186606,0.415490114086803,0.727838692070489,0.884542998908981
7539,-0.224682072728528,0.301915395971451,0.929257275949552,0.859305317724621
7540,-0.215759523262779,0.339685478296607,0.939719894333261,0.874444193136073
7541,-0.221177662417366,0.327678822175006,0.86144693620868,0.89858709028777
7542,-0.230566314108786,0.637743930304665,1.00755382428174,0.928976210464151
7543,-0.21742625379695,0.290939506073779,0.968273428560431,0.859463405014083
7544,-0.215737771506883,0.508092495259312,0.710700235393493,0.92120986367683
7545,-0.236004310444166,0.566774504754157,0.835407430768967,0.897369417986996
7546,-0.214083915574907,0.46363720111671,0.911068558844858,0.931226561938812
7547,-0.218533267586813,0.280760340180222,0.96171425135078,0.852738408679124
7548,-0.217771001527105,0.216003947559299,0.8534041087492,0.809526228991975
7549,-0.218017837664493,0.14771978166373,0.780866951503572,0.733274740306202
7550,-0.216747315394209,0.23335839123388,0.881095675946786,0.863903873654088
7551,-0.218291507472295,0.257376509528028,1.05256098626721,0.858885844027295
7552,-0.230636470533357,0.395580036366351,0.717031330687638,0.894362625234659
7553,-0.209083695336044,0.395212306244052,0.744708255183453,0.901985431293139
7554,-0.198484489817696,0.376659446657116,1.1014544424424,0.898032372992319
7555,-0.235657949681264,0.690016251756136,0.842214167315501,0.950593702550038
7556,-0.238503837876813,1.23289534694396,0.868147430196876,0.973352143260744
7557,-0.234363658958995,0.784055325166364,0.808896896714661,0.939807562245136
7558,-0.214880732849208,0.576550130429161,0.892847149673685,0.928509988947887
7559,-0.221297387902551,0.584260884831535,0.724422985089374,0.928796868785972
7560,-0.213246738155106,0.286787307162924,0.809971531987396,0.870148823796269
7561,-0.227844970769934,0.616893694080721,0.819525255452536,0.892392690924738
7562,-0.230879833594228,0.304296110426476,0.91765014600117,0.873112762439729
7563,-0.220321313692377,0.377289820576084,0.698088095656388,0.890506851076166
7564,-0.220930467373026,0.200216332031834,0.917819547972281,0.769390698421898
7565,-0.225320139735389,0.173386784153795,0.808203178474845,0.774370269256507
7566,-0.228856388485012,0.211522921279094,0.914157165048056,0.785630323032846
7567,-0.205098969884465,0.242221676033784,0.921488800867268,0.810104635953368
7568,-0.214738302114057,0.216250870623801,0.763055131408011,0.835425960718933
7569,-0.213473251704569,0.10815268400932,0.711612495441348,0.558545860018691
7570,-0.210973187357929,0.102615851723588,1.032605923694,0.684361724489912
7571,-0.214727021207614,0.149190175996603,0.736101255032819,0.706990166511646
7572,-0.233504635944506,0.325591609817242,0.732574923719662,0.825748750169092
7573,-0.233457943518434,0.139909155541707,0.701844798900343,0.64998481593587
7574,-0.24226164320664,0.164396127665492,0.730506312163088,0.758255549939404
7575,-0.246246975250544,0.238469251725034,0.80477633679309,0.818766091238206
7576,-0.224122990372557,0.302427541898524,0.861251359285375,0.877457455455475
7577,-0.234593809603061,0.314789325868733,0.900822278684788,0.872763119811498
7578,-0.212448093851496,0.355041206284265,0.944074614489664,0.894357938425369
7579,-0.222202538464155,0.943849927015597,0.738603971859404,0.918381383145117
7580,-0.214000781656287,0.403812413927929,0.681397389843452,0.909368150679408
7581,-0.225268995175231,0.744424562302023,0.788330703299269,0.928729578057079
7582,-0.242154159703164,0.427188120181264,0.835139258907422,0.885977449046595
7583,-0.222447682115954,0.254835002696459,0.900746082759505,0.849046519287704
7584,-0.216122547959565,0.232020377914298,1.0106525683286,0.8304317868001
7585,-0.217139621685292,0.267531749208503,0.889277070148717,0.806067019645585
7586,-0.225197558307407,0.196318510583069,1.05677748048943,0.813478893509691
7587,-0.237041097946837,0.199317156105314,0.792487222696342,0.752852096422333
7588,-0.22644046080331,0.196345087537825,0.767909167480933,0.796485695988628
7589,-0.231058970469283,0.456585257568049,0.804964620831701,0.909868902812853
7590,-0.216978427852997,0.3577362136964,0.883408686797981,0.911956019545242
7591,-0.215344173686388,0.583371641230672,0.85037943417445,0.932616682849066
7592,-0.218501928145777,0.432701884464631,0.866319438881431,0.907517233763933
7593,-0.242627566482615,0.128887191408077,0.863205090106596,0.6430683550459
7594,-0.233934315536418,0.125002862319247,0.916385415632097,0.631343949333044
7595,-0.23500194685456,0.173457631435169,0.766474953709596,0.662852277790919
7596,-0.198007189746771,0.132268389182641,0.933857227499822,0.752866969663472
7597,-0.240020486925989,0.187064586318542,0.79637117343556,0.718612127556732
7598,-0.245278226090565,0.256250573164504,0.926423350439139,0.758408966692548
7599,-0.228576143888138,0.185065310437559,0.728633225335422,0.791195793078591
7600,-0.215238454893022,0.2189988771882,0.892370855472054,0.838042806808759
7601,-0.217101745971233,0.176574751370871,0.818479725285536,0.788049558581862
7602,-0.211936028928545,0.148928346037618,1.00268458944628,0.766790510821764
7603,-0.221807893965259,0.316768554314582,1.08686868820662,0.911115821736921
7604,-0.225678040446336,0.384613112345817,0.814587707414946,0.875478004093021
7605,-0.208089803893176,0.410041085480632,0.770325514787781,0.859638077076215
7606,-0.229082908568555,0.304229463558372,0.798058397648632,0.861228153846667
7607,-0.239032090212817,0.378839731868906,0.897743936194852,0.911586415295432
7608,-0.207341033346606,0.477611642784938,0.713217688612464,0.898113052475487
7609,-0.209058209117205,0.158383937548878,0.827602962767062,0.766543869209494
7610,-0.22309490432526,0.350134400861813,0.72448862476249,0.876737947653966
7611,-0.233866728017879,0.266132126203789,0.89476583224229,0.831628691170576
7612,-0.211920754415266,0.311630520985266,0.783805331253,0.784494768805806
7613,-0.218624445151139,0.188151450917303,0.974705567132649,0.840132082239737
7614,-0.224416113222926,0.434865303118501,1.00630496467413,0.917393003706069
7615,-0.210616700820074,0.324980535847741,0.842210810135145,0.862514583461574
7616,-0.229598273840576,0.515991994436351,0.85454273186074,0.906236604988917
7617,-0.228927726994763,0.299051601683999,0.861668906471421,0.859371132856613
7618,-0.219266403819218,0.154039599180116,1.09631393551967,0.76353491610808
7619,-0.210677579807282,0.571335808037191,0.871401202682043,0.931293962679313
7620,-0.216159766693541,0.373141650545133,0.985053706836638,0.86840031887037
7621,-0.242377951327824,0.411570631114138,0.920010193117998,0.911930243894023
7622,-0.21057487158187,0.290102269470987,0.92481949696986,0.863220503937079
7623,-0.218917845279073,0.329512808894682,0.968886995708433,0.882862539530137
7624,-0.204425825151392,0.282062558788515,0.740452302961781,0.869188782945555
7625,-0.221035622684084,0.327246409053191,0.86062134875744,0.879545352669024
7626,-0.226481396900646,0.198072099075906,0.877597869655666,0.785542983651039
7627,-0.220772221428596,0.3927194956563,0.873546120920445,0.876362394261859
7628,-0.221535980152738,0.199256360288035,0.789920922449847,0.780704962947764
7629,-0.218079217463249,0.292651219002634,0.716391105225908,0.874401555540821
7630,-0.215658097991792,0.428849970943499,0.753604229785734,0.878258555108931
7631,-0.225536270098563,0.277527911630659,0.735957619437121,0.86184826339691
7632,-0.203357547611761,0.325858651094035,0.95410482813038,0.902386602619479
7633,-0.212735875941447,0.525133195467985,0.842173300503846,0.923466440579456
7634,-0.234847914629847,0.659250436055134,1.05118281581485,0.939215491854942
7635,-0.219472381746672,0.777797759171035,0.849936794022572,0.934712102723956
7636,-0.209776719911247,0.433809749159933,0.868282701670501,0.921900096954924
7637,-0.235822467115858,0.535330348746043,0.989879491619093,0.907486221079475
7638,-0.209469145502177,0.238246487500233,0.737701593498045,0.855105098269669
7639,-0.232253253172256,0.392225443707374,0.753684497517226,0.895482298528406
7640,-0.224011173982464,0.339509406666363,0.715487959281696,0.879720262100381
7641,-0.211605469140395,0.225626287276525,0.788312430811626,0.794933948664298
7642,-0.236759871853661,0.159539169603477,0.877316273548973,0.765060884279517
7643,-0.220397108519859,0.205876704925166,0.86383477633187,0.753063427823626
7644,-0.238884762344447,0.206703596085007,0.914050574117635,0.753811189040454
7645,-0.213170844559145,0.128684415514705,0.810498010108786,0.701217030723606
7646,-0.234274878610448,0.108621821559834,0.879725013460478,0.716056500699615
7647,-0.216850162461388,0.293923285814551,0.906551404794869,0.834186661832523
7648,-0.215510553214919,0.263906822506782,0.858038618060574,0.800724780888315
7649,-0.215340415267144,0.319949154839255,0.94642079917368,0.863938634554401
7650,-0.214105502644429,0.36988422956327,0.971430668167864,0.859412949151309
7651,-0.219831530756051,0.187084846770733,0.899887138287383,0.792065597752122
7652,-0.232409360835458,0.295847044542743,0.863575002370743,0.883839543035997
7653,-0.202541989116429,0.233458721503061,0.891139139219679,0.853931324508676
7654,-0.220815218977644,0.267274952852497,1.08831280231634,0.793599053332043
7655,-0.212211040026291,0.269921694088667,0.877936550697019,0.794645154227611
7656,-0.212131396192133,0.207056053094095,0.858981987613625,0.77186980904315
7657,-0.214933270237249,0.269785214399695,0.870056780012739,0.85858741823472
7658,-0.221588405262727,0.381034874741725,0.83362623700004,0.88535633417175
7659,-0.226784696855601,0.253216952016834,0.812384055529929,0.847165079638857
7660,-0.207023194979001,0.336545299775557,0.966180006900486,0.904886171546333
7661,-0.232869814090712,0.477619127460251,1.05321769833119,0.894252434315165
7662,-0.21094298842908,0.338083517402035,0.811213010275123,0.899711365368863
7663,-0.215289550267798,0.207631497123612,0.7968904161655,0.813750007020177
7664,-0.227606854753715,0.396065539732415,1.05868913106321,0.893823278049076
7665,-0.229134825433994,0.651838397093366,0.865334993886043,0.944903006996618
7666,-0.203764915249126,0.341713244818799,0.717828986417134,0.879569051619355
7667,-0.205881991093319,0.240149371812442,0.95029343469743,0.82424613760235
7668,-0.212985044203753,0.271760227046245,0.770293272900008,0.816517224176713
7669,-0.237426400634063,0.137220459665621,0.858612454498281,0.723705538404418
7670,-0.22721565754724,0.177603825934701,0.976909163731893,0.659882473533269
7671,-0.236005338232124,0.28301243966033,0.916315019431121,0.852206285790436
7672,-0.225632486613825,0.399553452243807,0.840280257709915,0.896300950412135
7673,-0.217061471336971,0.423774396803429,0.963130861705942,0.903319439882662
7674,-0.238170388013735,0.571428350544566,0.948953039363744,0.898121319893402
7675,-0.20066880322166,0.218408816686976,0.780379585938838,0.809698815180371
7676,-0.228661265969222,0.17151177857069,0.998020299005778,0.813780405487107
7677,-0.222621282378026,0.202613376987316,0.903239408249427,0.683014299554321
7678,-0.205821486189729,0.270069221880375,1.03889742920409,0.887025182024126
7679,-0.216407680577055,0.251180632417407,0.720873504222653,0.806606945282702
7680,-0.223320680255517,0.236040841165414,1.03496405605937,0.826945202105009
7681,-0.213380857899711,0.34611342699732,0.878433918288971,0.862443281618902
7682,-0.240738733244664,0.223266860933104,1.00629018081469,0.835131925983529
7683,-0.22338421023396,0.159551410054513,0.980627175066775,0.743197664646179
7684,-0.231731690614638,0.146095738637665,0.846764092095393,0.753691006409316
7685,-0.219313191331134,0.264049805408008,0.707660622171498,0.860742597505251
7686,-0.225772174069235,0.448059639420146,0.710124027093386,0.918360410975785
7687,-0.215620166766374,1.08328984313177,0.918122821716394,0.97368812602209
7688,-0.209786042277916,0.850083082702691,0.8917945164814,0.958358997456471
7689,-0.215232482810186,0.560364442735264,0.857309543942931,0.934558344552062
7690,-0.228311397654364,0.537282012712313,0.936829987829143,0.899733399846535
7691,-0.226083125859814,0.440677379180574,0.885332095547113,0.861930178042162
7692,-0.208406339903677,0.184064947134207,0.798099657216992,0.804154458277212
7693,-0.228544495668874,0.243505306028464,0.918878395501922,0.801189318381256
7694,-0.217019947405108,0.291177329959629,0.782520604682372,0.880888398254504
7695,-0.220706977818021,0.268288602476025,0.722827594901994,0.859984909621638
7696,-0.23925927767596,0.392573342938542,0.846079068517583,0.90067506173016
7697,-0.207624951992976,0.607178341635289,0.851507477735777,0.925447007633343
7698,-0.237152362412942,0.566608915570825,0.793876887846561,0.923718648576911
7699,-0.209391661018037,0.749601000484719,0.713146933428325,0.921733496754374
7700,-0.243705946215974,1.14915420831252,0.761997142346699,0.95012117570537
7701,-0.224101895171875,0.492990186078079,1.05639836850496,0.923482285672804
7702,-0.211532126770274,0.146477030650392,0.944587630392051,0.713548244781346
7703,-0.225981455860839,0.157949669561382,0.906056400388797,0.730773491733984
7704,-0.225392104303498,0.200915001926048,0.81810716163091,0.815455236458717
7705,-0.222671807612948,0.180144028880725,0.89468162004709,0.764966609840137
7706,-0.216041225390407,0.187747822884973,0.857554221966799,0.743816700831599
7707,-0.216821975438932,0.236115801951831,0.84244954352055,0.854692141221424
7708,-0.241845264715228,0.184039002362621,0.847893523390668,0.785217266716254
7709,-0.22154220278267,0.155280666182774,1.05553188611158,0.735262371325312
7710,-0.209506473939098,0.466570378614891,0.757286775199169,0.869309423984012
7711,-0.218531757648996,0.331808118468654,0.925296896557521,0.845656764341356
7712,-0.238043813621966,0.11400073938685,1.054600723117,0.597504524764718
7713,-0.22372773312323,0.174461066818851,1.08187462441535,0.773901184424423
7714,-0.237149703810813,0.291323515174406,0.865861052021086,0.838338683589971
7715,-0.219239060991909,0.380957996450254,0.82564489707861,0.860107903656663
7716,-0.231114144370459,0.539424387300168,0.872028681379077,0.902658804865707
7717,-0.221360912289279,0.352253899871829,0.800778927117149,0.879433175677466
7718,-0.207711356117862,0.42206417289898,0.806696387640899,0.859727143959579
7719,-0.225728137024105,0.167191734036001,0.769067636531129,0.777161469579858
7720,-0.216080512382155,0.109990403251454,0.964997763557996,0.503891997508971
7721,-0.227725904898387,0.178336272726418,0.897516971156166,0.764891189164385
7722,-0.214148111507928,0.19099332263563,0.872511216528749,0.81462759658852
7723,-0.235777447953231,0.21451794569591,1.03276568777364,0.804073688313193
7724,-0.198816291343999,0.174342807052894,0.813757018071318,0.74777761884881
7725,-0.20987152046334,0.168983546409108,0.877361095006116,0.673265882654193
7726,-0.221649120966962,0.159074025084404,0.751092212180125,0.62459261509069
7727,-0.226643924217153,0.149010131933468,0.882641020784923,0.713529439290904
7728,-0.219164833531062,0.259643540150726,0.901735520750665,0.831105321088971
7729,-0.214700001977419,0.278025190824109,0.783352348728696,0.845152938837863
7730,-0.217364519972764,0.320368121958815,0.863791333411808,0.878025671251692
7731,-0.220125107135689,0.362292719381124,0.945041287923851,0.890701155325711
7732,-0.223635769754788,0.34274404704847,0.996399468102413,0.865190298246978
7733,-0.222803346963409,0.985964605324466,0.908320708555855,0.958682478727793
7734,-0.23130419761555,0.447736690654504,0.934021364478616,0.90891940416353
7735,-0.220805480762613,0.77519066010712,0.678231037165752,0.93215337666656
7736,-0.241088548187901,0.522173698317199,1.00607751129824,0.903135032431104
7737,-0.203938851191084,0.493086206754432,0.890524376841264,0.886783302949024
7738,-0.21147284884981,0.502713451830339,0.734349686221795,0.894971311594547
7739,-0.203307774241877,0.164399745335477,0.869986100291016,0.762881091563654
7740,-0.236844865916076,0.25423255439467,0.905590908063306,0.742059262242461
7741,-0.230995625909677,0.320845697938883,1.11312784813243,0.856585844238648
7742,-0.229252465169284,0.233342163612942,1.03026640416655,0.822245632954659
7743,-0.201352718914865,0.257223947567685,0.857640881655204,0.871571581186502
7744,-0.232325103389084,0.731091165113777,0.995074839216151,0.938395957709273
7745,-0.23593296533537,0.554381619759124,1.00276022060828,0.940612704359979
7746,-0.227483746178124,0.308782656754358,0.886499080499488,0.843024658532897
7747,-0.234665323912925,0.237752851090028,0.914837127912468,0.819137263810412
7748,-0.236372978039803,0.403417049927629,0.913800875019521,0.913333923841974
7749,-0.210777160311282,0.549595729385096,0.909454626968505,0.913117401656887
7750,-0.230002378081759,0.232150048293297,0.826836794732156,0.849435771946866
7751,-0.226896298454268,0.320716271756614,0.730201746735977,0.845055824333058
7752,-0.227575350775019,0.389349985072554,0.769784679326299,0.884094268004644
7753,-0.217733900368084,0.285203489479889,0.856553649444893,0.889769704198764
7754,-0.21412204572442,0.510059174928413,0.884937628378326,0.897930068912879
7755,-0.218176696569099,0.676655765980779,0.755559264586992,0.913543452172915
7756,-0.21527366873673,0.302783379739458,0.900253066920689,0.868502415033726
7757,-0.230598548699318,0.34040609311637,0.831289354576942,0.861668956616789
7758,-0.210405234054914,0.198077895319192,0.917181230290932,0.79594482649119
7759,-0.22231830125516,0.18454212308371,0.860038099413984,0.667134130367705
7760,-0.24156368216095,0.228534346426604,1.01925996549051,0.79556275729129
7761,-0.223154744539157,0.177587758963477,0.834363054633842,0.758467133439441
7762,-0.227994920409836,0.302023516792551,0.862720594636146,0.867766070744141
7763,-0.227908298965744,0.732583495738884,0.814997442005924,0.943603782124341
7764,-0.207756961735807,0.819967048893675,0.872849803934188,0.959269945262108
7765,-0.232677413559268,0.987919767122512,0.93365852732386,0.949412697218502
7766,-0.213303374173941,0.667934260202544,0.830535295126865,0.944593112763095
7767,-0.206367943415201,0.802425688967765,0.862276568955868,0.931860370559334
7768,-0.225803642744506,0.596340967388922,0.759991630947237,0.924086985784023
7769,-0.205024947603526,0.399236281917705,0.73181356863419,0.898438451754297
7770,-0.217415619122666,0.920639733010243,0.850018112092185,0.949113231798654
7771,-0.219825455219413,0.584162202315333,0.9049492646662,0.936977077727794
7772,-0.216063029221689,0.378506788298675,0.700525875285496,0.871590492204294
7773,-0.243914477930544,0.400989816468488,0.874295912081261,0.901807274761788
7774,-0.209815922365583,0.256989451311435,1.07476444860519,0.881733256395392
7775,-0.221320590264207,0.320571473578441,0.91584756079315,0.87242392256455
7776,-0.221847989479298,0.177971338701351,0.871068213496448,0.79881912922139
7777,-0.234505213287972,0.168434960423882,0.853402031912863,0.782748914078493
7778,-0.218599876427307,0.344884419533922,0.921763253602557,0.887529078175705
7779,-0.209465770712267,0.184865092763615,1.01242470341441,0.727040475113507
7780,-0.22547207895109,0.195749078165328,1.12418892277478,0.7709212913886
7781,-0.230218384387152,0.175302423040353,0.898910932454567,0.807602160416707
7782,-0.245718602603139,0.157199788708981,0.905003249230074,0.747475775510697
7783,-0.202397264963028,0.17151154977015,0.909540507119466,0.808647022982468
7784,-0.225264528582903,0.145151809012003,0.778582913172838,0.665631854874736
7785,-0.231292922299094,0.167696086665642,1.00887630426509,0.749399480684848
7786,-0.215267139052179,0.191101461871289,0.959798825117261,0.776300012277563
7787,-0.216981220627159,0.166682915276419,0.915649165687717,0.764366633841702
7788,-0.236424572703144,0.34516728936345,0.982105458291616,0.878479156250708
7789,-0.224383108730857,0.228145070806007,0.865026854684253,0.840709416372832
7790,-0.212924118188496,0.267894289299859,0.75562155916877,0.873290086517122
7791,-0.219474833545077,0.182640683027014,0.858316094562799,0.803011491249537
7792,-0.204256702707235,0.161444200401107,0.885806893398711,0.65701325932725
7793,-0.230275419479059,0.109062555065126,1.06021325892174,0.619276662668168
7794,-0.218576205744732,0.151441944790389,0.795383369690301,0.710558828946148
7795,-0.240593333941598,0.178185977221271,0.664746602170736,0.671237335024175
7796,-0.22137430622677,0.110840969841481,0.8864962233719,0.621660765907953
7797,-0.217903590912869,0.437388507852645,0.805562381365349,0.878683791353909
7798,-0.209091754238306,0.682791666083119,1.14755127010493,0.919354234371423
7799,-0.224800466698834,1.0530392982536,0.779983744057226,0.955244801398437
7800,-0.229155006856304,1.15250210443159,0.898860955658363,0.955085441434026
7801,-0.222336470230384,0.683018611129537,0.919800474299311,0.935080395182146
7802,-0.228334083903196,0.368199902990697,0.94991863775094,0.882694538434924
7803,-0.215687364129577,0.145227421094573,0.911233624256481,0.739945566420495
7804,-0.228876898572067,0.265542997044185,0.790752652369766,0.815546230116566
7805,-0.21892037240337,0.280641425115157,0.733588775611627,0.78742050098573
7806,-0.21441846687192,0.149556943591247,0.888802225985234,0.719404892949223
7807,-0.233074038312934,0.171164756098449,0.861323959980804,0.741312229243122
7808,-0.223269158386356,0.117727815693896,0.813457945455529,0.646544287987028
7809,-0.226299744547391,0.134318761086515,0.905467354776097,0.745128255798865
7810,-0.210567263801965,0.195505930920651,0.863940267157022,0.840169996858943
7811,-0.226163074150105,0.238110075648337,0.893682472840685,0.864801249315522
7812,-0.220138070398149,0.201386101654398,0.872386135596108,0.814624093828593
7813,-0.218250832588515,0.470104341017686,0.986274001566924,0.893411146832463
7814,-0.205387469586522,0.294175399436785,0.889377206446678,0.901976218874147
7815,-0.204816230539852,0.675055831287544,0.998022797029269,0.942623058609137
7816,-0.232055515122041,0.752365252920481,0.897914643664562,0.967314225564925
7817,-0.230329580671933,1.32039737489241,0.888074241048851,0.975140788849937
7818,-0.234373912764609,0.711510969821448,0.916974292296437,0.93388669382022
7819,-0.227949829235547,0.931958774561246,1.08168048557624,0.948808118608176
7820,-0.213533197810852,0.522642571337208,1.0032363038506,0.925074583729601
7821,-0.230716547254137,0.514344246976588,1.04429748696892,0.912927001125671
7822,-0.219470915774369,0.446657042826116,0.975609689591136,0.925788778609652
7823,-0.215733083483441,0.454819567591058,0.875019357596306,0.916760435798966
7824,-0.222445854911914,0.35379590912477,0.910511344352794,0.852494101503683
7825,-0.203909908342018,0.213489672628656,0.795856047418266,0.817222334717346
7826,-0.234689618372187,0.186301907989833,0.803896485337686,0.783615551816473
7827,-0.217672020579636,0.241735651995593,0.96464632423326,0.840014102718853
7828,-0.238255529645901,0.253573400848944,0.775694846604997,0.808160180088826
7829,-0.196345938385503,0.147029675114029,0.87872869934189,0.759818282867996
7830,-0.236581480364862,0.18150162370586,1.07398486015566,0.801401981589922
7831,-0.220034636601171,0.233980581993768,0.965143807501754,0.792035589881421
7832,-0.222282934407262,0.284138886404164,0.864459370171621,0.845920583658788
7833,-0.223237733191941,0.366007469013849,1.11637123021024,0.902982836338406
7834,-0.217776619814545,0.273995142420992,0.961353177265798,0.831488766998869
7835,-0.215567151944593,0.18231044733584,0.755327847815332,0.792296797039717
7836,-0.231019373051493,0.308106735804673,0.795961244210669,0.790904130849108
7837,-0.217274287841284,0.152135711880522,1.05006193597694,0.655341412503116
7838,-0.207545500080127,0.598379405261128,0.836099803101383,0.920627107910307
7839,-0.198632494681961,0.205653034465447,1.07157756408329,0.827386839835935
7840,-0.216992237053485,0.181596354141047,0.827996168666956,0.714433601731093
7841,-0.227767149603378,0.143077377381992,0.758129696871769,0.664510609816019
7842,-0.238725352852248,0.357471774549996,0.991709574824851,0.847712154652073
7843,-0.198068627727097,0.242825564471779,0.760969985866905,0.811652343511088
7844,-0.239770860455046,0.135700712616764,0.800842481803578,0.613022624474082
7845,-0.22644749570769,0.146557988207249,0.895889912878839,0.66567391216005
7846,-0.215945189507343,0.374368914755373,0.752744466527339,0.858225656490516
7847,-0.221578230866466,0.164533149340273,0.854453477768078,0.745480935071578
7848,-0.229756818033447,0.251442753667196,0.910840753006209,0.883038871953143
7849,-0.226108186226623,0.288766842580975,1.10243167311715,0.845794976954674
7850,-0.217612449312002,0.194909814444041,0.847887930657533,0.81545331742276
7851,-0.226306008812195,0.338363366933874,0.874872329991752,0.857286190504553
7852,-0.198747576337434,0.216356790647535,0.99254147084126,0.832273074567017
7853,-0.216056671296624,0.153939467434107,0.842764737182628,0.683334916876994
7854,-0.232262387855513,0.178828848685362,0.890411870496443,0.689343723126383
7855,-0.229992122677259,0.126617915840083,0.743796166162311,0.678815072623299
7856,-0.214900459849849,0.352487539928743,0.856079086453486,0.865523249095892
7857,-0.204325913188905,0.334191833443834,0.909136075550288,0.906263538563103
7858,-0.232613893078252,0.313697752409224,1.02818340466247,0.883084627306885
7859,-0.232196929413794,0.285191990604108,1.03931114018092,0.856072399815697
7860,-0.219736323227353,0.287431604705219,0.806161931190114,0.873734514138769
7861,-0.239858978075997,0.222069709289555,0.904097585518361,0.863367674404205
7862,-0.202695113965483,0.42006667247498,0.821546950344157,0.897658805319899
7863,-0.227498432103358,0.425893885984001,0.905086011029354,0.901189328008754
7864,-0.204960267022004,0.185815384452799,0.991355299224546,0.829074846938451
7865,-0.230085607328506,0.3138359515793,0.934893790032356,0.84061420608221
7866,-0.240469249987153,0.147249498366378,1.0269450342856,0.758856762713753
7867,-0.210004788682399,0.265460290835669,0.846565823019203,0.852670701052689
7868,-0.224177608681893,0.397193752300042,0.891174408877881,0.874174846354631
7869,-0.234433159163522,0.352923439381274,0.925783729532855,0.880364760463234
7870,-0.228329429125017,0.543842534353549,0.908431381861875,0.919222604271593
7871,-0.220186246746127,0.80731210000434,0.830953198018769,0.953071363062414
7872,-0.229722543364479,0.936976179098354,1.02131697964871,0.961468762589712
7873,-0.213290692953211,2.04151649391051,0.8705701748952,0.973784205773944
7874,-0.211677062712016,0.677392906566265,0.910568443244634,0.935812191508622
7875,-0.211698318105941,0.982675689502502,0.8250686050259,0.960656695260357
7876,-0.225976316071613,0.787723432721817,0.893180644722303,0.948947843302276
7877,-0.221320254548379,0.67310040628215,0.899537919717469,0.937737001441242
7878,-0.214737094951876,0.441923090904718,0.727164773001586,0.903012207576613
7879,-0.211961544772232,0.337027844826277,0.739576888319948,0.830903123906259
7880,-0.210663926406002,0.260811525614917,0.747239901390813,0.791161669741126
7881,-0.209246894443759,0.23917547765075,0.89632524861058,0.770872055992845
7882,-0.218720475675484,0.251801807176936,0.862278728572381,0.812633663513217
7883,-0.225046453381633,0.224208356053176,0.911712748842922,0.779876841806652
7884,-0.221121845773794,0.508908200826934,0.85332729265593,0.916783981719999
7885,-0.236345781007595,0.530414162891716,0.893100368658822,0.9293901460152
7886,-0.224537282844538,0.272054127706522,0.993715388012037,0.858416312932033
7887,-0.215294152377315,0.253578149822126,0.909755330141121,0.855642696662683
7888,-0.211535083306148,0.246632063916154,0.824958223959204,0.810397925448053
7889,-0.220751105735683,0.262185898453705,1.07731808772693,0.825766640444181
7890,-0.221094019218468,0.19754506962909,0.873187506816386,0.737094809893619
7891,-0.237138305380229,0.321428660306102,0.888107618680582,0.870276377757576
7892,-0.222842336315142,0.424731347643071,0.876211975291907,0.927288374254076
7893,-0.20893600281498,0.983368106586596,0.880372014529834,0.953209975132751
7894,-0.219621633644656,0.629896460786537,0.850734209431479,0.933650722550678
7895,-0.225967520348557,0.67317667557563,0.807859007902105,0.927157096693483
7896,-0.214808030159114,0.228805782106389,0.848256157693192,0.851585736620857
7897,-0.238827371627184,0.40589767891198,0.715197599277483,0.872466861132021
7898,-0.212445021403615,0.280476347484881,1.14740003661809,0.844566837960794
7899,-0.23512178136504,0.32768868574986,0.780201883016958,0.856985425898973
7900,-0.226562707047138,0.350355654844548,0.725129660078972,0.83100963804888
7901,-0.206665689051257,0.159102277165051,0.958977393432186,0.816494203111599
7902,-0.212729663183278,0.283542185160655,0.908066612031865,0.858360148445872
7903,-0.217435613311872,0.199086444343297,0.909288322852019,0.826979290628182
7904,-0.231190789236439,0.27907859788747,0.853165660872076,0.835498708891781
7905,-0.217104230406166,0.221719036794006,0.87723573112553,0.757399451872258
7906,-0.236271703298443,0.308609201167825,0.907514259420852,0.863306869976922
7907,-0.204665654541376,0.288796597525087,0.879547625303445,0.864209002776513
7908,-0.239390423130272,0.183726229065803,0.837277447612555,0.822430910430776
7909,-0.227454013645509,0.126330736805375,0.827351770275201,0.773918828163142
7910,-0.21431222881948,0.155616027438481,1.01787535171582,0.750188026259084
7911,-0.219273146814056,0.0894501910062725,0.745255953758522,0.617201258367683
7912,-0.207321300080532,0.233629324086769,0.855555280603923,0.749415735667434
7913,-0.219394137586047,0.0996790507124528,1.07257060351372,0.688149645501204
7914,-0.203221086055561,0.117763082755614,0.836778870113963,0.711851037296173
7915,-0.227338844724749,0.207860782868185,0.713746146014606,0.792827878845392
7916,-0.213832131611781,0.241929404792792,0.954679049114962,0.80115507139984
7917,-0.223007879887595,0.194159339304661,0.868102213949596,0.791260054177072
7918,-0.236518596030156,0.295582407760425,0.884523631442147,0.83633061739586
7919,-0.220932729592663,0.207736227905061,0.837450384755269,0.800764330403941
7920,-0.212871709140638,0.508241380816344,0.750175848889804,0.897738858364134
7921,-0.244673995421975,0.367707775312488,0.872209705642467,0.84003259575229
7922,-0.224296750787922,0.306945099055421,0.725407406038197,0.824872725038514
7923,-0.214794969133613,0.187322721467103,0.719383453765763,0.820904309077621
7924,-0.225123438399165,0.372147092933414,0.710808427740412,0.854976990648105
7925,-0.206820136193504,0.245944249412546,0.872799241905305,0.837831676096838
7926,-0.217439401601608,0.200073800581448,0.902065706530893,0.815771776475508
7927,-0.221756090638092,0.148603491475923,0.919078680685741,0.797532797769856
7928,-0.203738376054726,0.307834944364904,0.92226832554396,0.856744855755378
7929,-0.208968305840943,0.170597693780129,0.766569258929352,0.724372248396107
7930,-0.232237481791623,0.211252005145277,0.80726921863638,0.788215865893575
7931,-0.215500748387004,0.116802774583212,0.688620635176318,0.602632233344064
7932,-0.226748077816221,0.14540892890422,0.837895983980723,0.695306327093958
7933,-0.21163220182256,0.279881698463696,0.801030339432289,0.861040874202061
7934,-0.228986999107372,0.285988266956069,0.679880032130628,0.799694914433982
7935,-0.228800436946744,0.211611057805724,0.814784603064306,0.813030450638667
7936,-0.207067017868276,0.150009697491657,1.07793780449014,0.763184073293824
7937,-0.221524922435723,0.169988340061142,0.920731331380871,0.725609739639988
7938,-0.226000316053205,0.206012738212232,0.909550446919723,0.814630030529904
7939,-0.222364342035711,0.247980126963617,0.907669340400445,0.846556025621515
7940,-0.22221386591788,0.198034273489018,0.991084433124937,0.790662602233262
7941,-0.205259341540946,0.54201996632882,0.913494620851887,0.932038247776101
7942,-0.230670341026456,0.664147446227984,0.920842460235784,0.930124755179034
7943,-0.2302010637593,0.527315463139986,0.905908694239865,0.902741901827427
7944,-0.199068561362572,0.273639697223845,0.826656628784755,0.857984884704678
7945,-0.235906265397312,0.35060905827931,0.912262668888122,0.881703240518072
7946,-0.205988454432261,0.216218270744316,0.965190971456564,0.803982554499994
7947,-0.230065063974943,0.29602832200883,0.783642586528829,0.838595355438135
7948,-0.231137005834846,0.319317156646556,0.929796359133553,0.877914735032961
7949,-0.248243874918545,0.171135232302203,0.81539109904093,0.743158126479485
7950,-0.228233482759905,0.212941985714067,0.980126252023351,0.805564139191919
7951,-0.223373672268174,0.389089443690201,0.866448498192685,0.88989451688293
7952,-0.203116910559508,0.347903229098994,0.894243562983586,0.897282885514877
7953,-0.222208661852036,0.461573005950193,0.961330616657614,0.913555346009239
7954,-0.223113334303034,0.437505989137911,0.998031002426826,0.911280325387254
7955,-0.221043640617888,0.259194568716231,0.881165289946266,0.856158569542592
7956,-0.229937648859202,0.467810745011891,0.898307018721662,0.879893259365947
7957,-0.209527744400341,0.205491793053331,0.911892191065822,0.772335789241691
7958,-0.252844333432578,0.239786871359905,0.930754532067332,0.824686132978685
7959,-0.214545250829663,0.345901091380841,1.00502576004783,0.871228027966163
7960,-0.226115228047316,0.737257206091874,0.81172777777063,0.927943680177679
7961,-0.210042699664333,0.265198945048373,0.920227546406888,0.877185023599762
7962,-0.211736139476281,0.455697839032938,0.904655050436759,0.890499144633999
7963,-0.212055226587542,0.120430823126689,0.84526563163506,0.728926094780441
7964,-0.21755966431533,0.150955437025661,0.81971163044899,0.769386888990289
7965,-0.21768551669452,0.225926266448249,0.938303470422241,0.796059440607951
7966,-0.223559129501623,0.148184971983091,0.906194412757599,0.769327869023362
7967,-0.214140212291771,0.160563419600034,1.05425571071577,0.78234557237748
7968,-0.22539620470592,0.307948272158834,0.902018212900729,0.867951108150832
7969,-0.234272829866943,0.305008220663628,0.942421307837774,0.867440335234254
7970,-0.211852082857436,0.495479114579216,0.918294634204432,0.920372377486577
7971,-0.207006731167714,0.960690877141417,0.938993382559911,0.961900323697665
7972,-0.221594120812122,0.491650439819465,0.82635177246447,0.910849143321352
7973,-0.205865573660987,0.186259137808922,0.886776585265693,0.795486540051884
7974,-0.214110285486375,0.231582980435549,1.08859561411574,0.80246948770685
7975,-0.222254032236669,0.216909994724536,0.910168102184426,0.794234092164237
7976,-0.213998656035812,0.272084027122472,0.853146935876863,0.831438744633762
7977,-0.209557045266494,0.459440893366292,0.838955788046776,0.918913982102505
7978,-0.237334726731447,0.329322465853001,0.903030064728874,0.890185475685047
7979,-0.19576774356366,0.443028249340605,0.979920746788456,0.882695714051558
7980,-0.216342378018296,0.173669858745667,0.870124510201901,0.762552782980831
7981,-0.234134972574466,0.200463885355019,0.849158032116305,0.786186725841291
7982,-0.221353932039036,0.239939671278381,0.796880024709273,0.834792331884331
7983,-0.227655855710902,0.103288612663015,1.01331171641645,0.626974409162278
7984,-0.198062518377448,0.147845272514309,1.03607118530074,0.7523426674415
7985,-0.234209840009604,0.325908225752432,0.896190354435643,0.861688404063205
7986,-0.208339209700667,0.293246533528177,0.89290169591047,0.861794832465213
7987,-0.214439286612071,0.2664424165378,1.06743609226361,0.857898109317627
7988,-0.222614708259692,0.135585496828188,0.91919013754736,0.749898255468477
7989,-0.210145685377839,0.151176152102007,0.816742758866604,0.678713819524403
7990,-0.219411580762779,0.184561392149913,0.667104879709533,0.731629351426946
7991,-0.221347273243551,0.155440553787286,0.781967666421797,0.669846101438367
7992,-0.215723993984744,0.239872826550175,0.899340765551986,0.815394794861143
7993,-0.208578536513469,0.187016937908189,0.868493834720412,0.801867775509593
7994,-0.201859874684193,0.156138333822197,0.852124831809824,0.738046301610566
7995,-0.199277000862125,0.266376059934955,0.708783613186349,0.819815744614772
7996,-0.213592891296748,0.113788553060955,0.838806459307123,0.656940493572568
7997,-0.234594455329721,0.134890720910432,0.910137016899485,0.657065507597885
7998,-0.202078325084092,0.166129009727499,0.910257697547684,0.779344841904923
7999,-0.229464808482402,0.245364144168932,0.812047143191949,0.862313389955141
8000,-0.242690146157703,0.202293426069573,0.81216054065062,0.72314531695016
8001,-0.211449287206731,0.478106909308262,0.903391801518065,0.911765577601152
8002,-0.234130352512165,0.369587882870002,0.897685730050179,0.897600192907421
8003,-0.217491753501489,0.17287058418406,0.904176082682261,0.797194680642449
8004,-0.222464111961997,0.252827663019318,0.866385285574132,0.821507131528476
8005,-0.228067541534917,0.201903856356982,0.86214901716355,0.827344788731112
8006,-0.255475384110374,0.256172035175442,0.696366048712677,0.797019095525741
8007,-0.209139500752061,0.157756285208088,0.890578427821926,0.7374343237259
8008,-0.220334106999645,0.137746488790541,1.1288307338429,0.687691898232594
8009,-0.231368407255559,0.172239885413613,0.760719326677319,0.716985375629809
8010,-0.223895915952894,0.127054613667673,0.835744813925083,0.63799215425557
8011,-0.218610184804436,0.190966670617164,0.869910612473618,0.770848872729853
8012,-0.206260934593226,0.157623498033518,0.7390088590927,0.707443646431126
8013,-0.226895485272828,0.164263278751887,0.708789299839991,0.75002385341303
8014,-0.2244558255587,0.103483942209907,0.843892628847351,0.714553173948979
8015,-0.20078935518181,0.220377278415649,0.963319352114181,0.830759655274015
8016,-0.231380203527482,0.309231041831975,0.822735585732937,0.895086371347053
8017,-0.214990656126954,0.290342151493352,1.09256839128832,0.842417242170875
8018,-0.226830637659586,0.294297259489182,0.74493322070149,0.849412321546579
8019,-0.206168232932546,0.311479316684046,0.71968819351679,0.815593462274131
8020,-0.211797635286971,0.266437970478722,0.978396572767512,0.843982651215466
8021,-0.223532747091947,0.236193277897543,0.813808660829815,0.821716108663851
8022,-0.223240654418158,0.400812841583126,0.717868595521116,0.89107547414979
8023,-0.209004777006369,0.294338446078289,0.911653139811602,0.829613399801869
8024,-0.247104154254323,0.205820303876428,1.04794393971667,0.746844835135097
8025,-0.202032072170912,0.203451190971095,0.688320110564471,0.798515191741083
8026,-0.212094111068282,0.336342804760464,0.885099676986109,0.873400892896668
8027,-0.219777522583753,0.282551845525589,0.8097408839107,0.861590990854927
8028,-0.220826084966972,0.166652565672332,1.0246398541052,0.74518824393958
8029,-0.218720223158056,0.180759118632869,0.898545205890965,0.746231497940103
8030,-0.24355254251238,0.166628416002074,0.845599566599512,0.766418193725903
8031,-0.208576236384469,0.206673464096685,0.861571179234925,0.781969013917546
8032,-0.220575260400041,0.283113358763177,0.921839508811631,0.824891857252057
8033,-0.221886929189707,0.176115813099103,1.03427589551068,0.741689054428748
8034,-0.237578758323469,0.428210781898924,0.852105136484643,0.896061793599987
8035,-0.23688113235879,0.343638183602622,0.856665568702993,0.88890365080287
8036,-0.21685615727728,0.504335899827001,0.823785351985582,0.916082147166639
8037,-0.222278674697772,0.635618457434888,0.922425168960931,0.932379276926532
8038,-0.216524215671597,0.528439412867389,0.848444750891888,0.902539820665479
8039,-0.222200345414596,0.435587461114973,0.811427429232904,0.91838622739901
8040,-0.220033766577202,0.25055209260833,0.813506650455761,0.904557942123616
8041,-0.210022275349031,0.686634935742212,0.736208553642058,0.931959954867786
8042,-0.212924466373901,0.380836797550458,0.889322526910013,0.919487396474584
8043,-0.237783368883173,0.519494081011366,0.840523192822042,0.892419219212661
8044,-0.215095518743386,0.354382922302779,0.83161577478885,0.864309627693289
8045,-0.236897899369912,0.192154794793956,0.784487436007518,0.789874450543977
8046,-0.222238041208532,0.212153527536008,0.895570418224281,0.771483140277222
8047,-0.228487470175941,0.20458639296183,0.91038910590187,0.816381455363783
8048,-0.214482740941988,0.271998019997198,0.846530272498565,0.852646070748907
8049,-0.237722383171825,0.312824655181822,1.05483979590173,0.845281000340154
8050,-0.225317012116008,0.282290487490163,0.871219888482354,0.840257170949996
8051,-0.233254063981458,0.157276934155481,0.844480985929994,0.739799649544769
8052,-0.227185074522936,0.225835515978112,0.790447729973588,0.788640545717176
8053,-0.228884776194554,0.148500389452077,0.826419757180374,0.780187847229547
8054,-0.232959523291164,0.185800995044415,0.769793508635353,0.720844903392828
8055,-0.214999477397268,0.290727954892789,0.698274656526385,0.825996240364665
8056,-0.197915501007045,0.249918195318053,0.843524214125082,0.804644492011551
8057,-0.227681475346703,0.167070876695448,0.87962913810722,0.808879281780701
8058,-0.227495330124777,0.13820053601419,0.920620359214702,0.72726461870772
8059,-0.209344375487118,0.185670784432118,0.96893797969646,0.821095544666863
8060,-0.215347721117044,0.19377455854354,0.846027344580943,0.704526062057862
8061,-0.224893698333201,0.149591567137724,0.765761487405386,0.735498002618553
8062,-0.218929927969377,0.284785773186597,0.716722122720425,0.844802202931992
8063,-0.227964455359365,0.18172037935205,0.898572026372339,0.759679637215532
8064,-0.238169274591632,0.189074919164173,0.892705603748602,0.82378137778748
8065,-0.229709971875107,0.120201866023946,0.83584372445142,0.63981487503206
8066,-0.213577539146735,0.214661589538809,0.826534476941123,0.819503216778063
8067,-0.228133127184377,0.169956998159707,0.755881531608954,0.646724597007359
8068,-0.219727206593508,0.245118403548157,0.830623911923679,0.83227089277068
8069,-0.217940448612066,0.653496836792212,0.967859942914678,0.940545183193921
8070,-0.223705489760519,0.697909691759903,0.923745728730167,0.944421881662837
8071,-0.224491667127754,0.646030877630139,0.898808978213242,0.93599092090008
8072,-0.209405238431046,0.442050699168695,0.874508794619826,0.910203364512328
8073,-0.22211892267211,0.459879527758874,0.901796499704758,0.925769385241352
8074,-0.21480120195378,0.40258721511946,0.914402270571776,0.921210341571284
8075,-0.198574746938034,0.650827929887435,0.855388857578165,0.932506400469238
8076,-0.23567068430478,0.97460377108215,0.752260539225583,0.946145053436301
8077,-0.22996071500707,1.7204643235222,0.763133632681912,0.972985326017089
8078,-0.213419442916967,1.24573627108857,0.738308379679334,0.965317557714412
8079,-0.226378666783476,1.22377616358373,0.940977099760386,0.968792416149625
8080,-0.213218262401302,1.05886263683818,0.751204965561056,0.944547194658749
8081,-0.224125593091896,0.444630691586917,1.0368870385252,0.911363696520165
8082,-0.229128221413443,0.668367865240035,0.822515650293332,0.928409918407394
8083,-0.223293994307298,0.731457219667444,0.717276300567193,0.932687561860678
8084,-0.217490311606563,1.03467762495867,1.08416403130091,0.951190559959093
8085,-0.221191854829152,0.427892879967846,0.873542898751259,0.91829132396335
8086,-0.21378286230615,0.612563559570347,0.876449690069052,0.930053202382675
8087,-0.218695280540663,0.328301526559582,0.843910603283617,0.875214793748419
8088,-0.226047373959519,0.391385427021681,0.885158146212208,0.90326485275789
8089,-0.229633423649853,0.515016663788047,0.751603868841706,0.913762229501635
8090,-0.221846140212718,0.248799151627749,0.845125595025841,0.844346142011373
8091,-0.236257778913578,0.139002150176787,0.82700086379843,0.687326021842333
8092,-0.239463569816097,0.185894391182749,0.846949076686642,0.739732841382498
8093,-0.217100438356813,0.125407027699033,0.806882542747034,0.733376443522703
8094,-0.223246751294283,0.136559896403544,0.909824981651635,0.74529641758456
8095,-0.212859910800573,0.278374781457947,0.837269232458001,0.858764249998246
8096,-0.23292035360903,0.392816361944118,0.842498830595852,0.887778431178322
8097,-0.237549379788915,0.552640929755933,1.04279808346518,0.933500180070133
8098,-0.228054672799146,0.5763289685367,1.06306025058579,0.918538906882992
8099,-0.227396403662874,0.285098320051111,0.917850799773557,0.875943013710031
8100,-0.246960883800565,0.336651696897033,0.88218157748568,0.902636824351717
8101,-0.229739726126892,0.501878571655119,0.878515851101306,0.886367508031346
8102,-0.220248624720432,0.5441576238456,0.990932697690879,0.908580195869914
8103,-0.225487821584876,0.486389486271169,0.897762732681096,0.911380837210747
8104,-0.224969692896358,0.372583291428876,0.912886011614028,0.904888679828877
8105,-0.234208144220309,0.596978000930123,0.872558310190818,0.944268521674222
8106,-0.219264956501682,1.32704623490121,0.862593147921815,0.977530024031303
8107,-0.222857138817012,2.44011011787815,0.869615030874293,0.981823606311573
8108,-0.233387060745277,2.02959751680962,0.859062035918387,0.976498846763975
8109,-0.21433966509168,2.22269972136283,0.917403748262763,0.97813654145692
8110,-0.216980810790183,2.24304849598667,0.847512816755666,0.985350878976305
8111,-0.213891770289952,2.63292531111811,0.843323481524051,0.981600488639734
8112,-0.220924735640586,2.76137241963701,0.845423163778858,0.983215792297152
8113,-0.221583974464291,1.5350145270683,0.833955366221875,0.976071151383363
8114,-0.21933581937658,0.815338955030382,0.906277861091636,0.96037824956526
8115,-0.243267951583316,0.565917881895709,0.831072492526223,0.933245740634118
8116,-0.219755928494675,0.346403209851779,0.833777588177085,0.868129934006723
8117,-0.226487852978071,0.249400100703716,0.767452097431892,0.868796531883859
8118,-0.213957483645684,0.168930722326079,1.02537543620707,0.739259047214158
8119,-0.226020975700841,0.184346031912986,0.819533934276286,0.806402896972931
8120,-0.203365467850812,0.183161736916928,0.926126635811705,0.823011057747825
8121,-0.218842460557983,0.421464692032543,0.886511576797274,0.903499950763499
8122,-0.213312943829016,0.326744396202027,0.858954577214803,0.896787523766737
8123,-0.232619754794924,0.337526016612053,0.773475948749948,0.867499178103328
8124,-0.220426137100665,0.263920487401135,0.838142341446908,0.83996395919535
8125,-0.230162051301529,0.310568261756177,0.85675147898401,0.827439723607435
8126,-0.214385771380516,0.301205244651387,0.952020963734654,0.872776154045514
8127,-0.23631554459106,0.562223702137188,0.888769424811412,0.913679082999204
8128,-0.206064012428487,0.905046680393719,0.866943900705534,0.956123559136295
8129,-0.215189522182763,0.671736669493308,1.08447246345173,0.954017166591376
8130,-0.22520696478413,0.783274223374159,1.08593524731754,0.945221282476513
8131,-0.215111615602922,0.394348242423286,0.94146047487894,0.890041969984151
8132,-0.220974528558413,0.297821669577575,0.757691803942935,0.858499084742803
8133,-0.233153455974952,0.497250960402567,0.908940112770376,0.88026130973195
8134,-0.242455383026456,0.210211776867296,0.888343763059771,0.844986202949763
8135,-0.214119047376142,0.286362950604446,1.03973092579613,0.877187228718214
8136,-0.228262791627049,0.219098475107729,0.90835054689518,0.781550656100829
8137,-0.237343972024629,0.135545708577576,0.825644108123753,0.726974142825026
8138,-0.222024576610519,0.288025305177474,1.00947508772749,0.814641548654336
8139,-0.212254422014089,0.241988585122486,0.92287894239185,0.874536772298982
8140,-0.232630297828363,0.309537487906209,0.718619105010495,0.828780330687337
8141,-0.243699098052388,0.476399697694672,0.83639234086169,0.894689965791915
8142,-0.215198519915014,1.00257335434444,0.879899909747203,0.942829290151799
8143,-0.2184284060862,1.0581962622127,1.02501654641045,0.961804568564844
8144,-0.223754703029295,1.44465578109703,0.950276763237445,0.972255226381249
8145,-0.205352875040292,1.25028827995872,0.996903622460733,0.968079916222889
8146,-0.223316053943256,1.5681169723429,1.01172855125087,0.979056840015121
8147,-0.227301813824318,1.14866283422459,0.921316568612193,0.97312400174525
8148,-0.224464854304446,1.34357117127583,0.895338803539618,0.965758838337802
8149,-0.218299013979425,1.09017112993727,0.84977831232518,0.970434946038604
8150,-0.209585583187426,1.42623027007723,0.956767971663512,0.976313901687982
8151,-0.230920603469888,0.71386344735457,0.845868845615188,0.949848788089751
8152,-0.232648388074055,0.301416185902868,0.867488709399483,0.8810777460138
8153,-0.221061808062172,0.333963019928422,0.875727716552399,0.890011105978876
8154,-0.217427694389464,0.617787392651173,0.864236833589968,0.92716882519268
8155,-0.211969047226529,0.435736811271873,1.08017129172151,0.930336035346907
8156,-0.235083209631726,1.11919115928572,0.806923263189685,0.964764060641881
8157,-0.211794472054559,1.87773529567409,0.810891716422848,0.978043609240531
8158,-0.218397198238739,0.961478168017308,0.950059720747112,0.969618124916403
8159,-0.233038220589352,0.806172837887229,0.911148304917167,0.95122612147506
8160,-0.194543241095305,0.714421206971434,0.875232344677526,0.928490828142188
8161,-0.21022045682957,0.331222024036159,0.919803717276438,0.873279292852178
8162,-0.221227491298502,0.35308068179193,0.891126355077725,0.892847988679203
8163,-0.232288681933166,0.539178487876407,0.830853229230422,0.928544300626753
8164,-0.209010750835514,0.759359292950947,0.878459755805158,0.94744049748558
8165,-0.215857884088416,0.521489943454154,1.08662810546088,0.92380345494544
8166,-0.259015408644236,0.823698427960771,0.775155668937167,0.936753827049699
8167,-0.219034623482874,0.821891660663809,0.925885639188912,0.952744445645561
8168,-0.219311817646314,0.2626658404768,0.90931039747514,0.885760925627016
8169,-0.225100168016335,0.22187119998944,0.733787365487043,0.828131027287598
8170,-0.209728465895541,0.261073143045117,0.983878183505887,0.866943244053965
8171,-0.216650351804451,0.300923030687304,0.997657008828465,0.892963780861617
8172,-0.217334627066029,0.58123867591578,0.798050398119927,0.893370708742194
8173,-0.212545827433249,0.26518917285908,0.811060992945777,0.831127847156934
8174,-0.211224366314825,0.134770937329787,0.789287344219366,0.673874886309435
8175,-0.222050755212887,0.295780105489092,0.746166526047428,0.835682587234514
8176,-0.224063090175033,0.141130560269712,0.821289742714686,0.740641253488601
8177,-0.222422848275438,0.291284949961214,0.859212997648239,0.860262025978564
8178,-0.246291041774504,0.226861737207279,0.767792177602606,0.826589849782484
8179,-0.217310016986481,0.504388224657449,0.734369762841601,0.898250397107267
8180,-0.221736434039715,0.585471093794851,0.712496755697215,0.889831956218833
8181,-0.214458196154113,0.131016053399413,0.774518496839578,0.731693479738902
8182,-0.221373126333234,0.191679774157719,0.7256910672923,0.748191560240872
8183,-0.222587445532872,0.175686746914631,0.733789784778597,0.734447845476322
8184,-0.215472335669497,0.1689192191578,0.741569907792312,0.646949959248093
8185,-0.233752321836837,0.263267040951186,0.756627609557353,0.818110649341569
8186,-0.212335677594259,0.16198650341071,0.945840772673963,0.739661091994358
8187,-0.242730410880964,0.35051503895401,0.734091352536619,0.866609781445422
8188,-0.228882150530133,0.385653989841374,0.829777105643729,0.863480200359565
8189,-0.230111087550362,0.476387089717279,0.813332971105288,0.898641756414536
8190,-0.226734483098548,0.439613578165713,1.00056376741477,0.930069371408821
8191,-0.217599772433477,0.704962978887915,0.786312116583672,0.94195678603368
8192,-0.230233318500966,1.36570233968145,0.871158563466968,0.967750222530204
8193,-0.2352577895064,1.98483433276628,0.767961716360624,0.974328628697072
8194,-0.218541903814449,1.54800325384725,0.724506476710169,0.977964484814355
8195,-0.232263656118993,4.25547013177703,0.925198406404355,0.989883692726012
8196,-0.224527092003372,2.92981904692537,0.724329666435719,0.988892939205213
8197,-0.206076547385025,3.68491432987763,0.713096052984754,0.989348596518566
8198,-0.240947208984755,3.94088394261741,1.00402484997604,0.989651575400123
8199,-0.221452853013319,2.73447333071124,0.8789676923703,0.987204458020232
8200,-0.238442100448924,3.49208122865777,0.876277956732535,0.988650188708478
8201,-0.227710251960944,5.56956434608421,1.02217228762756,0.993268554686937
8202,-0.228999195931778,2.67593978445914,0.886331188280329,0.987000379080592
8203,-0.227253444318882,4.540280105905,0.842856728253026,0.990752093994518
8204,-0.23491108348157,9.96110701219415,0.85373029380337,0.99514885538962
8205,-0.219928525349474,8.91905836048621,1.02035829375645,0.995921724814508
8206,-0.219848184147395,11.9250190366972,0.915192474538678,0.99570360575843
8207,-0.252086914322797,5.71248493020711,0.93045149536596,0.993777471109091
8208,-0.211382995452867,2.3130974610934,0.716997005131181,0.976457573357043
8209,-0.225853122344097,1.66947947940312,0.754720838155768,0.973397359749731
8210,-0.227936771327296,1.47352656335144,0.900703966183702,0.974621624968517
8211,-0.233121329128136,1.42774895159162,0.985305596979919,0.970792561621317
8212,-0.21561458105222,1.52353814842892,0.77542086853541,0.980427499339746
8213,-0.22567625647936,1.92385598279224,0.857874005249228,0.97509209134982
8214,-0.238869978284745,3.25684091508941,0.920870926421232,0.988006669213734
8215,-0.22963246800961,2.72999080812199,0.747916422052846,0.985671925049519
8216,-0.216110826376127,3.35421296871749,0.82578090352385,0.989097997363159
8217,-0.21690396047658,5.09165254932485,0.826346819198742,0.990007449074703
8218,-0.217678140739646,2.33574790452285,0.90884952679885,0.980605732260226
8219,-0.223720103513971,1.93525402390731,0.92184156646615,0.972767162944365
8220,-0.183795414632011,1.10156067429271,1.01513486908816,0.973362619005866
8221,-0.20830531655243,0.761973120654763,0.929776699119277,0.959379015566251
8222,-0.238052354544953,1.65592527400911,0.796395923149071,0.977896026488978
8223,-0.242980981357569,1.55273765232977,0.846445556061235,0.967103415662307
8224,-0.209952571869742,1.24186715124332,0.9861931261052,0.970904219156851
8225,-0.210752628162926,0.843203619017571,1.01267320167394,0.949464587389356
8226,-0.246959522557749,1.60548372087919,0.872299124509777,0.974888027297176
8227,-0.229664502669701,1.93188473375111,0.716622868857263,0.972116423856828
8228,-0.235305042134961,1.12786493576927,0.904685588516828,0.967813585509528
8229,-0.205244113709862,0.873474286203532,0.743796807787904,0.94827216000468
8230,-0.208975285540264,0.935842521279067,0.771342689348066,0.958372290231881
8231,-0.215860273300386,1.03991036044783,0.92508465401907,0.967840676068515
8232,-0.216074442862132,0.705285082100469,0.868525315640996,0.956762036045354
8233,-0.226184186052563,1.25537506047321,0.754335636660691,0.957006032454007
8234,-0.213494556073229,0.747966042490048,0.943449560985917,0.93286722228949
8235,-0.210877747435021,0.38100010756002,0.832372249151474,0.886452533145523
8236,-0.228086578225369,0.532390142977785,0.69270850257652,0.8999656194722
8237,-0.209226529381706,0.40007248405197,0.954400321559521,0.899656791930443
8238,-0.219088434195057,0.698174089942509,0.843011629527664,0.94025262499637
8239,-0.226306832361065,0.334213557546621,0.924843671256566,0.87031058347798
8240,-0.23049680146916,0.19530747810383,0.917844896951146,0.776916071278399
8241,-0.214866540005153,0.157750462058213,0.822006939280154,0.727308681810424
8242,-0.227850560269748,0.383155495730179,0.845563208764168,0.906143010324687
8243,-0.208864421057604,0.24933422430288,0.886743909554866,0.847983563737892
8244,-0.228624613195644,0.313043383460136,0.863939066262318,0.867827789681009
8245,-0.187267081869571,0.276817153840523,0.836486133729679,0.906209581369907
8246,-0.206090195846149,0.474052357285858,0.935094700092114,0.879417421929737
8247,-0.210223252216973,1.06158069512713,0.840860231982277,0.942712300356467
8248,-0.241165448504854,0.651447150618664,0.888892148239136,0.930129062246605
8249,-0.21496799798418,0.594709355372319,0.78490522631893,0.94291837951225
8250,-0.208745006136553,0.435345981503161,0.908291783349209,0.895640962423962
8251,-0.224369103315025,0.173898881008316,0.964366357583247,0.734171730504269
8252,-0.239499575122602,0.1459660758221,0.951107440242564,0.664280250288682
8253,-0.201344962991923,0.106945894427011,0.862221748136221,0.720822604403214
8254,-0.210915715494741,0.151364728905288,1.01405901538836,0.755437204770091
8255,-0.213573906965086,0.228412227824424,0.921718846655164,0.838240091153893
8256,-0.221819445359117,0.20997127587295,1.08705828635426,0.778389151112824
8257,-0.219154858870979,0.157840710294501,0.810460272279994,0.679851532206099
8258,-0.206108847087285,0.171985031619325,0.818668342552699,0.736100771544659
8259,-0.228640790703301,0.269745713994611,0.856377136070978,0.800118420116
8260,-0.217541705511423,0.1725910757766,1.05283510839057,0.754948344394625
8261,-0.193631703147264,0.174982193304539,0.955679803881955,0.663641951944823
8262,-0.217049213021991,0.109334798242576,0.881871100308032,0.591739375795291
8263,-0.22716214244373,0.303092795270956,0.865166623664804,0.844638568741504
8264,-0.221884062562082,0.13871052381532,0.91097122101377,0.730981059469358
8265,-0.215807548418569,0.340978051803046,0.917982706700623,0.878333910255199
8266,-0.226423222618819,0.319507301651078,1.0346694538044,0.894535110393249
8267,-0.236964440364854,0.455034544115578,0.922403291821282,0.902482177962153
8268,-0.212694391512596,0.332773987435047,0.87703324785329,0.871026283547123
8269,-0.20059832597973,0.244681802426993,0.893375522527648,0.84750360756073
8270,-0.228871346306923,0.317152468687997,0.824026687467383,0.882649339974518
8271,-0.218355031863771,0.480027413872107,1.14769194186784,0.907322599210362
8272,-0.217994590533629,0.416495185502291,0.930214364929617,0.9116673141149
8273,-0.235259188915346,0.319654592845546,0.694187359400614,0.865060026975782
8274,-0.230432719080212,0.363630902566092,0.968850825737593,0.919210307460914
8275,-0.242446472995399,0.410277391335467,0.884530106646775,0.907761905289338
8276,-0.223842195683763,0.3774251506637,0.899957177029054,0.879680851063017
8277,-0.232233513890444,0.419127350886056,0.938396071040162,0.907051860989066
8278,-0.226173046038182,0.430206705594133,0.921793557676377,0.869013030474412
8279,-0.203722868911696,0.252139243947545,0.855184710107937,0.830371955220384
8280,-0.221467511171611,0.218537125720116,0.836716156273353,0.791401242433907
8281,-0.21708921023431,0.16576563781121,0.911985323568968,0.761757030482347
8282,-0.236530982932732,0.222784839343546,0.802884849701719,0.815585702727609
8283,-0.216834493108457,0.167947623976671,1.05010024828853,0.759053708121527
8284,-0.23241601046274,0.186854954165577,0.734973275964289,0.739833754440196
8285,-0.210663017629862,0.173805006917396,0.8620082678245,0.652155531889236
8286,-0.212503309890928,0.174132165063479,0.864941154394703,0.668846940263622
8287,-0.19560801933608,0.149158231150601,0.763268682767902,0.724472530413947
8288,-0.228202500165613,0.146754832422806,0.874521594250336,0.739679838856628
8289,-0.233559501726667,0.182351987916486,0.813433472582607,0.747044799105936
8290,-0.221682597268077,0.347188381111579,0.786729313469785,0.891391174731422
8291,-0.230562282089548,0.284012810329913,0.714942491216259,0.864839665141549
8292,-0.221604727806228,0.169755417079683,0.793110001704798,0.706832279168864
8293,-0.203130227017654,0.137125345184637,0.762450992195102,0.692222954599641
8294,-0.241587697142806,0.172807067277487,0.801552699509008,0.762670849053767
8295,-0.21338297812407,0.364755883092523,1.00298660629423,0.896286043699298
8296,-0.21333408707287,0.287520266396497,1.13525452029091,0.878988403377712
8297,-0.219581418439017,0.360323174607589,1.06538619974422,0.893220203843402
8298,-0.195030757932712,0.324309684248453,0.929745034755667,0.84299204908107
8299,-0.219795426884432,0.226408188793436,0.989810650615446,0.823021017486228
8300,-0.239819093038959,0.21437336586731,0.789759350341122,0.838369957844532
8301,-0.225650408872202,0.25717222762491,0.790952150134531,0.822955288880048
8302,-0.213493198896203,0.213174618594939,0.910532989351999,0.806639437626033
8303,-0.231653612525541,0.188732183845134,0.853193856504128,0.764839053457136
8304,-0.237655127881987,0.193585391050943,1.0125005426007,0.784394879117904
8305,-0.205372100513936,0.221069421788523,0.928111112763218,0.846364972414212
8306,-0.218565460943957,0.498860244825226,0.735073099363544,0.919137653914509
8307,-0.217837327207319,0.740443591271926,0.911397134701121,0.913785635411949
8308,-0.222518362067968,0.396693553996298,0.992971367864133,0.876252345672971
8309,-0.21892620726406,0.206833068316201,0.87460921808409,0.813833701577701
8310,-0.228591458651634,0.197913607922728,0.869571893941659,0.781744829916511
8311,-0.217254975072491,0.304367421144187,0.853930853169953,0.881059646516605
8312,-0.21602031381329,0.383622560101504,0.8469088192849,0.898408623215494
8313,-0.230208294121832,0.490041337569979,0.758251963326121,0.89021936593852
8314,-0.238192459148726,0.281140034691276,1.15064274081065,0.852160917267069
8315,-0.221711855738087,0.152343853936955,0.865548452128949,0.722915403086272
8316,-0.227891565639765,0.21706542627564,0.892364015651473,0.819206776566001
8317,-0.2311164091726,0.330969178286713,1.05215973971754,0.889093242596887
8318,-0.201164425426732,0.23503380934475,1.07487179437308,0.828213877243984
8319,-0.227738185125726,0.598997451111539,0.801319775213562,0.927060990621339
8320,-0.212337872611403,0.192028633686918,0.866244444545401,0.852883508965893
8321,-0.222108087482906,0.309156946854501,0.955573351238937,0.894961132216195
8322,-0.20797590408783,0.176045856541392,0.98299248559284,0.845711400078372
8323,-0.220704114552096,0.267063386896022,0.898060767141224,0.86168056533682
8324,-0.229263424357649,0.219973970642688,0.722699376686062,0.805226078666989
8325,-0.187870465713608,0.193535255950788,0.779121332736105,0.802565305046642
8326,-0.216673347841969,0.201375564491036,0.727860157987142,0.79807988113787
8327,-0.24239293430902,0.426311701384002,0.7700691353715,0.854605480884661
8328,-0.233733757463534,0.283668771549762,0.811359188108065,0.852353992707512
8329,-0.248468666496695,0.338183187633726,0.812654440720869,0.86523223589986
8330,-0.221873809396559,0.57326771039654,0.885449113557152,0.925725713504618
8331,-0.208867727727158,1.0031282747544,0.808447830750342,0.950667198544698
8332,-0.211921007277404,0.262463315948573,0.867084079869784,0.874460361688504
8333,-0.224926111555989,0.352225369589547,0.857390964834568,0.886281512965425
8334,-0.233080783595447,0.568582191509823,0.781852122493366,0.913426280853544
8335,-0.219284916064158,0.695012042431932,0.781124927907302,0.936688395042183
8336,-0.226328574646616,0.757557465077995,0.958359837852837,0.942966097781727
8337,-0.234527656572645,0.478815932783058,0.892966391597041,0.931223315060096
8338,-0.233302200464036,0.31506758217984,0.970447086270096,0.876456391483253
8339,-0.235328679458075,0.272317110579287,1.0402333303327,0.841754124909752
8340,-0.22007515915375,0.258773449692152,1.02792198030373,0.83826222509584
8341,-0.217839411128091,0.390546759490578,0.850844137270762,0.883800447973227
8342,-0.200397099852394,0.210191074860152,0.821260834609466,0.748713910654474
8343,-0.214257867610233,0.260343472052382,0.912641218013183,0.829732603479352
8344,-0.224806866813129,0.258765681757872,0.894038481470361,0.83725424800568
8345,-0.216016715886705,0.262097648881053,0.848905751632596,0.855517400660835
8346,-0.195216204799264,0.27071147051065,0.852997540183351,0.819850521162155
8347,-0.222054907601112,0.305656626825277,0.824477806302345,0.841014506997094
8348,-0.20829812412639,0.257948524815773,0.890562916610739,0.830234193281587
8349,-0.240813358738618,0.253053166099773,0.80836350704474,0.824156766117131
8350,-0.23460566456297,0.278131809847491,0.845940811446208,0.775934580446827
8351,-0.213636993964807,0.329405812799342,1.06421270906325,0.911106595542894
8352,-0.204618194492661,0.259570652476905,0.923004782849441,0.853677400093361
8353,-0.207626116371558,0.202924569383221,1.0742502982952,0.784254506836068
8354,-0.217910877792115,0.51224482088872,0.883847128950737,0.885541407293393
8355,-0.229230146376523,0.408650115707542,0.912952360507506,0.914819125652292
8356,-0.222039657193339,0.267709244582046,0.76314364747258,0.853552003174113
8357,-0.221651873623059,0.31224439800075,0.82324507119217,0.865284731996163
8358,-0.213979771361749,0.37604863136627,0.859583261932552,0.866069632384018
8359,-0.20664250484989,0.334871281405791,1.01340202514982,0.874382461216993
8360,-0.228066625274231,0.61464746838009,0.874060608895538,0.923451580836691
8361,-0.219564673800515,0.398415091328104,0.840731996134736,0.898524402716827
8362,-0.208698344637808,0.338109249027694,0.89777146549944,0.883404159488539
8363,-0.220640041547512,0.254906361926825,0.908594838993525,0.833699545277148
8364,-0.212038960562644,0.2720728588065,1.00296298357669,0.844587062219725
8365,-0.213834021769926,0.391567800311053,0.888931389461012,0.9122605078831
8366,-0.215371823870631,0.581628394420607,0.870122405636988,0.93031315717634
8367,-0.224311984126049,1.38516547012628,0.742618653434341,0.978243943630386
8368,-0.232421381972625,1.44207215140138,0.876644491989073,0.979509613164928
8369,-0.230428467649346,2.38198877949578,0.899137746753192,0.985122400901718
8370,-0.215815919945944,1.52948267442665,0.911282642531564,0.977649387882021
8371,-0.219814140374784,0.806628708596847,0.844955108976635,0.940644517697815
8372,-0.209602290924081,0.758004390394933,0.817544003388109,0.941156388207419
8373,-0.219030593771417,0.460750384856393,0.833719516129329,0.921021506108346
8374,-0.230003387898633,0.539924812700426,0.866539846652154,0.911841771585586
8375,-0.226500377027206,0.441221824390602,0.839170294643476,0.904833161361513
8376,-0.225236374863242,0.374634097196305,0.909632231214655,0.901141985003635
8377,-0.225604789854356,0.275420711398902,0.893795178220425,0.87829935580762
8378,-0.214864219282648,0.709810520022687,0.854132946886662,0.954284170405767
8379,-0.250728249490176,0.370809945527809,0.741251714170972,0.898697448874464
8380,-0.21335922591229,0.200068918032202,0.787033746789309,0.802178544756422
8381,-0.226577214659102,0.178152723616185,0.779135701397194,0.702667681302638
8382,-0.211579197840968,0.279317796789011,0.878873165037459,0.808094908585361
8383,-0.217818197421539,0.385787010780689,0.71495889398634,0.862205717678043
8384,-0.211577982699796,0.409230719602421,0.897818940050671,0.888096816876214
8385,-0.219353904369232,0.533159184837687,0.832372655663442,0.922634726452564
8386,-0.215993940348222,0.735539309643517,0.887918085645289,0.929654360484915
8387,-0.221734306914618,1.03741247667542,0.915153680026648,0.967571464476099
8388,-0.228779682258258,1.14333780253765,1.06003259424856,0.955703804023188
8389,-0.228091331581271,0.909370444398155,0.962090108966269,0.962003182015017
8390,-0.225853317974608,0.770168239967875,0.844251929915589,0.944880523057806
8391,-0.210752886290967,1.08087233227365,0.884699020773609,0.950200791021459
8392,-0.20911628374084,0.528796408394232,0.863588549908948,0.930000571721338
8393,-0.205479170291908,0.499260421973913,0.783098409448149,0.923162579739838
8394,-0.22565100510457,0.595994273003004,0.873123578959181,0.926687207734938
8395,-0.197749506322148,0.346400333515625,0.901278011240326,0.905637155010461
8396,-0.208740307525947,0.382053023258787,0.809606755755852,0.899268778968378
8397,-0.239836138850996,0.286443081821874,0.752601731419653,0.803911730209463
8398,-0.210682935767757,0.21310915719455,0.873739566183842,0.777407173765671
8399,-0.212674365445535,0.209825979533642,0.672112153243687,0.718835879980809
8400,-0.215153818780716,0.143794412685234,0.749868076724929,0.562618450972422
8401,-0.222450041317423,0.123896018816443,1.05445591186981,0.643402972171123
8402,-0.218178894250968,0.137436391079493,0.756460486538655,0.743883686197533
8403,-0.223639803783486,0.229232732432918,0.939391197118479,0.818464773113267
8404,-0.206707464650259,0.243190645121208,0.923139820092716,0.807256613839506
8405,-0.233304607187109,0.250977111018052,1.12855253561458,0.863900706305675
8406,-0.237732588809499,0.258972659767954,1.04762847996065,0.809278690340041
8407,-0.202577107413618,0.249420376864962,0.899739575905738,0.80782007919156
8408,-0.230439612516997,0.227282387651511,0.910799421543633,0.806538007696996
8409,-0.228219653640675,0.149643992263944,0.83974065728013,0.696432841832289
8410,-0.225012440608988,0.220899501038458,0.923433888903841,0.784871372094315
8411,-0.227308099924153,0.240829825230626,0.890924345694065,0.795614737233648
8412,-0.237364914345609,0.17815705231514,0.854083807869436,0.760149227604414
8413,-0.209492715122671,0.550247304218577,1.00150716849411,0.935898212218781
8414,-0.223005211406904,0.816901998745898,0.91074998752253,0.957172384983845
8415,-0.206957911754938,0.865641899641469,0.90800600603879,0.967409201548784
8416,-0.236177467731608,0.82076542340389,0.820937458409773,0.940604393582536
8417,-0.21277240111279,0.409363914215488,0.866752048034317,0.896017304414198
8418,-0.228460245479441,0.23543730515054,0.829640524271626,0.838465573808429
8419,-0.232400752416098,0.297739677995056,0.93098222995766,0.865338720193737
8420,-0.221970935297307,0.246503702556031,0.824535802546997,0.813457262604198
8421,-0.219513583109114,0.205066314423199,0.870492551241461,0.839466497195159
8422,-0.199754889177923,0.166591702219166,0.720927204750489,0.739218732952777
8423,-0.209564442179844,0.366732367372973,0.754695903619624,0.864111562445588
8424,-0.211820512805245,0.145138404903257,1.00637525578621,0.698601815061713
8425,-0.223560342091498,0.135889601960316,0.906215880885616,0.745179418622872
8426,-0.206497216811731,0.232136961699416,1.12981778619616,0.8680048068472
8427,-0.215609761618246,0.517927799095751,0.921217007834438,0.912209475819346
8428,-0.221240040665237,0.426288439689384,0.974772455728313,0.882056631724084
8429,-0.217422782819138,0.203172578534354,0.891939919085004,0.794489201081636
8430,-0.219988695880302,0.165885487826603,1.08674624511945,0.70799149048353
8431,-0.215964657126765,0.423999997229968,0.855126015206002,0.890879930462014
8432,-0.216907774953816,0.27920854468186,0.906452286402136,0.843487554353349
8433,-0.22485647512578,0.232413350027879,0.863202420885727,0.821711979132631
8434,-0.235753433194085,0.161356212777967,0.879281446918744,0.748995904208454
8435,-0.206041224623617,0.369691364883271,0.775513258941673,0.851486250678243
8436,-0.237547767030163,0.405654868353512,0.752576564707189,0.834784940550632
8437,-0.221233056555686,0.273564118114411,0.698151942177242,0.784001191394653
8438,-0.224734632650426,0.697604764861935,0.879014227132038,0.915469234803355
8439,-0.236860156036318,0.359500528261364,0.744437914516403,0.896788072767552
8440,-0.207856773008643,0.392594769164506,0.699924292487747,0.860875707224842
8441,-0.19993316222407,0.344672323837522,0.865587188845689,0.882894373686105
8442,-0.222495163668938,0.225150595481285,0.882517771210555,0.814801530361169
8443,-0.218565196873097,0.185272904407083,0.909715640048071,0.794123742533089
8444,-0.211578230205845,0.497317601577363,0.88365843289692,0.917564751409351
8445,-0.219200695985546,0.51392259622379,0.876176884889004,0.930441392243211
8446,-0.226094992261423,0.220885565971179,0.859315530480045,0.86547024061278
8447,-0.225149119645092,0.545236483317901,0.784431976524978,0.921366898676235
8448,-0.23589844715008,0.428408361018792,0.893308346326223,0.908751495810807
8449,-0.221484365685716,0.535313013775578,0.838530413970917,0.935698988470553
8450,-0.223984447614397,1.0149559346544,1.02496099392973,0.94990745829131
8451,-0.218585566801975,0.745786478594129,0.91366432259285,0.945409008862261
8452,-0.219199099752603,0.254794712217199,0.762892153716165,0.749821756472913
8453,-0.211191245251511,0.146144933771843,0.710325802007371,0.718887826168781
8454,-0.213509212322197,0.184054764497461,0.918892111732364,0.828934583451021
8455,-0.223944334663488,0.260909785558865,0.730940744587685,0.799378364971374
8456,-0.212420200951003,0.255987938797838,0.839872282034185,0.854587231279509
8457,-0.200585851991655,0.505022210827952,0.756495449171784,0.930719328492261
8458,-0.232303636110429,0.518402549019905,0.924462715840319,0.927910392444931
8459,-0.224533255195418,0.734214431317024,0.841417965382431,0.938432133036857
8460,-0.233107215514605,0.794627879088433,0.849553790889685,0.946955864519909
8461,-0.191248736489834,0.423032630392832,0.895950548954023,0.921910800485736
8462,-0.236177597030915,0.715729585692518,0.864206232379597,0.936303955178377
8463,-0.218410034061152,0.480621379694827,0.886749627105125,0.940759789301499
8464,-0.210088156469387,0.484594463069935,0.885114044864644,0.928513583051742
8465,-0.2359213581992,0.273910695229747,0.783582289723532,0.819801544675584
8466,-0.200457239432707,0.161157295972461,0.739377989158817,0.798887406005133
8467,-0.233460914642396,0.380924817529119,0.874700247372732,0.903160262920496
8468,-0.224199500227377,0.250652714828471,0.723758008730818,0.82193058274785
8469,-0.237705864819832,0.201465829867206,0.799030472573302,0.675334009920022
8470,-0.190535453260576,0.145886626904378,0.885795674900812,0.759007131606575
8471,-0.216514647238113,0.345030686361933,0.890544947146168,0.851981682070417
8472,-0.224160420585993,0.38490030354032,0.859175602694425,0.919433703883427
8473,-0.221815425904511,0.494877053806668,0.940288660209735,0.924192573759712
8474,-0.208602360607724,0.226507333547286,0.982688520185638,0.84609218741793
8475,-0.211931172680975,0.165632479612456,0.957875650770706,0.800227841014683
8476,-0.209402209260018,0.252880999137921,0.859964728539233,0.862435279436789
8477,-0.205897792646089,0.176655877768424,0.720083159311078,0.797365971352306
8478,-0.224941265300929,0.556922539821289,0.74297297603069,0.926611695507476
8479,-0.220506307524512,0.324028560133517,0.808582710887339,0.909164911979341
8480,-0.230743366370248,0.645253748522416,0.772144913760538,0.928213493541407
8481,-0.209065670534546,0.464795372874933,0.741699397870054,0.91039334811302
8482,-0.220511368795841,0.656323515949657,0.831956920896385,0.912681773981682
8483,-0.225372683316142,0.763451073925854,0.828117117936632,0.947120021987158
8484,-0.225080607986594,0.406327881406117,0.729794116777932,0.915181175122564
8485,-0.215289232896415,0.436264169714646,0.739019278116351,0.878467602457497
8486,-0.218070143995813,0.36668440161612,0.844920818993164,0.861305462566635
8487,-0.227567973950646,0.275225351060825,0.939805298093404,0.856273289013418
8488,-0.221016501119401,0.319068194888591,0.888779252268881,0.878825372548765
8489,-0.232358899481062,0.215388123616128,1.02563593535698,0.785974483280522
8490,-0.206305790113118,0.19997398158961,0.707327465722303,0.766871135147675
8491,-0.226429524848428,0.21825469076613,0.867949668954482,0.763931892017146
8492,-0.218447473850036,0.211842254005109,0.890655717079933,0.781014604429082
8493,-0.211687433137395,0.201701880329981,0.818986058919233,0.825065624737291
8494,-0.231386033392866,0.32905592772982,0.741796857313541,0.865909157436389
8495,-0.261691929882596,0.545167709248568,0.989306270128133,0.910513535368539
8496,-0.203433746343808,0.42056004950616,1.08795096508673,0.914340955786475
8497,-0.21994012538377,1.2640985872141,0.735559319117614,0.962181674009122
8498,-0.228773319439314,0.89891996157132,1.04268272299042,0.959377733337192
8499,-0.199340808776422,0.518430733351391,1.01609344115479,0.924072035795225
8500,-0.224464508172409,0.464094278034747,0.847753035929523,0.903745286411873
8501,-0.207495616863825,0.329460271332409,0.995785174745323,0.893499032977509
8502,-0.212579312869286,0.303382480144891,1.06260059075041,0.887190604760843
8503,-0.227171868518024,0.544826890359112,0.755692863457383,0.943438647784432
8504,-0.204205515576154,0.702500035241528,1.04016999095449,0.950105548825762
8505,-0.222029087668097,1.26312461691625,1.06613297021267,0.967661552624915
8506,-0.225634380309772,2.33205126746938,1.05391379595821,0.985494761573915
8507,-0.214789385742021,1.12857733759729,0.809994324855704,0.95728341813595
8508,-0.21544576473944,0.881779074567943,0.909897467750378,0.958311888822033
8509,-0.246611208075223,1.60025344058853,0.915959331115744,0.968496951465085
8510,-0.223669784204234,0.596363087582697,0.99182348514176,0.930033981763898
8511,-0.21591865492471,0.311607540396494,0.88267450849422,0.847544360563054
8512,-0.206628718702926,0.382043540032795,0.9069053457803,0.865382972543826
8513,-0.224738424855752,0.573857765028902,0.705479450015888,0.905912131813043
8514,-0.225959063655407,0.323905106617349,0.664735771183653,0.826914425336976
8515,-0.213622525867942,0.150522338151035,0.939939380967014,0.765583667403307
8516,-0.227508729630193,0.22428992582967,0.669533004421461,0.809291571618839
8517,-0.222409465014016,0.527364483917405,0.962471288264859,0.904060233778924
8518,-0.217344794813148,0.135897374254464,0.867949649527152,0.698690097251301
8519,-0.212585734778748,0.150063710791164,0.948702089687594,0.739701870014829
8520,-0.221445698024021,0.210565562443838,0.886519461458331,0.748018057566716
8521,-0.234579038537494,0.160036308100904,0.916633876168802,0.607481089948418
8522,-0.220732009750109,0.120617072629848,0.806500599174762,0.615842560630069
8523,-0.221606520634932,0.145488740002885,0.883099161598596,0.601081636196323
8524,-0.218242611593507,0.209100937493915,0.899294577538912,0.748935181873132
8525,-0.225402589799795,0.338888710418246,0.886373436686232,0.87772888092054
8526,-0.214767953521384,0.428291124033836,0.942633880567977,0.897180377968344
8527,-0.222833815774113,0.420524157508718,1.02655849992882,0.895180615144615
8528,-0.223237030918062,0.330134425588446,0.837440184577108,0.871487362682273
8529,-0.208216056335294,0.375076082859739,0.836594014481155,0.907308254518222
8530,-0.213775910078799,0.214233054954309,0.931590877562631,0.815481334710032
8531,-0.224516999335584,0.227617141594682,0.858013113890344,0.826152237229222
8532,-0.218560797451615,0.161113385906415,0.874256446554634,0.747841060648887
8533,-0.223927306280793,0.0965783179357645,0.845231798504557,0.597501330464789
8534,-0.218753543744907,0.40285457405208,0.82022338704786,0.862076129666541
8535,-0.204255891858546,0.262395517880727,0.813174032706504,0.893756258454069
8536,-0.225152797767059,0.397175183438133,0.81043919577506,0.859823244448441
8537,-0.193165447816011,0.212094472445155,0.878439922073135,0.79296363441141
8538,-0.218141097798286,0.175438564256908,0.913161665426664,0.748585052163922
8539,-0.208814456975013,0.260875363654309,0.885952605630751,0.816557864062893
8540,-0.205711419223382,0.162297651692731,1.05849351432625,0.821929580175298
8541,-0.24835507507115,0.19883831004547,0.854244281690132,0.763975435170556
8542,-0.216302084442098,0.178805492127401,0.80008738297813,0.794662995912555
8543,-0.217196995200374,0.186290526477895,0.950904937263777,0.788074111922698
8544,-0.206687509580693,0.202021981407143,0.849776931053114,0.811041078729628
8545,-0.205407875955859,0.394883272675618,0.808985363473569,0.882737252492638
8546,-0.220085027900975,0.286025282299675,0.859095891210087,0.798153974968344
8547,-0.23612909163657,0.184059026958289,0.856437045539003,0.699189399274868
8548,-0.226852514329383,0.265252044883693,0.867704584557646,0.77917784597375
8549,-0.207072476208317,0.164176193965137,1.00384405197755,0.680014177521659
8550,-0.211304538816199,0.171981717722149,0.907225744238249,0.801715912629895
8551,-0.23010730852811,0.245731385594721,0.89931397005283,0.805094529559842
8552,-0.229480916269906,0.277154818592212,0.720085455507673,0.824098244767623
8553,-0.198962596034276,0.250882214493144,0.853260854191722,0.804919946071677
8554,-0.219142587174769,0.31756021619717,0.878036631006282,0.841444930077433
8555,-0.223939531292741,0.308926982079732,0.640845950684042,0.815544206418747
8556,-0.231681040700518,0.396561496999021,0.87172372697208,0.876472931656824
8557,-0.230759974589669,0.410054563051498,0.800140362803936,0.878404026679265
8558,-0.22011413878689,0.373717589670411,0.887287519496695,0.875001042820617
8559,-0.209928168382007,0.367641008565531,0.895516402504478,0.893699774451629
8560,-0.232254186051355,0.354054951804212,0.892912962941279,0.890363435460826
8561,-0.23248985222132,0.196343921169402,0.795788158109443,0.797352866475897
8562,-0.229793322226369,0.433713479671647,0.757799157131379,0.85867647081703
8563,-0.219033589215158,0.121270893916072,0.917301158911685,0.754617669197001
8564,-0.229676003952088,0.134295455687266,0.711226973829481,0.71033431119542
8565,-0.229829228960393,0.150361109171097,0.854954796925067,0.717370373554451
8566,-0.234591074778399,0.343581208972853,0.806763722481884,0.860146199490117
8567,-0.233182112175723,0.31664789533099,0.808860353123726,0.826792329263339
8568,-0.217911020176795,0.251287797470366,0.893265298433398,0.798691864452344
8569,-0.224627399905752,0.394850251070012,0.901793199998334,0.887127718674425
8570,-0.210756827881566,0.332338525833422,0.925204167229288,0.922422406653489
8571,-0.22257254905843,0.488957633206179,0.87783881093256,0.923936482719152
8572,-0.226001761978888,0.390717726069382,0.834326700300011,0.905098987229859
8573,-0.230120642557427,0.474346627077572,0.849377620755398,0.901853899365813
8574,-0.222111736377126,0.661085685856352,0.778329689503281,0.927682373288652
8575,-0.21773297635669,0.423912285185833,0.976462242586015,0.923182686070781
8576,-0.227470097343307,0.320875162970328,0.696471824043985,0.849250566025348
8577,-0.205016541941696,0.170070219473837,0.722231113464974,0.731488118548422
8578,-0.218737746077678,0.201957342612364,0.73241807227565,0.68262240438296
8579,-0.216806857846098,0.207543522317588,0.7805743205968,0.802308354872243
8580,-0.236476685730722,0.270242325647832,0.772362398120339,0.80332412244213
8581,-0.208784791520041,0.168245814634547,0.898127989747088,0.830696578102746
8582,-0.19983949930431,0.242569626497707,0.883195215961569,0.866260655149401
8583,-0.22563532536811,0.191404494218027,0.928140947731474,0.792225736724092
8584,-0.210016602790994,0.216817429431524,0.794721786538544,0.778186229460792
8585,-0.200363477681009,0.177652732887206,0.857590158728548,0.729068501006073
8586,-0.210613637917538,0.136523217697967,0.924409319762127,0.755344703090694
8587,-0.208160016847503,0.26069193566082,0.896110029792043,0.866719396556889
8588,-0.218338165824289,0.466786615284472,0.91675023127269,0.902776728414148
8589,-0.216342197199744,0.4067321140557,0.89811627112728,0.919068547043333
8590,-0.20753529669102,0.388933997841884,0.887958025940801,0.910051596174378
8591,-0.220558047316074,0.205131087630962,0.847399314787615,0.814114731816409
8592,-0.244427618932058,0.22515401147591,0.810418898251404,0.805942344374855
8593,-0.220504000364766,0.377734519792078,0.747773237480621,0.894291417803033
8594,-0.229083408805654,0.247723834756893,0.851997608021588,0.860947627756887
8595,-0.231090520411854,0.305606254347251,0.866146648450385,0.845650430261258
8596,-0.213133948282424,0.374237631291366,0.907534464899132,0.873491076450683
8597,-0.230022120732473,0.551169799815475,0.728399780811646,0.93862502517941
8598,-0.23054961395569,0.955667281996494,0.742053989686079,0.941212082971764
8599,-0.208981753437475,0.389116637364757,0.862419109744784,0.860535840666197
8600,-0.21102860579179,0.268032781215509,0.896876743165575,0.829373335288252
8601,-0.211723179698989,0.472812570075737,0.913742508396835,0.921701802757961
8602,-0.213082503274854,0.308026412826509,0.882365585803448,0.871064660317957
8603,-0.221868882453161,0.447507470339231,0.755208731564195,0.878911681546095
8604,-0.198278174817035,1.04990131558184,0.718983829836199,0.959923783740838
8605,-0.227213665709251,0.369145127914936,0.887482778646927,0.873171302516074
8606,-0.214898907994676,0.248983185025778,0.857514354349457,0.810463340773786
8607,-0.227041551287597,0.270468034809559,1.03236583685894,0.841335938106525
8608,-0.215361684391592,0.182509473430605,0.995328655870124,0.751627290521873
8609,-0.225826163914826,0.192505922770261,0.797209632410763,0.726104256215747
8610,-0.221644664696926,0.146663885732427,0.857754494654508,0.706929018609627
8611,-0.224670916779834,0.323857300616839,0.756515227153608,0.789353238413197
8612,-0.215510590005457,0.218688418255163,0.864837965338802,0.82410625317193
8613,-0.204416711083234,0.386625122593927,0.916510836302328,0.883933078309882
8614,-0.214877163344116,0.719641092736746,0.90664348487613,0.943687624229077
8615,-0.217492738063814,0.651098010524767,0.765108234236461,0.942582440767542
8616,-0.209995954018013,0.663447980785676,0.784192197402119,0.951348558281441
8617,-0.215431373728876,0.441810393328052,0.876407243465101,0.898974187312051
8618,-0.226887308237508,0.322371697611556,0.832654210837566,0.861071374244687
8619,-0.227198779702578,0.2234244131386,0.889536819242483,0.800317421132267
8620,-0.209859869395416,0.164134802312789,0.741622651104455,0.756025427504382
8621,-0.22623376525938,0.216883047806363,0.731913973224522,0.775865586935706
8622,-0.229451418821669,0.25613616777731,0.797450477745715,0.855678037387439
8623,-0.229972075840841,0.244313413634779,1.01476589492288,0.832548026052427
8624,-0.210957792980099,0.257892825015818,0.843797239249976,0.822267166949235
8625,-0.225581858762465,0.135982258012555,0.859002025007221,0.694108346039667
8626,-0.208112531802545,0.172314786185436,1.01600205120285,0.812947226081248
8627,-0.220167431900098,0.265648501231644,0.696221334916002,0.762737770652367
8628,-0.218625621267966,0.193921326922033,1.08809014771829,0.806188794203277
8629,-0.232932173082706,0.243336805789801,0.915090907656359,0.852342849232806
8630,-0.204769362892486,0.167328354729617,0.924973005911883,0.752801795332632
8631,-0.216979016458288,0.151797110266475,0.78114643956276,0.676748849935983
8632,-0.207427168160454,0.201539613352115,0.910454322640038,0.836787737088006
8633,-0.225510336552243,0.311980438776916,1.11534019311438,0.812312030298635
8634,-0.210913138420397,0.315597735082609,0.93002218737852,0.821181102930441
8635,-0.221418738124856,0.442992234618684,0.858458517212062,0.921422968392519
8636,-0.21069711215094,0.234380251004661,0.908431876013484,0.843721516715771
8637,-0.225497213995385,0.32194834352133,0.758236075948742,0.840282092104887
8638,-0.21535430928248,0.218829499787857,0.947919691684852,0.8225617879622
8639,-0.211812485052449,0.294472955904359,0.85890509257109,0.836898381004922
8640,-0.226665078107222,0.268305010918288,0.913131604230933,0.821003060098132
8641,-0.222923697463702,0.245276692892846,1.08698646610742,0.842298400962021
8642,-0.222927768575024,0.256599576261274,1.07799226195065,0.830701955309537
8643,-0.229352653256205,0.30094653098808,0.799656928311546,0.864188350094475
8644,-0.224615300541089,0.239704596452621,0.764643749991852,0.76535231187652
8645,-0.229474524743143,0.199911257777152,1.0517680280205,0.755519617742656
8646,-0.214785270448046,0.230040959829315,0.971169738707271,0.802004116703499
8647,-0.210173902360051,0.19641002374551,0.707598566457217,0.810184965600611
8648,-0.228294778782802,0.129718199057507,0.817901247581707,0.715686292265211
8649,-0.226025295104353,0.104737916590704,0.877035826453035,0.710118672828054
8650,-0.216226014698538,0.266082785137267,0.904229649918072,0.795810845076568
8651,-0.207534724355038,0.186033490421495,0.851404920906641,0.781476725052748
8652,-0.233944585364441,0.227939103101984,0.800461172016049,0.811063090540331
8653,-0.225045153439794,0.171522775531622,0.710814714205977,0.773808080893365
8654,-0.209084564449492,0.326483529482914,0.812545551974606,0.864094830924186
8655,-0.231624399566144,0.264477846051811,0.93420576370117,0.8484696404332
8656,-0.228515403954684,0.269009546907686,0.726518292379594,0.818542116611173
8657,-0.210620360164176,0.228237069984639,0.760676331190398,0.824446488637358
8658,-0.219345939213574,0.221046169370545,0.848401124027272,0.846677571497208
8659,-0.251568114759857,0.308961744970121,0.674621000359445,0.83909248763002
8660,-0.231382654965707,0.206925499715598,0.833346768055597,0.780677512174066
8661,-0.211341761303207,0.139484207702105,0.675088880674731,0.53254174485503
8662,-0.223321266892095,0.15121754703215,0.741752552080597,0.762630740918936
8663,-0.205928769734521,0.163287821637765,0.906603492496944,0.745258244938059
8664,-0.226161110571009,0.257654851572013,1.06834150349397,0.805554132000332
8665,-0.212100160526885,0.304529423816096,0.901914130741812,0.88992859804526
8666,-0.223860597103328,0.505914168602275,0.82687243609601,0.896010360263356
8667,-0.216289955634576,0.426891679658613,0.90327624009438,0.907911421050264
8668,-0.228341794025273,0.399615840293979,1.11010473417082,0.913277754471164
8669,-0.21718399269626,0.368872003372317,0.663218666627906,0.863557563817479
8670,-0.223294859535995,0.235881216430269,0.892881538027338,0.811221685553125
8671,-0.220018530689938,0.201739720321883,0.731212311902994,0.813430358214093
8672,-0.225710662413351,0.364589139018245,0.775827976575334,0.895044935746853
8673,-0.231066529335672,0.360270623073293,0.889292944671823,0.891498540197443
8674,-0.220629076386846,0.340041249416493,0.749407610182654,0.866702866273061
8675,-0.217711222349795,0.347693163285327,0.751866388270477,0.836110706114899
8676,-0.203782012074846,0.228084819475552,1.02505935919512,0.804116640728409
8677,-0.222166496865523,0.442710687261532,0.832930214256856,0.873788644331807
8678,-0.210035011000713,0.406572652763681,0.959343924205035,0.833412583036028
8679,-0.216717962791941,0.123548695112816,0.696077158034533,0.646697206813644
8680,-0.219613973497368,0.181231938546443,0.679694677889144,0.746989971809405
8681,-0.213965232243411,0.212671698537865,0.797688490552439,0.665944005052855
8682,-0.214933693220027,0.157661152061466,0.715718008295322,0.703671960766504
8683,-0.215403437906129,0.272653131476929,0.670838573314574,0.792313877679854
8684,-0.223568911340153,0.216940930383475,0.870139821394341,0.768340752945278
8685,-0.213068639396375,0.28452739230409,0.856112116125018,0.83722580102374
8686,-0.231439388781905,0.191031738661885,1.00827513596228,0.790265167423092
8687,-0.216809464314371,0.509401266856276,0.98670480589006,0.875150319022597
8688,-0.200599942251798,0.407002776542902,0.843815922308929,0.914112248068663
8689,-0.210170221459049,0.13810960078135,0.903036794182128,0.721237165496809
8690,-0.218029581948081,0.334400841887498,0.92088741765362,0.897967567764615
8691,-0.214873450424243,0.398765122481415,0.731935495177101,0.891824876785156
8692,-0.217812935550905,1.00934206041134,1.00635671930657,0.964005936335728
8693,-0.235181216751298,1.32939469082044,0.751984084328733,0.968922730756188
8694,-0.199265856995103,1.03885500415146,0.892380970263247,0.955906810307129
8695,-0.210002862779839,0.393915091288697,1.04893141278064,0.910099335939522
8696,-0.235936281812929,0.293352761882033,1.08200943449136,0.852049204127262
8697,-0.22444278947316,0.244798846971702,1.02133379661427,0.855308104522113
8698,-0.230174028224357,0.31438257114699,0.886102205843142,0.856893588940848
8699,-0.232697934457681,0.242594056649687,0.926132053395218,0.845319410691145
8700,-0.21497892700458,0.320424237720626,0.814343014633081,0.844489193067141
8701,-0.210086488437637,0.19828440110186,0.754341405200077,0.82654135404638
8702,-0.221964903502787,0.167129224756316,0.724055564326269,0.730240938550988
8703,-0.217129936942111,0.125683042865636,0.855787207233508,0.651146225900517
8704,-0.215568771227204,0.147183319140638,0.909561322408624,0.796839464371425
8705,-0.209118156566409,0.326422071458064,0.807260371562545,0.87654372298751
8706,-0.240445317377021,0.221098948321737,0.812986678761488,0.77931461166555
8707,-0.208047627020081,0.218107107132912,0.823634916447742,0.796991906829303
8708,-0.220023741653899,0.267323311963969,0.836291908574218,0.825468323498318
8709,-0.211327810505762,0.277020873122021,0.91395338476939,0.817553782529931
8710,-0.20694405510217,0.148688858615274,0.81920535948539,0.728798708831448
8711,-0.240733433237055,0.265613891444785,0.764679358707406,0.793774987662609
8712,-0.210989857013976,0.284187301524893,0.8164268418066,0.838208686263677
8713,-0.225910848117244,0.24606126090609,0.88710914876642,0.809954924892141
8714,-0.216763747984719,0.45823041965736,0.806985384471424,0.910897367048235
8715,-0.218723200848623,0.737142213804594,0.787627851570763,0.951127311139487
8716,-0.208883690354157,1.30209873775281,0.834552710633827,0.964305116465462
8717,-0.211784519863673,0.510521221801969,0.883443063802494,0.91650147141701
8718,-0.241617086546844,0.387296496178532,0.830035709250878,0.868667090783238
8719,-0.244653747449773,0.234771841450165,0.858897066522064,0.839850656199601
8720,-0.24227769482399,0.291190567847115,0.785843897749125,0.819059916870501
8721,-0.230218400275887,0.222262052827124,0.890301469775516,0.839246494725609
8722,-0.209058951560668,0.103541417919179,0.916442067934301,0.554408055109462
8723,-0.239337083649673,0.159130230276461,0.876336037200444,0.728506382984708
8724,-0.215078594775134,0.226155735669879,0.909665290537171,0.831450927575204
8725,-0.223651163825086,0.198568857888424,0.905389834733297,0.810223423342076
8726,-0.241114444557092,0.255568490697679,0.961279352296691,0.808226457885528
8727,-0.22830468182302,0.247699418294204,0.950485059494654,0.866703444260484
8728,-0.233595570548968,0.280234448402133,0.915409500892648,0.846819560189968
8729,-0.210740770148467,0.206848694348372,0.707347030858091,0.852912387507482
8730,-0.212497163155283,0.311142039473163,0.903698629311734,0.839418753050201
8731,-0.224198322320752,0.217152389443309,0.724467265142521,0.811665471503584
8732,-0.217535419585953,0.379159069207047,0.731495355477157,0.898192687522654
8733,-0.234477693834171,0.34430392071211,0.773313848908357,0.850427517596308
8734,-0.196368059466336,0.246688932044572,1.10114610933265,0.825782512931779
8735,-0.207655667846583,0.22578089579984,0.858813423295806,0.809388192344927
8736,-0.219963910024286,0.27759699851813,0.863355432904562,0.84982998938993
8737,-0.196543447823021,0.163004223336669,0.752151868184671,0.710294774032163
8738,-0.218005503827828,0.16605477936512,0.850453427006359,0.690015642366501
8739,-0.210772377134618,0.173174116829905,0.850465948041187,0.760868942814048
8740,-0.223069766056818,0.175595005841364,0.82937771221433,0.724370078691984
8741,-0.212119955859776,0.123353798085163,0.814379568124777,0.572481061377723
8742,-0.203049343715842,0.157159812989087,0.907837967250466,0.699954493218338
8743,-0.216039535843758,0.203552602043741,0.997487603773662,0.764732964620449
8744,-0.213471899844071,0.348612383149552,0.836864366417624,0.801822458384925
8745,-0.232947558687591,0.245338201200753,0.892191494567061,0.820588209531891
8746,-0.214916620273904,0.249284335030799,0.784842915797305,0.822727033583032
8747,-0.207509695440865,0.229359202131496,0.739051964078845,0.806200100697454
8748,-0.226897991826207,0.321843334460347,0.983463464949318,0.82573857974984
8749,-0.224671608750628,0.10304090342578,0.848321174740896,0.570430560887854
8750,-0.228693155479393,0.151986376498928,0.749740374615515,0.761060294220068
8751,-0.216570252672641,0.218684623997594,0.688469029248694,0.777430787736865
8752,-0.20871072770577,0.2762558612445,0.744197643367451,0.867903100451897
8753,-0.236425500916497,0.284099461950559,0.901274072828887,0.870963932301811
8754,-0.211516650131668,0.299054425993788,1.07852949784168,0.881951711032038
8755,-0.213746070964924,0.366777527634192,0.882429769626471,0.893222731584582
8756,-0.217703899385315,0.193866462014948,0.973098701114852,0.787580811782119
8757,-0.214908057948783,0.229091797602789,0.891400579149012,0.78529342725694
8758,-0.219915216072105,0.297045991395342,0.849201556091132,0.848332736721663
8759,-0.214218542916862,0.231408935593245,0.785255089934521,0.785512761226014
8760,-0.230341222596987,0.21190143945234,0.904155599800884,0.812080581125691
8761,-0.205037600152023,0.152736809684812,0.825787094887161,0.716427980212074
8762,-0.235110530449342,0.234192564590037,0.785800144521114,0.770411535179741
8763,-0.224729915714888,0.163868988136761,0.789447631895863,0.705783366235406
8764,-0.22711535466033,0.14368430278923,0.693708557421434,0.621504189408778
8765,-0.208295855515516,0.289469356114338,0.714391546223993,0.850659256694866
8766,-0.218548889441852,0.294450312096088,0.724153084806924,0.831994385749803
8767,-0.19473883489969,0.170154085264753,0.778708809489742,0.782269854098744
8768,-0.215509367649856,0.151520683964978,0.848882149695949,0.790695854136322
8769,-0.215793117976911,0.236250195424374,1.11950543100484,0.797008929292108
8770,-0.230727173734731,0.174094473024574,0.872184954737135,0.769478998806718
8771,-0.221861463642912,0.327845916486416,1.13461662597736,0.872765707332152
8772,-0.233268511312323,0.602404716161179,0.864155728938181,0.920013700257434
8773,-0.226838367274893,0.528263951432895,1.10852662911661,0.943902644026019
8774,-0.219423465075014,0.32453378581584,1.08091848728847,0.897508358246855
8775,-0.211762065710394,0.234224027564596,0.838240237313396,0.829528088074305
8776,-0.223476493652283,0.204779554843965,0.932758848860262,0.817184051639978
8777,-0.222899911923423,0.371602837965419,0.765153215944742,0.896405975066032
8778,-0.225143956385026,0.217740108561522,0.902582638707577,0.822611807149687
8779,-0.204030944758061,0.255610946461954,0.86782362948411,0.866328355902494
8780,-0.229618098255327,0.204069945022936,0.817709817986597,0.797944352698255
8781,-0.226921743960417,0.161936464373842,0.803368997584847,0.662270886335548
8782,-0.213937230176108,0.147298577325486,0.892801279599942,0.644080018071018
8783,-0.192749239625534,0.187932648691859,0.971351583856366,0.774504233096145
8784,-0.204425499020861,0.214507382691088,0.870592101308844,0.737034494329612
8785,-0.230135627535616,0.214496428096029,0.891351083013148,0.790952358751473
8786,-0.217751734977224,0.174754458978547,0.880106777409953,0.776502360456255
8787,-0.227451675812494,0.169066474597637,0.800003762454398,0.751169826085765
8788,-0.216397964522239,0.342568306762578,0.741638116427457,0.882555273015344
8789,-0.218519705133243,0.215248426246277,0.75190393571338,0.809314913329298
8790,-0.214289750096691,0.221034223200848,0.964807474823193,0.799214956035935
8791,-0.236932603470098,0.262894519225526,0.908144100964999,0.832184072739452
8792,-0.213489848180468,0.384447583438982,0.873146201777563,0.876396033823952
8793,-0.230433322531013,0.220577084708304,0.887264585986385,0.853149911236743
8794,-0.209672568133309,0.240846969278545,0.794258206353721,0.798892406294365
8795,-0.221213517775646,0.270633057045247,0.694123352032179,0.816153535977604
8796,-0.228663703104488,0.19207755228597,0.902968601299623,0.805619088204974
8797,-0.210581289842621,0.146256831666214,0.896648994503408,0.767019371673362
8798,-0.220017456243149,0.364755057585342,0.924467687860796,0.904205472107492
8799,-0.232036575719801,0.544064890117249,0.881873614375856,0.936188144553911
8800,-0.226221909057339,0.649531118935374,0.862242382823539,0.953159304453355
8801,-0.231086008784903,0.505875579893536,1.05358368163885,0.923146421600611
8802,-0.212858645970724,0.350226489971301,0.894412660348428,0.910194601413806
8803,-0.225218588041421,0.49448648275053,0.941138897513813,0.92770498431966
8804,-0.21941314738455,0.372444736585395,0.861146503322488,0.864772125262233
8805,-0.206122690565231,0.290668480131437,0.868594169613097,0.829013630004386
8806,-0.245024005024378,0.289141533604872,0.885194620364557,0.849690883714951
8807,-0.218991044183948,0.151977287440974,0.758416184139398,0.620225342276135
8808,-0.22855230876893,0.426807083820096,0.917912715758687,0.900640904142234
8809,-0.216707414538016,0.292339789933918,0.853651533876255,0.829694822908006
8810,-0.221372038224618,0.240569239913973,1.14139764316284,0.827670769103991
8811,-0.222230313490744,0.115327103984215,0.855685515593317,0.562043661531237
8812,-0.22769635570259,0.115939079742803,0.714869370971319,0.563393038976443
8813,-0.21609604758599,0.186412138414674,0.842833360749936,0.70982964833515
8814,-0.217658120413891,0.178017124810173,0.759245196973538,0.692126762625197
8815,-0.209468155631409,0.155412315776486,0.699797832744942,0.714755758341716
8816,-0.226394803675305,0.158786735363193,1.01834257455254,0.734940370304793
8817,-0.209600433085584,0.296574981080265,1.08272798785954,0.822840171338123
8818,-0.216417433739012,0.19827993046395,0.95681801978637,0.702890779228819
8819,-0.226780386001268,0.156883565398867,0.903303096810586,0.741682860205825
8820,-0.218422230170034,0.362275081355387,0.924952933226696,0.852301786497299
8821,-0.216327486972072,0.359331169696569,0.777739972914995,0.881467927883553
8822,-0.227029050958558,0.324700579645111,1.0657518402083,0.880647138790793
8823,-0.228097260739752,0.230431813204735,0.854937660643675,0.879239498178258
8824,-0.2269157904403,0.374645012142566,0.886388538789344,0.889685010991122
8825,-0.207369244532502,0.216944560825907,0.934448293387355,0.821352164267016
8826,-0.219158713232371,0.187268563158322,0.783603078152146,0.754759189057145
8827,-0.211086631268067,0.181431341892688,0.854238927673039,0.748804744511803
8828,-0.209124368831907,0.372616875942342,0.870277361691534,0.880990640550946
8829,-0.243240662814923,0.544845754530037,1.01752572465287,0.92506666423665
8830,-0.215790007142195,0.535612470473013,1.11579809373203,0.916465904660019
8831,-0.209752785097762,0.359160559953134,0.993877549859382,0.917217886477639
8832,-0.232882518908871,0.371443906212215,0.921359460448912,0.864020409191405
8833,-0.222852129200876,0.238389033954655,0.814823006531758,0.703158051507064
8834,-0.221372475787177,0.145810690239224,0.868443928284161,0.773896070753806
8835,-0.213926341737,0.264686027445077,0.974949856033495,0.865278299096649
8836,-0.232587213802162,0.568736963446707,0.834178787766944,0.92912113388926
8837,-0.235026123922568,0.252264220120392,0.88309286399258,0.872446670528589
8838,-0.229697693276967,0.116380308195976,0.94737701255689,0.690861065105518
8839,-0.215665589312429,0.430868118544488,0.846788029894042,0.891647396519233
8840,-0.221471124483074,0.366337774002043,0.893530003999293,0.883587777019404
8841,-0.212854261281474,0.213208667210162,1.12755039411775,0.776017519416731
8842,-0.205385138625436,0.183302195044054,0.713071175121621,0.732947129271254
8843,-0.223119663158307,0.373425658430506,0.904649847949096,0.857017645562437
8844,-0.221465997497515,0.245208186687605,0.892187414136067,0.847066637600314
8845,-0.232403344705821,0.327765885512754,0.71531695653316,0.834421846280013
8846,-0.231995197950755,0.402884697159767,0.91331934145924,0.871915616708612
8847,-0.229855586771345,0.358047245384512,0.720338555885071,0.88165283740644
8848,-0.215749577300374,0.460378740619883,1.04015942932057,0.885211646044608
8849,-0.235798719408324,0.561379748827735,0.85174922362467,0.909271175809625
8850,-0.229825663796923,0.902587320933959,0.795834071389095,0.959806738098054
8851,-0.229782704455522,1.09624445236389,0.826197785069076,0.96394408024443
8852,-0.226611971235659,0.559047538229921,0.846122970230516,0.912839255789744
8853,-0.227816590312241,0.194589421423349,0.918911588246415,0.841878431873273
8854,-0.217923299826222,0.280192860021689,0.890198656906897,0.868638671080943
8855,-0.214319223025473,0.424281261287567,0.998041096533511,0.909997783457421
8856,-0.225404811943493,0.687297723244098,0.886151920571312,0.932326159801023
8857,-0.225883639123898,0.511582857398911,0.907022356766074,0.865495419475744
8858,-0.212269065923122,0.256430007228563,0.878641301007492,0.850825354640141
8859,-0.202918662267771,0.22043142333028,0.848888050462027,0.783133624192055
8860,-0.205064090991724,0.269460056011073,1.06158238217379,0.827321196497157
8861,-0.212387382259359,0.261508513412434,0.983930797541688,0.832867810968193
8862,-0.225970040506353,0.195129441306827,0.881290556739469,0.791283273232119
8863,-0.210524189162166,0.202989252882202,0.845687759467554,0.749320964578197
8864,-0.21996113833438,0.139112319144594,0.890178846892756,0.715025259373774
8865,-0.203102326053952,0.281882491082623,0.84379003065785,0.863771378098578
8866,-0.221153313376127,0.197516714856601,0.988049626891038,0.726511676806474
8867,-0.222039827885261,0.312544579244098,0.842943037188305,0.870710010536419
8868,-0.215697979787886,0.172492285789414,0.904074658193858,0.734160870905341
8869,-0.211343546129593,0.108171521563216,0.988104089143015,0.594134260521309
8870,-0.225504080394927,0.133015464321126,0.819467277347867,0.737185070383057
8871,-0.20788477729221,0.200748055143333,1.08584558846891,0.795651728265139
8872,-0.232894351221382,0.13576717960696,1.03313512735296,0.797304903625978
8873,-0.229729062029253,0.38419964799382,0.704799820338003,0.900543339566365
8874,-0.222057610071103,0.393798173528921,0.897792285563835,0.890300547371603
8875,-0.205945938457001,0.201843034861379,0.808336380444797,0.804441671709633
8876,-0.216787957102719,0.32201854673576,0.806462610097328,0.88990566052034
8877,-0.215710998940402,0.613284091817283,0.857114375922922,0.940404763863627
8878,-0.212704861493946,0.693383232682415,0.990367833584151,0.956992241614446
8879,-0.227495061902084,0.289623921446391,0.900730033503774,0.862697791935261
8880,-0.209038813814202,0.336804216986435,0.889613010295344,0.881920063583711
8881,-0.206870602059485,0.180853248495636,0.975097614583419,0.71397567410037
8882,-0.230197562001127,0.185281873923169,0.915637653929927,0.751277431453366
8883,-0.20495839565086,0.23507613553046,0.803887486175106,0.847427945547392
8884,-0.21313711531676,0.193428250917776,0.871485917610663,0.787940870357098
8885,-0.224748303977513,0.170753727249543,0.911476856128008,0.665069188597919
8886,-0.239809669651126,0.176981435670779,0.742719047431155,0.790030266824273
8887,-0.237446295265802,0.161401521735545,0.867373261219165,0.707741364243356
8888,-0.215012832956763,0.169137543765971,0.873846916767126,0.768486997468599
8889,-0.218591794891184,0.25966894904867,0.922414800242767,0.825473201397892
8890,-0.230546075769435,0.218357762120396,0.869939106353397,0.809555622660958
8891,-0.230917103573656,0.450602342373202,0.875982703343587,0.886827899642028
8892,-0.218732384659995,0.259277269004448,0.910618762142806,0.746920866458607
8893,-0.237838228598676,0.209365670249931,0.940803025497429,0.760417801998962
8894,-0.21431399223205,0.307445420582702,0.952854601558045,0.866101826390471
8895,-0.213237587675484,0.263873962798519,0.749356235683722,0.795481156277591
8896,-0.209954470861995,0.268480888802877,0.85821314559667,0.8096722084796
8897,-0.211070626023603,0.234076210545471,0.85162422557237,0.823893905431716
8898,-0.221964742942948,0.256652145794688,0.908156515040045,0.799790869311172
8899,-0.230907511061684,0.192083471432753,0.847503830805512,0.760506988389859
8900,-0.203363815713145,0.214013943335071,0.72426384337432,0.823407195404636
8901,-0.216141201788125,0.40769809666494,0.877083673041594,0.866205887230566
8902,-0.209316932543319,0.251255812483005,0.845880966426973,0.854555017689467
8903,-0.217214495041771,0.320766667854558,0.775884762355296,0.864386397841027
8904,-0.220733832583447,0.308390546289835,0.810953113795776,0.86105802150675
8905,-0.213218721255475,0.298436761536056,0.962074378019237,0.861672542480746
8906,-0.203486265663884,0.408962150028274,0.870848912204663,0.885295919230726
8907,-0.236865658903644,0.276478965812351,0.733206041920282,0.82102045281609
8908,-0.219455555982695,0.222075972496006,0.748334731071334,0.822076507240785
8909,-0.223563394709811,0.245376511035422,0.860957609521221,0.85529520195663
8910,-0.212728744217694,0.556489496863573,0.861915085702572,0.927696284010609
8911,-0.199249544510611,0.449188767587013,0.724354191218524,0.913059530676979
8912,-0.222207965035926,0.400026179290437,0.924714124586369,0.892671554666664
8913,-0.223433488634877,0.214245744805096,1.04879143356361,0.81996384090378
8914,-0.206178201645822,0.20924959482743,1.01315024179522,0.735308632583552
8915,-0.211776959777142,0.357142686636019,0.878274318086642,0.869808472855571
8916,-0.218222569999582,0.185068722628681,0.867419129052585,0.748604581080938
8917,-0.207404487774792,0.243741128838983,0.787890511733523,0.79276983206245
8918,-0.202348642457839,0.2556844772715,0.767625357085267,0.810492696053536
8919,-0.231224919546402,0.246287403602291,0.855721657218959,0.818110522645187
8920,-0.235420881114375,0.220266440602707,0.899303486462459,0.861499305938538
8921,-0.214815375005492,0.294577640021321,1.00199423595671,0.886115052852055
8922,-0.22513556254734,0.361303766622688,0.924770324593542,0.888542435579005
8923,-0.207434070201968,0.525739336533554,0.950461684986312,0.899361252236917
8924,-0.228715089605231,0.681185210280251,0.858400036020144,0.913413434321482
8925,-0.220596560673934,0.492111724820995,0.886339726730087,0.906514115328036
8926,-0.208709607927182,0.698182704532725,0.793980734350138,0.93594683501702
8927,-0.230986094937225,0.221980936779096,0.85846556488228,0.844222195132474
8928,-0.215287717019335,0.326674175879321,0.916148489407421,0.843537048477077
8929,-0.228511347548997,0.662922606502525,0.823343052341943,0.933640792117219
8930,-0.221753584601947,0.679863610245955,0.849490167936014,0.946870284646657
8931,-0.217433830135845,0.758376103302745,0.955794394210216,0.941618432164322
8932,-0.20803122795579,0.469296673051146,0.773725510661719,0.923190807392378
8933,-0.223607619478209,0.930890480285714,0.998493834730777,0.948588788199235
8934,-0.231407489456123,1.38900004377238,0.837269946450827,0.975422299270627
8935,-0.209808230783964,1.44179199525265,0.880104010763587,0.972626698752037
8936,-0.221318162127164,1.2187174936156,0.85600025355298,0.970337735495434
8937,-0.226577628850899,2.27729653515836,0.754231966039293,0.983421113775182
8938,-0.219546302302254,1.27316498362455,0.885420008797757,0.959196988335709
8939,-0.221871292105013,0.918517892267369,0.718109205937959,0.952386136231166
8940,-0.217685485489657,0.709887872084053,1.15138177626154,0.949416858086337
8941,-0.230141380735362,0.265085903649367,0.785104613922161,0.858162250055518
8942,-0.223562602276431,0.532930268556165,0.732213105550624,0.909425330728067
8943,-0.227717729675688,0.446583057377184,0.883268372915585,0.903676521374388
8944,-0.218784814902201,0.309298186432321,0.897201681428913,0.86161138160069
8945,-0.213367995846891,0.334998011259861,0.812861300874219,0.763570882873446
8946,-0.208419221221429,0.212835217142217,0.909521148065423,0.79156852651997
8947,-0.22044900414498,0.226860116419225,0.957628953087338,0.73969627009995
8948,-0.22827099076984,0.230971695808944,0.669894668338099,0.738781580185918
8949,-0.191063406423885,0.345578859895519,1.04038463380172,0.853295688386721
8950,-0.198310483935195,0.249615808036538,0.843543690264377,0.83619936294564
8951,-0.208372001321653,0.190933765278485,0.889057159370427,0.822474323055842
8952,-0.201030123874897,0.447113779896085,0.900284627374044,0.91803289223312
8953,-0.220391676507467,0.367111058342017,0.808922621413419,0.919782305186507
8954,-0.203433310334491,0.410335311129908,0.910751418110983,0.918651978057733
8955,-0.209510050982136,0.370400761401657,0.838607891851498,0.852289152950702
8956,-0.224609529275264,0.501380699789604,0.784747708641547,0.909095360522404
8957,-0.218910915513677,0.390472715943547,0.908709710779454,0.88313354998084
8958,-0.214982338088467,0.32039913872317,0.914263001115819,0.898447446254495
8959,-0.215302329788691,0.234381312822169,0.919318654963833,0.836829607653294
8960,-0.213495292798819,0.315808049105655,0.852797089220395,0.852061314206886
8961,-0.230812958208405,0.330100248361378,0.893145171973714,0.850718035702316
8962,-0.204844570576123,0.599201309882498,0.860672919033713,0.936901024952327
8963,-0.219298976949578,1.08757779952726,0.91288200437489,0.954469400808702
8964,-0.21409234732388,0.73784695303814,0.717635136122141,0.935331658355972
8965,-0.217849767609488,0.688445487394361,0.989559624342999,0.939489433005732
8966,-0.222135943328011,0.554579598316665,0.948432276031392,0.940720054602792
8967,-0.227406349372272,1.42443452834033,1.04908493832864,0.968621031753047
8968,-0.229960154137665,0.917426903069328,0.857961713076876,0.947737537228153
8969,-0.211109389316218,1.30151389130256,0.773573707843382,0.966474716166238
8970,-0.231430420003578,1.08272037712171,0.858469951391963,0.949149527121148
8971,-0.23900585370055,0.738005828712224,0.990629594149837,0.944630740692131
8972,-0.214285953160575,0.535647815259982,0.809463967462178,0.929734845465468
8973,-0.240826623455598,1.32581769859645,0.720662105517664,0.963386188793819
8974,-0.216680311368366,1.16897867239597,0.859980189985526,0.962251283261395
8975,-0.19689818652527,1.61210536482407,0.870639153593988,0.979703031497099
8976,-0.22915334897671,4.06688353311555,0.839643984119319,0.990967390196528
8977,-0.222787529295723,4.516167676146,0.906432938974218,0.990438039293495
8978,-0.214750646560382,1.29969756601222,0.924998723089889,0.972144149871291
8979,-0.220819492265606,0.883164159805173,0.773512185707822,0.949670897966482
8980,-0.24238972887935,0.360595275007633,0.906678689049948,0.910719264577477
8981,-0.214455185695697,0.745278230163388,0.897051090167722,0.93653353240978
8982,-0.233473737209528,1.1886352378013,0.800641340246468,0.962492004668142
8983,-0.228040255304128,0.870090114171482,0.891790550385129,0.952094744682427
8984,-0.205404907397988,0.527980527648031,0.815292508360985,0.94085695478837
8985,-0.213683716414412,1.55485194511098,0.861838737662521,0.977905657149281
8986,-0.217432449156661,2.67678284418815,1.07809379495197,0.987151288741542
8987,-0.230818162858791,3.23395113733922,0.773607325490059,0.983716619946179
8988,-0.233609715616551,3.14021360530909,0.857101908875609,0.98535359254483
8989,-0.206840677961225,8.17233916612326,0.740055926517871,0.994725559286248
8990,-0.222413782256301,5.79767552899339,0.911899403239588,0.991306717570237
8991,-0.221701776814673,5.83721736160505,0.888548499236299,0.99023541693645
8992,-0.221166638744757,3.09132096735557,0.916941792737752,0.986450133817039
8993,-0.226029030730331,3.53184328491273,0.865332611757426,0.989051062014068
8994,-0.219016035126769,3.48576182396157,0.904967099810905,0.989867876997068
8995,-0.228369690500529,8.61789147399932,0.910681523504217,0.995529158495611
8996,-0.232155093844724,8.85267465793965,0.811772558025968,0.994557721392265
8997,-0.204122153544899,7.84647290212214,0.890701054863263,0.99448375470584
8998,-0.207340675761611,6.80057136947732,1.01405794045996,0.993955812454861
8999,-0.216329911443362,4.95275248168608,0.864468768167507,0.994123401270368
9000,-0.215701242808395,5.44104527686852,0.821921647266187,0.991324191831757
9001,-0.225170371361132,3.23582830769496,0.872437091090556,0.989573813260545
9002,-0.206476913760564,2.68978683283705,0.839944888535791,0.985597582997505
9003,-0.216730257246962,1.79299360566882,0.98862180505316,0.981047535983165
9004,-0.221146768836945,1.34088047375532,0.901222675383342,0.971662562407087
9005,-0.2354502535358,0.962941160429102,1.03773108632044,0.954187493974682
9006,-0.218794116297897,0.527298082693019,0.768459018951437,0.947559846369689
9007,-0.225525413110364,0.605504341141424,0.762031012559824,0.952407345927044
9008,-0.216568998979426,0.228666194455617,0.896880633436253,0.870938176160889
9009,-0.221638910621449,0.156492025474448,0.958014519524868,0.733395383207931
9010,-0.216192345829745,0.197830667448729,0.810685427496584,0.81672270813579
9011,-0.223030939267276,0.256319373774075,0.908136018684895,0.857560626066452
9012,-0.238535189847354,0.20420379281221,0.758164573441787,0.790307059298676
9013,-0.230664852618465,0.16485699035388,0.970168771560179,0.763894788968521
9014,-0.210356003228236,0.122819605911428,0.826256710890937,0.696340933192285
9015,-0.209794105157025,0.241195418853357,1.07982214451315,0.808456928024167
9016,-0.222938881572092,0.157801575180234,0.916963030126157,0.73733624518182
9017,-0.207087123571947,0.221374297948311,0.84521361496869,0.719952299792298
9018,-0.226184216153584,0.320469338940733,0.882403601125253,0.825089442291527
9019,-0.23548897110246,0.307083396890038,0.867212114010349,0.855942664900842
9020,-0.219442520639899,0.204003291742314,0.883439768533564,0.799501076143922
9021,-0.220588970962975,0.202131198480752,0.908335292862829,0.814568103760805
9022,-0.219745999042003,0.159934857386368,0.895877976043263,0.728432718851467
9023,-0.2061394823657,0.239602638417022,0.998901307067524,0.805096531027205
9024,-0.205520295040165,0.183391952204937,0.656890594176852,0.697761400243989
9025,-0.223655126842765,0.152169906054627,0.823433129698098,0.762440000407687
9026,-0.212601044019856,0.21205255399955,0.900470884121099,0.822627455989815
9027,-0.214779373997184,0.428389235365713,0.949578708173068,0.899459947395338
9028,-0.224224008078689,0.436342723935851,0.921185787444548,0.888892651875824
9029,-0.220021370265574,0.29593860665631,0.916033764728609,0.858287144541994
9030,-0.217812461530083,0.214141076907854,0.879271728331274,0.838773226068576
9031,-0.222920141839862,0.303902891315569,0.759005829356628,0.860191011916516
9032,-0.219472152968583,0.284189625791598,0.810253343492831,0.875929685848873
9033,-0.224582310283683,0.238912470740028,0.732522223691637,0.86207088978578
9034,-0.216915826492235,0.224052004159309,0.899519977273608,0.79484535893344
9035,-0.232482452910604,0.375433577592436,0.824316661055489,0.895602006007103
9036,-0.216566322255156,0.575344856504179,0.851452330978048,0.922008314639918
9037,-0.229394918871419,0.382275621594496,0.879637335712047,0.903701359507289
9038,-0.213312464997976,0.543677762570216,0.787893824602406,0.920032289135436
9039,-0.22086315334775,0.507323764906557,0.977052017318174,0.939832027511115
9040,-0.215139933228295,0.550976349659882,0.822981910348292,0.936072270849897
9041,-0.22014940526633,0.578930876264264,0.848756421138424,0.929971736472066
9042,-0.214906406735516,0.334841266638664,0.889905570646005,0.891693628799812
9043,-0.213037191817999,0.212096902632364,0.750613010235168,0.802736469197753
9044,-0.220846281515777,0.201741143191045,0.822450471063102,0.737855099684635
9045,-0.224528400338408,0.170175428715142,0.904177015494183,0.762397258222573
9046,-0.208562894297179,0.205220000513203,0.745152586481705,0.806677926795797
9047,-0.229167861915261,0.189742695457282,0.925315671510025,0.834860014577231
9048,-0.208554574589814,0.356663557381417,0.888867142660995,0.863758653956767
9049,-0.20881954170491,0.9141245089926,0.720460320113628,0.961641808595182
9050,-0.218341732528834,2.11416544825119,0.912670944504709,0.98442049572262
9051,-0.22230599937807,0.897284862999623,0.76362840892137,0.960049380447016
9052,-0.215348585818171,1.36702566956041,0.883240428559482,0.966468706227531
9053,-0.218905305582981,1.21432518218396,0.743138217864577,0.955172536017593
9054,-0.205550477303632,0.883461068118718,0.786705487341801,0.954492768418307
9055,-0.214058358031631,0.668686747902813,0.906153480743673,0.913564228655501
9056,-0.20426064541256,0.264830783634679,1.01227405810063,0.881762286685261
9057,-0.225515277429055,0.18540678226679,0.781413023743713,0.779985605129717
9058,-0.20649770545598,0.169952728136904,0.886060241951416,0.778000188599485
9059,-0.224379375773801,0.22177350988974,0.918654033330574,0.829022321388569
9060,-0.215370083515215,0.225022746554684,0.918276607648699,0.767731965847522
9061,-0.225815176539723,0.223480101706236,0.908643182792715,0.821819098595109
9062,-0.23505295321172,0.443580910750051,0.851671621690154,0.877211209797351
9063,-0.210688209200872,0.233437278067401,0.867782385818548,0.794470786254831
9064,-0.208399492358804,0.258694409131003,0.771564805136497,0.799100112417381
9065,-0.213838666925952,0.217058217986139,0.735518528422119,0.770545242656086
9066,-0.214072973382957,0.262034540602294,0.695528125021892,0.780558142793888
9067,-0.216624180971219,0.211376605920895,0.7784948853598,0.825848105001517
9068,-0.226755586214792,0.279843052891253,0.774319343251104,0.872207024855707
9069,-0.207979192145179,0.643057643613201,1.02764451653611,0.920505210960237
9070,-0.22655057501756,0.757526045230575,1.01437776478307,0.95513790934895
9071,-0.201828837328954,0.298150504843378,0.889967097465515,0.899381065931921
9072,-0.223404291451166,0.397535915187013,0.887373828021264,0.883300861996392
9073,-0.219510710610454,0.440357071786221,1.04005064530517,0.903550824222373
9074,-0.241586282746713,0.327801441688016,1.05577580040094,0.867070650744037
9075,-0.215704036263429,0.2043516853905,0.827698033721012,0.839164727343837
9076,-0.217575197769544,0.201873596246646,0.789235828530871,0.773220277807101
9077,-0.227218726974185,0.417148141092952,0.813400063934622,0.87747535020351
9078,-0.228395981816622,0.251105173588271,0.857240962365371,0.849442963933052
9079,-0.208391304581368,0.442051983562401,0.895815049512601,0.910827256314753
9080,-0.221354480221668,0.5077680520186,0.845925793463865,0.93821237867864
9081,-0.231512032109508,0.252921346892553,0.862129278939396,0.79383161671659
9082,-0.238630975698484,0.135044726384472,0.685279195614611,0.637757718583448
9083,-0.254903420726179,0.22069323627339,0.859508707413653,0.826343578915371
9084,-0.222808101874677,0.165564631539818,0.916746527883864,0.781360881775812
9085,-0.250591955123513,0.115425064730292,0.952164371849722,0.65934468388281
9086,-0.230998232064587,0.278051035332933,0.73883399631707,0.785411699613283
9087,-0.202521140161631,0.205358496277422,0.727489075864268,0.79167127730182
9088,-0.216926539873001,0.259799916913215,1.11937521733763,0.834585107638728
9089,-0.218155065986882,0.128426187293822,0.805265101590228,0.744471160306828
9090,-0.218951948349988,0.259850533150674,0.832256347469922,0.837308237258805
9091,-0.215221979934499,0.300391658315354,1.03995069684771,0.887685095160897
9092,-0.217726984576041,0.436979028970609,0.911685373313083,0.907644164701269
9093,-0.231225954634983,0.46969872852793,0.771675790544831,0.889663182473033
9094,-0.217233464214134,0.366342672908626,0.85806258984934,0.880045119251381
9095,-0.235457095963934,0.358363584568178,0.876371888298714,0.854276232975505
9096,-0.222033087465841,0.149191585100641,0.893862878921709,0.623560621931931
9097,-0.214278303781171,0.137765985713172,0.708464482915248,0.626242036815961
9098,-0.217603847473598,0.248643749828975,0.945090390017287,0.727480917218317
9099,-0.237858457045658,0.213060133891117,0.747547184916703,0.809978396735272
9100,-0.218690953796458,0.340381153060423,1.1231738697691,0.893420019327239
9101,-0.220883849351518,0.287879061270157,1.02686158791583,0.843394455357492
9102,-0.227624750870203,0.21862047289725,0.843513226656673,0.859836396072399
9103,-0.225010119037166,0.174058833035444,0.79246253334268,0.781686204216248
9104,-0.235741219653112,0.250713651551861,0.719652153391146,0.853390035395052
9105,-0.221823610798551,0.208666640325684,0.867332485030782,0.826325754111834
9106,-0.218140139223964,0.16592251593077,0.941316230154196,0.710079892900024
9107,-0.221041814517615,0.170627333123558,0.733788077246871,0.715531005399411
9108,-0.250944532186108,0.212708380050681,0.718607028606562,0.768293567706506
9109,-0.217789598611128,0.172260614616687,0.859831353334334,0.809231999685889
9110,-0.231795186192714,0.201226087244645,0.88950707528122,0.760406308615335
9111,-0.226685750273577,0.158896794353646,0.727729785921698,0.755146713708031
9112,-0.20234634971402,0.122737128545019,0.690212668980341,0.571007720644427
9113,-0.224552297424814,0.209767432609121,0.776542953179554,0.79239007190298
9114,-0.227355760711171,0.154502456207033,0.772610438780729,0.680235965609727
9115,-0.214570113333614,0.199627429794083,0.73020670506485,0.804736310592379
9116,-0.219294679736841,0.196819425506234,0.84518198942818,0.778689437620496
9117,-0.21625488553251,0.272457026983166,0.770365201133849,0.783493028895541
9118,-0.199862866235144,0.292370192767118,0.721768897622916,0.847592667668755
9119,-0.22561409810035,0.275969635716375,0.916702146663444,0.840679962096501
9120,-0.209527384991535,0.182360450462023,0.795354952159065,0.760974139909656
9121,-0.242851601757439,0.163071248949793,0.925462391438231,0.772858737635281
9122,-0.20336266001821,0.18982033154179,1.05944188957655,0.826718676848412
9123,-0.20751846313789,0.283682682969235,1.00573389134102,0.852172714949098
9124,-0.235150591992642,0.280425171871203,1.09803875354201,0.854978559140628
9125,-0.203368185590435,0.363784670018374,0.882893213367916,0.872634976963035
9126,-0.220691876362194,0.625815773890665,1.02825463056474,0.93553221018152
9127,-0.200306989421669,0.753323928479414,0.844356568265183,0.951348243838221
9128,-0.225984029138948,1.07156785166465,0.918750353525681,0.961592866938731
9129,-0.224490819843003,1.04171295853742,0.798249026829808,0.954024100401169
9130,-0.229627147144808,0.822167278340113,1.06319446401763,0.956499788555004
9131,-0.221291751157589,0.966333672727439,0.867233791676624,0.965681965224902
9132,-0.215247823894491,1.13381999218377,0.888401308883529,0.960605279085832
9133,-0.207312653985174,0.575181427692735,0.925414830110224,0.934882350134893
9134,-0.219241951590097,0.9096893013922,0.878372602553351,0.934642055803768
9135,-0.221446321161899,0.47823194460995,0.868378405019385,0.920768504006828
9136,-0.216299320032764,0.339030840054734,0.965384877330273,0.862161214622764
9137,-0.226467790360214,0.293390893973216,0.992487770514566,0.892359974680933
9138,-0.233595306258516,0.281890727848723,0.907527709410758,0.908889861707457
9139,-0.239923626125027,0.77639953143985,0.810665207636501,0.948281567191303
9140,-0.23932311204133,0.728286784590602,0.917904578265477,0.950600330724809
9141,-0.233959285639937,0.44333865005138,0.91039446569593,0.918732399686136
9142,-0.215905688779033,0.249020432530921,0.902095748346549,0.886090021281152
9143,-0.225519156874883,0.322334292492848,0.840606261134109,0.845768454689391
9144,-0.225634047331015,0.692541609997954,0.777702834915622,0.944523545444255
9145,-0.228019442051781,0.413051964535073,0.908509415422754,0.906910068493624
9146,-0.212610521012899,0.721014628981571,0.959138578569903,0.933492839463522
9147,-0.216310546145915,0.415767517125713,0.753732394668996,0.886767262066967
9148,-0.225924314065283,0.348476146923936,0.823198931138268,0.857159133171085
9149,-0.226258708865583,0.361438758920512,0.875330591874773,0.912297295725557
9150,-0.224465910562809,0.397916882909883,0.978673667143471,0.881679135219932
9151,-0.220699635720775,0.285324694720564,1.05841230162078,0.83793087835642
9152,-0.226733661645358,0.154488517442215,0.991957305997812,0.67571614992806
9153,-0.217064869197614,0.180583520906046,0.945815759294937,0.785299089732567
9154,-0.215502228637148,0.269314069551948,0.8189142416747,0.870715752591638
9155,-0.219660984080071,0.675874566664194,0.787273044529708,0.941210591985584
9156,-0.221100639523358,0.470004501138402,0.846108524610841,0.935815553568692
9157,-0.217798508761832,0.472760558397731,1.08442782241139,0.892388711626715
9158,-0.218998159401773,1.0133764825107,0.702809830676303,0.961782970613354
9159,-0.207142691611114,0.768844855433673,0.75955659395812,0.93894769737034
9160,-0.226108287918094,0.809443395234716,0.851307102927365,0.927544843161217
9161,-0.230166351471908,0.52373448124663,0.838491693821576,0.939308734972205
9162,-0.20780083510705,0.69779423020793,0.711495165321572,0.94917762852678
9163,-0.229289768410498,1.11332162808442,0.910569967341905,0.964441924994914
9164,-0.229570977984276,0.356170386173972,0.818899002663266,0.906230217379136
9165,-0.221185206028032,0.858564978309523,0.809797368124413,0.953259378014857
9166,-0.215097961707101,1.39268198719776,0.832238461664665,0.973500695391355
9167,-0.210226064959059,2.10832717211489,0.73423640638416,0.972966839544064
9168,-0.196713427914586,0.944351667005509,0.846127489878632,0.957047509602967
9169,-0.216086650235612,0.427805327969754,0.889068599149602,0.900263841821181
9170,-0.234859226026636,0.446719847482573,0.904485709183419,0.909726082150293
9171,-0.21302648294218,0.471702515155903,0.872189010000485,0.888893451282764
9172,-0.221930367149517,0.262470013172958,0.780571585609134,0.872700076833892
9173,-0.189699966530342,0.569812194678572,0.992235605250088,0.916778543306329
9174,-0.214208496063292,0.534866159611136,0.793651633178188,0.926085672060269
9175,-0.222386699133334,0.66251361455253,0.861055767507071,0.942489740740203
9176,-0.218421321631044,0.729457509842141,0.844957636453607,0.942385772498634
9177,-0.215245914301372,0.307792888961523,0.909961129944546,0.875696772251482
9178,-0.212446923290809,0.318164373661176,0.850375609391912,0.860318440219034
9179,-0.2376829657583,0.372989869178615,0.888627938607124,0.838047523426472
9180,-0.238785469281346,0.609266264780666,0.722513413962746,0.906395728916665
9181,-0.21972733587331,0.450178854862569,0.878027055230179,0.897884387527313
9182,-0.212955423004605,0.621028536813897,0.925190403840982,0.922575757965988
9183,-0.217810121657185,0.77788167215799,0.809320653577928,0.954189474225357
9184,-0.22289166216505,1.6704758342231,1.0028265875177,0.966790280049857
9185,-0.230967273876911,0.473683495105319,1.1146854212524,0.922103544637444
9186,-0.214109261747859,0.571851046359551,1.01603001706759,0.940478188397885
9187,-0.228295611486816,0.539246367864216,0.959132835875668,0.901869888101634
9188,-0.216065850782182,0.123222015322593,0.866928647425855,0.700020679657272
9189,-0.233180856977121,0.354054847473316,0.906977294171496,0.875331898666377
9190,-0.229037566964284,0.26605499252777,0.880327782322667,0.842628803969702
9191,-0.225878149483365,0.44235065478111,0.888624437269898,0.910440629055283
9192,-0.221302077808773,0.776663342218826,0.746582434167735,0.939157810144673
9193,-0.210158163646236,0.495839455914611,0.785623331933826,0.896816925971149
9194,-0.216153451435771,0.33989152744818,0.938476645235855,0.866078972908555
9195,-0.213792170992917,0.260981394675869,0.891781554281879,0.848927219720384
9196,-0.228439016859037,0.185103445515044,0.82581088148443,0.727497681895822
9197,-0.236006629546002,0.219527053506816,0.836401101402432,0.833895043226269
9198,-0.193185530467219,0.157086549834112,0.752797297840714,0.736311710791586
9199,-0.225076993748486,0.236848553533016,0.829146372745894,0.819469622526278
9200,-0.206055487576903,0.15708500832245,0.887732673808706,0.825111585374675
9201,-0.210757469064902,0.227291114599552,0.828746252489261,0.833034857512277
9202,-0.217680309920188,0.130472122671735,0.922865336462583,0.738381548905543
9203,-0.214650567332581,0.181068731017247,1.07030023782525,0.815552635946013
9204,-0.228631587960382,0.265087287729658,0.997147291920813,0.859911994177034
9205,-0.20676939922226,0.242304089287648,0.929770528741788,0.821735930563814
9206,-0.206868051380281,0.140129066997543,0.878274593905103,0.69423260526607
9207,-0.219983282150004,0.265861709038433,0.842756477415316,0.86268637285656
9208,-0.224238369135545,0.242563226066432,0.88999179597244,0.846095713292618
9209,-0.228506984903999,0.284698002477648,0.854052610811504,0.85681761708011
9210,-0.239565470971614,0.137280671578605,0.888161906258548,0.730063865277023
9211,-0.221196115794841,0.187056596581637,0.892337367418241,0.784691321143368
9212,-0.19432423239034,0.195715849901373,0.989856210042914,0.750541509380618
9213,-0.210704251294643,0.174982037444099,0.859074204367708,0.75493797743154
9214,-0.212851463968368,0.229344953971291,0.825744296979561,0.79390444961816
9215,-0.221201301550552,0.278658607174467,0.976414894413201,0.836826879054924
9216,-0.206542973323612,0.144141126746972,1.08120575672723,0.788933666220499
9217,-0.231271497291376,0.225467675923782,0.900764263298894,0.826855528721943
9218,-0.226881660191746,0.22972948762945,0.906347912779635,0.78523914387968
9219,-0.24012324007376,0.20758097520739,0.890087889929362,0.822108518853856
9220,-0.234385107042187,0.391582575964159,1.02362351317844,0.877664462284599
9221,-0.220091405897496,0.363863439686452,0.904703066778201,0.894083080146554
9222,-0.21854641350228,0.235596319849953,0.865140975389005,0.78464926146979
9223,-0.218459046410748,0.278726632535032,0.769166141895462,0.825179700778578
9224,-0.206228611864217,0.58130871039073,0.630698990163568,0.906259795716719
9225,-0.208444485473502,0.440075342543201,0.906666725106822,0.920195962838616
9226,-0.20491966902549,0.402918689118457,1.00749453772157,0.914362017806491
9227,-0.21852235597662,0.465748967137807,0.918708228776384,0.903336052271771
9228,-0.21820874443225,0.291665858781278,0.871035787310362,0.865126798594123
9229,-0.219956824081737,0.292547725714653,0.761829573764607,0.861047867019748
9230,-0.225548635592895,0.176555198059138,0.810546279609784,0.772224745103234
9231,-0.220257143019465,0.235524636032692,0.72598004557008,0.850232078534384
9232,-0.214444745840025,0.225078181061501,0.694036962277916,0.779000423193111
9233,-0.249920365731957,0.198125818611096,0.876174797562959,0.781080307504233
9234,-0.212119629238154,0.191184644419924,1.01041132893149,0.811188723575321
9235,-0.217908432711876,0.126082637349827,0.810674329374388,0.700269163116327
9236,-0.216780990617298,0.219358221404704,0.807909339819538,0.836430241547016
9237,-0.225975798039472,0.257165190932858,0.727609794481893,0.812120914153388
9238,-0.225965940303561,0.174761850413721,0.81664833409426,0.766186793099312
9239,-0.216041485026119,0.144615136015849,0.845355849711607,0.821656732460579
9240,-0.206022543069544,0.258426143336863,0.907094697417987,0.776026971649352
9241,-0.210319933665456,0.482056635541312,0.984344813160617,0.882209082390768
9242,-0.210538968144456,0.344973832169981,0.912461301014016,0.835092905831561
9243,-0.237246666367163,0.101656294314158,0.934664466643128,0.676923690752212
9244,-0.214484417271562,0.187731223282893,0.925556346961148,0.739197989998346
9245,-0.214496511031379,0.20219427568921,0.89928996414921,0.791198150507298
9246,-0.214188969118836,0.260431925373042,0.893428624879952,0.89393545728794
9247,-0.21979148875883,0.26026018592184,0.833476798570108,0.88152947321499
9248,-0.213036276810065,0.222668641102128,0.827439009119418,0.868808145973037
9249,-0.219608090226956,0.798165409517079,0.86645179572821,0.935145132151479
9250,-0.228394301338012,0.534358370990771,0.722124981781664,0.923742958309168
9251,-0.210801751565909,0.242104039132397,0.740403699405537,0.89017064583961
9252,-0.241051775919387,0.504670530499214,0.720447708415559,0.92032057426475
9253,-0.241891811012381,0.664169730000392,0.869124519750118,0.943114132586813
9254,-0.222360993740183,0.262853262736477,0.844902771836763,0.825027048724215
9255,-0.205812044452476,0.262140928782472,0.692952648149216,0.82780439694668
9256,-0.234332982485035,0.160220599121095,1.15488528215049,0.674121377516243
9257,-0.204900797574176,0.134788970153157,0.882213491148576,0.721266111818465
9258,-0.21605562596797,0.219121470034525,0.971043577254518,0.81207526586097
9259,-0.216615025690199,0.498642071117757,0.816063515607268,0.922064446047341
9260,-0.204146299027023,0.504152111056471,0.822733098123254,0.943227052166242
9261,-0.216172457694079,0.325528069362662,0.911991406005907,0.886194507570594
9262,-0.203494646319259,0.472670050924277,0.747422497945726,0.889572763495834
9263,-0.229366470438737,0.595534585584948,0.845938944757573,0.933242745934135
9264,-0.229894378828414,0.553952539743814,0.927403186417504,0.922115708716148
9265,-0.223109950314692,0.306064037567537,0.910053831270699,0.865126054083728
9266,-0.223127280995056,0.211229645172177,0.900916828808933,0.81061942884604
9267,-0.213849515209939,0.151827223620381,0.904553799301076,0.68015546940755
9268,-0.227801443386923,0.215971713137534,0.770309662992694,0.769444075667074
9269,-0.230084552417175,0.187873932104144,0.919062597980545,0.842072529766006
9270,-0.207790737491413,0.155627917411681,0.885508202993889,0.733625151095075
9271,-0.22504737822419,0.137716137741595,0.818178950402183,0.683750835413317
9272,-0.217659988292532,0.261780076159132,0.735486605723739,0.838900480539502
9273,-0.229172888073873,0.260609481871205,0.915511420884432,0.837584374341543
9274,-0.231147002453805,0.235312792150872,0.753039398049862,0.837009630087346
9275,-0.20675935236013,0.295632965772196,0.865711230531406,0.860186578583789
9276,-0.231123014556086,0.46470903831836,0.78276582764459,0.888033565433032
9277,-0.219333442151707,0.656638096607111,0.891109013969851,0.932874382933342
9278,-0.200321675248278,0.20929919228159,0.849787862848004,0.80312740856733
9279,-0.20424063589424,0.130230650632482,0.81101019770915,0.672449915719318
9280,-0.220495399211497,0.207425092022447,0.830153691158182,0.798824379392259
9281,-0.217918981577878,0.297476632212785,0.892293536138353,0.874634922738881
9282,-0.223687275293825,0.399708431195044,0.915640345414711,0.904708255676559
9283,-0.237531839511173,0.388706085127728,0.777413368219993,0.890872400287578
9284,-0.211262520290507,0.243454999237891,0.738588568509476,0.758746499838544
9285,-0.235310169986805,0.207633109965708,0.805921051365926,0.789647710220329
9286,-0.225457759352636,0.136510470194926,0.751444017166407,0.676463910693078
9287,-0.194969883120694,0.178069913939251,0.861711832318118,0.722691793057903
9288,-0.218459474902859,0.203702303996046,0.95951592004167,0.784402103461321
9289,-0.212380789862241,0.426553364443418,0.754310345742825,0.920153157757259
9290,-0.227622097854252,0.664983213395859,0.916353057383367,0.956519040594023
9291,-0.224117037915491,0.42794727132021,0.913991195588168,0.909482203298094
9292,-0.235024478874653,0.431767154822879,0.924301932159497,0.882643556962495
9293,-0.224130709061779,0.202330704563131,1.12393362853774,0.825267451140433
9294,-0.225806149482843,0.3902401954282,0.824749712971654,0.897689672514066
9295,-0.212227099140943,0.205897038612679,0.903279201916238,0.812427153860218
9296,-0.226666429878456,0.266396892993362,0.901291047781939,0.87446824247092
9297,-0.240815144816983,0.311295206055534,0.858014422210488,0.840347738602723
9298,-0.212272809334397,0.255761111887605,0.892910214211317,0.866252479074825
9299,-0.239259759218845,0.164292384958108,0.862227260200563,0.720062300363632
9300,-0.213352653886665,0.157160328029021,0.84220622096864,0.752961553308175
9301,-0.206068182241541,0.538516447458728,0.89925182036684,0.910079466199931
9302,-0.245315750737138,0.402072626202037,0.775598084080001,0.886794227508727
9303,-0.217228102906506,0.26555236096962,0.830469522033685,0.817545816074657
9304,-0.20934480438716,0.379552839158727,0.881606379477108,0.882364357384296
9305,-0.214496996069592,0.22893374325657,0.828375385462841,0.787140409036681
9306,-0.213525646964654,0.162992771419483,0.744931895926253,0.75385745101287
9307,-0.21383684395254,0.385921365296804,0.72406706745413,0.859512426953808
9308,-0.216948451155129,0.324940528091389,0.715920336490619,0.887656151711164
9309,-0.209076660297094,0.188051173434423,0.777811496288787,0.849184406401227
9310,-0.199090888666787,0.182137653963493,0.884380634831779,0.821028243047222
9311,-0.205724286699961,0.249149061804982,0.896567813144423,0.861295005123773
9312,-0.215687568268423,0.234622596820942,0.852997789590305,0.797386794104499
9313,-0.203439953288277,0.38368704191158,0.778844020998767,0.867199095540593
9314,-0.207863562827668,0.28654875735414,0.847096031643858,0.823409544102313
9315,-0.226716647859131,0.454689711302312,0.818353208793489,0.900386538464568
9316,-0.220624522859483,0.288943471856164,0.911052218325262,0.872899164304832
9317,-0.211104957085341,0.232843620643547,0.998122987031518,0.864578957715775
9318,-0.226201220988286,0.184418208728954,0.984582535366161,0.770238226300463
9319,-0.223381451436057,0.183859387295362,1.06451464776449,0.698112415055679
9320,-0.215852916434965,0.176931605526707,0.933918946882136,0.753034988026354
9321,-0.224296265499409,0.331272061196428,0.686194924316196,0.84143008634357
9322,-0.219880335475285,0.465067820501488,0.848686953316516,0.902550790167335
9323,-0.225279462978136,1.29710532486929,0.810260742839217,0.95785888267591
9324,-0.236535214995846,0.78796126574592,0.739318539838073,0.952581696759473
9325,-0.195089364427272,1.56162657181155,0.972985310881134,0.977444996683144
9326,-0.223932494787227,1.1488956817687,0.778337734735455,0.948192657124808
9327,-0.23661821238708,0.79990130989791,0.909789145260077,0.960503634316778
9328,-0.221446069211505,0.573418181254651,0.967743378200039,0.913636568781679
9329,-0.19809198939833,0.328498428192388,0.813019199924095,0.872030670985831
9330,-0.240924269694613,0.218704392093449,0.909298890262826,0.79375964344989
9331,-0.222450663189926,0.266149882592736,0.960714460445645,0.813863833164485
9332,-0.214244201792722,0.143732232887164,0.718474485761325,0.660759440984355
9333,-0.22553778880437,0.0914280711602699,0.738626223152346,0.611668450637347
9334,-0.216359491117552,0.160292684042573,0.735236133450537,0.763870135419834
9335,-0.215161758414746,0.217359862661053,0.900151886039667,0.799440062220925
9336,-0.205508011844341,0.165259527277915,0.821510739763325,0.7390756661346
9337,-0.219623946631338,0.217228770254078,1.08812889952506,0.799311291615316
9338,-0.214314701908006,0.258017758086547,1.11565966440815,0.78710126047756
9339,-0.216649585437167,0.257778126556919,0.930443427820467,0.851946259419431
9340,-0.224380633564993,0.464008075634187,0.870409888626868,0.870720884935665
9341,-0.219029762684611,0.472800296078464,0.848934271260326,0.911304595273445
9342,-0.210003171612892,0.86139102819249,0.727760399095281,0.945888778336254
9343,-0.21575866209813,0.508969564625623,0.841464073166011,0.914198266436591
9344,-0.221745389577578,0.740235199289717,0.856921213617212,0.929151747405952
9345,-0.232930024514591,0.693772526954108,0.756045620178175,0.922488142681903
9346,-0.204163764685997,0.488867673067732,0.846608655171323,0.941072514811242
9347,-0.239936507798388,0.407257113568488,0.726144290141845,0.871942346450262
9348,-0.232254200557054,0.314734356006785,0.790854086640441,0.863545952829855
9349,-0.226158243092608,0.373982901136015,0.884668613354499,0.868997403397681
9350,-0.22465688099563,0.233838283863287,0.826308769579696,0.833122032540166
9351,-0.221178270275716,0.19616495052418,0.727706656342086,0.757739490597061
9352,-0.217171553249377,0.252885492998918,0.795849380171244,0.815087028864635
9353,-0.215508831508414,0.234762185045175,0.873848910150126,0.799235666276984
9354,-0.227850902017369,0.298310736553237,0.957883076256282,0.866881480680036
9355,-0.239791049124542,0.182365341672622,0.878202338866735,0.833872639141842
9356,-0.222239339452168,0.322690877571918,0.903388298914911,0.883130507431622
9357,-0.205256953450791,0.301841144040907,0.909106333808301,0.845739768909681
9358,-0.227870593615361,0.273937126750354,0.869072581228369,0.869973655263349
9359,-0.207922349751464,0.22516954550677,0.760168737333849,0.772869558656998
9360,-0.208541907812072,0.159612089076409,0.855526930856401,0.693196677702803
9361,-0.23325257824231,0.320640710274221,0.901032237124607,0.837732047336866
9362,-0.204545736244116,0.150403421574773,0.7893543446478,0.654275000878779
9363,-0.237670641053276,0.128078382216311,0.947628178185091,0.646868921869603
9364,-0.219484216011078,0.152678814628763,1.14367123211853,0.606230295852412
9365,-0.219907867046413,0.129527489674291,0.707668647315063,0.614760997420698
9366,-0.192196324279875,0.202961594370993,0.870151516643214,0.76788704835172
9367,-0.213004544486037,0.134235266743827,0.813704886295117,0.730458357585777
9368,-0.215739880901814,0.15806750903755,0.881477523912656,0.688867579883208
9369,-0.222332736836504,0.233808627934788,0.787720213016253,0.71874022269535
9370,-0.209555460920073,0.112486495204513,0.866537852273284,0.727900882024358
9371,-0.21315640290729,0.321169630271438,0.866900462454045,0.822332473608069
9372,-0.212181048724299,0.25307718205554,0.864544709678871,0.844634908534314
9373,-0.231262079962864,0.173900277511089,0.91328202435879,0.764615232451272
9374,-0.219410687409897,0.196907469829466,0.883848972310483,0.782885022657389
9375,-0.230309083432949,0.19152059182458,0.746431515665862,0.702040052939741
9376,-0.21483281970438,0.120806934327999,0.890823522487493,0.590327420541643
9377,-0.190543363312397,0.171530055024166,0.753450058571117,0.687490919707687
9378,-0.202782653183916,0.278204569907856,0.91642725057721,0.86308188566756
9379,-0.224617253909366,0.234811500322969,0.914355719213377,0.791994077474816
9380,-0.228250539888543,0.172497279062541,0.856399486348688,0.769975233008264
9381,-0.218441780387533,0.147851603346599,0.863572381802525,0.654954178170836
9382,-0.223982739886931,0.123554445738998,0.799637063057599,0.632372767739583
9383,-0.214755907403963,0.208743366378623,0.83687724114775,0.74918126178226
9384,-0.231508010980677,0.112553172260399,0.896974138401134,0.624819127183834
9385,-0.218756485013596,0.190590887931817,0.849884832367367,0.738078259517721
9386,-0.231617647084093,0.251530762790197,0.903641519768304,0.852474932602354
9387,-0.229600502773162,0.306214180834995,0.809077567595436,0.855385924869263
9388,-0.220904852624127,0.258097528320528,0.903652876655508,0.813744174508067
9389,-0.21521099958623,0.252262142545811,0.801617625048565,0.811479124225019
9390,-0.219349280220285,0.133396336178235,0.887387833963596,0.584945694244576
9391,-0.231815940914512,0.135449431845008,0.906673420102176,0.699441546115418
9392,-0.224588262561665,0.155535619080739,1.09586385539087,0.74560587871146
9393,-0.22138184946051,0.36969001881102,0.816155015268024,0.8936445121836
9394,-0.219666546788403,0.386475464332775,0.877628835753954,0.915489263156517
9395,-0.218637507754654,0.252168756076331,0.723512301494431,0.831551758499774
9396,-0.21619013173899,0.259392438282506,0.854810700659391,0.830166468963199
9397,-0.215796925155341,0.222085156430919,1.00661463875373,0.884106739831921
9398,-0.223711143108652,0.324238627801876,0.859466846170788,0.903722069544952
9399,-0.22193537397482,0.436096270137652,0.894876348966397,0.903296209467976
9400,-0.213379685971202,0.609994061483391,0.84758136068833,0.920329328366515
9401,-0.219042688364647,0.663852520025263,0.718148655856604,0.929462644755153
9402,-0.230739178872917,0.493965573128034,0.830772834721008,0.906781638302902
9403,-0.221988494208336,0.522156723297345,0.917715815541542,0.922601625630704
9404,-0.202981360758521,0.438371020940726,0.873019380318738,0.900837409978066
9405,-0.204131820031199,0.498762147480541,0.91567480156701,0.910436100006641
9406,-0.228354058269338,0.350820509456008,0.778049384640334,0.869298200303375
9407,-0.229793782642282,0.412409398319843,0.887780560255147,0.875964014334645
9408,-0.197847350974384,0.466376090177409,0.776782858834107,0.895004520219381
9409,-0.231194659151751,0.990679237726163,0.722686614334438,0.938499543368355
9410,-0.222153001748631,0.994801055746694,0.865121285703099,0.960711489038105
9411,-0.219285997512458,1.62177721020247,0.912025273558887,0.977368718461295
9412,-0.22190881150379,3.04321322305992,0.939735632908041,0.982799697896824
9413,-0.239984659655395,0.776167374065079,1.07369948281022,0.965480001827801
9414,-0.222161447955206,0.892161180846049,0.848134269507271,0.965743676298009
9415,-0.239681872401927,1.28893006083517,0.718929004420303,0.958091881104578
9416,-0.213904310272645,0.805027257088044,0.848143446803456,0.940054016038058
9417,-0.206378858220289,0.771827985049071,1.00291068653692,0.934615893118771
9418,-0.230064457718653,1.10715440666771,0.923866172802871,0.963666172733398
9419,-0.227217024838533,1.13445401000183,0.89609008656162,0.961705405428185
9420,-0.231485580363881,1.1749000459979,1.07496300305902,0.969413461740371
9421,-0.240784999175065,1.11165494598508,0.819100026622373,0.952709261330089
9422,-0.217969287574061,0.323256380658429,0.932049214870702,0.886296281041211
9423,-0.21550404493274,0.160297234672504,0.875546910816772,0.741970238974961
9424,-0.225484784984453,0.239833204490613,0.703720747694403,0.790399137347509
9425,-0.236080340758453,0.299111490370689,0.740583384953444,0.867129385990575
9426,-0.231289047183116,0.237635196400735,0.835231649791718,0.818135157597273
9427,-0.219364603085153,0.20320060623372,0.91676062698584,0.831849571975625
9428,-0.210488202180193,0.179547679178257,0.784453207638818,0.736477248775642
9429,-0.223064082471246,0.331868524010725,0.948463854248777,0.861338405687095
9430,-0.210589636163802,0.529972229505697,0.876082352094514,0.935003778823916
9431,-0.22698648065397,0.594288206994624,0.887784976647134,0.951602904781744
9432,-0.211400382802518,0.386229178222027,0.767468936151424,0.92034813907623
9433,-0.200135234051205,0.531410736266032,0.920478954278569,0.931570253257286
9434,-0.221663468811229,1.51836459877605,0.897431443288683,0.967436540011226
9435,-0.2275598216466,0.866753057099142,1.1279402373752,0.958696869538252
9436,-0.214720399752683,0.80754699297544,0.858964843301928,0.967256508562225
9437,-0.211924944100145,1.1407661341662,0.873301409668323,0.967420818826396
9438,-0.201078448022741,0.473364402765227,0.712661893739802,0.915635763566701
9439,-0.237960117133962,0.69818807726134,0.919026816924996,0.926147662421086
9440,-0.224551240037117,0.511868449771342,0.934273864648836,0.898287329716784
9441,-0.21279200547323,0.519759580191279,0.818051046354943,0.920273053084642
9442,-0.22051240442437,0.206680103218258,0.851826752691743,0.815544097885089
9443,-0.221308983961473,0.174328870337469,0.885890847954114,0.760851842518852
9444,-0.231383608570989,0.207241542782726,0.905807052857961,0.815353502444028
9445,-0.235549385782609,0.327789578148228,0.844350066950905,0.860706120351677
9446,-0.225631924826073,0.419935890149494,0.924181967027811,0.888794736032566
9447,-0.220379660152384,0.222374821314025,0.810922670014709,0.807852369749753
9448,-0.20084011431961,0.240836322905985,0.901279069977414,0.827216150247202
9449,-0.223835726294445,0.236448510734453,0.94527538169482,0.772071228518428
9450,-0.23571524129088,0.18384006501281,0.960233682650777,0.734959733593155
9451,-0.224603077446958,0.224038411146607,0.733865267824782,0.811995781310596
9452,-0.230724656693895,0.253348978987199,0.727456668217343,0.823325742962088
9453,-0.231436565873922,0.219025556433681,0.910593992938861,0.792535453778918
9454,-0.20808093386555,0.230268471844706,0.866156055944652,0.819155934965683
9455,-0.229255759023203,0.199415216053984,0.899636361012193,0.781300185906047
9456,-0.228968806176929,0.163846695889766,0.903583009803297,0.743948005852573
9457,-0.224010814578484,0.181455620742172,0.872140148492886,0.785813346847069
9458,-0.242695026374563,0.215062792021884,0.791010227722216,0.78386223610027
9459,-0.194700452971291,0.161905864722159,0.952157464412135,0.781839035420002
9460,-0.206849037175969,0.124063149157652,0.716281504774007,0.775681631390556
9461,-0.234108508211124,0.162271054359668,0.860961662999969,0.704254981337575
9462,-0.228222374645741,0.18920460326348,0.860780877553176,0.75382609610196
9463,-0.22024874873992,0.122715049300458,0.914371286096648,0.693852502498351
9464,-0.217084557228323,0.126415992574159,0.775875472483074,0.616393850383227
9465,-0.222531044667624,0.157502314889835,0.916568141068664,0.742344227033283
9466,-0.220509861260108,0.230109597628371,1.08160865304944,0.812156056514494
9467,-0.229117789047984,0.206895309396418,0.725904304195016,0.791596724594581
9468,-0.22791296311311,0.188479578882767,0.816082842616856,0.791534671317039
9469,-0.231299186628692,0.27627097641228,0.852359140568136,0.811433964637193
9470,-0.222426793417368,0.249254909183876,0.925586682448451,0.836847531954417
9471,-0.217719672924412,0.256169836420209,0.892749711806088,0.824295038306213
9472,-0.227991025362187,0.168065690066736,0.873667544490418,0.680761966226495
9473,-0.224293345210559,0.107994447398605,0.821912195357872,0.635036466566374
9474,-0.23968365374266,0.180584624153141,0.815309317017782,0.688348762930983
9475,-0.216403618195983,0.173275281290505,0.838089164360012,0.740568473342319
9476,-0.230852561421851,0.215855972114175,0.86721607059594,0.803787221131087
9477,-0.220949962612331,0.360963101988308,0.765718949042598,0.866664085907471
9478,-0.215568743023846,0.242936241629376,1.07073406161864,0.820675992329441
9479,-0.215878982781056,0.379173147473059,0.85984844075273,0.907396534612393
9480,-0.218406400259973,0.778301621357782,0.834774207644942,0.932722093482496
9481,-0.235098906997213,0.379860186183699,0.903742413047135,0.90919766437203
9482,-0.218757181649176,0.430157666150796,0.91440713049804,0.926625631129201
9483,-0.228348589997094,0.503756872823175,0.887917330177524,0.926080378123271
9484,-0.222622809852158,0.297476591513363,0.870268917059385,0.861798178319392
9485,-0.21386919130147,0.328789713880736,0.862680388306479,0.888139752302373
9486,-0.228613200766504,0.459570548934863,0.801613932910029,0.902556287364494
9487,-0.226983704132682,0.269053154382171,0.774358174837674,0.850185162995647
9488,-0.229697089031624,0.386604675678653,0.734537610729423,0.886272078906183
9489,-0.237634594894231,0.402800007596673,0.847715411536992,0.899082489649563
9490,-0.20291572073116,0.364025809756063,0.813208952049906,0.896032967222943
9491,-0.231918808593286,0.708620868320857,0.920951493210187,0.925011999191721
9492,-0.230220234856358,0.276827398422742,0.911481748082817,0.842325993371455
9493,-0.200517736779158,0.147956159213949,0.920820251169699,0.799355079489816
9494,-0.227650074609758,0.221313956437131,0.777658491817528,0.76704249957783
9495,-0.227977744964962,0.152146366487406,0.915376748286787,0.728930867465951
9496,-0.216038022163559,0.239462065948544,1.13170655197805,0.802066841389774
9497,-0.245107304445206,0.26222115316456,0.89091993734765,0.772614956462405
9498,-0.209243913063616,0.112207510946164,0.924086657411487,0.618180703240188
9499,-0.200700120227731,0.13050634556562,0.86380665778547,0.68787862573075
9500,-0.232221619189752,0.20029370595716,0.830464306881077,0.742498246824853
9501,-0.207357545173949,0.250680681279611,0.810077227776244,0.797071485544283
9502,-0.23605588372769,0.215943083127189,0.806316382080763,0.808478377965418
9503,-0.217222618993996,0.325116079529981,0.915179527007344,0.898680084025488
9504,-0.211882602134358,0.200929203259053,0.859478687269669,0.828693151219087
9505,-0.228682140267134,0.306414799719861,0.790945092718988,0.829497264094719
9506,-0.218146490448285,0.272484167817136,0.887255133596714,0.820661222409097
9507,-0.213920135167098,0.572306908771289,0.769298507653485,0.895728501803668
9508,-0.217454768620813,0.299248746910601,0.952109009631417,0.882251385993984
9509,-0.219984187747392,0.388017812103788,0.786596690403235,0.90216290798622
9510,-0.217925411928697,0.187247739761546,0.872924863439028,0.788729866825439
9511,-0.211510039721275,0.343255520189356,0.969042019063807,0.868586223092154
9512,-0.222102099728868,0.327935861178738,0.81741872094265,0.84290621734806
9513,-0.215877835571237,0.339685241384884,0.845447492745923,0.899178278548203
9514,-0.227812046284569,0.48036225941156,1.00367314116497,0.896947834890967
9515,-0.241338350205533,0.6484125917929,1.04477993366658,0.934532594545538
9516,-0.231322663775033,0.283038134991685,0.726830590480167,0.831143045076683
9517,-0.2157533690604,0.318718109194414,0.943920395383518,0.864638520906396
9518,-0.201849782005419,0.16503708882224,0.735912475959,0.829379790216203
9519,-0.21539839281886,0.237390075739389,0.842471785917601,0.823583531847249
9520,-0.224461517682143,0.177717270960772,0.896853828177564,0.735614066325508
9521,-0.21684259327592,0.148446580485139,0.824672815441858,0.693376727831122
9522,-0.211152261463117,0.129768061403841,0.813805358577636,0.67434288333826
9523,-0.217687037556478,0.119057237077885,0.818315604640187,0.526590518442205
9524,-0.199157467391188,0.122092401873993,1.08339299793146,0.700751289124035
9525,-0.208654026387575,0.176959113523439,1.07292874651115,0.714991558922835
9526,-0.231369438381246,0.195360536341024,0.854116225202767,0.782210091210156
9527,-0.22430667179227,0.17037759985218,1.01176937260723,0.739636376730215
9528,-0.211074035142068,0.197324486771454,1.03692050522082,0.791467771393969
9529,-0.214606193700905,0.287444216251765,0.7933923926869,0.868695761472921
9530,-0.238886012495273,0.498105731009087,0.740305434904213,0.914380668154751
9531,-0.221949859059499,0.206011895754085,0.776910480647841,0.810697359750851
9532,-0.224653367217656,0.4241711865376,0.724688846190236,0.901170112328612
9533,-0.212466146754212,0.349100802957827,0.775423326373869,0.900434295842044
9534,-0.234351420129307,0.610160169332462,0.823328146508649,0.925583673368264
9535,-0.225061749751752,0.29312863316061,0.683623178370962,0.849760065475704
9536,-0.214256160502829,0.177676602580904,0.738033881673441,0.813185590966389
9537,-0.215372183544124,0.312834544863654,0.774931784592492,0.81580383661231
9538,-0.219428993046221,0.438051668802271,0.861464077569205,0.917069290855316
9539,-0.220421299599014,0.498183569080225,0.972745155478976,0.924869378985091
9540,-0.19697124134222,0.222678513605619,0.902259475315689,0.859835100270783
9541,-0.233842664743078,0.255989660458203,0.860006980092884,0.832700358695973
9542,-0.220968709701532,0.479626755907235,0.781653441471674,0.899698154435311
9543,-0.221571222005391,0.32368243103524,0.768131420261948,0.87086546683101
9544,-0.250782695267091,0.309116094390987,0.665371016020081,0.856717952050154
9545,-0.234962753632862,0.174968931284237,0.863536676841614,0.815179659984923
9546,-0.228446323294517,0.704061927627201,0.714347273473467,0.936050848410467
9547,-0.207662666785448,0.348309959365251,0.947676490902504,0.909963941246425
9548,-0.207854133303892,0.21135659431683,0.946760009798941,0.834728563778036
9549,-0.214406614612662,0.15612935820522,0.733448964685697,0.70273869084751
9550,-0.210022041398846,0.224564952147256,0.7521972604586,0.802988051446644
9551,-0.213032235510993,0.237137724732163,0.85516477229988,0.826358977837004
9552,-0.215362518746632,0.137719623168469,1.07856638085557,0.783505686402758
9553,-0.218216669224713,0.241800844410353,1.06266746142635,0.80014841789918
9554,-0.233976087133671,0.317326928737771,0.884476868039318,0.856313714315386
9555,-0.224928133744928,0.350627965958695,0.689277607489563,0.865889299368861
9556,-0.245695293979692,0.426019602003908,0.968597111960004,0.899794062699491
9557,-0.221541581190466,0.914078106678841,1.08264934546913,0.963564758763215
9558,-0.219816610652657,0.490581392277688,0.877129858284667,0.928755300181945
9559,-0.195607943769505,0.343396081772577,0.980417110836952,0.898631381763205
9560,-0.204662789645649,0.275455929610933,1.14085349598784,0.848734932523088
9561,-0.21505766233741,0.191018016439677,0.755773830300921,0.717413655505351
9562,-0.216325130042658,0.14512284552304,0.868778661821696,0.807032682018784
9563,-0.243141774641111,0.246372583559851,0.764624867001076,0.721670164620403
9564,-0.213603628362217,0.252953684942491,0.992468042983168,0.858668847687789
9565,-0.223713403032391,0.152911845658504,0.817188073125666,0.724910872364153
9566,-0.227915453526501,0.25991365577241,0.885782576740948,0.849766111620541
9567,-0.225881780325776,0.391392910030047,0.859444958265102,0.894692874755839
9568,-0.234552805446565,0.428406020617338,0.850062287211109,0.882811201203603
9569,-0.217221245354249,0.395483456819098,1.02757275661133,0.908297208282797
9570,-0.226419512823917,0.711293888907439,0.910882504380163,0.953034446610895
9571,-0.237500367874154,1.45149465721431,0.887253300667108,0.961303239900264
9572,-0.228611324768805,0.927343782344948,0.79315423236632,0.956803021675986
9573,-0.225530793725275,1.11879601546304,1.05738405496682,0.968653671631408
9574,-0.209755509739296,0.730508204408465,0.908891766226914,0.954773519559956
9575,-0.222987349425836,0.774383483664471,0.867469194793196,0.95791622121932
9576,-0.213411006221994,0.493189388998808,0.726365264482073,0.945155833145278
9577,-0.228233374160029,0.467055321070063,0.888492493789417,0.904313246333746
9578,-0.229529538277469,0.272103812456682,0.808186135128884,0.801565748233107
9579,-0.224942747176855,0.189143616657037,0.986672725078061,0.768350599229811
9580,-0.208182452983131,0.165123522726307,0.924033116069029,0.790447024926773
9581,-0.220945428401843,0.191036356646829,0.866584281798898,0.756476604674773
9582,-0.242707599065011,0.18415729209878,0.814704923771445,0.723929940815756
9583,-0.221201674605761,0.0994090606428691,0.737071715887731,0.522217466918915
9584,-0.220769545879219,0.146845381062271,1.07638244153195,0.722993621132886
9585,-0.212507225110119,0.165464260674836,0.821470612749314,0.738212113857073
9586,-0.236471783993687,0.173468681976091,0.693080118512576,0.709492058835306
9587,-0.206364382195034,0.152535273986367,0.812618044960048,0.619859560716716
9588,-0.195021225059943,0.179777230358852,0.690704965968888,0.730138562204314
9589,-0.230393640127081,0.363106500731244,0.817146600967762,0.856106243130659
9590,-0.229292806918436,0.251131719420823,0.802891686098206,0.820445068140733
9591,-0.217502463832419,0.157281001952527,0.818561135363281,0.82383698204295
9592,-0.213812323769716,0.448829302062699,0.914209461417139,0.88436749412196
9593,-0.232884742332369,0.365103565967526,0.881439410212558,0.876280696009133
9594,-0.220451894355651,0.198452337235872,0.834597718054573,0.76540426002807
9595,-0.217648434173327,0.147832119420898,0.907598867072739,0.7453294507299
9596,-0.208744743805734,0.257325255836102,0.905634269533931,0.836371940343132
9597,-0.224272082222404,0.296696544731741,0.903376498683671,0.870004237520628
9598,-0.225466182396809,0.298001942077464,0.832676900352802,0.861246757676213
9599,-0.215705974261418,0.24807879349969,0.878908965008587,0.84017294731115
9600,-0.224000227196733,0.173103571325876,0.88313027914529,0.735777577385733
9601,-0.22887583060005,0.277263865678807,0.912160125054892,0.79280133080906
9602,-0.220124272481075,0.24358550393954,0.707334178673344,0.787855160153722
9603,-0.222792418796448,0.180075676768947,0.687991811065456,0.791331377876735
9604,-0.233115777076475,0.174973877227233,0.858727062011195,0.759333527489458
9605,-0.211620644083243,0.236953969124132,0.978241650551629,0.818223339140045
9606,-0.224463160405596,0.241984293077602,1.09674371643962,0.784564039085925
9607,-0.212315680388559,0.363733110842402,1.00206078021819,0.8623848974144
9608,-0.228420035608371,0.255700968735973,0.889352809650486,0.836010140072396
9609,-0.236669762493211,0.244628583563223,0.720823587879974,0.789643798881209
9610,-0.232207622740953,0.25250633123809,0.841319226799553,0.824881660288012
9611,-0.220231325419969,0.229576396837328,0.870045560872978,0.837558819338564
9612,-0.221755181693799,0.44119876530067,0.961123761265502,0.897526708131195
9613,-0.210697591983802,0.214103293092722,0.772008743836372,0.812576924341037
9614,-0.22491502187208,0.178489014166563,1.0127337461766,0.757652327702066
9615,-0.208945761093223,0.218148773236788,0.96658187651283,0.756145934680012
9616,-0.206523742896158,0.163753218782261,0.90945077506021,0.791834890504349
9617,-0.20161032085457,0.244460292739207,0.872815648648121,0.841180198710677
9618,-0.206722943564946,0.188502656037721,0.800643421769521,0.757133096639804
9619,-0.238950309447528,0.233525581268141,0.912303315377131,0.784515972471791
9620,-0.226227785476499,0.386024333335322,0.974493188518975,0.89918872860759
9621,-0.244338983209929,0.42090908256487,0.879393342524399,0.894904904294169
9622,-0.225044944817774,0.668923784991681,0.825548137319439,0.926310899129421
9623,-0.224629912484769,0.858201601279454,1.08426362715476,0.94582042052816
9624,-0.201715142591235,0.633460119516837,0.829201196141704,0.938020378967731
9625,-0.220341302529179,0.483096271313675,0.923692524616667,0.943880006945068
9626,-0.221433889749222,0.354430846173301,0.82553867219631,0.894479743772013
9627,-0.221467094840309,0.213975429735885,1.06552663291664,0.799040535961507
9628,-0.215024388696812,0.190087588273883,0.919226193669423,0.752603164738482
9629,-0.21257778428967,0.209723069082004,1.01144277053688,0.809355041848193
9630,-0.230716819555559,0.260730042373517,1.14184164495464,0.834689653017909
9631,-0.216202255703386,0.208077354499148,0.777426327247806,0.783333583152489
9632,-0.216108519689556,0.329726130861764,1.00379861659739,0.8942404972425
9633,-0.230591107801424,0.432234805790131,0.852749411567042,0.86651700680638
9634,-0.2161840112719,0.264009411323925,0.914395318328896,0.874167654600324
9635,-0.207737037501817,0.386053649922998,1.02059878834352,0.867744099642745
9636,-0.229702164400096,0.341359724914989,0.957372358568383,0.871379888351862
9637,-0.218282081439225,0.296170673261791,0.917485866713316,0.863335381176445
9638,-0.2065411255461,0.189369898207795,0.893205164536281,0.785798197640039
9639,-0.223188796190339,0.259021919340916,0.926018410065472,0.759671963732879
9640,-0.238120000089091,0.141529889951869,1.02738571701791,0.719336673393345
9641,-0.200221767984842,0.162999257547962,0.81985997018416,0.775889857181781
9642,-0.221411093729047,0.182603795037483,0.864626495134244,0.731607639253255
9643,-0.226534177765791,0.228792319304872,0.913100380169886,0.740695791189838
9644,-0.225731732898363,0.109581592156832,0.678834388669954,0.683824481371698
9645,-0.22506211414963,0.166331131395241,0.709134618054479,0.645772945957407
9646,-0.225007138176394,0.291855205153449,0.918763465482873,0.823323313764423
9647,-0.19811006638922,0.344958730482133,0.90523774192468,0.901951294310739
9648,-0.234716671430631,0.221261190637494,0.824252202052227,0.774056422091219
9649,-0.220679321572095,0.228790184352136,0.907416008500364,0.788981631436217
9650,-0.19597772675181,0.310714645125612,0.89930553621881,0.848313779341945
9651,-0.218279146650698,0.21994607774019,1.07165593268403,0.82108576656276
9652,-0.231923185257113,0.180671749411954,1.01999292378938,0.787753235040918
9653,-0.228307201675062,0.206055347299316,0.884195771604576,0.829690585023291
9654,-0.221684411242921,0.142316027826893,0.6855476183233,0.680868444649937
9655,-0.220389053847167,0.182141446391356,0.845709938580951,0.748618697448467
9656,-0.229944791237123,0.295779487283887,0.792088905348844,0.821094376380749
9657,-0.230083990903123,0.172195648077311,0.978717552344055,0.774752873769698
9658,-0.200889302829192,0.18297890192708,0.774675432105075,0.761682224500298
9659,-0.233439180469364,0.277260864673713,0.918280598844045,0.803708165137554
9660,-0.199753336923775,0.36645492859518,0.916980525015448,0.907422603576678
9661,-0.238008567889364,0.430952373600281,1.13527590058798,0.869055672970943
9662,-0.215366682433152,0.254951624698025,0.838397807283407,0.767071075138553
9663,-0.230031956562666,0.241440785315088,0.771419003301313,0.844104176140113
9664,-0.227644198141925,0.376570251362154,0.953481329917274,0.907814522834608
9665,-0.216935154722573,0.290284839391503,0.856808247694999,0.847763248751984
9666,-0.235224935253125,0.232611185296279,0.945256464706495,0.851394650233474
9667,-0.229101446246093,0.180237711310622,0.776497067966636,0.829631046202957
9668,-0.237615257885252,0.212891897193256,1.02166978150982,0.775864038181894
9669,-0.21170936067823,0.23100047718979,1.0576987641331,0.829373919787783
9670,-0.214387514524657,0.232160267856978,0.891561979958828,0.810202901794481
9671,-0.207327326052571,0.234784255053206,0.870830013997131,0.841337205328098
9672,-0.242749957789753,0.269391109320434,0.728146906637914,0.85972615108767
9673,-0.204255815060083,0.471223201694535,0.705724362728286,0.917867261487792
9674,-0.226906919856673,0.757832479429236,0.952922022302799,0.940156906438884
9675,-0.218697194277861,0.619478189029465,0.998191848702573,0.940218081675472
9676,-0.223114196876993,0.412303707338115,0.791399818578737,0.912464045340937
9677,-0.228454948331547,0.187384582424443,0.885005738340803,0.846427489396157
9678,-0.225084933167775,0.23158782310747,0.910893705493126,0.874731023458502
9679,-0.214990723135354,0.3377146797516,0.884523494655293,0.87226149610168
9680,-0.218261793814429,0.298051502136867,0.863896282530633,0.881892273478495
9681,-0.217502329325339,0.34330546993295,0.897320642088546,0.893694460365765
9682,-0.196264573460204,0.180439189668823,0.805695221224009,0.739753671182359
9683,-0.224203337580796,0.174296792214676,0.874494476430149,0.747233587132565
9684,-0.208448671632356,0.203541654995059,0.819360763663871,0.82396299262514
9685,-0.231758353104562,0.167637323507238,0.851865628042293,0.700748262642965
9686,-0.192137446356573,0.203260998959375,0.7122939283629,0.794846988536493
9687,-0.215062746631213,0.164924188294442,0.981609678838462,0.723988013795116
9688,-0.237640931139792,0.291748100204296,0.771240222605332,0.779857606936359
9689,-0.230963192896211,0.247018144795708,1.03790009565883,0.837437328958474
9690,-0.229030187877677,0.228036133318816,0.970623814395414,0.818951955877619
9691,-0.213714931891448,0.305221541332948,0.860044927217878,0.897943902640661
9692,-0.213181627127254,0.668392899193706,1.13716325291158,0.943685263922893
9693,-0.241790797209648,0.351049759989191,0.903500742447483,0.891422949044552
9694,-0.217422675256104,0.529212270328756,0.846309335316051,0.93553439916612
9695,-0.223210630811495,0.736626426210733,1.02956078265192,0.949981759481097
9696,-0.235406741363787,0.541519915657174,0.829309960185454,0.919249149965085
9697,-0.227394691946647,0.254474758533439,1.01145771027573,0.823646487516885
9698,-0.211009885786271,0.107379124568402,0.915478386930633,0.68003057655842
9699,-0.211948107984085,0.416211761685679,0.878531847665555,0.878121982783857
9700,-0.219122347707848,0.178587571332324,0.760712902659477,0.792086451748143
9701,-0.22631195541866,0.235338446589434,0.777045571586867,0.841691867631254
9702,-0.239315778900398,0.392351693148963,0.753636231401041,0.872541451189831
9703,-0.245404100285258,0.277461831110384,0.859445021851377,0.82413645302763
9704,-0.237512899373674,0.538476477877737,0.714549993770143,0.910618136705007
9705,-0.225483785212098,0.355985075942886,0.909476273588719,0.885614418290724
9706,-0.202870480557291,0.698357628689403,1.04267812696693,0.934842820841867
9707,-0.214457799601337,0.261633722595056,0.959792406060454,0.840103951848837
9708,-0.243899270110433,0.212582889145959,0.961985446192474,0.787504221618996
9709,-0.214743841264226,0.274800938413205,0.881846473085148,0.866462301305981
9710,-0.218328102671259,0.327915829973038,0.773312951462197,0.875223326885947
9711,-0.211160816320755,0.447955859535154,0.90491535474114,0.906955590381882
9712,-0.210116307231019,0.313684218603701,0.843915453249432,0.902380593786826
9713,-0.215000321664767,0.222435374074324,0.794259597117889,0.830410639079877
9714,-0.217541085835407,0.190079608014956,0.907667635888496,0.750884042921667
9715,-0.216383258967856,0.165330398993842,0.788399639913939,0.707421699330839
9716,-0.223900120747744,0.128575971847307,0.785656643293865,0.697308991058988
9717,-0.223727601794357,0.169254027982185,0.912806321289698,0.755952274223964
9718,-0.212066740965494,0.187312286904573,0.736730836395939,0.779721802487142
9719,-0.1969390953142,0.199870955372931,0.989142860872342,0.801803741738341
9720,-0.215352392973439,0.116572398197207,0.893926950086673,0.681297353627702
9721,-0.23226913438071,0.203421964037294,1.04046074409419,0.792448301828551
9722,-0.204470849838656,0.1750848552083,0.920975860434414,0.822244454191501
9723,-0.215477681946516,0.476167616437844,0.670351804668548,0.905222593116815
9724,-0.19933997480846,0.316735640441203,0.879300205455219,0.892812513240173
9725,-0.210234926188231,0.395600188899116,0.988776942547169,0.889977886665718
9726,-0.237894347011028,0.225189080351372,0.975164930425466,0.813276275545361
9727,-0.214657344235967,0.250627175346231,1.01374953317493,0.830333429649117
9728,-0.235439662458218,0.220592561339135,0.818409354543927,0.798315363602477
9729,-0.250437470319408,0.228019873468892,0.9459959375912,0.783319228371759
9730,-0.207249159684912,0.30671066909535,1.03897938590019,0.865805777857039
9731,-0.212087461403126,0.212726651605677,0.816534734355011,0.819284966847292
9732,-0.207321451792642,0.131108378285965,0.850255206163987,0.748163022145932
9733,-0.216242944687235,0.298735357235992,0.897039238538987,0.831379223456786
9734,-0.212751653196491,0.392829836070229,0.787300238942403,0.904246374183089
9735,-0.213164560593062,0.337197752361233,0.895966200209846,0.890867359052009
9736,-0.21720039174987,0.265094253240947,0.845887666057077,0.865937319835054
9737,-0.227344586115868,0.467336614124535,0.913378394629045,0.922402941408153
9738,-0.20937492612641,0.356963001361727,0.905955187245969,0.88819199438414
9739,-0.223996791698636,0.595636479053412,0.850412121506201,0.93560129724387
9740,-0.21795911343937,0.850685104259096,0.82981984081933,0.930911525708227
9741,-0.237601752334915,0.739791221206839,0.866513440529553,0.945994250970781
9742,-0.205176895056711,0.564598443710117,0.884561447143648,0.942512263738761
9743,-0.209312669221667,0.959322965888718,0.905944697295147,0.94503853729174
9744,-0.225608657777573,1.30628163670597,0.893849178501572,0.972679788149168
9745,-0.216160129335602,1.40600562380527,0.944475003834031,0.966210810096931
9746,-0.204345712769852,0.580846320811706,0.83256236302244,0.933658803861304
9747,-0.209989153470291,0.460603914419422,0.921889758577302,0.919728540485052
9748,-0.224122750887235,0.583144458432893,1.03393792359296,0.931917882192359
9749,-0.21205376663839,0.731280246034707,0.893841949903402,0.935150377917953
9750,-0.212333709277634,0.286605015257117,1.06377425287652,0.84944376750454
9751,-0.22817998230306,0.261736748957117,0.701311149641272,0.867509743553686
9752,-0.195967842727626,0.322258850996924,0.895205524698562,0.872428978770698
9753,-0.227687735624337,0.414782426515226,0.723911996117229,0.889631476518585
9754,-0.221877555198181,0.210306031360039,0.71674175199737,0.848866711318699
9755,-0.214000434348912,0.535146983444183,0.85672925516223,0.929338611832833
9756,-0.226582260715664,0.615260512467434,0.820198843687773,0.894706361387653
9757,-0.217466525768912,0.567569051207389,0.957136137697483,0.927842668770143
9758,-0.212250180168781,0.566423668049557,0.986347675202932,0.905342842162748
9759,-0.222928668506498,0.675297549832341,0.979487884480401,0.943109179013288
9760,-0.241511825375374,0.734675383909008,0.89281314297174,0.942253195502354
9761,-0.236521246791749,0.584191365267799,0.800555882999065,0.923090640170208
9762,-0.222021051116367,0.245130158049251,0.741442584304901,0.801875253775622
9763,-0.238789357933058,0.255382646445158,0.703504700110911,0.826038148574327
9764,-0.218019885124376,0.275439079268436,0.882829937773363,0.847547092378245
9765,-0.2288141358301,0.250023300611662,0.723262566482602,0.858149444263289
9766,-0.221288474839062,0.195212619832957,0.705768873074836,0.844086165817842
9767,-0.216581003088799,0.262590363361933,0.874527207427068,0.826309438279805
9768,-0.209397980809514,0.268090045972586,0.802649186677926,0.853074226135138
9769,-0.237605389862115,0.467221942793286,0.88775618520641,0.901639197841765
9770,-0.212684764461586,0.378120457922816,1.14123427162585,0.878889557774721
9771,-0.203580309224101,0.249321380922048,0.84870948418851,0.841186950492934
9772,-0.22587039972821,0.186272423669551,0.838533717078941,0.756100727834881
9773,-0.225155154653919,0.288978000036144,0.794345948615624,0.868988511086872
9774,-0.227575546127129,0.31569940576633,1.07703636771564,0.865027478470616
9775,-0.190411676194306,0.156024433944862,1.06188113932785,0.744336392257374
9776,-0.227624108276934,0.245013253766862,0.886570466788532,0.833209545329389
9777,-0.23318920588278,0.247147981584095,0.863982128291485,0.816117925481195
9778,-0.224772292603933,0.200748081172347,0.643207502098822,0.776377715692475
9779,-0.2187950828928,0.205822993714442,1.00465404770403,0.807455639032209
9780,-0.22314890047387,0.278383724635176,1.06496002677123,0.819559384844036
9781,-0.22870269843137,0.141329245345947,0.850319220982094,0.666293685496451
9782,-0.23104245477184,0.196600791356965,0.866575657602905,0.754983844519664
9783,-0.216256885069608,0.198039845207411,0.945882775561392,0.812637098510524
9784,-0.197763281660946,0.152508597159987,0.851470589459902,0.792002081478661
9785,-0.208883903337916,0.174205151391869,0.961632016255316,0.815129439659896
9786,-0.23053521262313,0.466929609011059,0.777619256991842,0.89316108089309
9787,-0.196720135345095,0.441233909908434,0.708666931273319,0.90434121786163
9788,-0.215622942198669,0.398840798234957,0.795640717537597,0.908258240633527
9789,-0.22632183942162,0.38524196385861,0.849118263856226,0.896625629434789
9790,-0.209314672601419,0.242436704907702,0.883931714921716,0.792029280509271
9791,-0.231226261802477,0.174034284259385,0.792639218034355,0.732614812158008
9792,-0.223717154810456,0.211909373220786,1.01639638520616,0.847571594192891
9793,-0.201731305216688,0.31616258112075,1.06049852769715,0.874699661168853
9794,-0.236973017006705,0.422139649730307,0.903137779400627,0.909030659993766
9795,-0.223206609373816,0.296411615566337,1.11320490551493,0.883599826722317
9796,-0.227451321190849,0.277696225289557,0.854931345815998,0.837226234299795
9797,-0.250461492216265,0.273818464653521,0.918810706589136,0.845490169582348
9798,-0.217634001238623,0.155748759169718,0.922949723585977,0.700230171371549
9799,-0.218673587843512,0.193133146832661,1.09657344883625,0.71701704637998
9800,-0.218066118873674,0.121411916137226,0.922155911308492,0.681095175527723
9801,-0.207420469694578,0.171136364033033,0.917729389259076,0.757736486707215
9802,-0.213612827108632,0.196810599878631,0.815915516592598,0.723834721933006
9803,-0.211650986642443,0.353789441376662,0.92254996741135,0.825073582314343
9804,-0.222958664233086,0.242193012219833,1.08291696439047,0.83853626348954
9805,-0.229135366124456,0.2712995571966,0.847889025534449,0.842340320294125
9806,-0.228077223490943,0.172758719982903,0.722058359255068,0.768638515544146
9807,-0.223398091932923,0.175041902776887,0.766535518735034,0.737786174873118
9808,-0.228161376337568,0.229686729538938,0.82075516318245,0.837100834428727
9809,-0.219372144815254,0.24018891150826,0.925551647381344,0.872309477924364
9810,-0.204262326369482,0.308366867892232,0.932115264580626,0.901467042777195
9811,-0.212025167841855,0.307531777964765,0.883882375470311,0.878807855784751
9812,-0.216589088238448,0.295835675890333,0.86694575424261,0.885390486767674
9813,-0.229460725647984,0.333612415761046,0.809011800757905,0.864426324250763
9814,-0.203706026459936,0.343170856891686,0.918337476638049,0.867719480665093
9815,-0.208545421078621,0.203328136390718,0.812386436936492,0.818746924509945
9816,-0.21658129389391,0.885458060549907,0.809761117447825,0.943018896631293
9817,-0.212721287636287,0.602941736147458,0.992806222228316,0.918721342198362
9818,-0.233446734061707,0.205835868880983,0.854455219427505,0.828007770528617
9819,-0.217740586014836,0.166952628192373,0.860995162636914,0.724758715264177
9820,-0.224736590263847,0.117709971430961,0.727365794748727,0.625144787079656
9821,-0.210331448053396,0.241163010357436,0.768682460298577,0.745750596469748
9822,-0.205575208973703,0.210203270112553,0.898274095496068,0.830693373497858
9823,-0.220536209715379,0.188122033528381,0.697939096230796,0.731700519112916
9824,-0.210052352707473,0.181719461372232,0.706933435507654,0.687061283926175
9825,-0.218129212105265,0.170697134449863,0.713034422280672,0.761333496778337
9826,-0.220992336451272,0.172565453918327,0.971108969377032,0.637920396497803
9827,-0.214272160594829,0.217242822143277,0.974409095254271,0.810388664437424
9828,-0.206813854999672,0.150486844335614,0.949326019198706,0.69862485442815
9829,-0.210547633209754,0.137044449962647,1.05188967279042,0.703694047369333
9830,-0.222826606353947,0.176853342794199,0.844507461442668,0.736055019262065
9831,-0.199025035293677,0.203411962155298,0.890614651585801,0.823600062852609
9832,-0.223974709799084,0.39555426888271,0.920450522068674,0.919370745009928
9833,-0.225582385133368,0.461466567060216,0.940688345534622,0.904438310569568
9834,-0.221273606125875,0.644911514955172,1.04527590105486,0.929861434137966
9835,-0.203632207422334,1.13623878307038,0.875378425608056,0.960736527221374
9836,-0.212838269438245,0.349251503007025,0.785264604215033,0.888884332008609
9837,-0.226391984234431,0.216106914195862,0.840661738664643,0.84085216495323
9838,-0.20327845039221,0.263504179489835,0.728747197138749,0.873921632053815
9839,-0.218502378532225,0.295788120705987,0.817330179090655,0.872343609562156
9840,-0.215560007721167,0.203901946461949,0.914341853257123,0.844710357544057
9841,-0.225834087526403,0.129937581927964,1.07481006562058,0.742428299725126
9842,-0.207736897146614,0.144563580034614,0.92211822351969,0.742429752112728
9843,-0.223246786406439,0.218601646008861,0.792067121126423,0.774272906884794
9844,-0.226097306258836,0.165698574182402,0.887280288403943,0.768667400068501
9845,-0.214621516146748,0.189148898087247,0.703055325281075,0.806660220083898
9846,-0.22903085439529,0.168533352314735,0.764994117602764,0.746278540393486
9847,-0.2096435231389,0.177241525765894,1.07654663999088,0.738187529618125
9848,-0.215017097600532,0.466245202194817,0.861897022081191,0.914880321965413
9849,-0.214005670661041,0.328498861652489,0.861638642976112,0.892161490976443
9850,-0.215175822609396,0.395038367072391,0.72700762854941,0.868149604297405
9851,-0.213223211269914,0.381688757297552,0.802003461458748,0.894010211502229
9852,-0.205916827851348,0.246932869192394,0.823440391190954,0.803221667826584
9853,-0.22348114615587,0.205689650782294,1.03349482301015,0.778080845249064
9854,-0.228190283074833,0.17826944974891,0.866700066736447,0.754216462873584
9855,-0.230939117324724,0.251581796317431,0.869918551367693,0.821003610095853
9856,-0.225488354178121,0.542439266132603,0.945949872744093,0.904735002434149
9857,-0.210529968261958,0.245984681243962,0.996853811432077,0.863611566557764
9858,-0.218058395146023,0.186544769891084,0.717438215898908,0.702290651842328
9859,-0.227328939156887,0.139168127204786,0.887261152657241,0.676153678137978
9860,-0.199124850962232,0.0794759476248023,0.796434122442301,0.612948255356961
9861,-0.221922339770874,0.134607202606437,0.676791230874016,0.66687231237328
9862,-0.22717974022335,0.167431891830452,0.84853459011998,0.723892744861767
9863,-0.220578122771414,0.242368223643532,1.04902879389058,0.845783630342025
9864,-0.209201057472127,0.247577887452228,0.803515868226973,0.843456292759618
9865,-0.23852457729815,0.413987305289044,0.726585602065362,0.893796587743657
9866,-0.229470277438741,0.288403299572898,0.850939430145394,0.888570838529144
9867,-0.23759748912048,0.149142707928845,1.02219504791579,0.747559181127546
9868,-0.226436998435506,0.235913991534136,0.834321550871928,0.778635735710559
9869,-0.231932762767308,0.176606787049928,0.902093462986198,0.77449220347792
9870,-0.214244633659526,0.218751929070502,0.850536729608537,0.759545270714582
9871,-0.204831821080199,0.207561563932461,0.965746490849934,0.774844120660071
9872,-0.207183833573527,0.638103269534755,0.78089496571978,0.901622698002004
9873,-0.221110427079998,0.475040668093686,0.896978136289284,0.907334019030717
9874,-0.2274504525382,0.280487012337376,0.821984414356213,0.862653725481704
9875,-0.21674923668078,0.344520498886827,0.961206798028475,0.864609540212012
9876,-0.229499383802554,0.262819797411565,0.947801642751538,0.822520849941606
9877,-0.215950541529307,0.252746990478855,1.06806193800282,0.843990939497843
9878,-0.207864577295023,0.320290509721656,0.787636653982608,0.870672430025271
9879,-0.220807343134579,0.318459512167591,1.06245650373217,0.858030606646004
9880,-0.206184386909889,0.318472610952136,1.08139044981205,0.870910964257765
9881,-0.219810280564973,0.29863680754585,0.911181112285245,0.797933508715261
9882,-0.22638008427225,0.290138387897794,0.892439087323253,0.814885889580911
9883,-0.221492751961644,0.221554426068423,0.891845735009988,0.763789312153173
9884,-0.23727776148391,0.211679307746778,0.927747942200554,0.797952849441048
9885,-0.240408325749756,0.239394482261181,0.816415065761585,0.754006688481807
9886,-0.224019034469525,0.329839195442821,0.861859481459036,0.868030947795445
9887,-0.206713130004564,0.278677293631008,0.750380239511222,0.869222970593614
9888,-0.211525690064254,0.493129235521784,0.7792009330051,0.928210242331165
9889,-0.19590134855493,0.519433003733264,0.865003645688097,0.924175369765302
9890,-0.229882081991859,0.375054180913135,0.891838484121655,0.924965656285116
9891,-0.218172681392841,0.552460673544988,0.914770266639758,0.916177249406712
9892,-0.205977523381395,0.77684399432388,0.842018623704975,0.951026522401724
9893,-0.230171356031837,0.792467288367355,0.884808365379237,0.94934245749978
9894,-0.226236068491432,1.16497213187059,0.915458650853441,0.964846358204842
9895,-0.214206041015725,0.768599385258944,0.897502069025426,0.940440063873067
9896,-0.214034360450729,0.710137571586817,0.865282623484838,0.94326674164357
9897,-0.223764850714722,0.801003605158855,0.943633454996836,0.943883192086885
9898,-0.21760423499423,0.659606432331657,1.00893672011583,0.949775977698543
9899,-0.228458711408949,0.855339648448491,0.794491416679302,0.952922525426075
9900,-0.224828335363444,0.886391950184782,0.857252767721079,0.955087696800257
9901,-0.243196800809014,0.838736933798405,0.884424808883357,0.950067731534154
9902,-0.221310537787569,0.48209588980979,0.893700571881973,0.903534347520206
9903,-0.229046165238971,0.601411512771402,0.98797001535987,0.949983348812079
9904,-0.222896156398543,0.799953567968261,0.760296189185497,0.961548919062272
9905,-0.227657528104881,1.39728771710226,0.911863469793408,0.977419982380266
9906,-0.231890643663767,2.24732237631295,0.903639552032268,0.981487011832707
9907,-0.220577503706047,2.47405201187508,0.871914623977459,0.981560421000411
9908,-0.198196484767452,2.6405685700209,0.861622322815895,0.980758670470782
9909,-0.204884965210089,1.17816660331272,0.967509008848437,0.969486970260711
9910,-0.216367024481881,1.46180034359931,0.845837427626411,0.967631563399208
9911,-0.232547698500292,1.83609981217839,1.04713891509905,0.974302254484224
9912,-0.224799371709873,0.709855244236486,1.04375348105531,0.949379290583471
9913,-0.234032523073907,1.13837416011862,0.922660460183277,0.96380879877401
9914,-0.22515531922147,0.827018554660566,0.974141184266715,0.950266956103967
9915,-0.224443618273826,0.743965296515758,0.814277997467808,0.948669710653018
9916,-0.241122298712102,1.09375493661627,0.893827033215766,0.978252155881056
9917,-0.222224734985987,1.1746280249309,0.72043328253357,0.963514187907769
9918,-0.226189234496709,1.89615797615436,0.819361674504493,0.974655496912961
9919,-0.204973023122732,1.74439939781425,0.762148866658996,0.96900040579916
9920,-0.236123494478713,1.83815168756849,0.986358695490812,0.974279762020748
9921,-0.21045080380827,0.883959120349158,0.892389794834671,0.956719049428438
9922,-0.219261138969785,1.01374485344228,0.910047635639736,0.956888103117617
9923,-0.204786116047431,0.399083494910964,0.880984463656539,0.906190753719576
9924,-0.239217471070662,0.396793727042997,0.750662243833102,0.861176578408598
9925,-0.218720895791275,0.298237271631956,0.698194599814254,0.791236718947841
9926,-0.215032551397487,0.134983174981306,0.747258494408288,0.66813715012061
9927,-0.21674489232734,0.100839597430051,0.805478988558755,0.548383766600234
9928,-0.20658151157213,0.173560895163425,0.836411142450051,0.714885341449078
9929,-0.213462463381072,0.161089559133074,0.887045220632403,0.686831092248285
9930,-0.197272431457201,0.166861207741919,0.862437132848876,0.748657031416383
9931,-0.216672015987303,0.134694342115166,0.791533061471644,0.723609884512385
9932,-0.202527975710701,0.286858684182332,0.853658721456158,0.819462733102066
9933,-0.224763007105187,0.180041748985841,0.879682893497967,0.762819296464391
9934,-0.214310570221896,0.148294553280307,0.753766982173869,0.711944900920586
9935,-0.22845035726709,0.222082944483689,0.841793340683453,0.813612761450845
9936,-0.215360499967612,0.2506131967447,0.697118298908515,0.829749269009552
9937,-0.20253429316499,0.179529572184788,0.787354084149261,0.619161223710323
9938,-0.210833447182562,0.390909494363423,0.862248549461765,0.864258217706012
9939,-0.231712052684251,0.230965328121092,0.811247370758283,0.849737615994219
9940,-0.211558037499811,0.261201482493013,0.811641438640869,0.876158120384208
9941,-0.227224528754452,0.244802237903752,0.830775188388352,0.828084858070731
9942,-0.215412667300394,0.235652388267397,0.75682939751686,0.841125034354228
9943,-0.232254413936713,0.247086997891872,0.919575449301742,0.853990666111933
9944,-0.208387463683778,0.406914789970303,0.931965829493148,0.913794142009357
9945,-0.215012568141909,0.204524838118851,0.846639404957534,0.804656970635899
9946,-0.205316570819253,0.198634404426546,0.849222160729016,0.781721450010916
9947,-0.215740329472472,0.201751686336095,0.896850682610527,0.769727748037045
9948,-0.219030118190596,0.154402377671532,1.00025909991448,0.793602337937938
9949,-0.209986439368945,0.18883004386826,0.961579738015631,0.818683435540115
9950,-0.229190204797745,0.33173805492991,0.943114715135945,0.864017352720193
9951,-0.224345141163661,0.318154256927592,0.93752248853285,0.880326732199977
9952,-0.225772345181565,0.28845631299851,0.850479086839437,0.893342098282865
9953,-0.218095515397764,0.569438830461196,0.898574713579712,0.925587654280358
9954,-0.219113454889671,0.405877565740328,0.847816517568349,0.918212163334403
9955,-0.216891259354146,0.711164462590046,0.807287006742058,0.942599867833831
9956,-0.199262372372037,0.812394138317465,0.878328044890491,0.935628477097694
9957,-0.240218544721644,0.463492837298463,0.89101355313469,0.927238274428356
9958,-0.220384558739442,0.366834051554879,0.8970729146325,0.895671375115292
9959,-0.209026968872761,0.528873476734916,0.911677680338505,0.930913275164486
9960,-0.225587572160263,1.21224957215445,0.816406852212442,0.960430267681377
9961,-0.221366373282807,1.17769644647653,1.01059727559835,0.962568534816609
9962,-0.228348483373655,0.315641492228107,0.859247857841337,0.921924287289376
9963,-0.213427797951059,0.417212390870997,1.02298072031947,0.904999730338074
9964,-0.237535216735512,0.480610789407745,0.848601110129981,0.907451217903061
9965,-0.22934401417002,0.198305077370756,0.94071626555815,0.804454665864175
9966,-0.220545573382478,0.114222970782702,0.688152384407237,0.751190137971545
9967,-0.197746480583972,0.153477561564883,0.853739265330815,0.641634252850862
9968,-0.228688870529666,0.183729005186327,0.91487070631225,0.716593097314877
9969,-0.223960059761955,0.164108519092447,0.889863801144456,0.720543288337437
9970,-0.220000983600452,0.191957535028298,0.82894723653804,0.731633631617839
9971,-0.207208308499622,0.411619823575155,0.82935502272556,0.880633235778176
9972,-0.225891645825729,0.270407954955937,0.896805079878487,0.843146511114405
9973,-0.235107085433645,0.624376929462129,1.0491929718211,0.926149353023339
9974,-0.221363081199835,0.34761091857925,1.02236042141111,0.89723550058109
9975,-0.22114301467791,0.178866337959003,1.0777746301572,0.763030238344673
9976,-0.217375159458163,0.144166824267958,0.81366671589821,0.717156045997567
9977,-0.210395221230577,0.144590390057623,0.851811565918854,0.775378892031292
9978,-0.215447296923269,0.168291328108501,0.974233480254466,0.793901734213818
9979,-0.236059210854916,0.151160792304564,0.757639409837162,0.68543479363604
9980,-0.217181562747355,0.22968418325736,0.781840402149664,0.801806040583631
9981,-0.206636354464019,0.158222425000196,0.943220535070659,0.792061924741239
9982,-0.225264683643967,0.245808207632252,0.807905178427931,0.7569106007649
9983,-0.237828398817741,0.288340177409045,0.737678179687868,0.820079176068443
9984,-0.199577706166487,0.245007132954735,0.897061659079178,0.848069161481945
9985,-0.204355545293619,0.150748668362177,0.82226393002657,0.782811489015427
9986,-0.204778793026424,0.232444628814087,0.879911046427191,0.782712380305586
9987,-0.206425846791127,0.369146283542792,0.892288628894111,0.863705411364879
9988,-0.22669498548427,0.332601940249327,0.836709359935154,0.86105157269938
9989,-0.225169697394274,0.492906447671487,0.88870200716799,0.917332308127052
9990,-0.205350100393874,0.486729005100174,0.921576023023375,0.932235027422601
9991,-0.227663436983236,0.943343717018583,0.842666575594854,0.965116959335425
9992,-0.217994853009191,0.96506115578441,0.828255996946428,0.962153774699638
9993,-0.205581141974619,1.62744078477042,0.901310205496947,0.973001695878674
9994,-0.197791435746487,1.5677215470612,0.742557229841453,0.974027412862135
9995,-0.227422954047656,1.88357183699474,0.753687927089361,0.974947641008577
9996,-0.212836700423683,1.03209614236715,0.875931369216723,0.964656056749746
9997,-0.215902818401828,1.00142089610529,0.806849154864978,0.951918559341457
9998,-0.208630415358376,0.394099788658354,0.903798629432068,0.90326443855435
9999,-0.20762077438446,0.755942580952185,0.861207090022308,0.959262912612759
10000,-0.218636909420472,0.752684263098693,1.04312790159292,0.957492327845397
