"parameter","median","lower_95","upper_95"
"beta_0",-0.219862412916924,-0.241336089627907,-0.199207795451598
"sigma2_w",0.208623392031089,0.103518655246409,0.80074534847538
"eta",0.672415544212796,0.560711816690561,0.687778083272699
"rho",0.759566328643188,0.513418393165181,0.938120087472557
