"draw","beta_0","alpha","tau2"
1,0.0199409647664298,0.392436541489024,0.0197899584149183
2,0.0213330951272429,0.393942764873359,0.0133854020392383
3,0.0193562721516727,0.390238667704324,0.013299072530617
4,0.0157374858857312,0.387531669267094,0.0149608224511899
5,0.0158632821857425,0.37387301782565,0.0148623059454793
6,0.0188672044177297,0.41091623745483,0.0107320583506047
7,0.0176991638485865,0.432293152340576,0.011632029048368
8,0.0211698266054097,0.389246447619668,0.0172051948077093
9,0.0236425170746923,0.373014402903066,0.0141091322683213
10,0.0102156320030219,0.39872905499207,0.0133227878268215
11,0.0232404415650222,0.399613634834668,0.0130258785422524
12,0.0199640290811185,0.41406081701509,0.0124169834609568
13,0.0159200948059937,0.398041556378275,0.0132838519678066
14,0.0197571627366624,0.446742890035215,0.0162391317880587
15,0.0204082353997952,0.396209844765439,0.018598015640036
16,0.0160048792430596,0.37842881723022,0.0144287068085815
17,0.0130407466892594,0.395943110932014,0.0177978876584939
18,0.0168480688385632,0.385719504883786,0.0145327287158181
19,0.0104717111389422,0.441404011919606,0.0157129974298926
20,0.0155363850899616,0.398608137292286,0.0126976144351744
21,0.0179980403200902,0.374862035059954,0.0105410427429032
22,0.0184699864190536,0.39025577365528,0.0138872131458892
23,0.0181897351931524,0.399197380835624,0.0107911961920185
24,0.0168880587432571,0.397671807799589,0.0117923448719211
25,0.0229162651476008,0.432584480388031,0.0174215729813571
26,0.0176489292052517,0.370092591903426,0.0158100721768875
27,0.0187840889534009,0.396549821079891,0.0155698747371181
28,0.0130041641377189,0.393334182351448,0.0164499984356056
29,0.00942856617774983,0.442463261182914,0.0134930954130505
30,0.0204092355447928,0.397119074722874,0.0134734415149697
31,0.0188232866106945,0.3838608241922,0.0123194791774687
32,0.0200976476524781,0.37300530021731,0.0109073878085966
33,0.0125972366529118,0.444887487809738,0.0143730995477347
34,0.0264052782972508,0.443001520549382,0.0127176166812487
35,0.0192188306094444,0.395524955869259,0.0137327978517895
36,0.020252273336749,0.278696582175785,0.0178455773745166
37,0.0180207573213875,0.272776942447323,0.022316294499803
38,0.0205570314209661,0.282932643190001,0.0169858720920376
39,0.018900461255853,0.30254125549497,0.0173911090539929
40,0.0179896523099317,0.284858633479723,0.0198290106840437
41,0.018274932219088,0.300857262999224,0.0187567991992029
42,0.0205400236509178,0.390553032919,0.0177627663978933
43,0.0150015085869842,0.412423710623301,0.0141596996017369
44,0.0162548473356924,0.396388825833704,0.0132787415485819
45,0.0253434241354716,0.396514177268794,0.0118952837259723
46,0.0183499322919381,0.37603289636324,0.0166674878744219
47,0.0196004492458812,0.37772823869994,0.0114127596121343
48,0.0157736134353213,0.390143898829327,0.0159149375291373
49,0.0226966933089218,0.39641417091338,0.0155970457586406
50,0.0223964429399978,0.386502094808522,0.0156799714069271
51,0.0182793702218981,0.395772493106361,0.0131969413900791
52,0.028174897839424,0.39030517453807,0.0130086003278068
53,0.0173715118525718,0.38725290836432,0.0154838160527318
54,0.0239875920628941,0.411401599769981,0.0158992507493807
55,0.011053538128542,0.393363807866643,0.0163589736976105
56,0.015519033024475,0.394151316699312,0.0112910049453431
57,0.0206659336251655,0.399610209019502,0.00910845475939732
58,0.0209845257918391,0.375579523417229,0.0125142454179149
59,0.0184317425951097,0.381483632073232,0.0164212972948576
60,0.0244236496649978,0.399125837529534,0.0123162378262416
61,0.0203663943332941,0.416664082478757,0.0121989842703751
62,0.0150588492485471,0.327296281230198,0.0194358043115204
63,0.0222079681445106,0.374319287301183,0.0160550628751687
64,0.0234709685305817,0.391742043784243,0.0194386680266051
65,0.0213727533753985,0.396037552612353,0.0155656680929538
66,0.0173345964813652,0.392865920089418,0.0135683194783761
67,0.028433420353797,0.443532783224733,0.0130584909320194
68,0.023389856530148,0.445462709898608,0.0114776191736505
69,0.0129830613322481,0.418202624980711,0.00941687500384755
70,0.013238294588184,0.436827402711291,0.0138972389235384
71,0.020001013677349,0.433976982063596,0.0144506189872705
72,0.0201497540896187,0.391331663473118,0.0120308964890333
73,0.0197764176088589,0.396456511404154,0.0147251267108982
74,0.0182994827373818,0.393417275755281,0.0126411534679422
75,0.0167092730990172,0.376345173208691,0.0156336017864654
76,0.0250741204751448,0.3811448138042,0.01640775187333
77,0.0209376081273437,0.39874657342321,0.0148968264507886
78,0.0145219635075319,0.393634154244762,0.0110319634702923
79,0.0260533714950253,0.397880054199265,0.0139955130292846
80,0.0123121207852444,0.374140508899458,0.0147038440252044
81,0.0212288145642671,0.430766521295954,0.0143149119766783
82,0.0286269892704993,0.450097050528489,0.0146022762634454
83,0.0171001295650738,0.433292397801449,0.010341131656068
84,0.0196053455307845,0.371937421657167,0.0174955372202132
85,0.0231271610212866,0.379354865887724,0.0117480807892628
86,0.0273533821177959,0.396864421050393,0.0111117157082487
87,0.028213607648553,0.370919942101894,0.0132391770503846
88,0.0202410092596016,0.380610254786022,0.0129272644141987
89,0.0130439954066151,0.410699414396707,0.00934383403288739
90,0.0176499054525713,0.393151156826631,0.0131070257334489
91,0.0236417276438143,0.374103847303157,0.0135417597509087
92,0.0150750815060371,0.438708448046711,0.0157469894430613
93,0.0197498535335441,0.388714657937762,0.0164118257970461
94,0.0191310197228682,0.442455295356235,0.0129814871727199
95,0.0197007968724077,0.449750690316127,0.0121466605452686
96,0.0213151889113762,0.447265881876136,0.0143463227157011
97,0.0112465067158843,0.405177584424391,0.013500532522888
98,0.0172422048887506,0.440652843375987,0.00744459330328047
99,0.0237808327625152,0.398389857022766,0.0179658451619763
100,0.0227790559003679,0.398895026074964,0.0171155478237139
101,0.0159505086051536,0.379735212878201,0.0201350552146381
102,0.0210465354450713,0.399018156621371,0.0151441841224342
103,0.0150332031030107,0.396358937767183,0.017849238141182
104,0.019644627342239,0.398678953641815,0.0179487040120529
105,0.0171735933923368,0.398107746020693,0.0106272560207239
106,0.0134876733831447,0.403472237726419,0.0131800074054047
107,0.0212891780718694,0.43990738399801,0.0115544942098588
108,0.0197738707010591,0.442999286319231,0.00969759920451976
109,0.0205201191589754,0.433874902667196,0.0107137277999003
110,0.0196117820584941,0.438065166643758,0.0141221076891878
111,0.0159825127240248,0.440704469724558,0.0135359703098104
112,0.0204210630264769,0.436135465616532,0.00995534662110702
113,0.0147068233946149,0.441489074503033,0.0128519333120786
114,0.0166308438808516,0.369087104555112,0.018413416852678
115,0.01294165423407,0.372060229308781,0.0148403879557669
116,0.0144621929743436,0.394902056755177,0.012339441364098
117,0.0209197552922721,0.372441268849191,0.0144753848722536
118,0.0197696939702986,0.430814912999078,0.0141427344141565
119,0.0127664147289626,0.388946010860139,0.0125598334335765
120,0.00332034666574286,0.390745370740251,0.0165802081511872
121,0.0225269621298245,0.393753745833822,0.0117934770525711
122,0.01644887921913,0.393776342414679,0.0124866594395006
123,0.0169097656899511,0.419144591138614,0.0127190678854043
124,0.0185820664973832,0.381625368274888,0.0177394615728405
125,0.0159821531500674,0.375166617556042,0.0165934101332867
126,0.0267242219265833,0.348887834549559,0.0207653624597667
127,0.0212076656622148,0.391937804494075,0.0133623361367204
128,0.0182442425533473,0.386595757735092,0.0169651073266952
129,0.0216982914692301,0.390810520323489,0.0105423963230047
130,0.0247785919430574,0.398710379777214,0.0125964795498231
131,0.0208279309726454,0.378429867060827,0.0106957787351175
132,0.0192965949592524,0.405801734832259,0.0170372337636476
133,0.018881790822839,0.401993980599385,0.00994045527604933
134,0.0208120304934811,0.390109241946674,0.0126265555233658
135,0.0157767872003519,0.376364314143666,0.0177508009568486
136,0.0214292912357528,0.288070118272851,0.0163124785082105
137,0.0101024627457006,0.215181142319365,0.0204203436756051
138,0.0202378961565318,0.223058712482713,0.0199421878644467
139,0.015520902751056,0.278309617636534,0.0217058308067221
140,0.013885912632646,0.287032332683701,0.0160037340957499
141,0.0255801103670798,0.262150313822568,0.0186604849018113
142,0.0130048110440525,0.387598370064007,0.0156269932922457
143,0.0205362674892229,0.377586635080158,0.0124794033673475
144,0.0149529376840112,0.382909173212745,0.015668149305835
145,0.0177570034790141,0.355561489755669,0.0159609265552288
146,0.0250764872604017,0.359936874424409,0.0144633971968054
147,0.0233852472428664,0.336853828493445,0.013893044933401
148,0.0213768315501131,0.375499438332193,0.0131339193009548
149,0.0165312597963955,0.375416292049689,0.0181378410763375
150,0.0170976919240095,0.388688072271527,0.0155154949604241
151,0.0269668917019504,0.389658913642075,0.012757073262235
152,0.0187692592558417,0.378093578055035,0.0164231358935424
153,0.0203749953014636,0.449845404543797,0.00957516467783645
154,0.0190019985132941,0.376682391167819,0.00968332954647324
155,0.0188231160237326,0.448678148573905,0.0117014718481107
156,0.0268166963677181,0.384965915217419,0.0119456472710238
157,0.0241343488524553,0.386904870237086,0.0140222878362441
158,0.0254270468798701,0.363719051024105,0.0175519826147055
159,0.0165554828030093,0.382855505349094,0.0168912567332181
160,0.0225939599225566,0.374911748333969,0.0148372311983796
161,0.0255590845511545,0.382405616727591,0.0117930142400022
162,0.0143710947897819,0.388431393195205,0.0161862393893992
163,0.0287402096528412,0.37422248905711,0.0135544263521967
164,0.0183608686422948,0.391732033073875,0.0161066752099293
165,0.0243326102527954,0.433842722293828,0.0127635322914767
166,0.0173364389779308,0.43857619118186,0.0133508115055088
167,0.0132179501016746,0.227656144573534,0.0175458152333788
168,0.0118040818414932,0.275236496712918,0.0225726024662442
169,0.0179534050612038,0.3876889847716,0.015886529932716
170,0.0290965640417954,0.396446023054081,0.0146788883781047
171,0.010919752636931,0.385224189501113,0.0164266009870782
172,0.0189950711710584,0.345498152937077,0.0111959472217683
173,0.0196573829549213,0.391265537017013,0.0123465292001846
174,0.022693638918475,0.408753752886989,0.0137603233958419
175,0.0194299238669647,0.44225450367401,0.015390624512758
176,0.0136284665440581,0.387723575219315,0.0109138453639599
177,0.0172167228742244,0.3898799634672,0.0131204577366985
178,0.0195308149613051,0.392902697544304,0.0136913734340779
179,0.0187895570154186,0.421204719966984,0.0134304224346371
180,0.0184780779657904,0.426589749750611,0.0116636436375424
181,0.0180954933508814,0.443730913300178,0.0115334081381718
182,0.0183478844792248,0.389689986543738,0.0121588789610901
183,0.0283470186794116,0.379682715126583,0.0183314526687996
184,0.0170124976610154,0.389724923736746,0.0149228727916038
185,0.017026172194413,0.397560323821416,0.0173223335499384
186,0.0180578288538162,0.38885070282114,0.0157189129366056
187,0.0176070954449822,0.387821387514831,0.0149857000487659
188,0.0189112420613032,0.384757899502896,0.0130248061471102
189,0.025013199264734,0.37372407053274,0.0152535484453628
190,0.0161933930251652,0.404437734555817,0.0135488585980637
191,0.0246617609249223,0.44175712031453,0.0117489718626266
192,0.0249233667274539,0.394664184906591,0.0138366266883088
193,0.0218794826820074,0.39623747398023,0.0143510160744743
194,0.0214414409538664,0.383935595707378,0.017411591154899
195,0.0235133218716703,0.393698311963264,0.0152378093548015
196,0.0287709700776552,0.39448245133017,0.0172713868898447
197,0.0215963322707742,0.393776702680253,0.0140437667791467
198,0.0202688160200606,0.436384550902335,0.014175074741468
199,0.0196055786605255,0.388774689946502,0.0149304835029536
200,0.0215312469065292,0.397704995330542,0.0116647068682763
201,0.0292489075618522,0.393215831002616,0.0169892671136301
202,0.0238085979531987,0.370442406738958,0.016316263980471
203,0.0212682119684219,0.389736835747393,0.0158111108271145
204,0.0136792276705747,0.374125481590608,0.0184165430995925
205,0.0165001141373518,0.385538184046734,0.0121522209505082
206,0.0247128301064166,0.37872727894318,0.0138546085126296
207,0.0188847294909768,0.391538873773037,0.00848708736322713
208,0.0267177602404652,0.378325137188908,0.0129764488886514
209,0.0230018233497253,0.386950912939082,0.0173826984297892
210,0.01548631116871,0.398201347300917,0.0150275721026617
211,0.0162605018183808,0.390281730319326,0.0138767602290294
212,0.0147422087085579,0.386844926044592,0.0117078916165741
213,0.0215617502417541,0.435055801242999,0.0124248080699756
214,0.0156876037975031,0.437063908890551,0.0123133525585532
215,0.0137120743901965,0.374984137082808,0.0137540736925252
216,0.0186512485222712,0.398067437862875,0.0141589442560745
217,0.021209515065699,0.391454084234834,0.0178328838249838
218,0.0211715982932413,0.370773159437838,0.0120754111773399
219,0.0207289935732632,0.376211788306933,0.0132241912581324
220,0.012825265672688,0.372245578588473,0.0171983952075854
221,0.0164388380657077,0.390516160500677,0.0132595854532069
222,0.0164807501664802,0.389811942467352,0.00979056836756687
223,0.0175103883167735,0.393409384921245,0.0151181243158001
224,0.0153776288058074,0.372936133467098,0.01500575647287
225,0.0231137443293534,0.395055235246834,0.0129437472981833
226,0.0284291549699573,0.376888044139081,0.0135133020352288
227,0.0325151009774697,0.380417448466955,0.0151970197145864
228,0.022716481170308,0.437253799814708,0.0154860834111584
229,0.0230002543765823,0.368640108354178,0.0130408056210861
230,0.0195852674995429,0.392868501792435,0.0125596378014091
231,0.0134073814213021,0.374940040749518,0.0159314524770966
232,0.0199052025360128,0.398337718869796,0.0141490221765397
233,0.0238349649270158,0.425734925741539,0.0139998298037066
234,0.0156323093184023,0.380645966429807,0.00998873928960862
235,0.0217491655226919,0.391913416071436,0.0144126158689358
236,0.0206476005746183,0.392293737915181,0.0160256391104038
237,0.0175591889601012,0.391636183683621,0.0141966912822826
238,0.0175624216531121,0.387998532123389,0.0181831944212863
239,0.0202764216422998,0.387521999693444,0.0112494488542816
240,0.0231689251943321,0.406303555254336,0.0138902836007852
241,0.0264063958226183,0.37729768020379,0.013433086088793
242,0.026048176834662,0.375744593982999,0.0170532601108711
243,0.0186577055053776,0.393890930726373,0.0162350320242342
244,0.0168138475169695,0.398378612404138,0.0163413893225121
245,0.0192182920157746,0.374879197572536,0.0208647176728612
246,0.0183162366192074,0.432283568470766,0.0139673466252898
247,0.0222556532428193,0.439406436639931,0.0158645110834884
248,0.00980084927355548,0.439769473564402,0.0122270593424517
249,0.0180644205704335,0.459331117721549,0.012202660859281
250,0.0192903756097476,0.456370202105148,0.0133541996179975
251,0.0170698999627793,0.429987678621236,0.0098877694424762
252,0.0182551079903402,0.435228449120242,0.011598566142464
253,0.00890076164419776,0.388745451279265,0.0139803677895763
254,0.0221691874085886,0.381901553206991,0.0203188318476129
255,0.0159231260280553,0.390690771759306,0.0115974033988629
256,0.0130566683911436,0.388595041017457,0.014530855772137
257,0.0231400054467543,0.392609761462228,0.0116943681955568
258,0.0229665462773482,0.422698993771008,0.0130661039647434
259,0.023681925346006,0.384105879836679,0.0165802182444456
260,0.0196777964947105,0.345729221025411,0.0122612928463586
261,0.0219870036469035,0.264110665628502,0.0184122233653751
262,0.0183222156475267,0.254517705670699,0.0160197691142706
263,0.0149602669792739,0.317807398404077,0.0145497234591376
264,0.0169783733603839,0.385745939675705,0.0155559969076
265,0.0147193509759388,0.371651280488448,0.0135551436789903
266,0.017821730465756,0.358255450451294,0.0245432008755376
267,0.0147664674567512,0.387983265308187,0.013721426457327
268,0.0221136903652167,0.390640975889416,0.0127075990708378
269,0.0179600433653165,0.354685807785455,0.0202522784576396
270,0.0201029605362521,0.288409624287612,0.0207507457922474
271,0.0297366457152566,0.363081819077238,0.017651418208981
272,0.013056554190711,0.39594277451354,0.0165027384818587
273,0.00789388888461988,0.379024707356655,0.0136470785826198
274,0.0314124916095346,0.380570299674182,0.0145277559115508
275,0.0198872428389505,0.436098185877558,0.0120482437492598
276,0.0231249838041582,0.40085484904508,0.0149871794314809
277,0.0276354704928979,0.417648667126051,0.0139626007045026
278,0.0212405099644368,0.374077501581933,0.0132654126971984
279,0.0141839570214788,0.374025285744625,0.0103534392657645
280,0.0238130971246053,0.392525115569697,0.0166930704447848
281,0.0151488016549644,0.383457394536234,0.0167092222742748
282,0.018479233033624,0.38236738379236,0.0134633801653916
283,0.0227539385551352,0.392823927523667,0.0111725946925477
284,0.0238586426095537,0.449414740633696,0.010757353930696
285,0.0166621283260073,0.435418043841997,0.00917053707990378
286,0.0169270441863676,0.387336605960464,0.0124070788644315
287,0.0145968026042327,0.427194630809272,0.0150022998913844
288,0.0245847695626201,0.42591099770291,0.0189500022918975
289,0.0146410504868863,0.398561104344881,0.0126776826002579
290,0.0188234690189914,0.388073567742346,0.0124485416211385
291,0.0275975444877234,0.395497376013055,0.0134669209363431
292,0.0171385363521274,0.391419355993919,0.012561479726837
293,0.0207368277284097,0.436361381472292,0.0124326848070615
294,0.0193324180431721,0.44301967377645,0.0131495641737419
295,0.0183598065810532,0.381070640799173,0.0124517076115551
296,0.0186699316538063,0.388386356289172,0.0116195327745851
297,0.0218035668775917,0.371461393154466,0.0172110391006778
298,0.016978784835564,0.432791765743607,0.0113765510504688
299,0.0178402368437274,0.434876303847937,0.0130913918545086
300,0.0157941784812536,0.394201401524548,0.0148071328152774
301,0.013061566475023,0.389359707158898,0.014596537485841
302,0.0101747600421827,0.397387926297908,0.0154586397274583
303,0.00775310409139112,0.34743460461489,0.0147185156947151
304,0.0161661611318878,0.28189958487831,0.0157927754646803
305,0.0224118945790935,0.297988250798116,0.0136868262037751
306,0.0217494408121503,0.257386933711408,0.0191022826504089
307,0.0192382507920783,0.283282454336108,0.0194867709111385
308,0.0199669103875342,0.299123070793558,0.0142138034262149
309,0.0219903302311074,0.284007492311395,0.0133090261265158
310,0.0132818447313085,0.258806602352116,0.0162146186126563
311,0.0249730459913844,0.282462749812813,0.0176310459399759
312,0.0221529535762467,0.275073078060947,0.0166839781237511
313,0.0177295186016143,0.292049064341583,0.0195538269624824
314,0.0166281132410693,0.275566110852246,0.0180435858133388
315,0.0216600548054455,0.295098150994205,0.018822124045571
316,0.00842313275302746,0.301522241565839,0.0184420812876351
317,0.0195695694731576,0.3799924132992,0.0158735992331871
318,0.0245729354302755,0.396354220753464,0.0131761865185042
319,0.0169500905372349,0.448211026456029,0.0130424349182059
320,0.0200289869980429,0.388965895592113,0.0163700248766376
321,0.0187591021988859,0.425552971953733,0.0174166611284566
322,0.0270104256946046,0.447726430456833,0.0112881533105599
323,0.0226163438601889,0.396319920785099,0.0110886106179846
324,0.00949514746321219,0.381158591759895,0.0146907812486307
325,0.0172669905160669,0.435905475366679,0.0155245542117782
326,0.0262770539373624,0.35885968684612,0.0137176025400617
327,0.0164849262885325,0.39344640990857,0.0145178806400967
328,0.0125875367724348,0.396330561587864,0.0134810516999423
329,0.020382811313028,0.383654413985478,0.0164593762390578
330,0.0263761612635968,0.397836363473551,0.0122307033471123
331,0.022504616335112,0.434993511500742,0.0130108249590511
332,0.0170945451530007,0.447220159966102,0.0122635412258327
333,0.0156625865763709,0.439544863770709,0.0105893652617602
334,0.0206581476946427,0.425350065320565,0.0142141524009509
335,0.015180554458299,0.378076712054271,0.0183843460825101
336,0.0182370483723681,0.428890755701695,0.0111774731205229
337,0.0209199742429,0.438866907729228,0.01316850954926
338,0.0252165936058741,0.42540006091914,0.00996368233738811
339,0.0241477796169318,0.432427381974832,0.0139273429662952
340,0.0242347517783307,0.393671265797581,0.0165530152045364
341,0.0209411116280553,0.373875895468795,0.0127811234446929
342,0.0212297007234475,0.377206844864703,0.01322415752746
343,0.0252445559625282,0.393320972447182,0.015752684831435
344,0.0151660996638871,0.376940777959386,0.0130603257256974
345,0.0106328711256816,0.375983101882152,0.0170371689896264
346,0.014817440796349,0.387754200752699,0.01223645335556
347,0.0194925514371722,0.39556610967088,0.0116001026372804
348,0.0201801839338731,0.433563238985653,0.0116822561044912
349,0.0138494071722405,0.39945514075245,0.0132654466652403
350,0.0202078122267981,0.375455500738296,0.0137505696578033
351,0.0221169137805645,0.414827884447177,0.0158643216438506
352,0.0206837672957906,0.413688205419039,0.0119984416816395
353,0.0259589372174296,0.439231126898452,0.0134921747230544
354,0.0199683496380504,0.444270941775509,0.0123014312530773
355,0.0197186241568062,0.381321624068266,0.0138574365614848
356,0.0255318289804124,0.426509983191435,0.0130754022175548
357,0.016872531754152,0.383408451611669,0.0109402391980604
358,0.0200342014619681,0.447419217185589,0.0107334992438235
359,0.0220335145282903,0.444110417836546,0.011905633803965
360,0.0150091473151895,0.447954398113775,0.00993721111375861
361,0.0314624508997619,0.387636036634965,0.0167258319319706
362,0.0273931853938294,0.399514562643172,0.0162738761533624
363,0.0220000692746482,0.370824994417252,0.01450679941994
364,0.0238788869218187,0.411977198539399,0.0107221029084845
365,0.0124442192410678,0.385894938195799,0.011477489992032
366,0.0225208164408069,0.446344124871752,0.0113660875182683
367,0.0207618694002079,0.378860607533145,0.0146441245150915
368,0.0214585835457183,0.377524927373088,0.0168531207915925
369,0.0191708880019978,0.378100492080278,0.0136146466260618
370,0.016500017126297,0.374537349772918,0.0154988445501892
371,0.018167606320131,0.438230772131386,0.0151390385615955
372,0.0188001003289833,0.39683321431363,0.0174989150878753
373,0.023638668030621,0.375023709943334,0.0195976824911101
374,0.0147972539015664,0.37662318437059,0.00976506958919349
375,0.016235817882646,0.377979275127298,0.0142255996641957
376,0.0176815432452111,0.397448005551283,0.0107104871600398
377,0.0163899176730887,0.40516402919209,0.0163220468257065
378,0.0194052141749336,0.371571537312725,0.0140466728288492
379,0.0187087232979886,0.38169657726472,0.0131579945027149
380,0.0174864309312527,0.371156793866694,0.016560506745466
381,0.0142883038056622,0.39497488920775,0.0144887985027531
382,0.0247683778238962,0.397904294082196,0.0122823144485111
383,0.0177068351589649,0.394064713164853,0.0115310014322059
384,0.0265577132596639,0.357440418180608,0.0121267460403848
385,0.0242057138905364,0.282666692723514,0.0202798895799463
386,0.0262571399931102,0.260435034562774,0.0173131054372951
387,0.0161425274262959,0.272730436163303,0.0203804112929686
388,0.0202583661736414,0.295624704896431,0.0242718158280776
389,0.017374273102145,0.28084036167091,0.0183745222361486
390,0.0177045820682817,0.299545802997038,0.0223701984823039
391,0.0219110076149215,0.284610575560342,0.0176935769973953
392,0.0201069887596527,0.225491028959994,0.0175858558136898
393,0.0227939946221707,0.318525677365602,0.0159435578979935
394,0.0190328443587903,0.215111020312052,0.0248236284047688
395,0.0217552961766888,0.22534548066685,0.0155211078945971
396,0.0184668218446117,0.304176647837599,0.012835567588341
397,0.0334321740513235,0.378295614060606,0.0147903705138296
398,0.0219322736279817,0.374119012174328,0.0116271069409363
399,0.021210835132832,0.391500401570714,0.0186551921203731
400,0.0198605080609692,0.396485485941475,0.013816618279692
401,0.017928014082392,0.374272271307192,0.0147334032275295
402,0.0170627331567121,0.395131926461326,0.0141378128393656
403,0.0173867704404455,0.41139460731495,0.013787123939248
404,0.0143980547397045,0.381878035875413,0.0115839798439351
405,0.0150865226456801,0.446555006636109,0.0111890404930754
406,0.0173333859558753,0.462561130412358,0.0135519213042982
407,0.0232069674990979,0.441799090122802,0.0115624419346866
408,0.0114488207618226,0.391114847538324,0.0163313560999519
409,0.0244248754649137,0.393122935628742,0.0166242955308507
410,0.0149228210388104,0.396501947576034,0.0153527833386314
411,0.0212789005707117,0.437212433099298,0.0160095386784713
412,0.0196873065057797,0.441291412947071,0.0130176370048381
413,0.021458802707541,0.390660038266456,0.0136919484257503
414,0.0198504481005202,0.399361955051791,0.0125511077231387
415,0.02232948930855,0.385696569769268,0.0157033117736346
416,0.0158526801624902,0.383583378951188,0.0156492422629573
417,0.0170615239768412,0.370687203637354,0.0131911077515054
418,0.0183160347426758,0.407531691770758,0.0162568589291931
419,0.02050863434443,0.389715412446429,0.0160245140423235
420,0.0204541242484494,0.359914995421244,0.0161573076674271
421,0.019156721647625,0.411896435591153,0.0128035561093012
422,0.0226033245344026,0.39515288861003,0.0137248712992769
423,0.0159818597971734,0.450669865197119,0.00765884237849716
424,0.0167191882315908,0.4933240524453,0.00864740886318334
425,0.0240508525417899,0.392867144271496,0.0153593910121337
426,0.0190840051744878,0.398187272358734,0.0161213816730797
427,0.0210254381294658,0.355940824962053,0.0135953728261479
428,0.0226422917824337,0.448743384630247,0.0119484230344895
429,0.0182609333639533,0.428332240685452,0.0130856001533417
430,0.0178258184632037,0.38373925887207,0.0139494240130876
431,0.0163465370407261,0.396288774955704,0.0173267530673381
432,0.01120085340459,0.398814934016925,0.0127729085501099
433,0.0198144965067593,0.379156644027049,0.0133377517103931
434,0.0134425638597596,0.388371633433039,0.01101383159409
435,0.0171224491716584,0.391203854402246,0.0114406393182485
436,0.0149643010018458,0.387379334444579,0.0115466318269165
437,0.0218965198111338,0.393714099565912,0.0114222641534988
438,0.0136795223289659,0.376954321009147,0.0137846758981944
439,0.0214328734627441,0.386271888196633,0.0176974541795227
440,0.0229333400363331,0.39264293732108,0.0220790045398348
441,0.0222926246687465,0.404116202481423,0.0133383088641304
442,0.0173187117494211,0.379556476655462,0.0144247046216579
443,0.0171985319341071,0.382540163569514,0.0169741716045711
444,0.0173469039223141,0.376829115955216,0.0129895271358396
445,0.0150655486760019,0.426610630214995,0.0146905398531313
446,0.0174638650059409,0.381133924087409,0.0173223627109018
447,0.0208918132168139,0.399296284344707,0.015633258315524
448,0.0181278993670899,0.42229673081473,0.0127656515727911
449,0.0170487120697692,0.345802502740123,0.0183316477189147
450,0.0123482528124751,0.39474205016802,0.0139936352098832
451,0.023675588698779,0.435639159748648,0.0137809597287329
452,0.0204520094121377,0.447470738484076,0.0155023856584335
453,0.0188157512168359,0.392547576176512,0.0161754998574107
454,0.022846458194862,0.407173753305167,0.0118815705225208
455,0.0180232014663244,0.378026836226821,0.0187316801014254
456,0.0307221800725264,0.346700817167036,0.0183844167817089
457,0.0140289718502964,0.293830800207738,0.0178463576969338
458,0.0239266401156011,0.28108067611201,0.0202824205720282
459,0.0127411067470119,0.277333799565549,0.0167381241333281
460,0.0204963215101316,0.273686412693392,0.0171830159757425
461,0.0157493149520895,0.303753142301862,0.0236197798506149
462,0.0211057443722451,0.298290834835554,0.0211135226550235
463,0.017682861249004,0.226709844745276,0.0255946498342015
464,0.0111091066428537,0.291124927478683,0.0207128149552488
465,0.0208550238117634,0.222747110325459,0.0197685924017124
466,0.0250276166358304,0.299916943593486,0.0179659375511904
467,0.0281708974799164,0.285741311074122,0.0155369662944982
468,0.0268322849930873,0.289511392063162,0.0212825742119955
469,0.0160246574150097,0.285228561704616,0.0193156101831967
470,0.0136573123404472,0.305418803913666,0.0179580911497872
471,0.0188565514992763,0.218145166190432,0.017899159897551
472,0.021325628827376,0.277848237881676,0.0254732901178033
473,0.0309880482557803,0.331437889531041,0.0183752617017277
474,0.0228387444880232,0.283030105031497,0.0247117038322601
475,0.027628510042055,0.294879568069427,0.0201182093552546
476,0.0189784687421381,0.225037175899556,0.0219680121486364
477,0.0197326689427877,0.230562670388838,0.0223150854393331
478,0.0251738689159845,0.333053888395833,0.0172265739169459
479,0.0250193796468147,0.232280052020927,0.0158521844396431
480,0.0211856262020534,0.222852697127471,0.0179023929230431
481,0.0191344734529574,0.220399738234712,0.0185692193031407
482,0.0153355679443752,0.213518941184261,0.0183189059454133
483,0.0197459298418464,0.245023676861434,0.0214534458159872
484,0.025342979120704,0.216262480749591,0.0198473032076284
485,0.0151104946063434,0.223047275574859,0.019093758250071
486,0.0162456856891849,0.348515540354539,0.0151445324487019
487,0.0136085160019468,0.373237960501389,0.0143127243585448
488,0.0169067960762361,0.437402835026624,0.0134036409591683
489,0.0227039128199666,0.385886413814044,0.0120746325773613
490,0.0176377566477545,0.381763763114447,0.0163210951899596
491,0.00984561407242897,0.3707556894357,0.0149030885438133
492,0.0201735621860296,0.374253792578427,0.0167842668875085
493,0.0237179303458757,0.277512060470512,0.0194481370203803
494,0.0235263894845532,0.269455098991079,0.0197977847782323
495,0.0232019527218814,0.286778979716912,0.0231070326646425
496,0.0171435584012985,0.286514059407162,0.0191366929775833
497,0.0155325547648519,0.256837165273405,0.0254111788001627
498,0.0246489534589632,0.375382189250831,0.0133270179559005
499,0.0180103567368699,0.345949733103749,0.0246786832144265
500,0.0156090106991342,0.268145531130128,0.0179949353080554
501,0.018573673606264,0.294314298620416,0.0159773134942657
502,0.0217522872402842,0.29344649055548,0.0207234958797508
503,0.024673600529052,0.282231352975875,0.0177425712559118
504,0.0166887389857965,0.227923909560841,0.0214501591291844
505,0.0202966960418513,0.289705025702195,0.0202350755147599
506,0.0175332136060257,0.289870102591324,0.0157869956991811
507,0.0233901901279654,0.211003045316788,0.0192818875097701
508,0.0163379215833579,0.22590852505168,0.0229486602157123
509,0.0177941189490401,0.229195315080888,0.015707657652897
510,0.0247730495539685,0.219957636587911,0.0197828974178605
511,0.0194588160139851,0.276717807984853,0.0228399914648976
512,0.0149084425314767,0.276766469240952,0.0180785378786758
513,0.018454220622274,0.260428712185136,0.0169315918427681
514,0.0235619790636355,0.283468107606101,0.0188459660186631
515,0.0209331576285464,0.279831871686829,0.0205036884098514
516,0.0250544564721128,0.304356932215513,0.0184370841779372
517,0.0211457091601041,0.226810953891066,0.0251312415699895
518,0.0200671513455307,0.285184747615651,0.0150560303588687
519,0.0227279906881245,0.292403796836117,0.0171342404181118
520,0.0172184569522517,0.267812088801278,0.0215403182965156
521,0.0228762804676221,0.286772574947111,0.019367207763559
522,0.0195215119097081,0.339687248080611,0.0145423228635891
523,0.0242835624920813,0.230725791395532,0.0185027803345237
524,0.0188468477474217,0.296361102827348,0.0215323327203915
525,0.0218491701876232,0.386621605023214,0.012474483119073
526,0.0189996433111741,0.39090383329556,0.0138042205262746
527,0.00901875042064692,0.384797292267928,0.0194862566599038
528,0.0175897830668278,0.374475139162824,0.0189952468160189
529,0.0227935770318468,0.394969796922568,0.0157158468022171
530,0.0146139246567613,0.382389235354998,0.0112597948080617
531,0.0192239806896051,0.376718974368724,0.0135091347189884
532,0.0180503292526317,0.388723692358823,0.0140536499852419
533,0.0108955934970433,0.426073791605231,0.0157519205330075
534,0.0140789816522248,0.392477735448066,0.0109007330060881
535,0.0174017443187882,0.397075270597583,0.0123743093962706
536,0.0193244131992155,0.392300178011048,0.0131067444172354
537,0.0205268808387824,0.390586902285464,0.012727304120542
538,0.0175952738326927,0.374755046802182,0.01277649928964
539,0.0178077720680293,0.344191876536664,0.0160885799327993
540,0.0279930691060653,0.400342575633446,0.0139182951637074
541,0.0117658439658492,0.382944947505714,0.00948617311365509
542,0.0159977281852148,0.390193087003528,0.0131043314441988
543,0.0206182538302562,0.389149092137557,0.0122180170055218
544,0.0246937006876137,0.387926782155649,0.0149421573159887
545,0.00552607057183691,0.394229662162968,0.0175451145553644
546,0.0201470417116543,0.380769299523296,0.0147279833482685
547,0.0226621334807731,0.386463930096451,0.0130696138663887
548,0.0239619404812322,0.395348871732538,0.0167033495221742
549,0.0205039680257933,0.394504627923642,0.0154265057471523
550,0.019926273343792,0.404335427621363,0.0147955199744741
551,0.019551934900315,0.408719155664423,0.0171241499510247
552,0.023050945480773,0.377998885684291,0.0123840299180248
553,0.00894368771737747,0.372377989475162,0.0217702881959726
554,0.0227871184732778,0.393698068637104,0.0157377830233961
555,0.0182063919452748,0.43005316591164,0.0158342781857599
556,0.0181761292217959,0.375318996724364,0.0188649027368611
557,0.0148191079227994,0.376332327844584,0.0188414872004089
558,0.0223583405877158,0.39608319819935,0.0144784596587078
559,0.0205430769740384,0.406534294039639,0.0119046615688129
560,0.0199625954918633,0.440046946795891,0.0131705883902316
561,0.0115225346575419,0.396614751552591,0.00943133535046263
562,0.0159030005961263,0.387463081238432,0.0133950784219014
563,0.0237926670206705,0.392777880912439,0.0129113781396873
564,0.0202480538005499,0.384303427549827,0.0145027054153729
565,0.0215904661272652,0.443383674179365,0.0134327809632134
566,0.0154800328762811,0.398865492557825,0.0109137204557441
567,0.0183080818693416,0.389774181582489,0.0131834563763314
568,0.0219871854920513,0.393317517737438,0.015765717318356
569,0.0235720600583351,0.358375166415107,0.0172815211747241
570,0.020228901107992,0.38346707783553,0.0141548607799194
571,0.0173250977391442,0.387892990215415,0.0127872619127849
572,0.0190830554912688,0.392697057484555,0.0121948717836248
573,0.0217116668702477,0.392100848035881,0.0124249890359381
574,0.010910728649,0.380385292082113,0.0145358911985
575,0.0136277018956223,0.3941388349331,0.0162308007730814
576,0.0132852422706469,0.38883544539914,0.0137812745408176
577,0.0225905036026709,0.391247952401504,0.0181788485691218
578,0.0231701745946385,0.291765293942874,0.0155567992134175
579,0.0265930737974264,0.296430127907095,0.0155145741751627
580,0.0280003191858667,0.276144993138841,0.0208510543585709
581,0.0147981795140788,0.238744217969407,0.0191536068463131
582,0.0230421501943154,0.245947168255788,0.0173465804066476
583,0.0162353539607075,0.295820591485856,0.0172377268591391
584,0.0229428495070479,0.281570388077772,0.0226056740860943
585,0.0211646810209975,0.219401237225147,0.0200575948268556
586,0.0208209881298586,0.24914550651458,0.0217975649080914
587,0.013226692593913,0.273823614056268,0.0187439383532443
588,0.0234576495303669,0.282733004662524,0.0183662116398145
589,0.021946198664532,0.394673913430089,0.0169058236298613
590,0.0254176313262157,0.393285772234068,0.0158991789968373
591,0.0231965995620374,0.395761871416762,0.0162321848152745
592,0.0202083750256737,0.441971091068795,0.0103475464787452
593,0.0189083790535452,0.350727199515466,0.0170273055448617
594,0.0215182436172903,0.411586610635329,0.0182005626824354
595,0.0217207729325754,0.408008735159612,0.0149832337491681
596,0.0223366767432332,0.341120321244135,0.0168474329726776
597,0.0134127797720485,0.303832904094432,0.0161135320256149
598,0.0134251848328206,0.294326440206871,0.0184379817379524
599,0.0196370028473292,0.243084229256679,0.0244585487032455
600,0.0170315260092346,0.296663878738783,0.0145448432723143
601,0.00557457059018088,0.296879162371283,0.0169758107813226
602,0.0158995488114733,0.232781057135383,0.0146349536430733
603,0.028309870529858,0.224449132657142,0.0228160924151918
604,0.0238581858159422,0.235587695772857,0.0180785910190767
605,0.0150082667825232,0.277141795757742,0.0227564945721851
606,0.0193926717049957,0.273069203358475,0.0247326730304434
607,0.016386520699383,0.290443192204049,0.0154817370978745
608,0.0160351684214712,0.305532217232666,0.0183706175529016
609,0.0211654124870221,0.305451115929373,0.0207858129614538
610,0.0208745353657313,0.28573230282865,0.0159975298725511
611,0.0212788576201587,0.299168770979637,0.0181152222010544
612,0.0233848416115632,0.217987477803502,0.0236823107270356
613,0.0260174484066001,0.211989102521309,0.0223382738185206
614,0.0208179823063876,0.22493973390113,0.0241800443073016
615,0.0229565288855518,0.225475971428826,0.0162732788315573
616,0.0180490588898136,0.274276960295475,0.0191701506307923
617,0.017391950572094,0.220219322441934,0.0191031127426753
618,0.0245045884889444,0.213863515590198,0.0155559014479599
619,0.0211405483821996,0.255216328397011,0.0180933596303166
620,0.0239952034975566,0.283567247025284,0.0213289561544256
621,0.0126695582855147,0.277429344301164,0.0149915204404067
622,0.0151985545958293,0.283008429058272,0.018136848919207
623,0.0212268358882876,0.217898295746223,0.0196395125904784
624,0.0307187063461631,0.228054523089937,0.0219264377180654
625,0.0233362759155579,0.229178715284393,0.0212042260847785
626,0.0218885799779483,0.300195474781659,0.0172495503094491
627,0.0210376334078356,0.28423565394135,0.0169819197664627
628,0.0096910296174568,0.320242678989062,0.0156594068042197
629,0.0210115667045498,0.397623314009896,0.0166868091944622
630,0.019839667586737,0.397193366110566,0.0144792241709078
631,0.0246798055564457,0.387573817277085,0.0129705751613067
632,0.0165382176739903,0.381716461807779,0.012116207859649
633,0.017826597474611,0.447197891278291,0.0120313832549783
634,0.0120551958734403,0.391029811487171,0.0145958626145
635,0.0175021516695077,0.361930295283703,0.0162467493502573
636,0.0142626867254321,0.391464181718889,0.0141159646545111
637,0.0221194073777057,0.381913037032946,0.0165190804144463
638,0.0145499358725367,0.397860103917052,0.0142864168560828
639,0.0218877894174646,0.397325230609259,0.0152538997714352
640,0.0223363024510809,0.37634613759333,0.0154254553023652
641,0.0244818956094219,0.377614572540555,0.0127399427255407
642,0.0202472437225438,0.395599513210344,0.012203126539798
643,0.019837123301662,0.389871164925183,0.0120437498094314
644,0.0114992462114568,0.381622869705667,0.0133760494093806
645,0.0163727546207785,0.35775996697666,0.0151400241094051
646,0.0215824545099725,0.385256629286953,0.0118991829154912
647,0.0131578754591696,0.409242949114105,0.0162469817564119
648,0.0146940919514073,0.378118723222101,0.01301747877189
649,0.0125818899141759,0.373718773756046,0.0131542031742282
650,0.0163527654379488,0.374296398237768,0.013908173733508
651,0.0228254037652212,0.374368446618875,0.013738157721357
652,0.0203623124214388,0.389793546844608,0.015275307121356
653,0.0224035500455113,0.391372966712229,0.0152736725558629
654,0.00742262636928053,0.379735205152409,0.011646309034455
655,0.0242145426044079,0.376333666482808,0.0138635576235956
656,0.0174395148173941,0.421151811499521,0.0135730932618474
657,0.0212061166016046,0.391727725914627,0.0171970337347432
658,0.0329532112275693,0.391338980606872,0.0161264898386064
659,0.0157137715909605,0.391541331236701,0.0191623017440171
660,0.0287092844501346,0.278780309353364,0.0179847473710267
661,0.0173607580108522,0.291075958303768,0.0170000540905082
662,0.0214768055922771,0.326644340306444,0.0246817230549285
663,0.0125850838123578,0.299904826527483,0.0169518847121545
664,0.0106526774817673,0.239309515574946,0.0182710734541295
665,0.0209012524850781,0.283830887215742,0.019283343830151
666,0.0222537348676476,0.303654605687042,0.018005875192658
667,0.0204812641707404,0.275131759224338,0.0197957861763793
668,0.0239396150709721,0.283250168131513,0.0166995505187692
669,0.019748184185245,0.2961404624654,0.0187823875634379
670,0.0252325249677841,0.25404444769804,0.0146234561425123
671,0.0221011809413683,0.213575452115689,0.0201052980374653
672,0.0179231092369125,0.232085806293756,0.02068217320064
673,0.0130669934530054,0.21444165130038,0.0231699174139516
674,0.0173271476784174,0.234849283705113,0.0189530484705496
675,0.0276013972380732,0.218067035534884,0.0210772716957359
676,0.0191758686224388,0.289553196625431,0.0150704833753969
677,0.0243053941150083,0.220983560599058,0.0221083080025923
678,0.0202046185605741,0.261200914479143,0.0207133648107228
679,0.0203685979673656,0.355086025013485,0.0149289960173353
680,0.012887725926066,0.377042178413252,0.015289615254368
681,0.0146345424317578,0.435419223868869,0.0139033443547901
682,0.0110750847246399,0.398902395747757,0.0158462907781635
683,0.024311518635439,0.380386015003525,0.0145663403651589
684,0.0206892319494898,0.388928360964654,0.0182306460294135
685,0.0168813521411352,0.341881042321539,0.0185494193251706
686,0.0174577529564742,0.394705341273266,0.017034769428501
687,0.0279006171996926,0.390488659057239,0.0116623971289989
688,0.0197681434021378,0.38016904950317,0.0151176086451047
689,0.0168247518690219,0.398328545501315,0.0138611152926428
690,0.0258341485899522,0.299885642406487,0.0174664057601429
691,0.0183203304907723,0.21483685625755,0.0175739599055378
692,0.0168235983080921,0.226013205319203,0.0174813101128577
693,0.0249225274713972,0.224035949273855,0.0206574297310647
694,0.019588433239876,0.221104656635387,0.0208463804220966
695,0.0225327913287787,0.302925375544446,0.0197683810315856
696,0.0215352850025848,0.279759146466617,0.0177141881094904
697,0.0198614212251852,0.308615892323316,0.0149619391496876
698,0.0202549466533542,0.303517411647755,0.0161639137356757
699,0.0231987547906832,0.278547690503227,0.0202588767395166
700,0.0194931664181413,0.227079132674703,0.0204275752681765
701,0.0178760097437494,0.300265086917434,0.0188808502593644
702,0.0259971725940967,0.287397189975311,0.0169814345898777
703,0.0134229985056037,0.288695052208754,0.0144500537649183
704,0.0195864535112051,0.233810153143592,0.0176961616363693
705,0.0216170531242172,0.256048185877046,0.0175305210410855
706,0.0195109722273543,0.221814770093769,0.0200412486807505
707,0.022244224177187,0.229463436578352,0.0226798800930424
708,0.0196974643864313,0.234924457572705,0.0293360482165385
709,0.0246790151531114,0.287889970272202,0.0196859120114326
710,0.0193245962863186,0.283061256452859,0.0206399169276222
711,0.0165499076914579,0.301705538717853,0.0173339755819134
712,0.0235235700207589,0.296984146543766,0.0187983507465246
713,0.0179233725573422,0.236700223010892,0.0156500314570459
714,0.0263673001299064,0.293534874841326,0.0193326841063006
715,0.0221216489227802,0.213593730728526,0.0182024353952988
716,0.0223112980078501,0.215246679151665,0.0183920008609769
717,0.0200561942957439,0.275518576381761,0.0155612355464247
718,0.016890659825519,0.272539113373645,0.0234651522124928
719,0.023295666679255,0.285861184712811,0.0186745753743895
720,0.0165488590721011,0.280423168056933,0.0164435198995142
721,0.0158571402456986,0.251623738936152,0.0179957361323523
722,0.0250759915302407,0.222937099600045,0.018685706176019
723,0.0213093287900307,0.304857882224733,0.0217822174201039
724,0.0216568545380408,0.288920188296947,0.0202684735422682
725,0.0235313707564389,0.232288804183098,0.0193743434438256
726,0.0159216180420168,0.221892258723245,0.0206215853495196
727,0.0194716752689282,0.236406003211557,0.0189956277353299
728,0.0237805618179226,0.237096730976015,0.0183144367306421
729,0.0231362337014002,0.212181144448936,0.0180543045630572
730,0.0132723885218026,0.290213286618959,0.0186446385669409
731,0.0200138813528812,0.290405847547352,0.0224869647438058
732,0.0165552861345118,0.251002023406154,0.019080883535444
733,0.0183467829308591,0.229561938748597,0.02323679375953
734,0.0188080327971144,0.247300964362779,0.0172822481653739
735,0.0206694255870681,0.228004244551801,0.0188837424085793
736,0.0173161829886488,0.277418084422845,0.0240140496393382
737,0.0168522702588555,0.277112852599241,0.023168104527734
738,0.0236109286451549,0.288523472549533,0.02096430592592
739,0.0228345670518774,0.305297608099745,0.0145434811380134
740,0.0189159201346985,0.279306032816708,0.0190557182309655
741,0.0180992853491596,0.285195782910057,0.0170175329978329
742,0.01603721260283,0.279860563546033,0.0193786578989608
743,0.0221883716138703,0.279650310035148,0.0157946620921837
744,0.0276133895765542,0.233953271245776,0.0142893431051783
745,0.0230829928939362,0.22735952899508,0.0177086933244968
746,0.00836273608580948,0.283838129817469,0.017382397806866
747,0.0238677529103827,0.286431643161714,0.0160066577445791
748,0.0184246667457658,0.296621790518801,0.016792093489624
749,0.0218157285676541,0.275660035793384,0.0161557819044186
750,0.0190954500550823,0.222535251710479,0.0192045553086112
751,0.0217836968991489,0.238500076128183,0.0189322704352426
752,0.0200210351905938,0.208933717062273,0.0221838994877321
753,0.0204002388493219,0.309888256967941,0.0166749112636329
754,0.0177885569987062,0.217531217269251,0.0251808688211645
755,0.0141407838604687,0.224588591101039,0.0197391212892682
756,0.020565103437017,0.219244932850034,0.0224318642376146
757,0.0228936196002578,0.304258712637134,0.0230503162120765
758,0.0159055273899812,0.275103706571679,0.0235279386952526
759,0.0200144363092561,0.272758752083093,0.0191091865992262
760,0.0170040691601084,0.219945492938179,0.0165758416258116
761,0.0140345977866914,0.228804196551121,0.0245093712543615
762,0.0204208609572286,0.285841018204779,0.015341395503215
763,0.0174510035930415,0.293237066113162,0.0265268015635144
764,0.0145956381328832,0.293532721008773,0.0165447823810736
765,0.0230378805120593,0.288868426752451,0.0166627625148509
766,0.0177740869376914,0.262760848080288,0.0171390693863974
767,0.0185133901847599,0.299991173809115,0.0171642085233722
768,0.0235928504325811,0.275484882881853,0.0207575846441002
769,0.0235404716687997,0.27581124565158,0.0184418305059003
770,0.0184222746771896,0.308747277447369,0.020215392786657
771,0.0164358817065213,0.288206303595473,0.0215539600481084
772,0.0205046247428037,0.396937666989098,0.0164809384288877
773,0.0238130542757481,0.392635322572187,0.0107996222921572
774,0.0196673554448624,0.395921827067132,0.0184070929283182
775,0.0206657627284675,0.377291111831469,0.0133998521800634
776,0.0176247918733354,0.389230738743262,0.0152943727787511
777,0.0141401406398853,0.392211233185389,0.0115252475979805
778,0.0210935073247874,0.376940714934399,0.0148327358343423
779,0.0234278784079026,0.383901256108514,0.0132189333142759
780,0.0141919492772126,0.398485635230302,0.0172629746910542
781,0.019543827226442,0.380652730715889,0.0152980348983741
782,0.0325744364177122,0.431963714363139,0.0172486494335238
783,0.0156930642709436,0.409155280075454,0.0145996652259887
784,0.0179054097990427,0.371239251253246,0.0205613277928034
785,0.0190764758871458,0.383234048921536,0.0150447248822676
786,0.0278042661190729,0.393165531642123,0.0126715236821967
787,0.0230667352971177,0.394639359767485,0.0174184686204415
788,0.0130476119106768,0.395288802810963,0.0133202697027741
789,0.0249937279249426,0.438447557392041,0.0126548873365708
790,0.0174614746044109,0.380836701394672,0.0126056656550246
791,0.0189752536844415,0.375707067072552,0.0149017142652698
792,0.0212294519491046,0.426582056000887,0.0113304924754539
793,0.0187600909416355,0.396289128855615,0.0134439065363993
794,0.0225113959618901,0.387720162402854,0.0154209224978599
795,0.0198180614676758,0.37430316893333,0.0144250870270796
796,0.0173865719524236,0.37740497002963,0.0132733132000044
797,0.0209347071001751,0.389764599223682,0.0197533280148671
798,0.020962943798916,0.357493225512225,0.0155991918032293
799,0.0180564776455096,0.398780890187874,0.0182043587528891
800,0.0143548918858291,0.387440452687951,0.013327688240851
801,0.0196961932316314,0.392050607816896,0.0159287686940814
802,0.0175675046121826,0.372657487974039,0.0154138702558449
803,0.0261184517079616,0.382914403936487,0.0164837600842016
804,0.0223255139675158,0.423860100002242,0.0127177976734072
805,0.0166570791472392,0.443612654971006,0.0105355915951238
806,0.0179103085208141,0.483614301491918,0.00932192386500041
807,0.022575133891783,0.445773594820111,0.0129355396130273
808,0.0208387818777835,0.388239390699592,0.0190821633823878
809,0.0175354802840551,0.391060915302229,0.0141128987019082
810,0.017633634127874,0.442303785357917,0.010407666782339
811,0.0189143459476614,0.375148747811725,0.0143556265154701
812,0.0227156988554532,0.395891733814606,0.0149311156897992
813,0.0203088155783426,0.409259703174945,0.012265002697431
814,0.0180641719239291,0.374482445450764,0.0143090431360278
815,0.0112710708424196,0.396245911761024,0.0113890898301098
816,0.0150269427836794,0.396386231363689,0.0138907109301981
817,0.0220328795971375,0.383409668141307,0.0135786672708497
818,0.0167997499777189,0.446204428615481,0.011663299397935
819,0.0142681032847942,0.449039953245069,0.0121460183066334
820,0.0166854584322018,0.427842168050819,0.0124562666224912
821,0.0106152528242434,0.389993219917456,0.0179045274785945
822,0.0179293555000971,0.412866225381813,0.0151767096710989
823,0.0242293807330941,0.431266692158335,0.0150762260956654
824,0.0216154824911592,0.38234862382847,0.0175505344101286
825,0.0229615636232128,0.350326743994303,0.0238617351995635
826,0.017507603233337,0.398321221007015,0.0139361766937101
827,0.0122258627107695,0.376536604440277,0.0174021961622855
828,0.0148485895516133,0.390385142172061,0.0125265139295571
829,0.0180162863032834,0.393362295309512,0.0107529124041597
830,0.0168157310786462,0.376063388477727,0.0155452939665627
831,0.0231443753902335,0.423153239009062,0.0166549868158543
832,0.0196825177298949,0.388236131059619,0.0103755854247963
833,0.0217464970294916,0.378688386217527,0.0116438020640932
834,0.0179048221032439,0.381902805306473,0.0145435080837525
835,0.0155233371800589,0.398150121747326,0.013272226299378
836,0.0187899860624825,0.388493842743366,0.0141414247340803
837,0.0176582687915941,0.398315395824644,0.0125701774496262
838,0.0144449055519484,0.384068682147763,0.0144323213399608
839,0.0168821596238543,0.398957611637669,0.0127555200835246
840,0.0213164215089604,0.391527909103387,0.0142462726137676
841,0.0170924201680935,0.387178452889012,0.0145436909871947
842,0.0191259423358167,0.398766561181157,0.0178666672940859
843,0.0203599968674356,0.392813132684131,0.0127480249228068
844,0.0206310089456064,0.374831147673518,0.0134006685215843
845,0.015406790975454,0.396521550545864,0.012266205451638
846,0.00736622680803448,0.443694714563855,0.0172972604651026
847,0.017155746578039,0.385975839307817,0.0100474107861995
848,0.0161350090289832,0.3953408505329,0.0128381456833889
849,0.0201534545606149,0.391948057755033,0.0146517258147332
850,0.0235618200922258,0.44127688325825,0.0104276695474516
851,0.0214687966551774,0.446537337568133,0.00969053784122825
852,0.0202284920825225,0.389398503929054,0.0137099611477369
853,0.0186622098982835,0.384526999319371,0.0167723008660251
854,0.0229631248676053,0.442594542252213,0.00926714479415608
855,0.0223549754714943,0.39501824225657,0.0120925040589331
856,0.0163925620742337,0.434405745723931,0.012607686358295
857,0.0216693966505525,0.407976917463275,0.0128340711037387
858,0.0159338777166974,0.435935161144585,0.00939143269571638
859,0.0141537091398702,0.395680864000233,0.0158740720866589
860,0.0229961812974768,0.415588852904075,0.015911669837915
861,0.0207670439792964,0.438151566821193,0.0117130797910184
862,0.0200255504373008,0.396366879736749,0.0127006411185415
863,0.0168568451039204,0.389348591764858,0.0108097342685282
864,0.0180121591385835,0.373242333272833,0.0117984608806511
865,0.0178306233084851,0.395653518199841,0.0175077627408145
866,0.0164486506081559,0.394806349179145,0.0149128453145514
867,0.0200785944573864,0.439282563405157,0.0112753588786825
868,0.018884616644055,0.444072226950773,0.0108641943639881
869,0.0201716275638503,0.39537189416357,0.0126902274697812
870,0.0159388138454832,0.400411937805069,0.0134966234203878
871,0.0149591850759074,0.374937751318571,0.0205068126309758
872,0.0223355877504914,0.3970107117136,0.0181745235763023
873,0.0181481415597206,0.377834531660026,0.0156376812564516
874,0.0239159982782873,0.389019317531835,0.0139813331961241
875,0.0213957761812857,0.379632768069172,0.0145525253940163
876,0.0177449431885101,0.387500724865456,0.0161129191217306
877,0.0196941652274696,0.435000440164282,0.0172832871921009
878,0.0204805469248227,0.372313412001252,0.0146720315149942
879,0.0200536836392958,0.380338374956137,0.0183986519123589
880,0.0264445793980802,0.390833074977601,0.0158291539335416
881,0.0160658342864468,0.392389916716086,0.0183127782651078
882,0.0244964678635218,0.385400601912225,0.0128460642691632
883,0.0252909522168704,0.390461396394187,0.0156414096669809
884,0.0204577776201392,0.378892347990779,0.015237279608704
885,0.0112523469707691,0.391233150008383,0.0124553794608576
886,0.0153192732989508,0.399699319543393,0.0171686003113667
887,0.0211379249293175,0.386375355976241,0.0134439688061171
888,0.0221693017112435,0.395742119468459,0.0158963171513001
889,0.0233247176804599,0.388361849331231,0.0149053733846317
890,0.0173078977216978,0.380027492255077,0.0160326821324605
891,0.0205886774024764,0.406665599354568,0.0174961653129259
892,0.0239033131411849,0.402943006897336,0.014743359653867
893,0.0219606742770674,0.387664710912778,0.0160568481045493
894,0.0171829897484008,0.434060007942613,0.0101882719961924
895,0.0201290117269852,0.391933904521353,0.00880386101107711
896,0.0139517981035848,0.39431557010232,0.0130027433533937
897,0.0165238849172036,0.383931284044692,0.0148271855512335
898,0.0207412718966441,0.428690387690278,0.0147948543871906
899,0.018973639218232,0.418886181568175,0.00937893747555768
900,0.0253966553618848,0.393946257272021,0.0147077003478081
901,0.0182412613282916,0.394917610113874,0.0190199227229028
902,0.0226713276829386,0.399586639849197,0.0135439465619689
903,0.0204773161373371,0.407058681173319,0.0111866283878235
904,0.0197053455678685,0.376015014415298,0.0146519905156119
905,0.0229123673452477,0.390899197281576,0.0146769947977055
906,0.0290273329358354,0.428623519494961,0.0107374045640077
907,0.0130237506730655,0.389691730357124,0.0158287266827346
908,0.0161413620765919,0.389852358264981,0.0140150344980359
909,0.0223515466919641,0.390121498201205,0.012243830621137
910,0.0205362809741555,0.389135066004714,0.0127006283485846
911,0.0127923779657388,0.407352442496602,0.0157445226259501
912,0.0151432520349269,0.444589091911878,0.0129547057194908
913,0.023830644539707,0.413900441960844,0.0136065909797882
914,0.01885420512952,0.421436971014417,0.0160200710932413
915,0.00907515514360564,0.442032830614754,0.017153260459727
916,0.0192540282482587,0.322136902470966,0.014923680460467
917,0.0209409385451304,0.319176689273177,0.0170275811828655
918,0.0199013334572472,0.372683867800108,0.0143920639119828
919,0.0153831617592733,0.405075054526115,0.0154421849295877
920,0.0166386360229014,0.390096685444668,0.0145747723660993
921,0.0147907269177615,0.39420325677001,0.0132263566974307
922,0.0208447165153057,0.430042838016888,0.0115886162687037
923,0.0174351987882019,0.447223235167541,0.0137208703492917
924,0.0186853544637322,0.462910085459206,0.0139208787381124
925,0.0160696302100925,0.39422749618504,0.0171590850471038
926,0.0242695733336492,0.383569121476512,0.011889600697537
927,0.0206754747230355,0.384248553167783,0.0135325172604979
928,0.0227614827277232,0.383968285775322,0.0169817622104137
929,0.0222273484830216,0.440154719210796,0.0124439429825964
930,0.0137882961678886,0.43024830686446,0.0124265628635675
931,0.0202507699044098,0.398931181201915,0.014772127011883
932,0.0176870935256506,0.437417126030179,0.0122068758709971
933,0.0191040875139919,0.372667240728327,0.012354315755768
934,0.0238684060772295,0.373903550455393,0.0126439283905326
935,0.022541977342212,0.396787833369456,0.0201780265337261
936,0.0223165083619238,0.387657357333182,0.0160853624741484
937,0.0195795666454474,0.440948758679695,0.0132255688961936
938,0.016572503261473,0.461839763950241,0.0122013479944336
939,0.0184704188372944,0.431102699276306,0.0110977872134965
940,0.0190137239570973,0.3891172262371,0.0150440502036216
941,0.0214181060397594,0.399572875627154,0.0161174011174963
942,0.025560337394899,0.354236289418256,0.0182220203419573
943,0.0274217397109433,0.383820589506888,0.0145797890204417
944,0.0200438696797047,0.399578416153133,0.0113130634597721
945,0.016859075158642,0.37411971295694,0.0114341303209459
946,0.0187093324281195,0.392481160094047,0.0165700590095395
947,0.020909746928513,0.38744740416557,0.0148526757657974
948,0.0182903897476003,0.36008589622837,0.0187293459123119
949,0.0201791830263899,0.399642978825852,0.0183712448772186
950,0.0181473710388198,0.382725403672171,0.0167597272650656
951,0.0174956871281123,0.448925881731614,0.0129202774887817
952,0.015989227942043,0.443158505574088,0.0133297808706508
953,0.0173732115734717,0.435090849733266,0.016133241631098
954,0.0201468916169039,0.398004458435253,0.0176093515129924
955,0.0161118109275985,0.382740720518259,0.0180069752722517
956,0.0214895513630373,0.373751407413371,0.0166033212690064
957,0.0148166510272177,0.391440840238871,0.0154866499582241
958,0.0291257866538001,0.389770448867005,0.0142059120734443
959,0.0211424879175669,0.358085416923434,0.0152261632478287
960,0.0245763812041554,0.387169135000058,0.0174624812770525
961,0.0206265969099261,0.347284723411825,0.0188216353001819
962,0.0256005596689111,0.28080041800936,0.0150562947860882
963,0.0178523745309254,0.307326803395091,0.0166407458505146
964,0.021879300164766,0.393958645306081,0.0129227382422772
965,0.0216487650489764,0.393278312710409,0.011443111602796
966,0.0187297269187813,0.438470761821119,0.0115809815774135
967,0.0132105597860336,0.441526755560528,0.00912243310592214
968,0.025233379525858,0.384316361063915,0.0167380854796169
969,0.0182423971475369,0.387921891760111,0.0142163723736959
970,0.0280289697600694,0.36012949185716,0.0183258079490147
971,0.0130924387074051,0.398280342143824,0.0132227956159492
972,0.017192838496378,0.397929898610266,0.0123135149122444
973,0.0128198248932545,0.386930753974554,0.0132146907868315
974,0.0220822493839801,0.387768583781811,0.0115690902009398
975,0.0243997439118419,0.361789267587391,0.0164030202441268
976,0.0192005470127323,0.403354280674191,0.0152154161509752
977,0.018917830521299,0.404257362312393,0.0126013841508546
978,0.0196954132472914,0.388599970578772,0.0140077437976424
979,0.0194221281566907,0.392322701216375,0.0127158324823694
980,0.0186440515109049,0.449092633549589,0.0114783359291296
981,0.0241586836457352,0.363156345859148,0.017485217168928
982,0.0181567717802929,0.374419126402564,0.0162336583774548
983,0.0164999397888402,0.393106353607467,0.0193571092399872
984,0.0147631614013604,0.39657714687719,0.0138323123161699
985,0.0212067603575195,0.392660736684178,0.0143897573540205
986,0.0191364769430659,0.393102905534504,0.0139696005515478
987,0.0191731757939145,0.375014669416591,0.0140396571150468
988,0.0185937625444079,0.399695384123213,0.0135618373473281
989,0.0111369030763993,0.381876540202106,0.0138704849385473
990,0.0069348188488944,0.386828967950487,0.020458512441848
991,0.0216898775075399,0.417058797256187,0.0134802560509112
992,0.0170626990283867,0.382323453110838,0.0102164398569803
993,0.0236046794216184,0.43600545205813,0.0155526653173749
994,0.0139130649936465,0.442814245108544,0.012579596335035
995,0.0224858133345131,0.414341537585769,0.0151740648707702
996,0.0186013290453223,0.393898951664037,0.0162534184267597
997,0.0122661537227793,0.37846320668538,0.0132553747210041
998,0.0168079335974526,0.398478635873435,0.0153663822326712
999,0.0229458179625944,0.395516655939436,0.0141929246359974
1000,0.0114585179166315,0.38666579203816,0.0225688797017759
1001,0.0194378479144472,0.450482055377698,0.0119149444003903
1002,0.0168122410314284,0.37876093508126,0.01581418054516
1003,0.0138315804626976,0.375642836589558,0.0175869832270918
1004,0.0184605826284553,0.369989876060664,0.0147005459079298
1005,0.0160454270777297,0.393274474890032,0.0165048206525946
1006,0.0216701968038445,0.383193587683889,0.0124268431755639
1007,0.0103488551868514,0.40227035213937,0.0150935403860346
1008,0.0158673308292393,0.393413371973929,0.0128458728857336
1009,0.0155431374477678,0.426812691063628,0.0122324859083337
1010,0.0201481896681827,0.439041184160111,0.0119551157463094
1011,0.0265609346584951,0.443674346385707,0.0098241812892138
1012,0.0210210082545028,0.397162650259269,0.0147591526248843
1013,0.020667059752491,0.404207226290169,0.0142935447631781
1014,0.0248056181156877,0.384826172323033,0.0163112968837715
1015,0.0194873549314597,0.408884036322669,0.0116353209438472
1016,0.017492667060645,0.3949043057793,0.0140781206262379
1017,0.0127155471657456,0.412025545423148,0.0137885062152762
1018,0.0235954835978688,0.384486838417081,0.0142229452296358
1019,0.0170635385241971,0.387685658884291,0.0182415227420137
1020,0.0270985527676753,0.374296920001517,0.0147750360996984
1021,0.0221915844124648,0.357412682017706,0.0175399480121582
1022,0.0233226115496283,0.345463829690121,0.0150418410643598
1023,0.0217485665549012,0.392997578132822,0.0152611167822195
1024,0.0228610618604773,0.392923878725266,0.0141145694954375
1025,0.0141535541305401,0.392809201537383,0.013733177592802
1026,0.0187010707752882,0.389789106024425,0.0135373685574085
1027,0.0138617298929819,0.447770663173206,0.0141642912396697
1028,0.0184873982716952,0.441009000850286,0.0130238360081077
1029,0.0213221927371613,0.408011591984385,0.0152084955561668
1030,0.0217744743665601,0.450205650529667,0.00955468173306871
1031,0.0141840056859832,0.438745368842359,0.0132327730479651
1032,0.0183201330655701,0.438719681802169,0.0133987526294991
1033,0.0171585983298034,0.43528348326174,0.0106827855977546
1034,0.0179945406605291,0.391415880305788,0.0144951852851527
1035,0.0204397947935578,0.388267559221505,0.0172990938918448
1036,0.0165605758844214,0.429400562388683,0.0167772344946063
1037,0.0172211770572416,0.39010442422571,0.0140846388986152
1038,0.017180235491066,0.37460660791092,0.0163304283004963
1039,0.0153958908698483,0.42926914374244,0.0149087299796779
1040,0.0190744743100308,0.434783755785366,0.0126797798235255
1041,0.0237582642219729,0.432530140525155,0.0131609321823329
1042,0.0205111078269415,0.376703460855436,0.0132369554831509
1043,0.0124056191288618,0.427598088990618,0.0102775356206503
1044,0.0189541353970826,0.448531547351387,0.0121882303285353
1045,0.0161915382851301,0.392011359242909,0.0118613698520939
1046,0.0239556889839951,0.381477737167561,0.0103337383004735
1047,0.0203510650375688,0.398056458020211,0.0132286253123152
1048,0.0240361878918791,0.391550876355379,0.0131936295048241
1049,0.0230652476887359,0.381709439307988,0.0161981009707905
1050,0.0164719795976961,0.395609187951524,0.0170860786515737
1051,0.0167280932720279,0.422086826405282,0.0171231842770374
1052,0.019994100595554,0.398216274536466,0.0128480096584779
1053,0.0221291887390305,0.389674486759429,0.0140143082843626
1054,0.0156692694884721,0.375763133716952,0.0140932622687779
1055,0.0164596474671744,0.442893689601081,0.0147381553229879
1056,0.0226820983556692,0.389920188752146,0.0137425326013349
1057,0.0128137998476611,0.377801775688215,0.0184100624611222
1058,0.0186923428578662,0.393633135054352,0.0106928113082043
1059,0.0175262386230615,0.394455746742925,0.0139306498917738
1060,0.0229795267850736,0.356604507024666,0.0165910603643142
1061,0.0208553441803382,0.388664941584668,0.0176167270660654
1062,0.0190285523230671,0.378766422627577,0.0150662014979121
1063,0.0252456559829828,0.35282175683626,0.0143351444104051
1064,0.0146660708417995,0.37525219911978,0.0111739884393461
1065,0.012479338473771,0.435663454154679,0.014877944233636
1066,0.0193397574472796,0.39443551713742,0.0124050013128556
1067,0.0099862624961477,0.389134934976914,0.0168196559932556
1068,0.0206744612868531,0.399251497344221,0.0143014691330802
1069,0.0179099150814484,0.397193428055107,0.0150336644707728
1070,0.0151895400740168,0.403647258620418,0.0140454110070417
1071,0.0257956239458224,0.397027219018933,0.0106470145963955
1072,0.0170903214914805,0.393822634232698,0.0170540677062377
1073,0.0130963907014389,0.382876851747634,0.0166807674413283
1074,0.0217497679625604,0.377235375829997,0.0173851270177195
1075,0.00980986572314891,0.395325613496693,0.0150612462155075
1076,0.0191456687576781,0.435821368027393,0.0123396258757952
1077,0.0259840373521681,0.397074605729769,0.0130189776595388
1078,0.0105255565705275,0.397421630956982,0.0140113015021577
1079,0.0189920348235211,0.39142913359993,0.0113311760401813
1080,0.0136688669351801,0.394265642728877,0.016003123753642
1081,0.0129045462877576,0.377646239864349,0.0158031194121456
1082,0.0162810523875797,0.374131906700859,0.0151747293972374
1083,0.0194308563804416,0.446934682544634,0.0108836581876172
1084,0.0224954451493445,0.441207710514498,0.0106324928692741
1085,0.0210496644720399,0.396444821736111,0.0151938010208433
1086,0.0175082337621717,0.385453232606581,0.0175586177939124
1087,0.0206941018478062,0.416156270034555,0.0137499916720187
1088,0.0148616708526554,0.396669540915019,0.0159867060371594
1089,0.0106559580082502,0.40191382803239,0.0156588354895585
1090,0.0205989068326083,0.388727573484342,0.0150487355053879
1091,0.0276325971812649,0.392908066947602,0.00894796607642665
1092,0.0211406648701842,0.435231033609749,0.0131218204033963
1093,0.0219299513441406,0.437550855013879,0.0146316399639881
1094,0.0208379752528202,0.379683209332468,0.0144837739854783
1095,0.0222218207857316,0.38880361488539,0.0121258168073335
1096,0.0169298912372023,0.387198397192728,0.0120508684858709
1097,0.0186299186160233,0.407708211456085,0.0166857122387683
1098,0.0249531366787874,0.376087885202249,0.0154445425605181
1099,0.024386683134869,0.385614647873792,0.0132650458544318
1100,0.0200624880262027,0.399485310509402,0.0137041761838867
1101,0.0184938696425258,0.398185228195457,0.0135600498139814
1102,0.0256914667646215,0.399955863239199,0.0151027319809744
1103,0.0189044191024186,0.385808983229766,0.01581346986232
1104,0.0196752580788125,0.388581343093324,0.0120612132679217
1105,0.0253268796992684,0.413876319471677,0.0120921438500534
1106,0.0206420382436506,0.389934227083376,0.0137008170576893
1107,0.014053199508333,0.386768543499078,0.0158710467661767
1108,0.0222280259937167,0.391449165192421,0.0169141944974524
1109,0.0219197119794902,0.38063795580175,0.0162456438104216
1110,0.0155685169243508,0.395583721134168,0.0167434806250219
1111,0.016215472469439,0.389683210618261,0.0150454114515664
1112,0.0228936283494563,0.383840822997278,0.0158609038794306
1113,0.0162467470103451,0.37641150622745,0.0116041910227517
1114,0.0172719315577564,0.440883175120726,0.0127169760389805
1115,0.0200951711210134,0.442551615573705,0.0125380321263885
1116,0.0216211835729275,0.389627184606451,0.013229848305291
1117,0.0213913298605607,0.390559800317952,0.0138239477500086
1118,0.0110407461610733,0.397200083499961,0.0148600211183215
1119,0.0184477767331436,0.384310858406464,0.0154410530379924
1120,0.0202518378715053,0.384290514288613,0.0154779101690099
1121,0.0160431695745838,0.398412572448352,0.014607203043421
1122,0.0238608377613578,0.392563487953263,0.0124302475252358
1123,0.0173698566008176,0.379469422675122,0.0118652686079387
1124,0.0191310456532691,0.38910262107707,0.0143255749418317
1125,0.0174896546398816,0.439827827294545,0.0157601217337496
1126,0.0257388670737863,0.43413339763662,0.0123198964429448
1127,0.0157883606838483,0.429171117286128,0.014557546489826
1128,0.0193110265468049,0.428526290362973,0.0101268234878725
1129,0.0176741436558649,0.442663819989012,0.013444773329691
1130,0.0233796488784197,0.380153329084379,0.0156488690732225
1131,0.0194674432888986,0.370258506666131,0.0157267405609346
1132,0.0171338177439729,0.388450953264491,0.0126900167239663
1133,0.0218392143567491,0.377998574001579,0.0165902532281752
1134,0.0181182627574887,0.389587594958774,0.0135085815382369
1135,0.0210415815312314,0.38837258802794,0.0145430517820783
1136,0.0254471581185624,0.393923420726662,0.0165133876312115
1137,0.0227791748519697,0.386493861904217,0.0190793586452525
1138,0.0145573543324762,0.3875520030972,0.0129139675321033
1139,0.0233424868933232,0.391863458794419,0.0148979700121422
1140,0.0148154228027828,0.36322182038846,0.0153237668609589
1141,0.018256179978941,0.393773295983018,0.0156161507874286
1142,0.0249042763100328,0.390232965858034,0.0169829428787278
1143,0.0199595329861788,0.378524282474055,0.014305349993021
1144,0.0178309736332398,0.377600155504919,0.0138220495799685
1145,0.0245901662441927,0.393946803749857,0.0167279692957691
1146,0.0166445144332878,0.386158061241332,0.0118315395667631
1147,0.0219128777714016,0.375355897689622,0.0183292434331357
1148,0.0184057664898254,0.376533388165775,0.0155644297503848
1149,0.0244805749855853,0.374473722424282,0.0191135453578559
1150,0.00965833799726477,0.392482194059766,0.0133365396250636
1151,0.0118181999213665,0.38736855696914,0.0126524959889126
1152,0.0245090818149816,0.388134340503972,0.0111897562446007
1153,0.0207114474628657,0.389935561613757,0.0146903462250464
1154,0.0192494515547736,0.443129695745543,0.013110734334877
1155,0.0190247955292004,0.443966682659019,0.0137838857030124
1156,0.00995551683249188,0.444771546541071,0.0113651110359725
1157,0.0192998198996065,0.434462132222361,0.0119842015990616
1158,0.0201848043897435,0.393808587804115,0.0121604565458922
1159,0.0214411136175029,0.373573439890545,0.0152962290387112
1160,0.0137499652078514,0.387498368525031,0.0143273454962884
1161,0.0130794573750342,0.394959236281338,0.012412680987975
1162,0.0191917277284977,0.429819604964491,0.0131742821980004
1163,0.0186527684662483,0.444946362268086,0.00970234605697585
1164,0.0210925809471435,0.384520126134031,0.0128034612990535
1165,0.0165915181596351,0.398286417681428,0.01268450701321
1166,0.0134830349028154,0.342473626558463,0.0180855898375219
1167,0.0244701723158603,0.3738074506322,0.0153044155858778
1168,0.0118357654670794,0.396340879638297,0.0143358046844671
1169,0.0185749239788326,0.390162468383753,0.01709331349871
1170,0.0225661156892568,0.395839899232226,0.0148624926183821
1171,0.0236676821350434,0.397790031545858,0.0194361569211903
1172,0.0172262568618281,0.433327758759497,0.0122005810927652
1173,0.0146096013838268,0.438385704076758,0.0155698726508736
1174,0.0171215051446725,0.394705593465084,0.0128512639047594
1175,0.0208442631524611,0.388267677529448,0.0145499729600724
1176,0.0286461440616695,0.400180568322344,0.0135383485026179
1177,0.0123900840873192,0.423952838113361,0.0143112664413961
1178,0.0200403174051076,0.446443055710127,0.0136275638992939
1179,0.0211529234420485,0.397606453597082,0.0124253319693351
1180,0.0175921630317,0.410540619033654,0.0139770675840514
1181,0.0159168798850703,0.376440714433628,0.0121734171779925
1182,0.0142114829376337,0.397414393129398,0.0168852806565037
1183,0.0202017008869659,0.340898589036094,0.0141320514969841
1184,0.0166361522001139,0.388118885031186,0.0152222254585936
1185,0.0172576728496961,0.448938999614098,0.0122264670587573
1186,0.0178744301182562,0.38628227461205,0.0163569525658515
1187,0.0178616996413572,0.402353863145828,0.0126668588325539
1188,0.0236985011406571,0.425061697893475,0.0153966273314009
1189,0.0175620897821638,0.431468838783849,0.0111443807648656
1190,0.0101040641367045,0.387180048371342,0.00955070804620091
1191,0.0180794710002269,0.383112941088595,0.0128405328929678
1192,0.0254477005239133,0.391616286363929,0.0145057317811324
1193,0.00821531590051349,0.406738221904778,0.0134892213217919
1194,0.0150959558878365,0.410823853517317,0.0122052822058471
1195,0.0163944269106977,0.43227069869951,0.0158042565580508
1196,0.0306393208856214,0.429295545166845,0.0124234233996954
1197,0.0224801645824193,0.425373038617188,0.0131890955050533
1198,0.0205283391306101,0.443614309956703,0.0127910997160513
1199,0.0297728191662663,0.391169789046711,0.0154384012957865
1200,0.0220080952556021,0.393857857728765,0.0160484873040812
1201,0.0197227092694595,0.425297289287181,0.0146532097180623
1202,0.0221003359453184,0.375135427337908,0.0145099211378833
1203,0.0138475720278296,0.389155995645542,0.0122203420245298
1204,0.0132669597237714,0.377388065647334,0.0162976155143492
1205,0.0229343578327245,0.374349556166444,0.0166460463723256
1206,0.0202937499327566,0.394547751728744,0.0178585763021804
1207,0.0112737015038672,0.446400779612745,0.0110253372949788
1208,0.0156832756284119,0.38201964272199,0.00999384886590425
1209,0.0190238055340349,0.393129208737321,0.0132889996067209
1210,0.0205278508144804,0.398366472925727,0.0128125740022066
1211,0.0157705968752827,0.394595612609512,0.014750145012183
1212,0.0231031461695746,0.431383017417827,0.0151385738419392
1213,0.011430694640733,0.393578271883466,0.015491789362044
1214,0.0241010243813284,0.347445382972491,0.0166057937707044
1215,0.0188098584249493,0.408655229519824,0.0153860598555206
1216,0.0146969416526824,0.394329541596941,0.0142560889265761
1217,0.020687662208981,0.433377148383718,0.0147550441958398
1218,0.0207187223818062,0.389652328995731,0.0135208932844257
1219,0.0195416480805642,0.413444531427152,0.0127372105860515
1220,0.0119979087296595,0.38153387933924,0.0143610302262738
1221,0.0190955277082667,0.40944001008348,0.0127524501521165
1222,0.0162516443047745,0.397534165438256,0.0143764066656494
1223,0.0164683679956403,0.376315274901085,0.0135495327242538
1224,0.0167570504141535,0.445147549832946,0.0127056609546059
1225,0.0232875663502817,0.392469018431274,0.0161213254102357
1226,0.0244748386452196,0.392335132785745,0.0184221025493646
1227,0.020230280254239,0.439055716843519,0.012768905526659
1228,0.0205531911307401,0.446863653382805,0.0118810816559574
1229,0.021227363718504,0.420352220984987,0.0150936624227731
1230,0.0179862020581997,0.41809540203522,0.0150732297152385
1231,0.0208128748039697,0.348645303733394,0.0126339403585805
1232,0.0206706098982633,0.357032715613279,0.0144756252898667
1233,0.0213222978341826,0.4037357607714,0.0144442627227014
1234,0.0114700661477468,0.443917642735481,0.0130329511956732
1235,0.0150244757742847,0.447213630975719,0.0153430661354438
1236,0.0227474713060387,0.437638207030752,0.0127085498262334
1237,0.0147663006171723,0.551951061480564,0.00859559844623087
1238,0.0151123125528899,0.496579706659615,0.00984917509983694
1239,0.0178841106166815,0.541644558108199,0.00820557714389603
1240,0.0210021735234397,0.428159684571144,0.0135348490216058
1241,0.0180881613306617,0.453046194101936,0.0149760536383185
1242,0.024072831415978,0.357331428933627,0.0164773737632836
1243,0.0142298050262893,0.356320274821881,0.0168524966172007
1244,0.0235881506692128,0.398004262496864,0.0157364035853267
1245,0.014676730596467,0.373798531308934,0.0153589851538802
1246,0.0168439679032514,0.397040873080414,0.0155302052654378
1247,0.0125343516158123,0.384901148285905,0.0183861435046178
1248,0.0195455060817622,0.390306348810314,0.0157947710953463
1249,0.0147915796938662,0.387795467681294,0.0168317455981166
1250,0.0188266337362633,0.383327739774901,0.0142480774454301
1251,0.0239240535954242,0.398713389717543,0.0162381742345621
1252,0.0232161226702171,0.399542730044914,0.0158186634088373
1253,0.0226029655635613,0.409079112183519,0.0131617775481345
1254,0.0192482246426919,0.39579658851661,0.0153591615781734
1255,0.0264212646698049,0.398534410818684,0.0114821144843265
1256,0.0204118792180664,0.394601533240707,0.012607483869374
1257,0.0223322150264599,0.391288057255968,0.0149480457879845
1258,0.0283035943096416,0.379200357427384,0.0165383934921321
1259,0.0181514533528178,0.385814824492251,0.013219519142657
1260,0.00786709624935492,0.388909287237514,0.0233165869194518
1261,0.0202326979743764,0.382468562173388,0.0149076381030463
1262,0.0188749802067989,0.383431766734759,0.0149151567568987
1263,0.00620614218178184,0.401789045497592,0.0139375789094166
1264,0.0143271385390647,0.427704545853648,0.0123027796609764
1265,0.0212177558392518,0.421485692469417,0.0167861703602741
1266,0.0196667773124029,0.304893445245067,0.0187818813340223
1267,0.0218841319249412,0.231321372214642,0.0163671760405696
1268,0.0269197426051785,0.181401052943416,0.0293901444967622
1269,0.0133216671577079,0.217804933887778,0.0200388810153564
1270,0.0162223942119045,0.284850103717387,0.0136436757758705
1271,0.0284402500208191,0.282014735541574,0.0146079287444682
1272,0.0211806769295234,0.345222119235388,0.019584862933535
1273,0.0203491598147865,0.393275503075204,0.0158147589925717
1274,0.0232524552760381,0.390703227789291,0.0146648798478964
1275,0.0140945621312148,0.371787615237511,0.0169241218948725
1276,0.018936068519141,0.37402719849333,0.0126204021882905
1277,0.0152410111247359,0.436988474976733,0.0135437445644617
1278,0.0220719593161309,0.398798770706069,0.0127103642056991
1279,0.0219115520113962,0.375798828448125,0.0163109058092476
1280,0.0203343699619814,0.374890417679826,0.0122495965779638
1281,0.0188179213226316,0.388083539793641,0.0134715707740252
1282,0.0234855436462822,0.397669425498655,0.013427248786954
1283,0.00795365922034519,0.371994093634456,0.0109424539060894
1284,0.0145256837319328,0.387917419551272,0.0115369903560313
1285,0.0160335023906771,0.398874860716049,0.0132491241085048
1286,0.0191148325381647,0.385237943800892,0.0142307115952576
1287,0.0206789835906792,0.396155160775456,0.0148320429135484
1288,0.0237366447241484,0.372638792672049,0.0128066304893444
1289,0.0204335677360273,0.387078763522731,0.0184278789389126
1290,0.0237988022584107,0.393566027983656,0.0104525561290932
1291,0.0170853033358077,0.389134278841946,0.0176563288587964
1292,0.021719399527401,0.40056515891636,0.0169618281983476
1293,0.0214799159116046,0.391363598892038,0.0153889038229013
1294,0.0196849069733241,0.403828799599577,0.0136004054069457
1295,0.0253119012560393,0.389147283776165,0.0122150233978987
1296,0.0150496905303488,0.410784488436195,0.0104279197586051
1297,0.0120564844493759,0.396706052235475,0.0140269383135094
1298,0.0246233510908339,0.396811830462714,0.0161870439622829
1299,0.0346745920944458,0.383489609372155,0.0111550297641859
1300,0.0227098808644468,0.387706254385884,0.0125756533459014
1301,0.0215830051253258,0.392901836182151,0.0123471844354216
1302,0.0210493414266328,0.376249708883082,0.0155930596722736
1303,0.0215608958595032,0.38374936762735,0.0126082237359424
1304,0.0155225761710375,0.400311663011829,0.0161419371253701
1305,0.0166444765897483,0.436139047322353,0.0123335751859532
1306,0.0164890248568823,0.428529598345009,0.0118414855688727
1307,0.0163449719698815,0.41497309335486,0.0123451599427507
1308,0.0159895493902525,0.390699715490011,0.011992003518542
1309,0.0139732768407487,0.438566024129375,0.0118693434670317
1310,0.0228222480353401,0.388044115155148,0.0143527196563255
1311,0.0262338461305254,0.362532630356934,0.0201287828639279
1312,0.017256148732066,0.371997285810702,0.0146371999454424
1313,0.019710563659175,0.377084916952748,0.0130702725276235
1314,0.0224862953765083,0.437586006995743,0.0108374900679938
1315,0.0208484698831708,0.397178340969791,0.0122855164600242
1316,0.0168783327448029,0.399234930671158,0.0136043778591982
1317,0.0246576376240113,0.378312778395168,0.0145231800095096
1318,0.0144197692366085,0.393122586732391,0.00935925705451297
1319,0.0161060121450007,0.382542044567424,0.0121533526232389
1320,0.0227004570247959,0.387174325347204,0.0107431429201775
1321,0.0188429667395265,0.391430405002046,0.0154420610688565
1322,0.0235645184325,0.387385787467447,0.0153520729870934
1323,0.0159760714902031,0.378447993714952,0.0171020366682354
1324,0.0190826885476496,0.380822983731752,0.0177673095462885
1325,0.025413849482479,0.418511661678627,0.0161676396997739
1326,0.0186401298206156,0.396215265120572,0.00922987649258969
1327,0.0253572512809024,0.399313816005179,0.0144049079037507
1328,0.010631080960843,0.375374971362199,0.0150566743901785
1329,0.020434813079304,0.390828486308816,0.0145866993757907
1330,0.0209341666834218,0.405420620003332,0.0164510622814077
1331,0.0206312524355326,0.379572313089226,0.0129157157675768
1332,0.0223352049020021,0.437039858431362,0.0117761026417861
1333,0.0276316881573509,0.39041055847031,0.0112629302051668
1334,0.0222308991818435,0.380349476707415,0.0136596967194821
1335,0.0156787963061683,0.3755121399836,0.0117021410815665
1336,0.0220055950431843,0.41151882506755,0.0128246655441818
1337,0.0136045964982492,0.398851443556711,0.013285292353394
1338,0.0144902220530671,0.395555324748032,0.0159857840114145
1339,0.0253126556161564,0.388575583351033,0.016946281659313
1340,0.0256151845905096,0.392769231727812,0.0135608678870266
1341,0.0191187460507305,0.396540377937916,0.0159197824243267
1342,0.0178861188691455,0.413031713546848,0.0150275293038155
1343,0.0154236540158598,0.428259893495331,0.0125360854989682
1344,0.0125577451926512,0.376317486559348,0.011830775382681
1345,0.0170676646009923,0.397848548062916,0.016066279521591
1346,0.0152081499522521,0.385170505066354,0.012926944944862
1347,0.0192252980052214,0.392690117850902,0.0143208300614181
1348,0.0205895728987171,0.389217803034562,0.0126139095184509
1349,0.0233140551033097,0.392037030089247,0.0121030970176871
1350,0.0180203600062352,0.375771381314314,0.0136881990957933
1351,0.0229990920027476,0.378772116165217,0.0111908050449993
1352,0.0227550104704053,0.376163890292421,0.0136790550387138
1353,0.0170689881258258,0.355009615092613,0.0136772599992183
1354,0.0224499736129193,0.303417712297794,0.0118083009978611
1355,0.0187982681117803,0.27224005670731,0.0193458271728018
1356,0.0170205351900135,0.295246139263367,0.0192127235193692
1357,0.0135274458789235,0.301206131128562,0.0171065718834317
1358,0.0207980841105643,0.329397059835671,0.0155286150125904
1359,0.0182861134288078,0.287207820187666,0.0159931792712832
1360,0.0243431969987768,0.274695016554161,0.0187313085931712
1361,0.0204719830423242,0.210891984526684,0.0251596824604052
1362,0.0271032590765964,0.27360162443067,0.0163715709000089
1363,0.031638680013755,0.286644389744498,0.0132287931831301
1364,0.0169178688309012,0.293020628768957,0.0187247840557542
1365,0.019635585527443,0.282840681793673,0.0194680044726807
1366,0.0242709037081767,0.223384131039509,0.0188685200149992
1367,0.0191857270647899,0.237608787515421,0.0249784470281147
1368,0.0166681410701225,0.273111610964797,0.0159394108846068
1369,0.0201280937299239,0.297740890455007,0.0176602830013974
1370,0.018262791696058,0.299254856228239,0.0152740868347056
1371,0.0147909321443055,0.278382027754061,0.0214611012306024
1372,0.0166056309827139,0.289377101430807,0.0144319957763563
1373,0.0157079582329235,0.290408678880213,0.0174769721328142
1374,0.0132526339024258,0.284094515154783,0.018847875235015
1375,0.0289514716675521,0.278762862713005,0.0180908291224725
1376,0.0150868201329105,0.291778273770756,0.0150084262695293
1377,0.0224509291029278,0.279142427180678,0.021127075017817
1378,0.0209850990595109,0.301681670256667,0.0166873622939173
1379,0.0189130079551317,0.228368982203924,0.0190857142349549
1380,0.0195135990379288,0.226895744374881,0.0152546974303717
1381,0.015562324221128,0.224218154981381,0.0198992212271602
1382,0.0263304576397819,0.221382737693388,0.0194343123837071
1383,0.0239141210585511,0.247467771272003,0.02328763532286
1384,0.0292663744836324,0.277397593285249,0.0223118901440074
1385,0.00979109080991914,0.260659440654265,0.0190907165538528
1386,0.0218161460578554,0.341763714591992,0.0196175133611465
1387,0.0113669754805897,0.368456855021811,0.0125903750380328
1388,0.01697095286636,0.319282632883622,0.0209279587387196
1389,0.0155760154613729,0.377229681397372,0.0204362465599659
1390,0.0177437087848983,0.38809676935053,0.0161286665584457
1391,0.0196538082854524,0.398399371094094,0.0104399343778345
1392,0.0165100293081602,0.390200103251652,0.0157829635619173
1393,0.0180114231317259,0.388370001899178,0.0181617047485528
1394,0.0219152462928311,0.392455821588417,0.00946360827524583
1395,0.0222980044497319,0.450531439279125,0.0125222727428255
1396,0.0173023986889672,0.442827068686562,0.0119939680083213
1397,0.0168466505681176,0.434022661068104,0.00922829177043614
1398,0.0159173706215683,0.479840611942247,0.0105351532565229
1399,0.0238756116645364,0.41869720504666,0.0153357767148722
1400,0.0171046480925752,0.375538562653657,0.0141582913174553
1401,0.0189962666783894,0.374264091634912,0.0175756872677218
1402,0.0117242983604399,0.39328890234314,0.0130286950701515
1403,0.00957980675550468,0.414532875607576,0.0112677657923867
1404,0.0226388099342463,0.392492468560818,0.0100031284420294
1405,0.026814788054182,0.41887008180249,0.0176034978721772
1406,0.0157351240011907,0.385116906576872,0.0145068008773552
1407,0.0239016475683993,0.387205915258891,0.0161382410601804
1408,0.0236544913255517,0.396465696254485,0.0184353395413105
1409,0.00950610267622983,0.399504080183622,0.0140573987856981
1410,0.0266034177684285,0.376216269001549,0.0150689239143691
1411,0.0249163273541359,0.366687416212783,0.0145130180424241
1412,0.0175437612182843,0.28271180206384,0.0172795327792276
1413,0.0224663088153078,0.213277332005975,0.0178305656703466
1414,0.0144093466057639,0.27725590250116,0.0168913895374412
1415,0.0238535485352158,0.289982426873715,0.0153667287849219
1416,0.00745088653577091,0.295749147111555,0.0128518167676244
1417,0.0183562298168426,0.243668891306406,0.0190185592947484
1418,0.0165050152759922,0.275176754061738,0.0152924906504275
1419,0.0221789154999595,0.256252804304054,0.0206786660562506
1420,0.0231920995536118,0.277877658766879,0.0205565317108369
1421,0.0278453096647661,0.330407001959025,0.0200009745795546
1422,0.0172770692302454,0.281136665435923,0.0181642009075869
1423,0.0227299911988945,0.311625344089102,0.0148468672681514
1424,0.0193702584926365,0.394843622892175,0.0144219354307306
1425,0.0218368499987837,0.380571594114705,0.0125837700570361
1426,0.015521498062267,0.447003521743526,0.0109792818312785
1427,0.0188808384966254,0.390547478475309,0.0139104317189277
1428,0.0194477009763592,0.364370553920077,0.0120206745434625
1429,0.0238369203755134,0.393975545989701,0.0151100602953054
1430,0.0159133306987033,0.382712856871607,0.0163038826394248
1431,0.0124433404613389,0.406050711161077,0.0181924930363686
1432,0.0208221381119122,0.397854004682483,0.0149761990610077
1433,0.0185886512357649,0.358775740285436,0.0160090655289371
1434,0.0238786517232747,0.383129101359334,0.0119910585445802
1435,0.0139522841617197,0.376197561816276,0.0135832788140118
1436,0.0166003975281705,0.388834045324631,0.0146647284902735
1437,0.0245019897770099,0.381456950468703,0.0113353091825662
1438,0.0182598114085518,0.38073904685372,0.0169285203952036
1439,0.0202159727677813,0.398119860553352,0.0117640743166413
1440,0.0182451124548372,0.391498360411831,0.0138257932426415
1441,0.0223487421399125,0.396212325655548,0.0138867814256365
1442,0.0259376722983131,0.374471604804907,0.0146237267537266
1443,0.0189247758967623,0.387596450079337,0.0128859748607185
1444,0.0214287937773647,0.44659824353702,0.016011619276293
1445,0.0163845377816089,0.398267378826163,0.0128113837740666
1446,0.0196287919201249,0.376659050795439,0.0151739600198651
1447,0.0181757998948822,0.382440439287417,0.0153282666281878
1448,0.0187328113646694,0.38368072949209,0.01560627029659
1449,0.0267145646682627,0.379130508768481,0.0145053860762159
1450,0.0150238756442131,0.385125586438911,0.0141377055953632
1451,0.0144754367721857,0.375436936557865,0.0144216043367969
1452,0.0147468061531032,0.434227066994291,0.0157008371873994
1453,0.0157700110059061,0.447046019681317,0.0114989183167424
1454,0.0156430947437403,0.475340802352116,0.00945504896656425
1455,0.0154767496241433,0.414260498723201,0.0130268522765583
1456,0.0181744974893867,0.38739105343752,0.0139083694441732
1457,0.0185082196597681,0.359961476143868,0.0172438971444012
1458,0.0158028122035304,0.391748434116736,0.0171137049637363
1459,0.0156957690457017,0.394154485440386,0.0134552404242524
1460,0.014961436784247,0.392904971529354,0.0122764622335591
1461,0.017564495782144,0.390571754943475,0.0159667394046559
1462,0.0184021924473529,0.446062939264925,0.0130936399265354
1463,0.00861076159121269,0.380204285533071,0.0120970473911897
1464,0.0239986975085772,0.424893675027159,0.0139238798843978
1465,0.0187987585769057,0.39965910824989,0.0142797101705558
1466,0.0224818710423488,0.395320425011611,0.0182446464869041
1467,0.0170960229823666,0.385844937131414,0.0212421328323672
1468,0.0248757614139954,0.391702185947088,0.0118513877699026
1469,0.01055008362214,0.440512859592001,0.0154251447827804
1470,0.0208308053348506,0.44126353743388,0.0137780439219126
1471,0.0193671565607137,0.497821311831836,0.0113327867892103
1472,0.0198309786912278,0.495885954180836,0.00852337053232344
1473,0.0161295392151416,0.49438747988763,0.0143086929321173
1474,0.0205877528178683,0.410299858574701,0.0156292804495036
1475,0.0113046763376054,0.412559847441429,0.0113000652121769
1476,0.018801448445126,0.388904692347026,0.013587037691062
1477,0.0200332274073361,0.379895183750061,0.0119414708060642
1478,0.0184457983194682,0.409595956516048,0.0128142228851611
1479,0.0191732931163086,0.394463156283403,0.0160958557610175
1480,0.0175289860546774,0.380769939353325,0.014145715539024
1481,0.0137135966632988,0.397906256884404,0.0124057017186786
1482,0.0264097631429441,0.389570446801755,0.0180345614905693
1483,0.0148561387352331,0.379809177747577,0.013709525144514
1484,0.0163736049187474,0.392170345909369,0.0158336731139002
1485,0.0208539423994233,0.387896504073976,0.0158797048953119
1486,0.0143104981344135,0.392692965494058,0.0124193203506993
1487,0.0189107590119606,0.394140777742822,0.0130234565034461
1488,0.0196396699208929,0.422273567095493,0.0132265725467395
1489,0.0122341924210456,0.438234276562021,0.0136824761719388
1490,0.0156496800769361,0.42427367737741,0.0137121059120142
1491,0.024134781689668,0.433440135090493,0.0150318021964773
1492,0.0147637323775275,0.399351723395528,0.0156803313773433
1493,0.0235769968181487,0.387952515026624,0.0154231439650256
1494,0.020831865313096,0.437676669177744,0.0163326285907772
1495,0.0170583002792669,0.404635096159574,0.0160104817572024
1496,0.0154779039994701,0.3920185002587,0.0118916600796827
1497,0.02398832266489,0.368638311162004,0.0163112030601623
1498,0.0250068330114591,0.397664859824252,0.0139530283743338
1499,0.0297832583409698,0.369182752783815,0.0147223584048057
1500,0.0256720489847935,0.375060260064429,0.0114024323366404
1501,0.024393934131368,0.387691152481401,0.0159303283645725
1502,0.0274377221679273,0.304177922348194,0.022285609210105
1503,0.019352541092105,0.217543772380368,0.0226177604053287
1504,0.0295291832210074,0.226947401445572,0.0165847333672831
1505,0.0176260685466887,0.300177852051747,0.02775146241977
1506,0.0163442565485069,0.305348543952838,0.0134542438456356
1507,0.0229216887268164,0.278133436328034,0.0145276289029114
1508,0.0196587798459487,0.211953803311285,0.0175749123887095
1509,0.0155806118342811,0.289356081812536,0.0180083085615526
1510,0.0184356620923313,0.281959253864363,0.0150582737526773
1511,0.0282118229829106,0.276907231211462,0.0175352775533577
1512,0.0188362217130626,0.34345714198528,0.0201936778997679
1513,0.0192013155801849,0.475383424842123,0.0104231358012706
1514,0.0170341254857285,0.403219253374593,0.011207271830762
1515,0.0162766714968676,0.362293864676681,0.0148480107495028
1516,0.0191550969309216,0.391148043605163,0.0138291002471055
1517,0.0173437993192372,0.45045932318335,0.014775909469593
1518,0.0178520496283752,0.428555569510712,0.0123498741823082
1519,0.0112305941545705,0.443863723503516,0.0105854064964794
1520,0.0201992660877947,0.373675614099406,0.0144540692821904
1521,0.0148678711980676,0.383868359901277,0.0170995518409257
1522,0.0223000238163069,0.378308972419164,0.0107132693238487
1523,0.0177580668843217,0.42946705723965,0.0120308963956997
1524,0.0249853069414382,0.36001582717954,0.0133828086195207
1525,0.0183664318776932,0.396871379866474,0.0155820648604115
1526,0.0244963028121083,0.384665143791134,0.0155466774380911
1527,0.0220323152806343,0.434113074766088,0.010073338547305
1528,0.0192452800545108,0.411245727475675,0.016983822430015
1529,0.0220305613915173,0.438936067914073,0.0160094875333463
1530,0.0203790265382167,0.44091790256522,0.0145364498916428
1531,0.017499790635032,0.436308535808285,0.0137000391848072
1532,0.0159358610879121,0.426963048330393,0.0118309459306785
1533,0.0229523622195422,0.391703429686647,0.013827241355857
1534,0.0284397417412886,0.394676234268745,0.0113543267397724
1535,0.0172150668514106,0.362593806192643,0.0142724284206436
1536,0.0215981725719457,0.431061836306009,0.0132605952152895
1537,0.0217814157792551,0.439722428699356,0.0104538556653236
1538,0.0183661805425163,0.450193863510497,0.0122959673995617
1539,0.014827009266889,0.39472692037997,0.0142378399378276
1540,0.0134632536849844,0.387170214865591,0.0127673673140741
1541,0.0189476953083145,0.390122464455468,0.0140429786558376
1542,0.0209300691080125,0.397937640222013,0.0156759755720907
1543,0.016243573619382,0.392462924577197,0.0156115458698557
1544,0.0238503474770154,0.395177426708763,0.0139761293067977
1545,0.0186805978891072,0.398834699703013,0.0117286381754024
1546,0.0290656231778175,0.373493322835735,0.0112074353845549
1547,0.0179983695644512,0.397325742943559,0.0194785458875515
1548,0.0177896974451428,0.39238039993006,0.0113688497146621
1549,0.0112728697445551,0.391291223228444,0.0104551699205787
1550,0.0214965685012636,0.42666554939105,0.0116619455612875
1551,0.00871786234671537,0.391764290593834,0.0138456837238992
1552,0.013078992785956,0.438030381641233,0.0101019161334243
1553,0.0254521904662064,0.437190177907588,0.0115345830529381
1554,0.0186327834304858,0.378232680360375,0.013860890955347
1555,0.0169406259524577,0.393399895291716,0.0160789181623583
1556,0.0142373674103785,0.381996996889837,0.0132151811493955
1557,0.0216329755143623,0.374138545266713,0.0133719789525871
1558,0.0186902556470749,0.404068449566512,0.0123378536729972
1559,0.0197585484267417,0.430605703944365,0.0216002092753139
1560,0.0239405138297159,0.415974634223483,0.0128292117570554
1561,0.0233368746206692,0.372931861605017,0.0137406611997898
1562,0.0127769853073376,0.37028735050452,0.011597196197783
1563,0.0275490104933537,0.38760714773123,0.0121318453690185
1564,0.0197014012777107,0.378296336283893,0.0147921183697823
1565,0.0210627621427698,0.387779233284733,0.0132141273249362
1566,0.0224323381641692,0.37660216438313,0.0133253394139579
1567,0.0148586539484695,0.426553481402656,0.0122692964286237
1568,0.0174299149688187,0.39469436880515,0.0140093332613626
1569,0.0166345634707903,0.359087101988344,0.0186165818014902
1570,0.0109338800052964,0.396278938064928,0.0152668999291218
1571,0.012799032910928,0.402970413883662,0.0137855371841576
1572,0.0191394602844127,0.406169989197901,0.0161112705343354
1573,0.017389964305087,0.398957899008774,0.0159977006214435
1574,0.0178425612731527,0.385492060244974,0.016381477539924
1575,0.0222323840360719,0.394925852128497,0.0140633410823214
1576,0.0161333926650457,0.375343827696451,0.0184155573598225
1577,0.0274583499924898,0.381210224611729,0.0141416324711319
1578,0.027735931411238,0.377126119994145,0.0134473541672924
1579,0.0152540609156008,0.407892827101178,0.0145089579588183
1580,0.0176657473762228,0.397558116470688,0.0169434564851801
1581,0.0254119365498692,0.38310810639928,0.0129160044651815
1582,0.0216804510242594,0.389930619055887,0.0150571047700154
1583,0.0131862626023659,0.372979226533534,0.0124178447343452
1584,0.0257606070989639,0.376791671433733,0.0129010174997017
1585,0.0156746170902396,0.377457124218579,0.0139943184079593
1586,0.0214563930732453,0.391375819321112,0.0137955223843039
1587,0.0159868664743119,0.383604279968824,0.0118572398976048
1588,0.0200677920460444,0.397875815864651,0.0135814641466737
1589,0.0235898933453169,0.40272197222257,0.0171826340937837
1590,0.0191724064967388,0.391015262985689,0.0132750227871489
1591,0.0186163321907196,0.287039794187235,0.0216320622733979
1592,0.0136387843217378,0.353967812886939,0.0168722968789584
1593,0.0184250650641786,0.376375443581827,0.0194236564028344
1594,0.0222329295578359,0.389365742146819,0.0153542498176837
1595,0.0234202941679147,0.394231085360389,0.0126279481492027
1596,0.018896247850683,0.388342157330757,0.0160225714264738
1597,0.0261000133295885,0.396441827490369,0.0151675633124165
1598,0.0196482937093299,0.377347081497208,0.0122963982502097
1599,0.0166888763610753,0.417465992153485,0.0146216646572155
1600,0.0134371457985881,0.436980519431481,0.0138593071187716
1601,0.0157364515124221,0.475845638285888,0.0163864295042796
1602,0.0159249087836842,0.442495153794209,0.0140360017003832
1603,0.0186641287308095,0.444743676286629,0.0135655326921329
1604,0.0179786488180007,0.437611791042728,0.0127811668415495
1605,0.022390564845212,0.440987714866625,0.0115992655812304
1606,0.011887844852381,0.438410536838751,0.0124377818687221
1607,0.0205430220240467,0.397860520219324,0.0148103670294012
1608,0.0172651018213921,0.41429901114231,0.0224598565848415
1609,0.015150057462533,0.440041514804708,0.019051499194196
1610,0.02415659065878,0.384453644426686,0.0122503470926852
1611,0.0126170796664661,0.398291912496305,0.0130554349976683
1612,0.015997963814058,0.385434731156899,0.0143366028955292
1613,0.018707785754188,0.420256488374729,0.0128334168347936
1614,0.0226114344362648,0.438562755293137,0.0137725402618014
1615,0.0228694651905024,0.445986608927231,0.0141710618209044
1616,0.0225772744139145,0.390214049628645,0.0103971786678986
1617,0.0188908274606516,0.398648161924833,0.0134175172153915
1618,0.0196530532595556,0.391109422449601,0.012487759007689
1619,0.0249195017267045,0.399484251706525,0.0147847294691578
1620,0.0192307848138502,0.394197486638969,0.0177530791223781
1621,0.0241564014719461,0.370904618824241,0.0110870335249479
1622,0.0108457738045615,0.392913366241,0.0120810570819616
1623,0.0144378909791131,0.446726845734802,0.0113462994208418
1624,0.0146759747037321,0.450530039821451,0.0110362997458439
1625,0.0175266969935828,0.446524691414368,0.0120286773168431
1626,0.0209318321612163,0.384697771519698,0.0171686179828745
1627,0.0130823766120263,0.357983612229015,0.0139830587780324
1628,0.0137420318792289,0.292035260505058,0.0166555507520216
1629,0.0207969761051618,0.288718789342232,0.0154295289640505
1630,0.0292758693276376,0.353507873401892,0.015577916476033
1631,0.0197098210021455,0.395371246112303,0.0204695736607478
1632,0.0214572283918237,0.410247817520258,0.0138542410808337
1633,0.0124942306150981,0.43714020587802,0.0136092869959074
1634,0.0182501707533116,0.391928767009859,0.0112016501266305
1635,0.0225619235987384,0.378376620568935,0.0180563599013693
1636,0.0203263133395594,0.374734902904861,0.0157581781907255
1637,0.00996368600518317,0.394391013076044,0.017443386659515
1638,0.0153643472875645,0.392597031515099,0.0127433009799826
1639,0.0194672173494383,0.397817672960197,0.0151284551231011
1640,0.0279445024538412,0.392795565023822,0.0147603383362303
1641,0.0123134861890694,0.424739211708107,0.0137093926728638
1642,0.0184096177049501,0.393600168663879,0.0150640140955728
1643,0.0200764287292312,0.390679668662012,0.0140041222164742
1644,0.02200579943132,0.392316671416928,0.0141406878377641
1645,0.0233937344344598,0.379551812537675,0.0118190717411617
1646,0.0169313453587497,0.348214597009282,0.0136097667236075
1647,0.0180321705456179,0.447523918751353,0.0135753545223129
1648,0.0200511415956702,0.41210799757241,0.0116760629932871
1649,0.0209248048317711,0.388395679117461,0.0123587707902543
1650,0.0118488190408794,0.389502492263071,0.0133099698829021
1651,0.0207277727428843,0.384615134425288,0.0173052562097809
1652,0.0201005301763185,0.391386176710619,0.0165306019969519
1653,0.0207336746123311,0.391822802929231,0.0128210326654409
1654,0.017773365117447,0.383556605922666,0.012906401543684
1655,0.0237460975827816,0.394718472964764,0.0159254575757486
1656,0.0208416302710432,0.394266182621624,0.0121913386014837
1657,0.0189319657185797,0.374771655957094,0.0146922898511389
1658,0.0152250669246905,0.394349950872779,0.0208997046305186
1659,0.0148544870630028,0.48839797177714,0.0103103251825674
1660,0.0153532242535354,0.501861889545176,0.00912056746456947
1661,0.0120436205208579,0.474693420476087,0.0154380277551312
1662,0.0226091366413765,0.381422846923054,0.0156045738986981
1663,0.0208258754231861,0.384860179976436,0.0160925662479121
1664,0.0169693909238884,0.395592199107883,0.013751729807951
1665,0.0195930706003312,0.373476466279308,0.0153078490968259
1666,0.016844310284381,0.387363288898921,0.0141718848203456
1667,0.0220206144108314,0.353283054204465,0.0178344273110905
1668,0.017421908056956,0.385970851890722,0.0122697854243782
1669,0.0210120019125643,0.389078010159146,0.0142971649328666
1670,0.0219368026308748,0.399053602704882,0.0151532615705661
1671,0.0161473142891971,0.394154314319712,0.0126394866961938
1672,0.0231618112959099,0.393385985110724,0.0161263922668745
1673,0.0128683082536847,0.377992361876001,0.0144317147676133
1674,0.023452372326762,0.345464769805097,0.0154467801082614
1675,0.017986078043266,0.375060527396369,0.0172883976072007
1676,0.0230498855699874,0.377390371622708,0.0122295979458656
1677,0.0145662909944409,0.411859493181614,0.0122255294443854
1678,0.0256150368196943,0.444742289151656,0.0114431563764989
1679,0.0221299293175415,0.43202299955704,0.0140409299490184
1680,0.0160168203524587,0.445288261655302,0.0119673032102241
1681,0.0176374301752668,0.397581341685953,0.0134482156273866
1682,0.0194385103545716,0.395802607312857,0.00885741197553785
1683,0.0160673933064907,0.386994972882524,0.0101742868947528
1684,0.0164754142951782,0.44575209539325,0.0145253653007335
1685,0.0182746706121173,0.432224877806906,0.0129204662908358
1686,0.0196430323616755,0.446962654147162,0.0117879858036558
1687,0.0186781073613955,0.397878193774525,0.0148319867040458
1688,0.0244525886785964,0.379541820296669,0.012016986784753
1689,0.0251610955774542,0.480219300697213,0.01209925496388
1690,0.019519374412093,0.375152705410233,0.0111810118305861
1691,0.0246971592503548,0.293934773491913,0.01727863298219
1692,0.0190959320054421,0.30670768091278,0.0233984127280539
1693,0.0195598417269948,0.303008339511686,0.0148152172335727
1694,0.0249120433722894,0.259587828480525,0.0192316312824446
1695,0.0281851764710294,0.226583100860511,0.018403267753699
1696,0.0190084783648583,0.280225085167458,0.0221047400178048
1697,0.0149464336917955,0.296855178129956,0.0213449887248419
1698,0.0180741366370186,0.246364224978952,0.0184010888542746
1699,0.0194328196373199,0.314668948348084,0.0168172160103583
1700,0.0144554237592186,0.299696588769204,0.0136745075819229
1701,0.0246725461304377,0.230155688454626,0.0192247030033487
1702,0.0228300115100497,0.23689329136427,0.0234094183152224
1703,0.0194977191746418,0.211845212559883,0.0168044085172314
1704,0.0233387845454071,0.225630434195634,0.0203516319364211
1705,0.0217236134834593,0.273214829342973,0.016796805936117
1706,0.0165813463770379,0.391189132132281,0.0172952190445273
1707,0.0212940347480142,0.392626718583182,0.0147861149274305
1708,0.0176751703659625,0.335458473853851,0.0137363277539518
1709,0.0152472279738649,0.422247665441756,0.0212765512575774
1710,0.0177857776260106,0.438456977938872,0.0139471544538514
1711,0.0161777209497281,0.390757448998639,0.0190193171612211
1712,0.0258688032158698,0.385026882897254,0.00945374009981706
1713,0.0245278896259392,0.402384491470606,0.0124771542736531
1714,0.02608426868339,0.396847763003141,0.016634290619257
1715,0.0251831133800246,0.380465355995251,0.00970503582426666
1716,0.0151558805733201,0.390378039479026,0.0125550048352599
1717,0.0199651220538006,0.392164436061503,0.0120389654550076
1718,0.0256355836700957,0.399428584648685,0.0177235654288024
1719,0.0190659844447749,0.386649348159923,0.011153455847317
1720,0.0178931849339857,0.383182605688389,0.0175017536134752
1721,0.0140856801680854,0.390388134085135,0.0138924871318813
1722,0.0136934823997368,0.373145490818943,0.0149695247901891
1723,0.017267214411284,0.37999253308357,0.0135388097993142
1724,0.02112467662502,0.386772900698579,0.0145852711845823
1725,0.0222577120995107,0.398234117766185,0.0152430665875598
1726,0.0223967094392182,0.354170634714825,0.0142346878241131
1727,0.0174380579492752,0.389291542615988,0.00991115237071952
1728,0.0217882226188487,0.404311969455844,0.0146749384781901
1729,0.0144961058107661,0.388350358630309,0.0125781838959884
1730,0.0199218173927363,0.419188400889579,0.0082036237672381
1731,0.0237345273799716,0.398615844109566,0.0134287580119143
1732,0.0152294311014326,0.388537182089732,0.0131475923508712
1733,0.0254793946399629,0.382647984019556,0.0160499046046295
1734,0.0171337701265842,0.397054932039457,0.0119481521194469
1735,0.0182300111975384,0.382005516610537,0.0131456864350885
1736,0.0193622678042936,0.350476595790571,0.02394852674098
1737,0.0209830569412268,0.276156766909455,0.0203096118585972
1738,0.0205638366086725,0.299058760066231,0.0224337743835096
1739,0.0184756392595103,0.276956219967177,0.0188248395118129
1740,0.0183190273646802,0.291446646766332,0.0204449093393882
1741,0.0147980157677883,0.349081367299181,0.0152968927904509
1742,0.0211477044101354,0.296369075241226,0.0198141237451405
1743,0.017369927205822,0.225902110715122,0.016003436678313
1744,0.0213152526218047,0.227979956596572,0.0191344423251615
1745,0.0144932688539878,0.301151204668035,0.0153831161740673
1746,0.0152118567912852,0.26706553411645,0.0191935248896209
1747,0.01466578466962,0.290341427982319,0.0198160357072922
1748,0.020660778157872,0.223805474445084,0.0192694900524572
1749,0.0241020359425567,0.209966026566406,0.0151740155771531
1750,0.0214775023622395,0.222205227936403,0.0191058785220889
1751,0.0167450126412632,0.219071134685928,0.0206516339359825
1752,0.0221925872325555,0.228264816388925,0.0217432254110435
1753,0.0281886929718311,0.288246862833116,0.0215002438923211
1754,0.0224276749720545,0.290465795760936,0.0179172676308773
1755,0.0142000587744974,0.22602265178841,0.0230227388396812
1756,0.0233040271824863,0.199313767036378,0.0176827276693834
1757,0.0137345639904825,0.211799048366957,0.0229660416481984
1758,0.0212442838912371,0.236140803932641,0.0221038006532004
1759,0.0216981718446294,0.22575214392133,0.0249454338980714
1760,0.0145004976116969,0.212776031297646,0.0181631226977609
1761,0.0229579380195997,0.23743662725385,0.027017821850704
1762,0.0185734050381359,0.227546670444293,0.0208131131405645
1763,0.016392234824039,0.228476308551785,0.0173204352498804
1764,0.0158422265129044,0.25259939058771,0.0183401207691129
1765,0.0239898056898381,0.27659445353157,0.0170404822403956
1766,0.0175660810940983,0.277249104718224,0.0164988077223017
1767,0.0184159623144501,0.236156739727091,0.016523720111765
1768,0.0215881981740922,0.219885344143065,0.0140171902939468
1769,0.0190678985612157,0.285013275581584,0.0140981267056533
1770,0.0189041182184089,0.298846074094191,0.0157246649544525
1771,0.0174412879510156,0.273784831365465,0.0162678934184111
1772,0.0184110426658205,0.29809856976209,0.0154974643389009
1773,0.0261884146538802,0.300751435576586,0.0211681004791215
1774,0.0164430332241089,0.30238521044307,0.0177915132403653
1775,0.0208531247780878,0.368720499678149,0.0144348448293109
1776,0.0153092077648479,0.397254183272253,0.0117087082917101
1777,0.0196642851698482,0.417306238922767,0.0127286523782042
1778,0.0164023268803653,0.396941452056345,0.0128525683384982
1779,0.0201526819660496,0.377443500726344,0.0130917850924378
1780,0.0141447909105512,0.377888992556787,0.012450628410696
1781,0.0125114169812,0.384837979707136,0.0153458581976602
1782,0.0180326294571515,0.399122743584923,0.0126993621690324
1783,0.0144235813424915,0.371361033397778,0.0192566836168971
1784,0.0244966431647032,0.386067899494925,0.0169596911450384
1785,0.0182350399582715,0.449688420380679,0.0147112824246226
1786,0.0189734426707836,0.398144263882102,0.0149606549006901
1787,0.0180666066186892,0.378500892707751,0.0165484126685273
1788,0.0148492286163405,0.393110779971983,0.00927594520582513
1789,0.0209761066491137,0.431783115457646,0.0171694854040741
1790,0.0251892000298804,0.446686973765946,0.0154007578180537
1791,0.0132654177515916,0.395206649666906,0.00876313733367137
1792,0.0231666321930829,0.447919023351538,0.0121543225371162
1793,0.0131893380973454,0.437618908683743,0.0120554181916486
1794,0.0105333549008349,0.438134882002137,0.0110862183089351
1795,0.0206122019174982,0.395467456388748,0.0118343258099016
1796,0.0211746219180064,0.391586667134994,0.0126927992888772
1797,0.0155258836324305,0.398073981658368,0.013694655804434
1798,0.0183685653971422,0.281895498454945,0.0223489482175168
1799,0.0233756770511811,0.274494304581929,0.0150118948156347
1800,0.0165404775060226,0.303242337467912,0.0161718076337257
1801,0.0159377249184641,0.287609821855136,0.018970505797991
1802,0.0181242133418683,0.231895694318134,0.0187064215054062
1803,0.0215264491720199,0.270603589989031,0.0223852159966912
1804,0.0201859418776112,0.281318508169653,0.0168791892566705
1805,0.0173214444616497,0.295040585000003,0.021063413010296
1806,0.0207739066403731,0.275205596381428,0.0195388736052578
1807,0.0199347404511886,0.300086739208771,0.0188709546600302
1808,0.0297849135280485,0.225985284699599,0.0201680491380491
1809,0.0107594212436605,0.301370374103726,0.0150110511167979
1810,0.0195983362694131,0.3071518243843,0.0179559565799568
1811,0.0140044492610016,0.248402083250959,0.0204045147900638
1812,0.0208427543658336,0.259739297286484,0.0168794828153963
1813,0.0131770711668041,0.303537358646953,0.0145521410550722
1814,0.0157663770890985,0.287445696006867,0.0146393569981668
1815,0.0194684527422124,0.398994660510082,0.014349881818811
1816,0.0221854888430035,0.377629360903248,0.0148255431328253
1817,0.00920970637374387,0.378860746961471,0.014071680683909
1818,0.0196434323350168,0.372246569366955,0.0127915365103478
1819,0.0152440047441653,0.376060504376246,0.0124905607949145
1820,0.019624386100845,0.380596191422549,0.0161401880451901
1821,0.0211618324600111,0.448497075512573,0.0149938926382437
1822,0.0185538513878213,0.392564357878598,0.0144681330209503
1823,0.0217731945319482,0.398402365279384,0.0128604928642253
1824,0.0178265827245467,0.398145375147471,0.0118828278826613
1825,0.017106226939145,0.437129604273088,0.0121194435220124
1826,0.0226395607097463,0.359314525482232,0.0258148331159274
1827,0.0146565632075996,0.399596707417353,0.0129832215684129
1828,0.025414262381728,0.300301762863786,0.0201250892228682
1829,0.0228101082071874,0.296551146399546,0.017556845262123
1830,0.0134822660076027,0.215134428917398,0.021528944704298
1831,0.0144293596048337,0.221745078623333,0.0214404390888325
1832,0.0200882915222782,0.236524013182525,0.0227643685834382
1833,0.0188049284530385,0.26994956920946,0.0191566196028463
1834,0.0183886307771384,0.216801869659082,0.0160138514360024
1835,0.0204256325082203,0.295586029878378,0.0152720306309446
1836,0.0180229322939224,0.275306765827828,0.0156683839258698
1837,0.0114669841371958,0.269771855521988,0.0169131792969981
1838,0.0201277343034813,0.226816656597529,0.0197581607257638
1839,0.0161022343013803,0.231324532115216,0.0215275892572334
1840,0.0187634765785336,0.217360677824858,0.0220912713446104
1841,0.0272513294240123,0.281330611792306,0.0205590495969274
1842,0.0163589110072225,0.304503041704734,0.0182593771511776
1843,0.01436326791881,0.280722051860257,0.0185216309848099
1844,0.023172355979098,0.228750119030644,0.0194408473673948
1845,0.0230590806265639,0.214888195650621,0.0132165709981317
1846,0.0182983786429848,0.266970878129525,0.0199800315948823
1847,0.0173555044565178,0.215961625917394,0.0260897559605589
1848,0.0175483055868913,0.224427211907834,0.0201556417977723
1849,0.0265422527552928,0.284008666630995,0.0150691626895857
1850,0.0156560830302729,0.236457573311959,0.0228519963255732
1851,0.0182959141350655,0.285460747775609,0.0144966375763416
1852,0.0280644075280661,0.256914047670789,0.0225550395854611
1853,0.0212651996392076,0.234772803051345,0.0181958149788712
1854,0.0195294844035414,0.288096494810704,0.0163798412084476
1855,0.0122272903579128,0.255720127742202,0.0148910776988879
1856,0.0268011562831133,0.235374969226295,0.0205986374792212
1857,0.0197571786763375,0.22868551988116,0.0230062462100549
1858,0.0201908610254369,0.220854327465614,0.0223537455497668
1859,0.0180616736764308,0.254399746933299,0.0151470660787876
1860,0.0206432632413807,0.252102818477724,0.0174067224068604
1861,0.0215118113816132,0.357897916938884,0.0181748677480096
1862,0.0303703700753896,0.399282476519308,0.0144612995584877
1863,0.0176948680615247,0.388540741273865,0.0141841679974333
1864,0.0214363979597569,0.344415436068726,0.0190858716797011
1865,0.0166852340608175,0.286531994114357,0.0161328877403089
1866,0.0199017657617548,0.300149595904543,0.0152933329543581
1867,0.0137448751810799,0.368596992651125,0.0174007205288287
1868,0.0191258767922259,0.294447757514573,0.0183815985972834
1869,0.0134531552912883,0.217794651152369,0.020521884764394
1870,0.0250182686857547,0.295777714430283,0.0210959713979171
1871,0.00749089686657053,0.252818217482105,0.0186624073865618
1872,0.0136321471251562,0.282669316178123,0.0212096757115141
1873,0.0171488150895162,0.275509968871376,0.0171210074291069
1874,0.0252037933631648,0.303342805613299,0.0193685486932294
1875,0.0161985792200834,0.288447006464306,0.015858337902369
1876,0.0215723240937281,0.27532721214948,0.0200147147508871
1877,0.0217321649352909,0.220902829766273,0.0198261879397046
1878,0.0215462992170612,0.223486217017542,0.0229762201842404
1879,0.019642563315634,0.211279756111157,0.0155541235115009
1880,0.0229301550089388,0.289048193300528,0.013584749563919
1881,0.0210688478247673,0.311339940755872,0.0172101615814554
1882,0.0130901692836988,0.363039990094116,0.0184297150933575
1883,0.0198091777214779,0.392792431363083,0.0170875776976662
1884,0.0291290734074899,0.381629233181583,0.0164729365275896
1885,0.0139616339980905,0.398645951042639,0.0114365721123378
1886,0.0202613496916889,0.323572300278099,0.0180183323894047
1887,0.0229387843350861,0.280010789781981,0.01780023022847
1888,0.00984046772579897,0.284963825796316,0.0177859409821018
1889,0.021605165914019,0.213299107005183,0.0202663117778783
1890,0.0183276001734628,0.235195633287035,0.0204343115265882
1891,0.0107389570089751,0.218120063785758,0.0223212545442987
1892,0.0207638404800813,0.266747755447294,0.0173015689897333
1893,0.0244348452010866,0.316170278308086,0.0128318889378215
1894,0.0264845560369294,0.288358948998371,0.0138017198098561
1895,0.0193587887029278,0.271276952625968,0.018313323803838
1896,0.0210656240586004,0.276190916861029,0.01525970667187
1897,0.0240553585203159,0.245325165270646,0.0192345782515799
1898,0.0195310616815322,0.212244106501415,0.01750364275829
1899,0.0168161158116063,0.230613270773126,0.0200868156445801
1900,0.0211469817526777,0.21716431570803,0.0180501683479312
1901,0.0166922052857752,0.280087177392468,0.0161129938703463
1902,0.0220070063318092,0.290169885705823,0.0203963331787247
1903,0.024025350846841,0.257317269640883,0.0194492347237878
1904,0.0198973165086148,0.299363167240879,0.0174224842287224
1905,0.0165629802286878,0.272361350778487,0.0201875027245675
1906,0.0195950643173668,0.29696362050895,0.0164613452611029
1907,0.0233228218760939,0.377320310405456,0.017576707130972
1908,0.0222802336371557,0.381217735482909,0.0128494247935794
1909,0.0209285811185968,0.399327042398692,0.0133769335754521
1910,0.0234679286224999,0.383624969272692,0.016500476982295
1911,0.0182960639817915,0.392923096027802,0.0137772632123067
1912,0.023210584290885,0.375456803845754,0.01593644846962
1913,0.0249682877300136,0.373073744046959,0.0144145033593909
1914,0.0220597735545284,0.39798861795829,0.0132277623461478
1915,0.00973298656519334,0.434079000274317,0.0110666379462028
1916,0.0194427301550466,0.386364382333782,0.0170887593308654
1917,0.0216818554521847,0.405080127462107,0.0135087241230764
1918,0.0150966782016417,0.390177317369052,0.0157191294462853
1919,0.020844503686045,0.383327186910843,0.0152919891054477
1920,0.0150702862275926,0.39213751689033,0.0130366906927586
1921,0.0278537797000151,0.394452152167794,0.0173397712794871
1922,0.0224214180438932,0.374689776036915,0.0134486369779963
1923,0.0133457736861574,0.389990190323315,0.012816339564265
1924,0.0150339454908395,0.398999562855483,0.016380675802132
1925,0.0226225688193667,0.378767096413193,0.0136818438035673
1926,0.0126783502869828,0.401014177344201,0.0157643747347162
1927,0.0166124075686502,0.390487096198817,0.0150254138820404
1928,0.0202532576430045,0.390717995554725,0.0177119332191667
1929,0.020120836947984,0.396920756991833,0.0146068360930319
1930,0.0151316948947932,0.368221328382279,0.0174900610716081
1931,0.0150875753280556,0.394523662993254,0.012842172863473
1932,0.0206154874214633,0.396595390260768,0.0179617418357561
1933,0.0193442407968685,0.398887665900289,0.0138078502245318
1934,0.0217660247870716,0.382049482496817,0.0144884170539485
1935,0.0262044485815461,0.386625103145713,0.0152816349144067
1936,0.0219725115858181,0.398519486950491,0.0162994388797929
1937,0.0184131503025927,0.40037913221676,0.0126136088497321
1938,0.0177548092370713,0.418132975873651,0.00997287900830332
1939,0.0219820314114787,0.438347408603219,0.00859969480045709
1940,0.0205389781977207,0.473129139828776,0.0145526258244595
1941,0.0142021117509187,0.379856093685704,0.0129633979840886
1942,0.0145971660932519,0.379967216091149,0.011610945613844
1943,0.0149534823596804,0.381715433427852,0.0129325177498862
1944,0.0240301150627661,0.399477128604384,0.0145173771899901
1945,0.0167306230439864,0.391868341204457,0.0124046715873349
1946,0.0171256958093867,0.411808665337813,0.0177686958062864
1947,0.0175100084820979,0.395647476205812,0.0128709581183024
1948,0.030176818482104,0.397106583575635,0.0152104666264719
1949,0.0213329408942839,0.394588691158857,0.0149121755431396
1950,0.0248872853030245,0.353081248489603,0.0157822467477496
1951,0.0216185913270777,0.391434174124576,0.0153096579691838
1952,0.015742269541902,0.437540483302757,0.0121627323500738
1953,0.0126940538270814,0.431947182214535,0.0135307144881931
1954,0.0168737997486079,0.389446373103451,0.0130906257383476
1955,0.0157473975493996,0.449461212817021,0.0129691949229205
1956,0.0231690600971882,0.392600910057314,0.0127495632493953
1957,0.0226600352501431,0.39096176180382,0.0144568957908047
1958,0.020647045464562,0.398477584856256,0.0139823815154627
1959,0.0233689903291455,0.385145487369334,0.0122108015228066
1960,0.0153865026475183,0.412646834229564,0.0123246853611973
1961,0.0249300188857915,0.396599760753068,0.0129235439744684
1962,0.0149626346310564,0.288064900254752,0.0184271458051274
1963,0.0195517020459499,0.301827383408116,0.0175314777569421
1964,0.0234908293835264,0.39604925530182,0.0136794210437073
1965,0.00688534543843494,0.386938017899815,0.0140479174323085
1966,0.0232144121135831,0.391895412443337,0.0138765177137239
1967,0.0104500214727676,0.390321711066427,0.0159827808204611
1968,0.019096876351664,0.373220319026869,0.0157569419982431
1969,0.0135267029429456,0.368200743382963,0.0143298883877637
1970,0.024053966574997,0.399330523690801,0.0148220707850646
1971,0.0225402630136373,0.397656849471418,0.0121219356502497
1972,0.01857773018937,0.405670998070901,0.0121811218523045
1973,0.017842787898692,0.380608386443516,0.0136694774912892
1974,0.0209546412994383,0.396723704495603,0.0120356234361752
1975,0.0157569962639725,0.413120451899551,0.011231488694758
1976,0.0240332778611508,0.427090925789053,0.0100741425369503
1977,0.0218585272194897,0.415816744481666,0.0135915544423912
1978,0.0197047587891058,0.39756298664519,0.0133664615631067
1979,0.0134149171190815,0.391566973967913,0.0140355653516283
1980,0.0176350172739794,0.377831782719951,0.0135249656161577
1981,0.0225311023104689,0.391470828699091,0.0177788320387364
1982,0.0186338662374713,0.394807396807202,0.0115725321222789
1983,0.0177975175552588,0.445292626006506,0.0118870989553594
1984,0.0195104904616751,0.434057900159869,0.0143102278638253
1985,0.0170007808071753,0.40487873346315,0.0137658454925201
1986,0.0176841568917548,0.394874659496818,0.0114102218762135
1987,0.0199324270671037,0.407809551945856,0.0133818606193186
1988,0.0220447872925496,0.394400361697673,0.0156287364669595
1989,0.0209473513427272,0.404839073185733,0.0152081121713726
1990,0.0232142466699907,0.39412568274633,0.0149447940531958
1991,0.0173359755121537,0.375780679084573,0.0163198844511154
1992,0.0158123301440412,0.428230146046802,0.0129050388997252
1993,0.0210763251002772,0.394046884871308,0.0153353075615339
1994,0.013746579820773,0.384236049820907,0.0145923777132895
1995,0.01700889214311,0.442364970635898,0.0135136046649716
1996,0.0240509476869954,0.390638973022193,0.0128866598531963
1997,0.0191162311231724,0.445531202256518,0.014141958144696
1998,0.0266451730201191,0.426543345486165,0.011017929168082
1999,0.0222041007482892,0.399381546655092,0.013304744683471
2000,0.0206798495528296,0.389335717100907,0.0115734655315101
2001,0.0150156273656266,0.397476945762434,0.0161299238867316
2002,0.0242263277595755,0.382938006410271,0.016943719566599
2003,0.0198536639193207,0.369938368809319,0.0147068525100166
2004,0.0180057706197239,0.38632955263738,0.0136856271272538
2005,0.00884226676160499,0.3723033638691,0.0209250666009536
2006,0.013798338046614,0.355855611050307,0.017751314815688
2007,0.0183552112879499,0.372412184314635,0.019011785340553
2008,0.015541988555163,0.403972828264041,0.0143571026059735
2009,0.0124155283219248,0.447261104659222,0.0133965071369747
2010,0.0246975480685499,0.442772484280078,0.013159556589851
2011,0.0210577652591355,0.452683972401271,0.0119604216562571
2012,0.0179267247991117,0.39120440198337,0.0112722703807343
2013,0.021717651491477,0.421465704361547,0.0147514065287727
2014,0.0197916603071957,0.427671388822442,0.0125709864396476
2015,0.0186353242185496,0.375101348096507,0.0166578347136645
2016,0.0150795916242779,0.394970448046938,0.0129464453828234
2017,0.0135758816608034,0.395536371865584,0.0124353561871681
2018,0.0220031554080379,0.373722767002714,0.013051193885488
2019,0.0238733124967745,0.391901457410736,0.0105741112163371
2020,0.021069491059169,0.375292894809238,0.0137227036973582
2021,0.0171202110599204,0.393610823790509,0.016851726318474
2022,0.0231470055422938,0.389087376265499,0.0136756178558168
2023,0.0246227875626436,0.416146153619829,0.0167257674281745
2024,0.024223605539294,0.390263235140626,0.015026129552343
2025,0.019238991448399,0.392101415422223,0.0142722617028148
2026,0.019511834355289,0.389549796752735,0.0137222757471626
2027,0.0173625001699036,0.438129388098749,0.0121469960204584
2028,0.0213098407525334,0.439740908977872,0.0110417188898825
2029,0.017245552015659,0.390212838471926,0.0139017625716084
2030,0.0223863215707118,0.389881810090686,0.0134700348122626
2031,0.0233264183381102,0.379925542313048,0.0167303862456138
2032,0.0160987499127333,0.378765065357836,0.0108846204951764
2033,0.0162484369182067,0.385333881991514,0.0167084234011924
2034,0.014036352752612,0.373900722251338,0.0162266656897769
2035,0.0221870345988572,0.27569426492709,0.0188034319499238
2036,0.0165766687951025,0.305097390172955,0.0192355872345815
2037,0.0213695902486772,0.28030960578932,0.0199440982867796
2038,0.0202761121703039,0.241104275655988,0.0215249177797408
2039,0.0160739108087173,0.282987050226836,0.0160862729495968
2040,0.0225670805277924,0.277285873959049,0.0146627868468064
2041,0.0159797618176438,0.286802792447616,0.0138691603429139
2042,0.0152528037593106,0.282129487223488,0.0175559611854655
2043,0.026941730764874,0.353032380975299,0.015410611874067
2044,0.0136100545963783,0.393461604950944,0.0103286104250783
2045,0.0181021885078027,0.390788154654731,0.0121188874028981
2046,0.0192608588647453,0.39593559139592,0.0136158334307385
2047,0.0135305949788341,0.386513757506894,0.0142923741750513
2048,0.0142498284862335,0.439840651105079,0.0157332361540814
2049,0.0227013163223883,0.408604459229941,0.0156736402101887
2050,0.0139214162989809,0.398868384432537,0.0140308166020354
2051,0.0209167902425455,0.369076490146296,0.0112603797850367
2052,0.0181806951295849,0.375535272169422,0.0125115009323657
2053,0.0215021018880219,0.400467834904882,0.016153940761362
2054,0.0200111927277588,0.383234540901959,0.0123673838412286
2055,0.0199098289838228,0.440233661286364,0.0144815964643318
2056,0.0123417866972954,0.381491971026067,0.0130144757580442
2057,0.0217636039133689,0.31465612670638,0.0147077096738882
2058,0.0136084346088288,0.300665450561229,0.0161725416689466
2059,0.0185085918376695,0.301662921665401,0.0168380030316228
2060,0.0183017589341403,0.212817141320721,0.0167558502765645
2061,0.0191156995646301,0.276376514347281,0.0175922778945665
2062,0.0236865886691225,0.282834306599226,0.0177698888256962
2063,0.0243816008675209,0.226210892835154,0.0181944414863965
2064,0.0160146075583426,0.218708793915799,0.0177013509682171
2065,0.0136361109408515,0.214932776219545,0.022942804444313
2066,0.0235553025675084,0.237150476349037,0.0221475552761315
2067,0.0211078400401705,0.229638480334451,0.027135436227559
2068,0.0169561920044515,0.302993932186198,0.0149335503248952
2069,0.0180232297937655,0.212326540779178,0.0188231858991086
2070,0.0190602036106691,0.280079534878843,0.0216246285720112
2071,0.0184014924758817,0.277288953272489,0.0232419670345841
2072,0.0251669829817126,0.236169249553781,0.0186885934427652
2073,0.0179163541661674,0.278789138570437,0.0248058736313776
2074,0.0211414689576911,0.396825960094674,0.0184152657084631
2075,0.0241727255657607,0.383061428768038,0.0123437715407559
2076,0.0226273105127825,0.395220169332663,0.0132354583949621
2077,0.0141007472451192,0.380037470599506,0.011308498063855
2078,0.0197498680832173,0.372590575721386,0.0144098241687601
2079,0.0217857736214074,0.350303833795007,0.013842530689178
2080,0.0158374774655473,0.376178954303744,0.0124236156220802
2081,0.0171017400568017,0.395374394361075,0.0165260242074914
2082,0.0193991886372674,0.396323647241842,0.0162663302799233
2083,0.0204018162138577,0.390525258633508,0.0158613042345924
2084,0.0148766914510496,0.389720115637082,0.0125967728237385
2085,0.0200486047437602,0.381716006939174,0.0110233315466579
2086,0.0226859141855356,0.395261292960457,0.0107875072978263
2087,0.0190555917754388,0.395778832142439,0.0175413787083097
2088,0.0161776636827583,0.374233256770701,0.0160791107970016
2089,0.015919296495295,0.39548547190291,0.0175312303547125
2090,0.0186492776397252,0.399228455991648,0.0146962239147223
2091,0.0214844168762348,0.380246854371284,0.0155693549569868
2092,0.0179780876356065,0.376662280820136,0.0153216504555612
2093,0.0228896875457399,0.399309995486672,0.0153187342617236
2094,0.015817974896811,0.385214460116958,0.0140862529752035
2095,0.0205835340136046,0.399301220053849,0.0113462591917717
2096,0.0136787891769219,0.392515968171211,0.0147884195067085
2097,0.0281003238571195,0.43188685673657,0.0141436864270352
2098,0.0212016554608855,0.442038004625508,0.011307947926785
2099,0.0176580042231344,0.436314903945388,0.00837901536568955
2100,0.0239694854357822,0.378795626132638,0.0146603832008971
2101,0.0201421853738252,0.377877726173228,0.0130392777318192
2102,0.0210438077985082,0.398384963430201,0.0152468749625327
2103,0.0209552767087458,0.376968303888792,0.0140197420414124
2104,0.0180189629973138,0.438681442514199,0.0101338119081847
2105,0.0104431884910084,0.38904582438235,0.0159160311960255
2106,0.0170501826473775,0.382587643692556,0.0137618498453097
2107,0.0194376066811872,0.404590356079311,0.0171021182788672
2108,0.0242423271301499,0.391515773953038,0.014243128030132
2109,0.0153879580596829,0.403959070806214,0.0134436294044785
2110,0.0188230079080532,0.440603774763301,0.00905465398788946
2111,0.0175357957305509,0.392086103407446,0.0126685104532581
2112,0.0136454711762765,0.373517459385808,0.0136459210864365
2113,0.0198783392515744,0.378083933897242,0.0126909727326276
2114,0.0232267522057959,0.37551155288212,0.0147579168019079
2115,0.019827065340569,0.386425284399316,0.0180326176349557
2116,0.0147379158802022,0.381096212894504,0.0134815397603386
2117,0.0157938807966511,0.389410614268598,0.014267893389577
2118,0.0210527049687146,0.439381799163767,0.0134694865511628
2119,0.025420274114736,0.395665989036796,0.0156889258779753
2120,0.0224629517698691,0.423958697678057,0.0120707878503704
2121,0.0126052370317787,0.373726777251705,0.0159639393095367
2122,0.0207194011425578,0.401736190592024,0.0153827505258103
2123,0.0202247243714358,0.398348850501084,0.0144137252235753
2124,0.0175700303618989,0.38927873585454,0.0170939306019027
2125,0.0157245161028728,0.373194849042662,0.0110088374605753
2126,0.0193966043819178,0.394417302604573,0.014125569030544
2127,0.0245884082082987,0.388871527904869,0.0108392456782218
2128,0.0141666102571973,0.389513100437901,0.0128776513644018
2129,0.0155695647649991,0.398313169978958,0.0147431147380745
2130,0.0179650410748867,0.375701862557163,0.0137449528888162
2131,0.0215371951072247,0.368124871986619,0.0151775723722943
2132,0.0288913956064873,0.374634091854634,0.0138761858632569
2133,0.0283119652732121,0.391322421364717,0.0149430776305998
2134,0.0195895042134794,0.389537196404924,0.0162872036979435
2135,0.0253305261751578,0.381668936926531,0.0179455313995057
2136,0.0243919167269591,0.390869661884452,0.0126916581589213
2137,0.0211606533174465,0.370470617838612,0.0146473725961274
2138,0.0166615882363421,0.309184597643224,0.016154933974504
2139,0.0145120785744712,0.385465008362911,0.0153053864100874
2140,0.0208882178225084,0.381929625389937,0.00964134249360471
2141,0.017769501216335,0.383572425904064,0.0138045599540015
2142,0.0260796474035515,0.394908234221064,0.014432226709499
2143,0.0228362631359174,0.383711416123433,0.0149353167341978
2144,0.0142354732647422,0.397397096697305,0.016781807799606
2145,0.0283071292487576,0.391294732853441,0.0130129139063071
2146,0.0239383713049699,0.377492158205449,0.0126742624041577
2147,0.0142219213563683,0.374085412041009,0.0126718502015406
2148,0.0231561214457268,0.395398657370384,0.0142719266614561
2149,0.0209815560377722,0.380900365283999,0.0135304345742178
2150,0.0221941229447776,0.39549732689729,0.0137068224167606
2151,0.0199813347103621,0.37842601842639,0.0144986694601662
2152,0.0184475138028163,0.379806346255853,0.0140365031497536
2153,0.00900109176761984,0.388070063641975,0.016389029904256
2154,0.0113067992383725,0.376312129419809,0.0177512370002342
2155,0.0168942643048181,0.398223086031757,0.0146695955261411
2156,0.0212329743476029,0.39045712781459,0.0134356889052727
2157,0.0179509875145667,0.390582385558803,0.0181699617289389
2158,0.0167224704989814,0.388734014961245,0.0176363780955679
2159,0.0227057919632423,0.374383260563821,0.0161609680037688
2160,0.0270873340339692,0.391731289796294,0.0152809605982776
2161,0.0211343903793348,0.375894789373428,0.0112950778643325
2162,0.0173851741120308,0.392118032406258,0.00921216058920283
2163,0.0154038527459576,0.37008844839361,0.0121739435634031
2164,0.017756349129246,0.375491029771957,0.0140648111916002
2165,0.0109865374338091,0.392698286104469,0.0137859529503377
2166,0.0205798779437288,0.406186898589972,0.0106799449406954
2167,0.0144235996935143,0.413728501147652,0.0140454721413731
2168,0.0204119989417126,0.41416957951464,0.0151970578077591
2169,0.0256709048490525,0.384411916305946,0.0131754638128362
2170,0.0167384717084797,0.374961732540894,0.0147681342075226
2171,0.0198208838270178,0.396225002131216,0.0143839193635704
2172,0.0237975953313115,0.382478513078646,0.0160322091432895
2173,0.0182615767684334,0.375799364413391,0.0133449111264067
2174,0.0169380357004674,0.38729949501896,0.01233294633958
2175,0.0164398705987259,0.378605295283893,0.0115447316349619
2176,0.0194497078361874,0.393011593461993,0.0138999461681815
2177,0.0208289637785546,0.385954611583911,0.0151735251007562
2178,0.0204983681042678,0.389682616380235,0.0163263779369237
2179,0.0213702656056038,0.392986695750222,0.0105305569652418
2180,0.0194168095545842,0.385277944096058,0.01447506850004
2181,0.0274265125014628,0.393139912310613,0.0177263420909761
2182,0.0157323499312139,0.39876502434782,0.0114162341966057
2183,0.0197181089998235,0.381296285865215,0.0137484192262319
2184,0.0198133352742889,0.379941870153805,0.0118094394162758
2185,0.0205325117616025,0.390137918533307,0.0113564269614359
2186,0.0155671167203067,0.382328722387114,0.0139180358162067
2187,0.0239209829526631,0.391402323007386,0.0174830445316519
2188,0.0161990205843501,0.39785166444217,0.0115090401601448
2189,0.0212708439260251,0.385603961227576,0.0165824459718683
2190,0.016287392724166,0.384226655475286,0.0149421098052188
2191,0.0153217669455502,0.38592932291577,0.0172578723117533
2192,0.0203721392207511,0.438859496579914,0.0111037383369809
2193,0.0179246409233175,0.43953477925997,0.0162081004758514
2194,0.0204670410248884,0.460769573826813,0.0117731772837423
2195,0.0104092391960587,0.394513857011528,0.0135686891246451
2196,0.0245389795902282,0.398574499793026,0.014768343034281
2197,0.027149669504736,0.387372792234495,0.0149799509571622
2198,0.021746258587404,0.372981509557643,0.0150946384201638
2199,0.0177494166909999,0.391168283137889,0.017475361794005
2200,0.0192038793021634,0.405486391734626,0.0190283780854382
2201,0.0182479236487402,0.39797123404724,0.0143397313284118
2202,0.0176618187944788,0.441359074752127,0.0118797754284995
2203,0.00776796083171884,0.44066346720179,0.015863702954938
2204,0.0207037337111381,0.482349325046272,0.014439592633137
2205,0.0190478069047344,0.393071952809826,0.0121018729531998
2206,0.0131158091836528,0.444766342838031,0.0164444632308827
2207,0.0151293517708818,0.397094738681639,0.0162479160480103
2208,0.0138099850860256,0.449881721991184,0.0105342936183904
2209,0.020420056444775,0.42913378446573,0.0126406963273581
2210,0.0210207595725597,0.395561705004452,0.0132666057444452
2211,0.0231752436681095,0.397858511865605,0.0175673760380879
2212,0.0187370892036268,0.446514414311143,0.0153417747967031
2213,0.0199015046448354,0.439943962460971,0.0112685814809813
2214,0.0190861647345718,0.434567592546475,0.0145727369841433
2215,0.0176984723223005,0.392892929719453,0.0109855874080877
2216,0.0258674504977421,0.450465570459146,0.0120693943610209
2217,0.0152922699341901,0.377755392863736,0.0147817472580545
2218,0.0183737021211891,0.389160119712438,0.0139852428895885
2219,0.0204598825164908,0.398114698232197,0.0149122271877133
2220,0.0236984574605963,0.358087934500208,0.0203741825903659
2221,0.02117665497448,0.355637431627077,0.0186465722667178
2222,0.0157242139843905,0.40449475779882,0.0132035143353855
2223,0.019458038203003,0.391369992923159,0.0160749863235141
2224,0.0165533073689904,0.389860793196038,0.0114771794412516
2225,0.0134580409284919,0.450747068187105,0.0163975292636183
2226,0.0101785569590866,0.487214968803368,0.0104381642323139
2227,0.0162060191685497,0.441576600612904,0.0107608743027321
2228,0.0219632012328411,0.376323549264925,0.0127205964079386
2229,0.0181750331157504,0.372379722425868,0.0111699601310272
2230,0.0226531972390956,0.381653139554638,0.0185687856095981
2231,0.015416608675125,0.40561231690865,0.011405821185176
2232,0.00969569993445662,0.41771542185658,0.01570794778482
2233,0.0202972236447802,0.395895763089499,0.0145900385620734
2234,0.0189094431683128,0.403031275313068,0.012565422464649
2235,0.0249131012005412,0.37567451035269,0.0154041148286779
2236,0.0166643404681727,0.397694274054497,0.0132413546453669
2237,0.0181232473553543,0.39928246467909,0.00938174790570466
2238,0.017557312522183,0.398458459567729,0.0119598154365949
2239,0.0145260695090015,0.399208880526376,0.00903364655323295
2240,0.015988378984311,0.378020978120569,0.0112130187179448
2241,0.0253010458468489,0.395789270633446,0.0196003084398995
2242,0.0179155956199506,0.404734917263168,0.0136112873948524
2243,0.016902483913436,0.435618057650434,0.0115093437143939
2244,0.0164826351277778,0.395845729889406,0.0137004719768738
2245,0.019185280772986,0.373955564721525,0.0154091106508589
2246,0.0212858272614219,0.392716458408116,0.0118574968969203
2247,0.0229617675133218,0.379979110551579,0.0153107437316867
2248,0.0150407684673773,0.401802439393865,0.0124964391640248
2249,0.0244203309815781,0.374807210713297,0.0111758746199021
2250,0.0233599381667485,0.368179744903687,0.012681409487688
2251,0.0108211636463172,0.42553425008068,0.010099217959831
2252,0.018125736991838,0.441885489859194,0.01095108592425
2253,0.0190621202462866,0.386065303466001,0.0119430953621101
2254,0.0183530800734908,0.416713522854421,0.0142245739282657
2255,0.0223466221110318,0.391809382994477,0.0122321378945512
2256,0.0193093028457528,0.389852149423269,0.0156678486180295
2257,0.017633286305912,0.432274565947728,0.0144134169272305
2258,0.0174872474026311,0.435500164939117,0.0157269357424662
2259,0.0256104223307131,0.450477278037308,0.0162047048289647
2260,0.0202070401900364,0.372549680833016,0.0131729330847856
2261,0.0215400185454032,0.410871747426377,0.0167869701274494
2262,0.0232294517254224,0.389041667662265,0.0134089407858274
2263,0.0188040858008657,0.389510941535245,0.0165649948256862
2264,0.0171453944151611,0.397049679494064,0.0155689856237939
2265,0.0121829790300554,0.374302102965545,0.0138383979796352
2266,0.0184513624544295,0.398205581170541,0.0143391716129918
2267,0.0160343331404766,0.377482911869184,0.0150430750355738
2268,0.0100142860691941,0.382837405146499,0.0127233156368413
2269,0.0119656685600995,0.396311232604781,0.0127967427403499
2270,0.0115016498626788,0.38727148358684,0.0129656641328516
2271,0.0179309391918268,0.396677916463823,0.0153428897997124
2272,0.0156130269522661,0.439848015519489,0.0125922606570241
2273,0.0194385111314646,0.398318356451424,0.0144501551259914
2274,0.016068926178472,0.432348595645999,0.00870431641713211
2275,0.018768909833266,0.446023839769949,0.0120436895081622
2276,0.0114937933158048,0.430968131389948,0.0114815021954782
2277,0.0167516202194066,0.395467954761343,0.0164709538247986
2278,0.0252167512710853,0.370140307500701,0.0187716705321606
2279,0.0223674830644128,0.377690911787897,0.013398025174722
2280,0.024510883744022,0.405696550651859,0.00983309451098369
2281,0.0171372790260641,0.456359249517463,0.00782652604518601
2282,0.0232996410811787,0.488902521724272,0.00964168762746888
2283,0.0178660770159534,0.434720811041936,0.0139878708098149
2284,0.0168529068796178,0.396490488583488,0.0153129987132553
2285,0.0094556971942759,0.387815650299192,0.0119853036429146
2286,0.0137982656804267,0.39215382582067,0.0140399314392339
2287,0.0258499216636506,0.371089041890653,0.0190678605108934
2288,0.0141185726931209,0.392584044680623,0.0165632714392159
2289,0.0273352765790805,0.395343805589155,0.0127654886727036
2290,0.0197859552982344,0.388920754622153,0.0148790198940248
2291,0.0174958072022453,0.380340334389138,0.013310421198086
2292,0.0219776320728696,0.392779666554937,0.0131563248223811
2293,0.0218718075503383,0.371803264231188,0.0144326084482417
2294,0.0218539902586515,0.382043754027562,0.0150802997342685
2295,0.0256512218676589,0.396293618329973,0.0181820002853878
2296,0.016980122879183,0.38585288896367,0.0131831567643792
2297,0.0154345577697706,0.399628401969793,0.0130965348960881
2298,0.0151814275572513,0.431211906446206,0.0131410779767204
2299,0.0195333717603789,0.398276103871214,0.0134487500058512
2300,0.0177511851807239,0.394578152913233,0.0155155858444209
2301,0.0182558382513596,0.419990287031692,0.0137876082187705
2302,0.01214752941175,0.404353609781084,0.00967287287211555
2303,0.0183331397315284,0.425995309509152,0.0119186619108342
2304,0.0129938946712024,0.43822041219329,0.00932647722366232
2305,0.0240591523997274,0.374581403913644,0.016121677998462
2306,0.0223797655830187,0.394710910070161,0.0168189630374465
2307,0.0215177094916602,0.428295250467504,0.0122568156401175
2308,0.0181842722576396,0.387919041760585,0.0121415311110151
2309,0.0188599013010046,0.368290691136073,0.017212040032254
2310,0.0175095053852916,0.38349861645435,0.0127651132495134
2311,0.0139245583058372,0.388446566019558,0.0159912240237097
2312,0.013611756661129,0.386281841436209,0.0128942890350873
2313,0.0193409197834955,0.389302278305036,0.0165107847290974
2314,0.0191184211497645,0.395599802937993,0.0132608648234048
2315,0.0190171325304354,0.43325517176054,0.0155095308389715
2316,0.0195865895124936,0.39851347549248,0.0113156366753674
2317,0.0204268249889041,0.39916860293044,0.014337109674683
2318,0.0239881416865815,0.393838610742375,0.0152413677657977
2319,0.0152132852135853,0.398372118404061,0.0120902619238943
2320,0.013112514491782,0.43854659583109,0.0113541242928205
2321,0.0155515036514374,0.396235165511113,0.011991239088909
2322,0.016298043540284,0.379271408288209,0.0119551223333977
2323,0.0182652387802058,0.374374413109565,0.0149258564939587
2324,0.0209293844240565,0.397615924941241,0.0150911593972604
2325,0.0142558184326302,0.396613807289495,0.015602407305566
2326,0.0126194213890928,0.395267338727425,0.0116862196022099
2327,0.0173729929604867,0.450547983922114,0.0143598284566368
2328,0.023290254967357,0.459105092980444,0.0195071509032866
2329,0.0199079350657542,0.419008477589734,0.0122000508104578
2330,0.0225830191972256,0.440727964327086,0.0113061987023471
2331,0.0104546510536422,0.387114502882281,0.0126160813926948
2332,0.01681800699328,0.37271760873506,0.016789723440286
2333,0.014581797088426,0.39602021518907,0.012121876046523
2334,0.0196866535477973,0.390408363001383,0.0159204047103973
2335,0.016885159822088,0.377922521140389,0.0157712438624702
2336,0.0200295941439679,0.391612620584634,0.0138160765743816
2337,0.00567121842974565,0.428946021005457,0.00891530689987451
2338,0.0219279430328061,0.394205689574232,0.0135251694217721
2339,0.0180736759829965,0.376047590037693,0.0155371598695156
2340,0.0227605831357565,0.462599139468428,0.0137856269393028
2341,0.0211161935313381,0.432285730860127,0.0113065072631658
2342,0.013290593323524,0.38724913425267,0.0171612457040588
2343,0.018626006399387,0.390945285055766,0.0115871290053937
2344,0.0237348774634763,0.395863125701596,0.0128979667484181
2345,0.0212968906161537,0.397385635542924,0.0112905134201532
2346,0.0100434905140053,0.410650140555223,0.0151554739586906
2347,0.0235859771021384,0.377066812134383,0.0130814640349438
2348,0.0220871449593029,0.399539433340871,0.0131142132295382
2349,0.0113623342099272,0.378843732886161,0.0140516547814645
2350,0.0149074191867325,0.395795207623148,0.017735718646883
2351,0.0259243991906449,0.395359463911425,0.0144411571479625
2352,0.0252974334674426,0.390499567112215,0.011840719177582
2353,0.0212370608040993,0.379366130707419,0.0142349644643773
2354,0.022471903344595,0.384464138383758,0.0163724199397969
2355,0.0212908395714366,0.396665160416849,0.0193957964108031
2356,0.0256769641263732,0.392008806627732,0.0148682848821572
2357,0.0232543514733382,0.391608713300427,0.0122308148859496
2358,0.023758910809702,0.387277256718977,0.0136385952117382
2359,0.0140162006445744,0.387242164269529,0.0136050767522115
2360,0.0176973686511883,0.386574056526943,0.0145828771364476
2361,0.0252033608003253,0.36057943761321,0.0153312605960506
2362,0.0188879529928662,0.376535360605832,0.0128815365367621
2363,0.0207517264215328,0.377308646397968,0.0155999660086501
2364,0.0207428883215167,0.452234624577259,0.010503953094451
2365,0.0188072072047255,0.423691342770903,0.0133902892807146
2366,0.0150551630462666,0.441934997090614,0.0108580291563039
2367,0.0244249320580464,0.440064919479147,0.0141001431585635
2368,0.0173816625076599,0.398469954987189,0.0124170027242634
2369,0.0224979011374929,0.397941734431605,0.0114980757183827
2370,0.0204364989008876,0.272825149327293,0.0188207388052485
2371,0.0219195939496192,0.304016793179783,0.0185424213496139
2372,0.018415424583845,0.289743398468191,0.0187503194245942
2373,0.0178332919669286,0.27655807518785,0.0185034044794394
2374,0.0219218655058256,0.319258928296273,0.0205389227450792
2375,0.0174369211944442,0.301326508741857,0.021961726558917
2376,0.0296504538503991,0.255751470676669,0.0245904588534058
2377,0.021897657741978,0.294280180407718,0.0230258556939143
2378,0.018969149965971,0.300899383493059,0.0169204917992331
2379,0.0273985835861047,0.229099112364645,0.0219661241069011
2380,0.0225652593325003,0.218003224101539,0.0196920793772093
2381,0.0154725827749093,0.286327032835323,0.0232604356262346
2382,0.0237865299815302,0.277421477222078,0.0235730007474148
2383,0.0202869030808473,0.288477277879877,0.0206626790649093
2384,0.0177416840106536,0.280086848808814,0.0175458757928884
2385,0.0213285287755601,0.263358302366847,0.0208677740018621
2386,0.0182192295614393,0.33440340482905,0.0162015041361454
2387,0.0255094083135528,0.286711105695331,0.0168858078096469
2388,0.0190048885370334,0.29638717503925,0.0165732407733851
2389,0.0235455367849353,0.308606829296844,0.0166373585015689
2390,0.021410860904245,0.389805304180858,0.0125621071345768
2391,0.0178943777042564,0.481578466140109,0.0123624068215454
2392,0.0216322852395655,0.432193998024693,0.0144643088325646
2393,0.0269885808663997,0.384105773902679,0.0161258176215637
2394,0.0102012702768457,0.392741510350164,0.0146505242894061
2395,0.0235782638631411,0.279537198915967,0.019749632556703
2396,0.0235950796488085,0.225056800756942,0.0246151096759548
2397,0.026522789586583,0.211283666178751,0.0207907617142854
2398,0.0142629397962143,0.227866633325099,0.0196539509532351
2399,0.0128914024929152,0.280492389386599,0.0173527516429263
2400,0.0238890611041844,0.230068089556883,0.0173054389116669
2401,0.0173823343517574,0.231418992382197,0.025344690674981
2402,0.0181555993796562,0.222773412239133,0.0217932193930965
2403,0.0238993609845388,0.234098742164644,0.0167952645769721
2404,0.0212338319380791,0.274282187032585,0.0143130172792903
2405,0.0210087229689789,0.291404026771087,0.0188906943748777
2406,0.025199020959574,0.301516660922851,0.0213656590474061
2407,0.0124165150657993,0.259267644449061,0.0167123022899066
2408,0.0207281892459118,0.251921629244416,0.0166747343042241
2409,0.019754385161975,0.234437706802862,0.0222858188805704
2410,0.01699216101467,0.223220550139681,0.017526966613013
2411,0.0208690197526887,0.219549653735547,0.018072731558698
2412,0.0176894816029704,0.279782845824834,0.0186079367686146
2413,0.0147827413064309,0.296117449055763,0.0150343656915733
2414,0.0194654510056695,0.294925124763495,0.0187384672121807
2415,0.0238421416963693,0.220179069959385,0.0243803104333827
2416,0.0155554012321604,0.303682554910502,0.0207523979131272
2417,0.021992519407958,0.287038728159225,0.02042968217124
2418,0.0220548822570113,0.220246266356946,0.0199280216187115
2419,0.0169158240390492,0.293834439470281,0.0197215568876242
2420,0.0238896843999276,0.360480610927682,0.0163441877134923
2421,0.0219717754830082,0.384711782113008,0.0112301838732012
2422,0.0218538740074353,0.44353635727216,0.00819524532629955
2423,0.0149869646969316,0.373410801080369,0.010908088416464
2424,0.0161830395901994,0.393267509605557,0.0155270511623378
2425,0.0159200417965449,0.416799394643401,0.011184093163254
2426,0.0130171628812782,0.37160976147011,0.012299411311661
2427,0.0151776713202223,0.373634545119273,0.0174084326892552
2428,0.00955469089002813,0.389785218679206,0.0119668633749455
2429,0.0203904779796323,0.394250260134061,0.0149417372574036
2430,0.0204442300954624,0.38970311387058,0.0161662873681868
2431,0.0167584347863946,0.388970048931804,0.0181392197715214
2432,0.016835580157975,0.390945956300451,0.0143592651323185
2433,0.0178188017369976,0.354176595965112,0.0185570194018993
2434,0.0177470469531918,0.396126158385102,0.01662348535125
2435,0.00710136218765197,0.377556405243225,0.0132599220327064
2436,0.0126489195339113,0.356595331408902,0.0211325950626718
2437,0.0239300635333533,0.381649020350836,0.016603845408656
2438,0.0167715441186214,0.376686369392269,0.0108558893691384
2439,0.0191142602053658,0.385743674816366,0.0183061902984996
2440,0.0179304752833179,0.389356475114196,0.0168799317973567
2441,0.0193123133812211,0.397370739028118,0.0169959114170418
2442,0.0261019871957111,0.404359942079172,0.0133198914210985
2443,0.0201419297177831,0.398014788182562,0.0116196422809088
2444,0.016952261584915,0.375094125334054,0.0122109839209019
2445,0.0171489868312952,0.385751189604876,0.0163261649495265
2446,0.0160425686443523,0.438964009411567,0.0133454703476676
2447,0.0184345587926432,0.418986796625657,0.0117841847055967
2448,0.0187303744864496,0.391847789494319,0.0132155574312953
2449,0.0191987071603408,0.379971192396073,0.0172912621205869
2450,0.0180499673350242,0.390912887305671,0.0139798021331563
2451,0.0101226041850265,0.445977533526869,0.00957421853355614
2452,0.0174908810314858,0.398617070385554,0.013024713806335
2453,0.0285780834294474,0.383767475764031,0.0126917773878528
2454,0.0113399607382003,0.357789009079724,0.0180385668716181
2455,0.0194134151506967,0.378153913768728,0.0126287499764819
2456,0.0204448206514774,0.395912613738515,0.0165857050018732
2457,0.0162178647488015,0.387664869914974,0.0156942856840059
2458,0.019267589621856,0.382733997231992,0.0132154528565356
2459,0.0168158878518008,0.394319700001905,0.0135801988286441
2460,0.0224276857097229,0.39142036396659,0.0132913267936749
2461,0.0241050805842944,0.392518020079048,0.0120141465966116
2462,0.0191537120392043,0.444325206643578,0.0115606059606827
2463,0.0181624361360269,0.437997879558354,0.0118909583707041
2464,0.0168778391651913,0.44679613912052,0.0123185079560339
2465,0.0181721102433734,0.383955198636903,0.0144916161761847
2466,0.026612380733105,0.375852626597244,0.0144895641353519
2467,0.0180339991403649,0.444589908367834,0.0138620468558174
2468,0.0255126619527334,0.447762672959364,0.0119585726484674
2469,0.0209309212760936,0.441883375618407,0.0134265356922896
2470,0.0191565980587594,0.426354337811986,0.0131106309029967
2471,0.0185680450254463,0.382156817388416,0.0102419442721621
2472,0.0193073283683569,0.376903274401978,0.0124258967252723
2473,0.0103968218068612,0.372601186348436,0.0173381233692744
2474,0.016876806025626,0.397204288425921,0.0125183940803964
2475,0.0219534518791785,0.443376238350791,0.0111487872373645
2476,0.0220431952339932,0.393980328951423,0.0111836850262879
2477,0.0151211916670365,0.390738797555102,0.0123789720020865
2478,0.0188496153211727,0.388094684512939,0.015357772363458
2479,0.018728734065001,0.394378891808362,0.0150540177838764
2480,0.0191055310535219,0.44806630796817,0.0127695215452134
2481,0.0171456284528068,0.395982269623625,0.0116735991144256
2482,0.0256037852778421,0.3951033524658,0.0142085214158679
2483,0.0152470599582851,0.372252981365341,0.0156453428094848
2484,0.0244247421870025,0.385860203523479,0.012072947736283
2485,0.0215112726699794,0.36502608095369,0.0166558875516625
2486,0.016802123174083,0.391355796969718,0.0157911182944684
2487,0.019407829232481,0.395870703549382,0.0118582576347402
2488,0.0204076878254848,0.390189205825725,0.0116490677385358
2489,0.02089551571426,0.409279960748536,0.0114764866931508
2490,0.0206407313688064,0.427004423775528,0.0136772778717762
2491,0.018198032653434,0.442564564767319,0.0126737290042835
2492,0.0177079905917412,0.430440581661974,0.00990367493323285
2493,0.021786980688347,0.436062839820699,0.0103146950223907
2494,0.0123763856688301,0.421167687067905,0.0125755476993471
2495,0.0156315698100233,0.375625887609111,0.0126543172996136
2496,0.0175973162027792,0.381232962244013,0.014143790125213
2497,0.0244267683801358,0.397606697177638,0.012746510291185
2498,0.0192928679507768,0.428652239752325,0.0126675021222728
2499,0.0150173528830754,0.390327760387886,0.0155497758976132
2500,0.0166901151703037,0.378905256859364,0.0153920008673431
2501,0.0183247214232737,0.387404596183721,0.0145132237551856
2502,0.0132933520075828,0.383362386061559,0.0175150516135343
2503,0.0228349345182995,0.388138051038091,0.0128049416640383
2504,0.016092475175099,0.397240909461095,0.0148149785139277
2505,0.0197600089325091,0.387317678529541,0.0151297131273636
2506,0.02286864051526,0.394418087715489,0.0159964122213445
2507,0.0245054224512567,0.430436642177113,0.0111167858679875
2508,0.0149383875244776,0.389228739842611,0.0203398012655818
2509,0.021628164301139,0.292555995538464,0.0139477085339928
2510,0.0238477800078044,0.387800239983455,0.0201688972326261
2511,0.0220447156075173,0.398336456832439,0.0132088387425374
2512,0.0230304408997591,0.384201563621171,0.01461126032466
2513,0.0197925792730336,0.378278780876543,0.0176588673761882
2514,0.0206889825280655,0.320940961971781,0.0175953541614887
2515,0.021014758390211,0.390876251186416,0.019992552924119
2516,0.0228032213477563,0.448687114492392,0.0110468306014541
2517,0.0253802039005788,0.432623421860094,0.0124933906426489
2518,0.0248436081355123,0.409501296339455,0.012475122380433
2519,0.0088516536092355,0.388502212730674,0.0129458451136641
2520,0.0184702297966954,0.378190048191203,0.0190498063000757
2521,0.0199130946481405,0.39553766101562,0.0121322861940493
2522,0.0174297096161955,0.373929902257732,0.0121946497483899
2523,0.018379429467044,0.441711816540399,0.0096726509709483
2524,0.0225695977347413,0.388307677244735,0.0124103155760164
2525,0.0176701202974316,0.38799894164358,0.0159762410543818
2526,0.017121149523474,0.382317110876549,0.0157138091671712
2527,0.0259790939284676,0.368098164619008,0.0154962697807513
2528,0.0162583419980857,0.44811229622865,0.0136441090308513
2529,0.0120931806950945,0.445524833961934,0.0104414455200966
2530,0.0207589882223614,0.430144872597104,0.0124663407579472
2531,0.0172611682181476,0.406928629996146,0.0133125048770562
2532,0.0200806938267408,0.395304941785507,0.0122603558941912
2533,0.0221095459951459,0.387935834206102,0.0118039522605747
2534,0.0139691833637383,0.41942306340163,0.0119111126336774
2535,0.0211053616920859,0.427199353510585,0.0150210537407175
2536,0.01507292854401,0.392016136601232,0.0161910129463061
2537,0.0205245649276296,0.393070086947757,0.015380112773818
2538,0.0207471497291168,0.391033580048373,0.012629095266887
2539,0.0210899936641861,0.394979906737991,0.0163114967674669
2540,0.0186472304876729,0.370635476702422,0.0173444876228715
2541,0.0172090457987311,0.439750395391166,0.0114330478803097
2542,0.0222276877587696,0.397727302684672,0.0156193863304542
2543,0.0180439981005796,0.39214776416356,0.0158232878391525
2544,0.0124702199927136,0.389545204145251,0.0178195196802317
2545,0.0198240980338617,0.389092493602196,0.0139811863542167
2546,0.018902907121353,0.397562188530584,0.0110207412268294
2547,0.0266067162691957,0.374501315772968,0.014046809393264
2548,0.0273893348880263,0.33720270409527,0.0244755961068501
2549,0.019044593614121,0.307602911088144,0.0139755484026288
2550,0.0228180962696717,0.300266804950744,0.021233505814014
2551,0.0109660214964937,0.288754617074063,0.0208295906965926
2552,0.0267339275093189,0.304698204478042,0.0150316734026616
2553,0.0174322443084373,0.30004774522544,0.0176280997924269
2554,0.0210958484423644,0.304649412723553,0.0168904190989696
2555,0.0220873623274002,0.299213747208863,0.0140698276648541
2556,0.0190959769984327,0.282780862132766,0.017253033527101
2557,0.0144519522176407,0.297171767471258,0.0181396587311182
2558,0.011891921130552,0.217270410203022,0.0255471233996019
2559,0.024224552871734,0.304533984794642,0.014292397356077
2560,0.0248398977795754,0.298207714528616,0.0177095558531712
2561,0.0211994178830469,0.276798522483849,0.0205116933722169
2562,0.0212777235647986,0.247197628413764,0.0230054258148165
2563,0.0159383870047373,0.227261654856003,0.02458649269809
2564,0.0129675455954283,0.281454359386238,0.0191186698116484
2565,0.0242885507927085,0.222989528304641,0.0158795186980661
2566,0.019238008994823,0.213907098010509,0.0256278240301895
2567,0.023854843874093,0.249263078235025,0.0215644576901575
2568,0.018537877159744,0.28111938204565,0.0214100044360942
2569,0.0199969029892142,0.275018567981181,0.0148698402423984
2570,0.0231989133937264,0.281304294174329,0.0193892670771078
2571,0.0218129897352863,0.273919703039579,0.0225802999057016
2572,0.0208118507451868,0.284107171547009,0.021170150413227
2573,0.0126018388509492,0.218729225841011,0.0190604382153662
2574,0.0274117779749686,0.242776064121567,0.0195201770856089
2575,0.0232328287605678,0.225199802710351,0.0216595449886334
2576,0.0231014469967746,0.215075328237153,0.0190228812338245
2577,0.0142572950521837,0.225442495923445,0.0218709092569108
2578,0.0108137391315866,0.278195347901122,0.0192659666151774
2579,0.0193578114179132,0.303361666988125,0.0173791939710314
2580,0.0173792453350329,0.35624821964429,0.0121503996527286
2581,0.0148460686410888,0.350397595996076,0.0155541431495959
2582,0.0159375023350774,0.35656717383009,0.0145551875398665
2583,0.0163787183080261,0.426130807635321,0.0126792170862025
2584,0.0206641024675961,0.447530148699217,0.0127417989764015
2585,0.021822231658811,0.446944283242673,0.0122663763093791
2586,0.0175162492453935,0.358975167158144,0.0109842876134199
2587,0.0186266706220175,0.438477772833941,0.0105203915942616
2588,0.0198893086296167,0.425310982929924,0.0132253647305383
2589,0.0195088421822047,0.452719603754131,0.0120741959305031
2590,0.0213227909584646,0.39652013998261,0.0129979203631092
2591,0.0225567478675313,0.369081431906361,0.0209164473645845
2592,0.0210257624859802,0.385102361330036,0.0154457952111456
2593,0.0174696229882788,0.374024510938046,0.0129332720334503
2594,0.026435076176117,0.393983282798773,0.0141093017438333
2595,0.0158746409955922,0.404529217346682,0.0144461257724099
2596,0.017729217481931,0.396917093597603,0.014231646824054
2597,0.021095799862506,0.379409423152277,0.0202825563791109
2598,0.023729499538244,0.373629038454147,0.0142529533937788
2599,0.0163408751896873,0.388425365468142,0.0122623505496378
2600,0.0207423693203025,0.389084592088061,0.0163562554679018
2601,0.0206115172164244,0.373984699785945,0.0144458881272608
2602,0.0226796905555992,0.404129114246273,0.0125838727226482
2603,0.0211014685666996,0.394200066132041,0.0160876681737861
2604,0.0164812060714095,0.390532152264406,0.0145217784753588
2605,0.0220603585254596,0.389302555843223,0.0171028249639612
2606,0.018027173020042,0.389702238645997,0.0171734759632449
2607,0.0155372302053275,0.390275482738539,0.0149657147409437
2608,0.0232143529280679,0.396119741486448,0.0152559778740729
2609,0.0194011226411107,0.392839499369279,0.013423141752542
2610,0.00788373430330823,0.376287934493782,0.019138610721361
2611,0.0137208897832489,0.387697533741995,0.0123881318649919
2612,0.0224046724945623,0.398804162829584,0.0165949245789235
2613,0.0236416261636456,0.382533616012899,0.0173923964825736
2614,0.0166271376837532,0.393425549501014,0.0156335927598016
2615,0.0173133298122579,0.402872718470291,0.0134460555988278
2616,0.0184300390547688,0.395074078490106,0.0192426718150375
2617,0.0178039459319063,0.397102013851049,0.0141235191195076
2618,0.0147387605105707,0.431286596007194,0.0143957387146617
2619,0.0175638369531468,0.374564584571428,0.0129164550180205
2620,0.0165410026672134,0.392602776816537,0.0146778527564819
2621,0.024703905369528,0.37175174999113,0.014673151246509
2622,0.0184570560688893,0.297415634301946,0.0228458532705008
2623,0.0188703873488301,0.272738960292699,0.0132580901786914
2624,0.0145313234495582,0.273524783684888,0.0187065805461025
2625,0.0227706158937459,0.283840026605166,0.0187484480719571
2626,0.0188367602261827,0.283879188627503,0.0212687616637179
2627,0.0155509809373806,0.289040840549885,0.019831789396359
2628,0.0207967921470479,0.374732180155937,0.0159036640952772
2629,0.0177719177410168,0.389253437616819,0.0155148285563858
2630,0.0166271492878882,0.380002886429471,0.0113138529300827
2631,0.0150715989952384,0.381286467638205,0.0159349979924599
2632,0.0233972515945781,0.388158153273017,0.0165905729782288
2633,0.0187818080785461,0.445096388024178,0.0140166479938496
2634,0.0178456175857967,0.442063717588252,0.011362723270534
2635,0.025898394833538,0.383837860022723,0.0200039083506312
2636,0.020133371064899,0.37675334156187,0.0184193724717911
2637,0.0225484651427086,0.45385801912398,0.0164682215719058
2638,0.0167953745546651,0.480380851885549,0.0149434006626626
2639,0.0218776293543513,0.406637584140012,0.01500215847666
2640,0.0140897875801573,0.434423756153772,0.0107259229357985
2641,0.0154322626358605,0.435435204706954,0.0122992053982283
2642,0.0217423755301003,0.372390667415021,0.0111025969945484
2643,0.0175550389493291,0.432802701477817,0.0128239348331465
2644,0.0188834105203127,0.398665968246413,0.0136273945841018
2645,0.0204861982073995,0.35010649592024,0.0143116078369347
2646,0.0155124364016172,0.380857269586146,0.0168381007330692
2647,0.0175881902572594,0.375936510047505,0.0147397486483849
2648,0.025323123455106,0.377246182839735,0.0173017662759998
2649,0.0180295176759452,0.390799340351729,0.0117175944693685
2650,0.0163549761833478,0.401961010244643,0.0148619098396373
2651,0.0239778017603822,0.389881636516255,0.0193716587687284
2652,0.00916188256938768,0.374746973133694,0.0144367928779236
2653,0.018380924603777,0.38292089882284,0.0132418810577034
2654,0.0184269081020965,0.398737645594139,0.0147330359447129
2655,0.0167872836913571,0.448960360418203,0.0102162117540867
2656,0.0159270613265463,0.438946825219429,0.0133452981566076
2657,0.0273420660596721,0.410772889523175,0.0120276741336698
2658,0.0154884313355358,0.394766153464136,0.0168952255574299
2659,0.0166007387907576,0.398599322238614,0.0115096481355777
2660,0.0195580298446515,0.396218862556236,0.0125412910327663
2661,0.0237518306892339,0.37553107015246,0.0151153859707404
2662,0.0238858143567108,0.448736748888103,0.0141902401030129
2663,0.0201767221447188,0.410716578597346,0.0140978741581331
2664,0.023418720547948,0.437764169367742,0.0146715258099691
2665,0.0121345273504457,0.365205890812619,0.0168752651975809
2666,0.012909968045172,0.436003928211889,0.0124703212056315
2667,0.019419459935437,0.428101720956512,0.0113447025148992
2668,0.0207994802854821,0.373771332531091,0.0115485475640799
2669,0.0186940620259601,0.390089298142825,0.018333770397401
2670,0.0165482018441646,0.390565610827234,0.0132995225770051
2671,0.0166552161785774,0.383191524445308,0.0180992384286147
2672,0.0185910112973531,0.44079447959599,0.0145658474372822
2673,0.0194058356690317,0.391619481283238,0.0189597315551438
2674,0.00982618672596785,0.391368356030407,0.0120289569840053
2675,0.0136983162553013,0.398319193693908,0.0119280016704189
2676,0.0188176074011321,0.390124362613163,0.0163777231441471
2677,0.023236204995864,0.39323699982429,0.0170553485048629
2678,0.0253854371837417,0.377840030363592,0.0132461434050651
2679,0.0187191843384582,0.386841115095108,0.0138296491128306
2680,0.0184957628453089,0.395335516363936,0.0172087935048578
2681,0.013091543524319,0.356843101597596,0.0116477211898083
2682,0.0207531806624021,0.395835871701933,0.0148479797459694
2683,0.019523411214828,0.394111782875302,0.0133174047875376
2684,0.0203793033440345,0.375373090694886,0.0151209667322569
2685,0.022344886822645,0.384531967382274,0.0135837977647012
2686,0.0247635145771825,0.388797467926638,0.0103169609194795
2687,0.0189672714963743,0.423372575648281,0.0138980395193925
2688,0.0247380181854244,0.377808833267631,0.0127208485265847
2689,0.023228565716314,0.393985005917921,0.0155902141231562
2690,0.0193877034289633,0.390596545854509,0.0158196686045657
2691,0.012939923500592,0.368195143923512,0.0128389467034201
2692,0.0177731342174895,0.380043551177307,0.0188113212223018
2693,0.0187662859423242,0.388877500341736,0.0130470782679453
2694,0.0153364260415457,0.382975122680823,0.0148488773580356
2695,0.0171363729669201,0.393361132684003,0.0128394761491168
2696,0.0153074026428215,0.398475593758839,0.0113896528476853
2697,0.0206509487051578,0.396073342614254,0.0152787913176058
2698,0.0133670610593977,0.38762489249795,0.012110978091206
2699,0.0153357961583617,0.397915441420381,0.0136167904662119
2700,0.0137447989104905,0.377212867242667,0.0184450038015671
2701,0.0147930087021766,0.384598987599366,0.0141580625686539
2702,0.0159000250461089,0.387873381325363,0.0121012161760141
2703,0.0148184793802132,0.397327174638986,0.0143974329563131
2704,0.0248026791910436,0.376355906289413,0.0159063487524015
2705,0.0159600752039732,0.346738992880795,0.0228638977416393
2706,0.0215482093931503,0.358228517995443,0.0163742341235907
2707,0.0180697008582178,0.430269768950343,0.0141788191524485
2708,0.0153647627321468,0.432267137403752,0.0112405783492956
2709,0.0125974736323665,0.431691722696429,0.0108879775649627
2710,0.0224624052043044,0.436000341492546,0.00955459872440915
2711,0.0171099544615701,0.385327633089941,0.0134594279882428
2712,0.0202417703526749,0.431628843225824,0.0130256986120036
2713,0.0319206460331718,0.387760075050389,0.0147457670990486
2714,0.0176850071210376,0.447563216401651,0.0145125090087196
2715,0.0139450526405015,0.439966691957678,0.0112090457288765
2716,0.0267672486386284,0.341633500510404,0.0181714273770872
2717,0.0222963021609069,0.389364635336412,0.011369161339488
2718,0.0156405125947176,0.37698522034661,0.0105419650240635
2719,0.00862228355983674,0.432476496472065,0.0123457458876192
2720,0.0178529174136014,0.374121635308379,0.016238924980897
2721,0.0157403782540196,0.427590707156345,0.0188095815149557
2722,0.0132695762691512,0.277849738325865,0.0178905902969696
2723,0.0209907867339898,0.344979165165186,0.0187865413523407
2724,0.0208527620866624,0.285686414047692,0.0210252118832843
2725,0.0243412871078815,0.296877441042826,0.0157697433284769
2726,0.0239569501281216,0.272142118841528,0.0196707764960189
2727,0.0190912511166492,0.309631411269056,0.0189920282334791
2728,0.0227124848189106,0.396860231314882,0.0145746129399569
2729,0.0133665408528754,0.429447149324273,0.0155674402043646
2730,0.0274623271525614,0.386088652402367,0.0146221692388151
2731,0.0238078659925462,0.385988070985873,0.0177903605665598
2732,0.0158396315312316,0.392172254065738,0.0145082725862025
2733,0.0196259705774937,0.392176665716047,0.0156923321822561
2734,0.0199105216441383,0.411284342809169,0.015929957147391
2735,0.0192308607164093,0.392297137213945,0.0117384078744041
2736,0.0147136743320853,0.371058478957765,0.0140661310332093
2737,0.0162921095589193,0.379452826272772,0.0128956720538913
2738,0.0212743645990228,0.387288116381083,0.0193059294621052
2739,0.0121667907726053,0.422142788208371,0.0160405783552458
2740,0.0109555972685138,0.388876113618045,0.0143629562809217
2741,0.020216308721779,0.394288166579853,0.0118406364321418
2742,0.0251233549902761,0.30046216138409,0.0228440749421099
2743,0.0130033002197951,0.376153307866445,0.0197587799699746
2744,0.017098366949807,0.393985328320706,0.00977672342839932
2745,0.0187240120518535,0.397649333174585,0.0144611425457913
2746,0.0233033779565167,0.433660480625935,0.0154508001473193
2747,0.0202044964539629,0.388298327986891,0.010949200989256
2748,0.022937379187436,0.440564758344546,0.0122086840492981
2749,0.033094727722684,0.443154322685569,0.0169666945081139
2750,0.0148032748125809,0.408019720205122,0.0187721564925967
2751,0.0237234946699215,0.394583366284034,0.0108593220774755
2752,0.0229591803162476,0.381067932995091,0.0147027427338661
2753,0.0201436151637982,0.392191884208354,0.0127639591549465
2754,0.0182563270542002,0.391745313702071,0.0149555802214009
2755,0.0187329077458695,0.37540718425958,0.017852855466096
2756,0.0205778121245485,0.399702199378414,0.013742805398904
2757,0.016631615462349,0.375064830065256,0.0131958307734712
2758,0.0181025058380978,0.427571619264921,0.0154163066309628
2759,0.0181963250149178,0.383254704309146,0.0107782060326336
2760,0.0182428891051998,0.393208961192529,0.0142620239650706
2761,0.0176899848223382,0.383912834070574,0.0117052859026112
2762,0.0225695226171871,0.389253135746937,0.016297164514834
2763,0.0220699686730245,0.381837362879783,0.0135099362886222
2764,0.0149973447662443,0.445008159472731,0.0126848730437342
2765,0.012713223793808,0.435100314660706,0.0123015040207033
2766,0.0178458232668885,0.381410797536961,0.0157198320455883
2767,0.0195378142825507,0.34147938265625,0.0161203765971359
2768,0.0186415885702367,0.390699680366703,0.0162831710330801
2769,0.017732353016721,0.370181523961322,0.0146012282478134
2770,0.0142794320746198,0.398875536427765,0.0144839609085722
2771,0.0220822421593348,0.389062430682551,0.0135338681602126
2772,0.0243253365084209,0.39523530672164,0.0123623771085348
2773,0.0185463692712274,0.387751869850137,0.0141838508755034
2774,0.0154266230458318,0.374469543770611,0.0123256375649626
2775,0.0160762393622645,0.394396731273758,0.0135569483672218
2776,0.0195017342150307,0.389903929425482,0.0132730310595916
2777,0.0165858293220048,0.37207488370549,0.0145156008852336
2778,0.0121450599964312,0.384566462768721,0.0182217398094967
2779,0.0219286386897675,0.39105804497879,0.0130391840254861
2780,0.0206556949423183,0.39100388817847,0.0145677392226778
2781,0.0130907522918524,0.376939324079944,0.0126456459722097
2782,0.0157310323010084,0.381412131659345,0.0149094885138576
2783,0.026548653433973,0.395281460141888,0.0130399508673518
2784,0.0178518857704425,0.431679159049206,0.0136701656022741
2785,0.0136451945535603,0.399658088069278,0.0104111202334451
2786,0.0185105382151048,0.389087159530683,0.0134549873086532
2787,0.00624359628018048,0.398080920536088,0.0131603270869706
2788,0.0216585766690229,0.372079094201335,0.0160450462464706
2789,0.0155853000547794,0.420839686546798,0.0132991892592701
2790,0.0162597060590267,0.371698368511337,0.0136816082279534
2791,0.0230315767112952,0.395421177857264,0.0174747067356927
2792,0.0142521127907212,0.283753545497034,0.0174845190764648
2793,0.0275976603819081,0.221266767647986,0.0187540954176324
2794,0.011787484061399,0.214542711723742,0.020111518615972
2795,0.0279862688120598,0.226544812190769,0.0172588330622783
2796,0.0205481597511452,0.281573485553347,0.0128587242064625
2797,0.0169120223166489,0.222555685790815,0.0191209725192181
2798,0.0183017367161268,0.275406044470149,0.0197662849916636
2799,0.0186754692633633,0.299620435927339,0.0201985485422812
2800,0.0221043059767731,0.384220469208859,0.0160895083211719
2801,0.0190616750013515,0.398804957678698,0.0120429962422538
2802,0.0223705479125553,0.390618746505998,0.0154112298851896
2803,0.0252476959534876,0.387168700575401,0.0170374574712659
2804,0.0182014913982744,0.395669791876329,0.0139559550243733
2805,0.029104082368667,0.394735805935269,0.0107662781350281
2806,0.0171585522394959,0.397390529218762,0.0141548954666574
2807,0.0204707841114518,0.37206651090572,0.014878106318136
2808,0.020370292914616,0.376577484210065,0.0128664842684792
2809,0.0146052186640638,0.396810822631909,0.0135828775507156
2810,0.0168906811470492,0.373180535097641,0.013200706300164
2811,0.0169750839044831,0.436246156713148,0.00902743021649506
2812,0.0178799110549426,0.397158459208604,0.0136832528286038
2813,0.0174947474515425,0.342905336264978,0.0180876853553365
2814,0.0256961903236262,0.371029490334139,0.0153053076992845
2815,0.00947135637737481,0.395436375696133,0.011443167813972
2816,0.0223409493009902,0.394615805619473,0.0162648081150266
2817,0.0182104246048954,0.378652079458438,0.0139017456037429
2818,0.0197969402236388,0.37747102198072,0.0124038652500316
2819,0.0263225955510974,0.391453679702338,0.0146638998230317
2820,0.0141742711241602,0.414708712624731,0.0116458508407717
2821,0.0178884181973943,0.433567222010558,0.00980005887137078
2822,0.0152284322868044,0.435342730803251,0.0144074927771387
2823,0.0105361846020434,0.372573688572544,0.0126195801211068
2824,0.0187040100550129,0.392843753609277,0.0202264289525794
2825,0.00990744247529647,0.371963933535197,0.0179770578666823
2826,0.0193121359661819,0.416984635697452,0.0107687793138237
2827,0.016529352787116,0.358653064881381,0.0143911076918005
2828,0.0194742086458252,0.389504702900174,0.0169718547488253
2829,0.0147660710874375,0.395717948804764,0.0156317226404671
2830,0.020311532675442,0.385566300363049,0.0121255710350213
2831,0.023224364924911,0.386320274298642,0.0116802160171732
2832,0.0295492694340464,0.356339226621397,0.0139809612420332
2833,0.0295492694340464,0.296701841810501,0.0199100689191789
2834,0.0217599766268041,0.289469420514731,0.0162672638000588
2835,0.0208260252050971,0.283805886722883,0.0142451224951711
2836,0.0215426975584134,0.21424445255389,0.0181419093016163
2837,0.0244040407209555,0.394382551804991,0.0153045654475927
2838,0.0186342047043142,0.384473849881007,0.0152854675159691
2839,0.0204633511578956,0.374189875855634,0.0144767455763804
2840,0.0205552252212706,0.390643147580088,0.0190471156624177
2841,0.0224187681249487,0.390863529150596,0.0148262611167101
2842,0.0249285309861836,0.390776545392648,0.0130306473216846
2843,0.0145241872540715,0.398292538797204,0.0136200900426672
2844,0.0103854158695316,0.429174545625777,0.0138579226641424
2845,0.0214460469464697,0.443295526792323,0.00968244608084023
2846,0.0230327491650308,0.313225988934938,0.0205538579927992
2847,0.0206119397008304,0.277237177928324,0.0153735359191832
2848,0.0175508770535202,0.284696393306529,0.0218600241952053
2849,0.0221622723770369,0.249707428763307,0.014379028221382
2850,0.0243261211492681,0.303602564892705,0.0150017709970573
2851,0.0198939022709148,0.298567829767487,0.017349607858238
2852,0.0210111855626526,0.215084949665245,0.0207910460759498
2853,0.0152948228168361,0.22729189137489,0.0197264071243592
2854,0.0237036264193767,0.225580855178054,0.018229260970505
2855,0.0186871698223624,0.275124303238411,0.0192647355944044
2856,0.0254118176489114,0.220722474827536,0.0208883372268427
2857,0.0152260288328887,0.22906735604704,0.0192805439840066
2858,0.0182027367405205,0.231465497213389,0.02609524108236
2859,0.0161185578025124,0.237828624951054,0.0216128500438052
2860,0.0155654640816849,0.219372722099282,0.0188680473490935
2861,0.0189148667476866,0.391506648071938,0.0162291231058047
2862,0.0160845170308365,0.380532839853481,0.0162761246622235
2863,0.0157787014971542,0.393823300364917,0.0126144029147745
2864,0.0248006579229892,0.383443452611264,0.0128196429264899
2865,0.0165589443431222,0.392270034741048,0.014482212624256
2866,0.0173443958165307,0.387982845157589,0.0126448660368542
2867,0.0215930405016355,0.397675446844755,0.0131753851172278
2868,0.0188416481080453,0.382307587010707,0.0143963249286843
2869,0.0152463079551535,0.377064490435964,0.0136111126350157
2870,0.0189849720456705,0.29791177213416,0.0152681102021532
2871,0.0212782394383969,0.392601616280929,0.0140180710109481
2872,0.0222110194659658,0.375575248792959,0.0162738469071184
2873,0.0214408605588837,0.373806740740916,0.0140285986584467
2874,0.0222184931678393,0.396397399950198,0.0164332040699657
2875,0.0226767183174042,0.408225661844516,0.0143002809848758
2876,0.0182448493075563,0.425640036215339,0.0108897703870574
2877,0.0204093993741483,0.386472755943008,0.0169317857928302
2878,0.016020041804043,0.397472661675348,0.0132752514338893
2879,0.016614107482098,0.436596170701686,0.0107866434126182
2880,0.0219534744046492,0.394759857396658,0.0114541920604598
2881,0.0252851812578072,0.396167805424898,0.0123740504654353
2882,0.0215516352151582,0.429534858408251,0.0145042752417567
2883,0.0209912156733165,0.381762738083682,0.0135984009844047
2884,0.0164145390697849,0.412918982189023,0.0103073260468672
2885,0.0219428558904504,0.399571409351834,0.0158781197669872
2886,0.0200641819993794,0.234192976775848,0.0188893432257333
2887,0.0238225860723747,0.229605926035764,0.0227650019725778
2888,0.021354864821268,0.279575578744029,0.020775134362106
2889,0.0163834058634573,0.221406013606625,0.0152270008229044
2890,0.0159743345244951,0.301628444946617,0.0162871683166052
2891,0.0237544234247741,0.291008345213371,0.0213337371321753
2892,0.0190278843519564,0.283354728053246,0.0193490267102512
2893,0.0168381370444575,0.305478721472643,0.0158614722084685
2894,0.0115853323727664,0.279424425055632,0.0244626682431764
2895,0.0179869603359515,0.374000529109769,0.0139071845642251
2896,0.0142645091119388,0.421383508562975,0.0154891858494758
2897,0.0261744806743593,0.433286216441186,0.0139025180460391
2898,0.022507254434587,0.39853126361674,0.0123072891803184
2899,0.0152258320191497,0.396890782077118,0.0134016574890289
2900,0.0189266077274964,0.388084820945915,0.0156545343189121
2901,0.0278622202446687,0.378234345357355,0.0155417468180005
2902,0.0148305736858869,0.398179094378756,0.0147020334227835
2903,0.0231915479559806,0.39913998186808,0.0164056168274659
2904,0.016515537731795,0.406226161652412,0.0163803521987368
2905,0.0159597445312972,0.398451895280016,0.0157857644392899
2906,0.0144371033655016,0.35753393828706,0.0138396998949484
2907,0.0246255173630811,0.368602348571028,0.0153365095238594
2908,0.0143572586209136,0.396856064401083,0.0137998021942965
2909,0.0161139313533724,0.372227111683388,0.0154420321899263
2910,0.0161434812087113,0.399380529918873,0.0102305638383238
2911,0.0228026408340649,0.375270152605615,0.0197693060266334
2912,0.018801071853299,0.377970016225887,0.0103283040068769
2913,0.0174561902676507,0.430098603711507,0.013615360672768
2914,0.0211347596338137,0.392331629737647,0.0123852921526776
2915,0.0165583240233599,0.387429916843966,0.0102430336791629
2916,0.0111840025053409,0.37586852409676,0.0129420666248351
2917,0.0205963532812464,0.375075860225284,0.0136952138208722
2918,0.0216468618735597,0.383672687135047,0.0124973474165624
2919,0.0241130245292757,0.398594182416181,0.0158027161234213
2920,0.0156585804680279,0.340418061433911,0.0176279058688145
2921,0.0143306046522392,0.398209064084395,0.016238704649788
2922,0.0240031257053118,0.38400621183356,0.0115067536133215
2923,0.0211228532686365,0.392495323296864,0.0135626143830307
2924,0.0211334815532702,0.393833401138242,0.0147615941298857
2925,0.00964312910116702,0.387329104536859,0.0121301086426799
2926,0.0173259345762891,0.409533013929694,0.017368698684449
2927,0.0178311581805391,0.387074086132822,0.018509190246067
2928,0.0160985815454204,0.377513899407427,0.0125373601246399
2929,0.0144220849020589,0.390973569737097,0.0158195182898819
2930,0.0138931742735564,0.386114766149826,0.0102092099609019
2931,0.0140404080364145,0.378924975599801,0.0110643219114245
2932,0.0216083911951993,0.391508861297937,0.00981008186660893
2933,0.0230240832608326,0.396290173350183,0.013458747363849
2934,0.0199479974591819,0.377517638587874,0.0135311677107145
2935,0.015527589504174,0.389485399747418,0.0126675091734705
2936,0.0237772308537115,0.392352556031018,0.0158544101144477
2937,0.0213445672837376,0.394218942173424,0.0137697923388865
2938,0.0210666239201271,0.390316537742965,0.0148740577642839
2939,0.0157091403163075,0.395071941377496,0.0156893080458747
2940,0.0136577793224439,0.387740370867734,0.0122954594345414
2941,0.022157475343632,0.398666442731827,0.0123624938955657
2942,0.0166071286466838,0.435371858950597,0.0147564920151324
2943,0.0213751446807371,0.438393254898156,0.0110769144907836
2944,0.0167366358639056,0.449732808571818,0.0116718397855487
2945,0.0205168106405922,0.442298163197011,0.0101994824289355
2946,0.0202577349159201,0.374594014935416,0.0141204959389193
2947,0.0180539282978765,0.393181412125519,0.0160227218570602
2948,0.0171238885621776,0.357587475020586,0.0226491165232771
2949,0.0180934045152978,0.306719015406132,0.021694687602578
2950,0.011865238488266,0.276274762188766,0.0164362025356719
2951,0.0230599924148436,0.228756455184684,0.0198229390812396
2952,0.0186492956625458,0.295449694011167,0.0213293298925094
2953,0.0155965962786967,0.255079217202809,0.0206748606304093
2954,0.0235359080663343,0.283504505470963,0.0170648327391612
2955,0.0172760326233683,0.379292185067973,0.0156051538098121
2956,0.015274078578791,0.393851651422063,0.013671090040541
2957,0.0242022243955483,0.377807086378797,0.015118995589636
2958,0.0235310340837748,0.420226827912385,0.0155746213471097
2959,0.0190176505059365,0.450057844998333,0.012772413506664
2960,0.0201182556675159,0.395907611454145,0.0102956194624869
2961,0.0224528394243864,0.393910660506515,0.0144975401530101
2962,0.0221608581388379,0.376240318599647,0.0172027107747135
2963,0.00949845360016676,0.370102756976709,0.0149422200230968
2964,0.021121429569801,0.391593394807724,0.0225058709367843
2965,0.0199029113990446,0.375079531094519,0.0170773015312377
2966,0.0188076476087294,0.382050322701846,0.0137597320684624
2967,0.0199322910473439,0.396510816690747,0.0158881555123464
2968,0.0258435621071831,0.354076163064736,0.0199331935970159
2969,0.00807960046176893,0.395061607296541,0.0148873442024896
2970,0.0149836666664279,0.39205823952443,0.0141913990597863
2971,0.0139083878082272,0.369415012881213,0.0153993329761224
2972,0.0259889053016157,0.37239172156185,0.0131980558079172
2973,0.021215560692374,0.383757755999565,0.0157678679067663
2974,0.0208099010779263,0.379105833305329,0.0147025778069324
2975,0.0211302341001581,0.436097615103791,0.014611288759687
2976,0.0160753795517766,0.382596659164779,0.0138047042145678
2977,0.018334399176818,0.377031155383491,0.012245175137628
2978,0.0167024103140346,0.394579388042438,0.00893108279834703
2979,0.0258241062625503,0.392391619242923,0.01676026358054
2980,0.0200430847317406,0.39861282945386,0.0143615028062759
2981,0.0196917964083623,0.407958939836011,0.0107667109621159
2982,0.0185774260204653,0.432709475648114,0.017950821243665
2983,0.0185468548427318,0.388440312823471,0.0151352156857909
2984,0.0170067413481809,0.374719395214886,0.0141927390469353
2985,0.0130158473444152,0.404035970880665,0.0138854729824456
2986,0.0199421382852075,0.392446644882254,0.0185458856466888
2987,0.0213969487451576,0.397675423611096,0.0128276618405633
2988,0.0181329373992992,0.363452656382382,0.0170985892653022
2989,0.0202834159425109,0.374202570961333,0.0147271497259011
2990,0.020223130496052,0.390930328186376,0.0149928789007134
2991,0.0245995404763893,0.399581725296599,0.0129271494111193
2992,0.0177478087597065,0.386044654653411,0.014372151152053
2993,0.0244654409053207,0.398450703023762,0.0146255560741848
2994,0.0146681579115776,0.443869640896736,0.014955073931619
2995,0.0120282270857269,0.391662905342112,0.0134880966765556
2996,0.0258982942101305,0.385530352814349,0.0136861941632581
2997,0.0163484804375853,0.387915988584478,0.0127503491476102
2998,0.0204021645395388,0.39939982932662,0.013953411810487
2999,0.0237135430751092,0.395568278642789,0.015035263074352
3000,0.0167227455649531,0.38304591269218,0.0108899386191208
3001,0.0209425349810718,0.406574196256062,0.0147151010301716
3002,0.0155779855022234,0.411673994018392,0.0154653186470174
3003,0.0180731028886462,0.373480006156375,0.016874026615733
3004,0.0174420976518784,0.392444338418227,0.0121493126128614
3005,0.0130893095159819,0.449217934902826,0.013199511568263
3006,0.0202058515234179,0.379277443300305,0.0178214993868707
3007,0.014672142640849,0.389502311081818,0.0194680225760901
3008,0.0198942479242623,0.357635677271464,0.0162089100062855
3009,0.0154863714217851,0.39772708424138,0.0127644185272104
3010,0.00820506665703045,0.390937166957151,0.0177635156085421
3011,0.0213740432382493,0.420188009499876,0.0122028463494658
3012,0.0176106418154048,0.448968185931301,0.0108768442367861
3013,0.0209622316362378,0.388442666499973,0.0125442551196371
3014,0.0190898195908989,0.406903179945118,0.013361971389677
3015,0.0213617151788171,0.437892510693507,0.0116751046394236
3016,0.0163376054452966,0.381604741441729,0.011904982857244
3017,0.017954352370789,0.388497172917517,0.0151910651937752
3018,0.0184747975199634,0.447192519824863,0.0117344026249596
3019,0.00965814050055138,0.438077534375384,0.01575447867854
3020,0.0289088885935042,0.393139376693901,0.0134112388304921
3021,0.0130330545517652,0.352419424395514,0.0162109688899843
3022,0.0214813413638906,0.298055566247746,0.0187140411487427
3023,0.0131858351923629,0.215746048821567,0.0235923483506645
3024,0.0174529545645101,0.278208989205417,0.0193318919355142
3025,0.0159102607159993,0.374140961852079,0.0197929695090366
3026,0.0163092689862601,0.393536758917975,0.0174248241173675
3027,0.0196432331525408,0.392770148783318,0.0144577654614133
3028,0.0173217341167777,0.395066147679744,0.0130636801980431
3029,0.0190535586564261,0.396573009827288,0.0127898180994157
3030,0.0134521666095596,0.45001778874919,0.012598726101585
3031,0.0219069503266387,0.442655625967388,0.0152369817324656
3032,0.0232896075991904,0.389973407753479,0.0124431862553547
3033,0.0223348781953638,0.398751852383995,0.0136223790693479
3034,0.0206657029915799,0.370437572950521,0.0168488445349125
3035,0.0277906999208428,0.390089221026496,0.0166921646585682
3036,0.0226188715160114,0.391227898281357,0.0123152909679806
3037,0.013972761200837,0.380942639074544,0.0213943871528015
3038,0.0212442612223521,0.381043140701525,0.0120911150818522
3039,0.0214965110386357,0.376420699836883,0.015652578881635
3040,0.0141496544639916,0.396777601141302,0.0108277509875725
3041,0.0238060431765928,0.379129211588247,0.0145338360730802
3042,0.0137947135748108,0.377266046869997,0.0166869625396518
3043,0.0189713962308382,0.399398618735362,0.0153302319030783
3044,0.0249821976841522,0.38466906612779,0.0101662342435773
3045,0.017169077103004,0.39675506562857,0.0137529140167505
3046,0.0148852609979426,0.397761128245606,0.0132139879540514
3047,0.0211434031466241,0.395518952907266,0.0142197705255374
3048,0.010444867002794,0.37297478639832,0.0173928305008974
3049,0.0158437138884391,0.392017742688805,0.0167451343806945
3050,0.0160264578341039,0.387422789454066,0.012431309692597
3051,0.021619112445291,0.393323835251889,0.0152565105738419
3052,0.0228443533779563,0.406701295726147,0.0161122000959348
3053,0.0201206649970021,0.398603622669922,0.0107993988083202
3054,0.0153735413816878,0.392027267346735,0.0174743675396028
3055,0.0145604570784056,0.37172163483352,0.0161800938708119
3056,0.0261593127391725,0.35386248601326,0.0167482299188553
3057,0.0229968160041337,0.316760271269798,0.0165711878783738
3058,0.0320684303827004,0.274958625774925,0.016653879405166
3059,0.0212522415717596,0.287270044883774,0.0223087107534278
3060,0.0283421564586625,0.295681862279265,0.0134435043501763
3061,0.0150144185185083,0.259754681836677,0.0172529337754322
3062,0.0212847184494554,0.289600966876609,0.0181823029748397
3063,0.0160298025984388,0.274779617294375,0.0164296357264017
3064,0.0196421640433615,0.383280962962882,0.0158598063714875
3065,0.0183278436101946,0.420731412598814,0.0158078890376678
3066,0.0214073453530752,0.329432583342362,0.0147111912371391
3067,0.0246010469730078,0.406393806824894,0.0128023354334068
3068,0.00954833653487031,0.384829427119384,0.0141006673390444
3069,0.0204394979254437,0.360193042226067,0.0121359483979274
3070,0.0234307245536108,0.395869134086807,0.012036540593207
3071,0.0153618568848014,0.425852950360536,0.0137912459863892
3072,0.0192687876491298,0.444171371686596,0.0150800259307121
3073,0.0205961767677223,0.392533843960422,0.0155800871038445
3074,0.0178788264070951,0.438619665107404,0.0170983822970106
3075,0.0116773074666801,0.410221186596457,0.0201109176466408
3076,0.0225085284134249,0.392700539362496,0.0127127166209966
3077,0.018387770205441,0.397195097324005,0.0110260926618855
3078,0.0222739289908542,0.420713623089364,0.0133287372934632
3079,0.0144444130899952,0.378044090172153,0.0157601660971503
3080,0.0175790510005842,0.373684065503992,0.0177782248707545
3081,0.0244599256907578,0.390122473012698,0.0162731240390241
3082,0.018068392536227,0.397191360034363,0.0105409758488047
3083,0.0238838348123311,0.376314127919769,0.0133016102317355
3084,0.0215819811986101,0.389093684205652,0.0173325190000816
3085,0.0190612134875516,0.377964244212127,0.0130455900145771
3086,0.0187290704452288,0.322821551057732,0.019174367649395
3087,0.0180922699713633,0.395941913896473,0.0180143145298187
3088,0.0162593664108269,0.395396838245942,0.0116450965666465
3089,0.0199847691550677,0.363177259255084,0.0107378580099539
3090,0.0228290709735769,0.388301215427967,0.0132178177596667
3091,0.0143201270362222,0.389348290740221,0.0105801267318539
3092,0.0303280222613999,0.391343548313344,0.0137706570464859
3093,0.0172855572983175,0.391091593233714,0.0119303354819428
3094,0.0181131478585859,0.385011803813305,0.0202785894540695
3095,0.0170250138491129,0.393306306598358,0.016034390935492
3096,0.0135774905866249,0.39510397007449,0.0145342801333413
3097,0.018535284473822,0.389250871234855,0.0107190009693138
3098,0.0236807122771988,0.399444260082333,0.0153013664117967
3099,0.020956668617691,0.352217386430022,0.0105429580540152
3100,0.0191297670492023,0.397547955435112,0.01320604373519
3101,0.0191419683549788,0.389982282619708,0.0129757323688217
3102,0.0193180965539878,0.375583606584382,0.0165556728646999
3103,0.014950286589635,0.394164857432307,0.0156685122039626
3104,0.0119169861394358,0.393301810036807,0.0140276508627399
3105,0.0239843018824073,0.3841884691035,0.0126144308238178
3106,0.0226318299162712,0.396573590987605,0.0173537371540009
3107,0.026700602463511,0.444115188574949,0.0143805231303054
3108,0.018559914307077,0.413405441053477,0.0154324570757928
3109,0.0156368412999273,0.404152586755103,0.0151225543630265
3110,0.0252720055562075,0.377985387450719,0.0122785486191896
3111,0.0205663235066444,0.390508080990204,0.0175668839172071
3112,0.0177875255785447,0.39075927906701,0.0125047099072066
3113,0.0205421094412947,0.380554517064155,0.0160422842284206
3114,0.0165182976735364,0.388809665245807,0.0136114993991353
3115,0.0200388360662444,0.390880835601413,0.0112884637044624
3116,0.0204267675578409,0.393892744566182,0.0138675597576789
3117,0.0168701839909156,0.355946095414241,0.0149095896239299
3118,0.0200357866111425,0.375181768396777,0.0130730159920127
3119,0.0224448250034536,0.39449617929762,0.0129001862871537
3120,0.0129681142905518,0.364837972010649,0.0151661505607736
3121,0.0171484836441472,0.381338558544344,0.014417505745077
3122,0.0167224954825221,0.378107980932141,0.0150362614981178
3123,0.0242894168351275,0.373705432029982,0.0132409767471767
3124,0.0190763317005691,0.389744688462705,0.0107791518792953
3125,0.0198262408041972,0.387318646210828,0.0116026949496801
3126,0.0170815848234642,0.389009115943755,0.0118730532778631
3127,0.0198540084306591,0.388967936272407,0.0133371236201467
3128,0.0142251951788141,0.399064544728369,0.0170678301923685
3129,0.0206178435050245,0.3931843351381,0.0132770955444324
3130,0.0223214464224973,0.381902320781672,0.0133605394411379
3131,0.0149014589466007,0.431881876114597,0.0183380876476165
3132,0.0158513204437367,0.373005949917605,0.0149731215596302
3133,0.0252374994653799,0.410633253241051,0.0120402583538056
3134,0.0214429643224664,0.379677131873175,0.0120475621500351
3135,0.016267234209088,0.41355746626772,0.0156653253160398
3136,0.0283465320833384,0.37357590436436,0.0145076378154491
3137,0.023992173456055,0.394028254583976,0.0158728982391202
3138,0.0232283464200491,0.375064352167007,0.0130372956780853
3139,0.0123559324239324,0.374763795250642,0.0173399638633239
3140,0.0176197259882416,0.390599100292417,0.0125614678735106
3141,0.0195083341460435,0.398682671016053,0.0138167146555317
3142,0.0162166347534851,0.387758572008354,0.0149342346176864
3143,0.022904033577085,0.40436797281861,0.0126218361688174
3144,0.0175594235584163,0.396536591104688,0.0150380096297162
3145,0.0134796425344214,0.390960349876154,0.0131878358496606
3146,0.0244356540528994,0.385069132652682,0.0142474879032752
3147,0.0128017652600912,0.388646891456036,0.0116509197276921
3148,0.0283049531377818,0.424727429988688,0.0130537809067262
3149,0.0189949446158417,0.388234275866742,0.0164145568394652
3150,0.0253814654798366,0.393992752444997,0.0123994717707453
3151,0.0176549571863837,0.374128017390962,0.0102883473992202
3152,0.0164856340655938,0.429667621248433,0.00917033940141481
3153,0.0214509720103978,0.446101987048735,0.0115268204379827
3154,0.0214927734689387,0.397628073485226,0.0168088486263629
3155,0.0173761169247784,0.387584218251803,0.0193742160780114
3156,0.0164945388665784,0.448766211485068,0.012040801427252
3157,0.0124342854256928,0.429545358425427,0.010065442148731
3158,0.020244328381013,0.378368309389423,0.015230933424818
3159,0.0199164112419454,0.394987122389646,0.0139529018414187
3160,0.0234441698041743,0.395099483522402,0.0115804197585381
3161,0.0246531190773205,0.406849629046556,0.0118503858077067
3162,0.0244465642931102,0.39509964383742,0.0150425715060759
3163,0.0232206245350661,0.426251569999205,0.0139487156084134
3164,0.0219127594616542,0.394331827715925,0.0177123486762735
3165,0.0183995034130309,0.396195365835222,0.0140026392371345
3166,0.0188444111574797,0.372088316089548,0.014290613503152
3167,0.0215055000179153,0.441950290242114,0.0146086332444537
3168,0.0196718181841183,0.390088005756518,0.0123939450824434
3169,0.0121436422588799,0.388515354842648,0.015061446612541
3170,0.0235292574259135,0.385968215708154,0.0157167431589477
3171,0.0236321055731755,0.394019204062332,0.0184831755549086
3172,0.0204844450071928,0.388858072925443,0.0140678463122833
3173,0.022742389560113,0.398833453453597,0.0143848333313036
3174,0.0187550130376444,0.379094818525827,0.0127828960682078
3175,0.0177480021126636,0.396723411364037,0.0165633610159643
3176,0.0222752836079324,0.391959411055236,0.0138354168496158
3177,0.0187459859254099,0.397778644176379,0.0130362394728461
3178,0.0150181282328596,0.391340410278752,0.0195085925811074
3179,0.0171620324976981,0.391832569927737,0.0125002288457782
3180,0.0210820328110576,0.37914169752672,0.0165740580241873
3181,0.015648455468924,0.38568023347382,0.0173118754813499
3182,0.0225741089096964,0.387395881921183,0.0127001159939911
3183,0.0206626971146546,0.412735876548584,0.0131982714730367
3184,0.0143368820362602,0.430847147091805,0.0127266464913246
3185,0.0247148323256087,0.42194254623861,0.0107390019366046
3186,0.0186403775252228,0.432037959237302,0.0159608705174822
3187,0.0154892024663842,0.396958870371158,0.0122818933075747
3188,0.0153626610900323,0.378512423694582,0.0134297523636976
3189,0.0163883076831163,0.392963609725539,0.0146309040791468
3190,0.0182886833594037,0.394914713682091,0.0145305057448234
3191,0.00620730882871059,0.374779032730319,0.0163466365254475
3192,0.0165604259109397,0.305521562186234,0.0128661933578297
3193,0.0216385508851178,0.276890669708311,0.0161263617746392
3194,0.0190174670811533,0.271378017962607,0.0171808329213668
3195,0.0163964895912176,0.295550680639298,0.0231079708252046
3196,0.0233949195125892,0.282537574375768,0.0187822718639963
3197,0.0192095081758533,0.272843266921565,0.0170741270524648
3198,0.0196780507152352,0.311870502793526,0.0177214910209119
3199,0.0270380231719408,0.215376454325336,0.0175859434852137
3200,0.0184183706551127,0.278455256567459,0.016939292568519
3201,0.0252128062748723,0.277045672669729,0.0210873071308562
3202,0.0241930793249132,0.278726638421205,0.023323296514362
3203,0.0214314575834713,0.217494967352821,0.0194418069614021
3204,0.0235308354096245,0.279228558805365,0.0168547075563338
3205,0.0228054580127046,0.247666379880745,0.0171446034388898
3206,0.0150625891575566,0.285111355583354,0.0206376993972297
3207,0.0255380843274819,0.293565586493988,0.0249289074257828
3208,0.0229762617776995,0.287980518255024,0.0145954326506875
3209,0.0183820389819517,0.381970691575694,0.0119149936539338
3210,0.0208093474815197,0.374920198548031,0.0143303081953903
3211,0.0198600891728167,0.388483749160161,0.0151004840750821
3212,0.0117662306762754,0.391599956399507,0.0170798723881927
3213,0.0247038150300207,0.392114487682724,0.0153839889612517
3214,0.0190825814773151,0.377710062698016,0.0141265469817807
3215,0.0183945181352789,0.377453461880581,0.0145721737439235
3216,0.0232447509577484,0.389939118446689,0.0162310781781096
3217,0.0161224869051265,0.413369061766646,0.0173357997888382
3218,0.0173130579873241,0.377390040040297,0.0131349480153325
3219,0.0278034654835377,0.356934350524741,0.0155167957118659
3220,0.0194371954563835,0.303699139777887,0.015638311660641
3221,0.018547534186345,0.295438785072655,0.0216687937535451
3222,0.0162265381939832,0.277381516691651,0.0184854803244984
3223,0.015578527840752,0.348115171653986,0.013084339424625
3224,0.0218199087143801,0.39914341803512,0.0107558851536426
3225,0.0163800611823136,0.435327130209972,0.0106602643300883
3226,0.0135797116143008,0.445543630897914,0.0134834778833353
3227,0.024058133924698,0.435529135349046,0.0137093733833297
3228,0.0249824057032673,0.382855010984096,0.012164827935813
3229,0.0201594131016576,0.436873509407847,0.0146018426456698
3230,0.00821914273041125,0.387557844439092,0.0143948254267761
3231,0.0192683174717604,0.369510508519706,0.0129025584058463
3232,0.0222111759627629,0.38591656605727,0.0155429340764685
3233,0.0248087032082307,0.360150313011797,0.0164480325754828
3234,0.0169812720049725,0.373871339999731,0.0125579406538589
3235,0.0184481704556646,0.408031248795266,0.0126849513170427
3236,0.0172751086137725,0.390372206148467,0.0133067937025556
3237,0.0221261933866992,0.395660857624193,0.0150646954852696
3238,0.0195892677909288,0.392196708081474,0.0207898763021515
3239,0.0202569027035567,0.378520619182834,0.0157241886329336
3240,0.0163282014896271,0.39798964310642,0.0117312533190642
3241,0.0146056257045856,0.395624641651826,0.0149194340806891
3242,0.0181765818804987,0.418394598218148,0.0148435626053982
3243,0.0184331085178113,0.435439330600658,0.00999851988624171
3244,0.0143938315389116,0.346882065087506,0.0141579504245756
3245,0.0199954381887675,0.235095946762552,0.0157334566545312
3246,0.0210309000738518,0.279845277367523,0.0185719036184229
3247,0.0155583167228697,0.279433884964078,0.0169830550205736
3248,0.0221056046321986,0.299042389856838,0.016164056281972
3249,0.0167396540391708,0.30350692216258,0.0158120758660553
3250,0.0201521059206399,0.263048701961133,0.021036991596706
3251,0.0198220493568647,0.262149255653781,0.0175971414683754
3252,0.0160521052377553,0.284233086621087,0.0215024101990873
3253,0.0213347857084031,0.281568814084787,0.0192723538200117
3254,0.0193151491803385,0.223120941752091,0.0204494201756495
3255,0.0151401564179116,0.290673196013353,0.016909474539272
3256,0.0207120761376886,0.300514283104173,0.0137695673905655
3257,0.0218306357307657,0.279205880696858,0.0169375891144061
3258,0.0170087167557658,0.302747831699334,0.0178149251362466
3259,0.00779897126158922,0.21269065541564,0.0188730699899372
3260,0.0199847696129292,0.25190043133041,0.0160777220985574
3261,0.0252567702129772,0.295677417935156,0.0199669005741966
3262,0.0202223145700064,0.292752247768035,0.0205757339537428
3263,0.0167017288174922,0.29815961417346,0.0184172229212347
3264,0.0199688958141865,0.280708486524879,0.0202617831311696
3265,0.0242352758030713,0.250091828642953,0.0228434207113008
3266,0.0233598121193969,0.225965823340962,0.0235078236704802
3267,0.0192790523366307,0.27630962689225,0.0188184277300029
3268,0.0246819021009777,0.375150767530587,0.0185681462858114
3269,0.0294624620908297,0.379948510423848,0.0179983487627543
3270,0.0214796060247939,0.393499380442195,0.012261536989694
3271,0.01271543558529,0.382116443177763,0.0189688820732063
3272,0.0197243095845184,0.391546305920937,0.0155785575291439
3273,0.010940738268864,0.390960707241207,0.0122239035316274
3274,0.020762111427299,0.359359444962687,0.0150792828159797
3275,0.0184967054619944,0.391683683966269,0.0106693250781013
3276,0.0195111399102838,0.394748672213158,0.0156440139349528
3277,0.00953361906631146,0.390899230904057,0.016243552614556
3278,0.0197980692233221,0.391315383016124,0.0112089584360819
3279,0.0173698922741816,0.379879301722217,0.0126346144146829
3280,0.0216562257380274,0.375305839188696,0.016813793265767
3281,0.0186536061570659,0.352974942623759,0.0174295242773696
3282,0.0169911811413583,0.344443627077428,0.0155954944978797
3283,0.0158441216254401,0.291122823509333,0.0217260080346704
3284,0.0199846129792986,0.294646389222743,0.0187880415026542
3285,0.0151120219403106,0.291515773115484,0.0239455377361847
3286,0.0206372385820178,0.217202577678694,0.0244313033777485
3287,0.0196381227471117,0.233254019633211,0.0229715519288688
3288,0.0221660926589404,0.21823097490737,0.0243778331957623
3289,0.0312415738042932,0.259675633456838,0.0181454250980017
3290,0.022120975122687,0.287081357538433,0.0176368257124809
3291,0.0189606598607533,0.279090444164013,0.0201007321470482
3292,0.0201396965434199,0.281832528261109,0.0154459252631767
3293,0.0202978105282114,0.274728433154509,0.0215448186345711
3294,0.0251186654218343,0.292854700613238,0.0209749225009547
3295,0.0259160656881874,0.288339579304032,0.0185747257983525
3296,0.0165912690529526,0.336749638634488,0.0179571593373244
3297,0.024040838489948,0.388337708390121,0.0131943597880175
3298,0.0120096059562073,0.390228610182559,0.0155528603441714
3299,0.0134750016667706,0.44181622556534,0.010657024147371
3300,0.024954521928385,0.427626130052448,0.0118445593555056
3301,0.0227620440498209,0.437766524496403,0.0139297892694883
3302,0.0182540411473807,0.399644545463377,0.0129292770400971
3303,0.017976890988568,0.439382407570662,0.00895047386422129
3304,0.0210144242688349,0.432034898587334,0.0142271819493352
3305,0.0115401431053905,0.448980206640699,0.00941280587090531
3306,0.0208660816916494,0.47100324040929,0.0108981258908391
3307,0.0155204194400922,0.435143262011916,0.0139781236571871
3308,0.0211157947474057,0.436908447168557,0.0196797695490662
3309,0.0206022626287689,0.431605978609353,0.0121061775417466
3310,0.0161670755977723,0.379680234352627,0.012334495821295
3311,0.0190996567065365,0.445138805067648,0.0128241339084276
3312,0.0152596018420724,0.398072186779868,0.0132953161331719
3313,0.0181006613763076,0.392508551820562,0.0130346563006667
3314,0.0170917265776438,0.392856612035267,0.01448440813138
3315,0.0160852723005292,0.39558803528357,0.0116345418625725
3316,0.0178468580902636,0.391826111513386,0.0162276119456539
3317,0.0209036473973029,0.362598959795448,0.0160692254110629
3318,0.0164883889232051,0.376236601469402,0.014276098168549
3319,0.0292860731104941,0.397656817012874,0.0155362590852079
3320,0.0184743262033468,0.394191905753118,0.0143415852613644
3321,0.0241271171690605,0.397734825133739,0.0111728026525355
3322,0.0244970610283205,0.439997071378384,0.0113814441463325
3323,0.0213950683692989,0.441676440778831,0.0109341249472037
3324,0.0227096335607467,0.374574324721378,0.0115369017521873
3325,0.0214761197927429,0.38278855082611,0.0147531385641464
3326,0.0198827848300332,0.376586146878434,0.0148019662609791
3327,0.0158383987488265,0.434975611108534,0.0128771533002874
3328,0.0203630909534786,0.359004363456361,0.0107809350196741
3329,0.0135665025383576,0.386564744373767,0.0152526430800496
3330,0.0181996560533074,0.389192385712455,0.0111215695346552
3331,0.0201003298867927,0.393589452663319,0.0174795298924807
3332,0.0233815889551938,0.384394817326336,0.0118992269706418
3333,0.0208838237511024,0.396755688012222,0.0136683282547679
3334,0.0203448309429207,0.398022471849354,0.0162940210068286
3335,0.0172819233198277,0.395731213146531,0.0119405216596066
3336,0.0206009505781638,0.382144661432882,0.0137442230875097
3337,0.0175049795142303,0.367650300922378,0.0144547932933828
3338,0.0152780997382318,0.395468387816146,0.0183436542492525
3339,0.0206083157756744,0.380719370838322,0.0168427929822412
3340,0.0190483522067588,0.374255795278506,0.0123128831964168
3341,0.020536099318393,0.372005498787794,0.0153672786922016
3342,0.0108964919447206,0.369397299464285,0.0113067666016213
3343,0.0185576288946222,0.342021903810964,0.0148808864835677
3344,0.0232024445914297,0.230462391142041,0.0190562902358495
3345,0.0195073499913914,0.21910659451589,0.0200968211014267
3346,0.0182469827602576,0.262241483293062,0.0180332410162648
3347,0.0259123120234008,0.245453243817204,0.0235255958203923
3348,0.0210253731362865,0.294614817736996,0.0157998261034073
3349,0.020799637966385,0.220860541315833,0.0204658760190754
3350,0.0110007317792071,0.300883007576133,0.0226717321526135
3351,0.0198503759352683,0.283610608873615,0.0147570487198514
3352,0.0224668693548431,0.282470201361551,0.0238526817444495
3353,0.019782959543854,0.285422519631051,0.018658612702113
3354,0.0214090179010099,0.295475917505791,0.0165753954697005
3355,0.0126353236746967,0.250005964844744,0.0204822906473326
3356,0.0172115852388965,0.216289792036523,0.0195676254031906
3357,0.0210706842210303,0.236566729996252,0.0159266142429921
3358,0.0262709345576188,0.316054909322435,0.0186063680282668
3359,0.0216034746583082,0.29132276084504,0.0166692017436147
3360,0.0162888406645955,0.319679320726486,0.0134906930081997
3361,0.0234322335769959,0.255227900341809,0.0199478899785603
3362,0.016002766385096,0.272959939029335,0.0196153433723533
3363,0.0200950144661016,0.302124614096776,0.0187386278052698
3364,0.0177635848328369,0.293000699764194,0.0203948274859289
3365,0.0200304429441333,0.392611947815341,0.0135204831723861
3366,0.0291863385874451,0.394110115944017,0.0157190582722267
3367,0.0217540213537426,0.393461049666581,0.0149702983876102
3368,0.0190227031191181,0.3773151656101,0.0184480095464724
3369,0.0209887070878653,0.374326973577217,0.0176942243965653
3370,0.0245453961041327,0.37183754314383,0.0135066606273307
3371,0.0143106952288391,0.389435224126306,0.0117758935779107
3372,0.0205244494498959,0.399261859517899,0.0148478530483039
3373,0.0216022782290017,0.391353438092184,0.0113644143533215
3374,0.0222504454584316,0.398612496751151,0.0125286391071366
3375,0.0237935973559407,0.434050968396634,0.0132209952859258
3376,0.0139851404018107,0.415389480314823,0.0110389374547117
3377,0.0156114671608233,0.373008530837626,0.0134903554273039
3378,0.0228169816249141,0.3904822003823,0.0156863460594821
3379,0.0198206629037154,0.382695258639029,0.0138235416257457
3380,0.0162623291988774,0.38854065219492,0.0134594422078114
3381,0.0186159198993215,0.399245889040607,0.0140849972568881
3382,0.0161275163288762,0.374598275711779,0.0153510875178744
3383,0.0184955740273925,0.397838143147186,0.015753640973911
3384,0.0252569295113148,0.38775764296324,0.0119701065191007
3385,0.0221179129416684,0.350708613837665,0.0202101919314378
3386,0.0206694967226935,0.389872584994699,0.0132611656241395
3387,0.0146052642736871,0.350325356597189,0.0131164081771233
3388,0.0250684945158633,0.391385650482799,0.0142584533046057
3389,0.0159579737970911,0.369172308447839,0.0147539629175543
3390,0.0172355013329114,0.38935671738683,0.00981149692340971
3391,0.0205135241079055,0.435558204612748,0.0140813213356036
3392,0.0206811920182744,0.397520137650213,0.0141332471849529
3393,0.0214215067408692,0.43993671796603,0.0123848225308511
3394,0.011822324003151,0.377408350036951,0.015553892977266
3395,0.0248622038119799,0.448046061760706,0.0151720339512528
3396,0.0256447762858671,0.438914984566835,0.00978976590532546
3397,0.0161751856265589,0.484735911527127,0.0102809961694812
3398,0.0222235939669335,0.447300506472923,0.00881999554414957
3399,0.0135868911693224,0.439115870550405,0.0101553515352406
3400,0.0257700868369082,0.368009580348097,0.0159215168675245
3401,0.0183658964996543,0.377967872127064,0.0124402096067711
3402,0.0252669401010592,0.396049936244569,0.0121739882073558
3403,0.0286785945672611,0.435631512348022,0.0143468073821278
3404,0.0230435408428587,0.374274966369819,0.0171145113476104
3405,0.0163644748081168,0.355197593708122,0.0149532522049572
3406,0.0257986109592463,0.374203947790943,0.011323437971491
3407,0.0225652877165986,0.371950501368911,0.0154141475734489
3408,0.0218176676336218,0.444379303436555,0.0114851102894398
3409,0.0222400754136702,0.430711256397237,0.0111861242831512
3410,0.0198087857958974,0.392540839074473,0.0130496122999218
3411,0.0228324815100853,0.445243229072048,0.0120984955678597
3412,0.0148516377192813,0.372812437715033,0.0139330028848225
3413,0.0128170520418273,0.373533260480047,0.0148200019906074
3414,0.0185247888768238,0.388099757988436,0.0140084865930101
3415,0.0169938617337464,0.392840490577601,0.0124984796540806
3416,0.0175064934758762,0.37494912725188,0.0131735767590115
3417,0.0190438766808795,0.434110111750164,0.0128006708740257
3418,0.0140959014420224,0.414511694217134,0.0167519633161504
3419,0.0210183167770309,0.418932188081053,0.0117528434164086
3420,0.0157686177003126,0.38850324800452,0.0164471804546951
3421,0.0234297133170691,0.37981473328761,0.0158316514977123
3422,0.0232945214613271,0.373350110987892,0.0159432297488657
3423,0.0188392874226316,0.265822422662899,0.017425252547982
3424,0.0190975786635463,0.293488643878863,0.0244553555364762
3425,0.0154670072176933,0.282783275191212,0.0219688336785372
3426,0.019074997710913,0.303720362355335,0.0212397581326252
3427,0.0205818474548211,0.284294263770875,0.0156107156821369
3428,0.0247441533049039,0.219366461771046,0.0237181327682119
3429,0.0181159625412794,0.272414430804532,0.0144914039946454
3430,0.0285207413684978,0.243900840089971,0.023008235372619
3431,0.0210882257211155,0.296784654295878,0.0164501856707842
3432,0.019469134207102,0.301609445605707,0.0179271978413663
3433,0.0168948747410589,0.250040821731469,0.0182199561642042
3434,0.0215955768338489,0.227799329444375,0.0225509635413099
3435,0.0238388606803369,0.225696983261084,0.019067721005481
3436,0.0238136128018393,0.21141774531806,0.0203323428026895
3437,0.0178583393614029,0.279533964988449,0.0205742528016794
3438,0.0186708317332536,0.281837284044114,0.0169924947163924
3439,0.0231352046540105,0.272215599207059,0.0175760986746346
3440,0.0173765802212024,0.274184084582618,0.0184432238655797
3441,0.0208589036292075,0.392167928930388,0.0171750974424338
3442,0.0153647869560214,0.446349980369422,0.0115006303881956
3443,0.0115830256823028,0.396673611613039,0.0183699382246111
3444,0.0181730931947397,0.445927012761557,0.0110386459579125
3445,0.0188685684158187,0.384227666314241,0.0111531397482065
3446,0.0253983432043728,0.393053748696545,0.00971863170497985
3447,0.02380805919916,0.396724135796711,0.0105575444951727
3448,0.0200930059414848,0.389107035801599,0.0138258406958334
3449,0.0185034463780408,0.398273692097244,0.0170552340282957
3450,0.0187271354501517,0.38732400791786,0.0121143975253149
3451,0.0208364118657994,0.396785181844288,0.0140356829611961
3452,0.0172767828907306,0.45274823517865,0.0101189345583636
3453,0.015682065010989,0.492694176708207,0.00966601522486927
3454,0.0167670857178369,0.373583151559805,0.0103255024507774
3455,0.0263221534817526,0.375116266950654,0.0155578974528836
3456,0.0170860303760664,0.39899002527623,0.0157152817862363
3457,0.0161190445901677,0.385155854877062,0.0122817941829512
3458,0.0202657663790657,0.380917054956465,0.0114750127644738
3459,0.0109904599535902,0.376296170546271,0.0118965698775979
3460,0.0158928563643308,0.391651901234729,0.0204192076493207
3461,0.0177814204314723,0.39186552311752,0.0146143211394582
3462,0.0204539515020539,0.396979074672146,0.0122151413733951
3463,0.013020182948633,0.391176690917225,0.0143025716498648
3464,0.0242049238490018,0.417226144849776,0.0151220368949519
3465,0.0263645548760294,0.390136966224248,0.0119721240456066
3466,0.0129473244175724,0.395620767061514,0.0212039723093077
3467,0.0197866370917184,0.398954289195848,0.0110990277489058
3468,0.021956085803299,0.392602784302303,0.0111986803391869
3469,0.0260448471462655,0.385534992562873,0.0142279017151624
3470,0.0210720932545586,0.396606032153321,0.0140686107869561
3471,0.0183011190946732,0.388639781456294,0.0112953637590795
3472,0.0213244624596877,0.412383350147066,0.0116599546722444
3473,0.0238291277190682,0.394942746913859,0.0126155045562065
3474,0.0149388597451229,0.399097282339859,0.0160303402069899
3475,0.0192633746531671,0.392096226735123,0.018255718147879
3476,0.0200727687057611,0.39405286746886,0.0133602262378558
3477,0.0209144277619108,0.373239140403452,0.0141532514210027
3478,0.0222793974744132,0.378170488434733,0.0115860300705687
3479,0.0212110053822295,0.398088859701325,0.0157833400442985
3480,0.00947456741102546,0.395535538891276,0.0139594265898905
3481,0.0208598143521797,0.399521343819923,0.0126731016266888
3482,0.0194700606371225,0.39964778075234,0.0131400268971387
3483,0.0169258502524693,0.377915217957335,0.0127040241924024
3484,0.0191421456447335,0.340857608622941,0.0165222239609838
3485,0.0121470308889259,0.432137450596397,0.0138649500031735
3486,0.0203574607148832,0.425649928375148,0.0103882138027283
3487,0.0270683176126636,0.439048027335054,0.0169946430213712
3488,0.0238692169807533,0.441786516260878,0.00775062988177219
3489,0.0184141120561087,0.393105980214028,0.0162193301481084
3490,0.0147942795771799,0.378267916435072,0.0181726372706439
3491,0.0160979738059195,0.444319922130254,0.0127820874479109
3492,0.0232706047637248,0.432006238707189,0.0106261970201228
3493,0.017925212418266,0.394808784590382,0.00992697593202033
3494,0.0214595206279314,0.386267345929157,0.016787078971177
3495,0.0222059405613837,0.397309848794906,0.0154827113286628
3496,0.0201535704760077,0.377960955333926,0.0148747872115287
3497,0.00988203635433635,0.395771039660215,0.0136623371281127
3498,0.021699197640086,0.415937402630019,0.015745102862731
3499,0.0195932217068263,0.363399973239586,0.0150616635318755
3500,0.0177158987104009,0.390302153660958,0.0206571572567893
3501,0.0119581689187095,0.395892969991947,0.01855263374462
3502,0.0201631328935945,0.401911973808723,0.0166327675822505
3503,0.0144380956345965,0.388320231036643,0.0181030953912234
3504,0.0208513532578981,0.397305346773676,0.0146104798684591
3505,0.0101652522338595,0.426452465277874,0.0136532074719228
3506,0.0149631251034949,0.424174063359918,0.0103867776087242
3507,0.0112240695545399,0.416952816200402,0.0109620654549551
3508,0.0197053569797153,0.372081104255067,0.0153169084340069
3509,0.027222420450078,0.394532728952663,0.0141673042752756
3510,0.0132988360818956,0.381270824247264,0.0181625953368448
3511,0.0229674850532446,0.387337107764549,0.0189862421061335
3512,0.0182571963287002,0.414938098175272,0.0134999347353077
3513,0.0161774674855874,0.415158596760971,0.0153420324193314
3514,0.018215976911225,0.396888883793791,0.0128721526877662
3515,0.0217508725515888,0.39213583490118,0.015788326676895
3516,0.0249494140708768,0.386649175545711,0.015932762237633
3517,0.0203389493194039,0.381531181016608,0.0131403455803359
3518,0.0219977994930367,0.401332055890521,0.013746229663731
3519,0.0169407173950719,0.416667909583138,0.0146136068841938
3520,0.0141389035393046,0.389821452148551,0.0133689984466739
3521,0.0237592435087876,0.395114424591458,0.0120514377862158
3522,0.0166574341328848,0.3981967158065,0.0117915175429382
3523,0.0187075764876966,0.380548517111838,0.0133938293101255
3524,0.0157315394740823,0.388797287451143,0.015506792366317
3525,0.026455184811935,0.388194388347251,0.0198694154375938
3526,0.0154811473463731,0.389918813150107,0.0145190589607792
3527,0.0176113816421463,0.395642097404831,0.0138797658213633
3528,0.0155249188531655,0.395023327467908,0.0204164009841002
3529,0.0168846556808829,0.415999456461296,0.0134389231216803
3530,0.0274059439046355,0.419254122288116,0.0125434899593708
3531,0.0213962539749745,0.395667094427643,0.0149967726031577
3532,0.0209199172076735,0.385809466922106,0.0186426335619989
3533,0.0198721125937217,0.385938364334744,0.0135748835399939
3534,0.0144084816535781,0.374227139336298,0.0133145639617395
3535,0.0186804591375213,0.431666766769956,0.0109428097802135
3536,0.0176189512771008,0.418819726492474,0.0117321505034202
3537,0.0159622983976063,0.376322464698957,0.0180791243191717
3538,0.0149762297923844,0.461457176880335,0.0130287084429964
3539,0.0200933216300738,0.441888722814143,0.0124061570171161
3540,0.0236800705858115,0.427324183502767,0.0142485993063044
3541,0.0175048667350305,0.398692709535766,0.0133612602081396
3542,0.0167847891623341,0.388087046961571,0.0131793601436344
3543,0.0244994138410626,0.396278532958358,0.0147387754706136
3544,0.0156091363198254,0.378809562025779,0.0135476044407287
3545,0.0146792630483135,0.395219293605393,0.0128196622764248
3546,0.0181131924333848,0.406339324562612,0.0174395559669281
3547,0.0169276454491244,0.37574726986315,0.019913489497313
3548,0.0160758985119046,0.407502448636682,0.00972989872457124
3549,0.0159287331363159,0.375506740687079,0.0130548513528852
3550,0.0166226646135699,0.384898653479192,0.0167927270612019
3551,0.0230071184672657,0.406361971755525,0.0144225094068287
3552,0.0135253069451797,0.389194475427427,0.012562693354695
3553,0.0208638666523099,0.402362566789851,0.0126314338411355
3554,0.013956649538079,0.381032053529531,0.0160174265389475
3555,0.0170014861674285,0.39609005496269,0.0121538002395218
3556,0.0234872490717671,0.388652079383046,0.0127632703173597
3557,0.0224676951683365,0.441767850359245,0.0136414182836055
3558,0.0227632755540333,0.380915685014437,0.0183898423844336
3559,0.0236721256587214,0.374327888494772,0.0127100766548556
3560,0.0272440361162634,0.394986745758794,0.0139581038335401
3561,0.0227245307512388,0.385947931232704,0.0132146454192931
3562,0.0129574380062883,0.409157711101012,0.0132240615811251
3563,0.0166885091860014,0.399552338346464,0.0157205872201461
3564,0.0183127718959167,0.348765290626768,0.0164713099371698
3565,0.0204600976744826,0.377477261675194,0.0143442440767125
3566,0.01346847771748,0.398497975768706,0.0161855039927444
3567,0.0204878319974393,0.397431262264479,0.0137615536374522
3568,0.0231921915397903,0.37743571595201,0.0130235095073214
3569,0.0188700702793296,0.374308641835007,0.0121753863195018
3570,0.0161271474585288,0.404263621533847,0.012904445028419
3571,0.0225258645113276,0.385842479705307,0.0169530192289303
3572,0.0181367985406049,0.391752234505638,0.0141427607983389
3573,0.010308910022585,0.398816440349524,0.0148727116116074
3574,0.0255541179729895,0.38752505030687,0.0142539981179066
3575,0.0160460557748635,0.396842875281264,0.0149599532898076
3576,0.0175881172075364,0.390380264974517,0.0128408173759006
3577,0.0213321632341002,0.39511646104637,0.0141435069050922
3578,0.0199252330903235,0.385800678360957,0.016283726871373
3579,0.0182301767932598,0.375622387709218,0.0131210737768569
3580,0.0206504840064099,0.397644937632744,0.0149880393108421
3581,0.0192093967802386,0.421708234416939,0.0139031371482266
3582,0.0161792321112135,0.397817077195424,0.0150959067336471
3583,0.0132032396531961,0.374164466015617,0.0144748495877567
3584,0.0239075786158526,0.390354859693344,0.0140716784718032
3585,0.0123088757699917,0.446889566638454,0.0145470373030242
3586,0.02052635509994,0.442495639922795,0.0117572865628376
3587,0.0198090740414918,0.393387040299589,0.0137394785112092
3588,0.0282731020428712,0.44303025527367,0.0141745537535588
3589,0.0149285687995839,0.413702988074063,0.0166768260510529
3590,0.0180675223675552,0.377368270293803,0.0153048859465116
3591,0.0239023997578789,0.404125793589568,0.0168464037636828
3592,0.0195797510760303,0.34914519489639,0.0148620988459509
3593,0.0152037882828329,0.393856525325043,0.0148117498543829
3594,0.0249547466342855,0.379285774696882,0.015379179572604
3595,0.0207201241660999,0.380170440050402,0.0150570023602562
3596,0.0129335852453418,0.380701836231065,0.0130576569263666
3597,0.0233984581655973,0.375081097979439,0.0182169608894708
3598,0.0229221076633817,0.385451793803253,0.0159344691477113
3599,0.0152969016949452,0.392933959266899,0.0142944656550813
3600,0.0212006202370223,0.397875913393165,0.0113465371875896
3601,0.0169234169255705,0.388816477689357,0.0136182692767159
3602,0.0219512832762793,0.389134353677912,0.0104016228973015
3603,0.0234504941327547,0.381621730804245,0.0135145916797902
3604,0.0159763583446976,0.377052718152862,0.0178154207489312
3605,0.0120584720604213,0.393675299844392,0.0124606540909375
3606,0.0206241221385401,0.389495749206713,0.0160196147256244
3607,0.0118139800343288,0.38915618969605,0.0105059049067236
3608,0.0181690058984353,0.387740294967228,0.0125387078097168
3609,0.0240329080432596,0.442987328635718,0.0153387483773156
3610,0.025442426975456,0.385449876693348,0.0134063279891743
3611,0.0178469500654765,0.391754120451846,0.0101326608760041
3612,0.0187847332989888,0.387804214822597,0.0160915111964525
3613,0.0185287533255527,0.37292867722072,0.0115448126271699
3614,0.0206108564518025,0.373234090019347,0.0151037292518763
3615,0.0234732863516263,0.371834072126226,0.0106972862933645
3616,0.0167892723311898,0.436891158928372,0.0102123464592724
3617,0.0197081535798707,0.407880252375812,0.0147051922151366
3618,0.0144912139358031,0.437282321578864,0.0111894502481162
3619,0.00943998152579009,0.390088108760767,0.0161343503001725
3620,0.0258864774980513,0.438562676902073,0.010336240744932
3621,0.0185190205891372,0.476819777336429,0.0123983025037168
3622,0.0226126145816523,0.437198787954522,0.0121777672583153
3623,0.0178244084356545,0.357094357361347,0.016051520972338
3624,0.0227227954992027,0.38974054469573,0.0176386552709949
3625,0.0124735537214052,0.379325839642962,0.011915832577043
3626,0.0153212777119265,0.372933345004284,0.0161333294990837
3627,0.0130288726901859,0.375615080316747,0.0190932271322327
3628,0.0173556845842298,0.399834460875576,0.0177557925245805
3629,0.0256291115554285,0.387281406234059,0.0153593503006667
3630,0.0147556286322199,0.383491277855942,0.0143379562389967
3631,0.0270427399368665,0.393421915293756,0.0110774019408059
3632,0.0144634963773322,0.394188704429778,0.0116601868839826
3633,0.0135275853425198,0.455519768827544,0.0143518001197283
3634,0.0147204538383432,0.440299582570952,0.0107158811856609
3635,0.0195689564422,0.387475130506096,0.0128015093141732
3636,0.0184439492200447,0.393323169004234,0.0144534159726284
3637,0.0100378693499501,0.391357764207078,0.0144056007781048
3638,0.0156503389212902,0.430327464270415,0.019169812378885
3639,0.0187665066927177,0.376423019341265,0.0154677346368298
3640,0.0157991186775223,0.426941271548512,0.0174526906942365
3641,0.0243550696280749,0.35611876984229,0.0149712662999786
3642,0.0170510048541412,0.394957635781671,0.013161071950048
3643,0.0192015593598087,0.390454875489231,0.0111153957173279
3644,0.0202119829600526,0.395940107307951,0.0178455789446546
3645,0.0152066200897258,0.399314511810978,0.0159947601366681
3646,0.0214547870004886,0.375767605156836,0.0159466853680857
3647,0.0169359984636234,0.396869432548887,0.0143846356142091
3648,0.0228499681893878,0.342073903761523,0.0149786086164122
3649,0.0170906775960004,0.448808772677267,0.0137899088484019
3650,0.023683068765872,0.438965566143674,0.0127650805060488
3651,0.0165037699571134,0.393038752204157,0.0142275433868101
3652,0.0276759880222734,0.39297215330222,0.0160457146512211
3653,0.0181781716981859,0.407531178556197,0.0118536311934712
3654,0.0154348528947915,0.425509310117248,0.0109490808615399
3655,0.010308391185361,0.399319116966899,0.0147448265640998
3656,0.019356084844411,0.38750446227482,0.0161043809731912
3657,0.0239845440875937,0.384902636483708,0.0194231087540314
3658,0.0225870230035966,0.287360719901993,0.0186414540883834
3659,0.0172091536099599,0.380904631999898,0.0140251263327368
3660,0.0138944131608253,0.227457501871643,0.0210423963850693
3661,0.018087179878474,0.237932576632494,0.0243469047338777
3662,0.0168096517017582,0.312204912196807,0.0164343445147231
3663,0.0195925837189436,0.286258694647134,0.0167021678978294
3664,0.0112275257350248,0.297030487020303,0.0172514403796671
3665,0.0158445638297941,0.301755544769913,0.0164652197856964
3666,0.0211704658626962,0.300718214264461,0.0217171639009203
3667,0.0192335733335455,0.278614768901261,0.0185088511692243
3668,0.0237205353515467,0.230884912186327,0.0234817759041018
3669,0.0271254314037986,0.235029462613799,0.0163607283006869
3670,0.0209363087749796,0.276845290945398,0.0230211259543256
3671,0.0193315015752619,0.29503833501533,0.0206247926015992
3672,0.0216563905214262,0.258936269965662,0.02879767820325
3673,0.0249093061085263,0.277413820704003,0.0150814796229037
3674,0.0210780517486213,0.300993325506056,0.019713991524921
3675,0.0188338529813478,0.294461257285583,0.0184570287701561
3676,0.0183861317164626,0.394955731694197,0.0174534357947665
3677,0.0207758700504664,0.395131100165515,0.0154881552455456
3678,0.021858716063505,0.393444217644725,0.0122478786858602
3679,0.0146595639722397,0.399161856950285,0.0137044379175903
3680,0.0234324187982548,0.392218307508187,0.0112519068963956
3681,0.0278732081868768,0.282015459134275,0.0203995248131017
3682,0.0209392916436633,0.296134098561235,0.024503173844048
3683,0.0271428169058059,0.237900995717454,0.0174284565027381
3684,0.0187663266649951,0.22341709987776,0.017709022372466
3685,0.0183488319890396,0.235903579369859,0.0200472632880645
3686,0.02624066814198,0.213438756218337,0.0198028667934964
3687,0.0222558230716655,0.218646081710541,0.022247378226962
3688,0.0169813195293363,0.219199026116353,0.0183794078240884
3689,0.018775386462723,0.279653315438701,0.0194822928565177
3690,0.0275161305408082,0.300598935896932,0.0197061839497207
3691,0.0228024984340801,0.274557431428911,0.013307367826203
3692,0.0222933584737386,0.299789839380096,0.0182858615999848
3693,0.0207095696983404,0.33545240619395,0.0161619474368096
3694,0.0221420593596212,0.298861186010921,0.0168329669664056
3695,0.0211325485832063,0.290898200525652,0.0143733844718987
3696,0.0163565142463187,0.259562470991856,0.0208163730612161
3697,0.0192726362156364,0.218661141850357,0.0226165326499601
3698,0.0200395067528487,0.315153176005492,0.0170067151245358
3699,0.0123736064409208,0.396277029192582,0.0135526047242488
3700,0.0161730139958767,0.393054666933542,0.0204230183994299
3701,0.0182920457958302,0.391702316827501,0.0152055804891489
3702,0.0147047282615046,0.388425277244275,0.0132561762958085
3703,0.0168396466437504,0.373580682854473,0.0188183286203651
3704,0.0174746197846999,0.392015758072601,0.01356623222975
3705,0.0208838204737346,0.38994034077325,0.0188321043236818
3706,0.020955376396488,0.390053475825256,0.0121461506927109
3707,0.0255628867192079,0.431735557668095,0.0116898517192009
3708,0.0222153375242353,0.431425361542481,0.0135849668070508
3709,0.0218012854802863,0.446280593259484,0.010074358918461
3710,0.0238955390401991,0.436570401004994,0.0114528869659464
3711,0.0212047045995404,0.389311997949702,0.0137042497902675
3712,0.0194257549245359,0.374266521031717,0.0157495455921935
3713,0.00936184274631336,0.374066449727759,0.0134044526240782
3714,0.0301710722619752,0.383205355441561,0.0153840987401055
3715,0.0182809564055361,0.372594136486384,0.0177305546795062
3716,0.0170082140172408,0.433588950187009,0.0156582152242598
3717,0.0266626966130253,0.394789457504458,0.0149114636214264
3718,0.0182102715007388,0.399443242415613,0.0119013060882159
3719,0.0183742456784272,0.388507523892276,0.0149045334042264
3720,0.0188566799783951,0.440635834814767,0.0120806156633351
3721,0.0150964927884379,0.43057330739169,0.0143928754085142
3722,0.0222184971092956,0.380950966253289,0.0148966109333269
3723,0.0152026756133717,0.398686251559337,0.012280318159726
3724,0.0205425594412231,0.43784926867014,0.0136794209478996
3725,0.022199895497476,0.437158186083329,0.0113971270857321
3726,0.0201849043179734,0.439965535810836,0.0164713767345174
3727,0.0160050690835823,0.398928194226404,0.0135634323236951
3728,0.0144412689939092,0.382893239903199,0.0173364115174928
3729,0.0181957947668731,0.417640663571978,0.0115312858246456
3730,0.0246482474009696,0.445423546649342,0.0103186189683601
3731,0.0221661363246202,0.375845581592587,0.00949023119794981
3732,0.0152723450450117,0.375310481417761,0.018876968271011
3733,0.0162069761576013,0.373200900462892,0.0120775778625547
3734,0.0186940598943335,0.387241783014528,0.0210991140352777
3735,0.0163579784314177,0.390235900313532,0.0160731651743358
3736,0.0183437452037925,0.375613781552967,0.0168344586588848
3737,0.0143742268660418,0.39261954576604,0.0141006872018679
3738,0.014959164260158,0.375196626588354,0.0135512787604237
3739,0.0143818752750979,0.39065875542871,0.0140411483176949
3740,0.0192791320103823,0.40305919754671,0.0153545464787138
3741,0.0152364304260253,0.450127504815306,0.0162022648046351
3742,0.0222745286659072,0.390263756386493,0.0130113276500798
3743,0.0165866870799284,0.39494055570152,0.0141546613275952
3744,0.0220439584414539,0.38738926594938,0.0115707408862341
3745,0.0166300763778436,0.389820870117342,0.0133365713080717
3746,0.020401798851966,0.368763279142944,0.0155367014458454
3747,0.0131172322096871,0.416674819829914,0.0154400090648939
3748,0.0232740986005316,0.393315984925629,0.0121654153961339
3749,0.0242673598652877,0.371846594751487,0.01831720218748
3750,0.0142493118188998,0.417827329163337,0.011066212255986
3751,0.0181063742910956,0.42576601875983,0.0147187259480101
3752,0.0127362282935431,0.398931131138542,0.0129383063651534
3753,0.0135789416701032,0.389910034065916,0.0130535002371089
3754,0.0205489547430768,0.381966744484752,0.0118638694380021
3755,0.0188851561107206,0.390286306798646,0.0152569330973394
3756,0.0142672777535678,0.387018324984662,0.0141848774672917
3757,0.0220885598889479,0.378255727124883,0.0131067201833523
3758,0.0216383458592043,0.398799155372126,0.0115042538304026
3759,0.0167292916223506,0.393726767868673,0.0108734524976134
3760,0.0177478686305644,0.393755639987552,0.0106352231019047
3761,0.0217486669882463,0.437485578153957,0.0110858639843774
3762,0.0198507492720347,0.449042122604337,0.0138271174877961
3763,0.0231102630087082,0.397441166995954,0.0203175457047228
3764,0.0198089609448735,0.395611312555822,0.0135981034797706
3765,0.0176978144219847,0.421251820530476,0.0123991784973588
3766,0.0193096400727826,0.399433567293384,0.0135146651475032
3767,0.0234518181165333,0.3923085675568,0.0112723364903308
3768,0.0199145704837098,0.392603124228734,0.0135634616729767
3769,0.0237472423734324,0.395056211831998,0.0132432339460202
3770,0.0218895302480789,0.426916450151403,0.0153077685847557
3771,0.0217375066857042,0.375163101798269,0.0122960926384151
3772,0.0184363285530614,0.415060106327621,0.0130826854909517
3773,0.0256106459917054,0.442662146114976,0.0137003832738121
3774,0.0171420591093721,0.435394301356564,0.0118100795676952
3775,0.0262822325244909,0.398078115955512,0.0131404319862348
3776,0.0161455893520229,0.397824451826666,0.012951433754506
3777,0.020633485814708,0.396765924719097,0.016950641953355
3778,0.0222582835756437,0.391166165717019,0.0128547946337088
3779,0.0204296802760246,0.39733188390747,0.00903170810707078
3780,0.019657702842758,0.391390543331135,0.0190958847159375
3781,0.0174984004268543,0.388453979586763,0.0156561151022988
3782,0.0236121091748033,0.379244046267987,0.0183976606698958
3783,0.0203669418063062,0.344314722094012,0.0168590972871138
3784,0.0163843427728896,0.38387750096628,0.0151907275864171
3785,0.0217620347492312,0.374660031380072,0.0123282417860036
3786,0.0186586438844453,0.39723630877182,0.00967973700859427
3787,0.0223534025788992,0.395747289915306,0.0127819715511192
3788,0.0200518751245342,0.38964658499009,0.0169068351531664
3789,0.0181025606681043,0.391664406865459,0.0131589199827785
3790,0.0119403163863042,0.374169429203211,0.0141901868720175
3791,0.0154981022427447,0.373929394503755,0.014946778243167
3792,0.018153140341483,0.397039667116992,0.0150839952450862
3793,0.0104426083253905,0.392495397140347,0.0139368077873049
3794,0.0144441542299973,0.407599421737571,0.0110055891115884
3795,0.0244968000094361,0.396571419988179,0.0167708640600669
3796,0.0163512111589311,0.376450548344537,0.0159735017616021
3797,0.0248473806205311,0.388675303635285,0.0159752185683936
3798,0.0156213144921451,0.390538686300322,0.0158707019363311
3799,0.0197322680122278,0.395488987186329,0.0110725936917254
3800,0.0148948377298546,0.38737387471265,0.0117819950781945
3801,0.0227070176279677,0.384309479339121,0.011564736140165
3802,0.0160091955990074,0.376433079047654,0.0158814585705197
3803,0.0272854142362757,0.393219497856888,0.0157366534312734
3804,0.0160778270693966,0.375330465780534,0.0143782267389115
3805,0.0117268361653006,0.38676132647962,0.0128604395746116
3806,0.0218539150243735,0.389285311970693,0.0168897114268617
3807,0.0142988674536073,0.379262550979661,0.0141263022376152
3808,0.017988016827824,0.373925564450368,0.0154786543666584
3809,0.0264718757020573,0.390503246702091,0.0139909958430638
3810,0.014961132250768,0.370446412303408,0.0167801432050017
3811,0.0235163287673896,0.375495138302232,0.013248363603691
3812,0.0182034225476346,0.390815868445708,0.0132598788197915
3813,0.02297435283451,0.441383922820874,0.0119701648718298
3814,0.0140118779559357,0.383895502994226,0.0121637051119039
3815,0.0181451385524566,0.376332503014601,0.0171491271996928
3816,0.0148769335048708,0.330961429560536,0.0171850755757288
3817,0.0167350488784808,0.408077557570943,0.0108354535243832
3818,0.0151975252497386,0.442468428076328,0.0121402093537771
3819,0.0208527780573747,0.434508890087294,0.0158434399358532
3820,0.0167795991351183,0.434896058946602,0.0124171460870061
3821,0.0238680274458062,0.388361000050445,0.012836928066388
3822,0.0206405558450783,0.368947413266551,0.0167096953587012
3823,0.0210205651633604,0.374536712397206,0.0158282152719205
3824,0.0182836199386454,0.386866365142405,0.0122277641957573
3825,0.016893891094785,0.374326447881118,0.0116532281917847
3826,0.0222193951341575,0.39290137114175,0.0172938854891924
3827,0.0124358819249837,0.391086895926649,0.0136937294080297
3828,0.012675756710835,0.387229029523223,0.0159071711909813
3829,0.0198803486356619,0.407186975724698,0.0170913727660586
3830,0.0200723149040968,0.396684045619503,0.0140326479315168
3831,0.0160781061767306,0.377571133746759,0.0120436731959781
3832,0.0240007652009465,0.369672271925967,0.0124308956294526
3833,0.0168459646153522,0.419485758474621,0.0111780577564996
3834,0.0228206153239836,0.437899103015096,0.0120622364507304
3835,0.0218494701410566,0.39695293911346,0.0122319933587076
3836,0.0135002502112809,0.39370461358355,0.012981238980252
3837,0.0193705121465028,0.373525031729599,0.01677202036883
3838,0.0289652048742092,0.392642199962416,0.014503274230383
3839,0.0166290959225136,0.37399191324214,0.0131409427406369
3840,0.0133388065886932,0.390389754394105,0.0135209741382551
3841,0.0199487387020455,0.43770988350251,0.0120276592127944
3842,0.0199596140921965,0.44381937505754,0.01802677480216
3843,0.0197068086844757,0.398598341332695,0.0142670633797727
3844,0.022444279909383,0.387674389031773,0.0144172841349935
3845,0.0186922552854611,0.393106903130866,0.0123078036058337
3846,0.0146204417343698,0.409783922516269,0.0146257603364923
3847,0.0130442088518279,0.399490779673718,0.0145145688388728
3848,0.0186430025580165,0.386462628016787,0.0136480795167853
3849,0.0160132400265,0.380090496672828,0.00930911700667672
3850,0.0120844116109725,0.284547553136126,0.0191471932735375
3851,0.0230690713762025,0.220226499302856,0.0210902404000105
3852,0.0195165734698603,0.273451351969859,0.0224200027198088
3853,0.0205175760765894,0.283032102405427,0.0196408565077386
3854,0.020115342690246,0.285484058554757,0.0175290570517687
3855,0.0201498002797549,0.398937933201797,0.0130898742154423
3856,0.0187534811297512,0.374376335992937,0.0116882508003268
3857,0.0276236858663,0.387836672321164,0.0128871409369154
3858,0.0205871746020983,0.392974987220853,0.0128704560978142
3859,0.0207883961821068,0.349992062348677,0.0143648449217791
3860,0.0186969354065457,0.396952508664697,0.0160953429202691
3861,0.0192114633754078,0.390716710422108,0.0188329601990988
3862,0.0170810203082365,0.395569779701851,0.0173346463573126
3863,0.014578729174596,0.398988396782683,0.0139794551640994
3864,0.0225068068468084,0.397220427942767,0.0146283238577005
3865,0.0133853721794074,0.387404702223937,0.0128049537374266
3866,0.0125814561681344,0.388724623621826,0.016850791711729
3867,0.0236158021311075,0.387815067569782,0.0114484895475997
3868,0.0166897451995758,0.42918156200358,0.0117640004205131
3869,0.0128437175512499,0.39967724834406,0.0195993336228969
3870,0.018615336796835,0.393648730919229,0.0186692918291089
3871,0.0190200939594826,0.380372306921445,0.0147061597953731
3872,0.0202455693354123,0.392120638760193,0.0131315254456496
3873,0.0193183848058909,0.378906021479788,0.0156735546937418
3874,0.019330159435543,0.438118566520457,0.0118311469036203
3875,0.0194175972096644,0.474558137448723,0.0134646896838641
3876,0.0187202986715947,0.429576792179756,0.0144170242119877
3877,0.0156488736284345,0.385176433814654,0.0147536819980404
3878,0.0200632342886514,0.358231494685983,0.0189719661082822
3879,0.0208884873959388,0.372945379499895,0.0170128796305632
3880,0.0161401816848228,0.301774821197064,0.0159091269978097
3881,0.0240836814083503,0.278744318375086,0.0136947535046711
3882,0.0227805794224834,0.219055303135066,0.0232823098321182
3883,0.0232250169289919,0.29050705518631,0.0214092410616071
3884,0.0171479877524548,0.244983002856702,0.0228144948075202
3885,0.0175723279824326,0.301570126980256,0.0138969533473617
3886,0.0139577091880895,0.261693920900033,0.0200716195700248
3887,0.0180132353932942,0.282831053004425,0.0224885046573359
3888,0.0268480241118035,0.296177791388994,0.0177078928793954
3889,0.0308679881352388,0.301693876408809,0.0175092395158704
3890,0.0169648995798846,0.328083910994939,0.0194404061063365
3891,0.0245015512174292,0.275785962729943,0.0222102183008515
3892,0.0120922093480836,0.291924891831094,0.0193484356601429
3893,0.0235336244076997,0.276927957499605,0.0182421473698634
3894,0.0256095707709564,0.166762178243983,0.0231290514515259
3895,0.0283096325232217,0.227969840402196,0.0193461563496421
3896,0.0196844211173817,0.264438016834306,0.016266423253301
3897,0.0267672240363543,0.282624203706764,0.0253179246683754
3898,0.0186846477894435,0.286034537539964,0.0220029406377033
3899,0.0289273265089745,0.285852258296604,0.0170461786285234
3900,0.0171707490484371,0.220328119046694,0.0248342783206862
3901,0.0215365024125454,0.227904058250834,0.0175600427314487
3902,0.0160410988380885,0.255953650929038,0.0256960280126551
3903,0.0151926664822993,0.221617392133449,0.0212113653445325
3904,0.0151429676552125,0.268504072460782,0.015459683829727
3905,0.0241736408269939,0.282463943676238,0.0193116041944013
3906,0.0212957024735426,0.398967589494,0.0148633511539274
3907,0.016717620321334,0.399634365604831,0.0155111271682839
3908,0.0283460435516523,0.391973318535358,0.0164929896428207
3909,0.0193035119531076,0.369292611282275,0.0162957411553904
3910,0.0135399421349481,0.390898107611399,0.0154072015506932
3911,0.0147434176169171,0.378335078681687,0.0158639810870805
3912,0.0152840696611642,0.378751959453417,0.0160030399461014
3913,0.0171961091607212,0.385960719708446,0.0156883241544876
3914,0.0170526507478764,0.393487714181078,0.0102440960747758
3915,0.019269871308837,0.385812207854515,0.0129570175337147
3916,0.0157181909113891,0.399269410799135,0.0157638157168497
3917,0.016408360724315,0.39568522730235,0.0140807302234682
3918,0.0180153945965262,0.385239237740197,0.0163244651927981
3919,0.0195266939018784,0.382980393292802,0.0126466746055416
3920,0.0162637179180324,0.37532673791711,0.0159357154178464
3921,0.0229030014967962,0.391578252206438,0.0127115912947616
3922,0.0168651040492494,0.400741395101176,0.0117215502107936
3923,0.0218860371995028,0.428523438498558,0.0134944486679323
3924,0.0224430852060237,0.424446707444005,0.0162783012914632
3925,0.0117841588567762,0.372596807832396,0.0110181983083124
3926,0.0186371172142765,0.403991160854411,0.0160643101485386
3927,0.0094684199733525,0.395687274389826,0.0120637121465929
3928,0.0161907686995257,0.351291436216391,0.0126936887895707
3929,0.0206571547908829,0.383387375563312,0.0175983556681542
3930,0.0152356724542669,0.394778799748953,0.0131731479410894
3931,0.0215703018690651,0.387158011716731,0.0127518021299192
3932,0.0172195728969451,0.387449231009911,0.0130317778173922
3933,0.0210314376109496,0.387292106707121,0.0158925594942156
3934,0.0234178340004257,0.391000771868342,0.0168684422113216
3935,0.0155912129599819,0.440813893416014,0.0114399734786339
3936,0.0289317517054478,0.39835732125101,0.0193281457780053
3937,0.0190033902479248,0.374290469198269,0.0146036260940653
3938,0.0130593297132704,0.327793421670402,0.0202287274949894
3939,0.0239533112263067,0.278098744006906,0.0175553760322609
3940,0.0208273617343584,0.282551907072547,0.0198654370373148
3941,0.0213244049617426,0.287569343305589,0.0202876816926961
3942,0.0235908620971286,0.263261611876927,0.0220669282505539
3943,0.0193650166939536,0.293195093454641,0.0190524304261395
3944,0.0216999910944179,0.286551614141545,0.0176703758592568
3945,0.0188478360237598,0.212952459410729,0.0222479263629569
3946,0.0115264834396245,0.214065308257261,0.0199675269301624
3947,0.0189857578939197,0.256428432167084,0.0177179504630771
3948,0.0131869043716905,0.346757995871267,0.0147881323373378
3949,0.0114258492540739,0.432517381275479,0.010119426588934
3950,0.0175947635630273,0.445482955779541,0.0138527978709822
3951,0.0165047118076056,0.426956642356771,0.0119780809900731
3952,0.0269399108274655,0.384546473942436,0.014590782320841
3953,0.0202354970916206,0.379004098404539,0.0121862309127578
3954,0.01476520795201,0.387202861496826,0.0149817962854885
3955,0.0186320331900637,0.470569214941439,0.0110388268726823
3956,0.014108631461299,0.468730965833231,0.0111922849871477
3957,0.0236978220427204,0.399031598502403,0.0133867706927595
3958,0.0199935594038292,0.37655699833187,0.0156424522390807
3959,0.0175149622115581,0.395980310134957,0.0198217037686611
3960,0.01441757560915,0.438787724606726,0.0138683415680494
3961,0.0195370140567289,0.436821314172595,0.0131173989711222
3962,0.0157405924188445,0.39678634825005,0.0134603430302583
3963,0.0223918649406144,0.386851076227021,0.0119737918638887
3964,0.0249740004083038,0.438457180383438,0.0117621306852765
3965,0.0266888116620887,0.425208506927707,0.0131291973208118
3966,0.0169642287013776,0.387980009586561,0.0131129257492193
3967,0.0115338959286538,0.449034659198797,0.012957950528239
3968,0.0168537784267809,0.389448843309792,0.0163971500139707
3969,0.0226078414107823,0.446989375790145,0.0115519770712941
3970,0.0189546346911002,0.389299277301407,0.0135628288869591
3971,0.0178162640302551,0.369235205466992,0.0119196944429156
3972,0.0249082742463375,0.377843647637599,0.0190895967987029
3973,0.0213211721969011,0.396268300055706,0.0155198373070795
3974,0.0186345470881936,0.387775456259542,0.0146480727022606
3975,0.0226254012394888,0.375892822620226,0.0143261805819321
3976,0.0250585367628001,0.446684585988888,0.011641394155725
3977,0.0162630387308695,0.389181679966337,0.0122116149377428
3978,0.0123469059787828,0.386676750960527,0.0148632488319168
3979,0.0187429325156811,0.447667915669231,0.0132011533505057
3980,0.0188343820977099,0.391557345260908,0.0161193398931216
3981,0.0193598892273853,0.374550694299521,0.0132293333658915
3982,0.0195391544027249,0.390296629100816,0.012956855500964
3983,0.019354826201706,0.375547895092958,0.0148656084304467
3984,0.0166227659604862,0.395311306262927,0.0123424495025413
3985,0.0195160113841435,0.404665787655144,0.0157474319245756
3986,0.0173810935343487,0.391887495031799,0.0131991847259731
3987,0.0127957522663143,0.384481815752863,0.0142223188446966
3988,0.0149590975015181,0.394674133174358,0.0130173530640112
3989,0.0205896482872164,0.392425388400069,0.014147529130729
3990,0.0194666618448177,0.376863006525232,0.0175938770548027
3991,0.0186409763153506,0.391378638004059,0.0104812188373717
3992,0.0186055461709353,0.376713453628661,0.0162383891258848
3993,0.0169689678638508,0.372489632552792,0.018529710940432
3994,0.0169689678638508,0.395643845665319,0.0122597186439282
3995,0.0160436686846156,0.384433488935664,0.0120067823398452
3996,0.0176916964651133,0.444846906239984,0.0102258159838426
3997,0.0167294320111225,0.447458074905542,0.012968460438994
3998,0.0202646227556471,0.442843168323226,0.00995135870582546
3999,0.0221534439472752,0.388791088335243,0.0165860781909348
4000,0.0210363426656528,0.398004519709161,0.0160308569071475
4001,0.018949661732509,0.378499236643198,0.0158634118449922
4002,0.0186499214921488,0.373979353456924,0.0140771071547025
4003,0.0125531622467442,0.398443535870299,0.0113198570214727
4004,0.0147743063269417,0.405818336912736,0.0118902432760478
4005,0.0151485622375727,0.398649190617266,0.0107047923538571
4006,0.0227869494144973,0.379753897539282,0.0169935134091143
4007,0.0183525839056222,0.448868436285364,0.0112828885323354
4008,0.0214677046479429,0.436892319508331,0.00970440272985922
4009,0.0207467454777427,0.39317272006639,0.0130609518344501
4010,0.0144855659334932,0.400231623701792,0.0134227094163429
4011,0.01822308015748,0.385710719562103,0.010966770460516
4012,0.0228561677659413,0.396324829490861,0.0113098157785407
4013,0.0259837481928144,0.358458687563914,0.0170706435733355
4014,0.0185741941717849,0.361705855097043,0.016495673124083
4015,0.0140794217968317,0.4544429951789,0.0159344265311752
4016,0.0163323384350495,0.392427711925988,0.0176912551715709
4017,0.0197695314812357,0.393262931472435,0.0193923536445846
4018,0.013381385596454,0.38792623336092,0.0140303370031386
4019,0.0238179699514816,0.37590784050569,0.0122547993445424
4020,0.0157820499733622,0.380350129539201,0.0163011699876212
4021,0.019729969209178,0.387349941146602,0.0128897945026378
4022,0.0150775130838234,0.429921863345374,0.0118406192143148
4023,0.0179422455819467,0.398616293865544,0.0125747561543084
4024,0.0177868569235161,0.390056629351582,0.0113464567248251
4025,0.0237783990709355,0.38988000143373,0.0138632596764153
4026,0.00932483919219846,0.394243911081255,0.0123247619299194
4027,0.0250156076368032,0.383416387211228,0.0118605933027184
4028,0.026086736406492,0.389534801282466,0.0163543916821495
4029,0.021061287473935,0.38998139833428,0.0118677470430366
4030,0.0178586677835304,0.414199156023794,0.0135135567271217
4031,0.0199285685723496,0.377773071870283,0.0135036555579593
4032,0.0145777200395391,0.382287436349506,0.0108663159253642
4033,0.0172011917813034,0.385325541096176,0.0144125591047751
4034,0.0178615600660467,0.442417208887539,0.011278780965373
4035,0.0273994256032047,0.372254837096445,0.0145922090760911
4036,0.0189979180977509,0.411594182389199,0.0178940332329524
4037,0.0225707151984049,0.39787268542374,0.0129977139574896
4038,0.02096937877446,0.397613779551185,0.0155563396556019
4039,0.0137970688231267,0.387722390521131,0.0145662045651463
4040,0.0240030884266774,0.360165774335047,0.0130989688681726
4041,0.0177983489315834,0.37049689282376,0.0131122475859446
4042,0.0169823664062114,0.399000438440957,0.0147411627783739
4043,0.0195658725371839,0.395722522066029,0.014669017273865
4044,0.0249077302245604,0.391832790425025,0.00934857544251567
4045,0.0142003669418811,0.394202058140992,0.0166391183118104
4046,0.016933614719249,0.390824741285223,0.017202326231674
4047,0.0192241353898369,0.398025048393705,0.0175082951274719
4048,0.0194797539945997,0.393121949633536,0.0142061993963577
4049,0.0164263050451688,0.391436987950629,0.0159456194216412
4050,0.0243876559926636,0.392409537561146,0.0147705056290069
4051,0.0221138095731674,0.389350500641599,0.018012794593646
4052,0.0199810682543478,0.393755034916242,0.0159714014125642
4053,0.0119240819601389,0.396847827541239,0.0131509559294088
4054,0.0193927309102932,0.391561650690527,0.0148569058990293
4055,0.0158176207662908,0.394360897600811,0.0124388643182112
4056,0.0188296921710568,0.454291314860718,0.0122502952326191
4057,0.0220475579998474,0.386433635995453,0.0120950191376851
4058,0.0179073163300264,0.410366205428876,0.0142651257130146
4059,0.0242862171076754,0.272034550194138,0.0204723954457234
4060,0.0203537180938588,0.357326071775778,0.0197984159198713
4061,0.0259807165271849,0.369792553707566,0.0124124649492337
4062,0.0244852346497511,0.388199634634696,0.0128541324542414
4063,0.0251274795829816,0.397362430283819,0.0128601137976543
4064,0.0191568274596346,0.384218076399433,0.0139719837958587
4065,0.0236916288049306,0.439608268810205,0.0098700291924172
4066,0.0218066568616552,0.44353411986794,0.0113699887576607
4067,0.0148234736908361,0.393703545589818,0.0132975013416438
4068,0.0128951877501755,0.395987822745929,0.00928892074792762
4069,0.0251970730491981,0.279488806065586,0.0150073223223888
4070,0.0215638351099594,0.275600599147743,0.0194788669685444
4071,0.0157023806848978,0.304255706996457,0.0204577497098518
4072,0.0168636850112836,0.292596031709043,0.0148899098744499
4073,0.0204769365516246,0.223735465930652,0.0271344908712344
4074,0.020294881367882,0.29889867998911,0.0210494366574949
4075,0.0179983709932034,0.301918355148136,0.0211182232384675
4076,0.0155740871233151,0.372836428282745,0.0142007238253109
4077,0.0169338035429158,0.42686862016441,0.0141929121884402
4078,0.0196355673053968,0.445379732950284,0.0125199530415412
4079,0.00698972143679919,0.38043694361717,0.0172292812757694
4080,0.0233068897009616,0.298247725079074,0.0224299237702813
4081,0.0209294140094804,0.198282474831417,0.0198559054317217
4082,0.0182992483766313,0.303474793429283,0.0192777980126896
4083,0.021551667191625,0.283614826317175,0.0293139212383837
4084,0.0212383368068363,0.300422189143757,0.0154380877077227
4085,0.0227520071762711,0.374792471668336,0.0187253544512425
4086,0.0191706365489881,0.298025870570267,0.0145437580854616
4087,0.0255323765376929,0.294345597610341,0.0200929851289446
4088,0.0179896863714591,0.302302319827491,0.0194012172574731
4089,0.0128406762449451,0.27526588650609,0.0254168698318146
4090,0.0163171084629189,0.294005160499822,0.0190508176664342
4091,0.0159347122006014,0.303707384013638,0.0185653761375129
4092,0.0209307717133985,0.269583752745639,0.0185495259031621
4093,0.0199798363944923,0.217329225518452,0.0193470726667929
4094,0.019664303952118,0.218452715084727,0.016481902027914
4095,0.0267952171902365,0.282157139236379,0.0136263385579409
4096,0.0199643621881824,0.213043841118312,0.0171402461591786
4097,0.0187209765581636,0.286656357011926,0.0148850826457672
4098,0.0252468638467586,0.299381838174822,0.0165644777126614
4099,0.0264179239111936,0.392424008364084,0.0133789034593572
4100,0.0200546934394305,0.389240612990409,0.0130439232061265
4101,0.0185597669776458,0.390519219187159,0.0158192537228838
4102,0.0201308051043446,0.389044089779322,0.0146974115778535
4103,0.0235166408781433,0.382165068733942,0.019318933901225
4104,0.0230335426608522,0.405803320823876,0.0115089257241698
4105,0.0178875511723967,0.388178751313827,0.0119757575768531
4106,0.0154254790958195,0.384580133553428,0.0156517482692118
4107,0.0246297099586885,0.375145141729161,0.0131162341847346
4108,0.0194327081053065,0.394010307276063,0.0126605236210136
4109,0.0199859453341114,0.377124540728967,0.0146403764490175
4110,0.0242359398843069,0.39647255624095,0.0137242401487009
4111,0.0138286702710403,0.395763300132376,0.0106388815889029
4112,0.0157546324627196,0.445030393444787,0.0112507541542979
4113,0.0149816699240382,0.39231848176554,0.0141051407399248
4114,0.0227217659431868,0.390072921747941,0.0171938863791119
4115,0.0223291220015511,0.396456197067466,0.0132462041754256
4116,0.0249779426709934,0.387546791538587,0.0126907116488522
4117,0.0216252452895147,0.342217807974214,0.018978400107161
4118,0.017591256201135,0.392008150801552,0.0133770037925753
4119,0.0185394427948101,0.381857284923856,0.0183826184674759
4120,0.0184683967607579,0.391296708996489,0.0150387670152764
4121,0.0169210414516324,0.395652266772076,0.0164961682343112
4122,0.0136743987001187,0.378493742935784,0.0147049497192489
4123,0.0129499317300821,0.440620857910302,0.0107119424117899
4124,0.0132454631290532,0.392647274647671,0.0154786558729087
4125,0.0194779288303223,0.389896113343857,0.0181447465136574
4126,0.0280725973633256,0.39418251608677,0.013212862666917
4127,0.0163476413641033,0.371151279472638,0.0138901034179925
4128,0.0172831683187169,0.413700679137319,0.01409621343995
4129,0.0155925835231872,0.391676855105735,0.0156239922595013
4130,0.0212752364274561,0.356568667850237,0.017567440990212
4131,0.0199207692982853,0.393329984148323,0.0133184850384787
4132,0.0118037270571075,0.373787358875343,0.0143853725629219
4133,0.0188405150418865,0.389973892173847,0.0137779831529995
4134,0.019130226123186,0.391037486268774,0.0125959490909645
4135,0.0120482112953291,0.388791734249545,0.0127712159574841
4136,0.025500167109716,0.388921651746146,0.0132765634967683
4137,0.0222418864629032,0.399015099469065,0.0168664225431457
4138,0.0173608609810848,0.388031035553932,0.0152304606495583
4139,0.0183647322699946,0.423611517529604,0.0147448681566175
4140,0.0193492418880271,0.381827031961764,0.0114591951600036
4141,0.0122099290308984,0.45900447331378,0.0125759937024182
4142,0.0219033828129449,0.399187021276913,0.0153079273099809
4143,0.0244689101680756,0.377641208655994,0.0125884493281716
4144,0.014305211497505,0.396497442468544,0.012565928586231
4145,0.0199534916927822,0.380799087932715,0.0115321910535496
4146,0.021409263251621,0.397802630930729,0.0138932236789285
4147,0.0213819973121856,0.398067640540359,0.0107353623718204
4148,0.0182069780919197,0.386433721613741,0.015396480445161
4149,0.0179288550803507,0.380396139100698,0.0158788087010359
4150,0.02196503179986,0.399409692591251,0.0157849489118573
4151,0.0212266936078235,0.393992037245393,0.0130853590034506
4152,0.0230948540340794,0.389695564761315,0.0107309438379218
4153,0.0142468411170033,0.388721335440518,0.0143883806447909
4154,0.0230292148781579,0.374778565616981,0.0131601950159726
4155,0.0223815239562401,0.398217082637946,0.0130992456063996
4156,0.016286625891222,0.383975139164609,0.0111322936434515
4157,0.0173211050392289,0.396816545831536,0.0144865121525468
4158,0.0222906888332415,0.390186624284692,0.0138109979135561
4159,0.0135028491240216,0.391201170473508,0.0128650638752534
4160,0.0191081725328002,0.397599042874676,0.0141168115047807
4161,0.0195763748307208,0.390030902903027,0.0131364041761459
4162,0.0163663263615418,0.380461215664243,0.0148070172104906
4163,0.0204497020469229,0.388621343152951,0.0129136106754659
4164,0.0219109123743787,0.410670144270695,0.0158910594060946
4165,0.0241466514595173,0.392975044311569,0.0150024423475645
4166,0.0202258712485112,0.388706691932124,0.0116048253324003
4167,0.0149845803362515,0.390452363507485,0.0127491914144447
4168,0.00577723465660916,0.401322685355118,0.014490762912319
4169,0.0202904837070964,0.380079550931226,0.0126897728503832
4170,0.0188154265009827,0.393744380298661,0.0141946810096787
4171,0.0214536604320137,0.379906441354281,0.0128177050991507
4172,0.0276369205950928,0.397620005370511,0.0143416253681956
4173,0.024037568835652,0.396898288796337,0.0136168721442481
4174,0.0166954517479124,0.371444699600744,0.0148822532460663
4175,0.0235589288053869,0.389848917513868,0.0151769022548978
4176,0.020590120095182,0.481968387050344,0.0128265947865024
4177,0.0159757374003498,0.387128814620602,0.0183549357493396
4178,0.0207320493122297,0.443806307632116,0.00933633794971471
4179,0.0153340350152628,0.476667015734276,0.013897798854127
4180,0.0215152652195709,0.353009670175779,0.0204114839117344
4181,0.0187965697838506,0.387329972493851,0.0139974230188649
4182,0.0209406166897149,0.388692421895362,0.0128516656660336
4183,0.0096630317812435,0.375660174992147,0.013288540026599
4184,0.016372634495227,0.375877634657038,0.0120139994804109
4185,0.018855607172185,0.394126695780861,0.0173416648514636
4186,0.0193458752326761,0.379767795309979,0.0144061286134167
4187,0.0180957626319699,0.387585963190233,0.0169388606235632
4188,0.0168709982312664,0.375435981578825,0.0177227504818696
4189,0.015356446668912,0.391499194060476,0.0162587216683762
4190,0.0262365421522968,0.394518420335638,0.0153139452881844
4191,0.0180059506745032,0.398486984620153,0.0134283016625583
4192,0.019812490545359,0.392812920274099,0.0114598044028919
4193,0.0230544001302607,0.378921900790111,0.0139856544529474
4194,0.0229951471636913,0.445511264264316,0.0158890827565909
4195,0.0213704494121196,0.352039415922514,0.0182934536803762
4196,0.0127655345634452,0.386595085210941,0.0117153559684379
4197,0.0229215284582511,0.39118708845684,0.0129804761649252
4198,0.0198479901386032,0.439623568846384,0.0112226117287183
4199,0.0152511382930666,0.356551752844432,0.0163337996637031
4200,0.0187152151030726,0.383966030892289,0.0164571686713755
4201,0.0240457352006902,0.381433769024782,0.0142739136974223
4202,0.0228908233570134,0.441960972426914,0.0123945461332546
4203,0.0217805110775226,0.387899913617547,0.0163521685383167
4204,0.0163122956660282,0.378518081550123,0.0163964372389071
4205,0.0170999122042453,0.377687041536575,0.0186750749627939
4206,0.0223787919458911,0.388251020670609,0.0150521820925888
4207,0.0182219879367504,0.390753075405497,0.0146696744517862
4208,0.0190049926312371,0.391563531370317,0.0133998506611083
4209,0.0160998899444081,0.388137167345525,0.0134829208990769
4210,0.0207144870696842,0.376931042572924,0.0106672485681163
4211,0.0154224240863227,0.400907335276226,0.0146540941259089
4212,0.0254318675998667,0.377260802097544,0.0158827770677599
4213,0.0164643934924176,0.377452102153441,0.0126272661252982
4214,0.013577563631761,0.435633433577098,0.00994049857558045
4215,0.019557395038893,0.39266328970678,0.0133735956737409
4216,0.0145432570470498,0.367510168235383,0.0147614968065984
4217,0.0224022774607253,0.430513340493762,0.0126772460430358
4218,0.032462822843791,0.445192942846536,0.0147847183833633
4219,0.0191208715197316,0.395273443921564,0.0122723542614725
4220,0.0191906414296772,0.394321383274254,0.0152306494482306
4221,0.0171738452421819,0.39805738753029,0.0133643746721976
4222,0.0211607682641515,0.389189735115874,0.0134012179688208
4223,0.0258683137495242,0.393877423658107,0.0146327029544769
4224,0.0148101484294835,0.437457042447231,0.0118782799825524
4225,0.0192895786882114,0.450174131502045,0.0109605706041962
4226,0.0185462471294362,0.397226391096518,0.0126657854172533
4227,0.0115851412542926,0.444702633505989,0.0142277643151269
4228,0.0211289423968636,0.446393552553333,0.0127523004760613
4229,0.0146508157282358,0.386869671474431,0.01498517293661
4230,0.0199614932314833,0.445832839838925,0.0139166767636066
4231,0.017713271218531,0.447596061889995,0.0139085558148292
4232,0.0261137306918798,0.430059838226472,0.00891799596128738
4233,0.0170303569970852,0.382852320061395,0.0150236872868479
4234,0.0231629918782928,0.384385875400121,0.0195249243990667
4235,0.0168282048805957,0.380365135460128,0.0132906280703572
4236,0.0224640990609896,0.39441484387438,0.0108388256699419
4237,0.0187434361191903,0.385531090935565,0.0116583926935688
4238,0.0186415583927184,0.400027177495587,0.0103818244894987
4239,0.0254809655284858,0.399041655993485,0.0108562405033389
4240,0.0196234138992935,0.392238574661212,0.014158945097149
4241,0.0130602865678539,0.389886023621666,0.0204607775461374
4242,0.0225112536113107,0.381421849568852,0.0167375485957899
4243,0.0204388065213601,0.411999106250004,0.0149235312946761
4244,0.0108803511599138,0.3893903728088,0.0166189613879697
4245,0.0212512530860819,0.387152212662422,0.0169634277985389
4246,0.0185578403121967,0.387677033371366,0.013063689718216
4247,0.0220829027563951,0.389266619711981,0.0175933733315034
4248,0.0137097591522391,0.442431362451567,0.0144827873026016
4249,0.0166286347117342,0.38638534058217,0.0150257480554905
4250,0.0137370631866364,0.382373153563686,0.0126820376860122
4251,0.0196386676773361,0.384095816398349,0.0156160439323057
4252,0.0210061865390433,0.435376490494638,0.0123220866814143
4253,0.020835748106454,0.378464339706794,0.0127195461964344
4254,0.0240496696446776,0.423571350721786,0.0170773433217218
4255,0.0185366418428035,0.37915920997837,0.0121279643767709
4256,0.0190745172998836,0.395945128299393,0.0113236367388541
4257,0.020816594708286,0.377098623887192,0.0160036553793528
4258,0.0156103646508661,0.390853363308919,0.0115522141822795
4259,0.0195619616774462,0.380988435796431,0.0145376710020781
4260,0.0148143548950646,0.320843486459076,0.0137828935004609
4261,0.0184115643533888,0.358255891583953,0.0181718630381913
4262,0.0139660916260359,0.41044197858069,0.0215717433070783
4263,0.0222887097614344,0.390747531727935,0.0172048240455446
4264,0.0240362356186867,0.360468572062941,0.0152845635038193
4265,0.0177337542532644,0.360539000414193,0.00991631487741811
4266,0.0219511995390239,0.287336220671107,0.0238648012882266
4267,0.0216213868840846,0.267905457221103,0.0165637765206565
4268,0.0240011821316226,0.236288844355009,0.0194653286064177
4269,0.0277153705592983,0.253287953514059,0.0223823306586236
4270,0.0237511897142738,0.352881425111137,0.0159485035584939
4271,0.0174315935452659,0.391307670472858,0.0137846941220041
4272,0.0221922374389598,0.398288749560813,0.0150270184151574
4273,0.0127932025241903,0.446621252249875,0.0124098337878154
4274,0.0179452249439402,0.443169070655155,0.01218489899802
4275,0.0176757371291349,0.420017065214073,0.0132046654484903
4276,0.0161969338559377,0.392496300246185,0.0135724698004889
4277,0.0189245220851298,0.35949084446843,0.0120465341110801
4278,0.0163553272527461,0.431391261485152,0.0117722514154037
4279,0.0248513357596719,0.379682586282038,0.0132668360258951
4280,0.0243706845448346,0.382055572683206,0.01158886515028
4281,0.025029347291944,0.441419604011127,0.0136457771056585
4282,0.0209416966771663,0.441250721828728,0.0136058672368968
4283,0.0227711437074762,0.371186355691992,0.0123822927604786
4284,0.0214904734470671,0.44145727098279,0.0152404938417153
4285,0.0228673642373398,0.395994167755364,0.0130981174431594
4286,0.0138938203427913,0.370233075876206,0.0147981454126681
4287,0.0196070456655946,0.392680847299451,0.016508077658293
4288,0.0181598411919201,0.354892960074765,0.0105555157459603
4289,0.0260349365959405,0.393192343691552,0.0134419178383975
4290,0.0188899633296652,0.369859334220227,0.0135804908384305
4291,0.0130222005589408,0.385072775750418,0.0135409262400771
4292,0.0155920210359628,0.396865219776262,0.0160127428091832
4293,0.0194761445760521,0.433588613376064,0.0131699499049656
4294,0.0159091549405694,0.371667371100663,0.0110293077409013
4295,0.021749486147079,0.42303830768706,0.0101965128946517
4296,0.025406293933309,0.444735281321724,0.0118329001142672
4297,0.0179314147760307,0.452839527068178,0.0121603844693417
4298,0.022995596585309,0.397260154473911,0.014986250088158
4299,0.0147519058948296,0.426932374911526,0.0116751310373388
4300,0.0196020169001457,0.391948805843448,0.0157786403168957
4301,0.0184492651802564,0.43303468594771,0.0114891893502578
4302,0.0129394769741735,0.384277374229693,0.0156323426001211
4303,0.0204112272466499,0.398118398991306,0.0142475479282803
4304,0.0169773153514966,0.379697939049609,0.0146091536673138
4305,0.00700454885421295,0.392643805333987,0.0127936009237258
4306,0.0175792000821131,0.387211225782719,0.0135002081640985
4307,0.017350300942785,0.39344025872378,0.0120799016810396
4308,0.0209485587995813,0.373539214092356,0.0123905311255876
4309,0.0202990458830422,0.380415428976535,0.0134137707364589
4310,0.0217966776658763,0.382920570729635,0.0140854466384507
4311,0.0191389327514879,0.390653297144561,0.0134621278096987
4312,0.0185070636568211,0.387353336679923,0.0141831669899218
4313,0.0125544316616064,0.435629890653168,0.0130666889921562
4314,0.0187607711493494,0.492090857699409,0.0121901995493253
4315,0.0231232968195968,0.473260240760295,0.0164073026196183
4316,0.0254605606545132,0.409989877091496,0.0187490941857825
4317,0.0155668887658846,0.393263078332206,0.0145528169318635
4318,0.0230670792689388,0.478833605222172,0.0151472678771942
4319,0.0072771922721375,0.39612538737544,0.0168163483396036
4320,0.0153462206884789,0.385100382846678,0.0111681467221423
4321,0.0202650992192223,0.441500699987926,0.00887163008815498
4322,0.0129061357748324,0.387332757814203,0.0121340076194487
4323,0.0183873792965138,0.388634150880701,0.0122501526634898
4324,0.0258117015154598,0.443934138396138,0.0104062073250082
4325,0.0202767706937306,0.448815286505341,0.0114560951616767
4326,0.023021690545258,0.450134363065388,0.0133711885269762
4327,0.0213503523641814,0.446582617076518,0.0102916307488615
4328,0.0242991330407671,0.420401326538942,0.0119707331021552
4329,0.0181821180667086,0.386693105914574,0.0136362676094801
4330,0.0216139999052614,0.387307666285147,0.0135716789334921
4331,0.0181976151235765,0.389189663502711,0.00928706857684327
4332,0.019140257087518,0.398554171145379,0.015130425893679
4333,0.0192184380599255,0.394258635190398,0.0133630667477642
4334,0.0146930087619538,0.393709920733617,0.0166948689293349
4335,0.024623000607348,0.382282610918216,0.0126596426578596
4336,0.0253361685786952,0.398452595715566,0.0146614275471708
4337,0.0170864504107603,0.397000847631221,0.0149582514169153
4338,0.0168458059520889,0.391809367442485,0.0116466922605325
4339,0.0226218822870911,0.389361630570393,0.0137904996095164
4340,0.0187174415501232,0.429449613910149,0.0128435414150904
4341,0.0239770498691431,0.415785038027506,0.0116547397382012
4342,0.0189668674913524,0.377302974816804,0.0190752829093304
4343,0.0158182673427284,0.380108098415736,0.0132301887044857
4344,0.0172346862595482,0.401151185494937,0.0117797526594814
4345,0.0216977440814165,0.381734935155918,0.0103725205755549
4346,0.0182547058333947,0.392723253173902,0.0136720411326076
4347,0.0256179588566655,0.369259603876783,0.0139331827129385
4348,0.0200537148041836,0.389140898521092,0.0159499257501533
4349,0.0228791573364289,0.375894387890919,0.0149006384216636
4350,0.0134521694315458,0.393247100942064,0.0111876928540227
4351,0.0242734605970077,0.386495800164378,0.0136322459031197
4352,0.0205205964572578,0.395510965404385,0.0124074550807551
4353,0.0179455714742482,0.404591452239512,0.0193030317493155
4354,0.0189623882757696,0.391379015005883,0.0157500992696301
4355,0.0217564501043725,0.372924019617739,0.0192326721446801
4356,0.0186095447897337,0.396576713820758,0.0126994024397231
4357,0.0115546015860212,0.409655674677071,0.0144672701064556
4358,0.0069029022622354,0.395265783279886,0.0127376271315884
4359,0.0350776434774329,0.389962306885846,0.015229701848175
4360,0.0213124314960897,0.387190319789844,0.0199236334414939
4361,0.016049362782017,0.379416453710822,0.0173917894660466
4362,0.0140884727115261,0.394176932424271,0.0114601418476363
4363,0.0222339453595147,0.39260714789635,0.0166250904018095
4364,0.0181895356212421,0.394769946263217,0.0142130585535211
4365,0.0156891078014488,0.389967482226287,0.013993946546362
4366,0.0212691827358511,0.393384044784559,0.0154692674212361
4367,0.0160720188332355,0.405066327723069,0.0102154632056157
4368,0.0252545956276303,0.399027247456657,0.0147550532140997
4369,0.0123215213096173,0.396764778026156,0.0147639231744921
4370,0.0204969914721091,0.38960112425209,0.022591117575015
4371,0.0227773504427269,0.434510158660903,0.0129399512647888
4372,0.0220208403839305,0.388236749372207,0.0137244750429341
4373,0.0229692790870766,0.394195346487077,0.0126865344430653
4374,0.0191391453525986,0.392808165133685,0.014480400587391
4375,0.0186457863897253,0.392040464234171,0.013703302031624
4376,0.0207957828999836,0.375046541848106,0.0143712378840047
4377,0.0235224590005893,0.381795390011106,0.014239880770395
4378,0.0217142826663288,0.396925493759871,0.0157479592927725
4379,0.0245829993838899,0.405352896737788,0.0135486092119444
4380,0.0160402662214845,0.375052482203956,0.0164546586509294
4381,0.0217756795770638,0.380133063327382,0.0147301929255393
4382,0.0139585962743576,0.388865989441899,0.0199910670872572
4383,0.0232226857673426,0.4500488522146,0.017218266316863
4384,0.0191177274234334,0.389679171774365,0.0128799209908806
4385,0.0183958776470153,0.440988455409823,0.0119513460850172
4386,0.0217097166513185,0.373399451962426,0.0136658281187866
4387,0.00732950007322315,0.346879668125829,0.0136773829737794
4388,0.017347099091917,0.435695834358851,0.0127708300597441
4389,0.0161114248704246,0.289602514114693,0.019086083165591
4390,0.0218356820912179,0.286668415357829,0.0167112004153158
4391,0.0220187565538649,0.287399519535884,0.0165433705667588
4392,0.0260737347460167,0.270060909281029,0.0175751995266869
4393,0.0208007508256366,0.3917592842501,0.0144016654343758
4394,0.0185312439717711,0.388979806231341,0.0116768289156871
4395,0.0137039108846513,0.378014816183912,0.0168421585750183
4396,0.0159781324533512,0.426727705816118,0.0149227748904598
4397,0.0174740506201452,0.388352813891305,0.0157327572700289
4398,0.0139034331197514,0.396412832474701,0.0126712823966719
4399,0.0227738267361152,0.386396363576347,0.0163436763196896
4400,0.0180324798980175,0.393986363681071,0.0111726819062518
4401,0.0125871487580196,0.398017640072428,0.0106370398763763
4402,0.0196996285385389,0.391841638477582,0.0123897451304348
4403,0.0261845697484676,0.38869928567421,0.0174528591284674
4404,0.0211515065573102,0.379385075181596,0.0130669815746005
4405,0.0177806592378406,0.394930010622434,0.0133792327301112
4406,0.0211420958128739,0.389548459740828,0.0125600486733845
4407,0.0147386388334338,0.373839087483009,0.0150750585400942
4408,0.0242146367320308,0.399360657609354,0.0130939457281908
4409,0.016878058350099,0.387176084099165,0.0150210209149815
4410,0.0149402589203946,0.377253196646365,0.015332953341215
4411,0.0132622346307249,0.376723001893391,0.019110827495845
4412,0.0252639720659335,0.387334845380268,0.0132160446557914
4413,0.022532165120022,0.38902381742269,0.0178106405047081
4414,0.0179603800935729,0.399015082624351,0.0138120685291242
4415,0.0134658433520624,0.423341188603677,0.0129988151432523
4416,0.020989070074891,0.39526094206273,0.0116721602831621
4417,0.0191168178359711,0.433443465122308,0.00796604237601634
4418,0.0172749217098495,0.395540092948511,0.0115957596257273
4419,0.021413859624278,0.392423188384764,0.0122191384501116
4420,0.0193003839129378,0.444939394349055,0.0113568413982882
4421,0.0171486870122064,0.386331485135311,0.0118250736419668
4422,0.0210164113062755,0.374602578001926,0.0117251772624104
4423,0.0160435635346277,0.403373123931168,0.0106782852722367
4424,0.0184114146409609,0.392072157486566,0.0149438161082402
4425,0.0164228194221751,0.387412411815046,0.0143954808168311
4426,0.0177543188583344,0.376138204278962,0.0155922665264071
4427,0.0192224723237855,0.387309970903039,0.0162981561530335
4428,0.0183362287610235,0.391966344194642,0.0139810180665973
4429,0.0193410709253353,0.388930028038985,0.0177668544877219
4430,0.0151403287612046,0.396602712469612,0.0103240832965722
4431,0.016696458092981,0.390883255505928,0.0152619266424252
4432,0.0197940188048358,0.395884321026752,0.0140224369447933
4433,0.0193825807771632,0.390762052791404,0.0133977839829154
4434,0.0209959181849285,0.412921542977688,0.0177800746055787
4435,0.0223143953052924,0.425297136167713,0.010836491738645
4436,0.0207545543313158,0.434338397578583,0.0150774708542892
4437,0.0145574773138657,0.465555529869794,0.0112167383954284
4438,0.0210194494675126,0.436848550860927,0.0117698131539505
4439,0.0222667207241954,0.448691369854257,0.0135173146522408
4440,0.0155983795372488,0.382079323852005,0.0157869280903965
4441,0.0174837712429348,0.404459751394832,0.0148216958344136
4442,0.00748553423005241,0.368371448351865,0.0157650870086843
4443,0.0169192462962812,0.376523459042624,0.0168639203755949
4444,0.0257432160998062,0.387752056669343,0.0135793503500114
4445,0.0196281273153467,0.389497366198694,0.0142353480809154
4446,0.0182389824342292,0.391080168934958,0.012948873147087
4447,0.0195852215607312,0.397539747934162,0.0128432270286259
4448,0.0209577018652577,0.399163270501961,0.0133155339081255
4449,0.0219154404045414,0.440395559254288,0.0166608877388189
4450,0.0192909449611274,0.385315407184437,0.0142566584551477
4451,0.0114859922802409,0.432593841488943,0.012344033864293
4452,0.01485874275978,0.438740489701136,0.0113491179955885
4453,0.0152868286471324,0.392304625807527,0.016029572997383
4454,0.0172885460349219,0.381155637265575,0.0127772991057066
4455,0.0154506185733238,0.375072535899461,0.0161711867784319
4456,0.017671874197639,0.438267001926913,0.0143210720226799
4457,0.0184814693708793,0.44609703398162,0.0101554932777892
4458,0.0186437201140677,0.419669333105598,0.0156844462792414
4459,0.0186936034993219,0.426109265832341,0.0139359233820917
4460,0.0204988149445073,0.390649747066937,0.0128432942021225
4461,0.0167081610069704,0.391128190360099,0.014752421164624
4462,0.0155429454524137,0.410422548607159,0.011879295181383
4463,0.0185713164517861,0.394646978890948,0.011699731103078
4464,0.0224711414278688,0.399589600400348,0.0133089449931232
4465,0.0224936196682818,0.392128602300778,0.011235157418763
4466,0.015204792440193,0.391105506748537,0.011032880658196
4467,0.0120305336995456,0.377217492669857,0.0157278390294498
4468,0.0194432936631971,0.374058487016447,0.0158721874574623
4469,0.0153521907562664,0.357592405621536,0.0139234452525326
4470,0.0221794151142341,0.287277831813318,0.024966136363866
4471,0.019038655864074,0.276682179829182,0.0175762888227292
4472,0.0226881478964706,0.215223708064827,0.0196015114186882
4473,0.014140133391724,0.219642876432598,0.0158034176587933
4474,0.0204348046388317,0.29217469386783,0.0183503979796165
4475,0.0165522088422303,0.275661858959747,0.0205793066067518
4476,0.0209557690355494,0.401295481686234,0.0197403668458377
4477,0.0208926979718697,0.386723191941149,0.0158738137723779
4478,0.0194491150824834,0.378970158549027,0.0128343088142315
4479,0.0236940080406021,0.397642273003862,0.0153136918268318
4480,0.0190985209365064,0.442389164286866,0.0156884694665282
4481,0.0114803741592797,0.390152125543174,0.0170330931945704
4482,0.0159955541896609,0.375230569607059,0.0140695065838994
4483,0.0199296760873655,0.370231847363451,0.0176822800385674
4484,0.0167689462108068,0.389715507268722,0.0135196629461296
4485,0.0210896079490963,0.391220228591189,0.0161666666024907
4486,0.01720020987281,0.369732284558769,0.0160360400167225
4487,0.0190124849235954,0.386390630737265,0.0180827640724337
4488,0.0209708768345835,0.369007317144992,0.0119005011046174
4489,0.0198498648058746,0.376947650435855,0.016471005210929
4490,0.0237652771446915,0.390253774999064,0.0140212341844831
4491,0.0151148731082993,0.395460089828711,0.0155745881556538
4492,0.0227841710617815,0.374949303173127,0.0166672371913553
4493,0.0152045592195788,0.36879999094574,0.0161733952675168
4494,0.0184860488291242,0.394469377956864,0.0158932689135775
4495,0.0138789622716895,0.378088977231472,0.0103363487864843
4496,0.0194253951636423,0.387056887757001,0.010560685243243
4497,0.0209469669812161,0.384955141630694,0.0127431750520758
4498,0.0217770256453618,0.390978213205816,0.0128837591192545
4499,0.0175420815630365,0.381241817419483,0.0147659610356108
4500,0.0163331668615561,0.395615041371681,0.0154815778219036
4501,0.0239908682941217,0.392397153796439,0.0160820648864405
4502,0.0236399318617228,0.437552648302542,0.0166814700284901
4503,0.019172910129014,0.398643860957199,0.0151248236569714
4504,0.0138303344830253,0.420379745122377,0.0124513058990796
4505,0.0212298069589369,0.395333905513068,0.0109554308064864
4506,0.0188250026759691,0.384488645756231,0.0155078785351641
4507,0.0246377545811105,0.392564884227324,0.0119720556129665
4508,0.0226954328599645,0.395665174543178,0.022213860116928
4509,0.017903542725213,0.380137231020522,0.0138495515890148
4510,0.0243903217584386,0.388552520333272,0.0139941752099472
4511,0.0156017899714554,0.406142882047671,0.0143163838985505
4512,0.0120144903103094,0.442813575072973,0.0133016035126053
4513,0.0168966225518056,0.421531668471411,0.0186349331458006
4514,0.0160639734500733,0.384806357620338,0.0155348714271525
4515,0.0134667245257263,0.37576257869905,0.0169191429558519
4516,0.0145054880244801,0.407520621093003,0.0120669704937919
4517,0.0250347472973758,0.392769993205959,0.0164663513920515
4518,0.0176717064780075,0.353514772387244,0.0166187973796691
4519,0.0132620501760025,0.397764533150638,0.00937287277160637
4520,0.0220676335765819,0.382844963152747,0.0125846512116538
4521,0.0155681686624156,0.385192057194017,0.0187569780537307
4522,0.016028855013344,0.439560762922585,0.0140276395677189
4523,0.0206078797259536,0.481067204163006,0.0107018184058441
4524,0.0216971555447621,0.450774530988672,0.013473145923737
4525,0.02264438291639,0.377962879023987,0.0143234568120892
4526,0.0166769710545237,0.360953106066492,0.0163206439675636
4527,0.0191222130155304,0.450544432803423,0.0141034046900767
4528,0.0211502970736733,0.434031192716008,0.00928497085634269
4529,0.0142666583913907,0.397774584468948,0.0129815964617315
4530,0.0148094375083745,0.389992112934917,0.0156832287320613
4531,0.0140322484626397,0.382904675393472,0.0168562562575111
4532,0.014853836540319,0.419483346109114,0.0150137448888308
4533,0.0194816249104861,0.43847752823948,0.0136176583777044
4534,0.0169774261600747,0.374524009640035,0.0123422208680915
4535,0.0170937752232894,0.368231722975429,0.0125012673472815
4536,0.0135569491853451,0.431204632729563,0.0144727820624767
4537,0.0223105518742664,0.399279899012086,0.0137862051111382
4538,0.0190721486239486,0.418203565142078,0.0125637141790327
4539,0.028132036122988,0.369588881569038,0.0196469651110965
4540,0.0170490981561569,0.386075521351479,0.0185146041257001
4541,0.0159995717090667,0.393893899207102,0.0121385382376873
4542,0.011496088320405,0.375927097902526,0.0127416418918515
4543,0.0178829699357108,0.37292335995538,0.0185894663791034
4544,0.0142182200505472,0.387490302948834,0.0161935228941593
4545,0.0134467555214396,0.410094816861127,0.0122748052546006
4546,0.0186454197378487,0.443813592558186,0.00910998356959469
4547,0.0169837520007958,0.44168066197913,0.0128034008579006
4548,0.0212000301533257,0.373512140727925,0.0187111269524605
4549,0.0149591408513755,0.389888714729038,0.0182333434861726
4550,0.0205305858105834,0.393417896367189,0.016052173332452
4551,0.0168462484717767,0.375682386331183,0.0170547868064233
4552,0.0246035555667318,0.390232505772946,0.0152897961686459
4553,0.0202736464719742,0.393497117021748,0.0130264247179793
4554,0.0236229918443374,0.383579469827223,0.0134088413687675
4555,0.0146119217957397,0.39427356986877,0.0134832224428366
4556,0.0180137909248148,0.392788317979733,0.00981981689114513
4557,0.017354329150968,0.385482015299476,0.0124006875332742
4558,0.0139966179746869,0.426992882249903,0.0111118776333641
4559,0.0155102870797237,0.397856695277766,0.0122581602776128
4560,0.0301900366780574,0.438583234544135,0.0114416709928742
4561,0.0202001579109818,0.441628588833882,0.00889213913552079
4562,0.0183084640276689,0.398615795931379,0.0129324745504054
4563,0.019292581884983,0.428539254818102,0.0100533627958937
4564,0.016543499722653,0.447031526656461,0.0105722618247175
4565,0.0201210854862361,0.422066177234453,0.0119026238717589
4566,0.0183186161786387,0.437344028057343,0.0135693784605546
4567,0.0189509102193858,0.438237016337877,0.00901596735523866
4568,0.0187189985052101,0.44724995659988,0.00973466259290059
4569,0.0103296882756045,0.403306756660118,0.010549766292968
4570,0.0166426717602844,0.37354426612403,0.0133372947674978
4571,0.0219765915792195,0.388897523593571,0.0140635447352656
4572,0.0210449967171846,0.406732251359928,0.0121141279139763
4573,0.0123631636867046,0.359988905378181,0.0164442935777386
4574,0.0192810169684294,0.426431678856084,0.0194462001157262
4575,0.0141743501297483,0.39252328654859,0.0130769583594269
4576,0.019274344825361,0.444281014110564,0.0124648154201719
4577,0.0241833157859904,0.396800405315777,0.010885724758417
4578,0.0142354957887252,0.399249574343941,0.0127509039655133
4579,0.0216497248047255,0.383754779442799,0.0167893597638773
4580,0.00999401491466758,0.359052597419354,0.0142358919028989
4581,0.0181216190290902,0.389924257698441,0.0170659034432399
4582,0.0221241916959978,0.392272265848356,0.0143759128977284
4583,0.014733533236805,0.441587794690796,0.0127727757295052
4584,0.0260588760274222,0.379441236695799,0.0211143050561556
4585,0.0174293688534718,0.391559013807975,0.0108710851917928
4586,0.0222557202061343,0.388765312742381,0.0133592037411546
4587,0.0199726063764288,0.377627946429765,0.0166205196880468
4588,0.0214717671951035,0.397753820048279,0.0163845229734721
4589,0.0242309959154637,0.372609250926521,0.0116674701950505
4590,0.017896649160655,0.399141023807899,0.0122594096669023
4591,0.0295500435746565,0.399340627155399,0.0157497751127456
4592,0.0257824467024079,0.388231563716323,0.0135160014572887
4593,0.0149901277280365,0.378652246053296,0.0158000106554506
4594,0.0176105750816989,0.380206623874055,0.0174277343171391
4595,0.0199782138427562,0.377931271829734,0.0197113466559837
4596,0.01398273032706,0.388340030661383,0.0169955106794287
4597,0.019421480835691,0.379193498583908,0.0139392441674905
4598,0.010625393412003,0.379269567782986,0.0144841546163875
4599,0.0165551527170922,0.396188024381294,0.0175938185043159
4600,0.020465942644,0.353812400844712,0.0162276525157954
4601,0.0180445754537568,0.37338445514903,0.014739815767741
4602,0.0221439752834227,0.389602178272153,0.0128096305062149
4603,0.0119003466657849,0.394125180915084,0.0160180625116973
4604,0.0139035144410984,0.379763726520898,0.0147576442682287
4605,0.0188046847055984,0.323209418064883,0.0122357650335323
4606,0.0169297834452376,0.283287251484116,0.0138242483980245
4607,0.0288973149833308,0.289463670517589,0.0182391026284156
4608,0.0207272869329071,0.291934464286592,0.0153136804711315
4609,0.0233005019244961,0.323123792130551,0.0216386407070441
4610,0.0199045514337684,0.291593456958678,0.0199193442376696
4611,0.0149987293548397,0.253810860028216,0.0213343054566388
4612,0.031737370461139,0.280297927394891,0.0216033600863174
4613,0.0227118356668917,0.397903410424875,0.0167426838015549
4614,0.0198872821811459,0.392587074707158,0.0133924018304107
4615,0.0214454414235496,0.403867727871949,0.0134513505768342
4616,0.0147558520613045,0.392036056457921,0.014252708985964
4617,0.0237842984548095,0.37805558349038,0.0181635141701266
4618,0.0185864633683692,0.386128289499446,0.014199816897363
4619,0.0152816701382985,0.275466599930263,0.0151001052788124
4620,0.0185544599856306,0.290091163409481,0.0178485754945617
4621,0.0204830252676339,0.254328537258642,0.0218197296460543
4622,0.0188217363134997,0.215803682492244,0.0231818137806517
4623,0.0261065801092839,0.230735016597185,0.0164906956729905
4624,0.0190784912916026,0.293086810821396,0.019633571491006
4625,0.0238989986741709,0.305407465280746,0.0154455281461403
4626,0.0223168490481145,0.285964573120491,0.0207965161247597
4627,0.0178242174294541,0.221069956583796,0.0227468789500011
4628,0.0113567538105372,0.216745138705754,0.0178750577437676
4629,0.0268151274934951,0.277151381867783,0.0195030691253908
4630,0.0232297365345964,0.278858199977256,0.0206823368238247
4631,0.0236120475241152,0.297076440116753,0.0171827136998253
4632,0.017792357562932,0.270890525659969,0.0173417904474672
4633,0.0229671793110707,0.236184190433262,0.0162052881739092
4634,0.0260134004123645,0.212805369097022,0.0214574225854117
4635,0.0303135159724019,0.284959188525193,0.0213206459538166
4636,0.0272273744412921,0.285861725273815,0.0145180242485788
4637,0.0207855874986513,0.282010700284758,0.0223825237643373
4638,0.0249869798117145,0.286178447659743,0.0200593476140743
4639,0.0216367481700559,0.255648402325318,0.0187898252141563
4640,0.0166425581021451,0.217041107749143,0.0210630846925345
4641,0.0272852278107431,0.225294023945843,0.0216846639997077
4642,0.0181014704229275,0.237931314110298,0.0234399534325258
4643,0.0213226471234357,0.279027267479186,0.0165221487423255
4644,0.0250199014091578,0.223693070158637,0.0270698283599536
4645,0.00947259605140274,0.270871187709929,0.0212444278949631
4646,0.0243276947548365,0.32303243564245,0.0212138289837099
4647,0.0228452710171369,0.303744218208392,0.0203527015246375
4648,0.0176453586335975,0.285075859396075,0.02028064639464
4649,0.014403685254449,0.276134147592694,0.015276446466282
4650,0.0174029549386386,0.31831349957803,0.0185605078396549
4651,0.0206944271237287,0.415273027524563,0.011024481593534
4652,0.0217084390184632,0.380949394514062,0.0146045495573113
4653,0.0146876195593324,0.375732721470561,0.017976052932653
4654,0.018379734885681,0.376370760559309,0.0162403161830462
4655,0.0196673675654193,0.390808254384837,0.0123599372974849
4656,0.0139868138169766,0.396469403149627,0.0123746199009654
4657,0.0193884995557148,0.442409501782235,0.0110676268436133
4658,0.0270289414034449,0.389488435793206,0.0205324068970819
4659,0.0169713794681057,0.390344163495328,0.0163327850828831
4660,0.0216123994621443,0.369070160209185,0.0174075299781336
4661,0.0159924873273637,0.406980861292369,0.0118164751124845
4662,0.0177652837408097,0.379894556461155,0.0135183890717419
4663,0.0188515819154679,0.450654864579919,0.0120931609952446
4664,0.0198247769260001,0.449812249955271,0.0120646678823501
4665,0.0225358988443119,0.435033114871099,0.0132532155308769
4666,0.0159191886562583,0.433952873864873,0.0144909392991985
4667,0.0161294270854386,0.393070600135096,0.0092903778266536
4668,0.017737931337578,0.396527281611854,0.0118060104745887
4669,0.020977125840594,0.383546825772256,0.0130859092660485
4670,0.025233941381432,0.392058310821193,0.0143874316238458
4671,0.0173185880637668,0.388495079612743,0.017622084484759
4672,0.0213982477421375,0.388293141486736,0.0135622417666513
4673,0.0131816030332093,0.446218751662269,0.0115991782206491
4674,0.00568920957320756,0.377755745624584,0.0143781975294794
4675,0.0198092056072899,0.387612922179708,0.0111798487477773
4676,0.0186792367892048,0.417349347566298,0.0113085619155465
4677,0.020356987277328,0.395558381355704,0.0102435848315585
4678,0.0231760951593287,0.396837427466016,0.0179217840333375
4679,0.0113497357934383,0.427315286801567,0.0160664807357603
4680,0.0202170448031944,0.397954897331027,0.0130432362127385
4681,0.0242186067063193,0.393961055191199,0.0149102778348585
4682,0.0191621132800408,0.380945608109891,0.0154447179040079
4683,0.0168553202588517,0.393075815251276,0.012307623127154
4684,0.0178586840470348,0.390663818927267,0.0139644735860244
4685,0.0247991398931796,0.398235777775935,0.0117721264592294
4686,0.0203345818137393,0.392852429694476,0.0131028944392045
4687,0.0132500304935562,0.384216730731971,0.0121910978496714
4688,0.0235547930805315,0.393594357219415,0.0111990085501561
4689,0.0167713124748301,0.385103502663452,0.0107257656099485
4690,0.0198681290107493,0.384080749704173,0.0149195163249057
4691,0.0146670170782272,0.37437129479432,0.0142211682956064
4692,0.0218592410202211,0.402793924929403,0.015719779121375
4693,0.0120794267296349,0.43904384847668,0.012441053900968
4694,0.0247373713263701,0.437879985149523,0.0152246474442977
4695,0.0197801071385578,0.394333407647909,0.0145736293296326
4696,0.0229719586531691,0.405861313905312,0.0128394377096622
4697,0.0231255183664401,0.398879147093968,0.0114348869164801
4698,0.0206368185622607,0.391934523966818,0.0150215275570388
4699,0.0231473405377053,0.389651515357597,0.015006123743301
4700,0.0218639511716232,0.398006413072468,0.0125741818300876
4701,0.0169551388769048,0.391605306957558,0.0148429382706009
4702,0.0150510749596918,0.399164841897828,0.0161572502840789
4703,0.0233430843285709,0.394769514392579,0.0159245928500109
4704,0.0154657875794793,0.369718243925156,0.0135064373623747
4705,0.0225879777158083,0.394972537831057,0.012729868247075
4706,0.0186928343509392,0.387864098629475,0.01882640394395
4707,0.0127265748717908,0.395523474849196,0.0171963922246099
4708,0.0189949112317674,0.405531909095104,0.0145870716044982
4709,0.0164793212837758,0.405326396998014,0.0117453175926939
4710,0.0185940503426844,0.389207352881572,0.0134228205457055
4711,0.0173134798274517,0.345178905093704,0.0154970506593842
4712,0.0170118263161119,0.380957053869645,0.0123972571455333
4713,0.0173144854486414,0.391019510865807,0.0142065421630491
4714,0.0122785072974923,0.433753713229401,0.0133357165962742
4715,0.0245773249467923,0.43061600275338,0.0117297693041246
4716,0.0122302316185073,0.37717208291909,0.0125504805324697
4717,0.023120538422138,0.389933080365796,0.010543675169669
4718,0.0176749812952962,0.375642772229662,0.0127921840497261
4719,0.0248196840451838,0.356286314921031,0.0155101840959277
4720,0.0186717597607362,0.387783491612594,0.01288875230696
4721,0.0170193417162702,0.389408177870824,0.0159347269875047
4722,0.0261838948600036,0.378861254836415,0.0176156213188232
4723,0.0189235659893876,0.39776486787524,0.0134817343654008
4724,0.0285047229863121,0.345224123366868,0.0168697577393382
4725,0.0206050992191968,0.212069155330157,0.0169455764254325
4726,0.0220714287175565,0.281402388610319,0.0172920801213828
4727,0.0172558102771698,0.284531278501764,0.0165146028448574
4728,0.0265323176442419,0.296300744203832,0.0204532776196214
4729,0.0244014756263883,0.218406664283182,0.013959119117777
4730,0.0121039332391597,0.221476003399405,0.0180862913186262
4731,0.0216472654121305,0.27677821896676,0.0175726615673225
4732,0.0254836105521748,0.289617207395596,0.0168909257296736
4733,0.0264068911945392,0.21354679890188,0.0216866681251415
4734,0.0245979721815813,0.220956714310843,0.0158858133659277
4735,0.0213260988791451,0.286106471607912,0.0168048230077839
4736,0.0100227230193859,0.244998026383573,0.0174028217309747
4737,0.0148665355332993,0.253068050914305,0.0252327909981388
4738,0.0198319056421942,0.253060423306144,0.0217189099199576
4739,0.0176883979825499,0.299883864322251,0.0156297969362405
4740,0.0259582782506194,0.29742114929554,0.0155429720747329
4741,0.0195448760029019,0.380374388609687,0.0159748999160903
4742,0.0168807529900594,0.417407059195192,0.0138803227693941
4743,0.0226057587292093,0.37486213489123,0.0175961973292948
4744,0.0160995782747768,0.379890872072801,0.013098422604995
4745,0.0171541480648131,0.378529784629945,0.0136806751530207
4746,0.0199832290964327,0.39620840662188,0.017407533972758
4747,0.0202586108866681,0.381732394892415,0.0125634220414326
4748,0.0166316635710752,0.405897674663518,0.0130712200938768
4749,0.0141899660674222,0.440531139443587,0.0133898027162119
4750,0.0219038628107756,0.354168522924591,0.0166781879330639
4751,0.0197627615625664,0.392658815099335,0.0166275427504459
4752,0.0213325628397327,0.381170971170127,0.0131764171043696
4753,0.026139728981617,0.378935303202419,0.0121975027204422
4754,0.0256139417933455,0.390336037771433,0.013085426390245
4755,0.0240044957226705,0.446745417267133,0.0138036922019645
4756,0.00966105161257481,0.413904991880601,0.0145772181852259
4757,0.0261991724702499,0.390376115227453,0.0137539444223208
4758,0.0212802642304798,0.398468180946468,0.0131070819926109
4759,0.0203471828051807,0.375447869493966,0.0168496699016766
4760,0.0123875906657434,0.396000368592073,0.0127497561586283
4761,0.0219515112519323,0.387962488643225,0.0138455790457446
4762,0.0283110197656629,0.389095144355973,0.0135623250435679
4763,0.021401285703384,0.385183235830177,0.0178181346501408
4764,0.0182409667175179,0.351744867000369,0.0163629284296582
4765,0.0169201850744827,0.39272566530784,0.0122036354532037
4766,0.0286119725637608,0.392796325495146,0.0144964856950402
4767,0.0207147513096731,0.398755842095786,0.0159851514553119
4768,0.0171050018224282,0.39296978797262,0.0127557140849518
4769,0.0242449361412492,0.386660057440746,0.019835501023067
4770,0.0202919824548126,0.287327102541904,0.0260191124651375
4771,0.0199809033260644,0.283721435783,0.019196160054741
4772,0.0191754478594816,0.286777205144985,0.0255876086292359
4773,0.0192932644104225,0.250523336071725,0.0148478778322212
4774,0.0172134599483403,0.303019502790641,0.0157872599398906
4775,0.0254488985981326,0.287157390678161,0.0227368033143978
4776,0.0147340355943543,0.384587563551919,0.0144436660631203
4777,0.0277611748881457,0.391998280205518,0.0119430313211616
4778,0.0208530820600424,0.383130771227487,0.0131766053117385
4779,0.0141694769671,0.389820873603592,0.0177744283566471
4780,0.0221796695756659,0.379783801867421,0.012303187920419
4781,0.0221871008299974,0.399442873524354,0.0144971388547282
4782,0.0114697558322752,0.347550958770679,0.0156106714896929
4783,0.0234092841192134,0.396796808566627,0.0152740896210067
4784,0.0166973826662526,0.389626867908952,0.0168959150576716
4785,0.0192304732603069,0.398281789941769,0.0130193849498482
4786,0.0205141877158077,0.372095926572806,0.0158788711690169
4787,0.0228449162554918,0.357029172587738,0.0148549081005948
4788,0.0214342319612716,0.391323491281018,0.0173554442618324
4789,0.024138640811108,0.447343692908381,0.0119000969551356
4790,0.0204822999957317,0.391684978426128,0.0124262327804357
4791,0.0180914882796338,0.391626011474861,0.0144550473760821
4792,0.0215369131080557,0.392510173103918,0.0176484469966598
4793,0.0223360162099987,0.410360156821059,0.0138409442539055
4794,0.0222908265935366,0.429735505536119,0.0129818972230796
4795,0.0213131129913098,0.378125743089166,0.0149977952108688
4796,0.018523893361133,0.350759743830168,0.0173150980917912
4797,0.0234443867736759,0.387629519117503,0.0144812837890994
4798,0.0156471087329225,0.408140849909965,0.0100723955262447
4799,0.0209156168130007,0.433338748041167,0.0119875056386513
4800,0.0174012669196306,0.447917439481116,0.013909543512741
4801,0.0281622888288508,0.399140876392215,0.0127572112522545
4802,0.0151452713446338,0.38929308203536,0.0117362178109275
4803,0.0159625257605891,0.390771310998224,0.0141156718395501
4804,0.0176586893333641,0.388193248346134,0.0130631860255105
4805,0.0189757697359666,0.397022234899414,0.0103042820281721
4806,0.0141008032257489,0.405129945344443,0.0149159336268537
4807,0.0173500627329774,0.38926997874719,0.0123487391069871
4808,0.0178309353440838,0.398659509169158,0.0140438387722179
4809,0.020199152184541,0.388968145819061,0.0143961252398771
4810,0.0239873419147554,0.443878101319622,0.0114730831097159
4811,0.0125419817449744,0.391414698287529,0.0162459781300501
4812,0.0246054116346274,0.440097749325282,0.0148019448973247
4813,0.022547881493386,0.379044370869501,0.0180419969694247
4814,0.0190781244963109,0.399004543967427,0.0119199985547378
4815,0.0184961870869984,0.388443246547743,0.0118254574537318
4816,0.0110458427285369,0.39425866074662,0.0155361535289075
4817,0.020652231956397,0.392635697409641,0.0140183288990743
4818,0.0173762682857706,0.395878005001568,0.0112126459603222
4819,0.0152494742349405,0.395428581369381,0.0175757106758606
4820,0.0201448233375544,0.396954506769226,0.0142199850190511
4821,0.0154568975299923,0.390718822457495,0.013033790406941
4822,0.0232879630489376,0.382622297700139,0.0117146858028282
4823,0.0177084285962169,0.389637928292477,0.0138647919430697
4824,0.0180084164939166,0.375167474602788,0.0136678120268636
4825,0.0174824272578665,0.408077127366693,0.0129927282645843
4826,0.0232931383277744,0.379255611766237,0.0165714341577047
4827,0.0244871282533759,0.387700025507637,0.0115240843100049
4828,0.0184516931950715,0.372042065207273,0.0140811958383036
4829,0.0204243797263877,0.378351303640934,0.0159332773586645
4830,0.0190986573627341,0.378053439933162,0.012372766531021
4831,0.0151814519374024,0.384838869689943,0.017499985059915
4832,0.0233412418474116,0.390257483908179,0.0142063407776047
4833,0.0185208686548517,0.380549995499246,0.0129831225049545
4834,0.0193077240612038,0.387810210767865,0.0159941522327506
4835,0.0201902811073098,0.374240394361503,0.0147784350301922
4836,0.0150345035868823,0.414312309231456,0.0115612940913268
4837,0.022006893170385,0.392095210134064,0.0151347977913534
4838,0.024341562013369,0.381093148426001,0.0147944876605029
4839,0.0193459160674958,0.394217079162015,0.0162717826190211
4840,0.0175653335080509,0.436036448412915,0.0116390165690017
4841,0.0245217585303446,0.428063844789893,0.0118897784337897
4842,0.0172653273413806,0.391916297630744,0.0155831448089358
4843,0.0148753682285552,0.398821380531295,0.0104402476338953
4844,0.0170648122402272,0.390399664209889,0.0121748223446167
4845,0.0177027369856476,0.392335496600536,0.0135525725983552
4846,0.010013316046316,0.391463343785971,0.0143287881328203
4847,0.0163243217019292,0.408147391360016,0.0142331620198087
4848,0.0255210482205163,0.399127107698921,0.0116004902615345
4849,0.0201596101552363,0.388268908435272,0.0126189627652259
4850,0.0164174784515214,0.39010238816864,0.0114167448410015
4851,0.0166770948066583,0.385002129587009,0.0110701767028953
4852,0.0223202369236994,0.386018116449593,0.0137624025417293
4853,0.0215680595033374,0.396176215251702,0.0147400095675645
4854,0.0178349022844004,0.402061365101195,0.0141777426944876
4855,0.0199741173626775,0.393267143627643,0.0137183975407352
4856,0.0154018421410557,0.437409170725491,0.0121157151231245
4857,0.0160029360231381,0.38355870696118,0.0153392029871952
4858,0.0172896026476837,0.380897320858252,0.0159973126272054
4859,0.0193745828948539,0.472406432814588,0.0115630878350191
4860,0.0204033799177634,0.44696105407387,0.0116397122744788
4861,0.0181318624448097,0.383224911324238,0.012635771392911
4862,0.0223602033669607,0.422023304284192,0.013968359557898
4863,0.0180271033247801,0.444219145883678,0.0116149243262412
4864,0.0154691598643196,0.43638221047198,0.0152065094137747
4865,0.0191255256245702,0.385127844026591,0.014919703996532
4866,0.0167192087599906,0.375635593066882,0.0140273081929758
4867,0.0279280126667265,0.378887623579663,0.0146451952633577
4868,0.0160148957784378,0.393334589921852,0.0179146162199248
4869,0.0207322805333732,0.391290593320463,0.0145914410565527
4870,0.0251848142632322,0.394374608956476,0.0164686475685438
4871,0.0193481144274498,0.40954263750338,0.0127990104815488
4872,0.0209450123355527,0.38750206882055,0.0129709367644853
4873,0.018405656903825,0.400368906307297,0.0183291818001094
4874,0.0179288686053706,0.430802189343146,0.0135291878329503
4875,0.0232400370623996,0.389111024809639,0.0177497097174927
4876,0.0170508693880857,0.37718655825429,0.0140394962848165
4877,0.0182324658203034,0.394227368918673,0.0099556568056619
4878,0.0168309341185979,0.39797937146019,0.0137965383059119
4879,0.0188702580120837,0.39010269911069,0.0108957476966001
4880,0.0149143293744573,0.388388352474991,0.0109566875841635
4881,0.0172213565442365,0.330013393674283,0.0199528522445686
4882,0.0144124626019895,0.27593514126773,0.0241211012038476
4883,0.0170557460674284,0.246651078043231,0.0243060692435284
4884,0.0232642173307884,0.276766301160775,0.0231677310280842
4885,0.0232722097492713,0.260290454817213,0.0147556436204238
4886,0.0194268963402421,0.294316897402329,0.0122492464263591
4887,0.0100606631492461,0.314636185457599,0.0183308237264112
4888,0.0224321395856157,0.297318631737367,0.0206825053021178
4889,0.0106493766599533,0.303322761250633,0.0178831758001869
4890,0.0205710179373851,0.321714303389727,0.0186989073009213
4891,0.0155994289739066,0.314886750521299,0.0169738548961474
4892,0.0147253624989532,0.374987345538547,0.0174827345639003
4893,0.0145266291929283,0.383105396714285,0.0180684761339625
4894,0.010474601933259,0.387491483070136,0.0126896953735098
4895,0.0140368067439873,0.381522890581782,0.0132008677183681
4896,0.0167162657297733,0.38904245246243,0.013982622980481
4897,0.0175113855960753,0.383701193505084,0.0127143355455416
4898,0.0221584422558196,0.39896812565169,0.0151716654696431
4899,0.0182313397690784,0.391083077004327,0.0133482471439283
4900,0.0142705195701787,0.373848884689259,0.0177389384540114
4901,0.0130088326325559,0.393027342614984,0.0152652008463935
4902,0.0228007703197504,0.3904010141523,0.0149590112483227
4903,0.0153306623941454,0.391300656054074,0.0151317282274143
4904,0.0160660111350068,0.39391587812388,0.0184643698144079
4905,0.0150183037237547,0.391362378708504,0.0158127634399268
4906,0.0145639781530304,0.39317205693196,0.0116008751319395
4907,0.0178952598402315,0.393709339684509,0.014901559263812
4908,0.0188645064865103,0.396885472657816,0.0113186333346791
4909,0.0205447149876476,0.39194525955492,0.0116335607236157
4910,0.0121611884910367,0.437223503597959,0.0139483199920891
4911,0.0201809956890175,0.375915894296068,0.010201122821572
4912,0.0178723625979396,0.387628066933641,0.0133758202081003
4913,0.0233592406570183,0.384232569114424,0.0148005192731272
4914,0.0167898674159754,0.363036251441872,0.0173692264573256
4915,0.0165370481467265,0.399524641691369,0.0167343546797494
4916,0.0160509715808783,0.391728834677808,0.0176831486678937
4917,0.0130418653433004,0.368178919381606,0.0134905264575328
4918,0.0254376633678004,0.3879995846627,0.0135354933351677
4919,0.0133152616623849,0.439693164588111,0.0149266801442045
4920,0.0163645304624391,0.384060389638989,0.0141167694084958
4921,0.01806950027715,0.376311052749543,0.0148979259174624
4922,0.0190258757446233,0.427019962956101,0.0140983991020002
4923,0.0214310968668579,0.372563247542731,0.0144412777745407
4924,0.0196287562733992,0.395932221968502,0.012046287531124
4925,0.0149374280218601,0.390955743714135,0.0110706934590742
4926,0.020350400330335,0.395074577373219,0.0115604608787182
4927,0.0177492818284987,0.383126427768726,0.0114904634913325
4928,0.0202369262609012,0.37556889944202,0.013046003377372
4929,0.0195160135554514,0.388662739683601,0.0125994550876217
4930,0.0216880882507005,0.384909274884638,0.0141441518470857
4931,0.0215804066461495,0.402115988360304,0.0138541344419534
4932,0.024190694590729,0.390878836309894,0.0119246150363198
4933,0.0219462040939865,0.397334979086372,0.012272015890055
4934,0.0207514430465979,0.397334979086372,0.0126889864784145
4935,0.0218312504171035,0.363587801550208,0.019856813534965
4936,0.0194997604437862,0.39404347703688,0.0182663819978498
4937,0.017099584240531,0.394333362321498,0.0105945988208007
4938,0.0224716321997415,0.389080589870669,0.0159806036935853
4939,0.0277422408971251,0.341991193181414,0.017443038365191
4940,0.0127303360146319,0.288848818190965,0.0181587011993886
4941,0.0239409504016353,0.278180639477,0.0167330020954388
4942,0.024234129308086,0.294564218584845,0.0223393418295302
4943,0.0290809366413126,0.238200604051626,0.0190477546217211
4944,0.014074341836961,0.223639536808528,0.0248656815850068
4945,0.0236218503712446,0.217939166969868,0.0207782826668316
4946,0.0133073016818756,0.285688604337324,0.0157872066197607
4947,0.0258829631650839,0.274560229174982,0.0219082195473948
4948,0.0257758868729899,0.270794828616392,0.0202102392996297
4949,0.0122661353047955,0.303565552218454,0.0183537964529212
4950,0.0170224439374478,0.218195308099667,0.0199852943394388
4951,0.0219005031500955,0.221078934420905,0.0175983720117359
4952,0.0153614415202377,0.27880702481191,0.0187117634178259
4953,0.0141141933429117,0.281983931907364,0.0235859592423099
4954,0.0233971214926985,0.293629071486237,0.0193419736277053
4955,0.0147310061448219,0.280142889011986,0.0241909497247378
4956,0.0158819408048475,0.382439058126774,0.0147517852089598
4957,0.0154027104915475,0.396368078077627,0.0162440637171846
4958,0.0160541427062717,0.393278025628546,0.0167985440886019
4959,0.0206458334234705,0.356328945164512,0.0133444714558253
4960,0.0219139654542955,0.254858883514011,0.0202838254103895
4961,0.0219255999232574,0.275133264859584,0.0175779778592669
4962,0.0256404203018171,0.224116533332491,0.019147455313218
4963,0.0205171431660807,0.216766011529567,0.0250762622835355
4964,0.023038301282458,0.234769821360201,0.0195811333226758
4965,0.0191323122915538,0.287205090061686,0.0146381479818634
4966,0.0206063684721686,0.299724020984976,0.0220327015293432
4967,0.0238357509459692,0.209819452139755,0.0227220419506967
4968,0.0196315752419296,0.2863826812068,0.0188231033907614
4969,0.0131740427089348,0.272878071552159,0.0204387689894506
4970,0.0154719395389616,0.272773455590005,0.0211400761425595
4971,0.0173242688098439,0.261284584531426,0.0162355475741613
4972,0.0204534153097655,0.244791533780241,0.0207749633751178
4973,0.0131746476911512,0.323000815631048,0.0164569782371004
4974,0.0231436028932378,0.280350955216548,0.0171280670690665
4975,0.0107344115156506,0.305508603483716,0.0219025655674621
4976,0.0135809030392636,0.2919203385111,0.0212928608682896
4977,0.0257018187557195,0.286154859923603,0.0140457118345454
4978,0.0253626566788979,0.2791092222374,0.0197904055991078
4979,0.0183573829551792,0.284970020839112,0.0194690061543135
4980,0.0204557067643448,0.221970500222078,0.0177088959696054
4981,0.0191358620587648,0.283960504467183,0.0147999435795791
4982,0.0197219615021828,0.301437450670401,0.020072146259059
4983,0.0222989564433324,0.250630009729088,0.0200022292056623
4984,0.0225593866475607,0.291107751183073,0.0150956849889938
4985,0.0192092463594057,0.211643495829929,0.0185464160402306
4986,0.0222695814552076,0.216070383369003,0.0211884158110637
4987,0.0165963746186204,0.223644178073756,0.0210294019991126
4988,0.0191400216879973,0.222197286673614,0.0154662956423059
4989,0.0200752390341489,0.227055012152681,0.016919143651714
4990,0.013189106962745,0.235561488859191,0.019315621029929
4991,0.026332402108548,0.304737699594608,0.0191361275161029
4992,0.0212748273293277,0.311373232142074,0.0206939263434275
4993,0.0175445147194096,0.292762689363209,0.0175104305373667
4994,0.0226526696228808,0.295820318623846,0.0214140790704797
4995,0.0185281725085416,0.302312570543181,0.0174525712812033
4996,0.0214502796334223,0.304975490116503,0.0151542887046714
4997,0.0153718243259264,0.282193963773261,0.0195267805143406
4998,0.0135219515645261,0.266582985057545,0.0208772928667581
4999,0.0244064820442538,0.281345790730021,0.023042274863277
5000,0.0172671553845207,0.278028475778668,0.0161928380297902
5001,0.0175428392749757,0.280587996887605,0.0170499753709322
5002,0.0192228354772225,0.301299594516415,0.0156280545968528
5003,0.0277521539471325,0.280923285440061,0.0203351121197659
5004,0.0176379138113984,0.290127353337347,0.0160272044400164
5005,0.0207935449515821,0.298481654714916,0.0162339314674035
5006,0.0215919051062591,0.2890690710506,0.0142082357825184
5007,0.022434246754151,0.237612386481342,0.0181060987162012
5008,0.0110588453657433,0.246094093415449,0.016826888850553
5009,0.0225365002214495,0.299484964087426,0.0173532005352913
5010,0.0204251478049772,0.25430348102041,0.0221845846556198
5011,0.025436581404477,0.286860993885023,0.0158041462912139
5012,0.0214743559056001,0.297171407620305,0.0197835229945407
5013,0.0200576679983685,0.283205835546928,0.0213857312702704
5014,0.0238022971879186,0.217571185260263,0.024418117181942
5015,0.0185128874834588,0.299962149467804,0.0222379526288149
5016,0.0213077940120963,0.284392016918564,0.0147062839080216
5017,0.0204965987729032,0.286496958658796,0.0147099140603825
5018,0.0221210196454229,0.293604805058741,0.0179261971037528
5019,0.0228534389895578,0.28602959886428,0.0155784043465577
5020,0.0187409852374428,0.273710718211801,0.0179548678543522
5021,0.0254066634107092,0.226157685730843,0.0204117905433419
5022,0.0190339493852833,0.216914357714307,0.0220047471677576
5023,0.0154510457968825,0.232697095675116,0.0160987163601967
5024,0.0219998947599853,0.290632203184484,0.0160409365487615
5025,0.0170008150140287,0.315978374117653,0.0179136505098765
5026,0.0201114607682727,0.38145153183708,0.0174615880913965
5027,0.0263283000456586,0.41153875675646,0.0151236418115899
5028,0.023401055141001,0.392838550286324,0.0148851928269509
5029,0.0171357043936204,0.397182404798945,0.0146457436329002
5030,0.015369774252028,0.396230960853583,0.0163926920111725
5031,0.0253855642047088,0.380456289677634,0.0161334843502588
5032,0.013797812165953,0.413850046488945,0.0113922926698973
5033,0.0232427399299757,0.429944459156962,0.0140159371353681
5034,0.0202425386339292,0.412222613682519,0.0168036663180446
5035,0.0203577052836302,0.431304438499074,0.0116026977052915
5036,0.0197528326980796,0.413850317037392,0.0105912391324736
5037,0.018546191915794,0.398860964840297,0.0179846742441416
5038,0.0179936242118057,0.398017042667393,0.0152787301396474
5039,0.0224741163308373,0.372780409578686,0.0166487398820464
5040,0.0204544829385822,0.376117270544695,0.0102587710418115
5041,0.0223034900724379,0.373950488551678,0.0122928851637899
5042,0.0238959102985347,0.387723473804417,0.0116284519420435
5043,0.0188413301914176,0.376683558061361,0.0132290124600447
5044,0.0192769307892422,0.380410947345664,0.0147151759306388
5045,0.0224897856204887,0.383375885975482,0.0167901926027246
5046,0.0246232504001938,0.37716151127151,0.016928770153127
5047,0.0177272791166477,0.399375057187422,0.0142090721184085
5048,0.0211320103216187,0.388480654113483,0.0158654717465285
5049,0.0207853015277693,0.389860665724085,0.0135916009570547
5050,0.0213640588840937,0.397204236419961,0.0126587231491868
5051,0.0208051842116261,0.395615558877351,0.0138634982701267
5052,0.020362294437791,0.298649336720245,0.0164160952995277
5053,0.0178716231024456,0.294236443365153,0.0156696514713848
5054,0.024596599176517,0.238470654431125,0.0205762761015139
5055,0.0243132874894925,0.22753597096396,0.0224773198848472
5056,0.0134655421610681,0.22922723257754,0.0188849347584511
5057,0.0221522589028774,0.295041536695013,0.0183249252760475
5058,0.022602582360198,0.313588670359064,0.0161294507827212
5059,0.0192869894772103,0.353924485105732,0.0134641411008197
5060,0.0107895353750746,0.350117374962508,0.0171279033095497
5061,0.0194389901597843,0.341615513553088,0.0195317667859896
5062,0.0213146890630951,0.341678721798316,0.0202257936570014
5063,0.0154117114552487,0.385820938190245,0.0142325960657152
5064,0.016379544078791,0.389307672152689,0.0143196634420288
5065,0.0206640294656931,0.3587031261952,0.0146322242073743
5066,0.0192098079626026,0.375272937311909,0.0123209985891205
5067,0.0187705407557146,0.392413493890679,0.0163042005422378
5068,0.0199551352838153,0.380690354504763,0.0127161281262831
5069,0.0162902019707407,0.431063085614407,0.0154814309283603
5070,0.0172540780866718,0.373755756324878,0.0157259084923342
5071,0.0159918112122967,0.395788735919173,0.0156642293500878
5072,0.0252708226774186,0.393785500272256,0.011903775159489
5073,0.0287742926357343,0.390216074251554,0.014069354887575
5074,0.0138159211905078,0.381206742304376,0.0161682540243406
5075,0.0228932303426214,0.375824073892871,0.0147931712623253
5076,0.0165838928565634,0.440264254777581,0.0138442232953616
5077,0.0205114420769528,0.448240635847564,0.015908185692036
5078,0.0162457831848335,0.396098579310671,0.0139226066401874
5079,0.0177022044876325,0.43159317280776,0.0126225469432472
5080,0.020713067137265,0.438695749977523,0.0146893347441417
5081,0.0165104881739526,0.388036532002528,0.0158531089664605
5082,0.0162118377488581,0.398909403300833,0.0137213386460715
5083,0.0172313776316573,0.387627879222535,0.00995255324722601
5084,0.0203629465902044,0.388285009543628,0.0105633235589818
5085,0.0196955799718626,0.395058098855383,0.0138111042508702
5086,0.0191517281239555,0.364186481163087,0.0140879160112176
5087,0.0221063406040654,0.368243477898739,0.0137184170969413
5088,0.0228070326063811,0.387431203652609,0.0124070045311741
5089,0.0168888612454767,0.398926767997059,0.0126237386825787
5090,0.0140704244592856,0.394245100996946,0.0122966929231576
5091,0.0202866115213671,0.382637582421471,0.0122073909637233
5092,0.0165348873761869,0.38999045612646,0.0155318595954332
5093,0.0239968652827947,0.386274294293942,0.0157670593711153
5094,0.0138017563946817,0.397040998877063,0.0123692162515448
5095,0.0179807778947447,0.389437459761048,0.0148220002291426
5096,0.0203838913069446,0.438980996329117,0.012893384888636
5097,0.0229924057239133,0.386122716702921,0.0123050581501507
5098,0.0207923788891482,0.391297002807844,0.0134679170617279
5099,0.0205385635645845,0.395107205185802,0.0168990944880402
5100,0.0164585679554181,0.37770721456228,0.013097623108255
5101,0.0140568614333618,0.344329448580864,0.0144799348697227
5102,0.0160537112061461,0.382738683728094,0.0137640174048216
5103,0.0221576867108499,0.390852830778519,0.0146813039122483
5104,0.0176777991001822,0.410183331148806,0.0114905065613799
5105,0.0200992099486752,0.390341180388886,0.0124066926694348
5106,0.0177472747254418,0.378726498445222,0.0102625667012084
5107,0.0211763636375179,0.392716954028486,0.0144733450486657
5108,0.0192345989467579,0.432172411308383,0.017394234491933
5109,0.0153035754643292,0.427871756783607,0.0134599442200482
5110,0.0157745254031392,0.37926771801023,0.01147632086026
5111,0.0191637774621115,0.439907437673854,0.00930520522257091
5112,0.0248057610548431,0.438633766599047,0.0131930149082956
5113,0.0123362186099913,0.383813228407675,0.0130843990769795
5114,0.0201929404345923,0.388667343806579,0.0168548343570691
5115,0.00761122692619274,0.395254923720765,0.0142125385900254
5116,0.0188102247419299,0.389449733190141,0.0169892043079407
5117,0.0181861870938977,0.388729091954417,0.0138768070230826
5118,0.0166961109383501,0.382815716165652,0.0128132319737922
5119,0.0229915691109549,0.382689800211405,0.0149178309984925
5120,0.0202932726342464,0.412846168811826,0.0126897502252982
5121,0.0166612754158735,0.455894428576288,0.0118848871497817
5122,0.0159548928740988,0.39369226876184,0.0143856440724794
5123,0.0219868025559838,0.387795534835669,0.0126915992461244
5124,0.0204674475868082,0.38300325127125,0.0139679649698681
5125,0.0214693644596207,0.387428360103472,0.0147821919551136
5126,0.0133545911543484,0.397831377689495,0.0132317348584685
5127,0.0113871166386839,0.350483452500789,0.0125561027239263
5128,0.0207786397552157,0.298139953863488,0.0170030318997167
5129,0.0256338484936425,0.273758794389823,0.0169865168543326
5130,0.0191284805271036,0.318939013920789,0.0182815567334222
5131,0.0234540152364892,0.246940405248719,0.0208327161548405
5132,0.0154139047748922,0.235158290162749,0.02671900707749
5133,0.0193151244133534,0.276524431507256,0.020877255534591
5134,0.0188923293079762,0.292418068160528,0.0130100884860114
5135,0.0218772478340693,0.297407131510735,0.0152489004362081
5136,0.0184672656725209,0.282639831095128,0.0165873897065084
5137,0.02489636006418,0.25163710615559,0.0201725476397873
5138,0.0167298590732645,0.229382443032557,0.0201981244909329
5139,0.0184852504920185,0.297568643626929,0.0179437098776917
5140,0.018874663047476,0.283407247649692,0.0138238561421388
5141,0.0196523074167644,0.347741283564451,0.0139514450555329
5142,0.0162919297940497,0.436351198348796,0.0147921710808452
5143,0.0270171240417139,0.394567197990768,0.0159914063109647
5144,0.0238751680875366,0.404664693877945,0.00893861865458917
5145,0.0151154017646815,0.357227943918242,0.0153900227222901
5146,0.0216662264643865,0.395986664991294,0.0147582303633375
5147,0.0130525622210883,0.436228084301383,0.0106603707937658
5148,0.0172454014095889,0.443959698759823,0.014551603894185
5149,0.0178310853472292,0.429395258799735,0.00933519838089471
5150,0.0136745702390742,0.440855541471653,0.0144905578418822
5151,0.0118386912559593,0.416533214108315,0.0159801462452503
5152,0.0158174106208063,0.39469594979077,0.00991699991945883
5153,0.0200835466864152,0.397240792152875,0.0107724681560987
5154,0.0311268363835469,0.371064709940027,0.0190146031418664
5155,0.0240371253785195,0.383649059586063,0.0151765521355164
5156,0.0178578944327886,0.385568048772902,0.0140643927485562
5157,0.0287298186227125,0.394776099741803,0.019598443391771
5158,0.0221941005658632,0.399602991189087,0.0130735848490528
5159,0.0195562092547255,0.426848297235675,0.010079182866666
5160,0.0234036937920976,0.397657501715018,0.0133296467497189
5161,0.0151132304787168,0.394605285288237,0.0151491930364737
5162,0.0138166900975645,0.399564649898991,0.0133221285704728
5163,0.0287668466222233,0.39320384333127,0.0137957309722993
5164,0.0233547000714921,0.38789522860582,0.0112357194485032
5165,0.0120560913118974,0.384839260964702,0.011035315027782
5166,0.023987902393141,0.388619899847534,0.012940847548511
5167,0.0215300001150228,0.37945959927177,0.0147013392420824
5168,0.0251674465112263,0.393183888403478,0.0120965233901413
5169,0.0229552871091564,0.369115361378567,0.0159646672668264
5170,0.0236389538659991,0.357133085931402,0.0173230640717413
5171,0.0172242790721373,0.399379913911372,0.014270176961477
5172,0.0163168768002334,0.426853579383228,0.0138705472965746
5173,0.0199556346515859,0.378123686458182,0.014285875074154
5174,0.0207969392495542,0.390540738146208,0.0155837079684697
5175,0.0167368977046679,0.373140123218485,0.0146161079735152
5176,0.0209216768176758,0.385231633874511,0.011747908461871
5177,0.0198532918643289,0.374806783851363,0.016731060277306
5178,0.0193808192902547,0.373568514222195,0.0128142560715911
5179,0.0157771814447498,0.372213853589646,0.016574521333059
5180,0.0197095643988991,0.394456290370211,0.0182844712970107
5181,0.0130142894639857,0.377187615818303,0.0166797747989841
5182,0.0184308489574526,0.430824856746956,0.0106146348591924
5183,0.0147480111168625,0.398202274263896,0.014600765009967
5184,0.0200545061703831,0.374534749309174,0.0117540666105167
5185,0.0126477852231355,0.398411899862891,0.0131889568105955
5186,0.0193586793112741,0.385978351348452,0.0129146328549792
5187,0.0183213966222372,0.387405788288751,0.0180212737387452
5188,0.0235348755038881,0.396571164655826,0.0158288516004444
5189,0.0185433765403819,0.394352041453696,0.014453772142474
5190,0.0219987493174054,0.393687292157169,0.0153061453875906
5191,0.0144144136274947,0.435521068883599,0.0123896386799752
5192,0.0215510583575782,0.396639159218156,0.0113102304855806
5193,0.0185083498096541,0.390173332139888,0.0129686893709768
5194,0.021231446275445,0.398528754886357,0.0157870634553501
5195,0.0194134272576827,0.39619788379533,0.0122184641231156
5196,0.0259224386733253,0.407520913409485,0.0144020979970531
5197,0.023683726585458,0.439135753620732,0.0123906231933456
5198,0.0170685399523545,0.395780345179958,0.0194206776344087
5199,0.0199257498453868,0.382611331516177,0.0152903397761455
5200,0.0207534052500966,0.401074273478382,0.0175173105218871
5201,0.019597061853253,0.375222936638206,0.0146008135776183
5202,0.014937127931684,0.393072033652469,0.0127036393054728
5203,0.021428112098498,0.377674889009676,0.0147138226124602
5204,0.0240064882760185,0.373385201421524,0.0124456984701826
5205,0.0177778924410648,0.384983918139916,0.0159460263289665
5206,0.0180374676991103,0.379018126481437,0.0157650077136158
5207,0.023949772242923,0.428308672097862,0.0125946828333538
5208,0.0163846200973442,0.4339241410053,0.0134778124647312
5209,0.0204305932175185,0.450841509810861,0.0128829547202031
5210,0.0191119865961894,0.41521956190424,0.0136155488830842
5211,0.0218690864212347,0.399563398129674,0.0142766814548561
5212,0.013464810532771,0.356996188181217,0.0168304875569236
5213,0.0231069339990969,0.381907450965283,0.0119044896195266
5214,0.0091773484984984,0.396191964593349,0.0145298651734481
5215,0.0209899573381181,0.385624441997465,0.0108852491838865
5216,0.00964131745190728,0.389565877647382,0.0156884345313116
5217,0.0152352641216064,0.384236035383378,0.0161623095973842
5218,0.0206055595586772,0.399682387803023,0.0168863006690567
5219,0.0135468168575894,0.395604363867805,0.0110780370385497
5220,0.0148331118091341,0.395291212306783,0.0155445851592949
5221,0.0199617447179449,0.310804722448352,0.0173322323791272
5222,0.020287698901344,0.287063956941668,0.0161522253607812
5223,0.0238887621768711,0.285278754297989,0.0217954295710447
5224,0.0135334609378085,0.280018358030583,0.0141925743231505
5225,0.0129069377207003,0.225044077239022,0.0189226965766544
5226,0.0255341706535057,0.215371528974742,0.0190619422528244
5227,0.0182570474175578,0.276636988016887,0.0199053238064053
5228,0.0196753154244996,0.351288399041799,0.015096480970025
5229,0.0189918710414813,0.389859975462028,0.0188487851286697
5230,0.0223649292668033,0.398273205045671,0.0144479264719373
5231,0.0246783929138618,0.385341719312392,0.0175958078943469
5232,0.0190458125226281,0.360862066239514,0.0189837724988107
5233,0.0192768258215259,0.392314040912676,0.0134740779176116
5234,0.00568489271173283,0.390777681235129,0.014401462131894
5235,0.021877220708849,0.379092793485642,0.0143202568983406
5236,0.0145323264496626,0.389862682584058,0.0172696970380128
5237,0.0201508703808755,0.389560534157516,0.0146666374374603
5238,0.0205935754788969,0.393422258953724,0.0118430842958095
5239,0.0213394644469451,0.435987237915978,0.0157012329902322
5240,0.0189538106907303,0.405906863395488,0.013292923297301
5241,0.0190526810225658,0.376887831657457,0.0154024605831862
5242,0.0144769733888651,0.387739201439084,0.0159606331322511
5243,0.0212853691066268,0.378984321594961,0.0144856297562618
5244,0.0136900395363662,0.440338006420805,0.0109909673415775
5245,0.0216094938261722,0.417905093101736,0.01241485062194
5246,0.0216166771364809,0.440331320403178,0.0121389877046155
5247,0.0220948635408332,0.447635781353203,0.0110616744364476
5248,0.0206433446571655,0.43656643484964,0.0148250382913591
5249,0.0184125978889963,0.392118564093534,0.0181022908342898
5250,0.0170756301504002,0.383387126358793,0.0160629021709476
5251,0.022019328964068,0.380138626581687,0.0141041213034278
5252,0.0204119104592824,0.387827609094151,0.0136602740392994
5253,0.0231866416642237,0.450735128566827,0.0103670785954049
5254,0.0250792423011183,0.395485320929359,0.0135881692282617
5255,0.0161820821019569,0.439974267050804,0.0106206263680883
5256,0.0203895256884217,0.424953644034877,0.0106184005226153
5257,0.017514212064522,0.380077419668213,0.0161198814312499
5258,0.0197290037466874,0.382711357529831,0.0172071582659247
5259,0.0253043591918845,0.378370943336238,0.0153211244649552
5260,0.0229247968731668,0.400644658855659,0.0175536887228803
5261,0.010731768598041,0.385517369298312,0.0159880423565823
5262,0.0223556429087894,0.406550487769962,0.0100612261756324
5263,0.0207539054752854,0.39701449005714,0.0107887889500271
5264,0.0142637059524406,0.398002654378277,0.012407177631784
5265,0.00817047509690305,0.38815519566493,0.0124004096217984
5266,0.0150469646128088,0.39335702405934,0.0138818096907858
5267,0.0167134598358058,0.392430466547781,0.0129313189070095
5268,0.0265659687334782,0.384137263119354,0.0160965352189157
5269,0.0146172424983864,0.379574632817372,0.0125557826751539
5270,0.0166096649348878,0.376969983276213,0.0120179407409223
5271,0.0179399214805616,0.392475411368442,0.0205333519954209
5272,0.0228310330481117,0.378616248922905,0.0124731966510397
5273,0.0172973035667461,0.397560296353186,0.0153142083340043
5274,0.0178443797288834,0.444946268918518,0.0120320062924267
5275,0.019118279518647,0.398471064514472,0.0122880596710771
5276,0.0117022225522666,0.373035874243302,0.0132006921838803
5277,0.022069083617265,0.396215509232322,0.0110594302424514
5278,0.0182115267463317,0.394468972558951,0.0141643995441788
5279,0.0156120612789632,0.371012410228544,0.0174364145157085
5280,0.0162721459477147,0.38493672499308,0.0112753321260863
5281,0.0183752095027446,0.396515464312922,0.0133166259354289
5282,0.0247357502332716,0.39631688652397,0.0138797573121117
5283,0.0186085315308697,0.300826534298022,0.0207881160121071
5284,0.0212416211397056,0.280680158627232,0.0183238605270905
5285,0.0193495592956608,0.223869238039997,0.0195638186313821
5286,0.0203466303940423,0.281670039045545,0.0162467746362321
5287,0.0277452956427295,0.260557752104875,0.0223156639150662
5288,0.0138022474624394,0.288225787673752,0.0193071921612463
5289,0.0135347242020538,0.380315337769481,0.0124724473250459
5290,0.0162115295738053,0.376799156049385,0.0131456790090002
5291,0.0138982414699086,0.350618365971131,0.0147515891085357
5292,0.0247244361128679,0.38302122951652,0.0152181099380579
5293,0.0154596460195847,0.391319669897781,0.0159095557437492
5294,0.0220487775120722,0.402445072880437,0.0116477478170761
5295,0.0214705711009545,0.380031381430109,0.0129238604796376
5296,0.0150935029306498,0.342119907332642,0.0136144597554361
5297,0.0203222174259232,0.297780777872081,0.019129049923645
5298,0.0260663203769923,0.283045016281725,0.016099686600663
5299,0.0244696162329054,0.221529194591778,0.0136769128199195
5300,0.0198860349949557,0.278188218624064,0.0188794354764356
5301,0.0155179836753316,0.275863652147535,0.0175992904855746
5302,0.0222366353229083,0.304549292419078,0.0166350379066597
5303,0.0171538392590301,0.38738413558864,0.0123200259434487
5304,0.0196067623849753,0.432420000770396,0.0110454486958646
5305,0.0255503772526485,0.436679168494058,0.0157684394851245
5306,0.0159264491020254,0.389136324054319,0.0104592711217916
5307,0.0233336188042354,0.446742762795113,0.0116178429725778
5308,0.0220179788141736,0.394774652114864,0.0155510269833485
5309,0.0185584506464338,0.376916784626709,0.0154749744994222
5310,0.0234347827006696,0.393271263193857,0.0171032651746811
5311,0.0256050956770165,0.343961661084174,0.0159199786907672
5312,0.018038319863349,0.380085907587093,0.0137024090922996
5313,0.0205949124725075,0.376329804323423,0.0152197550442269
5314,0.0224047144699867,0.380313094423822,0.0146599599912655
5315,0.0218445314199347,0.448372793059706,0.0129848473559104
5316,0.0174560772266836,0.392648303985187,0.0145274315454684
5317,0.0151428251281698,0.39256425236571,0.0110083555662058
5318,0.0181467870020983,0.442090188085347,0.0115622671356734
5319,0.0195611671023536,0.441924641274935,0.0130658540238566
5320,0.0227742011552802,0.39048602482297,0.0143196322288505
5321,0.0171640441966289,0.41391434861477,0.0159979938473129
5322,0.021006881341295,0.388424575811347,0.0124835108638864
5323,0.0204857168929474,0.38704450531762,0.0136291682826878
5324,0.0209853702488188,0.377447394452576,0.0129250824722484
5325,0.0236409130008034,0.387914357689475,0.012463107327155
5326,0.0230438961186843,0.405442110179961,0.01191166305285
5327,0.0154229468073512,0.380800563046579,0.016893459301444
5328,0.0145257881813761,0.447219939508459,0.0166891764035549
5329,0.0138785357821604,0.443198777977476,0.0140813936028637
5330,0.0157283961559476,0.444283846298625,0.0103890192477782
5331,0.0182922636610304,0.38994404777345,0.0124760255341415
5332,0.019236129117232,0.399478112420315,0.0223127353387684
5333,0.0166075283701381,0.434767866786299,0.00973361000889154
5334,0.0186278925986678,0.439880936044951,0.019389784335294
5335,0.0126862083000717,0.443165327980788,0.0146481537225936
5336,0.0176689690730026,0.447084727402274,0.0133542189341823
5337,0.0200774550583717,0.380805148747737,0.0126367235710169
5338,0.0221091865376083,0.380392784819097,0.0122734864617458
5339,0.0185383239885777,0.384275234872026,0.0188290899529286
5340,0.0238351373884361,0.377537423082397,0.0155201702806257
5341,0.0201242344299997,0.394434519785447,0.0158604430403255
5342,0.0138730237773633,0.398522650259129,0.016068507291634
5343,0.0209696095467448,0.396662304104114,0.0174718496004609
5344,0.018423560317218,0.391977090289621,0.0160890125211102
5345,0.0229547126533356,0.380070020159432,0.0166006353856471
5346,0.0243997097978764,0.382991037439412,0.0162682053124709
5347,0.0158210884915519,0.31688881009097,0.0210251586132931
5348,0.0228443142470508,0.375086247693919,0.0204897980696113
5349,0.0200636204700358,0.42840571340561,0.0126698581912684
5350,0.0111998659826855,0.414490388921257,0.0182328528555895
5351,0.020138514154902,0.429854075870575,0.0171109560225569
5352,0.0162859790347183,0.440099156194427,0.014641300212057
5353,0.0164636146172227,0.395746498585898,0.011235473807284
5354,0.0203394279184955,0.391352189815136,0.0137541893974549
5355,0.0236196031914043,0.38762788694955,0.0120360099088579
5356,0.0173028150113913,0.39341976491987,0.0126406718342181
5357,0.0142978912979969,0.37508383212187,0.015000520543777
5358,0.0203274964481938,0.39330412372975,0.0159987704927435
5359,0.0205341320073001,0.383223349306544,0.0155866846397713
5360,0.0235865524661041,0.379146088969861,0.0207058487704147
5361,0.0179455983909202,0.393625574391775,0.0106946395938315
5362,0.0190805874647257,0.392949724698721,0.0160527048704608
5363,0.018765108351243,0.358275330664963,0.0132174115161199
5364,0.0244818999876506,0.374802768812822,0.0157377556595652
5365,0.0169669888737208,0.373907993626876,0.0159003028041069
5366,0.0200303789513928,0.399151091669068,0.0143974497499588
5367,0.0235485136480536,0.396944768647363,0.0119061231956187
5368,0.0254048706113738,0.375527712164847,0.0142944792165562
5369,0.0139430713320955,0.435640556823459,0.0123404944475828
5370,0.0151806840333845,0.37503878876033,0.0161205213024168
5371,0.0240106478798655,0.398916299900234,0.0132778862990487
5372,0.0208524741141745,0.375647677947433,0.0154137293238538
5373,0.0205898102036421,0.396867978177451,0.0142468610738506
5374,0.0211236520101695,0.403111858363448,0.011945799539574
5375,0.014855386553291,0.449370951002029,0.0100183932758785
5376,0.018246825151381,0.396289902831723,0.0108192957753942
5377,0.0264722089742797,0.377108881752315,0.0172651569462291
5378,0.0148955608168236,0.395705516455337,0.014822264982404
5379,0.021384192075551,0.408146077212135,0.0110871887624321
5380,0.0126675709903545,0.380707317716,0.0155018878641319
5381,0.0299376276298353,0.399033688205534,0.0158862532472993
5382,0.0220356390629515,0.382464399862475,0.0165990548961302
5383,0.0222049501272991,0.375338129800114,0.0227375222993936
5384,0.0205573736341158,0.385177223591664,0.0207433659811955
5385,0.0206364140934457,0.392623649983111,0.015659991800315
5386,0.0230829856725843,0.357128700897646,0.0176513020574337
5387,0.0146067345361314,0.379707497040466,0.0154361134797169
5388,0.0215589214808606,0.400805397692014,0.0150816412249466
5389,0.020725740934637,0.375100737966677,0.0172950476704657
5390,0.0184656143109787,0.392529355571867,0.0125192249687867
5391,0.0184211221681174,0.381754654878016,0.0152096622472831
5392,0.0239066675874471,0.376162592290374,0.0156057978269956
5393,0.017158226638153,0.374585724950841,0.0122372924774779
5394,0.0207621502259187,0.395301178008363,0.0131433907445255
5395,0.0180148045401408,0.377526786485787,0.0129920175077616
5396,0.0200803780727494,0.389064353990236,0.0125734434471503
5397,0.0136980554691471,0.388970965254308,0.0134819316110747
5398,0.0231042505920122,0.396196510061409,0.0145100247680032
5399,0.0161382480573829,0.427358641102858,0.0132291909680703
5400,0.011433826557371,0.392010923761093,0.0133443252923167
5401,0.0175861928490488,0.388389542443222,0.0135295680274596
5402,0.0188634909151586,0.387595900314242,0.0147814152523267
5403,0.0241201612086879,0.397845875004686,0.0164900207848478
5404,0.015085520049696,0.393612180753633,0.0171342793164555
5405,0.0169696633766043,0.369352445018669,0.0124971385220374
5406,0.0185725156322858,0.394598906743088,0.0140794639239101
5407,0.020759763571521,0.381422446510224,0.017216547125978
5408,0.0236891720683163,0.383627287227448,0.0138192375645409
5409,0.0173135265639683,0.378367683370024,0.0130850838403011
5410,0.014515681719996,0.434404088781643,0.011216770957505
5411,0.0155095998018626,0.398037163262404,0.0167127061678705
5412,0.0182096945707852,0.342315064370443,0.0198170780375523
5413,0.0201270349477997,0.392665725483378,0.013826990763019
5414,0.0204364061211286,0.375293078031132,0.0174298152333398
5415,0.0249375285110261,0.397696768164252,0.0151849738072211
5416,0.0252710783894721,0.387368682594001,0.0141702335948861
5417,0.0296826627222486,0.396900497068481,0.0180341611337368
5418,0.0182772967697084,0.390279561430339,0.0149706999737265
5419,0.0140560987681236,0.382344988445622,0.013287856395541
5420,0.0208834755545151,0.391173576258956,0.0153007738662331
5421,0.0283081455721756,0.299610807239499,0.0183588354842901
5422,0.021858524551508,0.213427665245685,0.021818762242476
5423,0.0218119735371326,0.218748016418824,0.0213804811116012
5424,0.0165252350545863,0.220032637950034,0.0204463206713748
5425,0.0269250265516879,0.225727188070713,0.0259686421667151
5426,0.0246259799368763,0.215884428393055,0.0295452180796123
5427,0.0169252547726702,0.284801225190368,0.0185561034438309
5428,0.0253413922396772,0.297930462636669,0.0146498893375281
5429,0.0274359753857643,0.28717707112059,0.0143628326056908
5430,0.0122664708946757,0.2119822424411,0.0160391543445947
5431,0.0206310818553613,0.289508424571746,0.0144374338491337
5432,0.018907950535908,0.296814584617756,0.0154587503376398
5433,0.0160579256949624,0.212975499516481,0.0216727271390903
5434,0.0151049649098047,0.224814956641849,0.0197547509026657
5435,0.0219922118375612,0.274322386056087,0.0184402683805515
5436,0.0198213260710959,0.204977362620207,0.0217211374993725
5437,0.0194541129927961,0.226155721699608,0.0208769718557733
5438,0.0202112354726414,0.276887365167064,0.0217793072234278
5439,0.0173745700543529,0.275439474458147,0.0239603365617512
5440,0.0244174605597338,0.285469390820301,0.0189823479321298
5441,0.0234962482860761,0.32255973232356,0.0230435897614623
5442,0.0190708564786772,0.226474533038978,0.0225039365917793
5443,0.0181265920182528,0.285769940323909,0.0182490196667707
5444,0.0210907794103086,0.283632666974401,0.0161856974183191
5445,0.0223745598274113,0.308759720871489,0.0171763173078122
5446,0.0160501583243571,0.30622182361952,0.013994334040504
5447,0.0132953720247184,0.387364191228312,0.0128542340182454
5448,0.0283212273280751,0.310567566406331,0.0149938253973327
5449,0.0253936002014858,0.295241508376892,0.0146299809500806
5450,0.0134756657599454,0.378244906494984,0.0137007496049707
5451,0.0245656485955353,0.409395537022059,0.0137576014883749
5452,0.0184564644649816,0.392677822738872,0.0155449881039685
5453,0.0300227572285401,0.392553437355443,0.0143630789261016
5454,0.0183584597231182,0.396814624739383,0.0132918267951983
5455,0.0194354294570597,0.391195248272226,0.0146243919322027
5456,0.0213052268774462,0.373013157319794,0.0186696796065953
5457,0.0227148053463855,0.384894959533842,0.0135440418838552
5458,0.019394430292319,0.372360191981354,0.014805502787431
5459,0.018667138253204,0.440514317577993,0.0125679406082439
5460,0.0232082012372234,0.384774963906053,0.0168135873376854
5461,0.0189328971456449,0.362764416293353,0.0153116632604333
5462,0.0197596211089451,0.415909247790259,0.0137557708372933
5463,0.0219077034019499,0.422310516238521,0.0117415334049596
5464,0.0192529205121895,0.445936202943381,0.0145752163715322
5465,0.0104412803249738,0.380793397371276,0.0167488663709262
5466,0.0226691739229958,0.379307136490054,0.0166322721227841
5467,0.0206831896021282,0.405469301203889,0.0128209486542521
5468,0.019141650822585,0.377024475628972,0.0151827346683916
5469,0.0193708697542328,0.386261472324378,0.0159743258332608
5470,0.0110303791629404,0.393001350495682,0.0182842525576029
5471,0.0204732825570188,0.393761533619413,0.0158246303508169
5472,0.0225297225891175,0.360840094304039,0.023086474221901
5473,0.0219652649695266,0.392569764672674,0.0117634120964973
5474,0.0170131105601061,0.378643175133163,0.0144885510721154
5475,0.0206260829176349,0.390111428377142,0.0119376297136353
5476,0.0166859087924721,0.398519302144725,0.0120424783681716
5477,0.0247987064628213,0.435347335118191,0.0101285724324088
5478,0.0218375842494702,0.397360206341485,0.0122298345369072
5479,0.0157743369046938,0.391527976383908,0.0109770118570851
5480,0.020261888569423,0.396667120204659,0.0151125321799162
5481,0.0178515670235756,0.373083764263426,0.0166935584660511
5482,0.0136720102757753,0.409022973163537,0.0156509220245093
5483,0.0132713583113621,0.342203130484794,0.0155046178473685
5484,0.0166344695796533,0.278748813421733,0.0186838084852715
5485,0.012972525144396,0.293428442188171,0.0149852828260488
5486,0.0211298072771388,0.297601099769534,0.0165887709301883
5487,0.0188822543568417,0.346441351211358,0.0176912895909675
5488,0.0187882572944773,0.289094431387897,0.0182625046079011
5489,0.0230959182352329,0.218921572698205,0.0269595943002514
5490,0.0213236079609775,0.233257666008097,0.0211397950165158
5491,0.022383477891246,0.312245540834798,0.0251543063291321
5492,0.025918145273188,0.223000333046013,0.018651935972602
5493,0.0202028028108676,0.281697283265274,0.0159709161997005
5494,0.0212567667602414,0.287248757445165,0.016631660477311
5495,0.0101548752088311,0.296372270956163,0.0136907353053568
5496,0.0252989678599862,0.252006330375561,0.018337357078432
5497,0.0176136276269244,0.225467626776943,0.0207384367194905
5498,0.018237006846073,0.291230837627112,0.0238239995242211
5499,0.0232865858966543,0.317901867252483,0.0185426689616704
5500,0.0269163733076463,0.293773883639743,0.0209083909659628
5501,0.0173911345609333,0.392118482615739,0.0158582981276202
5502,0.0119858279109643,0.387479724389793,0.0166390632749253
5503,0.0207260073354996,0.388388692209468,0.0145511578577542
5504,0.0234675484620816,0.396446534012233,0.0125707111664659
5505,0.0145912618176994,0.386764765615085,0.0134749852248718
5506,0.0180398048854153,0.394202610966994,0.0130378396544125
5507,0.017900017095743,0.368135833899492,0.012707049797699
5508,0.0216752674725853,0.349207843510774,0.0194321660660522
5509,0.0203021843808864,0.381744227646872,0.0122205255978345
5510,0.0207406309598833,0.427552531488097,0.0130844685495193
5511,0.0191271931612893,0.306173530926737,0.0177121298025504
5512,0.0284508306915544,0.299883197435657,0.0176990005068798
5513,0.024060901265384,0.278163155313502,0.0148525581647381
5514,0.016413670981038,0.211473145841493,0.0182761085864938
5515,0.0209751284399627,0.211851238187488,0.0237257422086718
5516,0.0174135038359158,0.225930394395906,0.0196872409469909
5517,0.0228900498391129,0.3038772450324,0.0163322940020853
5518,0.0145177311058102,0.281185982440016,0.0192946598334419
5519,0.0190468885582969,0.285284682728645,0.0190771069146363
5520,0.0203946643678562,0.39458830763619,0.0160452703437012
5521,0.0262667329201737,0.280410834057756,0.0190624570903084
5522,0.0219179508773316,0.294263073025847,0.0162896712534909
5523,0.0153976458647643,0.286064808765794,0.02136252961844
5524,0.0160665050032458,0.320416115889032,0.0190146228460872
5525,0.00687306642449147,0.276022225042185,0.0179864764287484
5526,0.0233310624550394,0.297585600834716,0.0204983731029952
5527,0.0213895287988717,0.268193754607815,0.0169651664264917
5528,0.0271150285948675,0.238484032215574,0.0172036660372042
5529,0.0277804219040156,0.217468491605064,0.021893791577922
5530,0.0166893854367897,0.372688821164393,0.0127134362338389
5531,0.0146689449036717,0.38861998650488,0.0187202263363221
5532,0.0223355504529946,0.391784052285494,0.018164668328219
5533,0.0204149072967692,0.387665683290797,0.0150164145027546
5534,0.0125668748168056,0.388038843936833,0.014730856443033
5535,0.0151880719309139,0.394256358034162,0.0119099910569907
5536,0.0168878582700208,0.434369022029541,0.0129275245125676
5537,0.0221084450400883,0.451257165520269,0.0118035965857557
5538,0.019222761134097,0.380498971437882,0.0121824862677967
5539,0.0200909461652643,0.381908379754236,0.0140036935182507
5540,0.0122533337084571,0.389037995260218,0.0145713844118457
5541,0.00900127245582715,0.400888172958202,0.012512632416166
5542,0.0199229146156008,0.353505164993622,0.0186795819491397
5543,0.0230676549471807,0.39144063038906,0.0177202894499496
5544,0.0174373806791157,0.396184764247017,0.0176217939034579
5545,0.0217528952034595,0.428607433760331,0.0119753092673184
5546,0.0222504214985556,0.385842801177774,0.013857540223158
5547,0.0198653076730234,0.380846409179176,0.0136580825564473
5548,0.015666655787706,0.4364965554475,0.0138310848698776
5549,0.016399590831237,0.393545424916949,0.0142386227333362
5550,0.0215393063950069,0.430287747828881,0.0123952312817177
5551,0.0156460568327281,0.448772958171631,0.0121944924046749
5552,0.0213042655027767,0.39922216506432,0.0157060696956482
5553,0.0155184661791479,0.389029144064037,0.0124968023976441
5554,0.0168800515619556,0.381872486991113,0.0131783136606455
5555,0.0181359248453464,0.393112968108593,0.0149251041869089
5556,0.014486331671352,0.320967856400571,0.0203686138538136
5557,0.028566657423508,0.280318421447622,0.0187304948101923
5558,0.0219100311175513,0.288019308516587,0.0212984665659319
5559,0.022753934409545,0.234186278708748,0.0171913512669561
5560,0.0262933775991917,0.202710994550718,0.0219895718880696
5561,0.0204130128145334,0.233291184421808,0.017833613925202
5562,0.0236451209702737,0.259146974083076,0.0125215203236017
5563,0.021621891711945,0.214098463961806,0.0167996153764733
5564,0.012104749957699,0.223755832922715,0.0242892566247678
5565,0.015290652212376,0.236886332759187,0.0199146238902492
5566,0.0206957269317877,0.303767457043599,0.0184175379411045
5567,0.0204889160015518,0.280803420132452,0.020835530077779
5568,0.0178750544700255,0.281194594322766,0.0159770091087192
5569,0.0231067617002792,0.280127435986155,0.0220471580109959
5570,0.02277479353283,0.286227784319971,0.022290993977515
5571,0.018941833381961,0.278445306517618,0.0180385598735828
5572,0.022403598342257,0.303406566650938,0.0165044921573795
5573,0.0173900995800558,0.304094993116974,0.0197193192480655
5574,0.0191496495544326,0.376800059778749,0.0158638842691069
5575,0.0210873919758942,0.39133506169772,0.0140698954983331
5576,0.0237454690186852,0.357348724521892,0.0126758352396004
5577,0.0162255512653901,0.391607114122135,0.0135263728495378
5578,0.0172078251596708,0.375644178086567,0.0122371195397905
5579,0.0152657687500351,0.397438113484691,0.0121692632525904
5580,0.0179855404250301,0.428703153124455,0.0118415843137834
5581,0.0220498411176205,0.376382406675591,0.0164329544107477
5582,0.0254057283087476,0.393564193864856,0.0172135143798159
5583,0.0133152564305372,0.359492356980882,0.0163100669247692
5584,0.0190211666500865,0.396969334253994,0.0112098165619743
5585,0.0126187423082392,0.387796718905062,0.013773433583797
5586,0.0140549997748546,0.367086087510737,0.0144818356746174
5587,0.0138742084479938,0.433808490416339,0.0114268682201712
5588,0.0207874809132461,0.394259527391908,0.0121846182972841
5589,0.0217474554124971,0.39769404563032,0.0128879988746338
5590,0.0165312413490454,0.368092378338895,0.0119769037976341
5591,0.0148090827829517,0.390384980669342,0.0138025474299393
5592,0.01744163204024,0.397834360258419,0.0144811922763809
5593,0.0134474248068496,0.428514335420566,0.0144243987777464
5594,0.0214384346054513,0.389226094357958,0.0145490131707738
5595,0.0206721060619878,0.398945314669005,0.0111238644326966
5596,0.0127155898871501,0.386180907037549,0.011074908489116
5597,0.022914246689681,0.373386289143585,0.018052090896905
5598,0.0180574474392078,0.39672756425378,0.00915906832287258
5599,0.0228627816321528,0.40335568611763,0.00982421439692145
5600,0.0146029835226855,0.445858675113565,0.0112750795001049
5601,0.015984237042182,0.448521437952091,0.0102239524948578
5602,0.0189021719484056,0.431746360862805,0.012035641177574
5603,0.0145338094177401,0.420616451703091,0.0134764963450052
5604,0.0122302034723651,0.385470362550168,0.0162107068308238
5605,0.0157394779017648,0.391692029898272,0.0124784079873838
5606,0.0190994037155632,0.38471899886363,0.0175160189873855
5607,0.0212335040156367,0.389063365722524,0.0162707003283101
5608,0.0249523163595698,0.385500685106453,0.0135808545238936
5609,0.0184484543715549,0.394439399692869,0.0156991278242292
5610,0.0206953056348398,0.440415068762103,0.0144222944505458
5611,0.0190400722453599,0.438863698486377,0.0126208066896146
5612,0.0166544176974757,0.425899756934792,0.0109721631613738
5613,0.0124014160439869,0.414057337410619,0.0102110325398105
5614,0.0184444790585013,0.431244292349796,0.017168763277284
5615,0.0197195773829809,0.39935405614561,0.0126862558802842
5616,0.0218898556214149,0.388537226482416,0.0166111232555888
5617,0.0138157290516132,0.387248927658316,0.0133067428747902
5618,0.022050362427804,0.373921124213771,0.0164717249415558
5619,0.0259596477591345,0.307880810121782,0.0211938441029398
5620,0.00990690428146113,0.300269675369286,0.0140646081769291
5621,0.0168396579527334,0.218310835247218,0.0202463847233245
5622,0.0175076863527844,0.213210363848941,0.0164444014672956
5623,0.013785341222917,0.249401688120843,0.0160161336676501
5624,0.0227600649613017,0.229807414470236,0.0203777821341779
5625,0.0266598872648242,0.294307692203994,0.0152282875806306
5626,0.0182336277700499,0.283992094951666,0.0195102475246262
5627,0.0232080275024838,0.286495539197358,0.0210689089666819
5628,0.0186845700692343,0.240204742285726,0.0217332757894607
5629,0.0216625482887871,0.281583344402619,0.0188065156217655
5630,0.0206459243781049,0.296625994304249,0.0178065324742456
5631,0.0198334181634518,0.30086225674723,0.017988002372289
5632,0.0257794395889816,0.299227873199429,0.0183135134232898
5633,0.0318478092234435,0.299248004339384,0.0183313173609602
5634,0.0156370025657707,0.299189433150671,0.0176097103036902
5635,0.0192450390209873,0.282553344776066,0.017325275203503
5636,0.0160880705774575,0.309565465630276,0.0160876704468082
5637,0.0158736849941379,0.393101696773272,0.0110546990542353
5638,0.0181809258227473,0.387004592678133,0.0182604932968911
5639,0.0193418100846649,0.395996993214044,0.011491762434806
5640,0.0167642296942016,0.372120542719889,0.0112001192458489
5641,0.0186802879509497,0.39751516193995,0.0162373410628368
5642,0.0241964318884085,0.443284086246537,0.0106773329049358
5643,0.0156408645118203,0.438814697129092,0.0175409987016516
5644,0.0121786764937069,0.368881948715914,0.0142563818962377
5645,0.0147470535618584,0.370594834272918,0.0126279968010077
5646,0.0150543947244459,0.399237099725825,0.0171977679396254
5647,0.0237738767886734,0.39395718660103,0.0145998992083488
5648,0.0152807837339982,0.432744467225942,0.0134452680346858
5649,0.0244014082791453,0.435163789923375,0.00807433404531143
5650,0.0175922842649288,0.358658139569311,0.0162075471365384
5651,0.0187066037366234,0.387601767780987,0.0155609144308178
5652,0.0170536274549373,0.395981776838149,0.0124910459165617
5653,0.028233905787348,0.432095906834834,0.0136647745104423
5654,0.0205201742034921,0.456980710900014,0.0123250780541662
5655,0.0243881811006196,0.435918308037353,0.0086700996178793
5656,0.0234242588303423,0.38875740054787,0.012999478709689
5657,0.0185742158569519,0.375819386029549,0.0161246797251807
5658,0.0165918375729929,0.343961929269258,0.0172312384551692
5659,0.0214654494995967,0.378561104283611,0.0156165733801399
5660,0.0225470419145204,0.382234608363513,0.0145709881984157
5661,0.0177008094428688,0.410838778176545,0.0161871008206327
5662,0.0209742679752301,0.377977389208221,0.0115745522779402
5663,0.0180985281340609,0.391315346822999,0.0164542491131976
5664,0.0190554605074034,0.435480935918886,0.0137300743968404
5665,0.0148283018724786,0.394535863907732,0.0160486591087354
5666,0.0175424496478021,0.386037891889738,0.0133022531552271
5667,0.0210399926353727,0.384243816184309,0.0144766354630869
5668,0.020201636780286,0.389973168428844,0.0145826695837355
5669,0.0172787129155685,0.429342045230772,0.0122042964541849
5670,0.0282315052138673,0.417477215319189,0.0101158106869732
5671,0.0185933910180869,0.38400912459608,0.0162526002484525
5672,0.025019640765973,0.387845873057295,0.015743895426492
5673,0.0194118301187923,0.38043730173568,0.0170337882658475
5674,0.0156934182433929,0.361346517584545,0.0168788420082375
5675,0.0144499973078116,0.391453417512711,0.0102247301055595
5676,0.0196381721013056,0.378549903674054,0.0158613042572257
5677,0.0180851316823448,0.395630054003399,0.0174887517484566
5678,0.0190873964148517,0.390058960369362,0.013136000877629
5679,0.0173087751857963,0.396192786086943,0.0170413702496962
5680,0.0174434900888275,0.435734864945093,0.0124912352517706
5681,0.0210580059361762,0.399762388327298,0.0143309875487436
5682,0.02239164781175,0.389139248777867,0.0170572902624705
5683,0.0164945071816473,0.389667301321744,0.0153419044703961
5684,0.0183116303783671,0.397980652355894,0.0137459335962755
5685,0.0189619539433004,0.390088075022764,0.0156230877627798
5686,0.0150195141014586,0.376813605247149,0.0163039163885407
5687,0.0190037763688488,0.387327987027806,0.0116478529237323
5688,0.0227830564951592,0.39956408643258,0.0123373285451039
5689,0.017773636846294,0.39437939830096,0.0121197180036257
5690,0.0203383090023405,0.387870317805564,0.0135657655983605
5691,0.0229248690432911,0.43355046857022,0.0132818336145023
5692,0.0181394717208248,0.456053232217712,0.0106116123490135
5693,0.00926637244398857,0.495943788064341,0.0100886004113654
5694,0.0136859622765694,0.432345521208968,0.0109385324321477
5695,0.0208201675945121,0.344159258826851,0.0145506117042094
5696,0.0143250648376487,0.433311042009236,0.0114052080329411
5697,0.0196869031442198,0.391439847188498,0.0135194097878829
5698,0.019716189191386,0.370380968970616,0.0128003641749312
5699,0.0133334979106562,0.379582087125915,0.0154261784328125
5700,0.0145504806521009,0.44842917958458,0.010240872186317
5701,0.0240586102490162,0.394279274670652,0.0129138344356875
5702,0.0177277827922766,0.437873390390273,0.0094852073318587
5703,0.0134316432672163,0.390552284157662,0.0142569724897977
5704,0.0251261637198843,0.348050111403037,0.0123339939886641
5705,0.0228437429696115,0.380834866453,0.0154315216466945
5706,0.0124016089230492,0.387363941236337,0.0155933946437336
5707,0.0144974218333927,0.392363962195103,0.0116633669323315
5708,0.0150900523167539,0.363903989548884,0.0126488677841881
5709,0.0236228433790013,0.430000540036599,0.0115296130444515
5710,0.0167296344933721,0.375844021690184,0.0178544613766512
5711,0.0205139660167412,0.381679512701874,0.0130221243968564
5712,0.0154907847977556,0.387327724570288,0.0125492860564954
5713,0.0195464291885493,0.391597528407542,0.017778278668715
5714,0.0173247820882156,0.390190236872394,0.0189060672392063
5715,0.0171345299524624,0.391326405663454,0.0190485299447573
5716,0.0222458613728613,0.393192781615454,0.0145996507338984
5717,0.0239674876292917,0.394625526417903,0.0135645536052437
5718,0.0131290586982887,0.371604791497494,0.0174862929080196
5719,0.0123127340629538,0.396172993691363,0.0110238906073426
5720,0.0182565577693386,0.354841420958254,0.0174183985834736
5721,0.0142318739225074,0.379830984192751,0.0141699829243245
5722,0.0229732544395683,0.38902617681849,0.0137175252064918
5723,0.0222712380928595,0.392534359817431,0.0123038143527755
5724,0.014979994734096,0.382189248063406,0.015473616578254
5725,0.0206820409767169,0.378742061599596,0.0158378810939282
5726,0.0292760748704281,0.396616864068106,0.0169392423076719
5727,0.0183352154810717,0.408109255092083,0.0119038892765694
5728,0.0179872469455281,0.378431489547073,0.014379405730611
5729,0.0221762502037258,0.380724649311566,0.0164371328529716
5730,0.0158252533813431,0.410899906218039,0.0131475605215932
5731,0.0239354712122161,0.388017136107629,0.0145228270903471
5732,0.0131343947616047,0.43715700808099,0.0141959957026801
5733,0.0143708148558621,0.392788881780153,0.0144506036690035
5734,0.0165416370008444,0.395695596476384,0.0122229728106433
5735,0.0206973057098059,0.349097158251965,0.0182467726348535
5736,0.0214218039463787,0.277374383616438,0.020029696531824
5737,0.0243983281968226,0.281429912254453,0.0205907324947429
5738,0.0181792407147223,0.29897306840866,0.022415335098463
5739,0.0176502162669944,0.261326289211233,0.0264913677868694
5740,0.018089944283684,0.276869577083069,0.0153073914701293
5741,0.0247770804649823,0.205741762781251,0.0199803269529223
5742,0.0187944095478153,0.300233198375289,0.015175096313182
5743,0.019465742375894,0.390311362934045,0.0145232183350072
5744,0.0282973310611379,0.385776893806945,0.018726549376286
5745,0.0170091259290082,0.379797137822501,0.0170609301521228
5746,0.0209302471273052,0.385308057138807,0.0127853826992175
5747,0.0199308357655233,0.3814552286564,0.0142018206872287
5748,0.0208360332669319,0.371157386055333,0.0132453184062824
5749,0.011743940018742,0.39559387804915,0.0146739358072687
5750,0.0195358350703842,0.393043178611098,0.0156870604176716
5751,0.0162905102167932,0.384011633622293,0.0145151352550035
5752,0.0188940264721722,0.354579738710547,0.0210888461619453
5753,0.019373574753808,0.399415839745538,0.0154844924514673
5754,0.0204390949256051,0.327348119552702,0.017636365164728
5755,0.0221210122888529,0.394693702074967,0.0183710716805963
5756,0.0133901733809013,0.439873317104263,0.0115804779942162
5757,0.0184936229190463,0.398493834265503,0.0145941733741832
5758,0.0158740312031035,0.391749088228148,0.0132166691154235
5759,0.0188374880767,0.43157870193544,0.0108415043385744
5760,0.0202577167582233,0.434789007440374,0.0125386389400875
5761,0.0137142492223458,0.394456876928815,0.0152349154687878
5762,0.00890364668802988,0.375126465309251,0.0144123622459881
5763,0.0192070631067247,0.390126788273994,0.0112100226661375
5764,0.0194714518745584,0.37177613844743,0.0140697913032291
5765,0.0215701750454588,0.374837234591873,0.0115319444387051
5766,0.0156073747204049,0.394946243071676,0.0125438888681564
5767,0.0188877043253993,0.377704012694218,0.0179063449173696
5768,0.018897726940554,0.403298509470453,0.0182572970580799
5769,0.0247203178382624,0.387931423787287,0.0137330846336004
5770,0.0244728125180773,0.385421796544582,0.0136356815751788
5771,0.019484421676178,0.37753103665044,0.0138838674780103
5772,0.0110435476894355,0.352634168271053,0.0126728599704063
5773,0.0252956427906926,0.394940864081554,0.014673663430651
5774,0.0226278366209537,0.386801195541361,0.0135457653655297
5775,0.014700733331199,0.383499805154775,0.0142300213487078
5776,0.0165491327265817,0.411623815522267,0.0134758028726667
5777,0.0193183823030338,0.449796495174071,0.0107999052068485
5778,0.0159630040811545,0.389398807663796,0.0184045533967687
5779,0.0214805883833732,0.397788022894746,0.0112784702874367
5780,0.0218723149977288,0.392200202643107,0.0111081761922863
5781,0.0234098758548449,0.395948757675005,0.012998657844738
5782,0.0185927704961107,0.392117335933435,0.0148647836949821
5783,0.015605679826816,0.43514066573155,0.0130960919677604
5784,0.016443591779768,0.405672405978377,0.020331599219009
5785,0.0232063698930296,0.374882656400303,0.0146012696018399
5786,0.0218085194344085,0.422593648055362,0.0150113025968139
5787,0.0193631783848398,0.392266629907988,0.0128049834600415
5788,0.0126979348108913,0.381425163269674,0.0135450672182161
5789,0.0148503986030898,0.439453527652185,0.0124560503806761
5790,0.0193583296424552,0.429013345731217,0.0134755475273939
5791,0.0236443560003635,0.449234645899311,0.0107922835879213
5792,0.0177979808201361,0.383002021002898,0.0122810424058682
5793,0.012770997522179,0.386859272887845,0.0162768173886934
5794,0.0190801124868234,0.372655887068198,0.0172364678363047
5795,0.0227357677899522,0.3716257550668,0.0148558736043205
5796,0.0146980840341727,0.302419488366614,0.0238739718786247
5797,0.0223493687122643,0.304293607080003,0.0212378522203335
5798,0.0201294932286576,0.303830917160839,0.0189038029813578
5799,0.0212075133851517,0.344766472534569,0.0170485028872282
5800,0.0233229898438663,0.290466974716006,0.0143949962801022
5801,0.0192489755214393,0.285466304841662,0.0234970845556338
5802,0.0170013422218309,0.303958639358606,0.0197795575549996
5803,0.0200953304627798,0.288802079557382,0.0201566999742021
5804,0.02203168645315,0.304256108303025,0.01438366928942
5805,0.0228052757603253,0.300520804801244,0.0154991097157566
5806,0.0216974415383358,0.226053176497444,0.0194622140842911
5807,0.0161820029448031,0.222515387392861,0.0188869137849889
5808,0.0178096000891474,0.224103757997344,0.0237964172708128
5809,0.0175341897628934,0.23167870423584,0.0190919716009917
5810,0.0190003594736459,0.285626550934015,0.0166347892833432
5811,0.0164950599355199,0.224554963392108,0.0167201675399508
5812,0.0156631783789681,0.219210884455177,0.0205350329688943
5813,0.0164857979995973,0.216790523325088,0.0173848990089838
5814,0.019739340692185,0.288194608730595,0.0217345620461686
5815,0.0194238242302357,0.281098480058319,0.0191117072945503
5816,0.0174160594021839,0.27198658659974,0.0223164564166954
5817,0.0215059686436493,0.272194193903379,0.0218575104903685
5818,0.0221861926519649,0.285197701443121,0.0208031825046212
5819,0.0202043825808377,0.285205926225557,0.0233438438901507
5820,0.0153399989186583,0.354655079966491,0.0204359246060116
5821,0.0198121344130295,0.369987844684685,0.0138307490355143
5822,0.0217732993786663,0.377090747110494,0.0166954584526833
5823,0.0243716300085006,0.404421974068831,0.0129760815298656
5824,0.0153500291887142,0.39576402405439,0.0134859581606694
5825,0.0193623824606273,0.397383408043719,0.0161303672412153
5826,0.0167525751463037,0.383343386497476,0.0164691912945161
5827,0.0187687802868859,0.377557575997282,0.0155378885499715
5828,0.0245491101610622,0.394876412104107,0.0143866973353814
5829,0.0232248067555241,0.382216342258165,0.0153280965251493
5830,0.0227440506826164,0.368954669462081,0.0160832469091638
5831,0.0103033431153612,0.393782371627023,0.0147323561112152
5832,0.0190522356988774,0.393609988020598,0.012794476762315
5833,0.0156897177485111,0.403199587745556,0.0104937988508579
5834,0.0201874159838241,0.393530586387945,0.0125033409926783
5835,0.0163335696408024,0.39503911362765,0.0166027437753348
5836,0.0161109915687367,0.374931482242509,0.0148233281460603
5837,0.014577937363929,0.339345636808489,0.0169496444977931
5838,0.0170487140421638,0.297654684626951,0.0162241005469065
5839,0.0249853922913661,0.280252630412524,0.0196367343810054
5840,0.0112097831718861,0.389244725940134,0.0135773339880696
5841,0.0175670911525504,0.389835778312254,0.0175507167668554
5842,0.0211075040287397,0.375018762391951,0.0138384443637456
5843,0.0149320683971156,0.380721024621461,0.0115172138031559
5844,0.00949089294838593,0.394496868786194,0.0122376065086948
5845,0.0228726617532951,0.445470794601325,0.0162221763349829
5846,0.0133239898497217,0.468228048418101,0.0148564677876914
5847,0.0173538830684777,0.392214155885462,0.0129502504169033
5848,0.0143158607991544,0.372180660885443,0.0140674241497878
5849,0.0142431092078991,0.384670261596301,0.012366304707474
5850,0.00817604110841139,0.381350472847112,0.0151874852562218
5851,0.0172350592152795,0.388450614247021,0.0118002659620448
5852,0.0170295337287146,0.374850006635768,0.0154693420099597
5853,0.00938231383006283,0.462830375495987,0.0107147862033594
5854,0.0219612630133928,0.39564187806535,0.0166890077474592
5855,0.013888592013052,0.374110377179929,0.0167803289499882
5856,0.02590972894957,0.464908664607083,0.0102186737269304
5857,0.01669564826544,0.374030966426088,0.0137875938243249
5858,0.0207794379628311,0.374260721152275,0.0125259064058951
5859,0.0206406105104636,0.396668164640595,0.0156472946995652
5860,0.0223460740621425,0.390306717226385,0.0185025911729714
5861,0.0206055982651924,0.470277253884447,0.0119058901271783
5862,0.0228281864851905,0.39059523497205,0.0135551466113618
5863,0.0156080355508361,0.378967917055235,0.0120231523345175
5864,0.0217910208129152,0.38975144636915,0.0167269761435787
5865,0.0213968814250172,0.392809712261198,0.0169673951603715
5866,0.0243041747378902,0.386472126416168,0.0128234504408301
5867,0.019744754253011,0.389744179120579,0.0140570441616356
5868,0.0185057370096746,0.395621736496102,0.0141550007457761
5869,0.0109421896252815,0.406537672679122,0.0114080963846434
5870,0.0247652292681225,0.387030891976485,0.0156374991641521
5871,0.0163133683214876,0.39219720591722,0.0124505394106408
5872,0.0155695616311164,0.399572004663883,0.0136643280646739
5873,0.0198116942366724,0.393603360724886,0.0144100533534788
5874,0.0159797011234693,0.392158513470601,0.0126109203841677
5875,0.0240063171913576,0.394201140683143,0.0129222774980853
5876,0.0136017904923961,0.38960022227717,0.0188335184504071
5877,0.0181351974657088,0.380878924687774,0.0135206360351076
5878,0.0166993562486875,0.381529050164636,0.0156098513257209
5879,0.0151288527968747,0.393797261052839,0.0130493487322927
5880,0.0212522736643348,0.382656401251168,0.0218053899142987
5881,0.0217874969935533,0.406985208904985,0.0166885934424076
5882,0.0118885182985137,0.391431195048137,0.0108683379363555
5883,0.0233402255349153,0.415511049493786,0.0109535479249698
5884,0.0247144804393619,0.386703395814986,0.0137983707466505
5885,0.0248222755613635,0.387189858677323,0.0141070721590649
5886,0.0147701029959931,0.373461149412013,0.0166657951685015
5887,0.0197693723914011,0.377313225225332,0.0138001518453239
5888,0.0225610524531553,0.382550067712153,0.0123611638747476
5889,0.0111781395526658,0.371277723718704,0.0175963447753596
5890,0.0188405142836802,0.392473722330087,0.0110644491997972
5891,0.018601972185305,0.381579206911802,0.0131057139197019
5892,0.0157649802967096,0.379083520348221,0.0169503785941852
5893,0.019602588080906,0.388024712597787,0.0148316854004726
5894,0.0178679896343863,0.3949426939002,0.0132757145634802
5895,0.0165846381429838,0.384056649685741,0.0142211507865417
5896,0.0179389827999938,0.38182947608126,0.0120061176562946
5897,0.0158589745020763,0.411878635654365,0.0149686579686375
5898,0.0229984943249541,0.440554379437388,0.0165632410661328
5899,0.0182050227226241,0.39542329198865,0.0177663768874817
5900,0.0238119897366064,0.395373515996972,0.0134314615626754
5901,0.0173278458182995,0.372782712449338,0.015665294121028
5902,0.0181481566545258,0.404448745010474,0.0137710405253209
5903,0.0210750130716961,0.397651027991953,0.0158743818840531
5904,0.0212804966762803,0.39750842320057,0.0173618578876825
5905,0.0131346893242686,0.375936513569979,0.0155679976446038
5906,0.02243004837056,0.346810450140857,0.0178994309273152
5907,0.0135127078936475,0.416851079457844,0.0124067816023729
5908,0.0180775232443957,0.399147462810477,0.0124740421011589
5909,0.0171717348458826,0.437860994585963,0.0102527556083179
5910,0.0149941397714814,0.428095278379773,0.0146343018450321
5911,0.0159559148240395,0.408674774506373,0.0133419383361536
5912,0.0178201615707131,0.39259098535748,0.0161874331274109
5913,0.0240448780077861,0.434963594096758,0.0135543516670334
5914,0.0207794866498708,0.388313222269065,0.0152798868853543
5915,0.0294574168738359,0.393082255533012,0.0150324141313686
5916,0.0247586215990566,0.395015253597624,0.0203024832482697
5917,0.0221932067010142,0.393217502554411,0.0126543393146347
5918,0.0199336983563952,0.43761646200182,0.0124867810736107
5919,0.0192747984859425,0.378389961706737,0.0153173735809146
5920,0.0208820103565402,0.250888518406596,0.0166750391998146
5921,0.0255417696871846,0.281368339171022,0.0187627404658677
5922,0.0166271971636565,0.388692674402464,0.0158119334831858
5923,0.0221720238448743,0.376717971494609,0.01232819616175
5924,0.0185831151981308,0.389437981075089,0.0157132917649401
5925,0.0216470144174505,0.382460598801388,0.0137812190094639
5926,0.00983085665280525,0.390869113418769,0.0158037222873735
5927,0.0192995410359681,0.390637137968884,0.0146106130346227
5928,0.0189838455924667,0.382555622380079,0.0146185935268592
5929,0.0173056329603231,0.392172800014053,0.0130392051897342
5930,0.0214524752114335,0.396887189041814,0.00986062166835611
5931,0.0170889360689207,0.418896780120502,0.0179367515660733
5932,0.0233547030661417,0.390542841566227,0.0118080069982141
5933,0.0187660785114255,0.377357298651242,0.0132093900866721
5934,0.0222297907445551,0.375322310830171,0.0138854926633479
5935,0.0168459952587986,0.380605288454482,0.016258481869952
5936,0.0157660021785698,0.396965439721027,0.0166050437510619
5937,0.021641651990902,0.392833125427467,0.0130753084265226
5938,0.0217219846270193,0.393174101540143,0.014450991625181
5939,0.00995950348442337,0.369346851146575,0.0157448542074982
5940,0.0228191881066863,0.37246798975272,0.0130605380061289
5941,0.0165551842902988,0.39667141549088,0.0137793854067349
5942,0.0206526137755704,0.375886155895402,0.0124565945226426
5943,0.0269930033137449,0.387160528101628,0.0124102425602698
5944,0.0162516938912296,0.423308185386749,0.0134041957446775
5945,0.0180784280301071,0.387598214673525,0.0155556537447026
5946,0.0162450556176379,0.394585775702077,0.0172114051194679
5947,0.0199624046890097,0.377759980169164,0.0129367821726425
5948,0.0208269163044226,0.392501259396001,0.0123918670520357
5949,0.0267112513033926,0.388490093316811,0.0126875380436496
5950,0.0188689805727668,0.436996927370932,0.013764157822091
5951,0.0237550614709315,0.393200560853592,0.0133698217640318
5952,0.0210687731333236,0.390006177713056,0.0175086821491009
5953,0.0155142522871091,0.388834612744635,0.0166180063039717
5954,0.0211791584035796,0.434696310258695,0.01515026684162
5955,0.0136285876905127,0.438561941354329,0.01236199450895
5956,0.0217190756652479,0.37597637256134,0.0131167684061165
5957,0.0283948242340637,0.393376418622534,0.0127738022916348
5958,0.024093123990334,0.382543833778793,0.0184224135295941
5959,0.0253951047267705,0.387549274441235,0.0165824824774663
5960,0.0251179333459063,0.371622932521302,0.0148436335969796
5961,0.0154762115942947,0.388552906143485,0.0155143603842401
5962,0.0201828820886039,0.39484050861362,0.0135662775667524
5963,0.0201299368302535,0.408527095223223,0.0147226621199078
5964,0.0157941656904069,0.3884719296776,0.0111453566577099
5965,0.0167663169545378,0.432904455222192,0.0140451936344925
5966,0.0262893589919312,0.374847824011636,0.0145170847685063
5967,0.0125170051926566,0.390773405786333,0.0156797218004789
5968,0.0231097198231778,0.392069272924696,0.0144493303767051
5969,0.0213015649456632,0.392935857918658,0.0134138558175471
5970,0.0198363047770201,0.391981282494085,0.0118659619679618
5971,0.0189587727596661,0.325170387147986,0.0237605501049708
5972,0.0132880874724386,0.27338793971443,0.0192663620947358
5973,0.0196137748617111,0.284900286996287,0.0219977352462537
5974,0.0140666630145529,0.296459241803076,0.0198385564768386
5975,0.0246666470523062,0.255101548734077,0.0201326001633594
5976,0.0196157438677165,0.280421761161297,0.0175567637375071
5977,0.0154234473817259,0.295884943366555,0.0182886569305646
5978,0.0212530443692907,0.28603436497672,0.0198579674638726
5979,0.0240982492965525,0.320388757366582,0.0221812854828234
5980,0.0158223031989891,0.355537351942613,0.0141389780929685
5981,0.0218823525031831,0.385400106065116,0.011554903607924
5982,0.0161618013116634,0.399327544204817,0.0136981343712421
5983,0.0141202885191778,0.396473639522567,0.0166864767218424
5984,0.0146609174158318,0.392286778135059,0.0105382793461812
5985,0.0244229056049953,0.444883020235658,0.0118669509714647
5986,0.0160033025296827,0.443392909443717,0.0124745700516289
5987,0.0174086179268901,0.378039362621422,0.0186063410631986
5988,0.0217678888855929,0.390434451228137,0.0155693781110248
5989,0.0130289106436838,0.376168436802287,0.0132970474321742
5990,0.0163273006238123,0.386260044194329,0.0146176271182221
5991,0.0190024666544181,0.425111824133627,0.0116326787753764
5992,0.0161836422279357,0.402791097457464,0.0133388425786386
5993,0.0174722754590645,0.387740710863779,0.0139382512654634
5994,0.0189290694792684,0.393906175872939,0.0146690439414019
5995,0.0272523440153533,0.3970466565643,0.0164764421584455
5996,0.020720805547932,0.397128408427583,0.00865550557553951
5997,0.0169208554306203,0.387865213319935,0.0127968451890517
5998,0.0237979213923455,0.390903351339065,0.0163601979608316
5999,0.0191797823773448,0.380789480719861,0.0189931510700207
6000,0.0190263366043026,0.405868002122001,0.0180692773887913
6001,0.0204551619541624,0.389357333083048,0.0144456709402364
6002,0.0185689801261163,0.398751206562603,0.0155969934908992
6003,0.0181037356920971,0.398748775522383,0.01708603703093
6004,0.0196164673049694,0.390325519100855,0.0191896697072349
6005,0.0228823935559314,0.392583097455353,0.0159094393558176
6006,0.0231948358085406,0.396447310134892,0.0130873333759054
6007,0.0138125276471828,0.382659468804279,0.0182373322773894
6008,0.0208679865239353,0.389912976606119,0.0173984841755083
6009,0.0189696356502883,0.392490651540863,0.0168272997888912
6010,0.022787674021618,0.403021044009108,0.0154790055563372
6011,0.0208376054082895,0.381135731334661,0.0152517833795899
6012,0.0197120265266343,0.398737152188413,0.0167576043363667
6013,0.0190233429421756,0.355365131239876,0.0138064846825592
6014,0.0157358886590086,0.389126472153799,0.0127770793721929
6015,0.0185400830124801,0.409030755186586,0.016622219542243
6016,0.0205094175724273,0.391672300573114,0.0138085552869289
6017,0.0184127372190217,0.375858825931154,0.0121342718602725
6018,0.0191810988506827,0.374676513188396,0.0123712012013685
6019,0.0178951849555311,0.296285276476078,0.0188398026911867
6020,0.0211887712692441,0.314328376744768,0.0185500220873526
6021,0.0189292549136826,0.283216557084602,0.018359759373578
6022,0.0180600408465066,0.397189471643591,0.0158419583056088
6023,0.0232597286135512,0.393705036235148,0.0165914359859113
6024,0.0108610970890881,0.389664330420147,0.0152279249775517
6025,0.021215854530127,0.374944171314702,0.0131297194217355
6026,0.0114688407204399,0.356891500509331,0.0148155668275414
6027,0.0157742038875012,0.373891404141595,0.0142343007773366
6028,0.0194097541496998,0.374810889067153,0.0160223337198096
6029,0.0245674628310952,0.391499904420939,0.0141641357857756
6030,0.0177087021619012,0.37430475282214,0.0126775453716851
6031,0.0242543170930119,0.390432634839535,0.0154036883715964
6032,0.0143163083543641,0.382634864142588,0.0162437020137278
6033,0.0177679118820828,0.44152692271918,0.0112266907510866
6034,0.0159240585525212,0.396268332202133,0.0151072976981058
6035,0.0196860021236661,0.384638318516521,0.0173008508107691
6036,0.0152957248291357,0.449711590749179,0.0141608167316145
6037,0.0195221184132758,0.397573579900469,0.0107354255396515
6038,0.013050771322929,0.376643918455098,0.0140331701125403
6039,0.0274038781257484,0.394572227028822,0.0131101428662566
6040,0.0202300998277585,0.393346073700749,0.0128468217882867
6041,0.0144222745497707,0.396188014000721,0.0125120537599128
6042,0.0186397733190701,0.393393784544513,0.0157400518309743
6043,0.0206522682670872,0.388380172171466,0.0156077447173379
6044,0.0212149688514621,0.393061332838886,0.0164355209461117
6045,0.00660833556277236,0.386796549491856,0.0132508550114106
6046,0.0127059354503391,0.395573253842382,0.0142645744228741
6047,0.0140153665297784,0.393457243654048,0.0177822430468841
6048,0.0193383617149531,0.383674776372096,0.0134097670535589
6049,0.0143108027163046,0.383764503753126,0.0142979108624989
6050,0.029284840726125,0.376820206232241,0.0146792720619236
6051,0.0195012043190701,0.393825448767125,0.0100483565385859
6052,0.017155643774372,0.381636571137062,0.0126476206603478
6053,0.0189517061470197,0.380211920953991,0.0150958126861775
6054,0.0189296295944243,0.398752879534818,0.0153526351406995
6055,0.0167856440208681,0.392155177973655,0.0185920865025011
6056,0.0209036786203875,0.391379765630749,0.0152468402214233
6057,0.0160262905835449,0.394959030891143,0.0171755472977336
6058,0.0227888729379295,0.387563595629023,0.0155602648776556
6059,0.0228342924040282,0.37394679386807,0.0160851706865704
6060,0.0245841555716382,0.380059067358259,0.0130326995249976
6061,0.0246718928855136,0.380618894526729,0.0191649899484042
6062,0.0206259560642827,0.396282584525627,0.0139565640358618
6063,0.0245495014500067,0.392858357271124,0.0140645909492349
6064,0.0183585819836667,0.372444855302537,0.0134363781025711
6065,0.020245458168655,0.392949479045141,0.0149488180338021
6066,0.0173371589518251,0.425541869769127,0.0142932835690403
6067,0.0147169216687302,0.383593356488111,0.0232059894285756
6068,0.0309720531841694,0.376595174017591,0.0159719600726313
6069,0.0156029720199024,0.379716341314213,0.012994839347167
6070,0.0207849781680913,0.39048588112193,0.0109652376612997
6071,0.0206275619928588,0.425081467528084,0.0132908139756303
6072,0.0127948510523379,0.408557570288539,0.0140353104230913
6073,0.0243209315155981,0.395458716117395,0.0136725232913402
6074,0.0195222467434869,0.396116475870633,0.0158054851992652
6075,0.0211047324187127,0.381903544003902,0.0183698379816467
6076,0.0170362304786687,0.429476396778405,0.0112395316953272
6077,0.0215213249563011,0.442891765623384,0.0124465338713764
6078,0.0196031949925027,0.357890032803783,0.017157345704575
6079,0.0145147644757294,0.382414554076469,0.0149143816751211
6080,0.014987874366475,0.380547822594716,0.0163744300608813
6081,0.0158955815720969,0.396091154495435,0.0172305960386703
6082,0.017073863637124,0.370377000518212,0.0159122201591864
6083,0.0219682324901231,0.393427317797841,0.0160393949198962
6084,0.0225110012606898,0.39342057817312,0.0119750693810728
6085,0.0191451227532305,0.392135660870831,0.0168555967946886
6086,0.0189213382778497,0.368702192063948,0.0164857886613371
6087,0.0190747671069515,0.284602370882548,0.0190034883426275
6088,0.0178011019471504,0.302391381517927,0.0162663134739283
6089,0.0186232963798232,0.300084247172956,0.0239595994490435
6090,0.0143636491918446,0.290774968055761,0.0144330140337362
6091,0.0188566746982646,0.324523583569107,0.0162320697718885
6092,0.0195469214945564,0.213648152884257,0.0180828354716459
6093,0.0156672433152632,0.222565266128661,0.0166679147263097
6094,0.0177393566282707,0.221810809254656,0.0197267884613386
6095,0.0226879211113761,0.275165804694554,0.0175650475925565
6096,0.0219640540233648,0.272784005231988,0.0158252657976943
6097,0.0145257398898367,0.298148763379342,0.0189618469989688
6098,0.0289600167329932,0.279520075816134,0.0205602401132729
6099,0.0132905838176661,0.318808094988232,0.0199266142187841
6100,0.0166484164542786,0.28456869005166,0.021081623182933
6101,0.017274813771573,0.304992266226556,0.0198555009331886
6102,0.0222530397202558,0.282111341669703,0.0139091041342851
6103,0.0116028310482593,0.216673717264634,0.0211131642020846
6104,0.0239402170414199,0.253942182071905,0.0202030495196962
6105,0.0156734248304442,0.29921371054247,0.0233187465766599
6106,0.0196570579208424,0.286640513787031,0.0173607031202459
6107,0.0193017109283156,0.275707451273202,0.0203465680615448
6108,0.0126125527515475,0.282208914909969,0.0221088651203264
6109,0.0232429926257762,0.296778807684142,0.0175624098050748
6110,0.0243093123594391,0.216280785074134,0.0193027774857135
6111,0.0244388228455871,0.283324782956095,0.0187767012725157
6112,0.0220956518349772,0.282102807967682,0.0178016761873825
6113,0.0138784822569096,0.397610080981848,0.0130276050771651
6114,0.0224286861486428,0.393725314581923,0.0108447478077659
6115,0.020780250966735,0.406414118578224,0.0140753099908943
6116,0.0191991082321472,0.450106937925187,0.0127618890980858
6117,0.0244209456786779,0.397687497235572,0.0157383934652804
6118,0.0162175569307604,0.374524421420317,0.0165314326837269
6119,0.0194196665635046,0.415740744012117,0.0141653733683907
6120,0.0215214652092587,0.425362488824099,0.0120733799016337
6121,0.016642296403503,0.40621481322495,0.0115868252622222
6122,0.0163619665540014,0.379188888580901,0.017225977303913
6123,0.0154353752997744,0.392969790389171,0.0147412476460346
6124,0.0212575106024787,0.375693447471098,0.0134002582336022
6125,0.0231461314340658,0.285650603391975,0.0206737275469524
6126,0.0187708138872433,0.397543330633858,0.0131238658469579
6127,0.00803719915083668,0.418980278451989,0.0162824638599203
6128,0.0242158992078528,0.392442994401033,0.0110658619468724
6129,0.0209314863568539,0.403184440995616,0.0145605487863813
6130,0.0139845443442546,0.380506082183748,0.0166647089317735
6131,0.0178609224318308,0.425302723425469,0.0137436885107426
6132,0.0209615274045464,0.398541905731914,0.0150171596492921
6133,0.0170866591534304,0.353177224489687,0.0212923837740927
6134,0.0173884769668173,0.390556846823551,0.0160961022265086
6135,0.0220936457775242,0.387786198636358,0.0118076894504705
6136,0.0219380409789727,0.352341143496871,0.0168077136223862
6137,0.0151492210332202,0.448672961335388,0.0116069980668233
6138,0.0160667305096653,0.388190242302146,0.0121589887576796
6139,0.0244929276813955,0.436637924034307,0.0129585418887831
6140,0.0190897698376222,0.368719807575371,0.0128061571922605
6141,0.0211387675668359,0.443396269573545,0.0130224766778935
6142,0.0206753312433603,0.410446330385223,0.0125084301419527
6143,0.0232654177240624,0.391887589432709,0.0188476345244176
6144,0.0174552931852134,0.39096779017863,0.0166656059256537
6145,0.0152736472594923,0.437404161195671,0.0157169436784929
6146,0.0233715649109206,0.374055931352096,0.00958870457728848
6147,0.0137495262037137,0.420084164050288,0.0144189491734877
6148,0.018537137579178,0.394539682968684,0.0158344535974609
6149,0.0259770449171864,0.393054166969593,0.0181716656414948
6150,0.020558665818843,0.391869587827206,0.0160919263165264
6151,0.0167986197257914,0.394637543496881,0.0182638668326801
6152,0.0188391585932328,0.390326140608791,0.0154874410663144
6153,0.0139504551690673,0.389951607523525,0.0159125016024996
6154,0.0183973483116725,0.37949735054121,0.0151715721982077
6155,0.0161187078769824,0.414921588275557,0.014978105111859
6156,0.019826572120552,0.389659409062813,0.018445658881604
6157,0.0178494161687278,0.439236792041458,0.0132611779404953
6158,0.0238358502814991,0.441159474564372,0.0162093296941826
6159,0.0184770587138825,0.435898195582846,0.013488792670289
6160,0.0175856187040883,0.399391480910729,0.0122923356440373
6161,0.0239239386042664,0.413029346362333,0.0108157618408646
6162,0.0229392369249692,0.441334413107779,0.0150345970617627
6163,0.0196150282100497,0.436019742633834,0.0129595346530411
6164,0.0218326381067983,0.375995473732499,0.0127641405080526
6165,0.0208154614973464,0.352385430803143,0.0164567538359537
6166,0.0170525805530404,0.369125975693216,0.0159627008798265
6167,0.017635426275224,0.389367700386315,0.0124571678786791
6168,0.0196898958414695,0.404585483973935,0.0143837869061731
6169,0.0206357734908965,0.411373971720477,0.0169477558479078
6170,0.013501194811383,0.378130696707114,0.0194903026584889
6171,0.0203964510643486,0.438629059036932,0.0109309437646575
6172,0.0149775537669413,0.42262963812756,0.0132125182202986
6173,0.0197483871707594,0.398111471971671,0.0145749552771939
6174,0.0276830821560008,0.388000173222735,0.0122619406197646
6175,0.0202037983475043,0.39465474775297,0.00990026639623475
6176,0.0186887158477301,0.391739721631968,0.0122928167377306
6177,0.0191258852459009,0.369688939395944,0.0147764717600414
6178,0.0256811464699968,0.388104770146028,0.0146515431691469
6179,0.0220768914362482,0.392843133027056,0.0155607149349856
6180,0.0207829048792129,0.422794291629426,0.0131732039537678
6181,0.0208142898870512,0.386310102007418,0.013193431704338
6182,0.0256270826669738,0.394667416866791,0.0127905145417401
6183,0.0230227035832153,0.425217038144247,0.00882046219118932
6184,0.0175089454119223,0.390042407591025,0.0108682964381035
6185,0.0246292172838053,0.377295341165476,0.0139628056000802
6186,0.0161149992148266,0.393604677989348,0.0151094118475437
6187,0.0137023401260329,0.390477104959738,0.0146849315488344
6188,0.0232388708801181,0.396416222191061,0.0106422651685648
6189,0.0137110770931123,0.393263537463443,0.0161284682970634
6190,0.0215051318999286,0.412268458086612,0.011627318719903
6191,0.0170468280813088,0.41677659088814,0.0165450756258953
6192,0.0202597275221428,0.388078437075744,0.0131381019245243
6193,0.0199275124848525,0.384972402663683,0.0131862865829684
6194,0.0131638173467368,0.43711337330989,0.0136106159758802
6195,0.0196088603321414,0.43089537482415,0.0133791034904048
6196,0.0213691890441753,0.372353011860426,0.0120669129834838
6197,0.0179102163609631,0.382784574848172,0.01291010149462
6198,0.0152317962589752,0.284057602713867,0.0158402994036505
6199,0.0165294229296915,0.329943731946372,0.0159151617247653
6200,0.0187802226224831,0.275477584266088,0.0182755270237794
6201,0.0242411813582276,0.284270872328114,0.0183413246672346
6202,0.0206753849958329,0.286889795337331,0.0159135591304053
6203,0.0197121801904925,0.26795634605001,0.019320279953588
6204,0.0235566433737402,0.233784315591711,0.0183798737324569
6205,0.0189210956624461,0.237502387242654,0.0194182512559851
6206,0.0185114890768653,0.238093311448949,0.0242134604010878
6207,0.0240920503052834,0.250376622401477,0.016510509125582
6208,0.0176248225516733,0.222623157513121,0.0236059377800503
6209,0.0188520327288656,0.235656270116652,0.0166621892120426
6210,0.0184380089327629,0.284877950588932,0.017295685342435
6211,0.0188551356670556,0.235801576249399,0.0194583309841575
6212,0.0200632719949272,0.234426441201736,0.0233215333396296
6213,0.0226340413790484,0.227395700082925,0.0198289729869285
6214,0.0160583779496597,0.228133396435498,0.0163203617148559
6215,0.0186263064824239,0.219243980717697,0.0159859078063038
6216,0.0253430328993911,0.212812431762307,0.02213096929577
6217,0.022691664208811,0.235941994826757,0.0184371922683143
6218,0.019610225352235,0.251783028052437,0.0209273997411521
6219,0.0195991719488478,0.2179411863058,0.0202795681618502
6220,0.018881827448468,0.21254195470895,0.0167392705277729
6221,0.0153280654286762,0.251609519906696,0.02057023367751
6222,0.0199755786054382,0.277139277155103,0.0194608779398859
6223,0.028660920508544,0.291036652388895,0.0154108411412247
6224,0.0202990949632827,0.276381246935744,0.0166556456875448
6225,0.0151056317914713,0.275170147437791,0.020941334548593
6226,0.0234504502864491,0.358416652418341,0.0200261212866642
6227,0.0170108788195895,0.4048629148898,0.014083571757965
6228,0.0246153478553481,0.412397535055793,0.0153103056961598
6229,0.0212141221937231,0.385292969081778,0.0184132805050235
6230,0.0186767599686128,0.393006557589155,0.01157386575225
6231,0.0222904765151643,0.373542658337469,0.0156741502940614
6232,0.0145528188085248,0.397025396976863,0.0207629523499633
6233,0.0171286819611777,0.396764121203426,0.0121011553397275
6234,0.0199194774217416,0.384370520202026,0.0129570318513121
6235,0.023540302389199,0.391273783203468,0.0154906427283437
6236,0.0265025686925818,0.380915797472363,0.0132316020721161
6237,0.0290926735981692,0.398103954530689,0.0105155854422298
6238,0.0270101155339524,0.386578396596024,0.0130428282966799
6239,0.0160335104655707,0.281929102962983,0.01855216709127
6240,0.021322416319765,0.278093577760479,0.0166977767949188
6241,0.0189952536895622,0.27203219984873,0.0186639788597209
6242,0.0228805321618975,0.234224436170761,0.016966908685216
6243,0.0213063293587196,0.317984859006075,0.0173530742411228
6244,0.0191802787747826,0.372121961364376,0.0192373307601702
6245,0.0206575841601003,0.386388665977473,0.0179214652829611
6246,0.0182661558814302,0.395516725195971,0.0169796157278601
6247,0.015886822335887,0.390190665625305,0.0165434464327887
6248,0.0154555856807658,0.381799255781264,0.0103159301522129
6249,0.0260805817617904,0.374885199444678,0.0155972835347553
6250,0.0110259865615786,0.398924240631058,0.0165823649059722
6251,0.0076459180067205,0.384784408539009,0.0144769108670057
6252,0.0147588716577959,0.384636728326712,0.0113878869689855
6253,0.0176966657791539,0.396313866475056,0.0186559759480039
6254,0.0171212675585857,0.358387376814187,0.0147004607855176
6255,0.0163320586655977,0.40307711799327,0.0162066485067379
6256,0.0207677141027895,0.396370363155088,0.0143391794566426
6257,0.0206960809598058,0.424749775128802,0.0146138610192756
6258,0.0178837841366506,0.390922368483198,0.0120217095658582
6259,0.0214671491622542,0.39590842830567,0.0120199473472238
6260,0.0166192073555306,0.39596660922506,0.013311800177234
6261,0.0216186315710562,0.382323430883979,0.0131982438451435
6262,0.0162608336939146,0.371889322441417,0.0142296329278288
6263,0.0140333377004304,0.387315491617805,0.0142470881792869
6264,0.0207977494668165,0.384165944579814,0.0140080439436998
6265,0.0223074115544937,0.426496424148535,0.01396821118313
6266,0.0169134147201214,0.388045444886905,0.0140467780104253
6267,0.0268919508266011,0.390310914548139,0.0127908023241688
6268,0.0176788217782073,0.445068911401493,0.0156923634013789
6269,0.0158203948148031,0.448481748258332,0.015059935854424
6270,0.0162628155943227,0.378519157483837,0.0108494832132257
6271,0.0171624731839484,0.388813987488125,0.0144572319423035
6272,0.013425427590138,0.396215861560522,0.0123603580910673
6273,0.0189715589568833,0.391096141139764,0.0141072499847358
6274,0.00916935070572771,0.434339390075667,0.0130142818303492
6275,0.0171381551719597,0.390887260526164,0.0130397047837176
6276,0.0187326417469531,0.386306500109329,0.0110783917526458
6277,0.018995650228689,0.452259714446805,0.00969618770413226
6278,0.0159010479783522,0.394684571704186,0.011019066952649
6279,0.0209392762778038,0.377235099751223,0.0172819103521177
6280,0.0140248186437944,0.418265110356881,0.0213614365576331
6281,0.027332162866254,0.347610587371996,0.0160478706670415
6282,0.021088386764469,0.357919287291116,0.0235366490578955
6283,0.0234909429546059,0.255001708194902,0.0201418775676864
6284,0.0191843481778913,0.291468604782196,0.0171387852284538
6285,0.0155564336570616,0.355927606917352,0.0165245354687227
6286,0.0207306334397695,0.398859275303113,0.0150860568392362
6287,0.0174597217150823,0.380017108173955,0.00938069368201414
6288,0.024665915975718,0.393817335181403,0.0159673920588511
6289,0.0265703560276926,0.388082543697288,0.020762365338774
6290,0.0223353302061026,0.393959601115398,0.0157470546911821
6291,0.00656533239392369,0.228740189222121,0.0248919744279212
6292,0.0221877465339959,0.284226794726388,0.0171725135407699
6293,0.0203468343202373,0.290632151774907,0.0134073966746619
6294,0.0220099437625828,0.340816623614973,0.0240557993675905
6295,0.0156705815123108,0.38932052279322,0.0143553351889172
6296,0.0229648963908092,0.373253981162495,0.0208007564010765
6297,0.0218813677136289,0.435730659709794,0.0115217258336384
6298,0.017148575451721,0.433164190387192,0.0123769363650445
6299,0.0183523718291756,0.4394896518903,0.012334719693505
6300,0.0165693725775135,0.421405952134853,0.0119114650556958
6301,0.0207237248125848,0.397103157414798,0.0130884892926882
6302,0.0209791782752176,0.42742126232821,0.0112908323089119
6303,0.020672761776023,0.3813751928408,0.0129500889442412
6304,0.0216884936686918,0.380389854632468,0.0151107551600318
6305,0.0105728496706917,0.374319456187919,0.0150507538873576
6306,0.015652159952168,0.39524459649006,0.0197401043812172
6307,0.0213629265079182,0.465012953424377,0.0137182504197036
6308,0.0164462715513159,0.391753673401449,0.0118025458284329
6309,0.0232915299515411,0.449411457000743,0.0124966956095595
6310,0.0226596385286815,0.395815658282279,0.00972120378130612
6311,0.0176641329274986,0.481667082472184,0.0130312294138203
6312,0.0184020453097488,0.391035547509511,0.0151636339444879
6313,0.0185454651192524,0.377212747393435,0.0130785767203017
6314,0.0197862702117884,0.399254993635024,0.00999901348725162
6315,0.0182834784248581,0.441154594283329,0.011987295661353
6316,0.0160890480638348,0.413555697256659,0.01233974310416
6317,0.0116263683405297,0.390348444967005,0.0121900391197666
6318,0.0170004510002974,0.39826231476896,0.0147835211764831
6319,0.0184145294368176,0.388876041043227,0.0204574258078453
6320,0.0206484213251802,0.381882726718428,0.0130850632267091
6321,0.0109531649424523,0.389429855335502,0.0183156926843023
6322,0.0202478571801086,0.398180124781628,0.0134832147246714
6323,0.0226898809728558,0.379069273013319,0.0126452283593604
6324,0.0245944036787768,0.411478228938684,0.0130408159647984
6325,0.0206241141693019,0.447940560686037,0.0109359346110344
6326,0.00956149076200887,0.394013860047387,0.0208887676571129
6327,0.0186667572354828,0.397295941404699,0.0155502480084214
6328,0.0144779976756851,0.39186140941477,0.0150914115255641
6329,0.0202217920199523,0.387805227525396,0.0120320970579085
6330,0.0235440072395947,0.381274818544154,0.016734434418621
6331,0.0184873592627549,0.39283111939169,0.0170754523559058
6332,0.0157963955018112,0.401214840248817,0.0174557351551277
6333,0.0190982532298243,0.427654714193739,0.00993953915451735
6334,0.0120774164138989,0.41706637267202,0.0127121182984316
6335,0.0219341220798242,0.392245804935764,0.0125111159624077
6336,0.0126926086594106,0.39830431612841,0.0147597062672738
6337,0.0225309321288893,0.425519381498833,0.0122181680804096
6338,0.0205538691235216,0.435088692922032,0.0104540260254686
6339,0.0155758123269546,0.396838378885357,0.0180769676239009
6340,0.0210081779058328,0.392456171049935,0.0119164641839431
6341,0.0108738981636316,0.392513079854408,0.0116560789517286
6342,0.0151853975530896,0.371294879718205,0.0119412766992213
6343,0.0214711981190177,0.390252655185733,0.0125081419617378
6344,0.0171672771095013,0.426822388895021,0.0146099478504759
6345,0.0153225113840464,0.438336054997089,0.0122954677414389
6346,0.0172544351135299,0.440450296198822,0.0110539762877087
6347,0.0219586936569911,0.444917961524548,0.0131332864801675
6348,0.0194995071749679,0.385396235424944,0.0129887845797293
6349,0.0152093516219334,0.402619071881917,0.0151311439604244
6350,0.0135227989892778,0.412600424576475,0.0125256347916749
6351,0.0175246832912841,0.420523579566994,0.0136942159123172
6352,0.0237817369427249,0.377516422653854,0.0145717481010571
6353,0.00806946790676851,0.393910980251144,0.0145414098846431
6354,0.0181508995038405,0.371738086661311,0.0137295293363084
6355,0.0199798151275297,0.405830786732163,0.00996419308461596
6356,0.0182572156101933,0.390373056443449,0.0170462275563335
6357,0.016668698160353,0.379581977360021,0.012047415224915
6358,0.0246348033545027,0.38772528567651,0.0199821563046342
6359,0.0221370997973725,0.377585263631744,0.0127378177630927
6360,0.0200266697762669,0.395286438144023,0.012638512690415
6361,0.0162038460126213,0.430001000388499,0.0148741464945126
6362,0.0205261620954206,0.390036998988838,0.0135014305781193
6363,0.0238579148563527,0.375354947616104,0.0186310547406411
6364,0.0154183848645887,0.378133819797726,0.0164914694892791
6365,0.0218590967229551,0.377961983122324,0.0150454891802806
6366,0.0204485644816528,0.376352529193016,0.0157300155900699
6367,0.0197861696816739,0.420471758558798,0.0119951475810817
6368,0.0254560769417188,0.385555056974599,0.0128655723356438
6369,0.0184607517922384,0.387102688941188,0.0128531991857982
6370,0.0169795376374498,0.484833013381032,0.0106700895732428
6371,0.0187524976899866,0.394347821843466,0.0131582086169776
6372,0.0201827584034239,0.427491664041551,0.0160736218834058
6373,0.0225794457029839,0.398869096991415,0.0123283118424272
6374,0.0230836806375408,0.420472374526214,0.0143490671123236
6375,0.0218735314423555,0.374187561713467,0.0165819677047327
6376,0.021888749145837,0.391720482668012,0.0127831877867576
6377,0.0281935705644931,0.388197024573605,0.012870594557864
6378,0.0213975945655134,0.392988675776443,0.014011721458914
6379,0.0229058509609412,0.375066339486957,0.0133284671706035
6380,0.0159812407409184,0.37330978973027,0.0144431206541646
6381,0.0162256592383216,0.40418277078066,0.0131392420445983
6382,0.0132129447076563,0.379877815682763,0.0128150634986128
6383,0.0139480734934496,0.390263302579762,0.0149670510510844
6384,0.0162929727665465,0.378501901095758,0.0135923150827253
6385,0.01960316646266,0.380495562855986,0.0165161927362691
6386,0.0148773458005456,0.392053109328594,0.0198869057879243
6387,0.0219373392959555,0.443305184387811,0.0125047188188862
6388,0.0169920186291075,0.410667269733162,0.0130566447952798
6389,0.0172279790798728,0.47921604157461,0.0147743784792097
6390,0.0178723546656988,0.44528970541578,0.0117754284481782
6391,0.0175201920048507,0.387267693378303,0.0137955502352379
6392,0.0197003578363448,0.374178655285027,0.0103387277265926
6393,0.0169852973050614,0.391870488691483,0.0129912800500521
6394,0.0246115049334028,0.445590987049088,0.011844093832578
6395,0.0220282510805948,0.411705380833831,0.0143597797989355
6396,0.0191444388786635,0.393137579975969,0.0141332316602951
6397,0.0297372273714735,0.395298403862125,0.0145315439702103
6398,0.016313244459042,0.392996314912953,0.014605132836789
6399,0.0220735625677986,0.369462430274391,0.0114666098234282
6400,0.0224788787808087,0.372775184327146,0.0107428670044667
6401,0.0125296477788235,0.394065116626231,0.0123408112688587
6402,0.0189312306443089,0.374603056978258,0.0179166111068087
6403,0.024993563800199,0.485746792134825,0.0117978089890052
6404,0.0219300260164058,0.43526769710029,0.0110684800240328
6405,0.0203524107110193,0.440555973471253,0.012660164432811
6406,0.00871799076199389,0.479739679628016,0.0103810810473422
6407,0.0165293333029717,0.432602336191106,0.0094763077515183
6408,0.0203794801848424,0.374417554227918,0.0135626558810069
6409,0.0158562315250536,0.370038386798504,0.0168755590053877
6410,0.0154814668619245,0.373467332481005,0.0134021192628961
6411,0.0207625762870332,0.37635588014949,0.0128639384612865
6412,0.0276443322050819,0.298600459890373,0.0174920724701357
6413,0.0228911264972539,0.284021693988584,0.018555310014863
6414,0.0267676989033257,0.275961811400278,0.0180004317784907
6415,0.0197366401722594,0.304477019767225,0.0187827315137964
6416,0.0207503564696739,0.348181784860514,0.0173752178804297
6417,0.0224435161486117,0.396186029389199,0.0153552220409956
6418,0.0148601532501985,0.399215293233484,0.0151692558022106
6419,0.0218446663473988,0.396608166029332,0.0166185689772774
6420,0.0171709657331719,0.385148651322641,0.0121666080239988
6421,0.0198876937807093,0.44688432960487,0.0126096227623018
6422,0.0191332639692989,0.385193024746965,0.0109454440494107
6423,0.0207443771831201,0.396349412418116,0.0165721610771222
6424,0.0172841061606315,0.387585706012412,0.0152846503035675
6425,0.0153825518106592,0.392546728522515,0.0177691016917008
6426,0.0189931705341752,0.390186786439509,0.0145171806072779
6427,0.0206982734133112,0.394774365793147,0.0165395909761062
6428,0.0128224816236558,0.385869117776819,0.0145880143006049
6429,0.0159024089206404,0.398988905549991,0.0140888932274599
6430,0.0203331263272895,0.387478279025497,0.0105437092514791
6431,0.0237971201425344,0.37232307862272,0.0128564403869986
6432,0.0262105374779954,0.375065300725034,0.0111762776776478
6433,0.0214866636163563,0.381760686188065,0.0192158017336193
6434,0.0157400489064885,0.401312401305791,0.0115576701228968
6435,0.0165153093211578,0.438443468760366,0.0158807883000742
6436,0.0190587015054648,0.39910625390826,0.0138693657527329
6437,0.01800716202515,0.355109248839712,0.015738498457227
6438,0.0200045036624173,0.387505992767532,0.0155246129573911
6439,0.0210092303935125,0.380627172856331,0.013767212017502
6440,0.0157426952711812,0.38458611359508,0.0136727948026231
6441,0.0194509121740491,0.440893031184596,0.014079565596955
6442,0.0182094127702348,0.387699765796404,0.0167076174438623
6443,0.0167490311809204,0.376084629132344,0.0131143321662777
6444,0.023420706354403,0.378509892010082,0.0130002833416463
6445,0.0234445069868125,0.427435094546459,0.0154172510066666
6446,0.0228266333723921,0.399639278431078,0.0123767219641739
6447,0.0190177635210847,0.387612173508833,0.0122607421956684
6448,0.0195488573460939,0.384207832079265,0.0158491282399806
6449,0.0234729606041168,0.392099326739538,0.0133112271279132
6450,0.0206926512602346,0.397992927341604,0.0159068320904956
6451,0.0158896241640388,0.376707063915463,0.0140874093651854
6452,0.0262622105416708,0.38754289121578,0.0166213773535834
6453,0.0221343797979096,0.387253199130623,0.0159776070762819
6454,0.0215868236031024,0.375686056448967,0.0157058505648685
6455,0.0266350145718595,0.401978351528701,0.0140045973179643
6456,0.0216382546892735,0.397961010605251,0.0137009303624765
6457,0.0164272753837267,0.394901977953294,0.013332594932932
6458,0.0195167671269852,0.382033991119778,0.0135938935423165
6459,0.0178087265721533,0.408202672220768,0.0118956887654533
6460,0.0257797315405653,0.392922545437303,0.0132476084391693
6461,0.0132018401216048,0.380004158762716,0.01661050103316
6462,0.0213962054739769,0.328349078420372,0.016546733527858
6463,0.0215962693230133,0.284850421313645,0.0191273500925667
6464,0.0245344815086869,0.29252820619283,0.0172817341749144
6465,0.0209447587125274,0.272336768556011,0.0214363953374981
6466,0.0168519711333689,0.3148906924564,0.0217796534803877
6467,0.0188255942303988,0.396263532942675,0.0158983913419733
6468,0.0227740848705335,0.389476282796751,0.0164137358767847
6469,0.0144049839226518,0.404819521847817,0.0187961522455233
6470,0.0173192532941212,0.405404110145604,0.014970190653559
6471,0.0212244413023861,0.436818298389936,0.0162149770067776
6472,0.020206730420589,0.389973486812182,0.0131843787646328
6473,0.015524294020052,0.385071088767809,0.0172150281089781
6474,0.0149701254660954,0.413876781788592,0.0116967421624746
6475,0.0224119030837273,0.386695069606171,0.014805689209626
6476,0.0205272779256687,0.444069664286769,0.0124252406317202
6477,0.0199575708080365,0.399473533226624,0.0118574545020381
6478,0.0148631963434149,0.39661466879768,0.0153905927418243
6479,0.020596311632391,0.383111771704147,0.0213606143292913
6480,0.0195448821328581,0.391006452894116,0.013591550557281
6481,0.0223498297359911,0.357807185939867,0.0148294877106144
6482,0.0245429937501633,0.391242027673215,0.0116984773226511
6483,0.0186028059940848,0.449875365796745,0.0113562750102771
6484,0.0204241235019454,0.387048811172271,0.0173341678066625
6485,0.0114702419307662,0.390058786241662,0.0125751881352205
6486,0.0179169457763065,0.43714875214163,0.0111948043321791
6487,0.0185928314939577,0.435143516792049,0.0130480904202865
6488,0.0189996064287341,0.398246652892969,0.0152089489481366
6489,0.0197529844681701,0.395233044545338,0.0132493767963804
6490,0.0224433498237166,0.354697332006775,0.0133100349394567
6491,0.0226750289093184,0.391225913315575,0.0141566799003279
6492,0.0190012839828823,0.392834879975124,0.0172822451021484
6493,0.022126865096506,0.392021386704701,0.0151376427579399
6494,0.0213066812693286,0.434645260387463,0.0133147692814486
6495,0.013441227775984,0.471285527884101,0.0137052123849368
6496,0.0209660293369174,0.395337964567959,0.00923263939284359
6497,0.0187570255591057,0.391479985567969,0.014514805543871
6498,0.0264829707521556,0.390394940223406,0.0120093441800733
6499,0.0181239951857961,0.383073896811137,0.0125312384538055
6500,0.0141937164399222,0.383739132841742,0.0135898701319006
6501,0.0155800734746964,0.389941663619798,0.0130506143245477
6502,0.0190002575391938,0.397411041947163,0.0144493245145724
6503,0.0112522945481313,0.381364598793055,0.0127385091419307
6504,0.0255216845772358,0.38817327637456,0.013672011171811
6505,0.0180791503985842,0.376097744112048,0.0161794193535702
6506,0.0218673585971226,0.386768732273813,0.0155111720063313
6507,0.0203647086372114,0.376257940391087,0.0128031406535705
6508,0.0135826804791704,0.379631330030837,0.0120832548346282
6509,0.0160696791045053,0.388347841932884,0.013002469669516
6510,0.0138322186022556,0.390363694611832,0.0126782744652835
6511,0.0119220009597583,0.393078944392854,0.0149760772770934
6512,0.0186041681789273,0.389825762626499,0.0138707574979383
6513,0.0233421408502342,0.396663066946614,0.0115604973017781
6514,0.0205496763959375,0.397060368007318,0.0156472676073788
6515,0.0228177568745261,0.375017268445931,0.0134988012424076
6516,0.014821638969809,0.394399767693217,0.0133888364959305
6517,0.017882478635072,0.398859392358284,0.0171729872390828
6518,0.0286906660169618,0.391895899046988,0.0114787243982147
6519,0.0247127153325024,0.427070783083311,0.0115973812246903
6520,0.0203594456339447,0.399198282370253,0.010573699646525
6521,0.0120044909046417,0.395917837586415,0.0160275412869335
6522,0.0109405937243554,0.395917837586415,0.0120194031480781
6523,0.0172599646101687,0.397647938972271,0.0165010997440289
6524,0.0215980252457795,0.39623391217171,0.0146775289727271
6525,0.0233695791584128,0.379012539721907,0.0186059590207399
6526,0.0236211242677101,0.41917483824007,0.0112645384414844
6527,0.0208580506483436,0.396084098513439,0.0160024551338504
6528,0.0194157859909343,0.386127664659744,0.0139507400129785
6529,0.0204643758728758,0.380866749327355,0.0177317231223019
6530,0.027182966567184,0.375200398560197,0.0164579949775291
6531,0.0193194829809722,0.39118079134626,0.0117608884457161
6532,0.0251922099496279,0.414216036367908,0.0111764077979132
6533,0.0243236137566083,0.3803845453137,0.0139950263291755
6534,0.0199980141265711,0.376167316183194,0.0124886264502339
6535,0.0207355776507169,0.376639156763259,0.015050518535537
6536,0.0215234664898743,0.420591530220156,0.0152724918988643
6537,0.0156955656517262,0.395160304693243,0.0100681157575395
6538,0.0179594145343571,0.443206288767821,0.0112239904240525
6539,0.0188031540937213,0.397444207512507,0.0160291182234391
6540,0.0227324568881516,0.39331216118495,0.0190941324155518
6541,0.0191197212847581,0.36957975077814,0.0145371781536032
6542,0.0225599362153477,0.396195357805013,0.01450827460381
6543,0.0160584261613365,0.389222723201569,0.0138713536987847
6544,0.0176611106678117,0.422706652825105,0.0139105181684102
6545,0.0147205090410496,0.375546945029435,0.0146232850662706
6546,0.0124873067505481,0.37784917260769,0.0117680946271125
6547,0.0253480848491133,0.391846373333504,0.0113401902563811
6548,0.0153710571746993,0.296265465115435,0.0204000218325938
6549,0.0192906721153706,0.237460151655326,0.0191887767934585
6550,0.0194848122100429,0.276256659862118,0.0148495861245314
6551,0.0233508570322343,0.291951662483618,0.0181825275606533
6552,0.0166818379498099,0.36186677749493,0.0169475194602129
6553,0.0252405945851099,0.395834685539204,0.0114482402678915
6554,0.018321915919988,0.390878572496454,0.014040584237932
6555,0.0217336889180049,0.390993011329532,0.0129341739286567
6556,0.0153928242824902,0.439631293807928,0.0103518813584501
6557,0.018436547721496,0.433812091458691,0.0129733007583913
6558,0.0106954731541086,0.426352712502736,0.0119711125872496
6559,0.0185141793735835,0.379556237219954,0.0117741912622891
6560,0.0189949660872954,0.377216224765197,0.0153465207276045
6561,0.0227850719041422,0.3837395754351,0.0110563112175908
6562,0.0140832976016968,0.374548331503533,0.0142057902429856
6563,0.0228803647997309,0.368669581423857,0.0134033612015606
6564,0.0203250886440202,0.395544750619353,0.0134375414824684
6565,0.0179764704039169,0.430337039387411,0.0174511505697098
6566,0.0159376520767456,0.433122387988684,0.0159337943950952
6567,0.0153002070932355,0.426735760256893,0.0145352369394319
6568,0.0209683003911576,0.446630675840725,0.0118211679854586
6569,0.0190684229302774,0.385168720562383,0.00963610650121997
6570,0.01288581281783,0.390232027618266,0.0159071541013717
6571,0.0194205604106002,0.396227943844519,0.0151651312185557
6572,0.0151359201701732,0.374512594157795,0.0164164106546912
6573,0.0202636729654295,0.391467902862308,0.012847015826789
6574,0.0219791272331375,0.405375309424139,0.0143849733745349
6575,0.0151568741728657,0.398741692348866,0.0174572823704027
6576,0.0219723944627236,0.442877709686753,0.0156155798526811
6577,0.0209081510499018,0.448649046042264,0.0149672741633566
6578,0.0176973309531256,0.432421573583598,0.013002850648861
6579,0.0188262306671381,0.384541613552257,0.0133944975966231
6580,0.014876478520456,0.379714695364009,0.0142938386262411
6581,0.022317236265734,0.373090970978652,0.0147418223712194
6582,0.0192843331748292,0.379500380093111,0.0164738479093042
6583,0.0200454674076187,0.274754873152931,0.0185689654760014
6584,0.0140827830709574,0.3466610288249,0.0144673753281078
6585,0.0159580665702243,0.356593514474327,0.0152197632178149
6586,0.0153854096952364,0.38281647116811,0.0122631392407474
6587,0.0161426480778733,0.398481738108822,0.0118616172387096
6588,0.0165949379069949,0.381120628784648,0.011489271278658
6589,0.0167684610469892,0.376196453126668,0.0163979847589513
6590,0.02024067998401,0.352566204283839,0.0131416078637164
6591,0.0212461515037095,0.347192623239579,0.0189344490698957
6592,0.0169155894642959,0.436212122301115,0.0123417876108749
6593,0.0160045094512496,0.389261115295505,0.012278759169636
6594,0.0175973095090746,0.398038159257131,0.0172535149264712
6595,0.0247471871918471,0.395466729358129,0.0144737969817378
6596,0.0226292815667174,0.380558737191967,0.0137872355285045
6597,0.0187768639994124,0.378675989318977,0.0175548203341229
6598,0.0210138052327496,0.340847438116249,0.0166119627761006
6599,0.0164131428716495,0.358291811473787,0.0161929643820146
6600,0.00873537199266964,0.435550857304585,0.00909499566618392
6601,0.00889145958863709,0.397730694534224,0.0122053408135481
6602,0.0223081600991317,0.377490524962236,0.017452302300384
6603,0.0161689301993839,0.354586381473508,0.0159267590646866
6604,0.0268112377504788,0.387957331465031,0.0140619202809258
6605,0.0222626492411271,0.390238775753926,0.0171309896191896
6606,0.0214648180203414,0.393752108649117,0.0146380510131289
6607,0.0191977491934595,0.385171993820207,0.0182452225570557
6608,0.0181932870885055,0.39360223278999,0.0179000443358602
6609,0.0225571002173472,0.322006076019415,0.0182608154299794
6610,0.0228333348378127,0.236363457093347,0.0168193353511259
6611,0.0263310662267205,0.262058878544341,0.0197070032089887
6612,0.0178104062075344,0.227052881487175,0.0199606227950521
6613,0.0258737468421666,0.271905777272485,0.0152947969584476
6614,0.0194498203525336,0.229974489052912,0.0207126640819888
6615,0.0220596968809231,0.213592974813323,0.0194991045575267
6616,0.02063186245971,0.2219505395504,0.0189959550228676
6617,0.0107023281591387,0.219523554160269,0.0178866740423822
6618,0.0193247438379993,0.206319459456347,0.0243017515347962
6619,0.0233933378403671,0.229450545330399,0.0179478588680058
6620,0.0203326461758291,0.244297044073904,0.0178962511697387
6621,0.0216177798631997,0.221421569854372,0.0199110621683674
6622,0.0165175816716635,0.230685563667757,0.0117467155978159
6623,0.0183255166839631,0.264375368597255,0.017772579909706
6624,0.0201026499246524,0.222767247504791,0.0216400263725428
6625,0.0193470959789697,0.211884242604909,0.0293756800848905
6626,0.0240266439684574,0.218209869158371,0.0193301415227274
6627,0.030158963914959,0.239989867760888,0.0301938443826866
6628,0.0189440377488161,0.276523556190532,0.0193479677964324
6629,0.020482919142842,0.297721480321044,0.0174064718421989
6630,0.0221635698920923,0.286155106429207,0.0196743889241272
6631,0.0183417636250553,0.223444056403118,0.0171781740147422
6632,0.0239830080464507,0.285085440604828,0.0162193161747621
6633,0.0237166349621509,0.277784869354251,0.0197533815233113
6634,0.0213699112885784,0.287466235851512,0.0232444210920869
6635,0.0194405815497936,0.304476026897224,0.0176736840199213
6636,0.015966855370913,0.289027435998854,0.0139382831043986
6637,0.0207853661869875,0.291497770890986,0.0179749843960735
6638,0.0212226753162199,0.354626246477089,0.0112514017369043
6639,0.0132790963121425,0.380091071183214,0.0133365229979681
6640,0.0173410839154172,0.389000644341183,0.0149496934122172
6641,0.0214234801613253,0.403286208625178,0.0123847101710527
6642,0.0239100132113983,0.394659652769414,0.0127962651184993
6643,0.0227330101718876,0.391308224976888,0.0137316634439202
6644,0.0141305971076565,0.221589794724398,0.017351435778961
6645,0.0215277871387531,0.229698036777569,0.0170414158451102
6646,0.0247105128835678,0.27584422842675,0.0204415708034846
6647,0.0260800769749921,0.237652978869227,0.016008616640135
6648,0.0250669301675093,0.222002521584861,0.0153169486970123
6649,0.0200959298542215,0.207545390504043,0.0181613606204552
6650,0.0208674634736689,0.305225823216395,0.0214168098058179
6651,0.0160922526497961,0.278173151496472,0.0198533559032869
6652,0.0267963097936291,0.291370894107196,0.0198070863809398
6653,0.0217220378397328,0.34535386565401,0.0159524971481633
6654,0.0182937240027131,0.383966861189385,0.0163943606337175
6655,0.0173753917841033,0.375291522063481,0.0147728691536522
6656,0.0203198357886856,0.432790543147563,0.0146484518583356
6657,0.0221847671257997,0.390164622920972,0.0120385466286387
6658,0.0110962923212113,0.393678759036486,0.0168853873919957
6659,0.0201204877283726,0.377499651189369,0.0140706969337853
6660,0.0207905034481407,0.407426304602729,0.0122396868612286
6661,0.00735086945249107,0.377505240001811,0.0196487646449245
6662,0.0204696943285085,0.394350659574821,0.0135236513109111
6663,0.0287908986156118,0.398934361214449,0.0154377113292721
6664,0.0172757985658815,0.392784366918988,0.0168844093178498
6665,0.0215553290974339,0.400488573026199,0.013719132660852
6666,0.0247824276289828,0.38806930829644,0.0158778826979105
6667,0.0248874184765435,0.393777513654329,0.0182228764003438
6668,0.0206752477793777,0.390689309654291,0.0116616701323294
6669,0.0135387563236821,0.378426683673581,0.0155952467688707
6670,0.0124933515743863,0.392248560271563,0.0153122004380495
6671,0.0157108671185819,0.38676311167566,0.0108278447194905
6672,0.0198507236137447,0.393607787580814,0.0135501460258945
6673,0.019161093212986,0.397175187818221,0.0130808649737708
6674,0.0191762083785766,0.393544773571206,0.0151362127675591
6675,0.0202223643530875,0.395630893759875,0.0126825989727986
6676,0.0226863369104203,0.378958086225677,0.0115413946162012
6677,0.0180077324415937,0.391921303748065,0.0138902625713424
6678,0.0202803701230451,0.414644361419138,0.0117662289978399
6679,0.0221516564847189,0.391765868799159,0.013249231883511
6680,0.020492385106294,0.37882633835274,0.0118763251509168
6681,0.0254046221905855,0.392647402041554,0.0144030965488019
6682,0.0228170758778068,0.394701792305679,0.0190693681658556
6683,0.0141278815928221,0.373063488706065,0.0173937630102628
6684,0.0103641567942874,0.393775660711097,0.0145437502518516
6685,0.0163736183741564,0.379385173071917,0.0170395886833651
6686,0.0172255486964474,0.462146604429634,0.012062849983969
6687,0.0170375924359842,0.388887556371339,0.0192938311840657
6688,0.0239438891432923,0.343714527491299,0.016885109906608
6689,0.0177933194530222,0.391425710826381,0.0137731819069847
6690,0.0254686553472506,0.288209041418711,0.0197917980628443
6691,0.0145149316656697,0.28742675650823,0.0190718756163685
6692,0.0144748807120711,0.225564768664429,0.0238273491855289
6693,0.0157499484278897,0.261288878663815,0.0167875812233937
6694,0.0176217677350688,0.272350478480862,0.0142221987070093
6695,0.0270879190850645,0.248234039063539,0.0193412340805014
6696,0.0218864934539219,0.22842344191507,0.0178769543774973
6697,0.0168714534367483,0.263098882850485,0.0178843591401543
6698,0.0252217343204845,0.275213127586568,0.0176367599362025
6699,0.0183939847320808,0.298398087176614,0.0179762147885279
6700,0.01773964576976,0.232391922096945,0.0301974309162182
6701,0.0200723585273706,0.235324781838935,0.0193051893249318
6702,0.0145870076554518,0.303092884092305,0.0187966104503385
6703,0.0231739415142776,0.286874219280004,0.0148308433151509
6704,0.019544784236333,0.294210489197279,0.0175334266910887
6705,0.0201265392916931,0.280963138129811,0.0216042303385794
6706,0.0192649286547207,0.346226957379304,0.0152402146667263
6707,0.0222407909786409,0.376446233878768,0.0181144456448752
6708,0.0228452852448646,0.319334352513309,0.0156565020371914
6709,0.01670167635435,0.290044289773701,0.0186323960162493
6710,0.0209212022756854,0.288960037100049,0.0184651276825415
6711,0.0217705455384419,0.285453915842914,0.022023208073292
6712,0.0187615538602698,0.225551928268563,0.0212999219828594
6713,0.0231551762591859,0.25396226625691,0.0208791695167098
6714,0.0310605459110299,0.286411484502242,0.0160827194390589
6715,0.0170479932314534,0.276719202706324,0.0162834897647237
6716,0.0175756738712477,0.285138722366355,0.0182364907437735
6717,0.0172633524062267,0.353653517959142,0.0155894949268764
6718,0.0106083507024272,0.397502050387686,0.0128943716756571
6719,0.0156125612602182,0.376510534378405,0.0119190054332048
6720,0.0158351832590061,0.375935260124366,0.0156192461448194
6721,0.012895005331116,0.391782602606418,0.0156814353673385
6722,0.020085367540526,0.396689678331638,0.0142190753931677
6723,0.0126545462245146,0.436838905126303,0.0118690869770629
6724,0.0231806863238264,0.426514486861848,0.0118513097034766
6725,0.0207170280970978,0.438466903543627,0.0103868209171832
6726,0.0167071886289058,0.399451089266138,0.0153587880234509
6727,0.0203740510819451,0.391707638143696,0.0128265233763019
6728,0.0169622321424462,0.397151005502064,0.0149904556133148
6729,0.0232454871830625,0.388969934679121,0.0173191557203975
6730,0.0230509674215019,0.342351024758712,0.0206887562570237
6731,0.0185665669256526,0.374867250628328,0.0218740166701134
6732,0.0152625127843468,0.396723167260843,0.0157651228972035
6733,0.0205798551340511,0.437561781533946,0.00995356925123431
6734,0.0153945454387992,0.371348888708644,0.0134392148360655
6735,0.0180873622704315,0.398276658531762,0.0181810363412882
6736,0.0174788226609769,0.368399539247893,0.0119669321997197
6737,0.023993125111129,0.397020621043927,0.0129640588907661
6738,0.0161397332007879,0.404008081320401,0.0164334804725437
6739,0.0181793115250409,0.399089468866304,0.0130874470034402
6740,0.0192148600351176,0.387486018766589,0.0109916760106675
6741,0.01652336461883,0.387472992548481,0.0143991257919689
6742,0.0147847002972702,0.377711489363221,0.0181301369465465
6743,0.0197149272511039,0.379891764698083,0.0144272010050747
6744,0.0258963411135085,0.370971934076465,0.0149974047375533
6745,0.0218847225536702,0.379356361802296,0.0145771376583939
6746,0.0159649331409314,0.384679676558563,0.0171473525644576
6747,0.0105099805446457,0.39434128045562,0.0145725527064477
6748,0.016647935834991,0.395055393859018,0.0149559838229071
6749,0.02344560147185,0.377823925707699,0.0123554610757481
6750,0.0140774972280148,0.393256603961401,0.0148243649536992
6751,0.0203239596602163,0.431331851406098,0.00904572345881525
6752,0.0130147344669735,0.401115879304951,0.0186340554958357
6753,0.0149786698264051,0.396932655725828,0.0122552501445413
6754,0.023888011436721,0.359990968343258,0.015540395158492
6755,0.0216930937292458,0.399323287013565,0.0140159235996725
6756,0.0201835992283807,0.395451486456754,0.0133702523467235
6757,0.0185392205352786,0.391410389760247,0.0104068272614564
6758,0.0168960326864117,0.274244414018302,0.0167953684272154
6759,0.0124529086871521,0.232899346625982,0.0202350388437572
6760,0.0235717768912867,0.284653762141394,0.0258049782618684
6761,0.0190107075796531,0.278497952063902,0.015193720522341
6762,0.0193837519450038,0.290731053755702,0.0209370897421568
6763,0.023649530747626,0.286686190672498,0.0192565590313904
6764,0.0181807531442656,0.29518302715116,0.019865941374291
6765,0.0182771201004331,0.379514593170276,0.0171711799253014
6766,0.0216318390236996,0.393102559367481,0.0148086546933004
6767,0.0187359839148262,0.408920747625853,0.0134547128799586
6768,0.0158113237403193,0.383359680769552,0.0169984909341396
6769,0.018524355244407,0.428732925437355,0.012488259766581
6770,0.0214266987346611,0.448634346616465,0.0107131308973128
6771,0.00872867933550451,0.4004960114299,0.0154882266462995
6772,0.0195085514302238,0.437721972511643,0.0120314564116983
6773,0.0239414104053433,0.360242168479754,0.0151195050374151
6774,0.0238485811055856,0.299361268270799,0.0161524758615215
6775,0.0208811662363635,0.3570756938118,0.014635829047594
6776,0.0207804058931629,0.346153806552135,0.0133867274871393
6777,0.0196569522351876,0.378708785541534,0.0150874339697069
6778,0.02038042950882,0.384236905591173,0.0142324496484172
6779,0.0211503882553091,0.428184153234881,0.0141061872462898
6780,0.0206630695668435,0.38846816896004,0.01312345026108
6781,0.0161690179034737,0.37799370623358,0.0150744636688101
6782,0.0211442358968586,0.397446849315489,0.0145259115489718
6783,0.0170558554847409,0.393839052390152,0.014590382902513
6784,0.0198245252005696,0.391706182098357,0.0124730292403144
6785,0.0151610891425332,0.378982895999599,0.0209782875787069
6786,0.0191641465149214,0.439999021237696,0.0137186314197942
6787,0.0184680715789312,0.352850147056477,0.0204913807274452
6788,0.0173121801444575,0.386726332341362,0.0150587025054698
6789,0.026310134437305,0.389008922502335,0.0170518155120826
6790,0.0137934385340177,0.346726736547217,0.0169973796582774
6791,0.0205553822624284,0.272443019250813,0.0201599588170381
6792,0.0152553615005846,0.22580525480638,0.0255818160181645
6793,0.0187543384316316,0.225166282330737,0.0222278405767048
6794,0.0189795664209608,0.27994069467565,0.0173178755588456
6795,0.0189236923185381,0.377480326052117,0.0215458594615939
6796,0.0235122961356523,0.321629640925037,0.0183685893578322
6797,0.0224943864794018,0.300764387641119,0.0147039978034656
6798,0.0240823485593841,0.250251997746873,0.0213280672880576
6799,0.0199513207213062,0.277535506195371,0.0197121165945927
6800,0.0200041430788895,0.286317280597423,0.0171776880471802
6801,0.010721302260634,0.259300324779393,0.0210145313741552
6802,0.0182774236039261,0.220835989236885,0.0168582306849538
6803,0.0201989433227697,0.27040581255756,0.0166796131804403
6804,0.0186373338725406,0.282495659201091,0.0140534520422345
6805,0.0167274765691211,0.288735381699208,0.0136516035320488
6806,0.0216010148987794,0.227771511807281,0.01919062897392
6807,0.0238795626210287,0.256096274585792,0.0259757792229803
6808,0.0206221122494001,0.232216880190769,0.0199961855807811
6809,0.0200355472151163,0.312751191123106,0.013193022756072
6810,0.0324413496242293,0.280555523216087,0.0222787736685868
6811,0.0215255663232808,0.228439340655434,0.0212789706636452
6812,0.0254781944643741,0.224731808533267,0.0186104859006405
6813,0.0168096449982236,0.29632970004227,0.0195398513101521
6814,0.023074721088095,0.342051977353536,0.0162161569051272
6815,0.0197253579024946,0.408648778087515,0.0150769658673711
6816,0.025103670495114,0.435679970109496,0.0144206235541256
6817,0.0192352880534953,0.390937433012559,0.0156267505647075
6818,0.0195806711361474,0.378275652621074,0.00963905080204731
6819,0.0195983103160397,0.35074496054606,0.0156336347836695
6820,0.0224502832498002,0.348810014722885,0.0150590188699226
6821,0.0203094712247607,0.225740508829094,0.0172108386091177
6822,0.0108948905298027,0.219152741760471,0.0219327100823095
6823,0.0174520720260479,0.283873605441807,0.0175360180067029
6824,0.0202173171845781,0.214773311889088,0.016566668124819
6825,0.0160540732941283,0.22272029338341,0.0224541361615507
6826,0.0154399594210903,0.304362841073275,0.0172290540943567
6827,0.0135840562196222,0.297671844191105,0.0202289657842926
6828,0.0173603693446797,0.288156667042365,0.0175391473250979
6829,0.0237457023354469,0.266022224062935,0.025633231647478
6830,0.0172208888735609,0.291085365228795,0.0188694782052489
6831,0.0238455886183344,0.264942375810597,0.0172334496969619
6832,0.0191506186508069,0.234555298811093,0.0170030615591645
6833,0.0184944141703381,0.295658076773991,0.0171532339840277
6834,0.0172135886996877,0.258165853892985,0.018146740673172
6835,0.0174787521293588,0.273372354680549,0.0155929647177596
6836,0.0191816955792751,0.286684305423473,0.0151992526876215
6837,0.0197129450656623,0.283047525681214,0.0156996927451716
6838,0.0189816702413556,0.32811987239219,0.0124424917978681
6839,0.0163125187088062,0.300639285509076,0.015998754716658
6840,0.0224176579264664,0.387900996121104,0.014524207131568
6841,0.0211267607065206,0.397729826483351,0.0127431800897677
6842,0.0152585717771133,0.375142937229364,0.0177523236981295
6843,0.0125215386759871,0.349530619492641,0.013296634613515
6844,0.0156549649498525,0.304377491398519,0.0174165511311599
6845,0.0295615828601944,0.275155350311762,0.0186025150363235
6846,0.0241858007393261,0.308247243555463,0.0156933741974424
6847,0.0133740132989099,0.280467546472907,0.014094596098831
6848,0.0118567528462189,0.29451398342958,0.0199990629199272
6849,0.0287942463391085,0.290505653683418,0.0161329591253279
6850,0.0108058988459417,0.246088107523685,0.0203310786158659
6851,0.021469287600798,0.296537361686277,0.019710279865802
6852,0.0149303874948315,0.293774128232064,0.0194477179843309
6853,0.0215550876753655,0.285633861581851,0.0192726309434005
6854,0.0132021493941573,0.389648800276045,0.0153532253741181
6855,0.0259887757039357,0.390244937984163,0.0115931826108115
6856,0.0265998698503213,0.390153875551858,0.0176907121352732
6857,0.0206642061773526,0.347447504907141,0.0172111230955274
6858,0.0174757294741033,0.376468969234774,0.0162718877764389
6859,0.0166524435669935,0.423370785295399,0.0124993285931675
6860,0.015505683427202,0.428034603061895,0.0112709405507513
6861,0.0134791702349516,0.434706284201406,0.01519097193415
6862,0.0163638993153266,0.430742350234391,0.00973844029408757
6863,0.00946907478812748,0.398206296879234,0.0124920405395201
6864,0.0193194975945385,0.386233579046415,0.010162128810992
6865,0.0109616370410619,0.247683493386991,0.0218828225332489
6866,0.0160717518759146,0.29211709568189,0.0218430496199254
6867,0.0181506801800406,0.274847294985933,0.0209343183088097
6868,0.0136800286904665,0.279015432661908,0.0177292081127264
6869,0.0166567714643002,0.296895899863835,0.0195314546335762
6870,0.0158317009948944,0.281724723161918,0.0182171550668261
6871,0.022027064788496,0.268964694114286,0.0221844875724051
6872,0.0179715925194907,0.279768075918224,0.0197588978836964
6873,0.0155010981170949,0.282303149171163,0.0218095294447087
6874,0.024268727422928,0.28828159033495,0.0166226999314085
6875,0.0105508123590791,0.296392532168445,0.0173870941601049
6876,0.0251714246978638,0.28092847572803,0.0249516416101928
6877,0.0178698362398173,0.348517991193029,0.0145078014186017
6878,0.0214601989919765,0.376212857663645,0.0205425505430883
6879,0.0191396347210045,0.397307769238556,0.0139800954463777
6880,0.0190822908738645,0.394429305441224,0.0174084253947333
6881,0.0182942151027676,0.39265923466765,0.0150054662933259
6882,0.020171209891816,0.390781862610166,0.0134693685324718
6883,0.0271787683810719,0.446536169290152,0.011590093413121
6884,0.0156253200134257,0.453197347829322,0.0113182312806147
6885,0.0196849268005263,0.476545348028425,0.0107537235365323
6886,0.020725664404096,0.384922570968586,0.0144269210200824
6887,0.020761788034141,0.38513237763953,0.0130740103501262
6888,0.0164753681361098,0.3924384469054,0.0128375166010581
6889,0.0201028381135141,0.437615042294959,0.0174951147255089
6890,0.0175595993785315,0.381193135004169,0.0146262796935047
6891,0.0138877478407437,0.377232479896727,0.0187168395718799
6892,0.0178351514297846,0.276431416486206,0.0199633698107319
6893,0.016629629656238,0.277761642196098,0.0165963126512428
6894,0.0243035069834805,0.228167981951752,0.0227677108486303
6895,0.016132741832658,0.213671949606286,0.0167030031600514
6896,0.0219110221719423,0.330064966450482,0.0154217530270332
6897,0.0215440344445479,0.359188885576347,0.0124867548797451
6898,0.0169733319759385,0.414297949494655,0.0171352361311956
6899,0.0144162950192933,0.359079259964844,0.0153945534869235
6900,0.0220773920115035,0.378173709485922,0.0143227861929181
6901,0.015858544692545,0.382086393476547,0.0132659549996007
6902,0.019734350825105,0.378735981971972,0.0148997797393795
6903,0.0158453638532305,0.391535399803692,0.0127635111921273
6904,0.018708300481916,0.388220644510708,0.0128452667685642
6905,0.0201158749453382,0.39793454207248,0.00979000012009667
6906,0.0153720711763471,0.373568929147229,0.0155930972041715
6907,0.0231912567409071,0.39916857168866,0.0169628248815349
6908,0.0172779919283692,0.389756247421335,0.0110553282856024
6909,0.0211591580414753,0.340877551721926,0.0150823168044918
6910,0.0281546395110027,0.379506303901557,0.0122946397847571
6911,0.020724099197849,0.398418535430098,0.0151869653600196
6912,0.0158259698770198,0.396992886028319,0.0118657821363043
6913,0.021431167294109,0.387248206552957,0.00998211314160917
6914,0.0141319997464066,0.391511423375468,0.0161645339956493
6915,0.0226663845719426,0.376633236221085,0.0152173010766039
6916,0.0208151504918005,0.297438473448998,0.0189518291024634
6917,0.0289719645367045,0.278454461081069,0.0156777215138016
6918,0.0226618586089419,0.413447555346927,0.0151164649339618
6919,0.0184616625001266,0.428566450669971,0.0127476547895578
6920,0.0206518040343858,0.399291944935677,0.012771806074837
6921,0.0170843067961349,0.39507052094315,0.0135888310876329
6922,0.0182077970507843,0.38833984322576,0.0144306247254081
6923,0.0271782581195229,0.37923793311585,0.0175963674316188
6924,0.0132833305950328,0.392581353075997,0.0161198815286653
6925,0.0186720635028877,0.342280133064745,0.0164562699835509
6926,0.0148393706382353,0.389208174683742,0.0130214619655829
6927,0.0201270860768804,0.37245675442457,0.0115332121931673
6928,0.0207710016992522,0.384579634141485,0.015939610140436
6929,0.0157175620786691,0.388235589962587,0.0166612786966241
6930,0.0220142716827513,0.431151815196737,0.0170841508776971
6931,0.0210923293914008,0.450669963675733,0.0132376996393013
6932,0.0252529584549762,0.43426962017688,0.0130389657324467
6933,0.0185548523478984,0.37972009227491,0.0117816836418202
6934,0.0227177662535123,0.39748086700352,0.0134198639878447
6935,0.00717762287739731,0.392469043342756,0.0168911188592485
6936,0.0168702619134631,0.449290218031374,0.0120163019278176
6937,0.0229438371109227,0.436839851568983,0.0126481585032856
6938,0.0142065870952575,0.392767392132915,0.0104555545078525
6939,0.0192520196984205,0.380039421930034,0.0161368306617474
6940,0.0238868022825629,0.38893693833576,0.0191419677116999
6941,0.0269131657369819,0.387493562821005,0.0160848086333136
6942,0.00971035338852391,0.395412384062354,0.011341672551492
6943,0.0259328817820852,0.390651483743415,0.0168207827175878
6944,0.0189036559034815,0.377482130228099,0.010798741509542
6945,0.0240060889756178,0.440304277144945,0.0128816457363972
6946,0.0172307927556963,0.38339798192179,0.0136486242539269
6947,0.0238622926148663,0.389944138323833,0.0130244248731952
6948,0.0106328917844469,0.37742493808395,0.0185343227101018
6949,0.0236458540998625,0.390252001703268,0.0143483415839902
6950,0.0135579037330732,0.391381667136863,0.0167160459972454
6951,0.0151139172971215,0.399391209343516,0.0124614527308647
6952,0.0260465607150558,0.383870393217967,0.016571430007643
6953,0.0216168103152684,0.388662038167725,0.0155754055676773
6954,0.0155253098256777,0.440339668235735,0.0125665312118542
6955,0.0206512892153095,0.376420016267847,0.0112846984560738
6956,0.0193498421295032,0.385935865116472,0.0209585872037118
6957,0.0187751934849211,0.406161453182686,0.0126963211940897
6958,0.0270634926899507,0.44427729725348,0.0161716376927984
6959,0.0269053745590115,0.435900039098036,0.0118538423640706
6960,0.0161410336453623,0.429316995882738,0.0119829798462188
6961,0.0054329605098656,0.445169276495287,0.0126677753574329
6962,0.0221091625305105,0.427264988451709,0.0129194729812971
6963,0.0183904977885579,0.38988339403483,0.0108246834116094
6964,0.023464904408395,0.343138711986128,0.0166470508891204
6965,0.0185684377905406,0.396799441336397,0.0126589485046729
6966,0.0209366222843657,0.374049838012358,0.0175035838845411
6967,0.0206477390806109,0.379789642028721,0.0173598967486489
6968,0.0121068608134192,0.392390388014926,0.0152444131251216
6969,0.0119518367919094,0.433114088094463,0.0105967952686371
6970,0.0215421456932281,0.389927698114055,0.0162265715527048
6971,0.0197981776591525,0.372582234942235,0.01703861698327
6972,0.0209836445361686,0.392160695971696,0.0162824429740957
6973,0.0145277943460286,0.387397956797741,0.0189300809534798
6974,0.0154716436982805,0.388841111096041,0.0185767818487659
6975,0.0222161285868251,0.380538782554924,0.0132532224965729
6976,0.0201746499713778,0.398126706398436,0.0164789669659221
6977,0.016381618853646,0.395181526678751,0.0140655189137334
6978,0.016556871938283,0.379808981174334,0.0147463838973947
6979,0.0151156435337979,0.373577944514488,0.0157039016017442
6980,0.0186244112840146,0.381868017430811,0.0140247246554643
6981,0.0235554103413026,0.369480727060752,0.0149162292874932
6982,0.00651031892977436,0.393884597939686,0.0156724428878559
6983,0.0130554454393328,0.378238598328882,0.0137535753865359
6984,0.0191277083568281,0.439672574698752,0.0113274111425376
6985,0.0229535131624826,0.379455076599926,0.0156670407673099
6986,0.0286734468205662,0.379346720487922,0.0145430740933051
6987,0.0182240133332314,0.388776937980993,0.0142396556993952
6988,0.0151192111308149,0.387563423977687,0.0144842654471506
6989,0.0132514679911968,0.380314812050697,0.0171576539783297
6990,0.0158165847822939,0.375418908404291,0.0169357913023862
6991,0.0167058876661609,0.392623572976124,0.0147010490031123
6992,0.0190574417727117,0.379716515829087,0.0131568040993806
6993,0.0222559741325133,0.389423221331067,0.018006239884076
6994,0.0122023861441668,0.388107715472021,0.017656459453189
6995,0.0170000269416949,0.432231187303565,0.0156970223632661
6996,0.0157629202804125,0.410115401400789,0.0131814630177863
6997,0.0164289870027279,0.428207982502434,0.0133106877289024
6998,0.0190573523422556,0.375005345426539,0.0152520987045924
6999,0.0218805865333972,0.382011385139664,0.012591280808483
7000,0.0204797609431786,0.389547840176571,0.0107241702058274
7001,0.0229964450421548,0.445350478184309,0.0112257665860815
7002,0.0182811500233079,0.397383463960291,0.014212818398684
7003,0.0213435477644028,0.389118038158467,0.0131580931533737
7004,0.022314655940354,0.394884970097952,0.0111780110340336
7005,0.0205111815131909,0.373870013147879,0.0175808228498803
7006,0.0124095790769662,0.378927879404756,0.0134824417263301
7007,0.0200356835572482,0.38768930680738,0.0153974211418366
7008,0.0174368198734425,0.387819143971675,0.0165965233462197
7009,0.00843582775719575,0.393064232916674,0.0139317187817292
7010,0.0262121320299052,0.450324210391697,0.0139962439149734
7011,0.0197395970943405,0.39913461143623,0.015928793999019
7012,0.0235177505243551,0.393082838271287,0.0123465402969128
7013,0.0261825431496958,0.396056245125281,0.0154425542391659
7014,0.0202100371565704,0.390516144832302,0.0172063942558817
7015,0.0165594918937269,0.387977555537704,0.0170785506913467
7016,0.019923296252522,0.388949310616059,0.0139003681607537
7017,0.0209050797247387,0.39755908882567,0.0159395934339356
7018,0.0135805682574086,0.398977782649688,0.0149023139272307
7019,0.022861119855126,0.3952934934819,0.0185704771333361
7020,0.0188042188882106,0.390895302698327,0.012537176669042
7021,0.0265319099613115,0.426195459471474,0.0147499255308792
7022,0.0226169170143568,0.381792138119747,0.0143331080257692
7023,0.0197975974431188,0.397527902474243,0.0152888590959957
7024,0.025061749596245,0.377892524278469,0.0165819534792973
7025,0.0168326158159012,0.401755372960293,0.0149504248752136
7026,0.0245262028419079,0.396857395511204,0.0121954986970984
7027,0.0207658036565549,0.385305526156111,0.0125482419409534
7028,0.0206895087306893,0.388714835653077,0.0124224444518152
7029,0.0262234211078412,0.391288680196992,0.0123491770228533
7030,0.0206505126299925,0.37804885439743,0.0154145796919054
7031,0.0202344343973852,0.398435594432319,0.0132205922476835
7032,0.0168707182986836,0.392619115443021,0.0130827989464841
7033,0.0180319071544723,0.410061895333983,0.0124613526958003
7034,0.0177798953917538,0.398319922277423,0.0134384482377944
7035,0.0215475625258986,0.397970580035899,0.0124716037232092
7036,0.0305379339973372,0.376168422709875,0.0139422627423339
7037,0.0208887069143781,0.396718307583937,0.0151732975458524
7038,0.0209085366051902,0.373810909118005,0.012540751276209
7039,0.0200785049543037,0.397358120420623,0.0149355874523637
7040,0.0241301175876527,0.393279074203313,0.0148792584458607
7041,0.0184674649524513,0.375039411223417,0.0128485492897948
7042,0.0182870951616713,0.425686092680612,0.0138286366488688
7043,0.0173739410819931,0.394976088580762,0.0102825481051125
7044,0.0172615808581338,0.399624359807531,0.0121168795742062
7045,0.0165674440812994,0.397746199471294,0.00869060204330741
7046,0.0206194518312019,0.38945876946708,0.0138516563120854
7047,0.018689526062552,0.403902314698771,0.0135702644494636
7048,0.0225332824125961,0.394646303571861,0.0146292060126356
7049,0.0171542071965542,0.381432965366849,0.0132775860026758
7050,0.0230236020081178,0.392943857868079,0.0147359086641323
7051,0.0206476292757787,0.382001282298097,0.0160456837320557
7052,0.0179367594028521,0.393534839574976,0.0147623810926873
7053,0.0181679522517173,0.396575130068822,0.0135239488381895
7054,0.0194984698803732,0.375309628709437,0.0140727983274676
7055,0.0247124380986875,0.374067812013097,0.0129642385117843
7056,0.0244530088956541,0.378822831028325,0.01502604968676
7057,0.0142095634891054,0.378831924713774,0.0139117877206901
7058,0.0234574983746262,0.388021199834385,0.0134113595185507
7059,0.022012075511327,0.395448320998785,0.0153904266008595
7060,0.025103323559431,0.397769091934469,0.0146457547972446
7061,0.0103996565524129,0.394078124486455,0.0106098815311406
7062,0.0226679000211161,0.404076766999482,0.0176716876850482
7063,0.0212215161941116,0.355385441196559,0.0179335172170014
7064,0.0149142988379413,0.379200538940751,0.0124053120668148
7065,0.0166963906816078,0.441686655781498,0.00913595904933811
7066,0.0125117923666821,0.398754785744667,0.0112971521592729
7067,0.0204730852072329,0.437828711121064,0.0130774184759762
7068,0.0189191794290772,0.442747299456072,0.0108466696469944
7069,0.015362662188726,0.387182912158815,0.0138032516356323
7070,0.0194903389023559,0.393083183941612,0.0112938125533216
7071,0.0152755254844621,0.393929345048495,0.0138950110291824
7072,0.0217618346055691,0.379076303118019,0.0119501772825709
7073,0.0201111711979615,0.374521957915979,0.0169889809417314
7074,0.0282909406227214,0.389367698275226,0.0145915388968544
7075,0.016430787332447,0.395590426507762,0.0137237094836244
7076,0.0162318367462622,0.39306246858194,0.0121968816648416
7077,0.0237105699429581,0.396088241745273,0.0130587867183402
7078,0.0135223345062387,0.378335833817348,0.0105523197538598
7079,0.0167931279445465,0.385782436094663,0.0123846456486064
7080,0.0284092464564022,0.447259640674018,0.0116128301109561
7081,0.0200849560659588,0.392833293074937,0.015938264066803
7082,0.0164311822983781,0.405725467603926,0.0112557729919398
7083,0.0164430502991397,0.392743331750317,0.0148739946395373
7084,0.0234874385708025,0.389328705496479,0.0093040424985984
7085,0.0228864614738882,0.382705811961899,0.0132055231567617
7086,0.0209407653134408,0.357279650590831,0.0123240367850209
7087,0.0340955335612966,0.427394817920514,0.0132982665731951
7088,0.0160232876037767,0.392822278612784,0.0125999286543185
7089,0.0127317893603845,0.39866370611231,0.0136364930050387
7090,0.0197633543331817,0.424610217440493,0.0136936393096862
7091,0.0139840094071265,0.379954913817631,0.0153801136189163
7092,0.0157279294509422,0.378209174206082,0.021024969283363
7093,0.0207605861759992,0.394772487361385,0.0126235986341151
7094,0.0140684112042222,0.410298033885006,0.013383101866556
7095,0.016784346343252,0.38847279238575,0.0151574224106007
7096,0.0182538968211183,0.376809267759599,0.0122285245803481
7097,0.0193283467125849,0.432178134228031,0.0145710277206071
7098,0.0199932023092726,0.388602563505193,0.0120334387525106
7099,0.0194215723815806,0.377133453485522,0.0159141331893825
7100,0.0169416653403363,0.35049939292187,0.0167131415236127
7101,0.0220227329173358,0.299982672157847,0.019519458527468
7102,0.0176903711494342,0.274772688975104,0.0169719402642721
7103,0.0127744676736448,0.341544951187763,0.0140987747558144
7104,0.0213065773323238,0.293314830406689,0.01808017055232
7105,0.0159885126229953,0.298534517128986,0.0156672161532774
7106,0.0126356152425697,0.299418423409957,0.0183507813446991
7107,0.024309010058993,0.27877626553191,0.0166639408397667
7108,0.0183186019502518,0.275453647206725,0.015810772943376
7109,0.014846220607137,0.27577174323653,0.0196066195760773
7110,0.0183065708261463,0.284213773736474,0.0211991527206507
7111,0.0202860544496338,0.255281672886955,0.01835372735668
7112,0.0235986515134074,0.369551025980247,0.0140390559362496
7113,0.0235439903055986,0.389341944071576,0.0135335012508993
7114,0.0239399801882488,0.375540664247324,0.011232922335257
7115,0.0146449729256061,0.4266203838438,0.0126204482800671
7116,0.0141356406213092,0.376096823023898,0.0158897682532317
7117,0.022089633253884,0.386349478602882,0.0126139199870748
7118,0.0208641357378545,0.391173267252845,0.0125468458955592
7119,0.0204599758518336,0.496542447232089,0.00936580332935272
7120,0.0213203580740887,0.449328527773624,0.0116173253894152
7121,0.017524197189533,0.382568311576112,0.0107816027610914
7122,0.0275671417631381,0.388298665259491,0.0165062134922661
7123,0.0213037480499073,0.387184609387715,0.0128812474304031
7124,0.0244998003865211,0.407282807996105,0.0105746490041436
7125,0.0162785730879435,0.411188616129501,0.0117667129923946
7126,0.0195858053206473,0.41407803300664,0.0145657867681485
7127,0.0212087649139649,0.344493123212131,0.0151475462631229
7128,0.0244991284985258,0.258217181939158,0.0231851772336977
7129,0.0135049891848669,0.219458233114543,0.0194226135897229
7130,0.0221009144084385,0.348553803842628,0.0163235628586135
7131,0.0198974541898425,0.390366889251567,0.0162661086982946
7132,0.0164438414873758,0.399164960505885,0.0165362203259068
7133,0.0176746126437069,0.408246828493775,0.00986035620611255
7134,0.022590033431196,0.34874068421834,0.0152857319641095
7135,0.0219670029832553,0.378954890047241,0.0186526586889702
7136,0.0182290677412426,0.39547880235385,0.0138053181403942
7137,0.0155226398314581,0.43234341857883,0.0130502897226076
7138,0.0212264615834027,0.389449538677785,0.016729874141197
7139,0.0207492101780224,0.381831789536998,0.0175905971105184
7140,0.0225408647983139,0.4040506892465,0.0129714774372378
7141,0.0159303890884037,0.396155914068963,0.0140675618685499
7142,0.0254744848571288,0.396113232028839,0.016156661425894
7143,0.0231236145604496,0.441520474231956,0.0132520637991481
7144,0.0155189098562827,0.399267902494169,0.0147835684906979
7145,0.0230588491738551,0.380074975483557,0.0155827878035319
7146,0.0174262381544505,0.397824882034327,0.0149244301187932
7147,0.0258333534453994,0.386211307319293,0.0137777786881515
7148,0.0206957693027127,0.394633442007984,0.0154901572372387
7149,0.0125869258388937,0.393299475854581,0.0209874391920296
7150,0.0182941662013667,0.390546072380591,0.0118123242448454
7151,0.020533486382437,0.373729480343457,0.0124372795206191
7152,0.026243971630444,0.348345043618456,0.0166155647729899
7153,0.0178703639574995,0.374180021519272,0.0145931686665177
7154,0.0177015444185633,0.387844439527246,0.0125817884088419
7155,0.0187472105018558,0.390676575065046,0.0151742163124955
7156,0.0193181796568296,0.380325685736292,0.0120045947316849
7157,0.0171786748045897,0.377037937463617,0.0125798831098403
7158,0.0203457685621621,0.444348526650498,0.010587393076211
7159,0.0111202816120453,0.399034597775832,0.0124442489260859
7160,0.0222590839996585,0.399678132005289,0.00912624936340038
7161,0.0175378173685509,0.392669667122111,0.0140506563100643
7162,0.0163379907444983,0.395676180707601,0.0205720279796268
7163,0.0185196086170822,0.380276794876778,0.0150609868725228
7164,0.0232029809376996,0.389908131675816,0.0126414959490197
7165,0.0119395701380944,0.393750184859912,0.0159064186847229
7166,0.0214728039262847,0.397912847166301,0.0145397767528721
7167,0.0176134751931261,0.375977213710238,0.0138143801034957
7168,0.0170052636836348,0.375508905365784,0.0153325402603477
7169,0.0260317574474144,0.393661524980436,0.0139083047933798
7170,0.018390452272884,0.392985868354385,0.0110787132183729
7171,0.0212922096827493,0.450068465010957,0.0100381209940667
7172,0.0223122066744649,0.392457762961035,0.012683088293127
7173,0.0173382754123775,0.391566675819551,0.0133792591664673
7174,0.0126156990427332,0.384919542695996,0.0154319669970383
7175,0.0167607083222011,0.375300415835836,0.0195361185108761
7176,0.0187467919794453,0.413157054882597,0.0178516632654506
7177,0.0174608178056994,0.379324856532304,0.0134969691734525
7178,0.0231464632162137,0.368013976294509,0.0126795290861377
7179,0.0103555296241949,0.3951516554448,0.0145476187977398
7180,0.0141422151059547,0.445446346793654,0.0115594141941203
7181,0.0252336542248833,0.38062490022556,0.0146123380047342
7182,0.0145946105309368,0.393318830882228,0.0157107728028067
7183,0.0203152203965559,0.384315265730904,0.0132172857331641
7184,0.0207475241578651,0.351258938865652,0.0189292091460017
7185,0.0257052766296076,0.372574408970636,0.0224078295930632
7186,0.0193393368615588,0.39927838726181,0.0130142487361687
7187,0.0171056341448032,0.388490597923011,0.0131562052457477
7188,0.0160968320768917,0.358948708411223,0.0169480232788368
7189,0.0195362289007249,0.384730686639044,0.0172301018298233
7190,0.0186420988386899,0.389157546952603,0.0131740766308884
7191,0.0152350977334097,0.376636462605191,0.0143770447717432
7192,0.0166716905663433,0.383874778472705,0.0192574662119005
7193,0.0117284418082633,0.381853399780071,0.0179814321162722
7194,0.021441164545229,0.320869934427646,0.0218626781406497
7195,0.0142878469282549,0.388500018612938,0.0142526795728627
7196,0.0237470562187405,0.34853121641654,0.0219322264556078
7197,0.0201326776785433,0.371160434756686,0.0155851098320669
7198,0.0187516430269753,0.318738429481594,0.0225514839152731
7199,0.0194124577213557,0.397876294716223,0.0154861225597722
7200,0.00966051046113707,0.392709151617165,0.0122344967192667
7201,0.0159111524935855,0.394449049214519,0.0109728377364824
7202,0.0160370665862165,0.389524751709877,0.00982391806150234
7203,0.015963327862341,0.397225617451323,0.0179592001889482
7204,0.0154093202467559,0.396295695273444,0.0159220663776193
7205,0.016270022379582,0.402216068456008,0.0152263688311649
7206,0.021485294103258,0.377827612988247,0.0117824316330338
7207,0.0219005775490702,0.388107536736048,0.0137082105961654
7208,0.0218261969075762,0.391508353980508,0.0134748920488678
7209,0.0153063498373575,0.396779548959512,0.0135658288303782
7210,0.0262997970989164,0.359971190498025,0.0153706791080597
7211,0.0233179305147461,0.380593593241192,0.014647835012359
7212,0.0248951601085239,0.37364673891381,0.0156157066334095
7213,0.0141005086531405,0.388534337897369,0.0161686539736762
7214,0.0208270360468582,0.398908867968561,0.013070128599407
7215,0.015734146259459,0.384393609664293,0.0126509535631758
7216,0.0175452552749547,0.357717646009818,0.0173013233074909
7217,0.0129000840465951,0.390577502542829,0.0144818622138317
7218,0.0241053540255832,0.397795363558092,0.0131343598967278
7219,0.0243587550924254,0.391118671876144,0.0131640349062721
7220,0.0203528292401172,0.414220481078081,0.0112348372856367
7221,0.0196242149186661,0.393038305948439,0.0165147110454206
7222,0.0182195078519193,0.390670572514708,0.0136433325755458
7223,0.0295000453466696,0.399129720139715,0.0190474362164183
7224,0.0189134296673396,0.393156041998982,0.0115244761664811
7225,0.0149625563454795,0.385430536145999,0.0152503842460539
7226,0.0167410388122332,0.482391646227249,0.0109078847918345
7227,0.017583176358759,0.487789720027671,0.0115562489171028
7228,0.0113189030062602,0.414972406319713,0.0125596244340108
7229,0.0132602678906373,0.431719847302538,0.011607049873315
7230,0.0167350005398252,0.382448505335992,0.0155230095045244
7231,0.020764146196092,0.410463478641883,0.0143202829999164
7232,0.0109939450176549,0.395794655389905,0.0162692536052924
7233,0.0224407130863507,0.397340013093003,0.0174434864019572
7234,0.0153114652361108,0.407206096566069,0.0113903396057706
7235,0.0100057903628327,0.399675831042901,0.0151128096240052
7236,0.0245244203589126,0.397922747547089,0.0204698966592894
7237,0.0176812238892776,0.388623441928994,0.012006865801119
7238,0.0199367405451825,0.363201397268751,0.0122926777210015
7239,0.0257143756175498,0.380768024162059,0.0158345331286501
7240,0.0148959526278555,0.375013563983363,0.0155363230501156
7241,0.0150733216722255,0.399280720673546,0.0128023465645102
7242,0.0186352142563927,0.398471110199953,0.0138425669915659
7243,0.0272240669470625,0.378097136107217,0.0144956851573024
7244,0.0181054154664335,0.390301917787844,0.0149434254142208
7245,0.0154086100494033,0.457039516990655,0.0157076047370082
7246,0.023166847937594,0.393353420928322,0.0134973543666666
7247,0.0156108769073779,0.387804094372199,0.013567503987715
7248,0.0209400601041879,0.425007199933885,0.0180352796836686
7249,0.0218957448187078,0.389376292193509,0.01775320427361
7250,0.0175168302107427,0.382361968453508,0.0175913788069221
7251,0.0241467280631546,0.393693626853351,0.0162099380074257
7252,0.0231438422025384,0.368842037159316,0.0166814080571622
7253,0.0244241317032884,0.389361989479913,0.0128084575105393
7254,0.022374262937685,0.378433241263043,0.0119629580302188
7255,0.0216471377480273,0.411226183104651,0.0124876043682214
7256,0.0233304991735583,0.378280101080101,0.0167295904432401
7257,0.0187907170549919,0.387259494514675,0.0165612113407933
7258,0.0214124432934959,0.393683643402101,0.0177849645922435
7259,0.0225470367047875,0.396447926657918,0.0124671812053425
7260,0.0162897401882952,0.387848074372696,0.0134108398281823
7261,0.0185451696662219,0.389073427890016,0.0145236835415787
7262,0.018635547689772,0.43768940486943,0.0118822434485398
7263,0.0188230472653102,0.442350623964091,0.0113817899331009
7264,0.0128612440762045,0.422057644213129,0.0151080083985603
7265,0.0198518805568959,0.412634868302183,0.0187506197172611
7266,0.021635498775232,0.388266504605939,0.0145561428145812
7267,0.0196920811384001,0.390094211329621,0.0187713490627109
7268,0.0257484448926587,0.402190543573343,0.0151941411174798
7269,0.0165000656913827,0.396409316236948,0.015069216827037
7270,0.0186767680835207,0.393707696627738,0.0124051034329472
7271,0.0216148787664055,0.381857685224191,0.0182000455088588
7272,0.0193843233950749,0.396124706764,0.0126347239469599
7273,0.0190676699263283,0.396235952381826,0.01562344067146
7274,0.0122911418447835,0.376198678907186,0.0146255296260846
7275,0.0209380749659753,0.385316196126948,0.0191385492673332
7276,0.0216290110635882,0.374602636466636,0.0175378439841215
7277,0.0231874093251008,0.344032084624446,0.0182965946346111
7278,0.0185508430289725,0.278455327664192,0.0169678239388347
7279,0.0265399544026658,0.295487989526991,0.0203904083742031
7280,0.020704880580974,0.293556665300363,0.0185479564103176
7281,0.0183179050336034,0.287455923746268,0.0151479767400925
7282,0.0221378447158284,0.345123868341263,0.0188030630249317
7283,0.0174801475903324,0.396234177347526,0.0135848917702321
7284,0.0158822285960716,0.395911377386024,0.0101927590057478
7285,0.0259173626550812,0.40596937590422,0.0138273111967188
7286,0.0184435248059625,0.414505464605082,0.0154348067864098
7287,0.0161300213257426,0.373694670324349,0.01306079851982
7288,0.0188303203684428,0.398432818777417,0.0137058455081933
7289,0.0162626484484418,0.392608908132273,0.0146553128326088
7290,0.012954098689453,0.388116859385981,0.0127766734353143
7291,0.0232328760780244,0.423479749517905,0.0103901212677585
7292,0.0201472326575932,0.345811088594147,0.0181426330536476
7293,0.0212058870473372,0.28308314390319,0.0215852638814556
7294,0.0201420196947181,0.297633904616976,0.0174320530829603
7295,0.025714909057673,0.341007369774816,0.0179069843290459
7296,0.0124309046006714,0.277161287458914,0.020567626302413
7297,0.0299970462429453,0.282966134887657,0.0203225576448354
7298,0.0252512562907532,0.387527498262681,0.0107187852488136
7299,0.0166080236390539,0.422933968370499,0.0161760300015266
7300,0.0227455076119877,0.40385797958996,0.0150866621697021
7301,0.0198655326002332,0.441456034537927,0.0136703536929577
7302,0.0207173909417876,0.375309756401836,0.0169016749980177
7303,0.0268260116839585,0.370107572300092,0.0162618612486358
7304,0.0171900765477647,0.387833166655968,0.0104127309636358
7305,0.0172589593223746,0.398099295033192,0.0163080900938177
7306,0.0205981549351054,0.397806689511925,0.0156706868990446
7307,0.0189954695242698,0.394241548112038,0.0192431235915263
7308,0.01847872774502,0.439468820496106,0.0126077306337147
7309,0.0200789453052407,0.375972167096008,0.0144122860701194
7310,0.0122434271988032,0.390157017569504,0.0171927518098664
7311,0.0243007126750523,0.37180915966612,0.0163484116739997
7312,0.0237572605324267,0.392000031791735,0.0169144458486488
7313,0.0288816291597151,0.39665916688876,0.0186608314383716
7314,0.0229284717344088,0.373697920318566,0.0167509577935553
7315,0.0220635437827976,0.38614908832561,0.0169925789982908
7316,0.0234203748584922,0.397239460751351,0.0158143764383567
7317,0.0220130859514448,0.290890234507488,0.0152014039310497
7318,0.0191111650378677,0.287126951417407,0.0189776350199298
7319,0.0235901926888216,0.255943037965717,0.0199388504048515
7320,0.0243405085836308,0.212553596424645,0.0180181452494354
7321,0.0194411098597488,0.217911926127503,0.0229340015213386
7322,0.0209436934334074,0.289800642549234,0.0168630442207245
7323,0.0206504982743639,0.290819021189874,0.0184596416819877
7324,0.0142777813837458,0.21689207298195,0.0217764622972403
7325,0.0221217255813198,0.214492351830412,0.0186392228657842
7326,0.0256988874438925,0.223763534837152,0.0181237700749143
7327,0.0206764668823339,0.28237831380305,0.0212310822734056
7328,0.0183957625412955,0.286705367133792,0.0171713668289443
7329,0.0235859741451041,0.303354510306468,0.0168441860120907
7330,0.0125470846241866,0.321305884393775,0.0175895019454392
7331,0.0155280952815096,0.237500665739738,0.01985837771811
7332,0.0270779350735144,0.211850720748996,0.0224820635152526
7333,0.0211026549905332,0.216164525391777,0.0170471800506616
7334,0.0183236929640536,0.302021646725522,0.0178122558134331
7335,0.0211236195350284,0.280685713066575,0.0180244108566997
7336,0.0203118509571843,0.277233680749397,0.0243455391520183
7337,0.0169573188637145,0.282742324389735,0.0209858551531515
7338,0.0197239912803713,0.280877361689157,0.0167484138566123
7339,0.0239325408089839,0.305035200406479,0.0179304220148218
7340,0.0189333817088641,0.223745413905151,0.022173395648794
7341,0.0208803820302203,0.213813437885299,0.0174394054005844
7342,0.0238946909283608,0.278108027885079,0.0200383215774581
7343,0.0255875603742829,0.222906174896231,0.0199429145377009
7344,0.018572039028876,0.214390039459386,0.0195384855002075
7345,0.023090654598677,0.27204963753619,0.0184489433536479
7346,0.0204247296046058,0.286608265509071,0.0151358236666897
7347,0.0250052973572577,0.232916101268895,0.0177466528836315
7348,0.0242229483219189,0.286915282954255,0.021065632799613
7349,0.0186484506025589,0.392316555997118,0.0134500035540137
7350,0.0233683399641465,0.358129959853142,0.0192281340332175
7351,0.0218696445309198,0.392255500373667,0.0111590226407963
7352,0.0188824050619337,0.392071767631608,0.0136860570541371
7353,0.0125520739692354,0.377218837234692,0.0132693001327958
7354,0.017889984948471,0.354259414413313,0.0133878072016185
7355,0.0243900315232063,0.37349227620357,0.0144241561675399
7356,0.02084476265607,0.373405818075575,0.0154042939758619
7357,0.0187333616971584,0.372496637462741,0.00980657615857451
7358,0.0163635947926909,0.397205014502268,0.0123079806602523
7359,0.0227146477364869,0.376713099187872,0.0119252561998173
7360,0.0197473339960124,0.393676271463621,0.0104907087815469
7361,0.0187715947367154,0.444697836812918,0.0132473856300045
7362,0.0218745214540855,0.397356112783151,0.0127858598506034
7363,0.0201020572308188,0.392404351251966,0.0118875022520543
7364,0.0199737177653391,0.349314838128135,0.0161261069746382
7365,0.0193138160864836,0.378586892872475,0.0180485364587429
7366,0.024382488554024,0.367910639058008,0.0168579030122204
7367,0.01985664605128,0.37697777667866,0.016881711817769
7368,0.0184476043140567,0.398776632842136,0.0112547873217545
7369,0.0173331768709522,0.386371140209657,0.0111391216886518
7370,0.0161686978341903,0.395069123604124,0.0120626718022628
7371,0.0221102914050505,0.368008984392823,0.0185891470473858
7372,0.0251181343874183,0.413240161909562,0.015968620669312
7373,0.01430808990714,0.378867635668825,0.0166926244293883
7374,0.0146127975666979,0.389311400733396,0.0137176590291106
7375,0.0123136913384325,0.392173414297947,0.0151927028232191
7376,0.0163810032719754,0.384042410369814,0.0135756084261283
7377,0.0196715141977364,0.444259555743613,0.0143480201679904
7378,0.0246678679513198,0.393281352534876,0.0132104432656206
7379,0.0129648158314975,0.399606132100871,0.0149228825005919
7380,0.0227895435605382,0.389058367503786,0.0172627190105107
7381,0.0196383043307448,0.403855771463479,0.0131337103897425
7382,0.0249770818553403,0.406859426698625,0.0133537095586713
7383,0.0196063076449866,0.406770328826998,0.0155359876135304
7384,0.0107591112835574,0.398742266354906,0.0153391704752151
7385,0.0171718941065984,0.389608887291135,0.0144961680693037
7386,0.0135714357820677,0.399125442541043,0.0137997096274301
7387,0.0155839989460478,0.396627380550198,0.013816404312532
7388,0.0185988314683155,0.378365660859168,0.0128883762205801
7389,0.0132802690305436,0.433238836219184,0.0111428797493299
7390,0.015523927723048,0.350626713598105,0.0154823293068542
7391,0.0161014475525673,0.344069119465367,0.0144716511961987
7392,0.0130362724186034,0.315869498395226,0.0172072579913626
7393,0.0181031789649903,0.230453502487684,0.0173710338355903
7394,0.0231074874341656,0.28138451349194,0.0160995361287481
7395,0.0194408093460455,0.325654990500242,0.0163533543118302
7396,0.0209857464283757,0.304445357176816,0.0173793863375057
7397,0.0128240107989716,0.31103840243591,0.0197393125087342
7398,0.0198978652443948,0.294484285436468,0.015901318762859
7399,0.0215759184117419,0.288032022092918,0.0161067191959432
7400,0.0222390795283298,0.291242576439434,0.016781826705517
7401,0.0226866439219738,0.31679218916249,0.0181178051192466
7402,0.0146886871737646,0.27608490083342,0.0156885574083059
7403,0.0184144162906431,0.290342949084344,0.0153994024166325
7404,0.0203328602962978,0.2563690053264,0.0218637531891162
7405,0.0195767298087643,0.278741027506022,0.0226411541678007
7406,0.0182926418422025,0.279032510451559,0.0142457349639499
7407,0.0208509295146276,0.302703815647809,0.0202380734289858
7408,0.0224699103205077,0.284409532121016,0.0244384905494665
7409,0.0164226974937385,0.324737504380243,0.0120563588695445
7410,0.0228595692865675,0.304044402182382,0.0181946121875602
7411,0.0226249406914183,0.285675355854758,0.0228565239325031
7412,0.0180313793474796,0.284769465063188,0.0178159796293843
7413,0.0200795279050806,0.293052475108433,0.0215688607327576
7414,0.0195429441900024,0.294449342573735,0.0172199793258027
7415,0.018299767460161,0.354184861636812,0.0185744706340235
7416,0.0148678340015502,0.395451141738885,0.0132002089670469
7417,0.0117546342192409,0.374655220744212,0.0113938290970798
7418,0.0197232470239676,0.400048422659508,0.0131211649564878
7419,0.0213640210177515,0.439377220720377,0.00983659714289452
7420,0.0148491599447533,0.388046141311202,0.0144158681285978
7421,0.0254392856531389,0.399691313008588,0.0118569006719619
7422,0.0191333420943546,0.394341605420062,0.011502034630724
7423,0.0147967248263047,0.389136720013014,0.0130910743962931
7424,0.0290971081017203,0.397651278764551,0.0168843248326041
7425,0.0166454980752312,0.434488274526214,0.0141950420344024
7426,0.0132735899664091,0.426880385386169,0.0162315106556567
7427,0.0171341945038885,0.431395149317636,0.0132469672016582
7428,0.0212181099193871,0.391925711662623,0.0107598699656276
7429,0.0199586951920639,0.383009336481437,0.0125799425523658
7430,0.0193591051012125,0.427629657783934,0.0152690612062617
7431,0.0261085021127707,0.39131909966,0.0132519043075046
7432,0.0207527217482234,0.450167623100108,0.012519099943985
7433,0.0200051104218468,0.384904720107093,0.0160577011609847
7434,0.0228655420455478,0.397935633491523,0.0140351885399268
7435,0.0222350574478244,0.374877252762671,0.0128926436777798
7436,0.0125934922181171,0.376722716622374,0.0154837319058687
7437,0.0215855956322301,0.392214746359243,0.0144991582551781
7438,0.0224699031687747,0.397032906794822,0.0135402179733571
7439,0.0181996544027445,0.294627265122288,0.0193575580029705
7440,0.0210333212618737,0.391541180549153,0.0164727871535006
7441,0.0167730304254975,0.384202769945831,0.0150054321282329
7442,0.0197903732264462,0.369424936293977,0.0152089635983533
7443,0.0150321858222411,0.374254630399812,0.0154821353839272
7444,0.0153287645957977,0.407513999403713,0.0144483521161876
7445,0.0177183622643156,0.397257193061099,0.0123186445731012
7446,0.0190229251586887,0.390206282719259,0.0127549176064644
7447,0.0167920622173287,0.38772885607988,0.0190412901898032
7448,0.0105648673406019,0.375650440668101,0.0148098320244326
7449,0.0165552225778608,0.436455230374843,0.0141214673124432
7450,0.0178633879465853,0.448429714646147,0.012770461984202
7451,0.02241693690595,0.386201270521339,0.0163630178800492
7452,0.0270459968290619,0.40338526547642,0.0165946191059832
7453,0.0101711109812197,0.391374800810516,0.0136814630172131
7454,0.015311963762925,0.3773425607876,0.015188899239534
7455,0.0144464993981885,0.32947619252987,0.0152553478438204
7456,0.0128879891606809,0.304240374963543,0.0216343853068252
7457,0.0238030025438852,0.235630839524202,0.0208266834646882
7458,0.0182986996745692,0.235502698031482,0.019290608849187
7459,0.0247970671535454,0.276900370006215,0.0147523096226061
7460,0.0174692224727841,0.227175330518523,0.0190928405157223
7461,0.0248142685389264,0.27410750008962,0.0163985971490897
7462,0.0173603943876755,0.235990772590127,0.0194541041748421
7463,0.012028442527907,0.235826233743383,0.0166419118227062
7464,0.0198720600329459,0.292406073180252,0.0208040122539271
7465,0.0179263549719038,0.291981082603105,0.0157745464792015
7466,0.00550486877633615,0.239837012072535,0.0226965637700373
7467,0.01762976716643,0.295703810981431,0.0178191080178315
7468,0.0209370507159347,0.297651173026262,0.0168995826386483
7469,0.0200783254528618,0.298966014460903,0.0177837698500385
7470,0.0242761340339121,0.27719088850139,0.016361787429346
7471,0.0157283531144625,0.276622886748387,0.0188827480895185
7472,0.0149256599166198,0.246780949961875,0.0251100214367805
7473,0.02015416264212,0.22139679841457,0.020412826841298
7474,0.0162538829274204,0.19636820772027,0.0217221176914328
7475,0.0183300442614524,0.226104899129885,0.0219710926580358
7476,0.0208170986642811,0.234853573695511,0.0246665465992119
7477,0.0175646440791484,0.218035701753256,0.0180905617323991
7478,0.018066699252905,0.236276364394328,0.0216319867849815
7479,0.0145985308719336,0.282863512012396,0.0222794234178627
7480,0.00928270899525369,0.295471815361934,0.0190470791434701
7481,0.0211055214993741,0.296902222007946,0.0201661406825975
7482,0.0216553676220149,0.357690224163212,0.0225788688057871
7483,0.0198897885460641,0.327985165763839,0.0180364560890197
7484,0.0158255750247021,0.377479170750235,0.0144117914801791
7485,0.0176359818188554,0.398543859408084,0.00798353899757632
7486,0.0132938772902854,0.422401531129366,0.0118091517285867
7487,0.00876349533971339,0.43264146615499,0.0128927377329852
7488,0.0189112804248884,0.399249175757507,0.0122521760311818
7489,0.0183469857584985,0.359578870363066,0.0158264506233686
7490,0.0188926377728556,0.285982547918643,0.0209471594710046
7491,0.0239880098380292,0.281467842768435,0.0183242505209748
7492,0.0110223947148936,0.280557082266191,0.0231279394181022
7493,0.020496613086653,0.341027302576813,0.0136493899397541
7494,0.0171522206681535,0.395798533935834,0.0125276962642945
7495,0.0216921678792759,0.435110552297337,0.0100459275418025
7496,0.020572192357362,0.454563210724689,0.015928440789151
7497,0.0197598085603671,0.45031082434569,0.0159170595922138
7498,0.0172853936927334,0.398919808099828,0.0143488619155512
7499,0.0173127945192495,0.389623780246202,0.0168173643868805
7500,0.0183579566652012,0.390612407932364,0.0145602216816751
7501,0.0222699894157551,0.415064471947175,0.0114768054431571
7502,0.0195768776983968,0.377731425452575,0.0142907563563234
7503,0.0232256650478226,0.391229841867964,0.0152496486413377
7504,0.021149134886194,0.387171819798697,0.0106363704715401
7505,0.0178438883469649,0.390580561324232,0.0136116039183008
7506,0.0238814178085063,0.390750792767618,0.0123212933442399
7507,0.0216897112284621,0.379413319393811,0.0160707046314681
7508,0.0217787320867923,0.372409426500743,0.0122678477244089
7509,0.0140074612448749,0.406838846063463,0.0166939223368466
7510,0.0208831213285892,0.399527387106107,0.0142468772350822
7511,0.0147587023857479,0.374858076379766,0.0124510604769498
7512,0.0205554203883513,0.397278215346059,0.0126253004322676
7513,0.0252438721568178,0.441210675579952,0.0137942414119916
7514,0.015431916003021,0.442250798680675,0.0114374494222607
7515,0.0162291319353058,0.396185292367114,0.0142481290841157
7516,0.0121193081491462,0.389443681671293,0.0126679811905443
7517,0.0108061901613166,0.392954252677289,0.0116361166461466
7518,0.0178059434977662,0.375267911283275,0.0162912068831883
7519,0.0243563863334954,0.374681659603247,0.0215596666771632
7520,0.0125115312674415,0.370315992031681,0.0125119942189419
7521,0.0172391516423819,0.390142690708216,0.0131120330724546
7522,0.0219690499562643,0.392697138133572,0.0131573177020667
7523,0.0205970235474049,0.391255350152676,0.0122287110114755
7524,0.0170291225346978,0.389830943351608,0.0137455333403821
7525,0.0178411717830619,0.387900975747039,0.0123816734725624
7526,0.0195669578479217,0.389506219076995,0.0124128017175048
7527,0.00586935239485731,0.387195035166123,0.0118841043229527
7528,0.0201048453913513,0.437008829764208,0.0129597444649731
7529,0.0159625113439182,0.390477978107677,0.0109714667773939
7530,0.0208358226788097,0.323804047709789,0.0177805890975559
7531,0.0201133540550576,0.256653908136682,0.0184927141811393
7532,0.0228524882717922,0.301339036237961,0.0240189858251196
7533,0.0231958098709109,0.292486067083568,0.0179063670890081
7534,0.0185130696458169,0.289103889384144,0.0209060001165196
7535,0.0190505865981859,0.281998616402807,0.0166940187849608
7536,0.0139650513587987,0.296476287768497,0.0152305804989994
7537,0.0188477614391044,0.303664831964771,0.0148732034541661
7538,0.0246007553458322,0.285876415595009,0.0210448050314349
7539,0.0129063992583467,0.299693487761059,0.0217801532972802
7540,0.0251331684600694,0.280376609552369,0.0187444082764217
7541,0.0214260513051444,0.332885371575867,0.0179104265145211
7542,0.0183785852477194,0.234505414168133,0.0160747933922412
7543,0.0221950974545839,0.254702252903255,0.0171587462576306
7544,0.0286837900280374,0.387724753480104,0.0142582144747044
7545,0.0206654249535094,0.389556888084539,0.0138344489747586
7546,0.0176928079082507,0.392670369584173,0.0143643096619501
7547,0.0209774431102797,0.358962628056845,0.0180365307966813
7548,0.0115387098675018,0.386882047503852,0.0163463247353887
7549,0.0195014488371289,0.301285398089605,0.0175467059442875
7550,0.0254492036134136,0.304729105013378,0.0203955680423964
7551,0.0218390075087426,0.231282348670426,0.0191595095995019
7552,0.0166848805242597,0.215765230098321,0.0208524416073718
7553,0.0128296139546774,0.273554833349076,0.0168323784538368
7554,0.0193626271502272,0.304287667609251,0.0205760186595595
7555,0.0181106461866926,0.427172769117537,0.0133392596407534
7556,0.0169440856861741,0.433717286875407,0.0132805170033343
7557,0.0243084079350395,0.433225555432049,0.0113706622156376
7558,0.0217569224507584,0.392064308527939,0.0112476831124195
7559,0.016323291710954,0.392971744544968,0.0115508557778425
7560,0.0203118313251351,0.375677903194297,0.0119891433845324
7561,0.019487399409807,0.384755786564596,0.0115656428929269
7562,0.0191130153542234,0.401541037127909,0.0142931992413361
7563,0.0258191882011731,0.443975150156036,0.0146420706912179
7564,0.0193213525452867,0.441744924538219,0.010845197916814
7565,0.0273881237534962,0.3880543455624,0.0198940183296007
7566,0.0190264064512489,0.374984679061712,0.0166140420089351
7567,0.0242101783835027,0.387323452044464,0.0122752299761604
7568,0.0190898155827293,0.396042589384116,0.0195123216733927
7569,0.0221006610210157,0.375578402074614,0.0155278460262115
7570,0.0212987787858578,0.393947136115573,0.0141095742697745
7571,0.0198614815921282,0.398325568110341,0.0142310373464153
7572,0.0199651847145198,0.394863058084806,0.0182385339424379
7573,0.0178243490452638,0.397849686573088,0.0135440672927287
7574,0.0225666535179759,0.477873947489276,0.0133697084710721
7575,0.0229461936085994,0.508851094348767,0.0100473249395449
7576,0.022303019779447,0.447727335893938,0.0163872260095396
7577,0.0188841002802286,0.37541327471654,0.0153851994261059
7578,0.0208028331477118,0.29237788733371,0.0175654226510269
7579,0.031492782174204,0.289569255094848,0.0182094119537431
7580,0.0129796185502119,0.225493979230736,0.0269593719301985
7581,0.0218587742814576,0.394511810272058,0.0157617316096404
7582,0.0234882247173147,0.39554442351104,0.0155440639411441
7583,0.0190710704530115,0.381758857695756,0.0145566759695288
7584,0.025015362918642,0.386028434484878,0.0159406340305208
7585,0.0212227645006256,0.277963880770844,0.0175277631502332
7586,0.0166301209498735,0.268249771046973,0.0252347997794113
7587,0.0234564484666832,0.303719796631893,0.0187676514740369
7588,0.0246447833769134,0.217479998241571,0.0232985664321081
7589,0.0251441624043552,0.211314615516372,0.0239126543568838
7590,0.0185428838176337,0.232381371464437,0.0233902253706048
7591,0.0222390691273012,0.28112809465093,0.0166283585223016
7592,0.0206697128266336,0.254452283413515,0.0174214279427867
7593,0.0218812259034098,0.218190500290776,0.0148613331989122
7594,0.0163517894629055,0.236661831862799,0.0187990351547365
7595,0.0163541840835681,0.215378119944661,0.0192081685564483
7596,0.0212335902753603,0.30224416572195,0.0214785759526252
7597,0.0219389588453673,0.279974202895081,0.0159952389263894
7598,0.0299472049456312,0.300956462842031,0.0287952847865261
7599,0.028480735401314,0.303804849704,0.015703813368098
7600,0.0149212635526431,0.342183299520168,0.015282803813349
7601,0.0220429969044951,0.402436454375549,0.0146315631204626
7602,0.0187802687064979,0.397728702978053,0.00987348281822689
7603,0.0183784689147282,0.3776888894047,0.0110870275898191
7604,0.0150158601405308,0.397035225021586,0.0127658861323227
7605,0.0145674387660301,0.375598578891076,0.0157924372936539
7606,0.0215841191101365,0.387131656874337,0.0178558387350537
7607,0.0218011321218423,0.397153954102477,0.0136327165559265
7608,0.0224248358023501,0.383147221882318,0.0130594595279536
7609,0.0119129243950624,0.384154819410389,0.0146074540778012
7610,0.0182063844867048,0.409345657629028,0.0184808889765059
7611,0.014392608627031,0.378989147030076,0.0163794306375986
7612,0.0215742936677366,0.406597370038972,0.0118057838836817
7613,0.0235224420573882,0.388953265377032,0.013557455477558
7614,0.0146987888106722,0.379933136510392,0.013887489655009
7615,0.0227881931956952,0.398008451380581,0.0170251288996497
7616,0.024323612104918,0.396907298982167,0.0159246758021
7617,0.0192746889480088,0.396948175190667,0.0142181508842692
7618,0.0205046365764733,0.392223619574069,0.0173283244115709
7619,0.0175250157474769,0.376640698260056,0.0122180338797278
7620,0.0224255216668983,0.373069402553206,0.0168777479962339
7621,0.0213837872995657,0.374450235727707,0.0159404284460917
7622,0.0178224725816396,0.412536539944529,0.0193830289855088
7623,0.0161602753068914,0.373550787919652,0.0132608575478015
7624,0.025602958676374,0.387756909969904,0.0140641758288355
7625,0.0243193924569301,0.43608907417884,0.0121517826819603
7626,0.0197616740118662,0.389884169093496,0.014041014596629
7627,0.0187893615664737,0.419467562803604,0.0145415864659712
7628,0.0221042249142067,0.449721784855751,0.0114645381559899
7629,0.0163580139044014,0.380722132795403,0.0148218341927686
7630,0.0201689062509833,0.39807735021442,0.018088180723285
7631,0.0239653833611145,0.399514385781758,0.0121733669756191
7632,0.0280864588123687,0.397423757293491,0.0119543976172353
7633,0.0161936118555202,0.380426386615811,0.0168328746973178
7634,0.0302104107656549,0.38301605982571,0.0150227168256207
7635,0.0222308149596445,0.33512903468218,0.0175434881575126
7636,0.0307119397706341,0.394209033599945,0.0146355827348721
7637,0.0183403182127481,0.368588843548945,0.015572806149311
7638,0.0195147440864369,0.39120888932392,0.0121680460985248
7639,0.0198872251940063,0.374427467687422,0.0150797744187166
7640,0.0204266522380201,0.390756178817278,0.0147643382921336
7641,0.0122761842129954,0.396326448063673,0.0117555263332073
7642,0.0257720821923776,0.386169214723764,0.0117332641073988
7643,0.0152726130994896,0.379423474868102,0.0145661047605878
7644,0.00879080146705381,0.440255625180554,0.0155700732480514
7645,0.0199422798165495,0.448253005142208,0.0155869536332717
7646,0.0180676084420798,0.38805469660107,0.0148570708537768
7647,0.0141251038808314,0.396386918883613,0.0130227487583248
7648,0.0163480016673509,0.39193636679882,0.0153510440577424
7649,0.0131112806970343,0.421817121411829,0.0109446603940992
7650,0.0169996119014382,0.389732701081369,0.0143790584608057
7651,0.0187439615340094,0.380748973098632,0.0157217797346374
7652,0.0178450548086109,0.44744161018939,0.016118719687675
7653,0.0199268052523676,0.430906480991047,0.0132052538564878
7654,0.0192010931737344,0.447231294642541,0.0120624271518097
7655,0.0150114273427411,0.398276484117832,0.0126070462818771
7656,0.0165878484201583,0.390795473403851,0.0103442957382208
7657,0.0233722812880236,0.435794429961686,0.0113843652464564
7658,0.0149222255428955,0.446870638638468,0.0103923901131287
7659,0.0120706704186991,0.427598704619549,0.0110601895178735
7660,0.0180225547484313,0.374198054061748,0.0170791231845775
7661,0.023572547234955,0.37423627641024,0.0103365011147689
7662,0.020784039553612,0.392872851846542,0.0114797134431906
7663,0.0180178467253414,0.436211743224856,0.0114766001351065
7664,0.0234766465327877,0.425846552744703,0.0130331050224852
7665,0.0158747573518744,0.444048328036839,0.00910311376552886
7666,0.0145459697575346,0.38420759719046,0.0152208221233351
7667,0.0136823663044117,0.401748643514014,0.0141601261963191
7668,0.0150440918106476,0.444729810109277,0.0127241443926661
7669,0.018339470024293,0.389847565475728,0.012565315909118
7670,0.022227938255792,0.39503986737823,0.0133311999350835
7671,0.0109341132930631,0.393462052711005,0.01222344873857
7672,0.0215425724224234,0.388467492807795,0.012617115891357
7673,0.0164843024984714,0.394704542517145,0.0149537409482818
7674,0.0233744165409421,0.386250952667997,0.013911039988957
7675,0.0146257680665833,0.393107471433674,0.01197462550803
7676,0.018801316662629,0.375654172832162,0.0107420698829224
7677,0.016292580252362,0.3940876402517,0.0140800592866968
7678,0.0179866118583929,0.443927548366626,0.012607162073028
7679,0.0189519214282757,0.388861513852623,0.0143153502387539
7680,0.0154053860828059,0.384239636087042,0.013204827019778
7681,0.0156914466693147,0.391781262573595,0.0135144709966642
7682,0.0193946618355326,0.436564322825688,0.0140798881139824
7683,0.0170244442661632,0.442076378977095,0.0128523195659557
7684,0.0143800568575369,0.385691077768692,0.0116151163648576
7685,0.0196144891217946,0.38644976628565,0.0187555986901236
7686,0.0203032397842356,0.396845911430624,0.0138241268170952
7687,0.0191265851038627,0.387815837369096,0.0130063945678333
7688,0.0184337081990033,0.390747102846033,0.0178424698730361
7689,0.0209916516909857,0.390396251161853,0.0165546220558047
7690,0.0151978504511464,0.396527888527237,0.0124978256579595
7691,0.021849054885627,0.39075218143791,0.0128325075690867
7692,0.0180077210439163,0.392493148157833,0.0168898728653207
7693,0.018767514849826,0.395615129938843,0.0143097968918714
7694,0.0156589327800414,0.392825687917576,0.0150666647338575
7695,0.0138099594645608,0.376455037723024,0.0112625865206249
7696,0.0195178949893127,0.397534176097752,0.0160565722153561
7697,0.0135916680119517,0.413596769604039,0.0116084242456663
7698,0.0229830346400111,0.379890456497281,0.0157527918606948
7699,0.0217563806549366,0.380868390607312,0.0204118940938586
7700,0.015047208783876,0.393211214740183,0.0152049898947859
7701,0.0215510025390872,0.396687919376393,0.0129174084666456
7702,0.0198538843766983,0.373690701442799,0.0166713902809057
7703,0.0231598025828898,0.3965846000661,0.0167731130518476
7704,0.0194841737785601,0.37126817888881,0.0130666546707028
7705,0.0188418936567314,0.374033248866305,0.0169118886545745
7706,0.0210008848407338,0.398034817577953,0.0113387879845654
7707,0.0152428663918129,0.37856889446765,0.0131496036523585
7708,0.0180313531469065,0.389569782103465,0.0115166493110098
7709,0.0228003546881645,0.381733921190242,0.0157412311252846
7710,0.0184721639378708,0.426316374122673,0.0141898887926056
7711,0.0196393314718756,0.443092848347003,0.0123489668768104
7712,0.017815848146531,0.376006054063985,0.00901974557617839
7713,0.0260963222850325,0.381111351020549,0.0154444100025699
7714,0.0147036456082711,0.391612276719594,0.0137852450076372
7715,0.0166138014934891,0.428606072179971,0.0139671474423162
7716,0.0117687856877818,0.39438172813921,0.0150507390744255
7717,0.0227115425188325,0.383384701824141,0.0103438118993709
7718,0.0246254951494328,0.391026084986079,0.015246736078056
7719,0.0183586004403661,0.393362459382227,0.0118201313641171
7720,0.0199371541629861,0.374810727244604,0.0143076592718473
7721,0.0146054040093046,0.38979954842383,0.0138367583359811
7722,0.0223018207281897,0.399070920188078,0.0133013410155546
7723,0.0180876830298005,0.432495051666588,0.0111509541267548
7724,0.0184181089643028,0.390350659214256,0.0173417740975106
7725,0.0132830386937814,0.399189751643536,0.0160706401167583
7726,0.0186509922137787,0.381615463155999,0.0186193427967468
7727,0.019953483525752,0.374622848137909,0.014091521608248
7728,0.0109668482832438,0.381695998283218,0.0105489954838988
7729,0.0233464307051199,0.370977728334713,0.0211976718796728
7730,0.0209671894910911,0.429126209083335,0.011296655973494
7731,0.0203137617031427,0.44774365198494,0.0139756446187091
7732,0.0248658959759256,0.448763601788211,0.0125085144077195
7733,0.0257649391483948,0.384063957975029,0.0119569941893782
7734,0.019922729565001,0.377348316438154,0.013267322729245
7735,0.0192172693397726,0.387640915245877,0.0128528968093256
7736,0.0199274598336095,0.443070653836128,0.0110862673903575
7737,0.0120707659178742,0.402164443503813,0.0102678779632143
7738,0.0211917269703023,0.394484249992301,0.0133660159687099
7739,0.0138753070512078,0.374959252076304,0.01272577920854
7740,0.0236729005885198,0.380108959255352,0.0133547360609196
7741,0.0183719634170224,0.430724288102308,0.0122204766971979
7742,0.0199949389753413,0.435936242475523,0.0131336298048566
7743,0.0219700251723805,0.435837308204506,0.0123545397367013
7744,0.015291005485858,0.378722688740621,0.0194490492066744
7745,0.01594076927816,0.379563540653417,0.0159194126553681
7746,0.0206397525091717,0.384067810984317,0.0140314049173405
7747,0.0243201801391002,0.394536183976826,0.0133238860077158
7748,0.0226497527327361,0.379452485943052,0.0154865456658986
7749,0.0197441617358279,0.391759522411988,0.00963889933207165
7750,0.0161100804545161,0.363436164591566,0.0170715661178305
7751,0.0177663450655408,0.415616864014126,0.0143568557634466
7752,0.0211653977417894,0.374303475308074,0.0150259837963524
7753,0.0203361380569472,0.42371995400524,0.0132271617561186
7754,0.0234226945594797,0.411345069678447,0.0133836447294278
7755,0.0171601702588521,0.390837299742181,0.0133704160517554
7756,0.0153253002919189,0.378233059803636,0.0115314409610176
7757,0.0211973732236299,0.387320239138929,0.0141103191462493
7758,0.0157275429901393,0.399432441022045,0.0132401011490406
7759,0.0179302822670893,0.388134581523913,0.0142771247397663
7760,0.0191584542701489,0.383620017843315,0.0150021869871548
7761,0.0146462387993849,0.378973354935998,0.0139135747969299
7762,0.0247852008635221,0.39727621420288,0.0125754192715984
7763,0.0269730139366989,0.39130161007042,0.0125124745222483
7764,0.0219498192210413,0.373475919809285,0.0146053557162919
7765,0.026303460569349,0.350629228993271,0.0170659515968426
7766,0.0201918579506871,0.38390521538293,0.0149471367998661
7767,0.0216555900899564,0.283965258731243,0.0177219240016408
7768,0.0180951539009706,0.217927298040118,0.0143495315589889
7769,0.0160288094110862,0.286568187923149,0.0206273088296789
7770,0.0198510760308809,0.395946712132148,0.0174778936752058
7771,0.0193920327682906,0.368686604279996,0.0155041066100186
7772,0.0241303882657732,0.391342108399714,0.0127728616604752
7773,0.0178853022298382,0.3788396529386,0.0115332632145851
7774,0.0209452466683454,0.384031071106414,0.0165464855610231
7775,0.0213828442956442,0.392775047766434,0.0179136964776049
7776,0.0183800071609675,0.397930315682501,0.0134584364643497
7777,0.0200269891300073,0.375479034586179,0.0137893365830435
7778,0.0216806434782062,0.393641840377206,0.012026640493548
7779,0.0212218278544501,0.390775012746217,0.0126857315115872
7780,0.0130051647477407,0.38292562956171,0.0155832488401362
7781,0.0140583017326964,0.3826994483942,0.0144516699746493
7782,0.017826078031987,0.43683873060589,0.0116784947959916
7783,0.0188592123966216,0.391351131817731,0.0135117292415915
7784,0.0204637784086658,0.394505067144049,0.0140937810629613
7785,0.0252140084743373,0.392026908366527,0.0116082265303071
7786,0.0230062371186287,0.387781887228596,0.0170921924124659
7787,0.0183825611238247,0.394213459430257,0.0151437819568464
7788,0.0137880752216653,0.413712089928654,0.0130930100652711
7789,0.0144855940951047,0.380125355528937,0.0193379501708828
7790,0.0181113815060546,0.408204690249907,0.0134314286425453
7791,0.0196685225291528,0.406756253926948,0.0158426831295787
7792,0.0191527773223625,0.388767902381254,0.0147529176060674
7793,0.0103998968218524,0.4003688435093,0.0184256634663431
7794,0.021448517125917,0.376152150597644,0.0158383537352149
7795,0.0166176373663795,0.405537504382708,0.0168415804899845
7796,0.0158454602560796,0.439522454660412,0.0101813710406704
7797,0.0160400667445009,0.395107138419524,0.0142118967430651
7798,0.017953205815288,0.379243711541746,0.0149437863458017
7799,0.0199262873868188,0.394656551365264,0.0157537915035362
7800,0.0162837788994893,0.397558231323705,0.015874493745352
7801,0.0223689752293466,0.397016066944955,0.0131445454994237
7802,0.0244667811830411,0.395842196692371,0.0150262766598809
7803,0.0102753517291797,0.390087752849473,0.0113812566517113
7804,0.0225479328842039,0.391541706674299,0.0139857560650002
7805,0.0198988211809844,0.394079052981569,0.0129990670013812
7806,0.0199101713158997,0.39554765342796,0.0155052763320549
7807,0.0177484065134704,0.397800476892807,0.0134299600456631
7808,0.013668863444282,0.355019173088572,0.0148176225714232
7809,0.0179374334137907,0.392951616622931,0.014294148542355
7810,0.0197651624538582,0.397421171662381,0.0117408040224215
7811,0.0192818138551949,0.377805673262923,0.0131385527595783
7812,0.0268347888132153,0.397806519452161,0.0131407335099787
7813,0.0200282431058884,0.399241375205368,0.020392082332838
7814,0.0219402585945651,0.392791861622097,0.0151258927254639
7815,0.0195965941328374,0.390958268601172,0.0158256397627543
7816,0.0231096080900009,0.395969495584486,0.0140044682119916
7817,0.0203508404596389,0.42864317772608,0.0123324411763496
7818,0.0139541325779713,0.436514345647497,0.011148643943268
7819,0.0246010667415896,0.374607383158362,0.0161635119812653
7820,0.0275704874058492,0.399932555898786,0.017137076801446
7821,0.0188599315882668,0.384712367670341,0.0148329122909534
7822,0.0205233095975492,0.444836496197998,0.01077017702415
7823,0.0112867079708968,0.444783366223336,0.0141846237420416
7824,0.0251182320884171,0.355851629990876,0.0191803310088153
7825,0.0228760757382715,0.394325448109777,0.0137680769983547
7826,0.0244313304104795,0.386594311078415,0.0149222495640509
7827,0.0172976570124356,0.353256424212925,0.0189003187268429
7828,0.0191789888884694,0.373872629340548,0.011717211501131
7829,0.0171795366683354,0.390752970104163,0.0185046527988621
7830,0.0229476286238381,0.427116723855116,0.0139299607013962
7831,0.0149249793134084,0.445698620327961,0.012145769877467
7832,0.0146593981894488,0.388694741160746,0.010055629267351
7833,0.0175626591097575,0.371936260229503,0.0145715323866823
7834,0.0287383358039778,0.393345836619429,0.013202905941568
7835,0.0223285698437508,0.387801093485362,0.0141589007278668
7836,0.0196007516250845,0.300951169792104,0.0169354144990655
7837,0.0148474230619358,0.298808764009556,0.017926591266014
7838,0.0214976867542002,0.272577977349588,0.0184782087341389
7839,0.0170926994160421,0.281099468977138,0.017829914143114
7840,0.0229033291662282,0.297566256194803,0.0211417996042721
7841,0.0173716168905669,0.291835942865852,0.0149775866289937
7842,0.0235232684956614,0.281758553597354,0.0145946830811663
7843,0.0286455978126149,0.301079049557034,0.017069641734103
7844,0.0179780907987679,0.233881207159666,0.0195369572758328
7845,0.0180586088627416,0.24864184915759,0.0239879084031053
7846,0.0196881658183353,0.23437531302536,0.0200462147484355
7847,0.0168799171964321,0.314823670954573,0.0200552185865757
7848,0.0175459748858755,0.397543529623351,0.0150809485296608
7849,0.0153107912709187,0.416137246788436,0.0154612909335526
7850,0.0200261363116343,0.430709044327444,0.0129951596953073
7851,0.014814937341771,0.396885468847598,0.0113865512525317
7852,0.0198107205785823,0.390342495802544,0.0179729944192957
7853,0.0173342343423674,0.431269972474694,0.0114089939073666
7854,0.019997191937214,0.384668256475741,0.0126684199031318
7855,0.0189240830774318,0.397162975401413,0.0151321773446965
7856,0.0174149818339742,0.387531909095845,0.0168070442692378
7857,0.0178722252198838,0.390345113353984,0.0145179674158524
7858,0.0173884945301652,0.39286873677585,0.013639041328927
7859,0.0170911353800368,0.361255481775252,0.0196242401908169
7860,0.0237817800598335,0.344310434554641,0.0190356226296755
7861,0.0209033123901301,0.374224332892544,0.0161065947309179
7862,0.0170749576320304,0.375194298502388,0.018887741274181
7863,0.0188935045527843,0.385232089394543,0.010652349459953
7864,0.0222094443006893,0.382924645520893,0.0148560234515253
7865,0.0183498233712098,0.395834203199138,0.0124272499993478
7866,0.0174061006750148,0.388257009786216,0.0144507976752276
7867,0.0207968740995488,0.355868762252179,0.0128175173717988
7868,0.0192446455440304,0.380133610662851,0.0128427413033107
7869,0.0167217467150019,0.372743282468534,0.0180407179157064
7870,0.0204925911964252,0.444754909826352,0.0132335790584034
7871,0.0212148612335806,0.389928161062538,0.0122920837323373
7872,0.0133502861025929,0.385920139599533,0.0150114848812674
7873,0.0163134910621764,0.434809504490768,0.00908264677231763
7874,0.0117394269992717,0.44179971887141,0.0156822649377808
7875,0.0120180476941159,0.436393184004808,0.0113838882032064
7876,0.0163451660013864,0.410715899089147,0.011060765567781
7877,0.0143275469178164,0.398879222093247,0.0149869479254251
7878,0.0176102593465104,0.352683865993446,0.013757319601514
7879,0.0181650805633445,0.377394631423417,0.0138297222904427
7880,0.0147252687349909,0.440460953320101,0.0115238423085333
7881,0.0171290492759222,0.445492909930174,0.0116515189515563
7882,0.0200166130444787,0.430485423024816,0.0114900722963423
7883,0.0207130083048,0.448577036280295,0.0155693233050046
7884,0.0131679283973033,0.4070088036144,0.0137543371855655
7885,0.0187604778800457,0.373917178640603,0.0172889422388082
7886,0.0175324588816174,0.387219272382216,0.0136376055892236
7887,0.012027203505642,0.379723858111421,0.0169029878084638
7888,0.0133090186723241,0.385937560201428,0.0142676131978648
7889,0.0193683760010733,0.354342870375492,0.0222244220121784
7890,0.021937428137722,0.400451713851171,0.0138214348939169
7891,0.0167335643642628,0.388358805467838,0.0142320557777271
7892,0.018425423935504,0.387706668231305,0.0143096759959051
7893,0.0173718443598367,0.395217987116843,0.0110996219107953
7894,0.02432235359905,0.436145373929743,0.0126015107817928
7895,0.0254326100421918,0.434750310109585,0.0119824566207934
7896,0.0205570101728551,0.449255530289202,0.00992559709683853
7897,0.0218098059495648,0.433201807432006,0.0138225346742213
7898,0.0166801545323519,0.407572172600393,0.0125798586436085
7899,0.0132930884091487,0.374226150587115,0.0162305863451589
7900,0.0164298281662154,0.39406220309186,0.0121338958920244
7901,0.0157125556799582,0.433653085421339,0.0128107703994281
7902,0.0110847242323207,0.390055933352519,0.014620691606611
7903,0.0170115993169272,0.380277753641535,0.0146964013988531
7904,0.0168435306700512,0.428066910239105,0.0135857633383875
7905,0.0189894649245298,0.363844908008775,0.0142273645166598
7906,0.0195165128133664,0.380669445124873,0.0144483307665371
7907,0.0253692133137313,0.377015750367889,0.0145726557477149
7908,0.0237356245648053,0.397307305593676,0.0174800051516433
7909,0.0199580086142418,0.39627124704668,0.0173544869224408
7910,0.0166459231297505,0.399598202627079,0.0137413437077276
7911,0.0213838307118069,0.392446626225249,0.0138228783043614
7912,0.0170880277143333,0.397547341878104,0.0127554728735752
7913,0.0180693359701395,0.402593417640311,0.0166648718224413
7914,0.0156501992144783,0.348171741241531,0.0124784758357119
7915,0.0217235093452984,0.349454283122446,0.0164181610298202
7916,0.0183308926750702,0.286081238220971,0.0185347385880302
7917,0.0180294540826861,0.300880441900825,0.0199791426616513
7918,0.0208278021686281,0.262390316519543,0.0169330338424645
7919,0.032622403023214,0.276187749962948,0.0202237932595646
7920,0.0251985285423561,0.28141862695783,0.0187278641497372
7921,0.0278651995509379,0.227247939614521,0.0156149684609628
7922,0.016933082690597,0.280485289034238,0.0142548505963718
7923,0.0170853967960697,0.281402058404624,0.0197269526097578
7924,0.0196864724268145,0.271295094596955,0.0192448004394654
7925,0.0213406109256196,0.295665062424854,0.0197804452808822
7926,0.0200731516691316,0.301087914590348,0.0168117491781596
7927,0.015473453669654,0.302337382088682,0.016985112243779
7928,0.0179250400922465,0.295685513920953,0.0177104721998942
7929,0.025442823918365,0.34207952706208,0.0165673734813477
7930,0.019197359583576,0.374635928982929,0.0108164922244297
7931,0.0263254387797916,0.390352237960285,0.0143681874166782
7932,0.013653792167367,0.369718545984691,0.0128382683009849
7933,0.0181450833492766,0.376388268839047,0.0136762779476291
7934,0.0152276956606738,0.375831635198223,0.0131038697158669
7935,0.0207676791129006,0.374348913444261,0.0205540542700639
7936,0.014960887697138,0.374029342006723,0.0169632611682363
7937,0.0234737295131804,0.384845608885484,0.016676736307594
7938,0.0279138361356056,0.376089126823695,0.0124929656151745
7939,0.0237174281303424,0.445333404955022,0.0123779371059689
7940,0.0128691396325176,0.388452644749576,0.0170727800001089
7941,0.0164702997016532,0.389642149712343,0.0128751771849982
7942,0.0185908998187909,0.381953444430961,0.0151730833713187
7943,0.0145719449003612,0.395943252692946,0.0152859204547662
7944,0.0181216645331494,0.398147605513011,0.0138529244748378
7945,0.0219811730757697,0.439827843629675,0.0127137890764729
7946,0.0234403275018448,0.439725027475603,0.0134336727307235
7947,0.0222369634436947,0.425760355512153,0.0146366949960537
7948,0.0254821684486272,0.390721344030223,0.0185916259180515
7949,0.0239844946673445,0.384860897957773,0.0145799641486299
7950,0.0192419346021415,0.388193565966204,0.0146112575408163
7951,0.019791446222214,0.382756784970278,0.0165710165416737
7952,0.0187563902865778,0.441160173201393,0.0139785738700454
7953,0.0180257484590448,0.428092771275842,0.0145509589378318
7954,0.0199174589107529,0.448684863456178,0.0130864046479478
7955,0.024133549229791,0.397370297022644,0.0168542133182293
7956,0.0194089388420217,0.381296581686844,0.0156050942788469
7957,0.0156595334628757,0.393343063079662,0.0137357422692563
7958,0.0224626245769518,0.414981882653179,0.0136060355994808
7959,0.0224260602067507,0.382219970038733,0.017421324376567
7960,0.0207135231322395,0.387681938311973,0.0129680818940173
7961,0.0141390441453748,0.378116394624691,0.0149626022968199
7962,0.0202267941182861,0.432492900113615,0.00986773565506417
7963,0.0277617326255576,0.373541184030086,0.0134538598758736
7964,0.0195058979076724,0.396208367872376,0.0135481331058382
7965,0.0231569734668408,0.363437671850659,0.0164259690831531
7966,0.0261504628091201,0.304147730745285,0.0138149062619792
7967,0.0173894896870519,0.2762386085656,0.017621158035452
7968,0.018136827072664,0.291871010753022,0.0181455477402595
7969,0.0192758717017777,0.304217736688938,0.0205866006805801
7970,0.0183335592192896,0.272517595887411,0.0170442843662771
7971,0.0257916497497196,0.274104266419535,0.0213461684612028
7972,0.0129428709505036,0.37667911208192,0.0117782777704108
7973,0.0192783319714455,0.388027658318918,0.0140237435723229
7974,0.0245798510235938,0.390806015479846,0.012896129129541
7975,0.0160000462870281,0.392321600805709,0.0112231101913883
7976,0.0133014794961197,0.394354135853326,0.0135902783171734
7977,0.022340675058498,0.389884685308371,0.0130378168446167
7978,0.0143380150568437,0.285763872890129,0.0239996441201796
7979,0.0259163118070756,0.286032046056009,0.0236833357612519
7980,0.0200419555125276,0.273965199014554,0.0170087807274416
7981,0.0228265773105532,0.300029627198681,0.0230099961496569
7982,0.0153129266257409,0.288317722895849,0.0187961137245977
7983,0.0191353273724927,0.392848295874953,0.0151628051634395
7984,0.0168405951119756,0.391526074219684,0.0169494545667719
7985,0.0292079115735321,0.388041290298136,0.0138712209349725
7986,0.0197379135051502,0.376012813181011,0.0157387808639114
7987,0.0171691105710566,0.407180802153086,0.0165315056217609
7988,0.0209682662128744,0.386606180701283,0.0143162998636103
7989,0.0268759877611787,0.388397302881077,0.0142097612497347
7990,0.0197810616123216,0.395696609366304,0.0147383820385526
7991,0.0146136262202323,0.385425163661561,0.0135278705934912
7992,0.0258932813016655,0.397128577739214,0.0155163960035419
7993,0.0108472141565342,0.390405703682606,0.0145897561906965
7994,0.0233430258637219,0.370139087781187,0.0186523132415283
7995,0.0177577649736924,0.392001296093527,0.0140363077270763
7996,0.0196076069689656,0.404514645985125,0.0151984818251718
7997,0.0198036505160925,0.388628674579823,0.0131755915588099
7998,0.0167233274408925,0.377577029058717,0.0112060358188705
7999,0.0207135439803963,0.453682262024661,0.0114794484200183
8000,0.0175765385706244,0.390448058496897,0.0129169873255015
8001,0.0130202915700771,0.447425455759054,0.0125193755759812
8002,0.00951259879077905,0.388469618090905,0.0119027297575626
8003,0.0302056357067199,0.375093292634239,0.0164963613408972
8004,0.019078358516422,0.402036153976324,0.0144005819702277
8005,0.0199433371603067,0.401147625663879,0.0144420916465952
8006,0.015023024833313,0.398881982504815,0.0189279750184797
8007,0.019065975536619,0.379367660002532,0.0148237903087501
8008,0.0218478198922975,0.393495908797439,0.0152817697017707
8009,0.0167460215401764,0.392946071159909,0.0140500681313253
8010,0.0202689429543186,0.446155913689919,0.0121072105846431
8011,0.0219576328291079,0.388689726476531,0.0130318042402598
8012,0.0197066175749195,0.394722099904763,0.0131349231463273
8013,0.0250645464496609,0.384271520640255,0.0149342687809401
8014,0.0220738868350127,0.382528762411145,0.0115677080935132
8015,0.0191884215171615,0.383656347477117,0.0127916467407989
8016,0.0207114158235776,0.390064492882261,0.0111975151427584
8017,0.0201806420533328,0.435851348346785,0.0171308182774607
8018,0.0197129156307277,0.435854018837008,0.0123244965902964
8019,0.0198310937503356,0.374847638756134,0.0144394391543678
8020,0.0180655105039992,0.39900713754428,0.015030322447695
8021,0.0218449996709427,0.391656416098175,0.0195342189513164
8022,0.0269342061905017,0.372920950385084,0.0128267850408678
8023,0.0174474527659788,0.374715684462837,0.0169624780570708
8024,0.0144678712211432,0.42917889297446,0.0116949507252652
8025,0.0164175095146636,0.447748811706597,0.0103275467265678
8026,0.0209540382367883,0.387649679419894,0.0123211030528483
8027,0.0168179595320608,0.396424684040871,0.0142931516222025
8028,0.0231247932992677,0.390499238990234,0.018968955514154
8029,0.0139439288336269,0.36803439551615,0.0184124144714903
8030,0.0186693719745648,0.370761575854497,0.0128780405012305
8031,0.0149075097855984,0.388631918253624,0.0104612032080986
8032,0.0232167628086186,0.341082212014655,0.0164023940162101
8033,0.0157952291446965,0.36980778174831,0.0175615626093021
8034,0.019149278416474,0.379370014131143,0.0131650677958479
8035,0.0224357059989005,0.397680091391611,0.0125270346097322
8036,0.0280163361642342,0.370941190763504,0.0128625755865964
8037,0.0257183086484402,0.373425637252931,0.0173967040767107
8038,0.0210260541891762,0.377952132052782,0.0130864037593449
8039,0.0229903196994663,0.387333165039648,0.0129248265887849
8040,0.0112540234302262,0.389907979935106,0.0118898911232553
8041,0.0108555405118609,0.375682368627583,0.0161964286722523
8042,0.0213914312927835,0.375253253396123,0.0116193138939641
8043,0.0169048648422841,0.408849766810427,0.0121638386767655
8044,0.0117461628138957,0.384095215917604,0.0180201807673427
8045,0.0190563445318949,0.34665220418709,0.0196102310353606
8046,0.0235980201428066,0.260655490603166,0.0165456281818489
8047,0.0260034916220825,0.280481266135366,0.0231602361387726
8048,0.0149550785950435,0.341322435830262,0.0148833177913986
8049,0.0196891403033784,0.293306847390597,0.0201270143380505
8050,0.0213111109380436,0.286085656595266,0.0214339199301225
8051,0.0192616730821949,0.245478622224712,0.0175155625991785
8052,0.0191227612172845,0.229978444362533,0.0200579992514607
8053,0.0178841231065575,0.224779785578699,0.0209980033404082
8054,0.0189743536534783,0.280098067985657,0.0169327309413264
8055,0.0196822635443902,0.311574571556812,0.0174211660815683
8056,0.0215364440251796,0.392334857717729,0.0140958599696072
8057,0.0170338465032132,0.399340966852794,0.0123154895033828
8058,0.0178767067749573,0.390667553651955,0.0147767216253671
8059,0.0175459065289018,0.399303758633838,0.0199421400754256
8060,0.0230292462221305,0.399627111886144,0.0157914565551228
8061,0.0210998835381288,0.392954779847534,0.0143067695415683
8062,0.0223763784815024,0.442514438660318,0.012695845938689
8063,0.0140443651801459,0.396104590517948,0.0141752540084534
8064,0.0195974989982132,0.410865343879855,0.0115151760072293
8065,0.0230844846547004,0.414927724524572,0.0161444718222251
8066,0.0166998129077968,0.371624103372835,0.0203802276732008
8067,0.0122048048736841,0.380848140623048,0.0174398281951433
8068,0.0171422886295565,0.369732530208471,0.0131989298118044
8069,0.0164912140975588,0.396994391483003,0.0176172445652321
8070,0.0190413806783214,0.429789697058342,0.0128722931299387
8071,0.0174172055142153,0.41968362005785,0.0132047060953149
8072,0.0198276492958243,0.392359552820229,0.0168527166155189
8073,0.0189136295197017,0.383966448934298,0.0176477434537774
8074,0.0200950856644252,0.381692204736122,0.0135131215459026
8075,0.0200950856644252,0.374787430169419,0.0139958879869895
8076,0.0220196733407554,0.416275097730812,0.0110487522547557
8077,0.018821793156587,0.439622989934302,0.0115127162467265
8078,0.0161993538484753,0.379477612001827,0.0136255699059923
8079,0.0219773539352236,0.371973450212108,0.0123748436321184
8080,0.0266710243607738,0.28322833577304,0.0218417626298606
8081,0.0233015269299235,0.315943141532724,0.017731425843324
8082,0.0190609041174506,0.376845048391978,0.0143519572330422
8083,0.0193308752950925,0.381371262311792,0.015209779077591
8084,0.0159669193959887,0.447943922876359,0.0149590763563615
8085,0.0160443256172346,0.382783020587658,0.0148247072661058
8086,0.0219026622087782,0.39582565362258,0.0118152244917842
8087,0.02220642305414,0.39608004228297,0.0136518223018622
8088,0.0195723536026522,0.380913169504722,0.0166369755529013
8089,0.0207073599354751,0.286056865577744,0.0194835426062595
8090,0.0152938518900313,0.316760948787463,0.0174621720791885
8091,0.0225660203379458,0.352223589464861,0.0173264531755687
8092,0.0167156929170774,0.294263813902347,0.0186976625684633
8093,0.0210410221988685,0.223115549162949,0.0210174386564147
8094,0.0172249186110632,0.237884071417558,0.0160311438240395
8095,0.0202111004390986,0.270263204516273,0.0155496783818446
8096,0.0195331006003211,0.22946562462191,0.0172488602888696
8097,0.0230476205342413,0.233842586313703,0.0240459271359525
8098,0.0176156205746389,0.280764124902989,0.0178474351157544
8099,0.0160596052613757,0.282603993289416,0.0174882102152753
8100,0.020216415621646,0.276962035451635,0.0163210509410612
8101,0.0104365491231057,0.315168181113113,0.0199816704827279
8102,0.017880431226844,0.274689338474356,0.0200309768170558
8103,0.0196465342175447,0.304430397570439,0.0209407525518533
8104,0.0272683414481907,0.28346038096534,0.0201867668016712
8105,0.00478555963309658,0.28766937612342,0.0211397064474613
8106,0.0122631335982268,0.34132527255648,0.0166166544042469
8107,0.0137776347139142,0.378113943554311,0.015662554532946
8108,0.0158360696053807,0.387561530085827,0.0138239332686169
8109,0.0181961976714855,0.395772774417864,0.0140219025250184
8110,0.0245310381368676,0.382685340378413,0.0141111191705362
8111,0.0192426822391052,0.395332506128445,0.0165822925749331
8112,0.0172289569992473,0.38610186925105,0.0123252274100731
8113,0.0208244610317005,0.398998379639137,0.016051363687967
8114,0.0106883369813204,0.383011368004341,0.0155860036408263
8115,0.0258177470265563,0.374771401043448,0.0122530249898745
8116,0.0162075431822894,0.394267041677497,0.014313701160651
8117,0.019696673058581,0.373512174631023,0.0123934848014787
8118,0.0214530985915812,0.387609923809378,0.0128841333182377
8119,0.0226625634036576,0.385273453817259,0.0126614125672234
8120,0.0153446889403347,0.397980041515384,0.0137653389497015
8121,0.0229297850026456,0.428855939122324,0.0128825293753292
8122,0.0173841865254005,0.392116266248576,0.0209294527810385
8123,0.0198575411287225,0.331280618226608,0.0189025630296055
8124,0.0224411371854281,0.231135486241778,0.0224907301886745
8125,0.0162149889564281,0.296463982417318,0.0162123014682999
8126,0.0209682869788475,0.249610481868995,0.0186814216917276
8127,0.016279987618406,0.278275546717738,0.0160354269066424
8128,0.0200002059681816,0.223538503715361,0.019010361307239
8129,0.0198394448053187,0.301989732662632,0.0224124223353805
8130,0.0211726407171125,0.292859977372189,0.017911108376604
8131,0.0202028153870137,0.284148526332525,0.0157882696273064
8132,0.0191662722554136,0.224383737552356,0.0220609745952297
8133,0.0147053495532498,0.275569561986399,0.0166848267461591
8134,0.019102950587569,0.28750424894759,0.0174595593495102
8135,0.0186208802751931,0.222668052671606,0.0218440288770171
8136,0.0288303129763862,0.216862599288322,0.0194137473555291
8137,0.0208202842153957,0.304478288112931,0.0187165282505029
8138,0.0226159829963853,0.29032073563877,0.0211213160911741
8139,0.0193564000502425,0.373743170338266,0.0152271471044392
8140,0.0190232767882468,0.398079000825606,0.0123683564775474
8141,0.0167677119942089,0.398070235763149,0.0144325041056107
8142,0.0222417505076152,0.374200095550799,0.0157194032170226
8143,0.0212528240604133,0.387782300495458,0.0142463917731578
8144,0.0196400434205238,0.389343745871423,0.01348068576139
8145,0.0188831053588432,0.39268523759521,0.0143897206542116
8146,0.0194679001309774,0.391281207959899,0.0175862235136108
8147,0.0216350037831235,0.392442791689535,0.0161928788773577
8148,0.0190673571896562,0.384838048001322,0.0141273540190892
8149,0.0220699920238489,0.381379465808709,0.0134533916796061
8150,0.0135119951991863,0.396254287669266,0.0143075924167078
8151,0.0175967027570238,0.375748533128612,0.0131719465282982
8152,0.0227243694838701,0.388323074454897,0.015955873144848
8153,0.0210651376940954,0.375882151830428,0.0158139399514183
8154,0.020344286559932,0.395175254635128,0.0109739253207027
8155,0.0176934021957368,0.390536562716459,0.011645840140348
8156,0.0145265062607836,0.37720898838548,0.0121738557503158
8157,0.00857792371617077,0.416573355075389,0.0147238306780891
8158,0.00906653072625999,0.39717720004112,0.0141266560059847
8159,0.0231219475612462,0.376437299265076,0.0142577520019734
8160,0.016985248656069,0.379615309649295,0.0130866790063004
8161,0.0163714340695376,0.374098707219317,0.0130215503019969
8162,0.016204433022808,0.379417636484171,0.0133798113296262
8163,0.0267015496028108,0.394582165593623,0.0116287729521455
8164,0.0226868537793025,0.397351635590552,0.0144762461868559
8165,0.0200367245133656,0.455163836301729,0.0134786186109595
8166,0.0207713800510961,0.42828237623667,0.012283531588924
8167,0.0220618110436559,0.456714923630294,0.0102411826487677
8168,0.0213713946352735,0.438263157286042,0.0129854673131769
8169,0.0188587245826823,0.378528025580081,0.0170693928435754
8170,0.0187197540550091,0.382309690872354,0.0172809461813055
8171,0.0280983061607281,0.39052244451338,0.0143327197792145
8172,0.0131714686874103,0.38773852308108,0.015732980340468
8173,0.0184973901465791,0.37142193625078,0.0133294638022748
8174,0.0132276564756341,0.384706312272757,0.014599444901971
8175,0.0226993817694074,0.391226161775584,0.0148941535843097
8176,0.0192734901412885,0.443623314019925,0.0114945003803627
8177,0.0167745421094951,0.398930038063123,0.0132919547542217
8178,0.0172629804201619,0.386180815032248,0.0117088070593043
8179,0.0164938493153474,0.439080077023019,0.0128114893983275
8180,0.0186395313782588,0.419449850541643,0.0160505888806671
8181,0.0200890992331904,0.376428981918308,0.016857669720798
8182,0.0172462262915214,0.40277169485299,0.0102821361931749
8183,0.0183715374816362,0.489362676695902,0.0113136655932133
8184,0.0300821115794182,0.40411596603,0.0122409533618634
8185,0.0232997597293429,0.414623234489849,0.0124768329288719
8186,0.0128522641250416,0.417340809730852,0.0142034599694947
8187,0.00576409116454621,0.388993005107105,0.0176568483177605
8188,0.0214165010229172,0.381058803296069,0.0150397264552985
8189,0.0275304814235452,0.413145237982202,0.0124092601085552
8190,0.0219913398581832,0.389167989697008,0.0130941694638563
8191,0.0134292659434963,0.423481459927865,0.015545162707094
8192,0.0140341686620211,0.379743364554128,0.0173350353685339
8193,0.0265443848993378,0.390790459579723,0.0131639443846809
8194,0.0237342415369622,0.399349065001858,0.0167098177680362
8195,0.0252503748548759,0.399472509205598,0.0145829966034457
8196,0.0196165704023498,0.390824329132136,0.0124504119461204
8197,0.0204635161202188,0.356760163616231,0.0158433710442224
8198,0.0230585492931502,0.39795186103539,0.015014754486077
8199,0.0228297080769794,0.398686940872436,0.0142831032641173
8200,0.0205842604528301,0.411396352336152,0.0142831464823873
8201,0.0188551627451662,0.398203839575413,0.0155499494947893
8202,0.015297902389571,0.389301079439402,0.011933779174263
8203,0.0204318768197432,0.355611625030994,0.0204987128754492
8204,0.0150214646140431,0.38318914152167,0.0167975331152153
8205,0.013581802132902,0.347089593501187,0.0167406239263162
8206,0.0166065092849656,0.397311368627186,0.012027279798644
8207,0.0254345058809327,0.388686214106081,0.0161845128010253
8208,0.0198839182476366,0.391822061928222,0.0140610690313932
8209,0.00944012162644868,0.377791438936304,0.0156358610041147
8210,0.0203482533292494,0.390472082067777,0.0106647882708033
8211,0.0200135281107555,0.373580063755776,0.013899737923026
8212,0.0206570654304763,0.397842553555727,0.0122173481242371
8213,0.013520484164429,0.374433893950503,0.0124985925006539
8214,0.026162211210135,0.393313194467213,0.0178826807624139
8215,0.0149635230044453,0.393069609055055,0.0121951616960593
8216,0.0055661866245966,0.447323706260243,0.0161642636208283
8217,0.0188270535849809,0.393882260440239,0.0180539935271585
8218,0.0183269009020301,0.397992284766802,0.0159824327533419
8219,0.0218226562591496,0.459722218698012,0.0097746805407857
8220,0.0251616820977358,0.37409612839652,0.0136053492681133
8221,0.0243444790667851,0.373149106230465,0.0143493979318506
8222,0.0284307766853999,0.392885742911106,0.0144138407923785
8223,0.0148277434057182,0.435231846356936,0.0136447461300785
8224,0.0225817263251807,0.399494753975196,0.0146591048832199
8225,0.0294309869334171,0.389338936423707,0.0150862231096744
8226,0.0252390974342525,0.396121358799522,0.0158384853979993
8227,0.0156143547267776,0.399475399609408,0.0138075579537052
8228,0.0279367728355781,0.328008017126751,0.0169902502918767
8229,0.0192264298908746,0.280888640325444,0.0204295677585363
8230,0.0244894018099657,0.321429940014834,0.0169581765103589
8231,0.0145592433162074,0.28311877252497,0.015298551110849
8232,0.0176865624634501,0.29750013721375,0.021041906506808
8233,0.019475526099421,0.28847965036076,0.0199719271736498
8234,0.0126396477285336,0.291410653340997,0.0165493480718316
8235,0.0178941268562877,0.322118714756876,0.0260794326395056
8236,0.0229251461553985,0.395729280776699,0.0156473224848931
8237,0.0141695237670614,0.414542114982488,0.0117511543232005
8238,0.0160127170385415,0.431400421515298,0.00958278694180699
8239,0.0220191498926682,0.436723857858835,0.0101341860955418
8240,0.0151633694156051,0.499397485178723,0.00794887197376317
8241,0.016514556202684,0.434899082412277,0.0101789228835166
8242,0.0275951345950264,0.3912973759862,0.0143997920338986
8243,0.0208752748735303,0.381624216632163,0.0158593557529481
8244,0.0157244365874561,0.38777915118761,0.0192008655720669
8245,0.0235865194897019,0.396003517937456,0.0119339814211695
8246,0.0224914568182147,0.388584407577574,0.0163119835647644
8247,0.018794858287845,0.394029759994549,0.0126269486482507
8248,0.0241568894917917,0.381308809286465,0.0118661159420029
8249,0.015317205904793,0.3920560396808,0.0170024383734939
8250,0.0188349958830448,0.398472669977253,0.013436259541973
8251,0.0188719066126406,0.388743152836269,0.0148141058252897
8252,0.0120606661892007,0.383835143436259,0.0168258486484527
8253,0.0199614451158605,0.3908270468212,0.0148407071685148
8254,0.0179805847029028,0.385270769597766,0.0141616678750195
8255,0.0190459867729241,0.388514588670363,0.0150427500064563
8256,0.0225942051498605,0.388874074148221,0.0155306616521985
8257,0.0199417687149212,0.434037688587181,0.0143351491948801
8258,0.013798741784193,0.389982318948992,0.0170318426021603
8259,0.0166047046972074,0.395560947510867,0.0153063795602616
8260,0.0228115803194765,0.355656106110886,0.0154858991323879
8261,0.0178981385049166,0.282062354547142,0.0160581662313871
8262,0.0257595415692623,0.287327077837929,0.0207579083863809
8263,0.0233675490065174,0.280984673632107,0.0227379795398643
8264,0.0170403090099866,0.369785731312022,0.0182276217812701
8265,0.0237741376224502,0.379524636687068,0.0179371061498553
8266,0.0152309680825155,0.385090771410193,0.0175997731866149
8267,0.0162783904476996,0.384825939273264,0.0150637415438986
8268,0.0133186820171617,0.388470910140305,0.0125773566903951
8269,0.0235051634172326,0.381685709719086,0.0172135037008418
8270,0.0163374922437736,0.388769671912726,0.0178476366902008
8271,0.0224453770506902,0.324024510846729,0.0242417994860251
8272,0.0175262940032217,0.212972237000849,0.0207090311003713
8273,0.0239892677189263,0.211605041114845,0.0183154494980124
8274,0.0229335522770785,0.233495663663989,0.0219012769072269
8275,0.0209761897134875,0.301089672096082,0.0183772046721058
8276,0.0174877012283624,0.27733564629709,0.0195408215538348
8277,0.0196796883218942,0.298670095543995,0.0154541041358062
8278,0.0207671335204343,0.267218252610402,0.0190286795012631
8279,0.0184837948260945,0.229869921769905,0.0159875871335519
8280,0.0198564903015755,0.257512772461189,0.0216907615238378
8281,0.0149623885907567,0.271255177164528,0.0220300669394908
8282,0.0148491318222023,0.247819646931887,0.0155547910159077
8283,0.0212001072059169,0.304396232984774,0.0206826321728167
8284,0.0215525504749851,0.276214443759245,0.0124277375683932
8285,0.0168251189865942,0.285191882421619,0.0142476058724532
8286,0.0136401329926441,0.303736586882661,0.0167272288799615
8287,0.0154078232189995,0.285494457271653,0.0175581771795491
8288,0.0134604351703243,0.296286736166311,0.0188986469201666
8289,0.0211787199425204,0.302760835513877,0.0193254231424936
8290,0.0261285051021984,0.292724658828789,0.0169882949338943
8291,0.0169350253666647,0.276891945334549,0.0191280764723719
8292,0.0236691276806852,0.282689485155152,0.0194264965068048
8293,0.0229078447093192,0.217135194418144,0.0172070141030165
8294,0.0172460567145886,0.220093745454089,0.0176447504303069
8295,0.0178885274954917,0.238469389607735,0.0204846366822532
8296,0.0244616492452251,0.278465664327418,0.0222203718672855
8297,0.0175749445490215,0.30180716265043,0.0150898423896544
8298,0.020906948380813,0.272081667547574,0.019513821907172
8299,0.0176574489461942,0.259829744246689,0.0170661026142437
8300,0.0200768585774037,0.222693523007934,0.0227191561011121
8301,0.0189214055317887,0.27473406679,0.0207314328977825
8302,0.0177335267929846,0.304814869978672,0.0194484541333418
8303,0.0178185786155954,0.292488249806218,0.0192680076150104
8304,0.0208624860624911,0.227097947058859,0.0224568124326424
8305,0.0249846091351531,0.236050057939084,0.022007674182191
8306,0.0247491899202858,0.286695767174472,0.0166376492723645
8307,0.0182216147894557,0.288316741035911,0.0201120063674424
8308,0.0252747202766574,0.298449949566438,0.0145450080492242
8309,0.0220070796666713,0.305951963372786,0.0153523349262565
8310,0.0248140559078035,0.297062030832617,0.0189287866145821
8311,0.019566729057521,0.237644128287199,0.0193949605214666
8312,0.0218364252040332,0.294718125473126,0.0223234058702954
8313,0.0181973990556597,0.284488466303737,0.0179702278217621
8314,0.0232295693474415,0.255666603065832,0.0180193134088577
8315,0.0150132437301496,0.281523331137379,0.0197036123290992
8316,0.0156771950952811,0.369769507462495,0.0159701763086525
8317,0.0213344600520973,0.399531230148371,0.0203632073058311
8318,0.021509766602685,0.375035078499105,0.0188771507595345
8319,0.0164969015957801,0.396155891403517,0.0128803156711709
8320,0.0232021696845644,0.392871839180331,0.0145790341717619
8321,0.0195969115725191,0.384246823348197,0.0194533926711142
8322,0.0114975942672273,0.383370238123596,0.0142871418684769
8323,0.0246843673709891,0.408949488891727,0.0139201222069671
8324,0.00991259198667939,0.375385735723842,0.0145017976485913
8325,0.0184205882867633,0.373453063973697,0.0185190619465078
8326,0.0218231715186774,0.397048927972577,0.0133482524816007
8327,0.018392728484839,0.448397002168845,0.0128840795146664
8328,0.0181984295555825,0.435977304521273,0.0103772286871001
8329,0.0183051684959745,0.400230001200021,0.0122438653871171
8330,0.0277900035027382,0.388427872645479,0.0121891198919617
8331,0.0245903077158781,0.393619014517172,0.0125487632365135
8332,0.00902787266444915,0.355192166547649,0.0132209972996989
8333,0.0145407023950303,0.454750508202616,0.0092959444170809
8334,0.0291534033399318,0.399599946433776,0.0150819356775795
8335,0.022496511713186,0.375179307811117,0.0160696814388218
8336,0.0148536967739279,0.43696558763756,0.0149929083261181
8337,0.0277017588141793,0.377488839909799,0.0169571714589724
8338,0.0223673931586586,0.356471470595704,0.0169235416012808
8339,0.0117717834653534,0.384508111008972,0.0182243861659885
8340,0.0176217599891825,0.39552862413742,0.0126453711594392
8341,0.0146863327959533,0.424105803232125,0.0129265136883587
8342,0.0152976593362583,0.384045324324886,0.0145089171696505
8343,0.0178471008211548,0.42285654498357,0.0120874853948078
8344,0.0162996437943047,0.390420052352304,0.013961369760476
8345,0.0182132957866021,0.392352771988127,0.0134847827429768
8346,0.014694135496264,0.393328839571322,0.014234568471697
8347,0.0175202171101882,0.387791211873158,0.0143165161602887
8348,0.0176060659342663,0.393229494621753,0.0145381499499054
8349,0.0182178003898323,0.391039134276495,0.0127043115347532
8350,0.0180557442592912,0.433872110758461,0.0145108932165254
8351,0.0213412866759369,0.379941041675533,0.0145064993400558
8352,0.0231537524915326,0.392056789712571,0.0118520812511621
8353,0.0110431352844538,0.41431966609445,0.0144223242706288
8354,0.0207675595308271,0.355193935698829,0.0117828668641516
8355,0.0175544248804952,0.394056782461926,0.0160898771573891
8356,0.0207429489940906,0.380381007566345,0.0177802584372588
8357,0.0215632353114219,0.360084603436826,0.0188385241000658
8358,0.013263843565264,0.450683591872911,0.013317865010605
8359,0.0136454347904984,0.385470662761364,0.0124193724746298
8360,0.0176455318016154,0.373868882042678,0.0157043072763518
8361,0.0213135668135414,0.395308020152187,0.0130077272398459
8362,0.0138729134194201,0.390622161737841,0.0172364440281425
8363,0.0166685506000064,0.447015586221696,0.0142573961938379
8364,0.0208700367433676,0.429816049276184,0.0127350348001777
8365,0.0173600971152945,0.37395546235102,0.012077648922465
8366,0.0162679605210705,0.394560123158036,0.013851667273572
8367,0.0216004085529604,0.434453106690267,0.0137474119673576
8368,0.0209004569837407,0.373870993910589,0.0143949543274425
8369,0.0161811020243382,0.392519509307908,0.0137161795854208
8370,0.0164516293328915,0.37403136402489,0.0135312101747098
8371,0.0237645035305017,0.395224778110506,0.0180708523177627
8372,0.0118154156129722,0.380116037132955,0.0175015927764623
8373,0.0116357819950835,0.429377405299706,0.0163014915446183
8374,0.0233154673870982,0.392230452514543,0.011965184957443
8375,0.0181558181206726,0.37464679369939,0.0209571216145176
8376,0.0138872573146809,0.375706911103099,0.0191518790736923
8377,0.0221474333811716,0.384999802461648,0.0128902469079117
8378,0.0177425591501633,0.397660303610545,0.0224564402628629
8379,0.0236382670750579,0.375931529761329,0.0145995109542121
8380,0.0234363165703119,0.384122257483113,0.0136131424007971
8381,0.0139833448956079,0.399104363398224,0.0148598191337805
8382,0.0165682833616167,0.28599542516385,0.0130550955229061
8383,0.0209313274030204,0.300835103149332,0.0210449975830323
8384,0.0281883508733977,0.256582117678697,0.0172625456264694
8385,0.0124787212230735,0.274807534046838,0.018673144072222
8386,0.0212284672615508,0.315159793315433,0.0188718750829441
8387,0.0174507473118567,0.30182649902485,0.0206442098228444
8388,0.0188735038556883,0.25561455654691,0.0260265636953294
8389,0.0133100920842915,0.214232434628342,0.0202501204329458
8390,0.0163842403945296,0.221981368299293,0.0171625031042975
8391,0.0274964513715368,0.236881177177172,0.0141416187998007
8392,0.0191254424020239,0.217921183145613,0.0187404956004119
8393,0.0277247230272093,0.237599135902626,0.0226042539342632
8394,0.0116687819462004,0.265115243980204,0.0192836729368135
8395,0.0270870274538439,0.291246794249751,0.0177662714019489
8396,0.0209747704795419,0.388452566874873,0.0191558120201528
8397,0.0187234745096451,0.393690542598613,0.0159084268480689
8398,0.0134691463065745,0.375717316759288,0.0127029956212642
8399,0.0206125859956725,0.374387837937295,0.0156508476686672
8400,0.0258764848173875,0.395892539445421,0.0114417730422514
8401,0.0230894706310607,0.375271593645991,0.0154361695927009
8402,0.0252147927315424,0.443007473331691,0.0137627090917731
8403,0.0164586308050488,0.397854743811443,0.0156046259447878
8404,0.0204371744124395,0.380594887322489,0.0163890670121297
8405,0.0181365821078414,0.375528475495083,0.0150509121074338
8406,0.0177660074172724,0.37610721928762,0.0127768364714558
8407,0.02049177050359,0.388275099890315,0.0156681531104587
8408,0.0165549037530545,0.373549981214708,0.0177122456744898
8409,0.0194407996656205,0.377486716575823,0.0135997920559429
8410,0.0149696911333303,0.397391266353805,0.0139214820920577
8411,0.0175441460009425,0.428311478373216,0.0133355525491846
8412,0.017832058199084,0.435115168775386,0.011885861589483
8413,0.00982561726557678,0.450670999959294,0.0136668492921489
8414,0.022744176276839,0.393036734523306,0.0165356566312177
8415,0.0171214196825008,0.302173144254728,0.0180164138921257
8416,0.0143501580469636,0.227916536873577,0.0196500141941164
8417,0.0226560904255411,0.288937917981121,0.0211823954294289
8418,0.0268428693667878,0.282626970133361,0.0238485263295873
8419,0.0252769243637156,0.294133799409171,0.0197757793617156
8420,0.0175328950217827,0.300616635159408,0.0158180275238983
8421,0.0189952534076161,0.288775885386621,0.0146860428505359
8422,0.0239827266621143,0.299441631493398,0.0189703517052251
8423,0.0160566019873524,0.301288553436168,0.0166389036212609
8424,0.017332570762162,0.26854583563141,0.019074882673762
8425,0.0177888178167262,0.272780521913547,0.0129035752169072
8426,0.023482250581846,0.285173807439689,0.020130505685662
8427,0.0169180558592653,0.389639230717276,0.0117535953586731
8428,0.0141961970118208,0.397878001226618,0.0172767243594144
8429,0.0214541948084126,0.386333986801838,0.0183954071586402
8430,0.0128642768968323,0.374601912574922,0.0130926354393796
8431,0.0194959505122816,0.387343275242847,0.0158859097395429
8432,0.019477303871117,0.391402570537247,0.0123021837008703
8433,0.0193207778281909,0.395362392052605,0.0159884612509287
8434,0.0248935986702924,0.391449576007287,0.0135285671656719
8435,0.0191201481046207,0.394561001501806,0.0149871756529333
8436,0.0247309871589953,0.366569736540677,0.0174677411381453
8437,0.0170636917320063,0.353455067868142,0.0121358936173452
8438,0.021794776308125,0.382010953561836,0.0141740922130875
8439,0.0175651435357035,0.430459977960909,0.0099939736153036
8440,0.0192274328924359,0.44148948393921,0.0138208211756168
8441,0.00821754139997428,0.439935347398964,0.0149222530836155
8442,0.0148300172431747,0.376520818049403,0.0185418952996619
8443,0.0169033726689512,0.380147410419037,0.0162514398657616
8444,0.0149649586468059,0.382655544068158,0.0190349983707107
8445,0.0230810820442938,0.374944271779859,0.0143010140029148
8446,0.0196312562371931,0.358132065137462,0.0183969612053611
8447,0.0167197145020245,0.282710339961012,0.0197219351884125
8448,0.0157667368503473,0.282154635809189,0.0161011201122945
8449,0.0195852536105961,0.287708907750153,0.0177937037108761
8450,0.0200525946137554,0.217039196340506,0.0191698544564108
8451,0.0231254907912792,0.225190372012936,0.023205619026189
8452,0.0197584461491478,0.305201276221925,0.0200250634538044
8453,0.0228247416950641,0.303924712744944,0.0214728164968926
8454,0.0196008866079127,0.285750324488643,0.013507371181383
8455,0.0163584763875412,0.287102147270477,0.0203533051999232
8456,0.0281208696069054,0.313311754598671,0.016333019441018
8457,0.0137219676129159,0.388731306082392,0.0141382877322687
8458,0.0184622709083829,0.392687921274604,0.016095570889146
8459,0.0180690053308071,0.39137617565679,0.0183829225922208
8460,0.027781148271542,0.392305221636541,0.0157437188317534
8461,0.0209941432296789,0.384579532349173,0.0159708082517127
8462,0.0262735758616683,0.377202391466737,0.0163334092598389
8463,0.0152924638640469,0.378408279709871,0.0122240286337042
8464,0.0213478427596051,0.38493509222859,0.0149394531119368
8465,0.0164771977356769,0.389717214204143,0.0115206490574017
8466,0.0158594275365083,0.390019546317812,0.0162639783459883
8467,0.0203159442750664,0.397431346853109,0.0129334241388353
8468,0.02270430264097,0.389887215642862,0.0173216154590653
8469,0.018182592417659,0.392647404760463,0.0117534409384922
8470,0.0176917580174795,0.391341751069066,0.0134201984476885
8471,0.0241374767972254,0.389855347822272,0.0172786622376309
8472,0.0209921634115013,0.395001750989756,0.0143809583985278
8473,0.0207421138090191,0.408976188135633,0.0158010396831253
8474,0.0214095550235494,0.450954865141465,0.0109271311367001
8475,0.0127635726350425,0.410650522661531,0.0114626479481997
8476,0.0261961477318069,0.381428384762302,0.0119343167434208
8477,0.0236025775434618,0.417462735870315,0.0122747771622856
8478,0.0167314310126724,0.379288122938174,0.0122155000196564
8479,0.0186534847898872,0.440435685209323,0.0133549617058297
8480,0.0199942271230464,0.391556670058356,0.0113182308629508
8481,0.0198270204633055,0.396146539303161,0.0159323577382719
8482,0.010158126977768,0.433103327512642,0.0193123489204912
8483,0.0201031081590642,0.389314100244931,0.0172250540399537
8484,0.0184736746184141,0.375639035336877,0.0131715115162255
8485,0.0174613910405973,0.373846883739987,0.012466381053093
8486,0.0169464678650459,0.382592298925691,0.0160463617397147
8487,0.0234761357399145,0.398593554613409,0.0148434216606691
8488,0.0205241921242694,0.395963555525838,0.0151110861292877
8489,0.0190304290276387,0.395992585586533,0.0165647628210959
8490,0.0122075517313665,0.42029471921926,0.0123148533018482
8491,0.0154812049893586,0.372525581883435,0.0122443071762162
8492,0.00437188050621192,0.400732961101525,0.0149219819915457
8493,0.0177128283995214,0.383274291917985,0.0181078454144833
8494,0.0145945879155038,0.391702375675292,0.0182087774675864
8495,0.0205557060149339,0.396839770876928,0.0142750360070702
8496,0.0180055402722334,0.44450893977179,0.00973380453534876
8497,0.0180700578385966,0.436418954169163,0.0111205071629624
8498,0.0164783879165358,0.432555130242582,0.0132898363593031
8499,0.016072840688975,0.428380232567875,0.01574450454985
8500,0.0199022250204914,0.397905043932295,0.00904691704784802
8501,0.0160983261535292,0.380634780971248,0.0136980810274812
8502,0.0271486904239812,0.399449752577241,0.0194515919722093
8503,0.0144207715118799,0.392535584457087,0.0145053760778377
8504,0.0260900559229799,0.392300469339923,0.0171392271128932
8505,0.020878632262202,0.425635172756552,0.0136116109305614
8506,0.0225847252189014,0.401784717601664,0.0136058155608963
8507,0.018713832071517,0.439725925969943,0.0148010390002687
8508,0.027798269420028,0.455111799538396,0.0119700811883703
8509,0.0186785723674909,0.491300199180681,0.0134268985503286
8510,0.0142708579909292,0.543593345770924,0.0103469694674819
8511,0.0158509355489387,0.495622419407603,0.011646072086257
8512,0.0164814187187393,0.458914065470031,0.0134140325587045
8513,0.0180758245362073,0.403724023045631,0.0157194806342999
8514,0.0235047573210011,0.395895518365918,0.0162528507886835
8515,0.01679879858032,0.381251107272143,0.0152518018522358
8516,0.0178850323912175,0.431302565172578,0.00922180232254687
8517,0.0128486760631012,0.44237984681946,0.00983606951021597
8518,0.0181815282193858,0.374600802948385,0.0170351657446682
8519,0.0199872813902212,0.394587469108097,0.0154676210525788
8520,0.0224307493986418,0.382862008302672,0.0122970356178372
8521,0.0200420594273792,0.381027071101604,0.0175028648601664
8522,0.0176544369062434,0.414336351148827,0.0150199407103409
8523,0.0208941091124747,0.410129910562711,0.0136520109426341
8524,0.0162017339639294,0.424487445790831,0.0129954802396463
8525,0.0209038857246985,0.415155909922927,0.0203199757462079
8526,0.0187087366112562,0.46067462115146,0.0132897529183623
8527,0.0295732508344102,0.444387079367438,0.0148686420753066
8528,0.0125876504153431,0.382258060775748,0.0145517106019679
8529,0.0169410671981136,0.388653210165018,0.0129319810723894
8530,0.0157873834181254,0.445618855233811,0.0131467463224215
8531,0.029612004923002,0.412062470146598,0.0169843922141074
8532,0.0158708755994723,0.38926762219484,0.0148240377084908
8533,0.0196949113005343,0.386749327593902,0.0130548440888564
8534,0.0206191569557064,0.359579621949602,0.0120320694310308
8535,0.0213931041883861,0.388992831492078,0.0144710117796181
8536,0.0213843124462623,0.390066445828987,0.0165095182579861
8537,0.0246648262838554,0.395615250165612,0.0138884233038757
8538,0.0194670650474467,0.374623931168764,0.0134632866575537
8539,0.0207343778879587,0.395467234534777,0.0179343201991402
8540,0.0142321251324203,0.387927278262291,0.0163545007450288
8541,0.0180547664960433,0.392996566863799,0.0146177526390248
8542,0.0178212773404695,0.398148372073492,0.0165300310576189
8543,0.0278455829659068,0.386122863845433,0.0166509401845216
8544,0.0216268877446452,0.395721015327182,0.0143283754467388
8545,0.0203701388266886,0.468718890667096,0.0147456101754434
8546,0.0230120316600232,0.420967033929937,0.0130920967287708
8547,0.0170325466217683,0.381112576837976,0.0155775532879674
8548,0.0194647266171425,0.397341885199221,0.0128883538136553
8549,0.0105113074156627,0.394591445308272,0.0146824169788594
8550,0.0212060639751397,0.390976191092936,0.0133812063100887
8551,0.0222539453307289,0.384595245516072,0.0140870215182309
8552,0.0186211953104678,0.428174808861469,0.01147381921122
8553,0.0266683381142679,0.426548292477108,0.0126851647750917
8554,0.0248891507651103,0.38979373399132,0.015488829086893
8555,0.0161559875696883,0.39008280830885,0.0109072773037526
8556,0.0185555169700937,0.386656871340799,0.0170302172569421
8557,0.0193474183452877,0.380911331121058,0.0127896498150418
8558,0.0202892629386988,0.390262173923336,0.0181332364863602
8559,0.0151683356610627,0.390562788195409,0.0134504272448688
8560,0.0126672591499437,0.396112971338913,0.0132477245530423
8561,0.0231622943854506,0.379878785858564,0.0124534341050101
8562,0.0181958999238755,0.397119145758469,0.0127780051423476
8563,0.0219560327541241,0.384350074791167,0.0173851958904725
8564,0.0204051235605495,0.399516283095415,0.0163446984540185
8565,0.0241746380155131,0.392311137654705,0.0123536239236001
8566,0.0282614046142355,0.370757345161895,0.0138989668860262
8567,0.0153549871352748,0.396620347388396,0.0132904068792158
8568,0.012230414783207,0.382992348496558,0.013872112970593
8569,0.0250933314798147,0.445561650818059,0.012094775957657
8570,0.0234608767401228,0.441927535288868,0.0103689866680057
8571,0.016445956169715,0.432156848860745,0.0120123018558997
8572,0.0202708655545314,0.414794877074747,0.012397234998093
8573,0.0195474605865412,0.413595502765664,0.0129182832717159
8574,0.0171164502508911,0.373167118875061,0.0131688919027168
8575,0.0160231019418435,0.388791237295228,0.0111843288948497
8576,0.0177703785294602,0.384376488852553,0.0174826847889554
8577,0.0180456195126243,0.395878770720673,0.0122659189784912
8578,0.0188156202251853,0.397514426875643,0.0166821924240988
8579,0.0231908581950096,0.38964079506139,0.0142552310005209
8580,0.0252978755818173,0.35688148269893,0.0142118171397059
8581,0.0144877598746784,0.372657966406615,0.0112568503474518
8582,0.016031021855577,0.397185594308283,0.010428177304394
8583,0.0125599028628363,0.371936552385055,0.0126242472197307
8584,0.0224925059129356,0.388772188793165,0.0128696813094501
8585,0.019675667700593,0.377330339147766,0.0130016625091137
8586,0.0220928377183347,0.387893196606742,0.0218994905929732
8587,0.0175034652216558,0.386947783787999,0.0157857649938578
8588,0.0144569400993899,0.389682239594024,0.0101355984628502
8589,0.0288899005308472,0.363404170561783,0.0133505775533411
8590,0.0271908278778651,0.387339329142334,0.0147235255459693
8591,0.0189357640331836,0.385879394644206,0.0173559308314784
8592,0.0211297485506252,0.40748866300576,0.0138413641025595
8593,0.0194910831596951,0.446040691550889,0.00992900704434182
8594,0.0179720672235846,0.446800469784032,0.0113391377306848
8595,0.0155565486371127,0.428166643458938,0.0202238411840542
8596,0.0255161374884464,0.234918419817468,0.0151302114353796
8597,0.0241927597858507,0.229182992913863,0.016829901320216
8598,0.0148550286230134,0.22395224572428,0.0177786129658586
8599,0.0184096613398075,0.233518479586503,0.0235043262919635
8600,0.0183483732252159,0.301722337339497,0.0163875518444349
8601,0.0217591268958297,0.29886662697398,0.0187334524393933
8602,0.0183223201470301,0.22794229760939,0.0292316211860831
8603,0.0180049923121833,0.213675063287322,0.0191911245151037
8604,0.018456672959122,0.286984065702195,0.0215370811425055
8605,0.0267376694058663,0.284382476904318,0.0152177016289094
8606,0.0227466013527392,0.31854072379441,0.0141803254796714
8607,0.032676798774823,0.273997427998758,0.0182189973083954
8608,0.018311047813705,0.287747448357877,0.022816454380825
8609,0.0163163793467759,0.323352890712376,0.0189271141135448
8610,0.0138064066810195,0.293734273606665,0.0146112700615697
8611,0.0213121206375544,0.284588453138391,0.0216161931066862
8612,0.0210080716960991,0.287708780654718,0.0144390682026272
8613,0.0189236552257293,0.364947721543289,0.0162459937110502
8614,0.0209879072180082,0.29009276150956,0.0202521019965782
8615,0.0245563367015208,0.280023626863478,0.0195606499080299
8616,0.016665011735443,0.283591282733254,0.0190849800087332
8617,0.0204951434830723,0.275868194581558,0.0154602990301059
8618,0.0218834494232335,0.212964782515986,0.022658897101962
8619,0.0236371831064768,0.212199877601497,0.0175810330760405
8620,0.0186242567945743,0.252818765797173,0.0237834621829331
8621,0.0116997391369489,0.389116964684909,0.0157205349296448
8622,0.0162978905519305,0.442061199333135,0.0125882228625513
8623,0.0228023031473583,0.436713649241456,0.0150445838263773
8624,0.0254520078957731,0.387090580253582,0.0175254732772107
8625,0.0121031181013949,0.393706567269408,0.0118764895641245
8626,0.0221504031381967,0.371626369431949,0.0159445363782356
8627,0.0211980326447081,0.401992960318562,0.014941409260937
8628,0.0218248382452427,0.398959477749203,0.0188611881225481
8629,0.0172813059074103,0.390025626776701,0.0168079423839368
8630,0.0253041735119283,0.399611868952957,0.0127818020486115
8631,0.021316152072244,0.390024860173367,0.0114260486941062
8632,0.013149019135665,0.440513651555683,0.0115350417837977
8633,0.0199526003851845,0.430955662243665,0.0115309388946716
8634,0.0270172844683759,0.385515634271453,0.0175720687903722
8635,0.0214333139244911,0.368112314719046,0.0120229077571365
8636,0.0191494375827875,0.378288272259011,0.0147004620035622
8637,0.0222520880096768,0.377541865695924,0.0129269558406552
8638,0.0219337927535592,0.384420567430309,0.0127346363340911
8639,0.015125562928009,0.431761639692687,0.0126335920507798
8640,0.0206141472179154,0.445141264983489,0.0202903250485282
8641,0.0144640385530477,0.399197319700512,0.012566656901714
8642,0.0192657648189962,0.378382772385221,0.0142153230221801
8643,0.012980947523487,0.390665228003634,0.014980544147781
8644,0.0227165269287977,0.383304861839256,0.0125290291330935
8645,0.0241452879678291,0.396729172317323,0.0157174089493337
8646,0.0195567040393308,0.440370153924938,0.0129979730951506
8647,0.0206006452805475,0.381993238846645,0.0146379673850647
8648,0.0135841806058622,0.392234508242695,0.0127521595366216
8649,0.0216864446839129,0.401032808442756,0.0161929963347422
8650,0.0138934030899969,0.327402242918249,0.0155487189529084
8651,0.0106112995249098,0.399572541640053,0.0125931713544176
8652,0.0244141861405183,0.383737745292013,0.0119589213193283
8653,0.0138299505091254,0.380813074137193,0.0156407392792027
8654,0.0239007668921597,0.382827408227285,0.012444369347703
8655,0.020378120484669,0.396823390186537,0.0155117956791865
8656,0.0110057150571834,0.380089394661969,0.0116207342127242
8657,0.0237558813012978,0.37897888388404,0.0135406150906335
8658,0.0187012494778881,0.387427744682932,0.0173077264541107
8659,0.0185117537370398,0.397068226821497,0.0124740363639556
8660,0.0221103342560133,0.384963470926376,0.0156613531948627
8661,0.0107547413544304,0.394559820751263,0.0119251787460492
8662,0.0150797044113041,0.447669238491558,0.0130536360910761
8663,0.0245936140868008,0.378396650964358,0.0149234983313083
8664,0.0223355515524023,0.389759874142781,0.0164931637957364
8665,0.0184287029591956,0.38208875261089,0.0170697413944529
8666,0.0193912182481535,0.357788411568005,0.0126272874201284
8667,0.0231828717247934,0.419270773643038,0.0132600583595116
8668,0.017374371896971,0.399282131754337,0.0140574097852816
8669,0.0198002464764553,0.39361756497637,0.0132957082623796
8670,0.0177735126688446,0.381007056551579,0.0160566494752947
8671,0.0209207964332386,0.449574137417485,0.0107128535896948
8672,0.0158708948765328,0.383900668502067,0.0145132694650384
8673,0.0174748671106647,0.389649881059514,0.0143593282668358
8674,0.0193346406848716,0.398179186035204,0.0122966379291337
8675,0.0200308971288117,0.428956825165246,0.0152451164951563
8676,0.0189248337656507,0.388616688035593,0.0130903168326324
8677,0.0107903588012174,0.445288528730775,0.0140735596784328
8678,0.0218143150080994,0.399152997446527,0.0140548637229415
8679,0.0175192329162938,0.435901312013106,0.0173888006355296
8680,0.0235554707779303,0.43459105957398,0.010453962059609
8681,0.0277981822809288,0.389687683413157,0.0146299737962082
8682,0.0185860663439514,0.398451151742809,0.0138496585903721
8683,0.0164409423005999,0.374763217127495,0.0182395826043016
8684,0.0177162962766676,0.387064799025687,0.0181122980334417
8685,0.016460800945078,0.377097674615128,0.0156386570853828
8686,0.0211196398058191,0.390982687984052,0.0147168011692741
8687,0.0212777650864746,0.39656339782812,0.0163215041141906
8688,0.0166658665437169,0.382178934076398,0.0137954476323708
8689,0.0243812366449185,0.421994616560524,0.0126300109568523
8690,0.0149383275850489,0.410550731985754,0.0133176843472688
8691,0.0177191443320155,0.374359430706762,0.0115650771464777
8692,0.00904736573724645,0.379901822141184,0.0129250009976351
8693,0.0191679947125522,0.394656882589418,0.0145936328428381
8694,0.0211804780663246,0.394966600071982,0.0144237487729738
8695,0.012207474509158,0.379039360781189,0.0118097025883125
8696,0.0125787124369073,0.398993334617193,0.014128431947371
8697,0.0231010315075387,0.422848700492292,0.014248177272526
8698,0.0177073330469418,0.386871317028245,0.0137649028041562
8699,0.0213491445249194,0.3968712897454,0.0152007523692902
8700,0.0203690369637108,0.3968712897454,0.0136803824003816
8701,0.0187622627006837,0.39048655023994,0.0126961464750875
8702,0.0128328847373188,0.416488941714832,0.0192835480155831
8703,0.0190853996305821,0.393177716451716,0.0148121773932758
8704,0.0239839269251985,0.397889292020851,0.01718329270311
8705,0.0197125304233368,0.383356100205515,0.0157752140886309
8706,0.0288185011329069,0.395776011528544,0.0173543601386596
8707,0.0187528997782062,0.398692986451302,0.0176440603850816
8708,0.0205657888027459,0.382046392607221,0.0158437555499546
8709,0.00963454277719669,0.437596147668897,0.0112763303394444
8710,0.0191121125861532,0.399317804595376,0.0170247805927596
8711,0.013862188839347,0.395784358417984,0.0152816366652638
8712,0.0160703401931876,0.389056042698029,0.0142847565034859
8713,0.0188961141490472,0.394943208066425,0.0110559519182264
8714,0.0141604572050854,0.34988832504278,0.0124463269017771
8715,0.0169810524487766,0.275081512013596,0.0191477935615902
8716,0.0199889188161078,0.287039743413261,0.0164302625336918
8717,0.0188620786129185,0.304781384270192,0.0173355655464956
8718,0.0145307534472862,0.317286875060068,0.0183728113597753
8719,0.0170921860125231,0.376310622470527,0.0139628856112539
8720,0.0197909993321075,0.388144692077331,0.0110727716295355
8721,0.0221896557749351,0.39206384268135,0.0108336684249936
8722,0.020301117233509,0.387766891504005,0.0131743332649902
8723,0.0205724097548489,0.374939179881616,0.0149397415530777
8724,0.0192909368793396,0.392986885924919,0.0123386161712347
8725,0.0313788381510599,0.443846024699883,0.0127263824224912
8726,0.0161075669346542,0.468213246439042,0.0102704292608959
8727,0.0201321098486165,0.394872262835077,0.0145477518233175
8728,0.0238471702270526,0.380296386053825,0.0155797513648492
8729,0.0168191599567879,0.390720508747777,0.0144942568669942
8730,0.0208104919135021,0.396399376824397,0.012537970036883
8731,0.0230781975282464,0.393244729280421,0.0174197879563229
8732,0.0210771657651717,0.378132316781275,0.0120869368780349
8733,0.0162360007101135,0.383409501980024,0.0210116285629728
8734,0.02226093843069,0.439996626288717,0.0130932708260805
8735,0.0168076545677205,0.377689064166743,0.0177573914630482
8736,0.0140302944392768,0.383475099043821,0.0189508149803876
8737,0.0121885208409918,0.383235709524934,0.0255538254273244
8738,0.0218742676637483,0.434016239968654,0.0114353585682823
8739,0.0169182322475824,0.397195801100586,0.0139298347177296
8740,0.0202168232761335,0.385501566330504,0.0156574526070302
8741,0.0109599045124822,0.39298129341464,0.0164092269499648
8742,0.0214053788291511,0.389396798768424,0.011548497392709
8743,0.0270577236705488,0.349150187517593,0.0189166535752397
8744,0.0132834437655731,0.375715750750372,0.0141006583608535
8745,0.0170545695951914,0.383716720631111,0.01120091814754
8746,0.0169598815971818,0.421494175456677,0.0131935137151608
8747,0.0237718776763918,0.389895782649138,0.0131557386920534
8748,0.020429322409624,0.387629210630738,0.013363412803192
8749,0.0197546412582784,0.39211986058376,0.0131976652705199
8750,0.0175546538880866,0.389887431022783,0.0126586680898865
8751,0.0172906465240907,0.37427086406627,0.0127597056719416
8752,0.0288477512677486,0.449904981596192,0.0124229600806205
8753,0.0203526731387896,0.433358121594796,0.012051332958255
8754,0.0222661338802753,0.37614394504604,0.0146104346200538
8755,0.014031394175379,0.442543420448202,0.0137229634121898
8756,0.015580166290682,0.38182161953811,0.0123129833735743
8757,0.0138310225153747,0.371974428303347,0.0118140395531211
8758,0.0105534097148695,0.40019849119701,0.0101292458002373
8759,0.0161110487257933,0.449329700996788,0.0120482739757948
8760,0.0223153428767013,0.437555304000213,0.0165544276594396
8761,0.0154770284078557,0.398305646549664,0.0125307202393451
8762,0.0174106986844643,0.413753002795421,0.0169162940510388
8763,0.0145315104826636,0.416453337438753,0.0141365924967053
8764,0.0217797841419362,0.385662277527593,0.0168299414053041
8765,0.00827953924412285,0.394284514348043,0.0167626474849948
8766,0.0247334421614589,0.392154330654997,0.013625105662145
8767,0.0202758959360976,0.428335595715316,0.0128390856806123
8768,0.0186751085129223,0.397860050961922,0.0128130122258704
8769,0.0190339563303519,0.372629761588178,0.0146819383755983
8770,0.0191207247106786,0.437246167601986,0.0111021122188578
8771,0.0142189558054233,0.417264914144625,0.0114684331680238
8772,0.0176748218594332,0.392683171514285,0.0141988055950991
8773,0.0137281390866172,0.381258191396362,0.014710678778701
8774,0.027398607894424,0.354673784636033,0.0134603066974662
8775,0.0255002025817904,0.392589781338141,0.0122625278898568
8776,0.0197875536102977,0.379070581058645,0.0150889809486349
8777,0.0189963394080011,0.399426678296035,0.0107678070711171
8778,0.0189525950253829,0.397712836992152,0.0133900099962438
8779,0.0139165709300576,0.388490616314215,0.0152797108682112
8780,0.0202398556083495,0.397946702450759,0.0105100486479533
8781,0.0198532462498209,0.428965904618342,0.0171937332621413
8782,0.0223445157860623,0.381065827622845,0.0112051421089855
8783,0.0172994734561568,0.381701927424443,0.0150566724260461
8784,0.0172272642112007,0.4362919354208,0.014070929422985
8785,0.0223212501714066,0.447807710380165,0.0103437909484684
8786,0.00997728548136272,0.427943619370138,0.0127422407039523
8787,0.0153558100488087,0.394510603476987,0.0137963817744954
8788,0.0104338896390587,0.396279195889784,0.0155111417683792
8789,0.0229741920013676,0.433912707954164,0.0137896690503083
8790,0.00905107039347895,0.401111325006905,0.0137791143115735
8791,0.0149146957557528,0.39864150980131,0.0176805284898415
8792,0.0248213360601765,0.341089542190764,0.0140578241939982
8793,0.0201276510095438,0.299675375224609,0.0187973415396993
8794,0.0164279287549677,0.261331865445611,0.0196224267671426
8795,0.0168225898395648,0.268400401470618,0.017469046064134
8796,0.02516204336927,0.287522689127016,0.0150453227652894
8797,0.0125568368714833,0.232346291991204,0.0226401217586739
8798,0.0125339265180599,0.28978954883576,0.0202065473873494
8799,0.0280144782352878,0.254454374741155,0.0226403807677663
8800,0.0144894370811618,0.234883573234172,0.0163082318985433
8801,0.0138520642886157,0.199567675185156,0.0178682626917641
8802,0.019163334162458,0.229554848885948,0.018707330748725
8803,0.022185733712518,0.270821513136855,0.0204464176546801
8804,0.0170375309692467,0.225807062926886,0.0225495507552129
8805,0.0202925992605638,0.256687503163703,0.0152604680790501
8806,0.016274661165272,0.356745619142057,0.0186083702050798
8807,0.0149354906896345,0.443935693534013,0.0114497221435454
8808,0.0236417156898054,0.442971614243548,0.0129866264067286
8809,0.0207461727304244,0.357749553180697,0.0172242818616664
8810,0.0164029659172133,0.385974246996378,0.0125843581108366
8811,0.0180992332168783,0.388090494626799,0.0133531343017087
8812,0.0180545471156675,0.398823791167729,0.014974594430321
8813,0.0201554323258324,0.389865279841323,0.0136703585769733
8814,0.0209518718162939,0.389581889749409,0.0122625546678616
8815,0.0181891665209986,0.392185554227779,0.012748546307494
8816,0.0173291753325715,0.380689418070396,0.0180264622046829
8817,0.0178610262210457,0.397596107188225,0.0167555512061983
8818,0.0186197733506964,0.433645345291508,0.0150597970477873
8819,0.0191401050964668,0.387511508763541,0.0171030447274088
8820,0.0187875788299825,0.375670088629171,0.013727258506818
8821,0.0218040084192187,0.389783214686555,0.0125856794952235
8822,0.00867995200184747,0.356443649890304,0.015267048746048
8823,0.0208741501870893,0.393924206441593,0.0144704190178201
8824,0.0207742241520328,0.398120812426938,0.0132401509630654
8825,0.0183150573892816,0.434101310209178,0.0152611070813377
8826,0.0147417248442594,0.395066555162413,0.0107156776732316
8827,0.0191812833427991,0.37361965863391,0.0141964067566754
8828,0.0224875072817342,0.396817239742291,0.0183114608598733
8829,0.0161220348499573,0.396117843730184,0.0141331949883454
8830,0.0183951957692804,0.360584806917193,0.0143810521060972
8831,0.0203450122029916,0.378963719666852,0.0143070715990085
8832,0.0172459198342858,0.387140615176939,0.0152232225427714
8833,0.0163125792686452,0.395028242075107,0.0153913765462053
8834,0.0188266157073414,0.392604461575459,0.0193115032484637
8835,0.0278838640255761,0.389640008757764,0.0120195020865629
8836,0.0190051293991707,0.396482174256312,0.0149955426548115
8837,0.0164054051822193,0.378118168587087,0.0133309781152033
8838,0.0168767033081432,0.398016724984558,0.0126603286078904
8839,0.0178139040159624,0.397631481583112,0.0129824636422216
8840,0.0170872458573265,0.391460108893883,0.0155918087242802
8841,0.0165876379201411,0.44728314321071,0.0102691308013788
8842,0.026187548744149,0.443551295788205,0.0114195845892338
8843,0.0173254081040414,0.425181597160273,0.01329748113955
8844,0.0200926034708,0.430816700703873,0.0167126802409968
8845,0.0191157864380278,0.396732697587227,0.0173923720423462
8846,0.0184369880495635,0.392433382356018,0.0136502731560879
8847,0.0176752607269582,0.383298802603011,0.0151961993789598
8848,0.0184074028815826,0.377728826491279,0.0118225673074482
8849,0.0138051002172953,0.391252293994647,0.017329344332394
8850,0.0223451742038206,0.375265251282214,0.0148658917318678
8851,0.0149371037637304,0.40993457320164,0.0127894200562632
8852,0.0192381668838642,0.372242733738473,0.0179249728061648
8853,0.0249226459147516,0.378994504107184,0.0134278574124758
8854,0.0225922890507426,0.394647129310691,0.0137686340434631
8855,0.0234138750149733,0.386856475058508,0.0146362846037892
8856,0.0201510372041265,0.374233645295556,0.0166636979146719
8857,0.0220722947706867,0.390270858899663,0.0160190287909387
8858,0.0200610293550773,0.410195526128481,0.01122983055105
8859,0.0207452063923457,0.397818240538618,0.013259734000331
8860,0.0227356833994647,0.382069881299735,0.0149497634618989
8861,0.0176811867915982,0.388679939473696,0.0126012224547535
8862,0.0178041212827238,0.388941515313308,0.0149232006835002
8863,0.0155780197481499,0.379615264605398,0.0146915970787769
8864,0.0317596665770774,0.426771880640952,0.0149196711145631
8865,0.0309512620224266,0.438889457713158,0.0122802312607755
8866,0.0153356713170789,0.377809916899968,0.0163665081565132
8867,0.0214505556818582,0.396419078603029,0.0164064389732982
8868,0.018908392202701,0.414015306156053,0.0160228662584655
8869,0.0182836356199765,0.395165282782326,0.0084901179203415
8870,0.0209632070160512,0.382546785097061,0.0132757133739743
8871,0.0212933348765285,0.374891485297905,0.0127312650090514
8872,0.0201983745600128,0.374349272342617,0.0164697921993859
8873,0.0258381977241043,0.388024527911976,0.0171555320184987
8874,0.0168799244120803,0.379747001743715,0.0138071887814277
8875,0.0178597857846002,0.412444804106475,0.0183271556532778
8876,0.0227473697646622,0.390055996351754,0.013124219741961
8877,0.0202321044289342,0.438468862924623,0.0146856369900466
8878,0.0183797958833855,0.448391815273475,0.0142518371797432
8879,0.0225506155050688,0.444594665878735,0.0103639319415168
8880,0.0171485538353087,0.374030401432999,0.0177047234738727
8881,0.0190323447971036,0.383294289784908,0.0186750859392477
8882,0.0174532139060779,0.402840631389484,0.0131871946531016
8883,0.0214499828397411,0.40800717686289,0.0151204721972857
8884,0.0212226097235046,0.383498351297015,0.0144083116436809
8885,0.0120062388563962,0.396643182045139,0.0170188088920015
8886,0.0133734909524792,0.381926187915502,0.0187297383945569
8887,0.0111838296599761,0.430316187504019,0.014261290140185
8888,0.0201648500859584,0.43296656888153,0.012205306267296
8889,0.0165313297944078,0.385532903563117,0.0146206649282189
8890,0.0248191387946835,0.38776134442133,0.0166268535318485
8891,0.01535889578678,0.395729743158676,0.0168435384416898
8892,0.0209744980298787,0.398585422173133,0.0143538855833043
8893,0.0200856530035869,0.350590696747612,0.0139001572991387
8894,0.0253487186534761,0.387787190870389,0.0152291702066855
8895,0.025495174457573,0.397635257789404,0.012921180087062
8896,0.020847421870222,0.435255818338478,0.011832348495266
8897,0.0183412125473446,0.398935848096559,0.0131557376540612
8898,0.0170320557829948,0.388517262258636,0.0133069458907204
8899,0.0198893016494707,0.390614987025782,0.0111165611045028
8900,0.0130481805491713,0.371981785573899,0.0131911954571737
8901,0.0179061378528613,0.368273617497223,0.0125931384915824
8902,0.0158403484953345,0.395271575633834,0.01323560982811
8903,0.0152338905466632,0.388387835215121,0.0128392883934344
8904,0.018819933094425,0.416731296482245,0.013767764499155
8905,0.0274126398776398,0.386098386865408,0.0144155703536033
8906,0.0172568991178222,0.393285701023716,0.0158056735901476
8907,0.0188658372647325,0.441577962808157,0.00971539459316201
8908,0.0221370923825446,0.436327593358503,0.0139445697079913
8909,0.0187660637257286,0.394779929909888,0.0144755372051728
8910,0.0206342185845415,0.385915778029381,0.0167863491062303
8911,0.0151663344340457,0.388065853361065,0.0145220932720841
8912,0.0193772191268912,0.351329848933312,0.0201366189342951
8913,0.0168666060774206,0.43478380982724,0.0156896061874987
8914,0.0147640863564431,0.348081454826783,0.0186812629399467
8915,0.0165080882382606,0.377975217373407,0.0164842912729105
8916,0.0140251384852539,0.390174432821576,0.0142075779955243
8917,0.0183911517631797,0.408530612002621,0.0129154839922744
8918,0.0170231106952464,0.430102039376784,0.0114487033367504
8919,0.0320009540679946,0.39348845410728,0.0170884681909286
8920,0.0228432159124548,0.39264330176907,0.0131795724243732
8921,0.0198441733806956,0.402411669292895,0.00995960350543756
8922,0.0158527615581031,0.397846397911625,0.0142345112786471
8923,0.0174026422324012,0.384339085428187,0.0133534716696209
8924,0.0183940762520009,0.380362350914576,0.0120715200722824
8925,0.0164359481055275,0.37898243304987,0.016984641141949
8926,0.0209865619517189,0.392541002729512,0.0135664671327165
8927,0.0169499612635091,0.388499032215297,0.0114352067548061
8928,0.0180948964401696,0.396351423130667,0.0150864598963824
8929,0.0209891837481466,0.385955146633637,0.0118816738004431
8930,0.0205555804927052,0.389192749110319,0.0147385639372906
8931,0.0240114181548572,0.390464110256302,0.0130523993263851
8932,0.0222007479629798,0.394168696123153,0.0141570843913466
8933,0.0151361132118705,0.388778995669123,0.0163017132554729
8934,0.0227965330340997,0.374493733214267,0.0149072822275606
8935,0.0229635215805707,0.417295333116504,0.0128045693622251
8936,0.0137892684464668,0.393085966182852,0.0211442057232635
8937,0.025680325808699,0.395014735499397,0.0202517526936241
8938,0.0183162742864112,0.389931831663941,0.015584718106792
8939,0.0124194349028342,0.398306164585643,0.0144159494594025
8940,0.0211680178271512,0.380409677767413,0.0130345088744066
8941,0.0222803915727523,0.352353525977567,0.0162052342771008
8942,0.025801429045973,0.394942755213116,0.010210892902257
8943,0.0200078579988357,0.391981039319028,0.0171482256622203
8944,0.0189131829552274,0.397210599418262,0.0128209764594779
8945,0.019392448753625,0.383684789166279,0.0146740770402614
8946,0.0221332632152709,0.438493601136697,0.0119822491023336
8947,0.0175375898479202,0.391842547893901,0.0160973118701235
8948,0.0102153282469461,0.378719235227006,0.0140995111090923
8949,0.0106414791342848,0.392277158234244,0.0145026245614375
8950,0.0271815415405721,0.380888413524244,0.0166697131363615
8951,0.0235997077382077,0.369351168852787,0.0259569365277761
8952,0.0184775237320982,0.394041561599639,0.0137502875764291
8953,0.015901162125479,0.397612559658007,0.0181560688161167
8954,0.00956605475749047,0.445030307237565,0.0149110862878236
8955,0.0195706587648589,0.344747762920056,0.0176736626862514
8956,0.0202937934541992,0.349456362014468,0.0189337137948618
8957,0.0273528741206929,0.383323220348671,0.0158029570009666
8958,0.0195511966075848,0.382070499736819,0.0174073646472587
8959,0.0125392512199807,0.377990694812559,0.0170555168456543
8960,0.0113929819934933,0.370159282626758,0.0145738689486784
8961,0.0206127759399326,0.372283207072668,0.0114508535425876
8962,0.0217204185778638,0.395738572295077,0.0123303876970597
8963,0.00653647396475214,0.398682146177393,0.00981277217060667
8964,0.0237780001386749,0.396688046220903,0.0127892781221329
8965,0.0235651720455626,0.409531995827273,0.0131359231265695
8966,0.0168674782609413,0.396358680919484,0.0148942446293717
8967,0.017746302134572,0.396389877724999,0.012593540963761
8968,0.0165775251678795,0.383517226201831,0.0113355935884371
8969,0.0142955988751814,0.375239096827428,0.0125604653332919
8970,0.0208424814673433,0.35967197879363,0.0119815438940321
8971,0.0152130589763339,0.264855315713173,0.0196252055759274
8972,0.0227836142214561,0.300588318555677,0.0219560413816532
8973,0.0138191075696305,0.244747332003214,0.0205615356054294
8974,0.0227595357743729,0.206596379692322,0.0261601042221134
8975,0.0178063810328754,0.232618644778218,0.0158750203942213
8976,0.0185323572000661,0.252647693439291,0.0175627088640954
8977,0.00996137724643897,0.279642571392397,0.0164249777279756
8978,0.0191410304197136,0.286798156517991,0.0217319709529521
8979,0.0276807947833451,0.247567963178603,0.0210026871487868
8980,0.0256971201304384,0.21551002252059,0.0202162522674915
8981,0.0169565855374928,0.28536246661001,0.017424012117275
8982,0.0216590532543249,0.388250247972681,0.0173021748686344
8983,0.0260133289473503,0.391478943522555,0.0182478625790439
8984,0.0243556983406731,0.387115757429207,0.0133400652592492
8985,0.0157362329605783,0.388904275660785,0.0134193474767899
8986,0.0238955278027519,0.396244461630859,0.0141759638471755
8987,0.01448251136269,0.388127152535215,0.0127492152414305
8988,0.0205721426275151,0.396965410326152,0.0102890174455019
8989,0.0121065361697522,0.378682493804155,0.0168844601603703
8990,0.0162820501981704,0.387190879524772,0.0159112177058414
8991,0.0232293877988207,0.38510128513166,0.0144636450430742
8992,0.0229477162009202,0.38774679260673,0.0165122662083178
8993,0.0223954167833565,0.394706054345787,0.0145917660228749
8994,0.024623143459512,0.378801402060538,0.0159520942675454
8995,0.022119370853815,0.388185154723502,0.0144039437306381
8996,0.0163876355028333,0.398192616433134,0.0143331565987778
8997,0.0121291636969668,0.393503636403702,0.0134488662013543
8998,0.0213702527780838,0.423437601937215,0.0134721807141001
8999,0.0165700164799606,0.385041668434445,0.0141680679477754
9000,0.0204888340059806,0.388371516097212,0.0108271392586477
9001,0.0187034029038596,0.405974430416247,0.0107942029520389
9002,0.023325843140079,0.343603017878356,0.0209979424275008
9003,0.0228785424566959,0.399549177752409,0.0121562520676552
9004,0.0142213330395034,0.403521721142784,0.0105699218740037
9005,0.0157683656056431,0.434886442046039,0.00997415538223076
9006,0.0184645235038517,0.398159456277602,0.0119571327598456
9007,0.0248298189082918,0.386952693149068,0.0113690177485114
9008,0.0227903917091444,0.372413806393759,0.0134585661718702
9009,0.0201019307405425,0.388292218136783,0.0108108166625168
9010,0.0199007823814571,0.444248905772973,0.0113257137716871
9011,0.0213764607240186,0.410518040473164,0.0170391069140188
9012,0.018260321091147,0.392028058635548,0.0165750115818646
9013,0.0162690161690375,0.368592448944854,0.0114209147820854
9014,0.0229825203975583,0.380647535454488,0.0139009488897615
9015,0.0201904687480515,0.354196124762163,0.0177446207022904
9016,0.0272797232064088,0.380016857158456,0.0142408044656712
9017,0.0156762464422411,0.379353492673736,0.0165984263780091
9018,0.0203605588416569,0.394391294827465,0.0116714910549842
9019,0.0189281684845739,0.386778522458364,0.0136308553135232
9020,0.0225104991494334,0.397230257314498,0.013329535265224
9021,0.0183028115428253,0.39485850103798,0.0191398314268901
9022,0.0162664528091272,0.382916971866495,0.0113382403043748
9023,0.0193322002412571,0.379661181245043,0.0128693678814724
9024,0.0178069780478584,0.370057895332133,0.0133815322992764
9025,0.0113984174443498,0.305191055221871,0.0172831781412356
9026,0.0244181854388973,0.229642021817807,0.018339821208585
9027,0.0198948318160347,0.235830010210084,0.0217919266999956
9028,0.0187829033591384,0.218477595131475,0.0238252406646971
9029,0.0224851054265478,0.282337049875321,0.0177356556092018
9030,0.0196628308225471,0.284856574927269,0.0204738487753307
9031,0.0219653128686126,0.290997378345593,0.0234159844516021
9032,0.0224540799512909,0.280644581286027,0.0165750845985248
9033,0.021437483326022,0.277245771059404,0.0197363769787156
9034,0.021635305257936,0.281770961727924,0.0160108151481172
9035,0.017678798226329,0.295484457010806,0.0168411367620205
9036,0.00959444465501758,0.297769285451043,0.0170703747551358
9037,0.0287783368976445,0.290778560676507,0.0195816911054422
9038,0.0130474403416374,0.301663652526643,0.0195857890343727
9039,0.0239432582398346,0.290581233840223,0.0223726456239806
9040,0.0120437736756137,0.285224248443578,0.0183663997621985
9041,0.0215329692757767,0.294298047374314,0.0188030594485261
9042,0.0176767400383535,0.374693722636685,0.0156251333399998
9043,0.0154254014961004,0.402027789204333,0.0139298840284022
9044,0.0159243901175898,0.381443773835719,0.0126031061308356
9045,0.0273752788384132,0.398941110181641,0.014914247568959
9046,0.0168443360718239,0.376517943865287,0.0144576153409539
9047,0.0241993116141271,0.397178547665352,0.0156649312322916
9048,0.0178688999082438,0.387602564600019,0.0154513318811713
9049,0.0212223878144497,0.414314550158158,0.0135680047051958
9050,0.0170221968065789,0.428736030257795,0.0117177915234896
9051,0.0191066969047445,0.390779925859422,0.0112181369492924
9052,0.0168666142412776,0.398444621214694,0.0103978160460501
9053,0.019468479303782,0.307255565634243,0.0180912693700329
9054,0.0222852394687787,0.381029471490915,0.0153081662798966
9055,0.0188887752583164,0.407946671964161,0.0114577123601677
9056,0.0141722970330674,0.441864560223163,0.0117067280872263
9057,0.0194789480567252,0.437292080095401,0.0133631528211857
9058,0.0221198897204257,0.448455647487589,0.00846265050918026
9059,0.015294038350166,0.427050748268922,0.0125718556444212
9060,0.0187643823624384,0.398939686620658,0.0143506805585382
9061,0.0125146825316268,0.39043599376221,0.0151431875618877
9062,0.018148132223744,0.399615246888062,0.00973628559177628
9063,0.0132266088794081,0.392441492927426,0.0173787223463492
9064,0.0166983608576674,0.437111085309998,0.0126171864926742
9065,0.0182978922112436,0.393439967099842,0.0097720513427746
9066,0.0184461930856533,0.40955561710309,0.0105561138806529
9067,0.0189505521766469,0.373301245040512,0.0151327391786511
9068,0.025346458406931,0.379342615044714,0.0144361658796278
9069,0.0213710712161325,0.398366775232649,0.0140993966074319
9070,0.0170463943816384,0.392294484204864,0.0152770623678948
9071,0.0243945987681471,0.38970568653997,0.0134354498888568
9072,0.016994053404768,0.391876283249331,0.0141905588016796
9073,0.0221953215679093,0.396679505350327,0.0163772354673165
9074,0.0217129105457407,0.374874489821198,0.0138702742010095
9075,0.0165968122487641,0.391481757195154,0.0145170609936009
9076,0.0172401849435166,0.378075626334334,0.0122150865151627
9077,0.021178241075412,0.425723741060545,0.0121530464758443
9078,0.0205326800387542,0.385687725238596,0.0167534014657222
9079,0.0270548184887388,0.370598402136391,0.0172870448136945
9080,0.0264804379618461,0.390237311965844,0.0171064836359022
9081,0.0240837837501554,0.374705170038973,0.0149538248899705
9082,0.022806155226905,0.37553559053932,0.0122711455305727
9083,0.0249566489387142,0.38913432808577,0.0135612390125992
9084,0.0222354628604239,0.39631941068649,0.0123167281650024
9085,0.0245650756974138,0.396338357531486,0.0132641400343473
9086,0.0145107822632819,0.392574625410944,0.0113365546828304
9087,0.0194309511919152,0.400862092077275,0.0137017326183555
9088,0.0172297240365342,0.393127861886864,0.015478762555925
9089,0.0264891811127069,0.371967962742764,0.0141835813979694
9090,0.0223002262994587,0.387051921686875,0.0164762018595527
9091,0.0225854201607287,0.389012800576494,0.0129046289060867
9092,0.0265036776716927,0.448969840571993,0.00973955186492085
9093,0.00847576716316169,0.373670884913112,0.0154258121576757
9094,0.027044037731816,0.374382011320885,0.0150778092600646
9095,0.0200519005365348,0.409731886080289,0.0200112246264399
9096,0.0182731111718887,0.369490607415346,0.0176499716015547
9097,0.019747579450018,0.392936173427,0.0130932613873982
9098,0.0176879807539461,0.387513526263982,0.0109848921163806
9099,0.0142558283692014,0.390576802566116,0.0115241798853406
9100,0.020745196089304,0.469839404935222,0.0119003785611533
9101,0.018896328566975,0.424436316434412,0.0128128890722228
9102,0.0159478780244297,0.374158807725001,0.0142338064748507
9103,0.0239435028181124,0.395877005178408,0.0123933255971841
9104,0.0179766460973012,0.398676687989232,0.0138244271743245
9105,0.0169582415678626,0.400444156238458,0.0129263401761931
9106,0.0233602208941441,0.392729445595022,0.0188527810736831
9107,0.0170476675098938,0.405944107423235,0.0143158011627389
9108,0.0213663092907709,0.380013608880938,0.0134870804828801
9109,0.0171624698621657,0.382755543600225,0.0140530611385497
9110,0.0243558263768375,0.382684723066,0.0114196511611276
9111,0.0220153626480708,0.391303065573101,0.0145287981839041
9112,0.0244016853380353,0.387289471373971,0.0141145404151836
9113,0.0213273397816762,0.397624191333021,0.0138487516419963
9114,0.0160290839259056,0.391860499766242,0.0119408358939955
9115,0.0168030068896264,0.375000760999359,0.0146627853972889
9116,0.0170330225558754,0.396728100084555,0.0164019555286841
9117,0.024812474202773,0.393188792190587,0.0106779011474107
9118,0.0158639111963741,0.374195822821958,0.0149479621531294
9119,0.0180972508506439,0.403077007612005,0.0174503796482815
9120,0.0169195386490932,0.404555481253728,0.0153138506560757
9121,0.0208565706109927,0.383330215896106,0.0183252582023173
9122,0.0186595116717269,0.40175534474467,0.0104054849809228
9123,0.023939969794719,0.389782909308454,0.0136946668600657
9124,0.0211505511182084,0.39293920467269,0.0169124566157905
9125,0.0272537206149377,0.380195550873174,0.0163217057825273
9126,0.0110590552332312,0.380614620625234,0.0124212138835272
9127,0.021023203227484,0.397837417365938,0.0223843656463196
9128,0.0162906729728959,0.393840755813886,0.0170020648534353
9129,0.0151167976822404,0.415605660255218,0.0094257001576084
9130,0.0138803465591561,0.40169087384595,0.0127399733798361
9131,0.0175671426358934,0.436056856480711,0.0135277850745184
9132,0.020364137785677,0.436005897509401,0.0106179323459188
9133,0.0174940832199809,0.392247540720428,0.0117508382663505
9134,0.0199054627711727,0.391113514354512,0.0122496410419258
9135,0.0194086333593051,0.399187352721343,0.0112807144499328
9136,0.0184767008694255,0.382566816921549,0.0158487976124058
9137,0.0170436747401385,0.388232240438587,0.0147212169084732
9138,0.0241064564665699,0.392532198641467,0.01548483233554
9139,0.0158306272532788,0.391219834866117,0.0146768827844566
9140,0.0204675720538766,0.38698711510049,0.0147197535654734
9141,0.0179908801399845,0.434261257988803,0.0117160910786593
9142,0.0201915664491086,0.380524237425523,0.0145391612008999
9143,0.021236226858078,0.379974362215616,0.0147094042942081
9144,0.0167275894665296,0.376164462240869,0.0211633050243227
9145,0.0188728320843596,0.376111209915054,0.0176390720986633
9146,0.0183252899335031,0.390424453728914,0.012321422047248
9147,0.0128604955386077,0.393176366953636,0.0118580403044896
9148,0.0109884130521373,0.397351801972849,0.0139771101803722
9149,0.0282180809193457,0.399234628337905,0.0159845101278982
9150,0.0167855035024001,0.298793255006794,0.0151629754728156
9151,0.0160153408770129,0.275728237264223,0.0145889694141524
9152,0.0235245079442674,0.227162646125333,0.0218795753752206
9153,0.0234467373932834,0.263268440998579,0.0168848809647319
9154,0.019768093176928,0.235794432960873,0.0176629300697791
9155,0.0228707566118137,0.235332524308905,0.0193588768335249
9156,0.0211421926872836,0.210717788221651,0.0194044531954397
9157,0.0223988283314684,0.280938049577736,0.0196639313670472
9158,0.0202557737692715,0.212808177759953,0.0239366346142245
9159,0.0211715009920484,0.215564165837379,0.0215348173668207
9160,0.0235924067095093,0.261198922578461,0.0249646151091667
9161,0.0140675721400302,0.238652030486305,0.0189357288688856
9162,0.0164720637669834,0.375876612023823,0.0142013685250345
9163,0.0201823894398076,0.391610076024672,0.013187147408495
9164,0.0216845708909573,0.391686434395273,0.0118693934624162
9165,0.0200009125570734,0.397626360365655,0.0123925015561802
9166,0.0218524221062202,0.383248978355825,0.016287300136668
9167,0.0139575366037135,0.375271569894851,0.0137553146260028
9168,0.0220027699179636,0.389400851455083,0.0155285273689817
9169,0.0266637621990194,0.376006052022205,0.013206409875489
9170,0.013937091675304,0.374851091237409,0.0138521665346666
9171,0.0127219123903673,0.388577446897074,0.0136747335458329
9172,0.0210084500349037,0.382710828789876,0.0141807780284946
9173,0.0117993786336924,0.402898563693975,0.0178038378259411
9174,0.0154754997916302,0.378425597593627,0.0155338343102878
9175,0.0207226919963083,0.38137599101967,0.0129192509706942
9176,0.0177511835376619,0.395459740578201,0.017279479745113
9177,0.0193466078643522,0.397536418825343,0.0119181044517862
9178,0.0224922915931122,0.377224331642157,0.0177455399452751
9179,0.0150065507984318,0.404216254731771,0.0117367137250406
9180,0.0192729423797545,0.390277651826678,0.0155414262695634
9181,0.0243876737535874,0.381757764964387,0.0154614572291765
9182,0.0301772361000239,0.398912565745818,0.0146864637243267
9183,0.0198280790886349,0.396881168091658,0.0115368052133763
9184,0.0191440009556598,0.392273662044142,0.0125484701972701
9185,0.0153227313306867,0.397595141490439,0.0161276518755035
9186,0.017425153688729,0.402949850476947,0.0136800792220268
9187,0.0230433050728314,0.376984861411574,0.0143029534652342
9188,0.0205688527779653,0.391777832605039,0.011246227958865
9189,0.0168144126203995,0.398153221898822,0.0106070244823613
9190,0.0204195733822764,0.388484247652461,0.0142750505721637
9191,0.0135807586939693,0.390899114106515,0.0154357946862169
9192,0.0125255009212772,0.396332596632577,0.0134863858780617
9193,0.026064207528578,0.398730401827644,0.0138634321276956
9194,0.0188596797016721,0.384930731212144,0.020405443362473
9195,0.023787408932686,0.380817876407455,0.015497863877213
9196,0.0183913860718022,0.389598101773016,0.0155261252964478
9197,0.0158006079015518,0.386996382835188,0.0164592275626248
9198,0.0186167862447063,0.395392116239871,0.0131189698348509
9199,0.0099732549687692,0.372017470728702,0.019498016923695
9200,0.01550321642721,0.42644705205134,0.01300090822876
9201,0.0173340633461952,0.382055591837208,0.014744778677885
9202,0.0151419430717106,0.393544513767144,0.0140403970767438
9203,0.0107302214267843,0.376017950580712,0.0124977222302519
9204,0.0240234470924167,0.405665240656255,0.0128666095668757
9205,0.0171596160635065,0.41710773559718,0.0166648450886165
9206,0.0266365663538412,0.373837552084262,0.0119802838637379
9207,0.0183594826534293,0.413949541813554,0.0113730396183103
9208,0.0165885241291301,0.390541473364466,0.0132940205019782
9209,0.0220829619199808,0.397849352019419,0.0140356405116745
9210,0.0158577869863137,0.403634403257023,0.0124736137645435
9211,0.0199955608790045,0.378402152446725,0.0155765739946369
9212,0.0226161782993928,0.395615953382088,0.0139566665385453
9213,0.0203676642949234,0.39325764056326,0.014662723428277
9214,0.0245369239013187,0.374280560165805,0.0115775605766802
9215,0.0162797976826784,0.396165774755131,0.0122266484192953
9216,0.014021012861024,0.419799349081876,0.0118472691195577
9217,0.0154643656850055,0.397722688221737,0.0151997776756215
9218,0.0168771460955519,0.381984149751014,0.012126511782714
9219,0.0193491656842623,0.377971639713799,0.0135890061573289
9220,0.0200028187769195,0.388174699431106,0.0174710694605201
9221,0.0188085951510852,0.394278401186565,0.0152940433655398
9222,0.0159765810777157,0.355079424287428,0.0183482157300662
9223,0.0148340198769226,0.382004016144177,0.0139833420439703
9224,0.0255739531840194,0.388015839309141,0.0159243213213418
9225,0.0155747937980728,0.383051849650856,0.0141193176798323
9226,0.0211678490353484,0.3967556405037,0.0142875760529938
9227,0.0140212143629792,0.323338741452569,0.0146133950793546
9228,0.0121815008821023,0.341994166944636,0.014221989911404
9229,0.0225217442108926,0.394297479079779,0.0135781347819519
9230,0.0160826796332177,0.387776486721349,0.014717329030309
9231,0.0224685072851466,0.384224796889629,0.0129561874607981
9232,0.0242636073823594,0.38543876238159,0.0146254295163515
9233,0.0184954485901338,0.408690425651177,0.00996984034117719
9234,0.0142004364042764,0.430553686527827,0.0112148812326733
9235,0.0258786192909207,0.385418564181183,0.0112894685510963
9236,0.0235684878641001,0.387444509063324,0.0159682702660264
9237,0.0209871961006724,0.390023584330261,0.017185052565258
9238,0.0215067787108939,0.39956053088366,0.0123624449253785
9239,0.0211445255475257,0.439293441288199,0.0121593661826839
9240,0.0183068697542824,0.431208691033701,0.0127914969372904
9241,0.0176097877819268,0.417155309019592,0.0169813161600978
9242,0.0192928838205624,0.378386983129468,0.015255559625191
9243,0.0154236157703434,0.399635724795988,0.0163895111697426
9244,0.0122568867631411,0.390605516265269,0.018056337009794
9245,0.0180299824092237,0.399011750872305,0.0104687691822008
9246,0.0203933438435978,0.395143353119073,0.0201012289883518
9247,0.0165217674365491,0.381336037701523,0.0158396214427571
9248,0.0118038461294048,0.38253681688836,0.0130683083268765
9249,0.0172377199937045,0.343546735334078,0.0152589356190547
9250,0.0196750230834184,0.37552810367478,0.0180414506287279
9251,0.0155167884252742,0.315612220217357,0.0228340599724746
9252,0.0225181925101925,0.257208003046616,0.0153280849799058
9253,0.0171536312155404,0.28535589468982,0.0179703624737918
9254,0.0176970418528147,0.289753818511626,0.0206392423526128
9255,0.0195288893390373,0.286490826930177,0.0207573220633963
9256,0.0216316973241937,0.378080710342202,0.0150059455827618
9257,0.0199382792791781,0.395796506859808,0.0147184647180597
9258,0.0221562297981034,0.387677784547084,0.0169364212173835
9259,0.0242244050572887,0.395621960269817,0.0134328241097337
9260,0.0183259625111511,0.395435703994589,0.0111807222080448
9261,0.0139218663204175,0.396544069461666,0.0126471787364847
9262,0.018998198346083,0.416744001449017,0.0135130156555145
9263,0.0195026360305381,0.442537196397226,0.0113595014432367
9264,0.0211427264254751,0.471133046457189,0.0109107448462452
9265,0.0143319740400742,0.376588406619603,0.0144668025203413
9266,0.0150925377650992,0.41993427245626,0.0174020652638834
9267,0.0191895073244004,0.37497965587711,0.0168338279757563
9268,0.0211755323880984,0.293621280336553,0.0230040054603716
9269,0.0210805156869449,0.278614553851666,0.0159148764203788
9270,0.0221583498925725,0.274935238609333,0.0158273106336528
9271,0.0190292509848303,0.203028901211922,0.018844287052631
9272,0.0224336601175213,0.219909531520733,0.0210772022759859
9273,0.0203064071610235,0.226376403026866,0.0185954418839494
9274,0.0125319006225708,0.233624189240456,0.0221175357030256
9275,0.0226229794561785,0.216182025746137,0.0216363487612168
9276,0.0133074054431952,0.21600761721162,0.019828587745071
9277,0.0163250988868675,0.209600295284409,0.0185320928216365
9278,0.0204953238317596,0.246377286592421,0.0195498480611702
9279,0.0251994510829255,0.214826565817729,0.0286497866939022
9280,0.0212071113509181,0.213253218823114,0.0211813593278722
9281,0.0153693429040411,0.234784520303156,0.0163445905481158
9282,0.0238282171525118,0.21797353098087,0.0217630789127798
9283,0.0167823244336588,0.213605752216202,0.0196309743559509
9284,0.0282080262410438,0.222553383246702,0.0202198470179023
9285,0.0156231017909529,0.227935740598542,0.0186477310131668
9286,0.0157019345495771,0.278349983422019,0.0235547792916913
9287,0.0197186665941321,0.232865678753068,0.0204021132349797
9288,0.0231844252014128,0.236554597181043,0.0220545298970986
9289,0.0139010571763752,0.251444007017016,0.0199040115876968
9290,0.0147473913101257,0.211516445431642,0.0169642112988786
9291,0.0144955065547441,0.283540048416846,0.018739366993582
9292,0.0104599834685417,0.258460289227321,0.0207866346958671
9293,0.0145152469894493,0.259768396463071,0.0166937559234696
9294,0.0208427963106509,0.277251784468648,0.0153187648604894
9295,0.0248059843936036,0.291819303005114,0.0224042148575928
9296,0.0261606302116568,0.31233603748709,0.0189480098037721
9297,0.0212029331773424,0.272440834725808,0.0187158582885074
9298,0.0243669594547868,0.25870108359565,0.0228742963127127
9299,0.0108181418067412,0.247707900664835,0.0312048759073502
9300,0.0252394582399639,0.367066393492583,0.0215773259053918
9301,0.0247375415534014,0.394166050030631,0.0161720388772859
9302,0.0181752174102376,0.398056264021668,0.0124705988363133
9303,0.021975667591822,0.395861620365128,0.0116220481478345
9304,0.0186958771165517,0.397673187034245,0.0128010574177152
9305,0.0192382660749371,0.389522549756153,0.0118870206838137
9306,0.0146027738729486,0.394705800316228,0.0137386325719477
9307,0.0134983943092341,0.393285291273952,0.0141553145786534
9308,0.0173146207561519,0.368447894088091,0.0131640740037921
9309,0.0182221928891818,0.375992473179077,0.0150977464898396
9310,0.0215235809129001,0.419833545435052,0.0122202102265735
9311,0.0157694273764064,0.376203041677548,0.011205220294511
9312,0.0207647760988791,0.375603095897104,0.0166477669572421
9313,0.01036088636212,0.293513732968668,0.0159647979304029
9314,0.0245892802131993,0.29501955189242,0.0201048304582625
9315,0.0205239238348535,0.255901193497487,0.0155280521695438
9316,0.0171398194407439,0.24533876692161,0.0197876319588691
9317,0.0147216615034184,0.289985639502463,0.0172004092023562
9318,0.0196994260052152,0.298841164974036,0.0171389191298181
9319,0.0256295531688945,0.301921507182156,0.0223212554369692
9320,0.0204805619860194,0.295001634141954,0.0162687006259704
9321,0.0144791141795098,0.297619143775631,0.0237097371485298
9322,0.0246829027351231,0.319215980014294,0.0191113595283553
9323,0.026344153492822,0.363576043924583,0.0159064782962179
9324,0.0180357057419326,0.3840393581199,0.011697932896925
9325,0.0212489387820033,0.381826914575284,0.0180726722749135
9326,0.0222171063506663,0.41747964269898,0.0134199209856755
9327,0.017510465008373,0.387621690206834,0.0169048709848939
9328,0.0161495381535345,0.395696080874466,0.0139540551622373
9329,0.0213819687633676,0.395311398093981,0.0136120075939786
9330,0.0190310594595673,0.388952899173243,0.0160980409857217
9331,0.0204007481061676,0.393280548495015,0.0129091190257345
9332,0.0230628395764138,0.346304151443327,0.0144536099576807
9333,0.0235976649669665,0.444427194600276,0.0113093494393041
9334,0.0186916577614871,0.434448287066142,0.0176772919660938
9335,0.0225691100629775,0.416345748833345,0.0133808010087081
9336,0.0187233896929338,0.394661795757359,0.0135522155555667
9337,0.0206918401220579,0.442227457050221,0.0161977422885537
9338,0.0151543469485658,0.397977349653087,0.0110035601270487
9339,0.025156703300906,0.391540912818277,0.0161990364568787
9340,0.0196855128082844,0.428695915527923,0.0131266637716444
9341,0.0169445892104147,0.382972037101177,0.0155339848913275
9342,0.0155139514296193,0.392216949114148,0.0144291639186775
9343,0.0172478664458738,0.393366475322461,0.0186767196332669
9344,0.0157828227408111,0.405496521344545,0.0164522130280616
9345,0.02684094779922,0.374799013580578,0.017763060560402
9346,0.0135442746622663,0.397570159835755,0.0143043825961339
9347,0.0188826388396175,0.398209983872457,0.0151629839670252
9348,0.0186299738169268,0.388476494604934,0.0158825354917278
9349,0.026473056570087,0.374550719833572,0.0143476704050839
9350,0.0160703303959253,0.382171905598158,0.0138053407982438
9351,0.0166246715178846,0.394049644403077,0.0139226627521355
9352,0.0236276781359973,0.393541605191785,0.0144976965462925
9353,0.0235002493800362,0.400317710571812,0.0159128490485024
9354,0.0191485422610698,0.380507211724988,0.0164553266982855
9355,0.0146853227624808,0.359011388366275,0.0203073762873322
9356,0.0194085496355017,0.299839204205345,0.0148104774566362
9357,0.0237401669988763,0.214520898081459,0.0204464282294966
9358,0.017376576733982,0.233898269134744,0.0209311892841445
9359,0.011761107264836,0.226665790182865,0.0224203169139808
9360,0.0249761050550797,0.216708705983443,0.0207898036375882
9361,0.0233414912201898,0.25196903157519,0.0260538578004117
9362,0.018292862357684,0.259135954778562,0.0149373846810842
9363,0.0220545987352372,0.281360469577948,0.0189613369817777
9364,0.0178698060107677,0.285727380692441,0.0189536636332101
9365,0.0211990589276531,0.226384655767902,0.0176028101309762
9366,0.0162876644033076,0.287722744295976,0.0170607109663243
9367,0.0170856223365557,0.341083623467795,0.0231251538326541
9368,0.0169028676153264,0.395308069751759,0.012743294857539
9369,0.0169201146962623,0.389868911071884,0.0143195182822574
9370,0.0227909541324638,0.414673944192707,0.00917516787662961
9371,0.0155717042118459,0.39067451219523,0.0132149158213211
9372,0.0179483101345239,0.396857407568022,0.0217259390099384
9373,0.0157382974043102,0.380483993980116,0.0138021469462992
9374,0.0173896562075706,0.381601521469146,0.0113813672028498
9375,0.00744403309552633,0.368774034548469,0.0161712194953915
9376,0.0207809845831705,0.392579307071502,0.0166424778657686
9377,0.0184106893861006,0.383252972575122,0.0168561074524108
9378,0.0301232239909708,0.39174285492771,0.0143966505362649
9379,0.0223601609231467,0.434498448004857,0.013050347456452
9380,0.0163640169099002,0.439338957377586,0.0116135190433486
9381,0.0204311670414183,0.396648291458698,0.0193296267227186
9382,0.0101517123717871,0.436767519959274,0.0126434237420388
9383,0.0209636752846284,0.462523583192911,0.0150478295049444
9384,0.024790431273752,0.449724959302629,0.0132340181288044
9385,0.0197864498652569,0.440344289396287,0.0135433024210303
9386,0.0113303137308515,0.442251325409061,0.00978905006507768
9387,0.0247066556723966,0.395693207806601,0.0170370852597562
9388,0.016918494118319,0.396863474643432,0.0144882320665801
9389,0.020258201932867,0.27654707495369,0.0157261173898896
9390,0.0158892885101819,0.272407126546611,0.0184049955880269
9391,0.021775541376003,0.221708024861798,0.0254220856524242
9392,0.0186125746944705,0.394599228857403,0.0125085002745242
9393,0.016208120890315,0.388061962690213,0.0130716134908177
9394,0.0198950617351227,0.395828738631844,0.00861512170943858
9395,0.0172306067784029,0.383987006783955,0.0118274110785096
9396,0.0186793747261101,0.394646194980193,0.0160018367867632
9397,0.0187947871240394,0.393460187341696,0.0142068865155563
9398,0.0174735887769706,0.397007110506803,0.0152152939260174
9399,0.0174884423458906,0.382194418062519,0.016889390992974
9400,0.0143833496791787,0.398759938299318,0.0151283621483064
9401,0.0125246602832101,0.398820551699404,0.0153097003176534
9402,0.0180553768402158,0.375201986037973,0.0174447225843164
9403,0.0276493370468167,0.34857289908261,0.0118704658639261
9404,0.0180170666828645,0.399433455703727,0.0143442404197216
9405,0.0197053388636179,0.445421395116467,0.0153508304775415
9406,0.020006463167881,0.390604649301314,0.0128871372199585
9407,0.0188431667989028,0.38028656043343,0.0159028358118435
9408,0.0187673353776783,0.352490563547083,0.022656328137571
9409,0.0216145494853506,0.397801543522384,0.0198403573140403
9410,0.0238819831260482,0.274214459130897,0.0189471298914243
9411,0.025550500464368,0.228689013420773,0.013473087026262
9412,0.0223072427804765,0.225242577034246,0.0155563698209608
9413,0.0234339405834917,0.214865593176065,0.0246013172131263
9414,0.0226170505868506,0.246833679612805,0.0200071277623583
9415,0.0275832583687706,0.239813245893626,0.0197978315406247
9416,0.0182488243040012,0.280817868102062,0.0232743361286438
9417,0.0203175143214185,0.271330028765611,0.0185852730591428
9418,0.0194839925543502,0.224636164738136,0.018366944120295
9419,0.0243802662766169,0.290499972704124,0.0146105906032026
9420,0.025588339005051,0.274876949252148,0.0184304684642681
9421,0.0201288813866875,0.279673568987868,0.0189072781978575
9422,0.018268791261169,0.301552500837604,0.0186992886589754
9423,0.0144058063549073,0.358789665141524,0.0169734088271349
9424,0.0142394497532963,0.358020215208986,0.0141263127856016
9425,0.0171392206962385,0.399140539966396,0.0111273290155197
9426,0.0206607490059595,0.395987097538782,0.011611186872405
9427,0.0171084175947863,0.386771272579014,0.0184088184619484
9428,0.0213662496691775,0.387105851512759,0.0139138647879136
9429,0.0229530844996943,0.375357037454197,0.012398027748196
9430,0.0172239153282458,0.389103104329419,0.0183349527690815
9431,0.022591062827065,0.397263500446676,0.0137665409376957
9432,0.0182712113529395,0.448510407879237,0.014406306587639
9433,0.0239625815305364,0.391916636267623,0.020189610454202
9434,0.0212891251486354,0.375302143455954,0.0146583816524165
9435,0.0164333315698255,0.382595906300897,0.012743169524911
9436,0.0203916814396136,0.39910033224501,0.013096174292952
9437,0.0107048660850046,0.429297444890808,0.0161891301883775
9438,0.023872882222512,0.436833969377125,0.0122324338760916
9439,0.0168860899613022,0.394759446096555,0.0133287595008724
9440,0.0168248979763237,0.38088968729004,0.0178074426474267
9441,0.0210909350915337,0.421268281032125,0.0130313681068112
9442,0.0167424085248849,0.388256181504888,0.0123371203543917
9443,0.0164732652553802,0.3779197770814,0.0144896341917102
9444,0.0220005548527909,0.389192971158346,0.019036319664011
9445,0.0165677549523033,0.374585703387436,0.015156665654559
9446,0.0163147523985052,0.390234021893942,0.015921634046608
9447,0.0170441563359362,0.375942873930723,0.0149267113475705
9448,0.0224263793039622,0.389558644309856,0.015764711959825
9449,0.0174588610746007,0.388618831812646,0.0148745638951623
9450,0.0118905930996711,0.391497350002109,0.0110396121089558
9451,0.023286940374008,0.375724821143308,0.0138090960748609
9452,0.0261487358669411,0.390440986048973,0.012009596799441
9453,0.018308650819137,0.414792127794212,0.0169956046793086
9454,0.0111701055111716,0.386313629762262,0.0174071336254205
9455,0.0174593892521522,0.396928072062091,0.0158782001791566
9456,0.0187848348298821,0.380164523109067,0.0122795044872797
9457,0.017100073689042,0.442199294884848,0.0122624180364325
9458,0.0145687037302173,0.440324120124326,0.00927389465054411
9459,0.0277389795223308,0.430634473745135,0.0159379662174455
9460,0.0157139246624395,0.398724170851748,0.0109598912133128
9461,0.0163778532346505,0.395959903781313,0.0129508677239052
9462,0.0217099190846262,0.409693244440594,0.0154965073018248
9463,0.0190201114322099,0.38736604625991,0.0135594804281001
9464,0.019439672802067,0.389715250074492,0.0138304403957081
9465,0.0170525800368726,0.396810226947857,0.0192680071173264
9466,0.0198937617892313,0.399385344836747,0.01722817005301
9467,0.0226215622613338,0.371422497444145,0.0152548319804961
9468,0.0209586332409473,0.293546128919458,0.0163119760426601
9469,0.0214441144897599,0.301947737304776,0.0212175315945435
9470,0.0306402579866038,0.291472578944236,0.0209947607554125
9471,0.0159761838232468,0.239407343497663,0.0210484494215725
9472,0.019798626062363,0.286978656183687,0.0194360985302124
9473,0.0216327470861063,0.380528734444388,0.0147663223139021
9474,0.00832861770320111,0.392801555374767,0.017453371259918
9475,0.0167909985215406,0.377060805763971,0.0136942880706782
9476,0.0162019710735728,0.390409796608156,0.0139387727307171
9477,0.0141367553887332,0.39254996913147,0.0154146873247549
9478,0.03074405730783,0.372379478382286,0.0138955575779674
9479,0.021324522971649,0.370850744060823,0.0142679438884344
9480,0.0182243803284477,0.399609373329594,0.015185743661481
9481,0.0121026491372697,0.381454309979171,0.0148205141170334
9482,0.024037876709117,0.368501338301916,0.0123368728434063
9483,0.0222778924740615,0.395408180663186,0.0137686415519723
9484,0.0231081467345327,0.359894695609535,0.0208437416827916
9485,0.0193825454597504,0.395952994382792,0.0140074526989909
9486,0.014823175109197,0.388718640421152,0.0155893428462774
9487,0.0229226508989978,0.444478107527865,0.0144371032517987
9488,0.0236203435067875,0.397390674425953,0.010581458919455
9489,0.0212159514339223,0.37132813410118,0.0100891752791048
9490,0.0261738920137631,0.38908151455333,0.0124415818539901
9491,0.0251847943386069,0.398130759615313,0.0134983940699905
9492,0.0216283461781521,0.386630582781292,0.0163407307894123
9493,0.0263365379442418,0.391601547941087,0.0125087986543169
9494,0.020406081254688,0.396129161936811,0.0129484475978253
9495,0.0145354877063589,0.397594943646899,0.0147663441124284
9496,0.0190954366152342,0.346806067066051,0.0157496571494828
9497,0.0222356975355084,0.438521290878903,0.010590500162027
9498,0.0199249252533608,0.417127368930394,0.0102774097138434
9499,0.0248062459958295,0.416289172782771,0.0156043796665938
9500,0.0274891512107878,0.391667469364245,0.0135957736067027
9501,0.0131835152256266,0.352583029907528,0.0179473985881917
9502,0.0182544737117514,0.388601887221135,0.0118602401762712
9503,0.0217479170968427,0.393185229010419,0.0147215633555775
9504,0.0207544016666696,0.405744296065889,0.0152895266723215
9505,0.0211461621571149,0.385408073720646,0.015747924439154
9506,0.0249641022232174,0.388447093258612,0.0183069292615032
9507,0.0254326394147191,0.391531020931147,0.0135127988663486
9508,0.018897217352288,0.391326050501468,0.0131343709499271
9509,0.0175442494402912,0.395431429042604,0.0141179179139339
9510,0.0191562918363226,0.382838125504834,0.013199401626822
9511,0.0144245256289276,0.410047003534953,0.0211080330655764
9512,0.0208082731730646,0.373145226235096,0.0124243649335326
9513,0.0191703816936861,0.37806682922782,0.0133511221334175
9514,0.0204595313344374,0.397106216062275,0.0141347077657768
9515,0.0196936210254911,0.357723830236907,0.0163236268217136
9516,0.0196795079346118,0.389084834152995,0.0171471440430409
9517,0.018554250897854,0.39294082397169,0.0134238859238028
9518,0.0209501133148799,0.386048768861239,0.0126536091304991
9519,0.0205165175764515,0.368183675738913,0.014249106616226
9520,0.0168479730718469,0.397991270105503,0.0156458952793587
9521,0.0254824888689465,0.383467533577584,0.0138462476530615
9522,0.0160067864458286,0.377230883298885,0.01227649801267
9523,0.0231518721407613,0.303468146500134,0.0178440135390965
9524,0.0190714361140521,0.290900265858699,0.0174248500775945
9525,0.0255730030959823,0.282745293971779,0.0232070824008005
9526,0.02118857349086,0.216516019856,0.017163035737848
9527,0.0216942113045233,0.213824418464229,0.0231613421738882
9528,0.0211525600914846,0.252544888893678,0.0256158104498101
9529,0.0212492841006242,0.262263725987789,0.0267052809123751
9530,0.0183982371170981,0.293776315753255,0.0200084716340282
9531,0.0194437343623564,0.300316651761948,0.01197613180333
9532,0.0173810356645206,0.389452012828185,0.0113031077735964
9533,0.0211154539352714,0.377301220344485,0.0141350952422512
9534,0.0237916846482986,0.409656228337155,0.0140512461292132
9535,0.0227729102383618,0.306425794478101,0.0217836004315701
9536,0.0209931165518481,0.353084760986245,0.0121287509717414
9537,0.0236902759192729,0.289588661953269,0.0161892450430302
9538,0.0173542546316576,0.231277119067443,0.0209700457942873
9539,0.0265123458602732,0.2222576416781,0.019242274699116
9540,0.0230344576014964,0.23419744424895,0.0188642207652745
9541,0.0236870697886634,0.27534492168515,0.0145376949078748
9542,0.0169497026215871,0.265996726360227,0.0174509968026728
9543,0.0156763438822763,0.224604232389613,0.024295095308079
9544,0.0215356383992242,0.302865636887517,0.0139045851940083
9545,0.0199830122754984,0.381926414944924,0.013562795708091
9546,0.0186531104274289,0.379034668190906,0.0176970925194129
9547,0.0105621417925952,0.415229559359924,0.0112157008378431
9548,0.0175650615347263,0.392416860424567,0.0122026864293278
9549,0.0157009046282699,0.397029173604451,0.0111924661120776
9550,0.0152562723653781,0.37444280198644,0.0154473170891747
9551,0.0233227062335371,0.398556561122204,0.0141741654734333
9552,0.0231951949232651,0.395318151478223,0.0169114956967436
9553,0.0138975943087452,0.382675129946212,0.0150705712226611
9554,0.0197238657680244,0.3865004100781,0.0158500608195256
9555,0.0124125753348207,0.390884045468414,0.0138277092600931
9556,0.0200796411612067,0.389165193401188,0.0113367440764578
9557,0.0181853723100697,0.443067178589622,0.0121922673496314
9558,0.020278111586068,0.385389914183215,0.0123091864299303
9559,0.023910559906457,0.374156614746967,0.0146243514244806
9560,0.0149238223468006,0.386789739156046,0.0136777866309434
9561,0.0145366593586583,0.395225618194036,0.0143586952506505
9562,0.0237769225418283,0.397032382802212,0.0132321613554863
9563,0.0161815749988514,0.345193615839496,0.0217026634322014
9564,0.0253731881655263,0.387224252536271,0.016939102470649
9565,0.0274834536120781,0.403507173355178,0.0137297045958172
9566,0.0240604978869581,0.39496436620158,0.0124112056057839
9567,0.0172689258226718,0.444269040719931,0.0116150818158506
9568,0.0143644773091029,0.446742279988739,0.0158900868194284
9569,0.0171595959103472,0.406612764709426,0.0123308491859691
9570,0.0164862930666299,0.396168876878497,0.0101910572454469
9571,0.0145240531596134,0.394757912132315,0.0116091897251026
9572,0.0180933490855316,0.397156514114114,0.0121145761298619
9573,0.0237117288775604,0.379682572257144,0.015379004573712
9574,0.0176269166657273,0.410203391962423,0.0140684211683275
9575,0.0165512254188374,0.38931736829431,0.0147476314962534
9576,0.0189825543266741,0.373938676218684,0.018194560583752
9577,0.0122515466123469,0.374857090601766,0.0168397230587015
9578,0.0109999369941499,0.398226501591661,0.0134718783936063
9579,0.0170749420893346,0.393739341002916,0.0107248450272064
9580,0.0259902096320734,0.474831280722982,0.0137398184639325
9581,0.0197721756315235,0.436578509643639,0.0111875103222738
9582,0.0133841235680186,0.392939204857016,0.0149567020019104
9583,0.0141713810920579,0.394290804836403,0.0126538937854553
9584,0.0192873347498077,0.393092523219743,0.018085004634591
9585,0.0126775409218136,0.448059813798893,0.0151499293730368
9586,0.0194646185810874,0.390950565560954,0.018718787877647
9587,0.0221382290929583,0.395830905947882,0.0140822755350427
9588,0.0196510622692238,0.396050065144137,0.0158830113050148
9589,0.0263274704359093,0.380103585824151,0.0140546736890999
9590,0.021055059108152,0.430097406726113,0.0141058639882117
9591,0.0239938648103922,0.403519156200091,0.0117187179728759
9592,0.0172298186794968,0.397193777077198,0.0159724786902559
9593,0.0167991345753102,0.379902547701118,0.0128230758303441
9594,0.0238845959446175,0.398546003388776,0.0191010828141578
9595,0.0231623402456819,0.392345307804526,0.018573752428675
9596,0.0279984765692941,0.388317843356054,0.0153103909953663
9597,0.0219784208024542,0.397356564196498,0.0169030030884868
9598,0.0165377770135827,0.393914829657343,0.01069310567246
9599,0.0223950675391402,0.402726040896249,0.0147245168220468
9600,0.0151607982947006,0.371930873908357,0.0151302040589556
9601,0.0158188631574303,0.374738942760494,0.0107362945264383
9602,0.0169845429231186,0.471209158987853,0.0102433244190469
9603,0.010262054930092,0.446216351120855,0.0115409872536551
9604,0.0184209539803642,0.4440247491401,0.0113183496222391
9605,0.0236975520432093,0.39944188930554,0.0145809061672976
9606,0.0145423148510365,0.384689069411779,0.0189276292117529
9607,0.0224378741113148,0.397838075361725,0.0138027961113637
9608,0.0167722358787344,0.397726608568305,0.0147826185868485
9609,0.0171525363009521,0.398274980433261,0.0143523616361246
9610,0.0209449258412842,0.376949889228427,0.0142261988177936
9611,0.0257532674191693,0.376372791543567,0.0120296627900085
9612,0.0200347044771936,0.383806327632492,0.0163460094430696
9613,0.0182132266213204,0.443997739387472,0.0115454853795984
9614,0.0166436425528639,0.438709277732777,0.0103905546966
9615,0.0222247814618172,0.387191300644722,0.0165892554133129
9616,0.0179769929220668,0.391111787327854,0.0154450770994663
9617,0.0214061048170718,0.380026253483809,0.0140180017847219
9618,0.0175449797121336,0.398135160550129,0.0101526992954637
9619,0.0179553802248211,0.398476666565746,0.0124579435153076
9620,0.0266307706231174,0.447391397735178,0.0103548190416996
9621,0.0200204209704016,0.383554583011765,0.0183420380911162
9622,0.0173632333431508,0.393284306302826,0.0130563754743215
9623,0.0137208228483134,0.399601471128742,0.0155330552805223
9624,0.0170962869216867,0.391105800552809,0.0115863339326148
9625,0.00841148993452907,0.3844913528595,0.0139917071507625
9626,0.0152335223255595,0.398191379817392,0.014390454225748
9627,0.0172984777922576,0.392698336571391,0.0171363070495497
9628,0.0227142609547638,0.390975813060699,0.0159993179999688
9629,0.0134402181459346,0.401941762774568,0.0124976029982199
9630,0.0204909676264259,0.40968127949893,0.0131299775394993
9631,0.0177084065381949,0.382947643944404,0.0135409702496119
9632,0.0171832730612113,0.396327034188811,0.0138563565069931
9633,0.0200826694030492,0.390155082208212,0.0165605531491409
9634,0.0193743512817501,0.449037796217878,0.0121156382540683
9635,0.0101755944004477,0.436641085888818,0.0113622062621095
9636,0.0103657417571774,0.448752813435959,0.0125230304141869
9637,0.0172475078873979,0.439898267913161,0.00968726189708501
9638,0.0150562999431007,0.442222439274099,0.00874305731849409
9639,0.0137058563592482,0.392997075756348,0.0127471542769036
9640,0.0178541809489433,0.418800096681481,0.0127256610380647
9641,0.0211396852183475,0.398063024987152,0.0143544437985826
9642,0.0222808682496829,0.39474740629639,0.0133300494291124
9643,0.0155301192151562,0.380841971977242,0.0179648875675262
9644,0.0214612049887627,0.380636302587351,0.0125500161346253
9645,0.0226651073361378,0.395591478239192,0.0144068695009578
9646,0.0195046882750576,0.377645719545326,0.0158499245895905
9647,0.0197899089150462,0.442022617996676,0.013514765115478
9648,0.0185727092038787,0.445976266461176,0.0100976367722433
9649,0.0189130362270073,0.348598328380123,0.012864426857317
9650,0.0210745138948037,0.382410611965432,0.0177864552070288
9651,0.0172675609217985,0.388359652511402,0.0115008496203888
9652,0.0160650072754956,0.426354694635585,0.0166720370062901
9653,0.00994334461872325,0.395077053941446,0.0164777098836514
9654,0.0176405309032225,0.396243638827933,0.0156181601018772
9655,0.0204079808135636,0.39299652924303,0.0126399764014579
9656,0.0191903658640297,0.379814724796183,0.0169702448781736
9657,0.0204746644629336,0.387712904964103,0.0180403800958855
9658,0.0111543210173149,0.377218316803065,0.0160880238100762
9659,0.0179933680966908,0.388734457164684,0.0141942114740177
9660,0.0200510777506155,0.390789753563235,0.0192063921700227
9661,0.0173631760119342,0.396738721028736,0.0117390653542594
9662,0.00661361158005082,0.40805188465632,0.0141033880245435
9663,0.0233461205262698,0.381414407687299,0.0146965674875576
9664,0.0232641223819857,0.374078204802265,0.0140164094440904
9665,0.0258524293665557,0.385961596518722,0.00902608518935506
9666,0.025754017470349,0.399392793652504,0.0105035676824259
9667,0.01778783456098,0.396180228451134,0.0130031472415157
9668,0.0190448143928057,0.368436373151982,0.01568974163309
9669,0.0143482859502377,0.371981247772574,0.0140449974695871
9670,0.0166516845069734,0.429673784753417,0.00804840524463181
9671,0.022705254151192,0.449767848139982,0.0127772982011224
9672,0.022565642755709,0.386939618521263,0.0154895159816206
9673,0.0175045189889872,0.379525809217058,0.0113060727459818
9674,0.0260997533424553,0.389720429304128,0.017971411141015
9675,0.0205162133032446,0.399087034671946,0.0135739103216438
9676,0.0255561071261712,0.385211847777715,0.0152063606090916
9677,0.0192389217843002,0.411561957179562,0.0127221917101626
9678,0.0174663279520194,0.391142307225717,0.0140435833919509
9679,0.0119926163528162,0.38686707576541,0.0151569903750857
9680,0.0107802000850593,0.393380380522121,0.0143108678124328
9681,0.0187020239743895,0.414270140807635,0.0119483731320929
9682,0.0130066440296564,0.408256362149738,0.0121947875707636
9683,0.0209497020181198,0.38288756670093,0.0155015346526209
9684,0.0181994564483407,0.398114473442326,0.0154525733211636
9685,0.0136921998109524,0.373930844920827,0.0184754825417867
9686,0.0241274436874739,0.396284045615362,0.0150736535473805
9687,0.0204621987334157,0.41998983617666,0.0135995409285279
9688,0.0235066677547546,0.369484559984483,0.0159778210399656
9689,0.0183418254805453,0.352351577152553,0.0157031596018155
9690,0.0212666372491356,0.397393688516235,0.0196104497579943
9691,0.0153340952231175,0.396809916841332,0.013270346940388
9692,0.0183037863794469,0.387914579249838,0.0144121556730301
9693,0.0177139306868251,0.407606378275001,0.0101249729253969
9694,0.0203037244926728,0.402877005080274,0.0164842617203476
9695,0.0162962301843647,0.391187747136983,0.0106180616392765
9696,0.0170041106208328,0.445074071223417,0.0150850237280379
9697,0.0220413333092916,0.393532971542605,0.0143645972267975
9698,0.0236218837306701,0.387800981229675,0.0130253007647959
9699,0.0161220065328667,0.372579919814642,0.0148211145744985
9700,0.0196580354925681,0.391759863341041,0.0128389587019761
9701,0.0146949312293754,0.395456647705309,0.0105968877970249
9702,0.0141261216595931,0.425089143135604,0.00915545649595172
9703,0.0114966903591413,0.387958441320731,0.0115187732113492
9704,0.0187059563798171,0.425418499219009,0.0122313765678525
9705,0.0233682636112163,0.445612293175482,0.0123439599432065
9706,0.0192856975188887,0.446537035041903,0.00909116648025622
9707,0.0188391824008481,0.392601222717125,0.0102854932557241
9708,0.00684673140420238,0.385874931773849,0.018029797329204
9709,0.022664225713998,0.384978552945225,0.0133341241176214
9710,0.0210068906729123,0.409979338662754,0.0135596760752461
9711,0.0144657422036339,0.435246441547662,0.0112270954569665
9712,0.0235314173957175,0.399525150116339,0.0140680840485983
9713,0.0207577709530128,0.375430753028003,0.0122261675064776
9714,0.0186480284182411,0.399459676034788,0.0142490086823112
9715,0.021146088699049,0.370727177372283,0.0125001401866239
9716,0.00764484422824737,0.436319133928118,0.0172296941384244
9717,0.0149500600759444,0.408033856096153,0.0176048986762407
9718,0.0176296978597836,0.400403150644644,0.0139063866869512
9719,0.0196625188662475,0.390918975788326,0.0145553983752653
9720,0.0152023343192271,0.433954974131989,0.0133216046799904
9721,0.0165719117219058,0.379486164899478,0.0121763150452685
9722,0.0157513921880958,0.387812490861475,0.0166072106500231
9723,0.0146544545095934,0.391378554924089,0.0141646219360664
9724,0.0156798363025765,0.383947557134549,0.0141546077009862
9725,0.0211796639769422,0.383946320632655,0.0129187011957957
9726,0.0154003212696198,0.395448608049285,0.0189124097731823
9727,0.0124155626872494,0.444287363556747,0.0092679290663312
9728,0.0150552003578484,0.372218156847172,0.0122547137827281
9729,0.0179095456498712,0.374184138802779,0.0145388239641636
9730,0.0211100843254874,0.407831778471644,0.0179901769189573
9731,0.0202596583134949,0.391059721884184,0.0123460641526152
9732,0.0206670948653368,0.375095391052169,0.0148083988576522
9733,0.017255459879723,0.351838370888272,0.0212432553937835
9734,0.0258809589810041,0.438575448992933,0.0139361622270612
9735,0.0213322239859724,0.403619557676286,0.0134806059711984
9736,0.0196277497957786,0.395954451648398,0.0111404064437205
9737,0.0217167921854555,0.294036469721036,0.0136493399914131
9738,0.0191094155156426,0.41610882646055,0.0139761439019725
9739,0.0174237477789716,0.429129142550455,0.0159735406065678
9740,0.0167421097858753,0.439056609322744,0.0125496449658378
9741,0.0156641348545708,0.400514946398353,0.0157143802864364
9742,0.0204229867814101,0.363239681235265,0.0162635177135032
9743,0.0224877802809721,0.398920287106991,0.0130152887862184
9744,0.0261473259591502,0.398310272682231,0.0104559223081524
9745,0.018974655846182,0.383122208869896,0.0149663395580861
9746,0.0243710619557636,0.394940815806873,0.0124354241681831
9747,0.0214099591765981,0.369243640128095,0.0120898980490434
9748,0.0212528690896213,0.381640961054084,0.0162241376162057
9749,0.0187059881384692,0.396672495011136,0.0113852621675212
9750,0.0210898947647624,0.387041732100723,0.0130362796028312
9751,0.0156214239013285,0.387178483145775,0.0140618392176072
9752,0.0205610378457545,0.431407436310505,0.0120896844359647
9753,0.0205871245490447,0.433380335246412,0.0135039342702214
9754,0.0159003340436343,0.447003428481388,0.0121637112474984
9755,0.0203542041079485,0.44871161597799,0.0119876585808698
9756,0.0133959352737138,0.426216307179624,0.0129379630129689
9757,0.0182066892928543,0.442901575399993,0.0117696557149935
9758,0.0231881633958267,0.418495317662136,0.0128569936605531
9759,0.0181118157531287,0.404326233297545,0.0204072353793301
9760,0.0164807415692741,0.37255988143308,0.0176037733081554
9761,0.0268510983119104,0.399211566357151,0.0167985099871173
9762,0.0224411974263101,0.439158654917577,0.013838648850751
9763,0.017438697017286,0.341277525851025,0.0163842438055101
9764,0.00709811187580402,0.382034672778012,0.012905919076866
9765,0.0200888491874269,0.399074322174317,0.0137025827826814
9766,0.0178463723173458,0.381750575396094,0.0152671151287765
9767,0.0185251242218867,0.384401483687747,0.0108819704194885
9768,0.0196442114135593,0.398562444726511,0.00999276611308649
9769,0.0174496600591633,0.377227774157333,0.0153194529776701
9770,0.0200252890936001,0.429595219017178,0.012952883592855
9771,0.0139548277954603,0.383101317942159,0.0165367565135664
9772,0.0178916570183702,0.38680381480666,0.0169990141548333
9773,0.0159953980695872,0.378501561519801,0.0172161532151613
9774,0.0190422226321886,0.390856669323711,0.0139956600697012
9775,0.0205804446668972,0.390652884080606,0.0155274500515292
9776,0.0141055279155846,0.386408499259308,0.0154783506083248
9777,0.0249620098060955,0.397583882431472,0.0115466699680898
9778,0.0188200091264206,0.394799299227395,0.0166125364058671
9779,0.0196847009546442,0.383336435022969,0.0144849465585706
9780,0.0196210883626272,0.356348176787647,0.0127434811857821
9781,0.0198955346886986,0.375881284210527,0.0132393073272306
9782,0.0261315393604837,0.398403974299195,0.0126001567640049
9783,0.0109221227648436,0.425830348706482,0.00918467938288149
9784,0.0150164530263169,0.391151628598502,0.0160726746252626
9785,0.0242684479573994,0.390103823111556,0.013120832712389
9786,0.0191490090693496,0.387485871054591,0.0125786270542334
9787,0.0198021766386802,0.392246943779868,0.0203991681651804
9788,0.021696440918489,0.389490999814809,0.0141282084795738
9789,0.0269386342826929,0.44110792592071,0.0141636502305855
9790,0.0172951371834967,0.382385398669914,0.0177977046765938
9791,0.0207066338060692,0.378886417849814,0.0174017077807558
9792,0.0199273751959266,0.359268482828741,0.0134105846259537
9793,0.0184678016219652,0.383460372224877,0.0180753645443732
9794,0.0201858123247197,0.441616231584419,0.0118322695600469
9795,0.0169563905568999,0.440771505288578,0.0147227875215912
9796,0.0153584936117337,0.443497968033431,0.0135640309280778
9797,0.0207256220882622,0.423198826195701,0.0104905876245404
9798,0.016626632140427,0.400028011463091,0.0188483405275573
9799,0.0158981089082277,0.388056551100401,0.0147798836257621
9800,0.0167977042566752,0.383041578270873,0.0159413718266465
9801,0.0168580815761673,0.392091062594817,0.0142193611108522
9802,0.0194415184310027,0.439586824546849,0.0093165879569927
9803,0.0152397911119166,0.416991920113664,0.0168183576770815
9804,0.0148264969770889,0.441024272595315,0.0112745444990487
9805,0.0180032854078699,0.382165355452183,0.0113950386499784
9806,0.0254101338379224,0.372383482819698,0.0119467303121757
9807,0.0171752902291295,0.380148085012946,0.0130943458064897
9808,0.0293906997395087,0.380558906092864,0.0107325956373841
9809,0.0210056730976432,0.390111764177378,0.0163550460642634
9810,0.0212308022617498,0.372644756928731,0.0128117331712683
9811,0.0212812774974599,0.395337718279147,0.0128046772828705
9812,0.0144825731242534,0.419530794865884,0.0144172183596478
9813,0.0215366666719106,0.383368189261277,0.0148253835930827
9814,0.0208102697758719,0.379676844114316,0.0148770507964992
9815,0.021288054274874,0.44008496797993,0.015492835031116
9816,0.0256816727034932,0.440921069147357,0.011138562806146
9817,0.00805491158435386,0.44307953762499,0.0134538210791288
9818,0.0161742875529473,0.38923531105362,0.013113713836643
9819,0.0169262083372842,0.39061578246603,0.0136104487826701
9820,0.0143742226928348,0.374504374689885,0.0148869097315326
9821,0.0173447345377762,0.375149052315281,0.0178654146500508
9822,0.0247023731618114,0.381284503468652,0.0115023901367674
9823,0.0184167629287701,0.36923051201115,0.014035919835279
9824,0.0246259894650497,0.386150274957131,0.0144392187442263
9825,0.0139546825267767,0.393500302798259,0.0139482744276206
9826,0.0211578819500221,0.3855320553371,0.016563998696272
9827,0.0229189097830088,0.381028190667071,0.0150437997470985
9828,0.0149984738142171,0.385460332547351,0.0177301934330866
9829,0.0189444671345289,0.387821799670748,0.0130443295767127
9830,0.0125561075481046,0.38736542754654,0.0141533643515915
9831,0.0184457158978866,0.394005821128762,0.0123163995084407
9832,0.0196836081413403,0.395029590979314,0.0113999476927739
9833,0.0191015914002092,0.340839130821477,0.0153902613471314
9834,0.0172311109426088,0.395115661996153,0.0121443628666632
9835,0.0172932835084512,0.376054103179319,0.0134132820522559
9836,0.0161214138293418,0.383696504499987,0.0134811405145682
9837,0.0247474704520098,0.391165883099275,0.0141134933365731
9838,0.0186302990245907,0.384338170177935,0.0152399989817046
9839,0.0157684920066103,0.390933007261165,0.0161223785192646
9840,0.0170879750676207,0.410798719202033,0.0172872407529231
9841,0.0217304040174812,0.426305845484439,0.0100194968484208
9842,0.0194412000859223,0.39100185774587,0.0109046896377965
9843,0.0189146725643343,0.378742820046015,0.0159792044529586
9844,0.0152951928898018,0.426213051069578,0.015112578183533
9845,0.0183070916365883,0.394775501009519,0.012461554345952
9846,0.0155186543045463,0.388005345199779,0.012505293373419
9847,0.025348863134228,0.379741864562398,0.0167534270316908
9848,0.0199290285106701,0.434305648858029,0.0153182060016486
9849,0.0169711045989897,0.438702165129287,0.0137967293122312
9850,0.0249151222173266,0.433672158918359,0.011866493623357
9851,0.0159081559082578,0.379706213724643,0.0164544548412056
9852,0.0178493159833027,0.436890914575341,0.0115727014484197
9853,0.0161324766050468,0.431544167469738,0.00895376571027647
9854,0.0181991934685844,0.448974106948415,0.0116550483262359
9855,0.0181228370056068,0.402497343273756,0.0154281226035204
9856,0.0285056995911664,0.392599487659024,0.0125649506145974
9857,0.0191681438255033,0.382403222690612,0.0180549493694041
9858,0.0168316572044164,0.391930333991501,0.0174723331817918
9859,0.0209327822141566,0.385217422059569,0.0141985810741986
9860,0.0282428842837127,0.39578894716211,0.0170647759685078
9861,0.0220319122795537,0.37172177280999,0.0137190890228732
9862,0.0122320316860271,0.444396108083957,0.0119298879340009
9863,0.0207634774413012,0.440202089483767,0.0116628339558425
9864,0.00671142409289112,0.479191628211306,0.0109761111618639
9865,0.0142963953762461,0.436704691906529,0.0114987055254719
9866,0.00961966195318353,0.393525508010024,0.018489926609961
9867,0.0229862320544374,0.392717633077783,0.0146178949296763
9868,0.0145617157571853,0.397130996277169,0.0139387748456084
9869,0.018107374420315,0.357668292094905,0.0156334341306905
9870,0.0149671390904254,0.35200577258122,0.0188943004839247
9871,0.0223905176351653,0.237433035147558,0.0196241842780613
9872,0.0179635968893248,0.263490482126868,0.0235941827512144
9873,0.0167751092508668,0.281609423136053,0.0144553659651648
9874,0.0152008926935463,0.381451441148501,0.0174459684209867
9875,0.0254342070179124,0.394507078810194,0.0161117824828638
9876,0.0278228866306806,0.441372807839037,0.0138720560758236
9877,0.0271759560327383,0.387579897407774,0.0174331710423784
9878,0.0160640532161005,0.385956929314341,0.0130198443997223
9879,0.0207074464823066,0.396425628452009,0.0140936289327842
9880,0.0204453707638433,0.389836756263009,0.0166558516580606
9881,0.0165157243689101,0.395188804222975,0.0176502634542014
9882,0.0179562132339752,0.397402820232423,0.0154355053112084
9883,0.0145437506815263,0.375180747309475,0.0161712184338828
9884,0.0233395125521268,0.393682923953151,0.0115783661094123
9885,0.0157113016652652,0.387511265889254,0.0134151395527663
9886,0.0132832613409043,0.30835166773854,0.0152984086976276
9887,0.0212062689052518,0.3625493852555,0.0138190521020189
9888,0.0180137720628309,0.410683906473702,0.00949160583055729
9889,0.0165147090200176,0.375617684338397,0.014524292058435
9890,0.0222649209305825,0.398354007352975,0.0103454801727255
9891,0.0216429891800233,0.394340086912635,0.0131091065917883
9892,0.0157210547187714,0.294180246226,0.01426859716449
9893,0.0151807411337198,0.28595874213872,0.0205601855474806
9894,0.0190976169985923,0.284266568060684,0.0204247278444994
9895,0.0213673941313334,0.229587831967301,0.018137920399924
9896,0.0151979883445869,0.322204161717645,0.0166077594931399
9897,0.0174328617634126,0.275752942957806,0.0186963121862181
9898,0.0269604670189562,0.289358694479876,0.0169221181479099
9899,0.00981532366661289,0.315965513446695,0.016288159712498
9900,0.0212806319416701,0.294319499675367,0.0180331618234571
9901,0.023009832223549,0.216726926603292,0.020826362858758
9902,0.0218257823317925,0.228440619983497,0.0178089533612122
9903,0.0192609899606067,0.207397809362128,0.0201402461515485
9904,0.0163106226816682,0.230468420876675,0.0185726676144614
9905,0.0212449303608982,0.283479395406685,0.018568877186741
9906,0.0248829920024299,0.292258817736152,0.0209150948977958
9907,0.0186008904979598,0.291174720616697,0.017202719594971
9908,0.0252391901252459,0.303893264192963,0.0180394905822949
9909,0.020235193845153,0.276531169580338,0.019625714164216
9910,0.0234807290659655,0.278851361599524,0.0161641827957602
9911,0.0180126577731897,0.217703430692645,0.0172705515922091
9912,0.0167129098355105,0.247162787750791,0.0268965885369669
9913,0.0237659661171338,0.24377366009902,0.0268096074166891
9914,0.0261951407873868,0.26283671936564,0.0164716078593879
9915,0.0206623232310708,0.299413533739263,0.0187325001054474
9916,0.0241711207242849,0.387654740752252,0.0140267901640389
9917,0.0139434878458644,0.395890571405008,0.0140060444324488
9918,0.0303161466980909,0.387288190115364,0.0144461763059248
9919,0.018181233538974,0.382546724504834,0.0178045994918652
9920,0.0151881838955247,0.399271820014114,0.0102817237946267
9921,0.0157262080004776,0.373601278251383,0.0146334102101328
9922,0.0247309936958867,0.43223401567904,0.0120157050200581
9923,0.0211093693232077,0.388903259181617,0.0162767881795558
9924,0.00952914302631117,0.396839418147017,0.0120079175763543
9925,0.0165029919480264,0.394974222320971,0.0136207273242329
9926,0.0224173681422666,0.278300397903233,0.0152714829679575
9927,0.0188013841855965,0.285018966971792,0.0236820960355036
9928,0.017510646362519,0.213769062926321,0.0199141229114432
9929,0.0184798179422279,0.214095481542751,0.0228471079355396
9930,0.0264776465689016,0.228000221892751,0.0189130752653063
9931,0.0280767876810554,0.245808506597387,0.0226596003359171
9932,0.0213785448026174,0.27945723387038,0.0204898173123896
9933,0.0209947938123939,0.21773726536268,0.0200992439534455
9934,0.020539606028406,0.213142631762977,0.0186106851705767
9935,0.0168932966988763,0.281601681181639,0.0198642798510272
9936,0.015737267070345,0.27575139348954,0.016377328793025
9937,0.021526350149401,0.218951519083901,0.0191185137848144
9938,0.0179978264064567,0.224971309187566,0.0221698489171363
9939,0.0164038365338285,0.227058001626251,0.0252694958359624
9940,0.0264117093502508,0.275543856740278,0.0199814688188384
9941,0.0148727283936542,0.234202238721215,0.0231756186979598
9942,0.0244333875630199,0.228511645547281,0.015113802159278
9943,0.0127311120782497,0.222858763997431,0.0184158010542713
9944,0.0175094988896032,0.258342903491256,0.0206264220849215
9945,0.0208305246116667,0.296810891335086,0.0164076259811848
9946,0.0137350054604763,0.273446082708226,0.0198324382281211
9947,0.0210097173516388,0.221962852502793,0.0199309160767859
9948,0.0257883136492448,0.246980462934398,0.0221684800870691
9949,0.0259951621451846,0.245963160923729,0.025494094037933
9950,0.0191219419471305,0.227639150822473,0.0183606976823235
9951,0.0220745848992453,0.352883019474255,0.0165485661713984
9952,0.0186785477644519,0.385385394679517,0.0184105319885237
9953,0.0168018954150075,0.44217990447231,0.0127386507207846
9954,0.0163889130763181,0.406558299288716,0.0113718380102613
9955,0.014054490980442,0.357396875669252,0.0161091607915592
9956,0.0144029642143532,0.396405402507857,0.0120637881103561
9957,0.0237173883602592,0.438615038457799,0.0094519323806202
9958,0.0151529936759364,0.398149584921634,0.0108899952689071
9959,0.0204756296830076,0.398459265921453,0.0150053027435135
9960,0.01823673395262,0.390618187970626,0.0127989684136685
9961,0.0159008404575408,0.397014605695115,0.0164538426560835
9962,0.0137182256079039,0.376849142669712,0.0126868520874161
9963,0.0221917801169196,0.38570044911618,0.0155778399756907
9964,0.0227002552406732,0.383446554599772,0.0131566605036334
9965,0.0226235361642457,0.404584928365236,0.0117905681448561
9966,0.0246420176780637,0.401464000630447,0.0142527233726293
9967,0.0226104209616758,0.342727162374154,0.01705060074677
9968,0.0191519263265891,0.410611164339409,0.0167614243492063
9969,0.0235610496734979,0.372683370922526,0.0140058603023112
9970,0.019763620544012,0.399673212564041,0.0144588904711477
9971,0.0188838817089088,0.381071088075113,0.0128770042298592
9972,0.0138839310718135,0.397165581931111,0.0132096270079418
9973,0.0256887005873983,0.388159271610161,0.0141899568005725
9974,0.0138766046768152,0.285484380938624,0.0155098684724999
9975,0.0206124684323903,0.375132747516736,0.0165886330290282
9976,0.0247231145613067,0.361647738922558,0.0159771180706821
9977,0.0197563907575959,0.302474304636953,0.0168191788687146
9978,0.0212960145087813,0.294497687986965,0.014523938849289
9979,0.0264316287319151,0.303512192024379,0.014747731504634
9980,0.017966658146961,0.304953745843743,0.0177285581731903
9981,0.0245483253050867,0.30400304362094,0.0178684707308063
9982,0.0223591314740195,0.378347661275114,0.0132627316044146
9983,0.0176384247251289,0.445035325511497,0.0118072077077491
9984,0.0144818554572235,0.343944797171913,0.0204812915217282
9985,0.0211647288347462,0.28611202971906,0.0184428649260538
9986,0.0240650191947297,0.279147431123159,0.0151603939364827
9987,0.0161991599911072,0.290005149479783,0.0227038844628107
9988,0.01636574120621,0.274042396245409,0.0220919633059733
9989,0.0233136300432356,0.212722286131124,0.0217876048405116
9990,0.0262407793780705,0.212099127478515,0.0180557868175103
9991,0.0260551977634889,0.287271576187146,0.0197096900617341
9992,0.0244580058668212,0.253962224410268,0.0199749513136798
9993,0.0161048085073415,0.388596053022296,0.0137526536991619
9994,0.016490449370454,0.415386869704744,0.0154654152306717
9995,0.0159909793678792,0.426548778519496,0.0110401469967759
9996,0.0150124284244869,0.447129381152615,0.0137032129739028
9997,0.0242482027728133,0.432335385665444,0.0112340855492425
9998,0.0199717983477691,0.395866232834976,0.0150676678185375
9999,0.0217497640121242,0.393842536136913,0.0174699207644515
10000,0.0222283840400742,0.383051118074993,0.0134287709715827
